balanced_accuracy,binary_auroc,difference_from_full,full_balanced_accuracy,k,layer,lm_seed,macro_f1,size,sparse_seed,status,task
0.5154119032490309,0.5193349471785879,-0.08263926431139046,0.5980511675604213,4,0,0,0.4889213347188756,up_to_four,0,passed,coordinate_current_iid
0.5154119032490309,0.5193349471785879,-0.08263926431139046,0.5980511675604213,4,0,0,0.4889213347188756,single,0,passed,coordinate_current_iid
0.5,0.6045030008995899,0.0,0.5,4,0,0,0.34615889691398555,up_to_four,0,passed,coordinate_current_transfer
0.5129868973347141,0.5192956839764851,0.012986897334714143,0.5,4,0,0,0.4807153144229648,single,0,passed,coordinate_current_transfer
0.5169995031326431,0.5413326668405645,-0.0821737433025963,0.5991732464352394,4,0,0,0.4973799368240449,up_to_four,0,passed,coordinate_previous_iid
0.5033930278528621,0.5166608412057884,-0.09578021858237729,0.5991732464352394,4,0,0,0.49742507006082765,single,0,passed,coordinate_previous_iid
0.5,0.5252883961643775,0.0,0.5,4,0,0,0.32441082339249344,up_to_four,0,passed,coordinate_previous_transfer
0.5058849536151225,0.5107474708445875,0.0058849536151225346,0.5,4,0,0,0.5057519876466483,single,0,passed,coordinate_previous_transfer
1.0,,0.0,1.0,4,0,0,1.0,up_to_four,0,passed,coordinate_query_iid
0.841321243523316,,-0.15867875647668395,1.0,4,0,0,0.8234221154884764,single,0,passed,coordinate_query_iid
0.5406946463175566,0.5539863984696594,-0.07842743255611151,0.6191220788736681,4,0,0,0.5406835282690019,up_to_four,0,passed,coordinate_A_iid
0.5113987522041872,0.5255673841962581,-0.10772332666948092,0.6191220788736681,4,0,0,0.44801881098689156,single,0,passed,coordinate_A_iid
0.5230327667281831,0.5447174573741309,-0.09021671122029329,0.6132494779484764,4,0,0,0.5025568805781351,up_to_four,0,passed,coordinate_B_iid
0.5142457666316418,0.5265640542370027,-0.09900371131683461,0.6132494779484764,4,0,0,0.5060863437278497,single,0,passed,coordinate_B_iid
0.5316430009107062,0.5498005715846862,-0.0841183886588458,0.615761389569552,4,0,0,0.51587047462724,up_to_four,0,passed,coordinate_C_iid
0.5110264526399053,0.5203301419033322,-0.10473493692964664,0.615761389569552,4,0,0,0.43891803106595695,single,0,passed,coordinate_C_iid
0.531946783612239,0.535573214670235,-0.09118316388786352,0.6231299475001025,4,0,0,0.5282918187445305,up_to_four,0,passed,coordinate_D_iid
0.5127694529039006,0.5226044318257557,-0.1103604945962019,0.6231299475001025,4,0,0,0.5070791794974436,single,0,passed,coordinate_D_iid
0.07004370472462541,,-0.03933409913832135,0.10937780386294677,4,0,0,0.02100449172891617,up_to_four,0,passed,coordinate_state_iid
0.07007969455950552,,-0.03929810930344124,0.10937780386294677,4,0,0,0.021028881423100127,single,0,passed,coordinate_state_iid
0.516240750728284,0.5229627662368275,-0.0818104168321373,0.5980511675604213,4,0,0,0.508141076573049,up_to_four,0,passed,coordinate_128_current_iid
0.5103154360352651,0.5212187897129394,-0.08773573152515624,0.5980511675604213,4,0,0,0.46789542278489715,single,0,passed,coordinate_128_current_iid
0.5063588178262568,0.5301856432196896,0.006358817826256802,0.5,4,0,0,0.4601284697220921,up_to_four,0,passed,coordinate_128_current_transfer
0.5,0.5298980853438098,0.0,0.5,4,0,0,0.34615889691398555,single,0,passed,coordinate_128_current_transfer
0.5301442832137007,0.5540843639895758,-0.06902896322153873,0.5991732464352394,4,0,0,0.5261572887711572,up_to_four,0,passed,coordinate_128_previous_iid
0.5006437394077937,0.516733073456579,-0.09852950702744567,0.5991732464352394,4,0,0,0.46900982674396774,single,0,passed,coordinate_128_previous_iid
0.5,0.5326412444596357,0.0,0.5,4,0,0,0.32441082339249344,up_to_four,0,passed,coordinate_128_previous_transfer
0.5,0.5141079131077683,0.0,0.5,4,0,0,0.34202323604420515,single,0,passed,coordinate_128_previous_transfer
1.0,,0.0,1.0,4,0,0,1.0,up_to_four,0,passed,coordinate_128_query_iid
0.841321243523316,,-0.15867875647668395,1.0,4,0,0,0.8234221154884764,single,0,passed,coordinate_128_query_iid
0.5231063416151437,0.5343148753663209,-0.09601573725852441,0.6191220788736681,4,0,0,0.5229669602555457,up_to_four,0,passed,coordinate_128_A_iid
0.5077261105739006,0.5144228722383776,-0.1113959682997675,0.6191220788736681,4,0,0,0.49920136073014665,single,0,passed,coordinate_128_A_iid
0.5309675856555948,0.5421475453772163,-0.08228189229288163,0.6132494779484764,4,0,0,0.5285724094200703,up_to_four,0,passed,coordinate_128_B_iid
0.5094519823868949,0.5131476242673148,-0.10379749556158147,0.6132494779484764,4,0,0,0.48579010491374586,single,0,passed,coordinate_128_B_iid
0.5155940989297866,0.5322157936448497,-0.10016729063976537,0.615761389569552,4,0,0,0.4107572800625008,up_to_four,0,passed,coordinate_128_C_iid
0.5001515810162506,0.5191633255923928,-0.11560980855330139,0.615761389569552,4,0,0,0.33515514476611896,single,0,passed,coordinate_128_C_iid
0.5304252030269472,0.5412158261203652,-0.09270474447315535,0.6231299475001025,4,0,0,0.5297912165381451,up_to_four,0,passed,coordinate_128_D_iid
0.5119920801546286,0.5251342177630635,-0.11113786734547393,0.6231299475001025,4,0,0,0.5014684907555347,single,0,passed,coordinate_128_D_iid
0.07791616665005806,,-0.03146163721288871,0.10937780386294677,4,0,0,0.0235126351566771,up_to_four,0,passed,coordinate_128_state_iid
0.06721594647504116,,-0.04216185738790561,0.10937780386294677,4,0,0,0.020013135906004585,single,0,passed,coordinate_128_state_iid
0.5059336415996885,0.5192351644147722,-0.09211752596073286,0.5980511675604213,4,0,0,0.4928831705819355,up_to_four,0,passed,random_current_iid
0.5020549044199221,0.5142240980358749,-0.09599626314049925,0.5980511675604213,4,0,0,0.44592589363471313,single,0,passed,random_current_iid
0.5,0.566891207917945,0.0,0.5,4,0,0,0.34615889691398555,up_to_four,0,passed,random_current_transfer
0.5,0.5582690052116627,0.0,0.5,4,0,0,0.34615889691398555,single,0,passed,random_current_transfer
0.5183813209281616,0.5181585793219349,-0.08079192550707781,0.5991732464352394,4,0,0,0.5179197524043165,up_to_four,0,passed,random_previous_iid
0.5069607560235785,0.515471338674744,-0.09221249041166091,0.5991732464352394,4,0,0,0.5038117636465093,single,0,passed,random_previous_iid
0.5,0.5465685964905763,0.0,0.5,4,0,0,0.34202323604420515,up_to_four,0,passed,random_previous_transfer
0.5,0.5477899844331088,0.0,0.5,4,0,0,0.34202323604420515,single,0,passed,random_previous_transfer
1.0,,0.0,1.0,4,0,0,1.0,up_to_four,0,passed,random_query_iid
0.9694932908462921,,-0.0305067091537079,1.0,4,0,0,0.9693795642110086,single,0,passed,random_query_iid
0.5541689889644967,0.5737795484651181,-0.06495308990917137,0.6191220788736681,4,0,0,0.5531345744330427,up_to_four,0,passed,random_A_iid
0.5106190037003706,0.5251598039718858,-0.10850307517329749,0.6191220788736681,4,0,0,0.5086337531224165,single,0,passed,random_A_iid
0.5645362430958156,0.5874113997352879,-0.04871323485266077,0.6132494779484764,4,0,0,0.5644614563779258,up_to_four,0,passed,random_B_iid
0.5115094889858856,0.5176173277077876,-0.10173998896259084,0.6132494779484764,4,0,0,0.5043644824421118,single,0,passed,random_B_iid
0.5437281555704946,0.5752580519920836,-0.07203323399905737,0.615761389569552,4,0,0,0.5342045069562762,up_to_four,0,passed,random_C_iid
0.5041364141742786,0.5157293792990644,-0.11162497539527338,0.615761389569552,4,0,0,0.3705709472793284,single,0,passed,random_C_iid
0.511474098683401,0.5402934069434191,-0.11165584881670154,0.6231299475001025,4,0,0,0.3858546147408964,up_to_four,0,passed,random_D_iid
0.5149931042615151,0.5228626615307514,-0.10813684323858741,0.6231299475001025,4,0,0,0.492326979261163,single,0,passed,random_D_iid
0.08843708684724502,,-0.020940717015701743,0.10937780386294677,4,0,0,0.02666922121374363,up_to_four,0,passed,random_state_iid
0.0698467952898192,,-0.039531008573127566,0.10937780386294677,4,0,0,0.020728720837010172,single,0,passed,random_state_iid
0.5414054633475189,0.5530092079574482,-0.05664570421290238,0.5980511675604213,4,0,0,0.5293241961207125,up_to_four,0,passed,random_128_current_iid
0.5,0.5546931646985276,-0.09805116756042132,0.5980511675604213,4,0,0,0.33967247754886426,single,0,passed,random_128_current_iid
0.5,0.5599292633531451,0.0,0.5,4,0,0,0.34615889691398555,up_to_four,0,passed,random_128_current_transfer
0.5,0.5582690052116627,0.0,0.5,4,0,0,0.34615889691398555,single,0,passed,random_128_current_transfer
0.5080176181797796,0.519186273759249,-0.09115562825545975,0.5991732464352394,4,0,0,0.5065491779243814,up_to_four,0,passed,random_128_previous_iid
0.5021899575982658,0.5102924519924866,-0.0969832888369736,0.5991732464352394,4,0,0,0.4794409157412187,single,0,passed,random_128_previous_iid
0.5,0.5632940879250709,0.0,0.5,4,0,0,0.34202323604420515,up_to_four,0,passed,random_128_previous_transfer
0.5,0.5477899844331088,0.0,0.5,4,0,0,0.34202323604420515,single,0,passed,random_128_previous_transfer
1.0,,0.0,1.0,4,0,0,1.0,up_to_four,0,passed,random_128_query_iid
0.9694932908462921,,-0.0305067091537079,1.0,4,0,0,0.9693795642110086,single,0,passed,random_128_query_iid
0.5302650602346922,0.5490041405297733,-0.08885701863897588,0.6191220788736681,4,0,0,0.5200887838849347,up_to_four,0,passed,random_128_A_iid
0.5069029017283442,0.5201262925597647,-0.11221917714532392,0.6191220788736681,4,0,0,0.4990791985239492,single,0,passed,random_128_A_iid
0.5713543328555366,0.5994889994942388,-0.04189514509293979,0.6132494779484764,4,0,0,0.5705139987965795,up_to_four,0,passed,random_128_B_iid
0.5112078574377873,0.5252660649618934,-0.1020416205106891,0.6132494779484764,4,0,0,0.48433399603224514,single,0,passed,random_128_B_iid
0.5545243890730023,0.5733348956620088,-0.061237000496549676,0.615761389569552,4,0,0,0.5298012969109218,up_to_four,0,passed,random_128_C_iid
0.5031709908566271,0.5226846153523833,-0.11259039871292487,0.615761389569552,4,0,0,0.40894333896242163,single,0,passed,random_128_C_iid
0.5597699027931586,0.5752551335120073,-0.0633600447069439,0.6231299475001025,4,0,0,0.535352601897708,up_to_four,0,passed,random_128_D_iid
0.5597699027931586,0.5752551335120073,-0.0633600447069439,0.6231299475001025,4,0,0,0.535352601897708,single,0,passed,random_128_D_iid
0.07925722417828755,,-0.030120579684659213,0.10937780386294677,4,0,0,0.024061433597014875,up_to_four,0,passed,random_128_state_iid
0.0658517207442,,-0.04352608311874677,0.10937780386294677,4,0,0,0.019141971221961457,single,0,passed,random_128_state_iid
0.5357724711184445,0.542382663876726,-0.06227869644197681,0.5980511675604213,4,0,0,0.46538021666461504,up_to_four,0,passed,transcoder_current_iid
0.514007538412661,0.5141714994084694,-0.08404362914776031,0.5980511675604213,4,0,0,0.40164802822400647,single,0,passed,transcoder_current_iid
0.5002608421948438,0.5044907440689569,0.0002608421948437911,0.5,4,0,0,0.34740120481658,up_to_four,0,passed,transcoder_current_transfer
0.49981031866464337,0.49981031866464337,-0.00018968133535662846,0.5,4,0,0,0.3460730233779879,single,0,passed,transcoder_current_transfer
0.5185661248699375,0.5190955374429332,-0.08060712156530192,0.5991732464352394,4,0,0,0.4260411759025119,up_to_four,0,passed,transcoder_previous_iid
0.5066226772201616,0.5067219698625641,-0.09255056921507776,0.5991732464352394,4,0,0,0.376004552294464,single,0,passed,transcoder_previous_iid
0.5007088694127306,0.5017920501112717,0.0007088694127306283,0.5,4,0,0,0.3287645665724989,up_to_four,0,passed,transcoder_previous_transfer
0.5000341802861484,0.5000343660485732,3.418028614843305e-05,0.5,4,0,0,0.3428289098117375,single,0,passed,transcoder_previous_transfer
1.0,,0.0,1.0,4,0,0,1.0,up_to_four,0,passed,transcoder_query_iid
0.5,,-0.5,1.0,4,0,0,0.3750062515628907,single,0,passed,transcoder_query_iid
0.5369632083456349,0.5445598037977041,-0.08215887052803317,0.6191220788736681,4,0,0,0.46809765302512085,up_to_four,0,passed,transcoder_A_iid
0.5153668220517784,0.5155236756956165,-0.10375525682188969,0.6191220788736681,4,0,0,0.40421049893519967,single,0,passed,transcoder_A_iid
0.5351596677954368,0.5427356188273801,-0.07808981015303962,0.6132494779484764,4,0,0,0.46654496092828274,up_to_four,0,passed,transcoder_B_iid
0.5141016551150642,0.5142662396328164,-0.09914782283341217,0.6132494779484764,4,0,0,0.40106455523976403,single,0,passed,transcoder_B_iid
0.5376871058012292,0.5445336625410663,-0.0780742837683227,0.615761389569552,4,0,0,0.4631616477615657,up_to_four,0,passed,transcoder_C_iid
0.5078120250592746,0.5078981684783069,-0.10794936451027737,0.615761389569552,4,0,0,0.36059497928383255,single,0,passed,transcoder_C_iid
0.5292094766416472,0.5509249445969711,-0.09392047085845534,0.6231299475001025,4,0,0,0.4448316691296592,up_to_four,0,passed,transcoder_D_iid
0.5182815576165867,0.5184789098789144,-0.10484838988351586,0.6231299475001025,4,0,0,0.4088327793784032,single,0,passed,transcoder_D_iid
0.07801425619439023,,-0.031363547668556535,0.10937780386294677,4,0,0,0.025082702521019913,up_to_four,0,passed,transcoder_state_iid
0.06887261497352415,,-0.040505188889422616,0.10937780386294677,4,0,0,0.019644165666766723,single,0,passed,transcoder_state_iid
0.5144737651197409,0.5168387617425397,-0.08357740244068046,0.5980511675604213,4,0,0,0.4380814276605732,up_to_four,0,passed,transcoder_128_current_iid
0.5090858561725438,0.5090856109691623,-0.08896531138787755,0.5980511675604213,4,0,0,0.3854925597892667,single,0,passed,transcoder_128_current_iid
0.49983403895113915,0.4997161661281433,-0.00016596104886085206,0.5,4,0,0,0.3464588375961319,up_to_four,0,passed,transcoder_128_current_transfer
0.49983403895113915,0.49983403895113915,-0.00016596104886085206,0.5,4,0,0,0.3464588375961319,single,0,passed,transcoder_128_current_transfer
0.505323264581348,0.5042122585479256,-0.09384998185389137,0.5991732464352394,4,0,0,0.4338334471858071,up_to_four,0,passed,transcoder_128_previous_iid
0.5030406596384704,0.5031514877326417,-0.09613258679676895,0.5991732464352394,4,0,0,0.37710356402952716,single,0,passed,transcoder_128_previous_iid
0.500241305389711,0.5004999795661332,0.00024130538971101068,0.5,4,0,0,0.3429225873224993,up_to_four,0,passed,transcoder_128_previous_transfer
0.500241305389711,0.5002411196272862,0.00024130538971101068,0.5,4,0,0,0.3429225873224993,single,0,passed,transcoder_128_previous_transfer
0.75,,-0.25,1.0,4,0,0,0.6664557805007991,up_to_four,0,passed,transcoder_128_query_iid
0.5,,-0.5,1.0,4,0,0,0.3750062515628907,single,0,passed,transcoder_128_query_iid
0.5166421125496019,0.5181001587145854,-0.1024799663240662,0.6191220788736681,4,0,0,0.49614329210902774,up_to_four,0,passed,transcoder_128_A_iid
0.5094955766401529,0.5094953363895018,-0.10962650223351522,0.6191220788736681,4,0,0,0.38694730928097504,single,0,passed,transcoder_128_A_iid
0.510326998056846,0.5105138417100396,-0.10292247989163039,0.6132494779484764,4,0,0,0.4417765703405252,up_to_four,0,passed,transcoder_128_B_iid
0.5072639328879411,0.5094333355454047,-0.10598554506053526,0.6132494779484764,4,0,0,0.3761654341826973,single,0,passed,transcoder_128_B_iid
0.5081788696193352,0.5115197322181717,-0.10758251995021673,0.615761389569552,4,0,0,0.3861403290739757,up_to_four,0,passed,transcoder_128_C_iid
0.5081674441658589,0.5080111879640503,-0.10759394540369305,0.615761389569552,4,0,0,0.37927619408520796,single,0,passed,transcoder_128_C_iid
0.514541612833764,0.5168997362988854,-0.10858833466633855,0.6231299475001025,4,0,0,0.44969270236944986,up_to_four,0,passed,transcoder_128_D_iid
0.5106412908617366,0.5106828521456898,-0.11248865663836594,0.6231299475001025,4,0,0,0.38935367564165896,single,0,passed,transcoder_128_D_iid
0.06780731247266779,,-0.04157049139027898,0.10937780386294677,4,0,0,0.01942156255699748,up_to_four,0,passed,transcoder_128_state_iid
0.06622316261952114,,-0.04315464124342562,0.10937780386294677,4,0,0,0.01689229803168243,single,0,passed,transcoder_128_state_iid
0.5154119032490309,0.5193349471785879,-0.08263926431139046,0.5980511675604213,16,0,0,0.4889213347188756,up_to_four,0,passed,coordinate_current_iid
0.5154119032490309,0.5193349471785879,-0.08263926431139046,0.5980511675604213,16,0,0,0.4889213347188756,single,0,passed,coordinate_current_iid
0.5,0.6045030008995899,0.0,0.5,16,0,0,0.34615889691398555,up_to_four,0,passed,coordinate_current_transfer
0.5129868973347141,0.5192956839764851,0.012986897334714143,0.5,16,0,0,0.4807153144229648,single,0,passed,coordinate_current_transfer
0.5169995031326431,0.5413326668405645,-0.0821737433025963,0.5991732464352394,16,0,0,0.4973799368240449,up_to_four,0,passed,coordinate_previous_iid
0.5033930278528621,0.5166608412057884,-0.09578021858237729,0.5991732464352394,16,0,0,0.49742507006082765,single,0,passed,coordinate_previous_iid
0.5,0.5252883961643775,0.0,0.5,16,0,0,0.32441082339249344,up_to_four,0,passed,coordinate_previous_transfer
0.5058849536151225,0.5107474708445875,0.0058849536151225346,0.5,16,0,0,0.5057519876466483,single,0,passed,coordinate_previous_transfer
1.0,,0.0,1.0,16,0,0,1.0,up_to_four,0,passed,coordinate_query_iid
0.841321243523316,,-0.15867875647668395,1.0,16,0,0,0.8234221154884764,single,0,passed,coordinate_query_iid
0.5406946463175566,0.5539863984696594,-0.07842743255611151,0.6191220788736681,16,0,0,0.5406835282690019,up_to_four,0,passed,coordinate_A_iid
0.5113987522041872,0.5255673841962581,-0.10772332666948092,0.6191220788736681,16,0,0,0.44801881098689156,single,0,passed,coordinate_A_iid
0.5230327667281831,0.5447174573741309,-0.09021671122029329,0.6132494779484764,16,0,0,0.5025568805781351,up_to_four,0,passed,coordinate_B_iid
0.5142457666316418,0.5265640542370027,-0.09900371131683461,0.6132494779484764,16,0,0,0.5060863437278497,single,0,passed,coordinate_B_iid
0.5316430009107062,0.5498005715846862,-0.0841183886588458,0.615761389569552,16,0,0,0.51587047462724,up_to_four,0,passed,coordinate_C_iid
0.5110264526399053,0.5203301419033322,-0.10473493692964664,0.615761389569552,16,0,0,0.43891803106595695,single,0,passed,coordinate_C_iid
0.531946783612239,0.535573214670235,-0.09118316388786352,0.6231299475001025,16,0,0,0.5282918187445305,up_to_four,0,passed,coordinate_D_iid
0.5127694529039006,0.5226044318257557,-0.1103604945962019,0.6231299475001025,16,0,0,0.5070791794974436,single,0,passed,coordinate_D_iid
0.07004370472462541,,-0.03933409913832135,0.10937780386294677,16,0,0,0.02100449172891617,up_to_four,0,passed,coordinate_state_iid
0.07007969455950552,,-0.03929810930344124,0.10937780386294677,16,0,0,0.021028881423100127,single,0,passed,coordinate_state_iid
0.516240750728284,0.5229627662368275,-0.0818104168321373,0.5980511675604213,16,0,0,0.508141076573049,up_to_four,0,passed,coordinate_128_current_iid
0.5103154360352651,0.5212187897129394,-0.08773573152515624,0.5980511675604213,16,0,0,0.46789542278489715,single,0,passed,coordinate_128_current_iid
0.5063588178262568,0.5301856432196896,0.006358817826256802,0.5,16,0,0,0.4601284697220921,up_to_four,0,passed,coordinate_128_current_transfer
0.5,0.5298980853438098,0.0,0.5,16,0,0,0.34615889691398555,single,0,passed,coordinate_128_current_transfer
0.5301442832137007,0.5540843639895758,-0.06902896322153873,0.5991732464352394,16,0,0,0.5261572887711572,up_to_four,0,passed,coordinate_128_previous_iid
0.5006437394077937,0.516733073456579,-0.09852950702744567,0.5991732464352394,16,0,0,0.46900982674396774,single,0,passed,coordinate_128_previous_iid
0.5,0.5326412444596357,0.0,0.5,16,0,0,0.32441082339249344,up_to_four,0,passed,coordinate_128_previous_transfer
0.5,0.5141079131077683,0.0,0.5,16,0,0,0.34202323604420515,single,0,passed,coordinate_128_previous_transfer
1.0,,0.0,1.0,16,0,0,1.0,up_to_four,0,passed,coordinate_128_query_iid
0.841321243523316,,-0.15867875647668395,1.0,16,0,0,0.8234221154884764,single,0,passed,coordinate_128_query_iid
0.5231063416151437,0.5343148753663209,-0.09601573725852441,0.6191220788736681,16,0,0,0.5229669602555457,up_to_four,0,passed,coordinate_128_A_iid
0.5077261105739006,0.5144228722383776,-0.1113959682997675,0.6191220788736681,16,0,0,0.49920136073014665,single,0,passed,coordinate_128_A_iid
0.5309675856555948,0.5421475453772163,-0.08228189229288163,0.6132494779484764,16,0,0,0.5285724094200703,up_to_four,0,passed,coordinate_128_B_iid
0.5094519823868949,0.5131476242673148,-0.10379749556158147,0.6132494779484764,16,0,0,0.48579010491374586,single,0,passed,coordinate_128_B_iid
0.5155940989297866,0.5322157936448497,-0.10016729063976537,0.615761389569552,16,0,0,0.4107572800625008,up_to_four,0,passed,coordinate_128_C_iid
0.5001515810162506,0.5191633255923928,-0.11560980855330139,0.615761389569552,16,0,0,0.33515514476611896,single,0,passed,coordinate_128_C_iid
0.5304252030269472,0.5412158261203652,-0.09270474447315535,0.6231299475001025,16,0,0,0.5297912165381451,up_to_four,0,passed,coordinate_128_D_iid
0.5119920801546286,0.5251342177630635,-0.11113786734547393,0.6231299475001025,16,0,0,0.5014684907555347,single,0,passed,coordinate_128_D_iid
0.07791616665005806,,-0.03146163721288871,0.10937780386294677,16,0,0,0.0235126351566771,up_to_four,0,passed,coordinate_128_state_iid
0.06721594647504116,,-0.04216185738790561,0.10937780386294677,16,0,0,0.020013135906004585,single,0,passed,coordinate_128_state_iid
0.5059336415996885,0.5192351644147722,-0.09211752596073286,0.5980511675604213,16,0,0,0.4928831705819355,up_to_four,0,passed,random_current_iid
0.5020549044199221,0.5142240980358749,-0.09599626314049925,0.5980511675604213,16,0,0,0.44592589363471313,single,0,passed,random_current_iid
0.5,0.566891207917945,0.0,0.5,16,0,0,0.34615889691398555,up_to_four,0,passed,random_current_transfer
0.5,0.5582690052116627,0.0,0.5,16,0,0,0.34615889691398555,single,0,passed,random_current_transfer
0.5183813209281616,0.5181585793219349,-0.08079192550707781,0.5991732464352394,16,0,0,0.5179197524043165,up_to_four,0,passed,random_previous_iid
0.5069607560235785,0.515471338674744,-0.09221249041166091,0.5991732464352394,16,0,0,0.5038117636465093,single,0,passed,random_previous_iid
0.5,0.5465685964905763,0.0,0.5,16,0,0,0.34202323604420515,up_to_four,0,passed,random_previous_transfer
0.5,0.5477899844331088,0.0,0.5,16,0,0,0.34202323604420515,single,0,passed,random_previous_transfer
1.0,,0.0,1.0,16,0,0,1.0,up_to_four,0,passed,random_query_iid
0.9694932908462921,,-0.0305067091537079,1.0,16,0,0,0.9693795642110086,single,0,passed,random_query_iid
0.5541689889644967,0.5737795484651181,-0.06495308990917137,0.6191220788736681,16,0,0,0.5531345744330427,up_to_four,0,passed,random_A_iid
0.5106190037003706,0.5251598039718858,-0.10850307517329749,0.6191220788736681,16,0,0,0.5086337531224165,single,0,passed,random_A_iid
0.5645362430958156,0.5874113997352879,-0.04871323485266077,0.6132494779484764,16,0,0,0.5644614563779258,up_to_four,0,passed,random_B_iid
0.5115094889858856,0.5176173277077876,-0.10173998896259084,0.6132494779484764,16,0,0,0.5043644824421118,single,0,passed,random_B_iid
0.5437281555704946,0.5752580519920836,-0.07203323399905737,0.615761389569552,16,0,0,0.5342045069562762,up_to_four,0,passed,random_C_iid
0.5041364141742786,0.5157293792990644,-0.11162497539527338,0.615761389569552,16,0,0,0.3705709472793284,single,0,passed,random_C_iid
0.511474098683401,0.5402934069434191,-0.11165584881670154,0.6231299475001025,16,0,0,0.3858546147408964,up_to_four,0,passed,random_D_iid
0.5149931042615151,0.5228626615307514,-0.10813684323858741,0.6231299475001025,16,0,0,0.492326979261163,single,0,passed,random_D_iid
0.08843708684724502,,-0.020940717015701743,0.10937780386294677,16,0,0,0.02666922121374363,up_to_four,0,passed,random_state_iid
0.0698467952898192,,-0.039531008573127566,0.10937780386294677,16,0,0,0.020728720837010172,single,0,passed,random_state_iid
0.5414054633475189,0.5530092079574482,-0.05664570421290238,0.5980511675604213,16,0,0,0.5293241961207125,up_to_four,0,passed,random_128_current_iid
0.5,0.5546931646985276,-0.09805116756042132,0.5980511675604213,16,0,0,0.33967247754886426,single,0,passed,random_128_current_iid
0.5,0.5599292633531451,0.0,0.5,16,0,0,0.34615889691398555,up_to_four,0,passed,random_128_current_transfer
0.5,0.5582690052116627,0.0,0.5,16,0,0,0.34615889691398555,single,0,passed,random_128_current_transfer
0.5080176181797796,0.519186273759249,-0.09115562825545975,0.5991732464352394,16,0,0,0.5065491779243814,up_to_four,0,passed,random_128_previous_iid
0.5021899575982658,0.5102924519924866,-0.0969832888369736,0.5991732464352394,16,0,0,0.4794409157412187,single,0,passed,random_128_previous_iid
0.5,0.5632940879250709,0.0,0.5,16,0,0,0.34202323604420515,up_to_four,0,passed,random_128_previous_transfer
0.5,0.5477899844331088,0.0,0.5,16,0,0,0.34202323604420515,single,0,passed,random_128_previous_transfer
1.0,,0.0,1.0,16,0,0,1.0,up_to_four,0,passed,random_128_query_iid
0.9694932908462921,,-0.0305067091537079,1.0,16,0,0,0.9693795642110086,single,0,passed,random_128_query_iid
0.5302650602346922,0.5490041405297733,-0.08885701863897588,0.6191220788736681,16,0,0,0.5200887838849347,up_to_four,0,passed,random_128_A_iid
0.5069029017283442,0.5201262925597647,-0.11221917714532392,0.6191220788736681,16,0,0,0.4990791985239492,single,0,passed,random_128_A_iid
0.5713543328555366,0.5994889994942388,-0.04189514509293979,0.6132494779484764,16,0,0,0.5705139987965795,up_to_four,0,passed,random_128_B_iid
0.5112078574377873,0.5252660649618934,-0.1020416205106891,0.6132494779484764,16,0,0,0.48433399603224514,single,0,passed,random_128_B_iid
0.5545243890730023,0.5733348956620088,-0.061237000496549676,0.615761389569552,16,0,0,0.5298012969109218,up_to_four,0,passed,random_128_C_iid
0.5031709908566271,0.5226846153523833,-0.11259039871292487,0.615761389569552,16,0,0,0.40894333896242163,single,0,passed,random_128_C_iid
0.5597699027931586,0.5752551335120073,-0.0633600447069439,0.6231299475001025,16,0,0,0.535352601897708,up_to_four,0,passed,random_128_D_iid
0.5597699027931586,0.5752551335120073,-0.0633600447069439,0.6231299475001025,16,0,0,0.535352601897708,single,0,passed,random_128_D_iid
0.07925722417828755,,-0.030120579684659213,0.10937780386294677,16,0,0,0.024061433597014875,up_to_four,0,passed,random_128_state_iid
0.0658517207442,,-0.04352608311874677,0.10937780386294677,16,0,0,0.019141971221961457,single,0,passed,random_128_state_iid
0.5756602756590427,0.6074445187816583,-0.022390891901378662,0.5980511675604213,16,0,0,0.5710098857706152,up_to_four,0,passed,transcoder_current_iid
0.5542371464587588,0.5603471593478495,-0.04381402110166255,0.5980511675604213,16,0,0,0.5342228593037941,single,0,passed,transcoder_current_iid
0.5822420382413116,0.6252915247497307,0.0822420382413116,0.5,16,0,0,0.578594400496244,up_to_four,0,passed,transcoder_current_transfer
0.5734513648312831,0.5805563597245402,0.07345136483128312,0.5,16,0,0,0.5179966868755632,single,0,passed,transcoder_current_transfer
0.5778019052317027,0.6060341266929776,-0.021371341203536676,0.5991732464352394,16,0,0,0.5740264323906945,up_to_four,0,passed,transcoder_previous_iid
0.5523939353314953,0.5594873028624202,-0.046779311103744114,0.5991732464352394,16,0,0,0.5228470422465525,single,0,passed,transcoder_previous_iid
0.596819933051222,0.6306082604835025,0.09681993305122205,0.5,16,0,0,0.5932761403992137,up_to_four,0,passed,transcoder_previous_transfer
0.5731511994679764,0.5802789037044743,0.07315119946797644,0.5,16,0,0,0.5290298154933958,single,0,passed,transcoder_previous_transfer
0.75,,-0.25,1.0,16,0,0,0.6670995670995671,up_to_four,0,passed,transcoder_query_iid
0.5,,-0.5,1.0,16,0,0,0.37533093561116937,single,0,passed,transcoder_query_iid
0.5945500981719217,0.6334469989195027,-0.024571980701746376,0.6191220788736681,16,0,0,0.5908093185583682,up_to_four,0,passed,transcoder_A_iid
0.5609671564246262,0.567995984530701,-0.05815492244904186,0.6191220788736681,16,0,0,0.5333783606330333,single,0,passed,transcoder_A_iid
0.5982904183472673,0.6312562779867728,-0.014959059601209135,0.6132494779484764,16,0,0,0.5949112075824825,up_to_four,0,passed,transcoder_B_iid
0.5581908535196192,0.5668622802224325,-0.05505862442885723,0.6132494779484764,16,0,0,0.529323129812159,single,0,passed,transcoder_B_iid
0.5906746638774093,0.6284383177168302,-0.025086725692142653,0.615761389569552,16,0,0,0.5821223852617963,up_to_four,0,passed,transcoder_C_iid
0.568088037414205,0.5726659191103295,-0.04767335215534696,0.615761389569552,16,0,0,0.545959215789195,single,0,passed,transcoder_C_iid
0.5935300220971248,0.6299381824842475,-0.029599925402977734,0.6231299475001025,16,0,0,0.5896821769023525,up_to_four,0,passed,transcoder_D_iid
0.566814963496165,0.5747042474801075,-0.05631498400393753,0.6231299475001025,16,0,0,0.5456538260157051,single,0,passed,transcoder_D_iid
0.10102343915107719,,-0.00835436471186958,0.10937780386294677,16,0,0,0.031675949814254936,up_to_four,0,passed,transcoder_state_iid
0.0870811180852856,,-0.022296685777661168,0.10937780386294677,16,0,0,0.02752964322470918,single,0,passed,transcoder_state_iid
0.5556560833818002,0.5661836253462071,-0.042395084178621145,0.5980511675604213,16,0,0,0.5473036361283643,up_to_four,0,passed,transcoder_128_current_iid
0.5542371464587588,0.5603471593478495,-0.04381402110166255,0.5980511675604213,16,0,0,0.5342228593037941,single,0,passed,transcoder_128_current_iid
0.5259145344314935,0.5831141028356186,0.025914534431493497,0.5,16,0,0,0.3958850180062732,up_to_four,0,passed,transcoder_128_current_transfer
0.5734513648312831,0.5805563597245402,0.07345136483128312,0.5,16,0,0,0.5179966868755632,single,0,passed,transcoder_128_current_transfer
0.5516736739628687,0.559774505589267,-0.04749957247237069,0.5991732464352394,16,0,0,0.5466592922872284,up_to_four,0,passed,transcoder_128_previous_iid
0.5528981869941765,0.5556065009141181,-0.046275059441062916,0.5991732464352394,16,0,0,0.5372629870662969,single,0,passed,transcoder_128_previous_iid
0.5716569265235305,0.579258882230338,0.0716569265235305,0.5,16,0,0,0.5183316361918425,up_to_four,0,passed,transcoder_128_previous_transfer
0.5731511994679764,0.5802789037044743,0.07315119946797644,0.5,16,0,0,0.5290298154933958,single,0,passed,transcoder_128_previous_transfer
1.0,,0.0,1.0,16,0,0,1.0,up_to_four,0,passed,transcoder_128_query_iid
0.5,,-0.5,1.0,16,0,0,0.37533093561116937,single,0,passed,transcoder_128_query_iid
0.5723686164538602,0.5837820790052053,-0.046753462419807934,0.6191220788736681,16,0,0,0.5654657848454484,up_to_four,0,passed,transcoder_128_A_iid
0.5724845173721291,0.5791259162771928,-0.04663756150153897,0.6191220788736681,16,0,0,0.5557805820638206,single,0,passed,transcoder_128_A_iid
0.5645199727635037,0.5760124459436721,-0.048729505184972655,0.6132494779484764,16,0,0,0.5602513838640737,up_to_four,0,passed,transcoder_128_B_iid
0.5636807998551401,0.5691642570698097,-0.049568678093336316,0.6132494779484764,16,0,0,0.5491240411554662,single,0,passed,transcoder_128_B_iid
0.5668077666002563,0.5768473750723166,-0.04895362296929562,0.615761389569552,16,0,0,0.5624235357067993,up_to_four,0,passed,transcoder_128_C_iid
0.5693709183317486,0.5723098499779457,-0.04639047123780338,0.615761389569552,16,0,0,0.556006275522697,single,0,passed,transcoder_128_C_iid
0.565768105799598,0.5759106111860927,-0.05736184170050451,0.6231299475001025,16,0,0,0.5437147512929219,up_to_four,0,passed,transcoder_128_D_iid
0.566814963496165,0.5747042474801075,-0.05631498400393753,0.6231299475001025,16,0,0,0.5456538260157051,single,0,passed,transcoder_128_D_iid
0.09101865758483944,,-0.01835914627810732,0.10937780386294677,16,0,0,0.027744202741929812,up_to_four,0,passed,transcoder_128_state_iid
0.09141091432520398,,-0.01796688953774278,0.10937780386294677,16,0,0,0.02843080951274547,single,0,passed,transcoder_128_state_iid
0.9059508718911814,0.9647944791327718,-0.02099269217860067,0.9269435640697821,4,3,0,0.9045014387428543,up_to_four,0,passed,coordinate_current_iid
0.9059508718911814,0.9647944791327718,-0.02099269217860067,0.9269435640697821,4,3,0,0.9045014387428543,single,0,passed,coordinate_current_iid
0.9029764183112192,0.9696268612734021,-0.027385192194228525,0.9303616105054477,4,3,0,0.9011340532718328,up_to_four,0,passed,coordinate_current_transfer
0.8810202572865806,0.9638005760224658,-0.04934135321886712,0.9303616105054477,4,3,0,0.8792319219020082,single,0,passed,coordinate_current_transfer
0.7406304649780104,0.8407387585059523,-0.08408034909810436,0.8247108140761148,4,3,0,0.7404658604584353,up_to_four,0,passed,coordinate_previous_iid
0.7223244882168074,0.805889009785966,-0.1023863258593074,0.8247108140761148,4,3,0,0.7175908824976824,single,0,passed,coordinate_previous_iid
0.7497601807096868,0.8666101329687436,-0.08604887037869524,0.835809051088382,4,3,0,0.7467763039627691,up_to_four,0,passed,coordinate_previous_transfer
0.7469579545327889,0.8443726988679637,-0.08885109655559309,0.835809051088382,4,3,0,0.7346203672434517,single,0,passed,coordinate_previous_transfer
0.4694043499657009,,-0.5099196921166511,0.979324042082352,4,3,0,0.4420243359366903,up_to_four,0,passed,coordinate_query_iid
0.33937814864686766,,-0.6399458934354844,0.979324042082352,4,3,0,0.22743944574724909,single,0,passed,coordinate_query_iid
0.6277405854754207,0.6458887793045607,-0.00233517126082472,0.6300757567362454,4,3,0,0.6250098644045488,up_to_four,0,passed,coordinate_A_iid
0.6114062239994363,0.6404410807751619,-0.018669532736809047,0.6300757567362454,4,3,0,0.6102180483446644,single,0,passed,coordinate_A_iid
0.6229254625857604,0.6495553636381247,-0.014757691724552768,0.6376831543103132,4,3,0,0.6210840642727544,up_to_four,0,passed,coordinate_B_iid
0.6106908931447826,0.6425841866618978,-0.02699226116553055,0.6376831543103132,4,3,0,0.6092958719997232,single,0,passed,coordinate_B_iid
0.6276758224533932,0.6563424602322466,-0.013184228282020483,0.6408600507354136,4,3,0,0.6261401034094267,up_to_four,0,passed,coordinate_C_iid
0.6281648418625735,0.6532978693924362,-0.012695208872840147,0.6408600507354136,4,3,0,0.6248446754705467,single,0,passed,coordinate_C_iid
0.6284823158914729,0.6489280042604897,-0.01263182652475292,0.6411141424162258,4,3,0,0.6255433568345318,up_to_four,0,passed,coordinate_D_iid
0.6267428402239449,0.6415655887829534,-0.014371302192280888,0.6411141424162258,4,3,0,0.6237798537597434,single,0,passed,coordinate_D_iid
0.11499525193858211,,-0.012082159229206899,0.127077411167789,4,3,0,0.034733349489650456,up_to_four,0,passed,coordinate_state_iid
0.11393892796871911,,-0.013138483199069892,0.127077411167789,4,3,0,0.0343723201485899,single,0,passed,coordinate_state_iid
0.8990472257309102,0.9683528706049946,-0.02789633833887184,0.9269435640697821,4,3,0,0.897712488868199,up_to_four,0,passed,coordinate_128_current_iid
0.8844716962036991,0.9649031142390745,-0.042471867866082924,0.9269435640697821,4,3,0,0.882800754506924,single,0,passed,coordinate_128_current_iid
0.8979261021594689,0.9690370114187679,-0.03243550834597886,0.9303616105054477,4,3,0,0.8959235434585614,up_to_four,0,passed,coordinate_128_current_transfer
0.8810202572865806,0.9638005760224658,-0.04934135321886712,0.9303616105054477,4,3,0,0.8792319219020082,single,0,passed,coordinate_128_current_transfer
0.7364217802262034,0.8274603103671611,-0.08828903384991138,0.8247108140761148,4,3,0,0.7364246929393012,up_to_four,0,passed,coordinate_128_previous_iid
0.7402767342177641,0.8183952523821747,-0.08443407985835072,0.8247108140761148,4,3,0,0.7375840159170546,single,0,passed,coordinate_128_previous_iid
0.7692096923402723,0.8566129565575994,-0.06659935874810974,0.835809051088382,4,3,0,0.768817107771192,up_to_four,0,passed,coordinate_128_previous_transfer
0.7692096923402723,0.8566129565575994,-0.06659935874810974,0.835809051088382,4,3,0,0.768817107771192,single,0,passed,coordinate_128_previous_transfer
0.505327646182936,,-0.473996395899416,0.979324042082352,4,3,0,0.4848345503343481,up_to_four,0,passed,coordinate_128_query_iid
0.3429158314796784,,-0.6364082106026736,0.979324042082352,4,3,0,0.27102625046104717,single,0,passed,coordinate_128_query_iid
0.6257320299695469,0.6380941172115456,-0.004343726766698475,0.6300757567362454,4,3,0,0.6230126427213474,up_to_four,0,passed,coordinate_128_A_iid
0.6161692031679731,0.6346755006030241,-0.013906553568272306,0.6300757567362454,4,3,0,0.6150329233365621,single,0,passed,coordinate_128_A_iid
0.6175835302450468,0.6451307338212058,-0.02009962406526644,0.6376831543103132,4,3,0,0.6163014775077356,up_to_four,0,passed,coordinate_128_B_iid
0.6106908931447826,0.6425841866618978,-0.02699226116553055,0.6376831543103132,4,3,0,0.6092958719997232,single,0,passed,coordinate_128_B_iid
0.6276758224533932,0.6563424602322466,-0.013184228282020483,0.6408600507354136,4,3,0,0.6261401034094267,up_to_four,0,passed,coordinate_128_C_iid
0.6281648418625735,0.6532978693924362,-0.012695208872840147,0.6408600507354136,4,3,0,0.6248446754705467,single,0,passed,coordinate_128_C_iid
0.6271206318444691,0.6372358102236373,-0.013993510571756684,0.6411141424162258,4,3,0,0.6240144693418062,up_to_four,0,passed,coordinate_128_D_iid
0.6237602410688651,0.6373702923447049,-0.0173539013473607,0.6411141424162258,4,3,0,0.6223895738355791,single,0,passed,coordinate_128_D_iid
0.11474094946946034,,-0.012336461698328666,0.127077411167789,4,3,0,0.03463657791607726,up_to_four,0,passed,coordinate_128_state_iid
0.11393892796871911,,-0.013138483199069892,0.127077411167789,4,3,0,0.0343723201485899,single,0,passed,coordinate_128_state_iid
0.9177609076072057,0.9790442284448413,-0.009182656462576322,0.9269435640697821,4,3,0,0.9173840377699376,up_to_four,0,passed,random_current_iid
0.907602962200968,0.9764398582760485,-0.019340601868814034,0.9269435640697821,4,3,0,0.9066454907438166,single,0,passed,random_current_iid
0.9253350955968025,0.9821532774149843,-0.005026514908645252,0.9303616105054477,4,3,0,0.9247196572854177,up_to_four,0,passed,random_current_transfer
0.9109906368824063,0.9798018117441486,-0.01937097362304141,0.9303616105054477,4,3,0,0.9091685625299071,single,0,passed,random_current_transfer
0.7545387268440817,0.8463668349872677,-0.07017208723203305,0.8247108140761148,4,3,0,0.7542972708390753,up_to_four,0,passed,random_previous_iid
0.6951526853873539,0.7875523353285393,-0.12955812868876093,0.8247108140761148,4,3,0,0.6806356940447799,single,0,passed,random_previous_iid
0.7649497884165983,0.8748486965050657,-0.07085926267178366,0.835809051088382,4,3,0,0.7566423114192402,up_to_four,0,passed,random_previous_transfer
0.7599094965466765,0.8395512351343619,-0.0758995545417055,0.835809051088382,4,3,0,0.7603027547552322,single,0,passed,random_previous_transfer
0.521325065280892,,-0.45799897680146007,0.979324042082352,4,3,0,0.5007782309704936,up_to_four,0,passed,random_query_iid
0.39604264370327935,,-0.5832813983790727,0.979324042082352,4,3,0,0.3205997190620829,single,0,passed,random_query_iid
0.6199346966696886,0.6388688254569109,-0.010141060066556795,0.6300757567362454,4,3,0,0.6185011916210567,up_to_four,0,passed,random_A_iid
0.5994550404491501,0.636068834254089,-0.030620716287095284,0.6300757567362454,4,3,0,0.5992821905688059,single,0,passed,random_A_iid
0.6197437220532527,0.6387853442450093,-0.017939432257060517,0.6376831543103132,4,3,0,0.6184460224103572,up_to_four,0,passed,random_B_iid
0.6173673529638262,0.6372329283988504,-0.020315801346487028,0.6376831543103132,4,3,0,0.6157378548329242,single,0,passed,random_B_iid
0.6253495251226522,0.66229898664678,-0.01551052561276145,0.6408600507354136,4,3,0,0.6227078777576842,up_to_four,0,passed,random_C_iid
0.6253495251226522,0.66229898664678,-0.01551052561276145,0.6408600507354136,4,3,0,0.6227078777576842,single,0,passed,random_C_iid
0.6273676864156515,0.6441927816325981,-0.013746456000574225,0.6411141424162258,4,3,0,0.6264487215207494,up_to_four,0,passed,random_D_iid
0.618648518569788,0.6396305432669138,-0.0224656238464378,0.6411141424162258,4,3,0,0.6177489593215417,single,0,passed,random_D_iid
0.11668791834496381,,-0.010389492822825197,0.127077411167789,4,3,0,0.0459917187096362,up_to_four,0,passed,random_state_iid
0.11315183798910064,,-0.013925573178688366,0.127077411167789,4,3,0,0.034045473023268304,single,0,passed,random_state_iid
0.9091787492217545,0.9740338426304314,-0.01776481484802761,0.9269435640697821,4,3,0,0.9081944145481811,up_to_four,0,passed,random_128_current_iid
0.907602962200968,0.9764398582760485,-0.019340601868814034,0.9269435640697821,4,3,0,0.9066454907438166,single,0,passed,random_128_current_iid
0.9169894406675487,0.9770740597537494,-0.013372169837899017,0.9303616105054477,4,3,0,0.9151939392471686,up_to_four,0,passed,random_128_current_transfer
0.9109906368824063,0.9798018117441486,-0.01937097362304141,0.9303616105054477,4,3,0,0.9091685625299071,single,0,passed,random_128_current_transfer
0.7112121011623325,0.7878269691472276,-0.11349871291378233,0.8247108140761148,4,3,0,0.7032671998440981,up_to_four,0,passed,random_128_previous_iid
0.687756151403786,0.7694592159426179,-0.1369546626723288,0.8247108140761148,4,3,0,0.6826099140529831,single,0,passed,random_128_previous_iid
0.7172454404612852,0.8119094148112096,-0.11856361062709675,0.835809051088382,4,3,0,0.6970633533133532,up_to_four,0,passed,random_128_previous_transfer
0.693600298705979,0.7985478951259655,-0.14220875238240305,0.835809051088382,4,3,0,0.6766388209174279,single,0,passed,random_128_previous_transfer
0.5056352810795232,,-0.47368876100282886,0.979324042082352,4,3,0,0.5024649613377946,up_to_four,0,passed,random_128_query_iid
0.3682710906792518,,-0.6110529514031002,0.979324042082352,4,3,0,0.30510323603696105,single,0,passed,random_128_query_iid
0.6206263782942105,0.6387857888256239,-0.009449378442034861,0.6300757567362454,4,3,0,0.6183838549247502,up_to_four,0,passed,random_128_A_iid
0.5994550404491501,0.636068834254089,-0.030620716287095284,0.6300757567362454,4,3,0,0.5992821905688059,single,0,passed,random_128_A_iid
0.6196512233128526,0.6358322589177031,-0.018031930997460588,0.6376831543103132,4,3,0,0.6183400093978019,up_to_four,0,passed,random_128_B_iid
0.6121145972538401,0.6303019769674534,-0.025568557056473096,0.6376831543103132,4,3,0,0.6111889516764883,single,0,passed,random_128_B_iid
0.624535462812519,0.653168154244042,-0.016324587922894596,0.6408600507354136,4,3,0,0.6229140773205479,up_to_four,0,passed,random_128_C_iid
0.6203096350894166,0.6420983148821177,-0.020550415645997022,0.6408600507354136,4,3,0,0.6180287985536962,single,0,passed,random_128_C_iid
0.6244110424100734,0.6356557504434805,-0.016703100006152383,0.6411141424162258,4,3,0,0.6226367375581372,up_to_four,0,passed,random_128_D_iid
0.6190474588306468,0.6375051249403992,-0.02206668358557895,0.6411141424162258,4,3,0,0.6136579318282938,single,0,passed,random_128_D_iid
0.11532254844710557,,-0.011754862720683434,0.127077411167789,4,3,0,0.03472186526289239,up_to_four,0,passed,random_128_state_iid
0.11139277901900554,,-0.01568463214878346,0.127077411167789,4,3,0,0.03352890142284467,single,0,passed,random_128_state_iid
0.823207361113602,0.9227235738410867,-0.10373620295618002,0.9269435640697821,4,3,0,0.8144515334803171,up_to_four,0,passed,transcoder_current_iid
0.7972650435176953,0.7974941235258173,-0.12967852055208673,0.9269435640697821,4,3,0,0.7845506431624314,single,0,passed,transcoder_current_iid
0.812215477996965,0.9046250187009768,-0.11814613250848272,0.9303616105054477,4,3,0,0.7971905108458339,up_to_four,0,passed,transcoder_current_transfer
0.8050075872534143,0.8050075872534143,-0.1253540232520335,0.9303616105054477,4,3,0,0.7889333439339262,single,0,passed,transcoder_current_transfer
0.6819364351574242,0.7382853503573046,-0.1427743789186906,0.8247108140761148,4,3,0,0.6689416101727156,up_to_four,0,passed,transcoder_previous_iid
0.6673633144228135,0.6806318783306596,-0.1573474996533013,0.8247108140761148,4,3,0,0.6516288665252911,single,0,passed,transcoder_previous_iid
0.6663101266528212,0.7412169667968243,-0.1694989244355608,0.835809051088382,4,3,0,0.6643928435986246,up_to_four,0,passed,transcoder_previous_transfer
0.6832015039325905,0.7151049000412393,-0.1526075471557915,0.835809051088382,4,3,0,0.6782617618865727,single,0,passed,transcoder_previous_transfer
0.4568369169730149,,-0.5224871251093371,0.979324042082352,4,3,0,0.4314106191592987,up_to_four,0,passed,transcoder_query_iid
0.34100138240604266,,-0.6383226596763094,0.979324042082352,4,3,0,0.23832052947702145,single,0,passed,transcoder_query_iid
0.592369928622833,0.6198689731009465,-0.03770582811341239,0.6300757567362454,4,3,0,0.5755407571100921,up_to_four,0,passed,transcoder_A_iid
0.537004161071204,0.5373797078754293,-0.09307159566504142,0.6300757567362454,4,3,0,0.4131275873775899,single,0,passed,transcoder_A_iid
0.5918230713232131,0.6299722375697463,-0.04586008298710009,0.6376831543103132,4,3,0,0.5783772075156517,up_to_four,0,passed,transcoder_B_iid
0.5728320112404182,0.570411494115223,-0.06485114306989503,0.6376831543103132,4,3,0,0.5161205521367828,single,0,passed,transcoder_B_iid
0.5914242786296189,0.6450814932844685,-0.04943577210579475,0.6408600507354136,4,3,0,0.5591663439534416,up_to_four,0,passed,transcoder_C_iid
0.5918356349563514,0.5982768356076053,-0.04902441577906225,0.6408600507354136,4,3,0,0.5600746634851913,single,0,passed,transcoder_C_iid
0.6294498661867849,0.6523815061308627,-0.011664276229440884,0.6411141424162258,4,3,0,0.6238791440140818,up_to_four,0,passed,transcoder_D_iid
0.5793394446495221,0.5847609716983128,-0.061774697766703635,0.6411141424162258,4,3,0,0.5191295375164616,single,0,passed,transcoder_D_iid
0.10227323040020578,,-0.024804180767583228,0.127077411167789,4,3,0,0.03785792554596335,up_to_four,0,passed,transcoder_state_iid
0.0972957595129208,,-0.029781651654868208,0.127077411167789,4,3,0,0.029823837102815706,single,0,passed,transcoder_state_iid
0.809525052459512,0.8493646169879144,-0.11741851161027006,0.9269435640697821,4,3,0,0.8033420216753934,up_to_four,0,passed,transcoder_128_current_iid
0.7972650435176953,0.7974941235258173,-0.12967852055208673,0.9269435640697821,4,3,0,0.7845506431624314,single,0,passed,transcoder_128_current_iid
0.819635475056621,0.8457914220967503,-0.1107261354488267,0.9303616105054477,4,3,0,0.8110639423533305,up_to_four,0,passed,transcoder_128_current_transfer
0.8050075872534143,0.8050075872534143,-0.1253540232520335,0.9303616105054477,4,3,0,0.7889333439339262,single,0,passed,transcoder_128_current_transfer
0.6474822519742193,0.6918501571373328,-0.17722856210189553,0.8247108140761148,4,3,0,0.6248560487411641,up_to_four,0,passed,transcoder_128_previous_iid
0.5944957535334683,0.5990651838472729,-0.2302150605426465,0.8247108140761148,4,3,0,0.5394898147091933,single,0,passed,transcoder_128_previous_iid
0.6283066640412244,0.6688009221246763,-0.20750238704715762,0.835809051088382,4,3,0,0.5969398646883406,up_to_four,0,passed,transcoder_128_previous_transfer
0.5778673359067621,0.5822907107641895,-0.2579417151816199,0.835809051088382,4,3,0,0.5067938146225808,single,0,passed,transcoder_128_previous_transfer
0.318112213549896,,-0.661211828532456,0.979324042082352,4,3,0,0.24597970865672136,up_to_four,0,passed,transcoder_128_query_iid
0.27276678357254186,,-0.7065572585098101,0.979324042082352,4,3,0,0.1581292010128098,single,0,passed,transcoder_128_query_iid
0.6089147646848481,0.636808340773846,-0.02116099205139732,0.6300757567362454,4,3,0,0.5977839746505942,up_to_four,0,passed,transcoder_128_A_iid
0.5399222254585987,0.5410947587508572,-0.09015353127764669,0.6300757567362454,4,3,0,0.4458837935644542,single,0,passed,transcoder_128_A_iid
0.6139982934762892,0.6171600963475846,-0.02368486083402399,0.6376831543103132,4,3,0,0.6085785626709153,up_to_four,0,passed,transcoder_128_B_iid
0.5806416706865528,0.5812521183452339,-0.05704148362376038,0.6376831543103132,4,3,0,0.560871616186146,single,0,passed,transcoder_128_B_iid
0.6223891826266584,0.6292937816701945,-0.0184708681087552,0.6408600507354136,4,3,0,0.6187391771121244,up_to_four,0,passed,transcoder_128_C_iid
0.5829875487758109,0.5875228637824635,-0.057872501959602696,0.6408600507354136,4,3,0,0.5641434860483351,single,0,passed,transcoder_128_C_iid
0.6169681629650137,0.6263286092557986,-0.024145979451212107,0.6411141424162258,4,3,0,0.6105919385298764,up_to_four,0,passed,transcoder_128_D_iid
0.5848320028915959,0.5858456055528639,-0.056282139524629904,0.6411141424162258,4,3,0,0.5642553191489361,single,0,passed,transcoder_128_D_iid
0.10926718772265415,,-0.01781022344513486,0.127077411167789,4,3,0,0.03364323458778851,up_to_four,0,passed,transcoder_128_state_iid
0.0972957595129208,,-0.029781651654868208,0.127077411167789,4,3,0,0.029823837102815706,single,0,passed,transcoder_128_state_iid
0.9059508718911814,0.9647944791327718,-0.02099269217860067,0.9269435640697821,16,3,0,0.9045014387428543,up_to_four,0,passed,coordinate_current_iid
0.9059508718911814,0.9647944791327718,-0.02099269217860067,0.9269435640697821,16,3,0,0.9045014387428543,single,0,passed,coordinate_current_iid
0.9029764183112192,0.9696268612734021,-0.027385192194228525,0.9303616105054477,16,3,0,0.9011340532718328,up_to_four,0,passed,coordinate_current_transfer
0.8810202572865806,0.9638005760224658,-0.04934135321886712,0.9303616105054477,16,3,0,0.8792319219020082,single,0,passed,coordinate_current_transfer
0.7406304649780104,0.8407387585059523,-0.08408034909810436,0.8247108140761148,16,3,0,0.7404658604584353,up_to_four,0,passed,coordinate_previous_iid
0.7223244882168074,0.805889009785966,-0.1023863258593074,0.8247108140761148,16,3,0,0.7175908824976824,single,0,passed,coordinate_previous_iid
0.7497601807096868,0.8666101329687436,-0.08604887037869524,0.835809051088382,16,3,0,0.7467763039627691,up_to_four,0,passed,coordinate_previous_transfer
0.7469579545327889,0.8443726988679637,-0.08885109655559309,0.835809051088382,16,3,0,0.7346203672434517,single,0,passed,coordinate_previous_transfer
0.4694043499657009,,-0.5099196921166511,0.979324042082352,16,3,0,0.4420243359366903,up_to_four,0,passed,coordinate_query_iid
0.33937814864686766,,-0.6399458934354844,0.979324042082352,16,3,0,0.22743944574724909,single,0,passed,coordinate_query_iid
0.6277405854754207,0.6458887793045607,-0.00233517126082472,0.6300757567362454,16,3,0,0.6250098644045488,up_to_four,0,passed,coordinate_A_iid
0.6114062239994363,0.6404410807751619,-0.018669532736809047,0.6300757567362454,16,3,0,0.6102180483446644,single,0,passed,coordinate_A_iid
0.6229254625857604,0.6495553636381247,-0.014757691724552768,0.6376831543103132,16,3,0,0.6210840642727544,up_to_four,0,passed,coordinate_B_iid
0.6106908931447826,0.6425841866618978,-0.02699226116553055,0.6376831543103132,16,3,0,0.6092958719997232,single,0,passed,coordinate_B_iid
0.6276758224533932,0.6563424602322466,-0.013184228282020483,0.6408600507354136,16,3,0,0.6261401034094267,up_to_four,0,passed,coordinate_C_iid
0.6281648418625735,0.6532978693924362,-0.012695208872840147,0.6408600507354136,16,3,0,0.6248446754705467,single,0,passed,coordinate_C_iid
0.6284823158914729,0.6489280042604897,-0.01263182652475292,0.6411141424162258,16,3,0,0.6255433568345318,up_to_four,0,passed,coordinate_D_iid
0.6267428402239449,0.6415655887829534,-0.014371302192280888,0.6411141424162258,16,3,0,0.6237798537597434,single,0,passed,coordinate_D_iid
0.11499525193858211,,-0.012082159229206899,0.127077411167789,16,3,0,0.034733349489650456,up_to_four,0,passed,coordinate_state_iid
0.11393892796871911,,-0.013138483199069892,0.127077411167789,16,3,0,0.0343723201485899,single,0,passed,coordinate_state_iid
0.8990472257309102,0.9683528706049946,-0.02789633833887184,0.9269435640697821,16,3,0,0.897712488868199,up_to_four,0,passed,coordinate_128_current_iid
0.8844716962036991,0.9649031142390745,-0.042471867866082924,0.9269435640697821,16,3,0,0.882800754506924,single,0,passed,coordinate_128_current_iid
0.8979261021594689,0.9690370114187679,-0.03243550834597886,0.9303616105054477,16,3,0,0.8959235434585614,up_to_four,0,passed,coordinate_128_current_transfer
0.8810202572865806,0.9638005760224658,-0.04934135321886712,0.9303616105054477,16,3,0,0.8792319219020082,single,0,passed,coordinate_128_current_transfer
0.7364217802262034,0.8274603103671611,-0.08828903384991138,0.8247108140761148,16,3,0,0.7364246929393012,up_to_four,0,passed,coordinate_128_previous_iid
0.7402767342177641,0.8183952523821747,-0.08443407985835072,0.8247108140761148,16,3,0,0.7375840159170546,single,0,passed,coordinate_128_previous_iid
0.7692096923402723,0.8566129565575994,-0.06659935874810974,0.835809051088382,16,3,0,0.768817107771192,up_to_four,0,passed,coordinate_128_previous_transfer
0.7692096923402723,0.8566129565575994,-0.06659935874810974,0.835809051088382,16,3,0,0.768817107771192,single,0,passed,coordinate_128_previous_transfer
0.505327646182936,,-0.473996395899416,0.979324042082352,16,3,0,0.4848345503343481,up_to_four,0,passed,coordinate_128_query_iid
0.3429158314796784,,-0.6364082106026736,0.979324042082352,16,3,0,0.27102625046104717,single,0,passed,coordinate_128_query_iid
0.6257320299695469,0.6380941172115456,-0.004343726766698475,0.6300757567362454,16,3,0,0.6230126427213474,up_to_four,0,passed,coordinate_128_A_iid
0.6161692031679731,0.6346755006030241,-0.013906553568272306,0.6300757567362454,16,3,0,0.6150329233365621,single,0,passed,coordinate_128_A_iid
0.6175835302450468,0.6451307338212058,-0.02009962406526644,0.6376831543103132,16,3,0,0.6163014775077356,up_to_four,0,passed,coordinate_128_B_iid
0.6106908931447826,0.6425841866618978,-0.02699226116553055,0.6376831543103132,16,3,0,0.6092958719997232,single,0,passed,coordinate_128_B_iid
0.6276758224533932,0.6563424602322466,-0.013184228282020483,0.6408600507354136,16,3,0,0.6261401034094267,up_to_four,0,passed,coordinate_128_C_iid
0.6281648418625735,0.6532978693924362,-0.012695208872840147,0.6408600507354136,16,3,0,0.6248446754705467,single,0,passed,coordinate_128_C_iid
0.6271206318444691,0.6372358102236373,-0.013993510571756684,0.6411141424162258,16,3,0,0.6240144693418062,up_to_four,0,passed,coordinate_128_D_iid
0.6237602410688651,0.6373702923447049,-0.0173539013473607,0.6411141424162258,16,3,0,0.6223895738355791,single,0,passed,coordinate_128_D_iid
0.11474094946946034,,-0.012336461698328666,0.127077411167789,16,3,0,0.03463657791607726,up_to_four,0,passed,coordinate_128_state_iid
0.11393892796871911,,-0.013138483199069892,0.127077411167789,16,3,0,0.0343723201485899,single,0,passed,coordinate_128_state_iid
0.9177609076072057,0.9790442284448413,-0.009182656462576322,0.9269435640697821,16,3,0,0.9173840377699376,up_to_four,0,passed,random_current_iid
0.907602962200968,0.9764398582760485,-0.019340601868814034,0.9269435640697821,16,3,0,0.9066454907438166,single,0,passed,random_current_iid
0.9253350955968025,0.9821532774149843,-0.005026514908645252,0.9303616105054477,16,3,0,0.9247196572854177,up_to_four,0,passed,random_current_transfer
0.9109906368824063,0.9798018117441486,-0.01937097362304141,0.9303616105054477,16,3,0,0.9091685625299071,single,0,passed,random_current_transfer
0.7545387268440817,0.8463668349872677,-0.07017208723203305,0.8247108140761148,16,3,0,0.7542972708390753,up_to_four,0,passed,random_previous_iid
0.6951526853873539,0.7875523353285393,-0.12955812868876093,0.8247108140761148,16,3,0,0.6806356940447799,single,0,passed,random_previous_iid
0.7649497884165983,0.8748486965050657,-0.07085926267178366,0.835809051088382,16,3,0,0.7566423114192402,up_to_four,0,passed,random_previous_transfer
0.7599094965466765,0.8395512351343619,-0.0758995545417055,0.835809051088382,16,3,0,0.7603027547552322,single,0,passed,random_previous_transfer
0.521325065280892,,-0.45799897680146007,0.979324042082352,16,3,0,0.5007782309704936,up_to_four,0,passed,random_query_iid
0.39604264370327935,,-0.5832813983790727,0.979324042082352,16,3,0,0.3205997190620829,single,0,passed,random_query_iid
0.6199346966696886,0.6388688254569109,-0.010141060066556795,0.6300757567362454,16,3,0,0.6185011916210567,up_to_four,0,passed,random_A_iid
0.5994550404491501,0.636068834254089,-0.030620716287095284,0.6300757567362454,16,3,0,0.5992821905688059,single,0,passed,random_A_iid
0.6197437220532527,0.6387853442450093,-0.017939432257060517,0.6376831543103132,16,3,0,0.6184460224103572,up_to_four,0,passed,random_B_iid
0.6173673529638262,0.6372329283988504,-0.020315801346487028,0.6376831543103132,16,3,0,0.6157378548329242,single,0,passed,random_B_iid
0.6253495251226522,0.66229898664678,-0.01551052561276145,0.6408600507354136,16,3,0,0.6227078777576842,up_to_four,0,passed,random_C_iid
0.6253495251226522,0.66229898664678,-0.01551052561276145,0.6408600507354136,16,3,0,0.6227078777576842,single,0,passed,random_C_iid
0.6273676864156515,0.6441927816325981,-0.013746456000574225,0.6411141424162258,16,3,0,0.6264487215207494,up_to_four,0,passed,random_D_iid
0.618648518569788,0.6396305432669138,-0.0224656238464378,0.6411141424162258,16,3,0,0.6177489593215417,single,0,passed,random_D_iid
0.11668791834496381,,-0.010389492822825197,0.127077411167789,16,3,0,0.0459917187096362,up_to_four,0,passed,random_state_iid
0.11315183798910064,,-0.013925573178688366,0.127077411167789,16,3,0,0.034045473023268304,single,0,passed,random_state_iid
0.9091787492217545,0.9740338426304314,-0.01776481484802761,0.9269435640697821,16,3,0,0.9081944145481811,up_to_four,0,passed,random_128_current_iid
0.907602962200968,0.9764398582760485,-0.019340601868814034,0.9269435640697821,16,3,0,0.9066454907438166,single,0,passed,random_128_current_iid
0.9169894406675487,0.9770740597537494,-0.013372169837899017,0.9303616105054477,16,3,0,0.9151939392471686,up_to_four,0,passed,random_128_current_transfer
0.9109906368824063,0.9798018117441486,-0.01937097362304141,0.9303616105054477,16,3,0,0.9091685625299071,single,0,passed,random_128_current_transfer
0.7112121011623325,0.7878269691472276,-0.11349871291378233,0.8247108140761148,16,3,0,0.7032671998440981,up_to_four,0,passed,random_128_previous_iid
0.687756151403786,0.7694592159426179,-0.1369546626723288,0.8247108140761148,16,3,0,0.6826099140529831,single,0,passed,random_128_previous_iid
0.7172454404612852,0.8119094148112096,-0.11856361062709675,0.835809051088382,16,3,0,0.6970633533133532,up_to_four,0,passed,random_128_previous_transfer
0.693600298705979,0.7985478951259655,-0.14220875238240305,0.835809051088382,16,3,0,0.6766388209174279,single,0,passed,random_128_previous_transfer
0.5056352810795232,,-0.47368876100282886,0.979324042082352,16,3,0,0.5024649613377946,up_to_four,0,passed,random_128_query_iid
0.3682710906792518,,-0.6110529514031002,0.979324042082352,16,3,0,0.30510323603696105,single,0,passed,random_128_query_iid
0.6206263782942105,0.6387857888256239,-0.009449378442034861,0.6300757567362454,16,3,0,0.6183838549247502,up_to_four,0,passed,random_128_A_iid
0.5994550404491501,0.636068834254089,-0.030620716287095284,0.6300757567362454,16,3,0,0.5992821905688059,single,0,passed,random_128_A_iid
0.6196512233128526,0.6358322589177031,-0.018031930997460588,0.6376831543103132,16,3,0,0.6183400093978019,up_to_four,0,passed,random_128_B_iid
0.6121145972538401,0.6303019769674534,-0.025568557056473096,0.6376831543103132,16,3,0,0.6111889516764883,single,0,passed,random_128_B_iid
0.624535462812519,0.653168154244042,-0.016324587922894596,0.6408600507354136,16,3,0,0.6229140773205479,up_to_four,0,passed,random_128_C_iid
0.6203096350894166,0.6420983148821177,-0.020550415645997022,0.6408600507354136,16,3,0,0.6180287985536962,single,0,passed,random_128_C_iid
0.6244110424100734,0.6356557504434805,-0.016703100006152383,0.6411141424162258,16,3,0,0.6226367375581372,up_to_four,0,passed,random_128_D_iid
0.6190474588306468,0.6375051249403992,-0.02206668358557895,0.6411141424162258,16,3,0,0.6136579318282938,single,0,passed,random_128_D_iid
0.11532254844710557,,-0.011754862720683434,0.127077411167789,16,3,0,0.03472186526289239,up_to_four,0,passed,random_128_state_iid
0.11139277901900554,,-0.01568463214878346,0.127077411167789,16,3,0,0.03352890142284467,single,0,passed,random_128_state_iid
0.8532452357283224,0.9552024481185675,-0.07369832834145962,0.9269435640697821,16,3,0,0.847259760697181,up_to_four,0,passed,transcoder_current_iid
0.8453003259023164,0.8483090314430402,-0.08164323816746566,0.9269435640697821,16,3,0,0.8387191314989707,single,0,passed,transcoder_current_iid
0.8589480854409577,0.9572473813775189,-0.07141352506449006,0.9303616105054477,16,3,0,0.8498906527969512,up_to_four,0,passed,transcoder_current_transfer
0.8507918689772331,0.8517218175471184,-0.07956974152821461,0.9303616105054477,16,3,0,0.8406373019151407,single,0,passed,transcoder_current_transfer
0.7624416082706071,0.8415569441976274,-0.062269205805507655,0.8247108140761148,16,3,0,0.7617453895337623,up_to_four,0,passed,transcoder_previous_iid
0.7139078634946137,0.7316590300590318,-0.11080295058150114,0.8247108140761148,16,3,0,0.7047679735411889,single,0,passed,transcoder_previous_iid
0.7711655849101466,0.8879946388964226,-0.06464346617823535,0.835809051088382,16,3,0,0.7639729275143651,up_to_four,0,passed,transcoder_previous_transfer
0.7159588499076761,0.7343892688762488,-0.11985020118070588,0.835809051088382,16,3,0,0.7048388401750718,single,0,passed,transcoder_previous_transfer
0.9966526778577138,,0.01732863577536181,0.979324042082352,16,3,0,0.9966571354581062,up_to_four,0,passed,transcoder_query_iid
0.4998999799959992,,-0.4794240620863528,0.979324042082352,16,3,0,0.37526839565555004,single,0,passed,transcoder_query_iid
0.6127648264157513,0.6472315602144562,-0.017310930320494133,0.6300757567362454,16,3,0,0.6079039478939471,up_to_four,0,passed,transcoder_A_iid
0.5568202800299524,0.5573960507257617,-0.07325547670629295,0.6300757567362454,16,3,0,0.46394917928587387,single,0,passed,transcoder_A_iid
0.5944638883476563,0.6150755625852642,-0.043219265962656905,0.6376831543103132,16,3,0,0.5873698825742526,up_to_four,0,passed,transcoder_B_iid
0.5452073684872841,0.5436931518991821,-0.09247578582302907,0.6376831543103132,16,3,0,0.42384800632082553,single,0,passed,transcoder_B_iid
0.5993015512785702,0.6477020322936617,-0.04155849945684342,0.6408600507354136,16,3,0,0.5923357271328119,up_to_four,0,passed,transcoder_C_iid
0.5918296847201865,0.605401313378128,-0.049030366015227145,0.6408600507354136,16,3,0,0.5789147581762633,single,0,passed,transcoder_C_iid
0.5922885007792953,0.6006063251097166,-0.048825641636930484,0.6411141424162258,16,3,0,0.5787660391706835,up_to_four,0,passed,transcoder_D_iid
0.5923125333251302,0.5954170025214947,-0.048801609091095544,0.6411141424162258,16,3,0,0.5748684240986298,single,0,passed,transcoder_D_iid
0.10257104969567288,,-0.024506361472116128,0.127077411167789,16,3,0,0.03083644940060505,up_to_four,0,passed,transcoder_state_iid
0.10174985660870747,,-0.025327554559081533,0.127077411167789,16,3,0,0.030806737097012718,single,0,passed,transcoder_state_iid
0.840538536283535,0.9184082145094428,-0.08640502778624704,0.9269435640697821,16,3,0,0.8411448623684561,up_to_four,0,passed,transcoder_128_current_iid
0.8178804627710408,0.8273806225835958,-0.1090631012987413,0.9269435640697821,16,3,0,0.8178977605023883,single,0,passed,transcoder_128_current_iid
0.8574263440578173,0.9418227995831706,-0.07293526644763049,0.9303616105054477,16,3,0,0.8587534459841965,up_to_four,0,passed,transcoder_128_current_transfer
0.8551023226775006,0.8672139981101489,-0.07525928782794711,0.9303616105054477,16,3,0,0.8568787392973942,single,0,passed,transcoder_128_current_transfer
0.7525886927862089,0.8043936445780663,-0.07212212128990592,0.8247108140761148,16,3,0,0.7525984369754624,up_to_four,0,passed,transcoder_128_previous_iid
0.6427138322306527,0.6522550191628218,-0.1819969818454621,0.8247108140761148,16,3,0,0.622019579230299,single,0,passed,transcoder_128_previous_iid
0.7412738100987885,0.8129744836733405,-0.09453524098959354,0.835809051088382,16,3,0,0.7388196721798326,up_to_four,0,passed,transcoder_128_previous_transfer
0.646333421260881,0.6618605592935084,-0.189475629827501,0.835809051088382,16,3,0,0.6303849115634739,single,0,passed,transcoder_128_previous_transfer
0.8866952544815876,,-0.09262878760076443,0.979324042082352,16,3,0,0.8832631925123029,up_to_four,0,passed,transcoder_128_query_iid
0.4998999799959992,,-0.4794240620863528,0.979324042082352,16,3,0,0.37526839565555004,single,0,passed,transcoder_128_query_iid
0.6068340989470905,0.6173730691493128,-0.02324165778915488,0.6300757567362454,16,3,0,0.5988865512941779,up_to_four,0,passed,transcoder_128_A_iid
0.5904876698811103,0.597398690079373,-0.03958808685513504,0.6300757567362454,16,3,0,0.5721214428888581,single,0,passed,transcoder_128_A_iid
0.5818685698165763,0.6012591436065559,-0.055814584493736885,0.6376831543103132,16,3,0,0.5634425467464381,up_to_four,0,passed,transcoder_128_B_iid
0.5816803703023569,0.5845167465147068,-0.05600278400795633,0.6376831543103132,16,3,0,0.5659787625118204,single,0,passed,transcoder_128_B_iid
0.6021063276001424,0.6358823881719865,-0.038753723135271256,0.6408600507354136,16,3,0,0.597579311904999,up_to_four,0,passed,transcoder_128_C_iid
0.5983184372587748,0.6131898775062382,-0.04254161347663887,0.6408600507354136,16,3,0,0.5907490956938586,single,0,passed,transcoder_128_C_iid
0.6017834392047086,0.6065785579463132,-0.039330703211517215,0.6411141424162258,16,3,0,0.5807902313923987,up_to_four,0,passed,transcoder_128_D_iid
0.6017834392047086,0.6065785579463132,-0.039330703211517215,0.6411141424162258,16,3,0,0.5807902313923987,single,0,passed,transcoder_128_D_iid
0.10239935749015412,,-0.024678053677634884,0.127077411167789,16,3,0,0.030804688969376087,up_to_four,0,passed,transcoder_128_state_iid
0.09917339829410618,,-0.027904012873682826,0.127077411167789,16,3,0,0.031157573940847325,single,0,passed,transcoder_128_state_iid
0.9978212328433695,0.9998278572178908,-0.0008748055987559678,0.9986960384421255,4,7,0,0.9977982738466958,up_to_four,0,passed,coordinate_current_iid
0.9977355617843664,0.9998179990411247,-0.0009604766577591128,0.9986960384421255,4,7,0,0.9976982593086021,single,0,passed,coordinate_current_iid
0.9985773495065209,0.9999692364885039,-0.0004030829572089223,0.9989804324637298,4,7,0,0.9985891761275145,up_to_four,0,passed,coordinate_current_transfer
0.9985773495065209,0.9999692364885039,-0.0004030829572089223,0.9989804324637298,4,7,0,0.9985891761275145,single,0,passed,coordinate_current_transfer
0.7352889965531053,0.8105099512612729,-0.10968598052321532,0.8449749770763206,4,7,0,0.7353654143554317,up_to_four,0,passed,coordinate_previous_iid
0.730152140946362,0.8000010450033884,-0.11482283612995858,0.8449749770763206,4,7,0,0.7302510257185517,single,0,passed,coordinate_previous_iid
0.7023212872592983,0.7875867974929504,-0.12433060510252225,0.8266518923618206,4,7,0,0.6979904210067991,up_to_four,0,passed,coordinate_previous_transfer
0.7116911439621638,0.794291985094423,-0.11496074839965675,0.8266518923618206,4,7,0,0.7075936108588095,single,0,passed,coordinate_previous_transfer
0.6159064196519382,,-0.374937058492658,0.9908434781445962,4,7,0,0.6104101403838978,up_to_four,0,passed,coordinate_query_iid
0.4503455094903898,,-0.5404979686542064,0.9908434781445962,4,7,0,0.3713929468197771,single,0,passed,coordinate_query_iid
0.6575584041074212,0.6836268910992149,0.0022844783734421448,0.655273925733979,4,7,0,0.6490065214122624,up_to_four,0,passed,coordinate_A_iid
0.652641829694502,0.6878293454778436,-0.0026320960394770054,0.655273925733979,4,7,0,0.6481012125414949,single,0,passed,coordinate_A_iid
0.651731215391022,0.6850152821047478,-0.017873210203407597,0.6696044255944296,4,7,0,0.6502256883838338,up_to_four,0,passed,coordinate_B_iid
0.6509492187919017,0.6841902982069733,-0.018655206802527857,0.6696044255944296,4,7,0,0.6495011506610997,single,0,passed,coordinate_B_iid
0.6475255302882972,0.6657443333925923,-0.016370884760416038,0.6638964150487132,4,7,0,0.6475108872274,up_to_four,0,passed,coordinate_C_iid
0.6469154260732608,0.6647901555212726,-0.016980988975452416,0.6638964150487132,4,7,0,0.6468918606323186,single,0,passed,coordinate_C_iid
0.6482702334809893,0.6701447368083754,6.0081364587238895e-05,0.6482101521164021,4,7,0,0.6481812486931284,up_to_four,0,passed,coordinate_D_iid
0.6463080562220582,0.6706249671555207,-0.0019020958943438693,0.6482101521164021,4,7,0,0.6438002548359897,single,0,passed,coordinate_D_iid
0.12467601625560987,,-0.009973806733188373,0.13464982298879824,4,7,0,0.0450009298430839,up_to_four,0,passed,coordinate_state_iid
0.12482104292559482,,-0.009828780063203424,0.13464982298879824,4,7,0,0.038949377189729746,single,0,passed,coordinate_state_iid
0.9977952913264378,0.9998262458813838,-0.0009007471156876612,0.9986960384421255,4,7,0,0.9977981610020505,up_to_four,0,passed,coordinate_128_current_iid
0.9977355617843664,0.9998179990411247,-0.0009604766577591128,0.9986960384421255,4,7,0,0.9976982593086021,single,0,passed,coordinate_128_current_iid
0.9985773495065209,0.9999692364885039,-0.0004030829572089223,0.9989804324637298,4,7,0,0.9985891761275145,up_to_four,0,passed,coordinate_128_current_transfer
0.9985773495065209,0.9999692364885039,-0.0004030829572089223,0.9989804324637298,4,7,0,0.9985891761275145,single,0,passed,coordinate_128_current_transfer
0.730818991672189,0.8030482922046558,-0.11415598540413163,0.8449749770763206,4,7,0,0.7308959183697561,up_to_four,0,passed,coordinate_128_previous_iid
0.669200384191743,0.7406396563890295,-0.17577459288457764,0.8449749770763206,4,7,0,0.6683872087135825,single,0,passed,coordinate_128_previous_iid
0.7047692644922556,0.8094480626836726,-0.12188262786956494,0.8266518923618206,4,7,0,0.6958716381344686,up_to_four,0,passed,coordinate_128_previous_transfer
0.6994085324396923,0.7738596973558577,-0.12724335992212832,0.8266518923618206,4,7,0,0.6956616715452837,single,0,passed,coordinate_128_previous_transfer
0.509273706921505,,-0.4815697712230912,0.9908434781445962,4,7,0,0.5024567544175269,up_to_four,0,passed,coordinate_128_query_iid
0.3892203610112218,,-0.6016231171333744,0.9908434781445962,4,7,0,0.2602176617081836,single,0,passed,coordinate_128_query_iid
0.6571594829169324,0.6897829436472778,0.0018855571829533568,0.655273925733979,4,7,0,0.644138455176422,up_to_four,0,passed,coordinate_128_A_iid
0.652641829694502,0.6878293454778436,-0.0026320960394770054,0.655273925733979,4,7,0,0.6481012125414949,single,0,passed,coordinate_128_A_iid
0.6500480264987478,0.6818592378904299,-0.019556399095681742,0.6696044255944296,4,7,0,0.6494310613895139,up_to_four,0,passed,coordinate_128_B_iid
0.6453765399179094,0.6796480086714267,-0.024227885676520122,0.6696044255944296,4,7,0,0.6426744789948108,single,0,passed,coordinate_128_B_iid
0.6477752251986881,0.6583674706049083,-0.016121189850025086,0.6638964150487132,4,7,0,0.6477603893624548,up_to_four,0,passed,coordinate_128_C_iid
0.6471902369805058,0.6605380367546788,-0.0167061780682074,0.6638964150487132,4,7,0,0.6471368890269527,single,0,passed,coordinate_128_C_iid
0.6471442286001394,0.6608739719677976,-0.001065923516262668,0.6482101521164021,4,7,0,0.6471375949899787,up_to_four,0,passed,coordinate_128_D_iid
0.6423192944813585,0.6629537584979082,-0.0058908576350436,0.6482101521164021,4,7,0,0.6423182420169903,single,0,passed,coordinate_128_D_iid
0.12429444456896524,,-0.010355378419833,0.13464982298879824,4,7,0,0.042700384284145854,up_to_four,0,passed,coordinate_128_state_iid
0.12482104292559482,,-0.009828780063203424,0.13464982298879824,4,7,0,0.038949377189729746,single,0,passed,coordinate_128_state_iid
0.9978183504525994,0.9999324439663234,-0.0008776879895261436,0.9986960384421255,4,7,0,0.9977982614852514,up_to_four,0,passed,random_current_iid
0.9935497699211634,0.9997038143317594,-0.005146268520962116,0.9986960384421255,4,7,0,0.9934458543554116,single,0,passed,random_current_iid
0.9982454274087991,0.9999774940626422,-0.0007350050549307374,0.9989804324637298,4,7,0,0.9981863399598916,up_to_four,0,passed,random_current_transfer
0.9937167956467364,0.9998337151247023,-0.005263636816993378,0.9989804324637298,4,7,0,0.9933537598419726,single,0,passed,random_current_transfer
0.7560464762081596,0.82619835041885,-0.08892850086816106,0.8449749770763206,4,7,0,0.7559622067719518,up_to_four,0,passed,random_previous_iid
0.697885120987721,0.7623118777394533,-0.1470898560885996,0.8449749770763206,4,7,0,0.6979102874046834,single,0,passed,random_previous_iid
0.659535371023291,0.7574821389428632,-0.1671165213385296,0.8266518923618206,4,7,0,0.6387751057082452,up_to_four,0,passed,random_previous_transfer
0.6419774781636269,0.7137352736837803,-0.18467441419819364,0.8266518923618206,4,7,0,0.6304837314836019,single,0,passed,random_previous_transfer
0.6178686557268259,,-0.37297482241777025,0.9908434781445962,4,7,0,0.604578463162443,up_to_four,0,passed,random_query_iid
0.40349759809871816,,-0.587345880045878,0.9908434781445962,4,7,0,0.3612623780322809,single,0,passed,random_query_iid
0.6574841666562308,0.685295521965111,0.0022102409222517494,0.655273925733979,4,7,0,0.6488421450665907,up_to_four,0,passed,random_A_iid
0.6517547141757525,0.6825982579365226,-0.0035192115582265426,0.655273925733979,4,7,0,0.6505895790764878,single,0,passed,random_A_iid
0.6509276851171568,0.6871653374759107,-0.018676740477272746,0.6696044255944296,4,7,0,0.6505959608893079,up_to_four,0,passed,random_B_iid
0.6487043932378818,0.6887433195576519,-0.020900032356547804,0.6696044255944296,4,7,0,0.6482999683469972,single,0,passed,random_B_iid
0.647460092691079,0.6684144493694955,-0.01643632235763426,0.6638964150487132,4,7,0,0.6474312821799139,up_to_four,0,passed,random_C_iid
0.647460092691079,0.6684144493694955,-0.01643632235763426,0.6638964150487132,4,7,0,0.6474312821799139,single,0,passed,random_C_iid
0.6470594738218285,0.6637371894514428,-0.0011506782945736038,0.6482101521164021,4,7,0,0.6470768797049427,up_to_four,0,passed,random_D_iid
0.6470594738218285,0.6637371894514428,-0.0011506782945736038,0.6482101521164021,4,7,0,0.6470768797049427,single,0,passed,random_D_iid
0.12417569306779226,,-0.010474129921005979,0.13464982298879824,4,7,0,0.04207239832591404,up_to_four,0,passed,random_state_iid
0.1239258434118396,,-0.010723979576958642,0.13464982298879824,4,7,0,0.03710487193462544,single,0,passed,random_state_iid
0.9977269146120558,0.9998306595422507,-0.0009691238300697513,0.9986960384421255,4,7,0,0.9976982210931897,up_to_four,0,passed,random_128_current_iid
0.9962026102930814,0.999672698523063,-0.0024934281490440746,0.9986960384421255,4,7,0,0.9961968892074962,single,0,passed,random_128_current_iid
0.9978423444515903,0.9999732843189638,-0.0011380880121395487,0.9989804324637298,4,7,0,0.997783304395423,up_to_four,0,passed,random_128_current_transfer
0.9972495801590247,0.9999222816551676,-0.001730852304705155,0.9989804324637298,4,7,0,0.9971788167041119,single,0,passed,random_128_current_transfer
0.7037031455987632,0.7807888424584069,-0.1412718314775574,0.8449749770763206,4,7,0,0.7028809566082488,up_to_four,0,passed,random_128_previous_iid
0.6531476425820522,0.7162261775311801,-0.19182733449426848,0.8449749770763206,4,7,0,0.6424482610047775,single,0,passed,random_128_previous_iid
0.6619370934124928,0.7363670814122403,-0.16471479894932772,0.8266518923618206,4,7,0,0.6615650685099813,up_to_four,0,passed,random_128_previous_transfer
0.6405526803660262,0.6986634393541412,-0.18609921199579438,0.8266518923618206,4,7,0,0.6404517663100238,single,0,passed,random_128_previous_transfer
0.536196506171036,,-0.4546469719735602,0.9908434781445962,4,7,0,0.5322037333294862,up_to_four,0,passed,random_128_query_iid
0.3962968722084481,,-0.594546605936148,0.9908434781445962,4,7,0,0.3207367656692858,single,0,passed,random_128_query_iid
0.6510783084884629,0.6750031240092476,-0.004195617245516092,0.655273925733979,4,7,0,0.6476167338583961,up_to_four,0,passed,random_128_A_iid
0.64928022756862,0.6759919456369636,-0.005993698165358996,0.655273925733979,4,7,0,0.6488702803805314,single,0,passed,random_128_A_iid
0.649167687448237,0.6861208942126608,-0.020436738146192512,0.6696044255944296,4,7,0,0.6486982996997706,up_to_four,0,passed,random_128_B_iid
0.6442577894666228,0.6840719630594213,-0.025346636127806743,0.6696044255944296,4,7,0,0.6437218142814647,single,0,passed,random_128_B_iid
0.6476352396426615,0.6636668709381075,-0.016261175406051764,0.6638964150487132,4,7,0,0.6475185225228576,up_to_four,0,passed,random_128_C_iid
0.6481847764537775,0.6663251264442686,-0.01571163859493574,0.6638964150487132,4,7,0,0.6481851358219886,single,0,passed,random_128_C_iid
0.647683518928674,0.6531223944714891,-0.0005266331877280539,0.6482101521164021,4,7,0,0.6475430588899307,up_to_four,0,passed,random_128_D_iid
0.6421786239797382,0.65716919481038,-0.006031528136663855,0.6482101521164021,4,7,0,0.6415346209390749,single,0,passed,random_128_D_iid
0.12396562698917887,,-0.010684195999619367,0.13464982298879824,4,7,0,0.037161821705341894,up_to_four,0,passed,random_128_state_iid
0.12356779121578612,,-0.011082031773012119,0.13464982298879824,4,7,0,0.03700257836142471,single,0,passed,random_128_state_iid
0.9954925813666888,0.9957565403047904,-0.0032034570754366776,0.9986960384421255,4,7,0,0.9955953762021219,up_to_four,0,passed,transcoder_current_iid
0.9954925813666888,0.9957565403047904,-0.0032034570754366776,0.9986960384421255,4,7,0,0.9955953762021219,single,0,passed,transcoder_current_iid
0.99490208136204,0.9950648041465328,-0.004078351101689859,0.9989804324637298,4,7,0,0.9951603841625297,up_to_four,0,passed,transcoder_current_transfer
0.99490208136204,0.9950648041465328,-0.004078351101689859,0.9989804324637298,4,7,0,0.9951603841625297,single,0,passed,transcoder_current_transfer
0.7470552035452982,0.8160262297005205,-0.09791977353102244,0.8449749770763206,4,7,0,0.7450711623245992,up_to_four,0,passed,transcoder_previous_iid
0.6186159097551239,0.61994106642769,-0.2263590673211967,0.8449749770763206,4,7,0,0.5648735604038538,single,0,passed,transcoder_previous_iid
0.7270964218441751,0.8041822552301411,-0.09955547051764546,0.8266518923618206,4,7,0,0.7186852277918767,up_to_four,0,passed,transcoder_previous_transfer
0.6293107099468348,0.6318034559241494,-0.19734118241498577,0.8266518923618206,4,7,0,0.586373123228465,single,0,passed,transcoder_previous_transfer
0.7376283632453576,,-0.25321511489923854,0.9908434781445962,4,7,0,0.7536451165074494,up_to_four,0,passed,transcoder_query_iid
0.4251850370074015,,-0.5656584411371947,0.9908434781445962,4,7,0,0.32255147200591805,single,0,passed,transcoder_query_iid
0.6480230309479577,0.6329583891578244,-0.007250894786021367,0.655273925733979,4,7,0,0.648039535787525,up_to_four,0,passed,transcoder_A_iid
0.6479713620423051,0.6428958768393477,-0.0073025636916739245,0.655273925733979,4,7,0,0.6479882730036359,single,0,passed,transcoder_A_iid
0.6435375520870774,0.6200840982057245,-0.02606687350735215,0.6696044255944296,4,7,0,0.643566249693563,up_to_four,0,passed,transcoder_B_iid
0.6436300508274775,0.6412406234455128,-0.02597437476695208,0.6696044255944296,4,7,0,0.6436597627780982,single,0,passed,transcoder_B_iid
0.6472280384808473,0.651900743940527,-0.016668376567865906,0.6638964150487132,4,7,0,0.6472152434622418,up_to_four,0,passed,transcoder_C_iid
0.6475424559600771,0.6383443708880806,-0.016353959088636127,0.6638964150487132,4,7,0,0.6474923153812471,single,0,passed,transcoder_C_iid
0.647236994227062,0.6147526626458615,-0.0009731578893400483,0.6482101521164021,4,7,0,0.6472325973021213,up_to_four,0,passed,transcoder_D_iid
0.6472333092367007,0.6294573713505778,-0.000976842879701345,0.6482101521164021,4,7,0,0.647230022197072,single,0,passed,transcoder_D_iid
0.12436346276257161,,-0.010286360226226629,0.13464982298879824,4,7,0,0.03723107844179489,up_to_four,0,passed,transcoder_state_iid
0.1231436250849891,,-0.011506197903809134,0.13464982298879824,4,7,0,0.037161253315261905,single,0,passed,transcoder_state_iid
0.8117428920243607,0.8859130567257706,-0.18695314641776484,0.9986960384421255,4,7,0,0.8121664201497493,up_to_four,0,passed,transcoder_128_current_iid
0.7365672583467632,0.7829288725240263,-0.26212878009536233,0.9986960384421255,4,7,0,0.7367436751088408,single,0,passed,transcoder_128_current_iid
0.7851342778702842,0.8718597740857247,-0.21384615459344558,0.9989804324637298,4,7,0,0.7828741166236857,up_to_four,0,passed,transcoder_128_current_transfer
0.7022898414999122,0.7785718541718883,-0.29669059096381756,0.9989804324637298,4,7,0,0.6976072239430086,single,0,passed,transcoder_128_current_transfer
0.660246500710891,0.6926642436444452,-0.18472847636542966,0.8449749770763206,4,7,0,0.6421916959122161,up_to_four,0,passed,transcoder_128_previous_iid
0.6186159097551239,0.61994106642769,-0.2263590673211967,0.8449749770763206,4,7,0,0.5648735604038538,single,0,passed,transcoder_128_previous_iid
0.648697991165139,0.6871560144300252,-0.17795390119668153,0.8266518923618206,4,7,0,0.639126052776877,up_to_four,0,passed,transcoder_128_previous_transfer
0.6293107099468348,0.6318034559241494,-0.19734118241498577,0.8266518923618206,4,7,0,0.586373123228465,single,0,passed,transcoder_128_previous_transfer
0.6104999093772905,,-0.3803435687673057,0.9908434781445962,4,7,0,0.6336926989842647,up_to_four,0,passed,transcoder_128_query_iid
0.4193643085131814,,-0.5714791696314148,0.9908434781445962,4,7,0,0.3173715765220082,single,0,passed,transcoder_128_query_iid
0.6054601104786612,0.6499741565377742,-0.049813815255317806,0.655273925733979,4,7,0,0.601227304291758,up_to_four,0,passed,transcoder_128_A_iid
0.5920709016509834,0.6190322601667093,-0.0632030240829956,0.655273925733979,4,7,0,0.5896787168134416,single,0,passed,transcoder_128_A_iid
0.6006288233279662,0.6340478957757334,-0.06897560226646338,0.6696044255944296,4,7,0,0.598015036342799,up_to_four,0,passed,transcoder_128_B_iid
0.5936902370481351,0.6075070913032612,-0.0759141885462945,0.6696044255944296,4,7,0,0.5925464677929582,single,0,passed,transcoder_128_B_iid
0.6053140149132519,0.6317614996139197,-0.05858240013546134,0.6638964150487132,4,7,0,0.600931312874905,up_to_four,0,passed,transcoder_128_C_iid
0.5859552165625453,0.5996804463169143,-0.07794119848616787,0.6638964150487132,4,7,0,0.5859517054069187,single,0,passed,transcoder_128_C_iid
0.5935657504819326,0.6168641821500349,-0.054644401634469486,0.6482101521164021,4,7,0,0.5856072295924986,up_to_four,0,passed,transcoder_128_D_iid
0.5839394341392887,0.6024554743015181,-0.06427071797711337,0.6482101521164021,4,7,0,0.5798442465472736,single,0,passed,transcoder_128_D_iid
0.10079153207718021,,-0.03385829091161803,0.13464982298879824,4,7,0,0.034745440407691376,up_to_four,0,passed,transcoder_128_state_iid
0.0974667416596905,,-0.037183081329107734,0.13464982298879824,4,7,0,0.029536804361132388,single,0,passed,transcoder_128_state_iid
0.9978212328433695,0.9998278572178908,-0.0008748055987559678,0.9986960384421255,16,7,0,0.9977982738466958,up_to_four,0,passed,coordinate_current_iid
0.9977355617843664,0.9998179990411247,-0.0009604766577591128,0.9986960384421255,16,7,0,0.9976982593086021,single,0,passed,coordinate_current_iid
0.9985773495065209,0.9999692364885039,-0.0004030829572089223,0.9989804324637298,16,7,0,0.9985891761275145,up_to_four,0,passed,coordinate_current_transfer
0.9985773495065209,0.9999692364885039,-0.0004030829572089223,0.9989804324637298,16,7,0,0.9985891761275145,single,0,passed,coordinate_current_transfer
0.7352889965531053,0.8105099512612729,-0.10968598052321532,0.8449749770763206,16,7,0,0.7353654143554317,up_to_four,0,passed,coordinate_previous_iid
0.730152140946362,0.8000010450033884,-0.11482283612995858,0.8449749770763206,16,7,0,0.7302510257185517,single,0,passed,coordinate_previous_iid
0.7023212872592983,0.7875867974929504,-0.12433060510252225,0.8266518923618206,16,7,0,0.6979904210067991,up_to_four,0,passed,coordinate_previous_transfer
0.7116911439621638,0.794291985094423,-0.11496074839965675,0.8266518923618206,16,7,0,0.7075936108588095,single,0,passed,coordinate_previous_transfer
0.6159064196519382,,-0.374937058492658,0.9908434781445962,16,7,0,0.6104101403838978,up_to_four,0,passed,coordinate_query_iid
0.4503455094903898,,-0.5404979686542064,0.9908434781445962,16,7,0,0.3713929468197771,single,0,passed,coordinate_query_iid
0.6575584041074212,0.6836268910992149,0.0022844783734421448,0.655273925733979,16,7,0,0.6490065214122624,up_to_four,0,passed,coordinate_A_iid
0.652641829694502,0.6878293454778436,-0.0026320960394770054,0.655273925733979,16,7,0,0.6481012125414949,single,0,passed,coordinate_A_iid
0.651731215391022,0.6850152821047478,-0.017873210203407597,0.6696044255944296,16,7,0,0.6502256883838338,up_to_four,0,passed,coordinate_B_iid
0.6509492187919017,0.6841902982069733,-0.018655206802527857,0.6696044255944296,16,7,0,0.6495011506610997,single,0,passed,coordinate_B_iid
0.6475255302882972,0.6657443333925923,-0.016370884760416038,0.6638964150487132,16,7,0,0.6475108872274,up_to_four,0,passed,coordinate_C_iid
0.6469154260732608,0.6647901555212726,-0.016980988975452416,0.6638964150487132,16,7,0,0.6468918606323186,single,0,passed,coordinate_C_iid
0.6482702334809893,0.6701447368083754,6.0081364587238895e-05,0.6482101521164021,16,7,0,0.6481812486931284,up_to_four,0,passed,coordinate_D_iid
0.6463080562220582,0.6706249671555207,-0.0019020958943438693,0.6482101521164021,16,7,0,0.6438002548359897,single,0,passed,coordinate_D_iid
0.12467601625560987,,-0.009973806733188373,0.13464982298879824,16,7,0,0.0450009298430839,up_to_four,0,passed,coordinate_state_iid
0.12482104292559482,,-0.009828780063203424,0.13464982298879824,16,7,0,0.038949377189729746,single,0,passed,coordinate_state_iid
0.9977952913264378,0.9998262458813838,-0.0009007471156876612,0.9986960384421255,16,7,0,0.9977981610020505,up_to_four,0,passed,coordinate_128_current_iid
0.9977355617843664,0.9998179990411247,-0.0009604766577591128,0.9986960384421255,16,7,0,0.9976982593086021,single,0,passed,coordinate_128_current_iid
0.9985773495065209,0.9999692364885039,-0.0004030829572089223,0.9989804324637298,16,7,0,0.9985891761275145,up_to_four,0,passed,coordinate_128_current_transfer
0.9985773495065209,0.9999692364885039,-0.0004030829572089223,0.9989804324637298,16,7,0,0.9985891761275145,single,0,passed,coordinate_128_current_transfer
0.730818991672189,0.8030482922046558,-0.11415598540413163,0.8449749770763206,16,7,0,0.7308959183697561,up_to_four,0,passed,coordinate_128_previous_iid
0.669200384191743,0.7406396563890295,-0.17577459288457764,0.8449749770763206,16,7,0,0.6683872087135825,single,0,passed,coordinate_128_previous_iid
0.7047692644922556,0.8094480626836726,-0.12188262786956494,0.8266518923618206,16,7,0,0.6958716381344686,up_to_four,0,passed,coordinate_128_previous_transfer
0.6994085324396923,0.7738596973558577,-0.12724335992212832,0.8266518923618206,16,7,0,0.6956616715452837,single,0,passed,coordinate_128_previous_transfer
0.509273706921505,,-0.4815697712230912,0.9908434781445962,16,7,0,0.5024567544175269,up_to_four,0,passed,coordinate_128_query_iid
0.3892203610112218,,-0.6016231171333744,0.9908434781445962,16,7,0,0.2602176617081836,single,0,passed,coordinate_128_query_iid
0.6571594829169324,0.6897829436472778,0.0018855571829533568,0.655273925733979,16,7,0,0.644138455176422,up_to_four,0,passed,coordinate_128_A_iid
0.652641829694502,0.6878293454778436,-0.0026320960394770054,0.655273925733979,16,7,0,0.6481012125414949,single,0,passed,coordinate_128_A_iid
0.6500480264987478,0.6818592378904299,-0.019556399095681742,0.6696044255944296,16,7,0,0.6494310613895139,up_to_four,0,passed,coordinate_128_B_iid
0.6453765399179094,0.6796480086714267,-0.024227885676520122,0.6696044255944296,16,7,0,0.6426744789948108,single,0,passed,coordinate_128_B_iid
0.6477752251986881,0.6583674706049083,-0.016121189850025086,0.6638964150487132,16,7,0,0.6477603893624548,up_to_four,0,passed,coordinate_128_C_iid
0.6471902369805058,0.6605380367546788,-0.0167061780682074,0.6638964150487132,16,7,0,0.6471368890269527,single,0,passed,coordinate_128_C_iid
0.6471442286001394,0.6608739719677976,-0.001065923516262668,0.6482101521164021,16,7,0,0.6471375949899787,up_to_four,0,passed,coordinate_128_D_iid
0.6423192944813585,0.6629537584979082,-0.0058908576350436,0.6482101521164021,16,7,0,0.6423182420169903,single,0,passed,coordinate_128_D_iid
0.12429444456896524,,-0.010355378419833,0.13464982298879824,16,7,0,0.042700384284145854,up_to_four,0,passed,coordinate_128_state_iid
0.12482104292559482,,-0.009828780063203424,0.13464982298879824,16,7,0,0.038949377189729746,single,0,passed,coordinate_128_state_iid
0.9978183504525994,0.9999324439663234,-0.0008776879895261436,0.9986960384421255,16,7,0,0.9977982614852514,up_to_four,0,passed,random_current_iid
0.9935497699211634,0.9997038143317594,-0.005146268520962116,0.9986960384421255,16,7,0,0.9934458543554116,single,0,passed,random_current_iid
0.9982454274087991,0.9999774940626422,-0.0007350050549307374,0.9989804324637298,16,7,0,0.9981863399598916,up_to_four,0,passed,random_current_transfer
0.9937167956467364,0.9998337151247023,-0.005263636816993378,0.9989804324637298,16,7,0,0.9933537598419726,single,0,passed,random_current_transfer
0.7560464762081596,0.82619835041885,-0.08892850086816106,0.8449749770763206,16,7,0,0.7559622067719518,up_to_four,0,passed,random_previous_iid
0.697885120987721,0.7623118777394533,-0.1470898560885996,0.8449749770763206,16,7,0,0.6979102874046834,single,0,passed,random_previous_iid
0.659535371023291,0.7574821389428632,-0.1671165213385296,0.8266518923618206,16,7,0,0.6387751057082452,up_to_four,0,passed,random_previous_transfer
0.6419774781636269,0.7137352736837803,-0.18467441419819364,0.8266518923618206,16,7,0,0.6304837314836019,single,0,passed,random_previous_transfer
0.6178686557268259,,-0.37297482241777025,0.9908434781445962,16,7,0,0.604578463162443,up_to_four,0,passed,random_query_iid
0.40349759809871816,,-0.587345880045878,0.9908434781445962,16,7,0,0.3612623780322809,single,0,passed,random_query_iid
0.6574841666562308,0.685295521965111,0.0022102409222517494,0.655273925733979,16,7,0,0.6488421450665907,up_to_four,0,passed,random_A_iid
0.6517547141757525,0.6825982579365226,-0.0035192115582265426,0.655273925733979,16,7,0,0.6505895790764878,single,0,passed,random_A_iid
0.6509276851171568,0.6871653374759107,-0.018676740477272746,0.6696044255944296,16,7,0,0.6505959608893079,up_to_four,0,passed,random_B_iid
0.6487043932378818,0.6887433195576519,-0.020900032356547804,0.6696044255944296,16,7,0,0.6482999683469972,single,0,passed,random_B_iid
0.647460092691079,0.6684144493694955,-0.01643632235763426,0.6638964150487132,16,7,0,0.6474312821799139,up_to_four,0,passed,random_C_iid
0.647460092691079,0.6684144493694955,-0.01643632235763426,0.6638964150487132,16,7,0,0.6474312821799139,single,0,passed,random_C_iid
0.6470594738218285,0.6637371894514428,-0.0011506782945736038,0.6482101521164021,16,7,0,0.6470768797049427,up_to_four,0,passed,random_D_iid
0.6470594738218285,0.6637371894514428,-0.0011506782945736038,0.6482101521164021,16,7,0,0.6470768797049427,single,0,passed,random_D_iid
0.12417569306779226,,-0.010474129921005979,0.13464982298879824,16,7,0,0.04207239832591404,up_to_four,0,passed,random_state_iid
0.1239258434118396,,-0.010723979576958642,0.13464982298879824,16,7,0,0.03710487193462544,single,0,passed,random_state_iid
0.9977269146120558,0.9998306595422507,-0.0009691238300697513,0.9986960384421255,16,7,0,0.9976982210931897,up_to_four,0,passed,random_128_current_iid
0.9962026102930814,0.999672698523063,-0.0024934281490440746,0.9986960384421255,16,7,0,0.9961968892074962,single,0,passed,random_128_current_iid
0.9978423444515903,0.9999732843189638,-0.0011380880121395487,0.9989804324637298,16,7,0,0.997783304395423,up_to_four,0,passed,random_128_current_transfer
0.9972495801590247,0.9999222816551676,-0.001730852304705155,0.9989804324637298,16,7,0,0.9971788167041119,single,0,passed,random_128_current_transfer
0.7037031455987632,0.7807888424584069,-0.1412718314775574,0.8449749770763206,16,7,0,0.7028809566082488,up_to_four,0,passed,random_128_previous_iid
0.6531476425820522,0.7162261775311801,-0.19182733449426848,0.8449749770763206,16,7,0,0.6424482610047775,single,0,passed,random_128_previous_iid
0.6619370934124928,0.7363670814122403,-0.16471479894932772,0.8266518923618206,16,7,0,0.6615650685099813,up_to_four,0,passed,random_128_previous_transfer
0.6405526803660262,0.6986634393541412,-0.18609921199579438,0.8266518923618206,16,7,0,0.6404517663100238,single,0,passed,random_128_previous_transfer
0.536196506171036,,-0.4546469719735602,0.9908434781445962,16,7,0,0.5322037333294862,up_to_four,0,passed,random_128_query_iid
0.3962968722084481,,-0.594546605936148,0.9908434781445962,16,7,0,0.3207367656692858,single,0,passed,random_128_query_iid
0.6510783084884629,0.6750031240092476,-0.004195617245516092,0.655273925733979,16,7,0,0.6476167338583961,up_to_four,0,passed,random_128_A_iid
0.64928022756862,0.6759919456369636,-0.005993698165358996,0.655273925733979,16,7,0,0.6488702803805314,single,0,passed,random_128_A_iid
0.649167687448237,0.6861208942126608,-0.020436738146192512,0.6696044255944296,16,7,0,0.6486982996997706,up_to_four,0,passed,random_128_B_iid
0.6442577894666228,0.6840719630594213,-0.025346636127806743,0.6696044255944296,16,7,0,0.6437218142814647,single,0,passed,random_128_B_iid
0.6476352396426615,0.6636668709381075,-0.016261175406051764,0.6638964150487132,16,7,0,0.6475185225228576,up_to_four,0,passed,random_128_C_iid
0.6481847764537775,0.6663251264442686,-0.01571163859493574,0.6638964150487132,16,7,0,0.6481851358219886,single,0,passed,random_128_C_iid
0.647683518928674,0.6531223944714891,-0.0005266331877280539,0.6482101521164021,16,7,0,0.6475430588899307,up_to_four,0,passed,random_128_D_iid
0.6421786239797382,0.65716919481038,-0.006031528136663855,0.6482101521164021,16,7,0,0.6415346209390749,single,0,passed,random_128_D_iid
0.12396562698917887,,-0.010684195999619367,0.13464982298879824,16,7,0,0.037161821705341894,up_to_four,0,passed,random_128_state_iid
0.12356779121578612,,-0.011082031773012119,0.13464982298879824,16,7,0,0.03700257836142471,single,0,passed,random_128_state_iid
0.998035810822929,0.9998899687356682,-0.0006602276191964851,0.9986960384421255,16,7,0,0.9979984863553062,up_to_four,0,passed,transcoder_current_iid
0.9978093029482373,0.99823498602681,-0.00088673549388818,0.9986960384421255,16,7,0,0.9978480438234165,single,0,passed,transcoder_current_iid
0.9986485103660081,0.9999875326821831,-0.0003319220977217041,0.9989804324637298,16,7,0,0.99858937552436,up_to_four,0,passed,transcoder_current_transfer
0.9974629008242678,0.9976458627610608,-0.0015175316394619998,0.9989804324637298,16,7,0,0.9975809186516889,single,0,passed,transcoder_current_transfer
0.6827695915330014,0.6662960599677216,-0.1622053855433192,0.8449749770763206,16,7,0,0.6681251934573729,up_to_four,0,passed,transcoder_previous_iid
0.6789082578246217,0.6655346335484885,-0.1660667192516989,0.8449749770763206,16,7,0,0.6637185601735374,single,0,passed,transcoder_previous_iid
0.6843132920445384,0.6759298338169348,-0.14233860031728218,0.8266518923618206,16,7,0,0.6753450843805946,up_to_four,0,passed,transcoder_previous_transfer
0.681209759214745,0.6727850617288538,-0.14544213314707555,0.8266518923618206,16,7,0,0.6650478434389575,single,0,passed,transcoder_previous_transfer
0.9949917735456997,,0.004148295401103508,0.9908434781445962,16,7,0,0.9949987649936138,up_to_four,0,passed,transcoder_query_iid
0.4996499299859972,,-0.49119354815859895,0.9908434781445962,16,7,0,0.37511196909336647,single,0,passed,transcoder_query_iid
0.651708235685208,0.7081748116992977,-0.003565690048771053,0.655273925733979,16,7,0,0.6462109018913087,up_to_four,0,passed,transcoder_A_iid
0.6210831398289521,0.6148404669107232,-0.03419078590502689,0.655273925733979,16,7,0,0.5664440658074335,single,0,passed,transcoder_A_iid
0.6434122124914206,0.6748091207840627,-0.02619221310300901,0.6696044255944296,16,7,0,0.643415394965194,up_to_four,0,passed,transcoder_B_iid
0.6434122124914206,0.6748091207840627,-0.02619221310300901,0.6696044255944296,16,7,0,0.643415394965194,single,0,passed,transcoder_B_iid
0.647647585132654,0.6701438080077399,-0.01624882991605925,0.6638964150487132,16,7,0,0.647645822021594,up_to_four,0,passed,transcoder_C_iid
0.6476431749576141,0.6563992274853389,-0.016253240091099075,0.6638964150487132,16,7,0,0.647639531419987,single,0,passed,transcoder_C_iid
0.6479357004429679,0.6845516822701976,-0.0002744516734342062,0.6482101521164021,16,7,0,0.647794192041165,up_to_four,0,passed,transcoder_D_iid
0.6452221055842664,0.6678747577118838,-0.002988046532135691,0.6482101521164021,16,7,0,0.6452963266049685,single,0,passed,transcoder_D_iid
0.12392927336002041,,-0.010720549628777831,0.13464982298879824,16,7,0,0.03814954715055921,up_to_four,0,passed,transcoder_state_iid
0.12392927336002041,,-0.010720549628777831,0.13464982298879824,16,7,0,0.03814954715055921,single,0,passed,transcoder_state_iid
0.9978093029482373,0.99823498602681,-0.00088673549388818,0.9986960384421255,16,7,0,0.9978480438234165,up_to_four,0,passed,transcoder_128_current_iid
0.9978093029482373,0.99823498602681,-0.00088673549388818,0.9986960384421255,16,7,0,0.9978480438234165,single,0,passed,transcoder_128_current_iid
0.9974629008242678,0.9976458627610608,-0.0015175316394619998,0.9989804324637298,16,7,0,0.9975809186516889,up_to_four,0,passed,transcoder_128_current_transfer
0.9974629008242678,0.9976458627610608,-0.0015175316394619998,0.9989804324637298,16,7,0,0.9975809186516889,single,0,passed,transcoder_128_current_transfer
0.7370067800512663,0.7946188849548264,-0.10796819702505434,0.8449749770763206,16,7,0,0.7366093715535318,up_to_four,0,passed,transcoder_128_previous_iid
0.6425109283683086,0.6477602344225502,-0.20246404870801205,0.8449749770763206,16,7,0,0.610101374859075,single,0,passed,transcoder_128_previous_iid
0.6886818669866734,0.7985791032133184,-0.13797002537514713,0.8266518923618206,16,7,0,0.6774656580915162,up_to_four,0,passed,transcoder_128_previous_transfer
0.6601273958708729,0.6702334290629028,-0.1665244964909477,0.8266518923618206,16,7,0,0.6414947837226916,single,0,passed,transcoder_128_previous_transfer
0.7819712637196077,,-0.2088722144249885,0.9908434781445962,16,7,0,0.7849836978233957,up_to_four,0,passed,transcoder_128_query_iid
0.5051996067554088,,-0.4856438713891874,0.9908434781445962,16,7,0,0.38830545227361096,single,0,passed,transcoder_128_query_iid
0.642513923351093,0.6803982977400492,-0.012760002382885993,0.655273925733979,16,7,0,0.642551351092179,up_to_four,0,passed,transcoder_128_A_iid
0.6210831398289521,0.6148404669107232,-0.03419078590502689,0.655273925733979,16,7,0,0.5664440658074335,single,0,passed,transcoder_128_A_iid
0.6438780883412202,0.6371176551957555,-0.025726337253209386,0.6696044255944296,16,7,0,0.6439005203376039,up_to_four,0,passed,transcoder_128_B_iid
0.6438780883412202,0.6371176551957555,-0.025726337253209386,0.6696044255944296,16,7,0,0.6439005203376039,single,0,passed,transcoder_128_B_iid
0.648106023328066,0.6393570060795712,-0.015790391720647223,0.6638964150487132,16,7,0,0.6480729543365156,up_to_four,0,passed,transcoder_128_C_iid
0.648106023328066,0.6393570060795712,-0.015790391720647223,0.6638964150487132,16,7,0,0.6480729543365156,single,0,passed,transcoder_128_C_iid
0.6472664741499528,0.6426748610037657,-0.0009436779664493411,0.6482101521164021,16,7,0,0.6472529424891931,up_to_four,0,passed,transcoder_128_D_iid
0.6473510687112916,0.658201317552282,-0.0008590834051105389,0.6482101521164021,16,7,0,0.6469979824169185,single,0,passed,transcoder_128_D_iid
0.12478178496826828,,-0.009868038020529962,0.13464982298879824,16,7,0,0.03746750686187471,up_to_four,0,passed,transcoder_128_state_iid
0.12359308983291967,,-0.011056733155878573,0.13464982298879824,16,7,0,0.0373842389054858,single,0,passed,transcoder_128_state_iid
0.9992936541284803,0.9999924737574334,-8.647172310638496e-06,0.9993023013007909,4,11,0,0.9992994108044866,up_to_four,0,passed,coordinate_current_iid
0.998738873971627,0.9999804037460831,-0.0005634273291639236,0.9993023013007909,4,11,0,0.998748936943572,single,0,passed,coordinate_current_iid
0.9996206373292869,0.9999990285206896,0.0004268032437046987,0.9991938340855822,4,11,0,0.9995969360991122,up_to_four,0,passed,coordinate_current_transfer
0.9994309559939302,0.9999978951281608,0.00023712190834801472,0.9991938340855822,4,11,0,0.9993954183664833,single,0,passed,coordinate_current_transfer
0.6378911011783828,0.6814404049578656,-0.19656093426305143,0.8344520354414342,4,11,0,0.6377879780426831,up_to_four,0,passed,coordinate_previous_iid
0.6034677138408908,0.6346157603369599,-0.23098432160054339,0.8344520354414342,4,11,0,0.602441547188969,single,0,passed,coordinate_previous_iid
0.663954287582525,0.702443518934764,-0.14772106657353778,0.8116753541560627,4,11,0,0.661928400158604,up_to_four,0,passed,coordinate_previous_transfer
0.6420456529734991,0.6800837602773061,-0.1696297011825636,0.8116753541560627,4,11,0,0.6414296237711365,single,0,passed,coordinate_previous_transfer
0.5667982940867233,,-0.42045808351079117,0.9872563775975145,4,11,0,0.5556560693164916,up_to_four,0,passed,coordinate_query_iid
0.3850795512355142,,-0.6021768263620003,0.9872563775975145,4,11,0,0.3097202405556048,single,0,passed,coordinate_query_iid
0.6496635675033405,0.6811420436827538,-0.002550611026978289,0.6522141785303188,4,11,0,0.6496545734232124,up_to_four,0,passed,coordinate_A_iid
0.6496635675033405,0.6811420436827538,-0.002550611026978289,0.6522141785303188,4,11,0,0.6496545734232124,single,0,passed,coordinate_A_iid
0.6481412956483885,0.6797972284319435,-0.0008514206861925944,0.6489927163345811,4,11,0,0.6452867247879722,up_to_four,0,passed,coordinate_B_iid
0.6459669948804289,0.6693608008829928,-0.0030257214541522526,0.6489927163345811,4,11,0,0.645956225892466,single,0,passed,coordinate_B_iid
0.649409310055516,0.6643357774870084,-0.004777439616578394,0.6541867496720944,4,11,0,0.6494109785654418,up_to_four,0,passed,coordinate_C_iid
0.6485613964018232,0.6613872854613599,-0.005625353270271249,0.6541867496720944,4,11,0,0.6485342192638455,single,0,passed,coordinate_C_iid
0.6480967185000616,0.6585117829970059,-0.005075353246380421,0.653172071746442,4,11,0,0.6480562092126285,up_to_four,0,passed,coordinate_D_iid
0.6480967185000616,0.6585117829970059,-0.005075353246380421,0.653172071746442,4,11,0,0.6480562092126285,single,0,passed,coordinate_D_iid
0.12497445726656425,,-0.0037983675982184717,0.12877282486478273,4,11,0,0.03960334244842183,up_to_four,0,passed,coordinate_state_iid
0.12367535506448016,,-0.005097469800302568,0.12877282486478273,4,11,0,0.03983158778938416,single,0,passed,coordinate_state_iid
0.9989192635939954,0.9999932744215362,-0.000383037706795486,0.9993023013007909,4,11,0,0.9988991307426257,up_to_four,0,passed,coordinate_128_current_iid
0.9989991698714582,0.9999930542389079,-0.00030313142933269255,0.9993023013007909,4,11,0,0.9989991698714582,single,0,passed,coordinate_128_current_iid
0.9992412746585736,0.9999988666074712,4.7440572991441776e-05,0.9991938340855822,4,11,0,0.9991939100462542,up_to_four,0,passed,coordinate_128_current_transfer
0.9990515933232169,0.9999974093885056,-0.0001422407623652422,0.9991938340855822,4,11,0,0.9989924110888286,single,0,passed,coordinate_128_current_transfer
0.6130077172056864,0.62287145222793,-0.22144431823574784,0.8344520354414342,4,11,0,0.5850429248494696,up_to_four,0,passed,coordinate_128_previous_iid
0.6034677138408908,0.6346157603369599,-0.23098432160054339,0.8344520354414342,4,11,0,0.602441547188969,single,0,passed,coordinate_128_previous_iid
0.6322333101749511,0.6559605589219835,-0.17944204398111163,0.8116753541560627,4,11,0,0.6280240100389731,up_to_four,0,passed,coordinate_128_previous_transfer
0.6420456529734991,0.6800837602773061,-0.1696297011825636,0.8116753541560627,4,11,0,0.6414296237711365,single,0,passed,coordinate_128_previous_transfer
0.5874219386507867,,-0.39983443894672777,0.9872563775975145,4,11,0,0.581149722769163,up_to_four,0,passed,coordinate_128_query_iid
0.3850795512355142,,-0.6021768263620003,0.9872563775975145,4,11,0,0.3097202405556048,single,0,passed,coordinate_128_query_iid
0.6496635675033405,0.6811420436827538,-0.002550611026978289,0.6522141785303188,4,11,0,0.6496545734232124,up_to_four,0,passed,coordinate_128_A_iid
0.6496635675033405,0.6811420436827538,-0.002550611026978289,0.6522141785303188,4,11,0,0.6496545734232124,single,0,passed,coordinate_128_A_iid
0.6481412956483885,0.6797972284319435,-0.0008514206861925944,0.6489927163345811,4,11,0,0.6452867247879722,up_to_four,0,passed,coordinate_128_B_iid
0.6459669948804289,0.6693608008829928,-0.0030257214541522526,0.6489927163345811,4,11,0,0.645956225892466,single,0,passed,coordinate_128_B_iid
0.6520114733353767,0.6627373040435975,-0.0021752763367177685,0.6541867496720944,4,11,0,0.6519388890191846,up_to_four,0,passed,coordinate_128_C_iid
0.6482959508662899,0.6619347971921006,-0.005890798805804565,0.6541867496720944,4,11,0,0.648250731680496,single,0,passed,coordinate_128_C_iid
0.6482115940691522,0.6621676939778927,-0.0049604776772897985,0.653172071746442,4,11,0,0.648165690504152,up_to_four,0,passed,coordinate_128_D_iid
0.6473555547865141,0.6623045342925203,-0.005816516959927909,0.653172071746442,4,11,0,0.6473454953478592,single,0,passed,coordinate_128_D_iid
0.12497445726656425,,-0.0037983675982184717,0.12877282486478273,4,11,0,0.03960334244842183,up_to_four,0,passed,coordinate_128_state_iid
0.12367535506448016,,-0.005097469800302568,0.12877282486478273,4,11,0,0.03983158778938416,single,0,passed,coordinate_128_state_iid
0.9992392890358979,0.9999954161980112,-6.301226489302536e-05,0.9993023013007909,4,11,0,0.9992493621661432,up_to_four,0,passed,random_current_iid
0.9991449708045842,0.9999949558161522,-0.00015733049620669792,0.9993023013007909,4,11,0,0.9991492870153207,single,0,passed,random_current_iid
0.998956712177234,0.9999993523471264,-0.00023712190834812574,0.9991938340855822,4,11,0,0.9989922205253853,up_to_four,0,passed,random_current_transfer
0.9993835154209387,0.9999993523471264,0.00018968133535657294,0.9991938340855822,4,11,0,0.9993953611975063,single,0,passed,random_current_transfer
0.6871356214635151,0.7529309342826814,-0.14731641397791906,0.8344520354414342,4,11,0,0.6869337938718498,up_to_four,0,passed,random_previous_iid
0.6003984522864731,0.6238449219590315,-0.23405358315496105,0.8344520354414342,4,11,0,0.5950375405003914,single,0,passed,random_previous_iid
0.7013094393318497,0.7630845479099869,-0.11036591482421299,0.8116753541560627,4,11,0,0.7014448426067011,up_to_four,0,passed,random_previous_transfer
0.6115332459011521,0.6384767852697828,-0.20014210825491063,0.8116753541560627,4,11,0,0.6114879219158545,single,0,passed,random_previous_transfer
0.5470331825658241,,-0.4402231950316904,0.9872563775975145,4,11,0,0.544515331538201,up_to_four,0,passed,random_query_iid
0.3651045468985511,,-0.6221518306989634,0.9872563775975145,4,11,0,0.3587457323124065,single,0,passed,random_query_iid
0.6490439310428177,0.6760916096153956,-0.0031702474875011655,0.6522141785303188,4,11,0,0.6489190915186687,up_to_four,0,passed,random_A_iid
0.6473861865345496,0.671716845467708,-0.004827991995769221,0.6522141785303188,4,11,0,0.6474419647453244,single,0,passed,random_A_iid
0.6441101357005753,0.6747060053016067,-0.0048825806340058175,0.6489927163345811,4,11,0,0.6441140253559376,up_to_four,0,passed,random_B_iid
0.6436543462560465,0.6665843877495965,-0.00533837007853466,0.6489927163345811,4,11,0,0.6436275157176072,single,0,passed,random_B_iid
0.6488110913122141,0.6539503252884107,-0.005375658359880298,0.6541867496720944,4,11,0,0.6487836631005655,up_to_four,0,passed,random_C_iid
0.6488110913122141,0.6539503252884107,-0.005375658359880298,0.6541867496720944,4,11,0,0.6487836631005655,single,0,passed,random_C_iid
0.6477705167445962,0.6580066889784822,-0.005401555001845804,0.653172071746442,4,11,0,0.647739185512276,up_to_four,0,passed,random_D_iid
0.648000588316722,0.6543717463938364,-0.0051714834297199586,0.653172071746442,4,11,0,0.6479761315802746,single,0,passed,random_D_iid
0.12496750767383841,,-0.0038053171909443184,0.12877282486478273,4,11,0,0.04243407372049272,up_to_four,0,passed,random_state_iid
0.1247471967246774,,-0.0040256281401053196,0.12877282486478273,4,11,0,0.039333170342030044,single,0,passed,random_state_iid
0.9991993358971665,0.9999955262893254,-0.00010296540362442208,0.9993023013007909,4,11,0,0.9991993358971665,up_to_four,0,passed,random_128_current_iid
0.9991449708045842,0.9999949558161522,-0.00015733049620669792,0.9993023013007909,4,11,0,0.9991492870153207,single,0,passed,random_128_current_iid
0.9991938340855822,0.999999190433908,0.0,0.9991938340855822,4,11,0,0.9991938340855822,up_to_four,0,passed,random_128_current_transfer
0.9993835154209387,0.9999993523471264,0.00018968133535657294,0.9991938340855822,4,11,0,0.9993953611975063,single,0,passed,random_128_current_transfer
0.6297296247144571,0.6765216028758493,-0.20472241072697706,0.8344520354414342,4,11,0,0.629747441780673,up_to_four,0,passed,random_128_previous_iid
0.6166789642203541,0.6129478113760801,-0.21777307122108014,0.8344520354414342,4,11,0,0.5727694928579069,single,0,passed,random_128_previous_iid
0.6170994311954555,0.6511210762331838,-0.19457592296060722,0.8116753541560627,4,11,0,0.6084638466077494,up_to_four,0,passed,random_128_previous_transfer
0.5206751721088865,0.5682574741511586,-0.29100018204717626,0.8116753541560627,4,11,0,0.4678458651756151,single,0,passed,random_128_previous_transfer
0.49039422335720473,,-0.4968621542403098,0.9872563775975145,4,11,0,0.48810609250549586,up_to_four,0,passed,random_128_query_iid
0.3651045468985511,,-0.6221518306989634,0.9872563775975145,4,11,0,0.3587457323124065,single,0,passed,random_128_query_iid
0.6494795905620374,0.668876782458371,-0.00273458796828141,0.6522141785303188,4,11,0,0.6494480266427307,up_to_four,0,passed,random_128_A_iid
0.649308482046234,0.6742028390799838,-0.0029056964840847854,0.6522141785303188,4,11,0,0.6492661151167407,single,0,passed,random_128_A_iid
0.64424384060854,0.6572101647430184,-0.004748875726041102,0.6489927163345811,4,11,0,0.6442520579142839,up_to_four,0,passed,random_128_B_iid
0.64424384060854,0.6572101647430184,-0.004748875726041102,0.6489927163345811,4,11,0,0.6442520579142839,single,0,passed,random_128_B_iid
0.648667070596032,0.6439005964146717,-0.005519679076062434,0.6541867496720944,4,11,0,0.648645450061734,up_to_four,0,passed,random_128_C_iid
0.648522419854844,0.6265719486406416,-0.005664329817250402,0.6541867496720944,4,11,0,0.6485054620290673,single,0,passed,random_128_C_iid
0.6481968541077068,0.6375338338191112,-0.004975217638735208,0.653172071746442,4,11,0,0.6481563212282131,up_to_four,0,passed,random_128_D_iid
0.6474470386776588,0.64674318549152,-0.005725033068783136,0.653172071746442,4,11,0,0.6473676475341243,single,0,passed,random_128_D_iid
0.12486460194025378,,-0.003908222924528942,0.12877282486478273,4,11,0,0.03737675051338843,up_to_four,0,passed,random_128_state_iid
0.12486460194025378,,-0.003908222924528942,0.12877282486478273,4,11,0,0.03737705762912602,single,0,passed,random_128_state_iid
0.998767697879329,0.999991723134837,-0.0005346034214619433,0.9993023013007909,4,11,0,0.9987490086863358,up_to_four,0,passed,transcoder_current_iid
0.9986305441185137,0.9987841665390942,-0.0006717571822771884,0.9993023013007909,4,11,0,0.9985989249691396,single,0,passed,transcoder_current_iid
0.9990041527502256,0.9999972474752872,-0.00018968133535657294,0.9991938340855822,4,11,0,0.9989923164687304,up_to_four,0,passed,transcoder_current_transfer
0.9990515933232169,0.9992412746585736,-0.0001422407623652422,0.9991938340855822,4,11,0,0.9989924110888286,single,0,passed,transcoder_current_transfer
0.6629080435123245,0.6922321260830652,-0.17154399192910974,0.8344520354414342,4,11,0,0.6628423120952818,up_to_four,0,passed,transcoder_previous_iid
0.6079537286355986,0.6343132636102454,-0.2264983068058356,0.8344520354414342,4,11,0,0.603086168995656,single,0,passed,transcoder_previous_iid
0.6762302116577067,0.7194636295748641,-0.13544514249835604,0.8116753541560627,4,11,0,0.6759459843164111,up_to_four,0,passed,transcoder_previous_transfer
0.6351323185751279,0.6665425154461456,-0.17654303558093487,0.8116753541560627,4,11,0,0.6263332043966989,single,0,passed,transcoder_previous_transfer
0.4355079655473406,,-0.5517484120501739,0.9872563775975145,4,11,0,0.4135814488764698,up_to_four,0,passed,transcoder_query_iid
0.3211476543451408,,-0.6661087232523737,0.9872563775975145,4,11,0,0.2153484875013334,single,0,passed,transcoder_query_iid
0.6493827194974244,0.6623366592131905,-0.00283145903289439,0.6522141785303188,4,11,0,0.6493499970068142,up_to_four,0,passed,transcoder_A_iid
0.6493827194974244,0.6623366592131905,-0.00283145903289439,0.6522141785303188,4,11,0,0.6493499970068142,single,0,passed,transcoder_A_iid
0.6437527287328546,0.6609284760194114,-0.0052399876017265035,0.6489927163345811,4,11,0,0.6420231782104484,up_to_four,0,passed,transcoder_B_iid
0.6440100721562221,0.6481801052940659,-0.00498264417835903,0.6489927163345811,4,11,0,0.6440139590056932,single,0,passed,transcoder_B_iid
0.6484721028577625,0.6415910547489629,-0.005714646814331981,0.6541867496720944,4,11,0,0.6484548710092323,up_to_four,0,passed,transcoder_C_iid
0.6479839684837092,0.6547860734592555,-0.006202781188385242,0.6541867496720944,4,11,0,0.647921760391198,single,0,passed,transcoder_C_iid
0.6476436249025881,0.6474885549005885,-0.005528446843853896,0.653172071746442,4,11,0,0.6475656666940526,up_to_four,0,passed,transcoder_D_iid
0.6476436249025881,0.6474885549005885,-0.005528446843853896,0.653172071746442,4,11,0,0.6475656666940526,single,0,passed,transcoder_D_iid
0.12497525070517476,,-0.0037975741596079637,0.12877282486478273,4,11,0,0.03798360643420645,up_to_four,0,passed,transcoder_state_iid
0.1243625701172871,,-0.004410254747495623,0.12877282486478273,4,11,0,0.0372207607153906,single,0,passed,transcoder_state_iid
0.8524788400490904,0.8725037595182948,-0.14682346125170054,0.9993023013007909,4,11,0,0.8523681229919317,up_to_four,0,passed,transcoder_128_current_iid
0.8358181409988701,0.8605139296738287,-0.1634841603019208,0.9993023013007909,4,11,0,0.8358152334494581,single,0,passed,transcoder_128_current_iid
0.8396665688710827,0.8631498953716783,-0.15952726521449945,0.9991938340855822,4,11,0,0.8413566364185379,up_to_four,0,passed,transcoder_128_current_transfer
0.8142481365407694,0.850325720821457,-0.18494569754481271,0.9991938340855822,4,11,0,0.8159978516452653,single,0,passed,transcoder_128_current_transfer
0.5595941126010203,0.5637119166990271,-0.2748579228404139,0.8344520354414342,4,11,0,0.5018743661373929,up_to_four,0,passed,transcoder_128_previous_iid
0.5248675357168879,0.5251447098753051,-0.30958449972454627,0.8344520354414342,4,11,0,0.3988396771906959,single,0,passed,transcoder_128_previous_iid
0.5814048097607009,0.5796994178205609,-0.23027054439536188,0.8116753541560627,4,11,0,0.5285965745238501,up_to_four,0,passed,transcoder_128_previous_transfer
0.5241030461322406,0.5222860109748441,-0.28757230802382217,0.8116753541560627,4,11,0,0.3904804668109832,single,0,passed,transcoder_128_previous_transfer
0.3890595489726937,,-0.5981968286248208,0.9872563775975145,4,11,0,0.3774210867919777,up_to_four,0,passed,transcoder_128_query_iid
0.29761371938656317,,-0.6896426582109514,0.9872563775975145,4,11,0,0.18562082568644156,single,0,passed,transcoder_128_query_iid
0.6039782494678874,0.6140130686944382,-0.04823592906243146,0.6522141785303188,4,11,0,0.6035345130669167,up_to_four,0,passed,transcoder_128_A_iid
0.5617995648680312,0.6088778011211317,-0.09041461366228765,0.6522141785303188,4,11,0,0.5467388501976125,single,0,passed,transcoder_128_A_iid
0.5997030154029015,0.6114354659783149,-0.049289700931679614,0.6489927163345811,4,11,0,0.5997180467378909,up_to_four,0,passed,transcoder_128_B_iid
0.5997030154029015,0.6114354659783149,-0.049289700931679614,0.6489927163345811,4,11,0,0.5997180467378909,single,0,passed,transcoder_128_B_iid
0.6071729836957229,0.6100888594268307,-0.047013765976371524,0.6541867496720944,4,11,0,0.6071488005488934,up_to_four,0,passed,transcoder_128_C_iid
0.5880081330428004,0.5902243310036975,-0.06617861662929403,0.6541867496720944,4,11,0,0.5880058661583976,single,0,passed,transcoder_128_C_iid
0.6152227592695132,0.6476157922104431,-0.03794931247692879,0.653172071746442,4,11,0,0.6144965304687742,up_to_four,0,passed,transcoder_128_D_iid
0.5379792730507362,0.5381579450154578,-0.11519279869570576,0.653172071746442,4,11,0,0.41507618843533617,single,0,passed,transcoder_128_D_iid
0.09010128056625463,,-0.03867154429852809,0.12877282486478273,4,11,0,0.031366358443679784,up_to_four,0,passed,transcoder_128_state_iid
0.08580291090004288,,-0.04296991396473984,0.12877282486478273,4,11,0,0.026675022909615796,single,0,passed,transcoder_128_state_iid
0.9992936541284803,0.9999924737574334,-8.647172310638496e-06,0.9993023013007909,16,11,0,0.9992994108044866,up_to_four,0,passed,coordinate_current_iid
0.998738873971627,0.9999804037460831,-0.0005634273291639236,0.9993023013007909,16,11,0,0.998748936943572,single,0,passed,coordinate_current_iid
0.9996206373292869,0.9999990285206896,0.0004268032437046987,0.9991938340855822,16,11,0,0.9995969360991122,up_to_four,0,passed,coordinate_current_transfer
0.9994309559939302,0.9999978951281608,0.00023712190834801472,0.9991938340855822,16,11,0,0.9993954183664833,single,0,passed,coordinate_current_transfer
0.6378911011783828,0.6814404049578656,-0.19656093426305143,0.8344520354414342,16,11,0,0.6377879780426831,up_to_four,0,passed,coordinate_previous_iid
0.6034677138408908,0.6346157603369599,-0.23098432160054339,0.8344520354414342,16,11,0,0.602441547188969,single,0,passed,coordinate_previous_iid
0.663954287582525,0.702443518934764,-0.14772106657353778,0.8116753541560627,16,11,0,0.661928400158604,up_to_four,0,passed,coordinate_previous_transfer
0.6420456529734991,0.6800837602773061,-0.1696297011825636,0.8116753541560627,16,11,0,0.6414296237711365,single,0,passed,coordinate_previous_transfer
0.5667982940867233,,-0.42045808351079117,0.9872563775975145,16,11,0,0.5556560693164916,up_to_four,0,passed,coordinate_query_iid
0.3850795512355142,,-0.6021768263620003,0.9872563775975145,16,11,0,0.3097202405556048,single,0,passed,coordinate_query_iid
0.6496635675033405,0.6811420436827538,-0.002550611026978289,0.6522141785303188,16,11,0,0.6496545734232124,up_to_four,0,passed,coordinate_A_iid
0.6496635675033405,0.6811420436827538,-0.002550611026978289,0.6522141785303188,16,11,0,0.6496545734232124,single,0,passed,coordinate_A_iid
0.6481412956483885,0.6797972284319435,-0.0008514206861925944,0.6489927163345811,16,11,0,0.6452867247879722,up_to_four,0,passed,coordinate_B_iid
0.6459669948804289,0.6693608008829928,-0.0030257214541522526,0.6489927163345811,16,11,0,0.645956225892466,single,0,passed,coordinate_B_iid
0.649409310055516,0.6643357774870084,-0.004777439616578394,0.6541867496720944,16,11,0,0.6494109785654418,up_to_four,0,passed,coordinate_C_iid
0.6485613964018232,0.6613872854613599,-0.005625353270271249,0.6541867496720944,16,11,0,0.6485342192638455,single,0,passed,coordinate_C_iid
0.6480967185000616,0.6585117829970059,-0.005075353246380421,0.653172071746442,16,11,0,0.6480562092126285,up_to_four,0,passed,coordinate_D_iid
0.6480967185000616,0.6585117829970059,-0.005075353246380421,0.653172071746442,16,11,0,0.6480562092126285,single,0,passed,coordinate_D_iid
0.12497445726656425,,-0.0037983675982184717,0.12877282486478273,16,11,0,0.03960334244842183,up_to_four,0,passed,coordinate_state_iid
0.12367535506448016,,-0.005097469800302568,0.12877282486478273,16,11,0,0.03983158778938416,single,0,passed,coordinate_state_iid
0.9989192635939954,0.9999932744215362,-0.000383037706795486,0.9993023013007909,16,11,0,0.9988991307426257,up_to_four,0,passed,coordinate_128_current_iid
0.9989991698714582,0.9999930542389079,-0.00030313142933269255,0.9993023013007909,16,11,0,0.9989991698714582,single,0,passed,coordinate_128_current_iid
0.9992412746585736,0.9999988666074712,4.7440572991441776e-05,0.9991938340855822,16,11,0,0.9991939100462542,up_to_four,0,passed,coordinate_128_current_transfer
0.9990515933232169,0.9999974093885056,-0.0001422407623652422,0.9991938340855822,16,11,0,0.9989924110888286,single,0,passed,coordinate_128_current_transfer
0.6130077172056864,0.62287145222793,-0.22144431823574784,0.8344520354414342,16,11,0,0.5850429248494696,up_to_four,0,passed,coordinate_128_previous_iid
0.6034677138408908,0.6346157603369599,-0.23098432160054339,0.8344520354414342,16,11,0,0.602441547188969,single,0,passed,coordinate_128_previous_iid
0.6322333101749511,0.6559605589219835,-0.17944204398111163,0.8116753541560627,16,11,0,0.6280240100389731,up_to_four,0,passed,coordinate_128_previous_transfer
0.6420456529734991,0.6800837602773061,-0.1696297011825636,0.8116753541560627,16,11,0,0.6414296237711365,single,0,passed,coordinate_128_previous_transfer
0.5874219386507867,,-0.39983443894672777,0.9872563775975145,16,11,0,0.581149722769163,up_to_four,0,passed,coordinate_128_query_iid
0.3850795512355142,,-0.6021768263620003,0.9872563775975145,16,11,0,0.3097202405556048,single,0,passed,coordinate_128_query_iid
0.6496635675033405,0.6811420436827538,-0.002550611026978289,0.6522141785303188,16,11,0,0.6496545734232124,up_to_four,0,passed,coordinate_128_A_iid
0.6496635675033405,0.6811420436827538,-0.002550611026978289,0.6522141785303188,16,11,0,0.6496545734232124,single,0,passed,coordinate_128_A_iid
0.6481412956483885,0.6797972284319435,-0.0008514206861925944,0.6489927163345811,16,11,0,0.6452867247879722,up_to_four,0,passed,coordinate_128_B_iid
0.6459669948804289,0.6693608008829928,-0.0030257214541522526,0.6489927163345811,16,11,0,0.645956225892466,single,0,passed,coordinate_128_B_iid
0.6520114733353767,0.6627373040435975,-0.0021752763367177685,0.6541867496720944,16,11,0,0.6519388890191846,up_to_four,0,passed,coordinate_128_C_iid
0.6482959508662899,0.6619347971921006,-0.005890798805804565,0.6541867496720944,16,11,0,0.648250731680496,single,0,passed,coordinate_128_C_iid
0.6482115940691522,0.6621676939778927,-0.0049604776772897985,0.653172071746442,16,11,0,0.648165690504152,up_to_four,0,passed,coordinate_128_D_iid
0.6473555547865141,0.6623045342925203,-0.005816516959927909,0.653172071746442,16,11,0,0.6473454953478592,single,0,passed,coordinate_128_D_iid
0.12497445726656425,,-0.0037983675982184717,0.12877282486478273,16,11,0,0.03960334244842183,up_to_four,0,passed,coordinate_128_state_iid
0.12367535506448016,,-0.005097469800302568,0.12877282486478273,16,11,0,0.03983158778938416,single,0,passed,coordinate_128_state_iid
0.9992392890358979,0.9999954161980112,-6.301226489302536e-05,0.9993023013007909,16,11,0,0.9992493621661432,up_to_four,0,passed,random_current_iid
0.9991449708045842,0.9999949558161522,-0.00015733049620669792,0.9993023013007909,16,11,0,0.9991492870153207,single,0,passed,random_current_iid
0.998956712177234,0.9999993523471264,-0.00023712190834812574,0.9991938340855822,16,11,0,0.9989922205253853,up_to_four,0,passed,random_current_transfer
0.9993835154209387,0.9999993523471264,0.00018968133535657294,0.9991938340855822,16,11,0,0.9993953611975063,single,0,passed,random_current_transfer
0.6871356214635151,0.7529309342826814,-0.14731641397791906,0.8344520354414342,16,11,0,0.6869337938718498,up_to_four,0,passed,random_previous_iid
0.6003984522864731,0.6238449219590315,-0.23405358315496105,0.8344520354414342,16,11,0,0.5950375405003914,single,0,passed,random_previous_iid
0.7013094393318497,0.7630845479099869,-0.11036591482421299,0.8116753541560627,16,11,0,0.7014448426067011,up_to_four,0,passed,random_previous_transfer
0.6115332459011521,0.6384767852697828,-0.20014210825491063,0.8116753541560627,16,11,0,0.6114879219158545,single,0,passed,random_previous_transfer
0.5470331825658241,,-0.4402231950316904,0.9872563775975145,16,11,0,0.544515331538201,up_to_four,0,passed,random_query_iid
0.3651045468985511,,-0.6221518306989634,0.9872563775975145,16,11,0,0.3587457323124065,single,0,passed,random_query_iid
0.6490439310428177,0.6760916096153956,-0.0031702474875011655,0.6522141785303188,16,11,0,0.6489190915186687,up_to_four,0,passed,random_A_iid
0.6473861865345496,0.671716845467708,-0.004827991995769221,0.6522141785303188,16,11,0,0.6474419647453244,single,0,passed,random_A_iid
0.6441101357005753,0.6747060053016067,-0.0048825806340058175,0.6489927163345811,16,11,0,0.6441140253559376,up_to_four,0,passed,random_B_iid
0.6436543462560465,0.6665843877495965,-0.00533837007853466,0.6489927163345811,16,11,0,0.6436275157176072,single,0,passed,random_B_iid
0.6488110913122141,0.6539503252884107,-0.005375658359880298,0.6541867496720944,16,11,0,0.6487836631005655,up_to_four,0,passed,random_C_iid
0.6488110913122141,0.6539503252884107,-0.005375658359880298,0.6541867496720944,16,11,0,0.6487836631005655,single,0,passed,random_C_iid
0.6477705167445962,0.6580066889784822,-0.005401555001845804,0.653172071746442,16,11,0,0.647739185512276,up_to_four,0,passed,random_D_iid
0.648000588316722,0.6543717463938364,-0.0051714834297199586,0.653172071746442,16,11,0,0.6479761315802746,single,0,passed,random_D_iid
0.12496750767383841,,-0.0038053171909443184,0.12877282486478273,16,11,0,0.04243407372049272,up_to_four,0,passed,random_state_iid
0.1247471967246774,,-0.0040256281401053196,0.12877282486478273,16,11,0,0.039333170342030044,single,0,passed,random_state_iid
0.9991993358971665,0.9999955262893254,-0.00010296540362442208,0.9993023013007909,16,11,0,0.9991993358971665,up_to_four,0,passed,random_128_current_iid
0.9991449708045842,0.9999949558161522,-0.00015733049620669792,0.9993023013007909,16,11,0,0.9991492870153207,single,0,passed,random_128_current_iid
0.9991938340855822,0.999999190433908,0.0,0.9991938340855822,16,11,0,0.9991938340855822,up_to_four,0,passed,random_128_current_transfer
0.9993835154209387,0.9999993523471264,0.00018968133535657294,0.9991938340855822,16,11,0,0.9993953611975063,single,0,passed,random_128_current_transfer
0.6297296247144571,0.6765216028758493,-0.20472241072697706,0.8344520354414342,16,11,0,0.629747441780673,up_to_four,0,passed,random_128_previous_iid
0.6166789642203541,0.6129478113760801,-0.21777307122108014,0.8344520354414342,16,11,0,0.5727694928579069,single,0,passed,random_128_previous_iid
0.6170994311954555,0.6511210762331838,-0.19457592296060722,0.8116753541560627,16,11,0,0.6084638466077494,up_to_four,0,passed,random_128_previous_transfer
0.5206751721088865,0.5682574741511586,-0.29100018204717626,0.8116753541560627,16,11,0,0.4678458651756151,single,0,passed,random_128_previous_transfer
0.49039422335720473,,-0.4968621542403098,0.9872563775975145,16,11,0,0.48810609250549586,up_to_four,0,passed,random_128_query_iid
0.3651045468985511,,-0.6221518306989634,0.9872563775975145,16,11,0,0.3587457323124065,single,0,passed,random_128_query_iid
0.6494795905620374,0.668876782458371,-0.00273458796828141,0.6522141785303188,16,11,0,0.6494480266427307,up_to_four,0,passed,random_128_A_iid
0.649308482046234,0.6742028390799838,-0.0029056964840847854,0.6522141785303188,16,11,0,0.6492661151167407,single,0,passed,random_128_A_iid
0.64424384060854,0.6572101647430184,-0.004748875726041102,0.6489927163345811,16,11,0,0.6442520579142839,up_to_four,0,passed,random_128_B_iid
0.64424384060854,0.6572101647430184,-0.004748875726041102,0.6489927163345811,16,11,0,0.6442520579142839,single,0,passed,random_128_B_iid
0.648667070596032,0.6439005964146717,-0.005519679076062434,0.6541867496720944,16,11,0,0.648645450061734,up_to_four,0,passed,random_128_C_iid
0.648522419854844,0.6265719486406416,-0.005664329817250402,0.6541867496720944,16,11,0,0.6485054620290673,single,0,passed,random_128_C_iid
0.6481968541077068,0.6375338338191112,-0.004975217638735208,0.653172071746442,16,11,0,0.6481563212282131,up_to_four,0,passed,random_128_D_iid
0.6474470386776588,0.64674318549152,-0.005725033068783136,0.653172071746442,16,11,0,0.6473676475341243,single,0,passed,random_128_D_iid
0.12486460194025378,,-0.003908222924528942,0.12877282486478273,16,11,0,0.03737675051338843,up_to_four,0,passed,random_128_state_iid
0.12486460194025378,,-0.003908222924528942,0.12877282486478273,16,11,0,0.03737705762912602,single,0,passed,random_128_state_iid
0.9986762620387855,0.9999859733657485,-0.00062603926200544,0.9993023013007909,16,11,0,0.9986489520968478,up_to_four,0,passed,transcoder_current_iid
0.998584826198242,0.9986870710041738,-0.0007174751025489368,0.9993023013007909,16,11,0,0.9985488986104176,single,0,passed,transcoder_current_iid
0.9992412746585736,0.9999941711241376,4.7440572991441776e-05,0.9991938340855822,16,11,0,0.9991939100462542,up_to_four,0,passed,transcoder_current_transfer
0.9990515933232169,0.999051593323217,-0.0001422407623652422,0.9991938340855822,16,11,0,0.9989924110888286,single,0,passed,transcoder_current_transfer
0.6854678942050116,0.7463244459547919,-0.14898414123642256,0.8344520354414342,16,11,0,0.6818227916327866,up_to_four,0,passed,transcoder_previous_iid
0.6744041084683495,0.6879121859981324,-0.16004792697308468,0.8344520354414342,16,11,0,0.6456877994634209,single,0,passed,transcoder_previous_iid
0.7073771831728966,0.7588721991670413,-0.10429817098316618,0.8116753541560627,16,11,0,0.6939307613419032,up_to_four,0,passed,transcoder_previous_transfer
0.6895248568700518,0.6965017220176771,-0.1221504972860109,0.8116753541560627,16,11,0,0.6627373947328195,single,0,passed,transcoder_previous_transfer
0.6314444722090041,,-0.3558119053885104,0.9872563775975145,16,11,0,0.6141121308789774,up_to_four,0,passed,transcoder_query_iid
0.4258314608149346,,-0.5614249167825799,0.9872563775975145,16,11,0,0.32627499919541336,single,0,passed,transcoder_query_iid
0.6496700993179174,0.6711613609362512,-0.0025440792124014067,0.6522141785303188,16,11,0,0.649641992392457,up_to_four,0,passed,transcoder_A_iid
0.6496700993179174,0.6711613609362512,-0.0025440792124014067,0.6522141785303188,16,11,0,0.649641992392457,single,0,passed,transcoder_A_iid
0.6419682154955684,0.6610137851941497,-0.007024500839012737,0.6489927163345811,16,11,0,0.6416454838372101,up_to_four,0,passed,transcoder_B_iid
0.6430690945978335,0.6582016543785966,-0.005923621736747653,0.6489927163345811,16,11,0,0.6430365250069922,single,0,passed,transcoder_B_iid
0.6484733629077738,0.6428191834933928,-0.005713386764320649,0.6541867496720944,16,11,0,0.6484571707216437,up_to_four,0,passed,transcoder_C_iid
0.6482387035941457,0.6526601590817139,-0.005948046077948743,0.6541867496720944,16,11,0,0.6481835688395341,single,0,passed,transcoder_C_iid
0.6476399399122268,0.6502847516220366,-0.005532131834215193,0.653172071746442,16,11,0,0.6475634900959786,up_to_four,0,passed,transcoder_D_iid
0.6476399399122268,0.6502847516220366,-0.005532131834215193,0.653172071746442,16,11,0,0.6475634900959786,single,0,passed,transcoder_D_iid
0.12413367510200157,,-0.004639149762781153,0.12877282486478273,16,11,0,0.03890030955396796,up_to_four,0,passed,transcoder_state_iid
0.12452321319259776,,-0.004249611672184961,0.12877282486478273,16,11,0,0.03853941810525337,single,0,passed,transcoder_state_iid
0.9987248623498275,0.9989295921609219,-0.0005774389509634048,0.9993023013007909,16,11,0,0.9986989872786876,up_to_four,0,passed,transcoder_128_current_iid
0.9987248623498275,0.9989295921609219,-0.0005774389509634048,0.9993023013007909,16,11,0,0.9986989872786876,single,0,passed,transcoder_128_current_iid
0.9992412746585736,0.9992412746585736,4.7440572991441776e-05,0.9991938340855822,16,11,0,0.9991939100462542,up_to_four,0,passed,transcoder_128_current_transfer
0.9992412746585736,0.9992412746585736,4.7440572991441776e-05,0.9991938340855822,16,11,0,0.9991939100462542,single,0,passed,transcoder_128_current_transfer
0.7338821102232624,0.7949395970720968,-0.10056992521817176,0.8344520354414342,16,11,0,0.7290564848865881,up_to_four,0,passed,transcoder_128_previous_iid
0.6744041084683495,0.6879121859981324,-0.16004792697308468,0.8344520354414342,16,11,0,0.6456877994634209,single,0,passed,transcoder_128_previous_iid
0.7314761425317933,0.7900275299913435,-0.08019921162426946,0.8116753541560627,16,11,0,0.7223888187508085,up_to_four,0,passed,transcoder_128_previous_transfer
0.6895248568700518,0.6965017220176771,-0.1221504972860109,0.8116753541560627,16,11,0,0.6627373947328195,single,0,passed,transcoder_128_previous_transfer
0.5413873566664582,,-0.4458690209310563,0.9872563775975145,16,11,0,0.5199764138033917,up_to_four,0,passed,transcoder_128_query_iid
0.4258314608149346,,-0.5614249167825799,0.9872563775975145,16,11,0,0.32627499919541336,single,0,passed,transcoder_128_query_iid
0.6504020129160553,0.6924847524173495,-0.0018121656142635612,0.6522141785303188,16,11,0,0.6488973677859673,up_to_four,0,passed,transcoder_128_A_iid
0.6496700993179174,0.6711613609362512,-0.0025440792124014067,0.6522141785303188,16,11,0,0.649641992392457,single,0,passed,transcoder_128_A_iid
0.6430690945978335,0.6582016543785966,-0.005923621736747653,0.6489927163345811,16,11,0,0.6430365250069922,up_to_four,0,passed,transcoder_128_B_iid
0.6430690945978335,0.6582016543785966,-0.005923621736747653,0.6489927163345811,16,11,0,0.6430365250069922,single,0,passed,transcoder_128_B_iid
0.648522419854844,0.6426278308986084,-0.005664329817250402,0.6541867496720944,16,11,0,0.6485054620290673,up_to_four,0,passed,transcoder_128_C_iid
0.6481827163720129,0.6523718326380374,-0.00600403330008159,0.6541867496720944,16,11,0,0.6481186790741401,single,0,passed,transcoder_128_C_iid
0.6478328411467946,0.649481999503007,-0.00533923059964736,0.653172071746442,16,11,0,0.6477593092815301,up_to_four,0,passed,transcoder_128_D_iid
0.6471445490340839,0.6507698836071761,-0.006027522712358069,0.653172071746442,16,11,0,0.6471524841204912,single,0,passed,transcoder_128_D_iid
0.12452321319259776,,-0.004249611672184961,0.12877282486478273,16,11,0,0.03853941810525337,up_to_four,0,passed,transcoder_128_state_iid
0.12452321319259776,,-0.004249611672184961,0.12877282486478273,16,11,0,0.03853941810525337,single,0,passed,transcoder_128_state_iid
0.6093372486875513,0.6781913590408428,-0.0318067818171105,0.6411440305046618,4,0,1,0.6017730788415742,up_to_four,0,passed,coordinate_current_iid
0.6015946666803313,0.6650877003421718,-0.0395493638243305,0.6411440305046618,4,0,1,0.5948505014491762,single,0,passed,coordinate_current_iid
0.5689287238583013,0.6943556080586152,-0.051159071965244385,0.6200877958235457,4,0,1,0.48264733490009915,up_to_four,0,passed,coordinate_current_transfer
0.5085360648740931,0.6906370281282119,-0.11155173094945259,0.6200877958235457,4,0,1,0.3647723630944714,single,0,passed,coordinate_current_transfer
0.5350109563697807,0.5515550862855256,-0.0551426522001246,0.5901536085699053,4,0,1,0.5333540169444048,up_to_four,0,passed,coordinate_previous_iid
0.5193715973159694,0.5324853217438416,-0.0707820112539359,0.5901536085699053,4,0,1,0.5142429435269141,single,0,passed,coordinate_previous_iid
0.5207151110302013,0.5583262434007898,0.02030086082307614,0.5004142502071252,4,0,1,0.43156197754955816,up_to_four,0,passed,coordinate_previous_transfer
0.5150580879102099,0.5434156508558075,0.01464383770308475,0.5004142502071252,4,0,1,0.43172530601001907,single,0,passed,coordinate_previous_transfer
1.0,,0.0,1.0,4,0,1,1.0,up_to_four,0,passed,coordinate_query_iid
0.9480332832179852,,-0.05196671678201481,1.0,4,0,1,0.9479560420220622,single,0,passed,coordinate_query_iid
0.56139428204051,0.5843965350610638,-0.06433468973845724,0.6257289717789672,4,0,1,0.5613523325962806,up_to_four,0,passed,coordinate_A_iid
0.5372120029105165,0.5655208272238343,-0.08851696886845073,0.6257289717789672,4,0,1,0.4986058053412826,single,0,passed,coordinate_A_iid
0.556157562298362,0.5834501842049775,-0.061286159162514564,0.6174437214608766,4,0,1,0.5449863979995695,up_to_four,0,passed,coordinate_B_iid
0.5445409452818918,0.5666155935665385,-0.07290277617898477,0.6174437214608766,4,0,1,0.5445015974817136,single,0,passed,coordinate_B_iid
0.5593997125745921,0.5867972699836457,-0.06207198363703059,0.6214716962116227,4,0,1,0.5485070944417474,up_to_four,0,passed,coordinate_C_iid
0.5373962942589191,0.5736207520076472,-0.08407540195270358,0.6214716962116227,4,0,1,0.48761315275032546,single,0,passed,coordinate_C_iid
0.566499336060867,0.5914442774983594,-0.06038241227800345,0.6268817483388704,4,0,1,0.5655743627026297,up_to_four,0,passed,coordinate_D_iid
0.5386344002501948,0.5745710871490607,-0.08824734808867563,0.6268817483388704,4,0,1,0.5221633642282856,single,0,passed,coordinate_D_iid
0.09031705867860582,,-0.023497140627078195,0.11381419930568401,4,0,1,0.0272565064406466,up_to_four,0,passed,coordinate_state_iid
0.08064307626988529,,-0.03317112303579872,0.11381419930568401,4,0,1,0.024711289965527253,single,0,passed,coordinate_state_iid
0.6104803568271667,0.6705602094601346,-0.030663673677495118,0.6411440305046618,4,0,1,0.6057054070656178,up_to_four,0,passed,coordinate_128_current_iid
0.5854224527992498,0.6417178514547106,-0.055721577705412084,0.6411440305046618,4,0,1,0.5783578660305767,single,0,passed,coordinate_128_current_iid
0.5697823303457106,0.6991624876864997,-0.0503054654778351,0.6200877958235457,4,0,1,0.48416236016724434,up_to_four,0,passed,coordinate_128_current_transfer
0.5085360648740931,0.6906370281282119,-0.11155173094945259,0.6200877958235457,4,0,1,0.3647723630944714,single,0,passed,coordinate_128_current_transfer
0.5313135784969018,0.539380473493922,-0.058840030073003535,0.5901536085699053,4,0,1,0.5313071652224345,up_to_four,0,passed,coordinate_128_previous_iid
0.5082615600757436,0.5232782068065169,-0.08189204849416165,0.5901536085699053,4,0,1,0.3766150929486638,single,0,passed,coordinate_128_previous_iid
0.5180408751639354,0.5402097629299936,0.017626624956810222,0.5004142502071252,4,0,1,0.5077450585610419,up_to_four,0,passed,coordinate_128_previous_transfer
0.5230007319039534,0.523682480002675,0.022586481696828198,0.5004142502071252,4,0,1,0.5036015556529361,single,0,passed,coordinate_128_previous_transfer
1.0,,0.0,1.0,4,0,1,1.0,up_to_four,0,passed,coordinate_128_query_iid
0.9480332832179852,,-0.05196671678201481,1.0,4,0,1,0.9479560420220622,single,0,passed,coordinate_128_query_iid
0.5559646623726067,0.5810449283633121,-0.06976430940636058,0.6257289717789672,4,0,1,0.5546541002297762,up_to_four,0,passed,coordinate_128_A_iid
0.5357974921656015,0.5548402492836751,-0.08993147961336578,0.6257289717789672,4,0,1,0.5353883847096177,single,0,passed,coordinate_128_A_iid
0.5546888095816367,0.5770248738759062,-0.06275491187923987,0.6174437214608766,4,0,1,0.5546068260200495,up_to_four,0,passed,coordinate_128_B_iid
0.5445409452818918,0.5666155935665385,-0.07290277617898477,0.6174437214608766,4,0,1,0.5445015974817136,single,0,passed,coordinate_128_B_iid
0.5571801794813236,0.5882877591411603,-0.06429151673029909,0.6214716962116227,4,0,1,0.5469178662300712,up_to_four,0,passed,coordinate_128_C_iid
0.5376188880936684,0.5592710374674771,-0.08385280811795426,0.6214716962116227,4,0,1,0.5324877710921605,single,0,passed,coordinate_128_C_iid
0.5597250420409334,0.5827221656656311,-0.06715670629793702,0.6268817483388704,4,0,1,0.5597164773582419,up_to_four,0,passed,coordinate_128_D_iid
0.5372693516467741,0.5610879477423506,-0.08961239669209631,0.6268817483388704,4,0,1,0.5369336869753689,single,0,passed,coordinate_128_D_iid
0.08717805124822647,,-0.026636148057457537,0.11381419930568401,4,0,1,0.02622566656856468,up_to_four,0,passed,coordinate_128_state_iid
0.08013779846406584,,-0.03367640084161817,0.11381419930568401,4,0,1,0.024062964891789856,single,0,passed,coordinate_128_state_iid
0.6233704884179133,0.6923284248887397,-0.01777354208674853,0.6411440305046618,4,0,1,0.6120548349595736,up_to_four,0,passed,random_current_iid
0.5933689639534616,0.6343415682703862,-0.04777506655120023,0.6411440305046618,4,0,1,0.5933815333121678,single,0,passed,random_current_iid
0.583132075202861,0.7189848753624427,-0.03695572062068464,0.6200877958235457,4,0,1,0.5130932205401351,up_to_four,0,passed,random_current_transfer
0.5,0.7112773204269068,-0.12008779582354567,0.6200877958235457,4,0,1,0.34615889691398555,single,0,passed,random_current_transfer
0.5288830276323144,0.5338941017814826,-0.06127058093759086,0.5901536085699053,4,0,1,0.5064332837833562,up_to_four,0,passed,random_previous_iid
0.5205021697388035,0.5252581129502016,-0.06965143883110181,0.5901536085699053,4,0,1,0.5173013248305642,single,0,passed,random_previous_iid
0.49979491828310935,0.5293591939396867,-0.0006193319240158091,0.5004142502071252,4,0,1,0.32871768770620885,up_to_four,0,passed,random_previous_transfer
0.4993273542600897,0.5147421060257615,-0.0010868959470354822,0.5004142502071252,4,0,1,0.32411584922136516,single,0,passed,random_previous_transfer
0.99994978911428,,-5.0210885719992326e-05,1.0,4,0,1,0.9999498895355037,up_to_four,0,passed,random_query_iid
0.99994978911428,,-5.0210885719992326e-05,1.0,4,0,1,0.9999498895355037,single,0,passed,random_query_iid
0.5667069797248772,0.5955247149798913,-0.05902199205409009,0.6257289717789672,4,0,1,0.5656727574841203,up_to_four,0,passed,random_A_iid
0.5396668890686964,0.5558041849481146,-0.08606208271027083,0.6257289717789672,4,0,1,0.5393406313127349,single,0,passed,random_A_iid
0.5624363695921458,0.5923595219908451,-0.055007351868730736,0.6174437214608766,4,0,1,0.5599403144409938,up_to_four,0,passed,random_B_iid
0.5349729692343825,0.5517018727572758,-0.08247075222649403,0.6174437214608766,4,0,1,0.5348027613314386,single,0,passed,random_B_iid
0.5552811091072205,0.5924407639739221,-0.06619058710440218,0.6214716962116227,4,0,1,0.5413578159756962,up_to_four,0,passed,random_C_iid
0.5372595188303024,0.5587914784337791,-0.08421217738132025,0.6214716962116227,4,0,1,0.520717246251577,single,0,passed,random_C_iid
0.5491814835322587,0.5807212359265411,-0.07770026480661174,0.6268817483388704,4,0,1,0.509433121058128,up_to_four,0,passed,random_D_iid
0.5496645377035396,0.5594771263035253,-0.07721721063533082,0.6268817483388704,4,0,1,0.5487861434405426,single,0,passed,random_D_iid
0.0879223876503254,,-0.025891811655358615,0.11381419930568401,4,0,1,0.027516325512155743,up_to_four,0,passed,random_state_iid
0.08051903915012379,,-0.03329516015556022,0.11381419930568401,4,0,1,0.024184380088227937,single,0,passed,random_state_iid
0.6187846847689347,0.6849656378986987,-0.022359345735727176,0.6411440305046618,4,0,1,0.618815387628187,up_to_four,0,passed,random_128_current_iid
0.5716636006569289,0.5808891226739107,-0.06948042984773295,0.6411440305046618,4,0,1,0.4981856725814001,single,0,passed,random_128_current_iid
0.627831052623739,0.716948816641052,0.007743256800193277,0.6200877958235457,4,0,1,0.6145744787534484,up_to_four,0,passed,random_128_current_transfer
0.5703666751509193,0.5694455508514369,-0.04972112067262635,0.6200877958235457,4,0,1,0.5427698151354705,single,0,passed,random_128_current_transfer
0.5274371297671351,0.5334457664603334,-0.0627164788027702,0.5901536085699053,4,0,1,0.4761946701139789,up_to_four,0,passed,random_128_previous_iid
0.5205021697388035,0.5252581129502016,-0.06965143883110181,0.5901536085699053,4,0,1,0.5173013248305642,single,0,passed,random_128_previous_iid
0.5001900349604883,0.5303728994913824,-0.00022421524663684966,0.5004142502071252,4,0,1,0.32523439973982377,up_to_four,0,passed,random_128_previous_transfer
0.4993273542600897,0.5147421060257615,-0.0010868959470354822,0.5004142502071252,4,0,1,0.32411584922136516,single,0,passed,random_128_previous_transfer
1.0,,0.0,1.0,4,0,1,1.0,up_to_four,0,passed,random_128_query_iid
0.9790358149458772,,-0.020964185054122786,1.0,4,0,1,0.978987904633869,single,0,passed,random_128_query_iid
0.5693015566210071,0.5921420058332658,-0.056427415157960126,0.6257289717789672,4,0,1,0.5692530739035919,up_to_four,0,passed,random_128_A_iid
0.539318620723815,0.556490551026981,-0.08641035105515227,0.6257289717789672,4,0,1,0.5255773830336616,single,0,passed,random_128_A_iid
0.5654733381886834,0.5915541405414094,-0.051970383272193166,0.6174437214608766,4,0,1,0.5643951377441139,up_to_four,0,passed,random_128_B_iid
0.5349729692343825,0.5517018727572758,-0.08247075222649403,0.6174437214608766,4,0,1,0.5348027613314386,single,0,passed,random_128_B_iid
0.5566154370666971,0.5897748681645174,-0.06485625914492554,0.6214716962116227,4,0,1,0.547107001902578,up_to_four,0,passed,random_128_C_iid
0.5372595188303024,0.5587914784337791,-0.08421217738132025,0.6214716962116227,4,0,1,0.520717246251577,single,0,passed,random_128_C_iid
0.5688526029490177,0.6023220185704288,-0.05802914538985271,0.6268817483388704,4,0,1,0.567585606308338,up_to_four,0,passed,random_128_D_iid
0.5394354851113572,0.554364853058606,-0.08744626322751325,0.6268817483388704,4,0,1,0.5378155534579596,single,0,passed,random_128_D_iid
0.08956701117056062,,-0.024247188135123388,0.11381419930568401,4,0,1,0.02745009516315026,up_to_four,0,passed,random_128_state_iid
0.07801713700417207,,-0.035797062301511945,0.11381419930568401,4,0,1,0.023555046909505363,single,0,passed,random_128_state_iid
0.562622341474913,0.6179070368126138,-0.07852168902974888,0.6411440305046618,4,0,1,0.454517263904184,up_to_four,0,passed,transcoder_current_iid
0.5624744588151196,0.5625381116112949,-0.07866957168954225,0.6411440305046618,4,0,1,0.46542252875328144,single,0,passed,transcoder_current_iid
0.5696163692968498,0.5697193461037527,-0.050471426526695895,0.6200877958235457,4,0,1,0.48427342645294297,up_to_four,0,passed,transcoder_current_transfer
0.5696163692968498,0.5697193461037527,-0.050471426526695895,0.6200877958235457,4,0,1,0.48427342645294297,single,0,passed,transcoder_current_transfer
0.51889478132236,0.5362057762937575,-0.07125882724754529,0.5901536085699053,4,0,1,0.4877515628249427,up_to_four,0,passed,transcoder_previous_iid
0.5184058409800446,0.5185714595833681,-0.07174776758986068,0.5901536085699053,4,0,1,0.4108597085085392,single,0,passed,transcoder_previous_iid
0.5009823117019182,0.5674588814872883,0.0005680614947930485,0.5004142502071252,4,0,1,0.3460038808771147,up_to_four,0,passed,transcoder_previous_transfer
0.5463451242936384,0.5500657598983508,0.045930874086513196,0.5004142502071252,4,0,1,0.5177079529912678,single,0,passed,transcoder_previous_transfer
1.0,,0.0,1.0,4,0,1,1.0,up_to_four,0,passed,transcoder_query_iid
0.5,,-0.5,1.0,4,0,1,0.37485014985014986,single,0,passed,transcoder_query_iid
0.5194535506949045,0.5195992527043539,-0.10627542108406274,0.6257289717789672,4,0,1,0.39226333546434045,up_to_four,0,passed,transcoder_A_iid
0.5194535506949045,0.5195992527043539,-0.10627542108406274,0.6257289717789672,4,0,1,0.39226333546434045,single,0,passed,transcoder_A_iid
0.5327874813621643,0.5473993654930627,-0.08465624009871231,0.6174437214608766,4,0,1,0.46778338100548156,up_to_four,0,passed,transcoder_B_iid
0.5157035723966147,0.5159523553837629,-0.10174014906426188,0.6174437214608766,4,0,1,0.37409384913282284,single,0,passed,transcoder_B_iid
0.5397577479850175,0.5622796668799784,-0.08171394822660516,0.6214716962116227,4,0,1,0.47065602112521143,up_to_four,0,passed,transcoder_C_iid
0.5220960569925021,0.5226118024624398,-0.09937563921912063,0.6214716962116227,4,0,1,0.4202552371911029,single,0,passed,transcoder_C_iid
0.5352666394938682,0.5498757487339655,-0.09161510884500224,0.6268817483388704,4,0,1,0.4726277508463624,up_to_four,0,passed,transcoder_D_iid
0.5189402095894344,0.5192291108310518,-0.10794153874943602,0.6268817483388704,4,0,1,0.42312221324416244,single,0,passed,transcoder_D_iid
0.07717567681176968,,-0.03663852249391433,0.11381419930568401,4,0,1,0.025119909446733535,up_to_four,0,passed,transcoder_state_iid
0.06986341066454682,,-0.04395078864113719,0.11381419930568401,4,0,1,0.021999151598142613,single,0,passed,transcoder_state_iid
0.5581230896154507,0.5582924000482961,-0.08302094088921119,0.6411440305046618,4,0,1,0.4447833703117461,up_to_four,0,passed,transcoder_128_current_iid
0.5447522392973628,0.5450347736426502,-0.09639179120729902,0.6411440305046618,4,0,1,0.419683386082701,single,0,passed,transcoder_128_current_iid
0.55747344461305,0.55747344461305,-0.06261435121049563,0.6200877958235457,4,0,1,0.4369045260468099,up_to_four,0,passed,transcoder_128_current_transfer
0.55747344461305,0.55747344461305,-0.06261435121049563,0.6200877958235457,4,0,1,0.4369045260468099,single,0,passed,transcoder_128_current_transfer
0.5046805528564446,0.5099272031009696,-0.08547305571346064,0.5901536085699053,4,0,1,0.38972839838423734,up_to_four,0,passed,transcoder_128_previous_iid
0.5003278770300057,0.5021869438315875,-0.08982573153989959,0.5901536085699053,4,0,1,0.3366042866194108,single,0,passed,transcoder_128_previous_iid
0.5004655206363477,0.4997524715690609,5.127042922259406e-05,0.5004142502071252,4,0,1,0.34341830092401393,up_to_four,0,passed,transcoder_128_previous_transfer
0.5004142502071252,0.4994778218241127,0.0,0.5004142502071252,4,0,1,0.325333053219129,single,0,passed,transcoder_128_previous_transfer
0.5569949869616164,,-0.4430050130383836,1.0,4,0,1,0.4754795911000935,up_to_four,0,passed,transcoder_128_query_iid
0.5,,-0.5,1.0,4,0,1,0.37485014985014986,single,0,passed,transcoder_128_query_iid
0.5200357931426278,0.535069532692763,-0.10569317863633942,0.6257289717789672,4,0,1,0.4472821517491903,up_to_four,0,passed,transcoder_128_A_iid
0.5114942368223344,0.5104344311376616,-0.11423473495663283,0.6257289717789672,4,0,1,0.3861436444610351,single,0,passed,transcoder_128_A_iid
0.5193545509140124,0.5204067390955953,-0.09808917054686417,0.6174437214608766,4,0,1,0.4266851151616838,up_to_four,0,passed,transcoder_128_B_iid
0.5157035723966147,0.5159523553837629,-0.10174014906426188,0.6174437214608766,4,0,1,0.37409384913282284,single,0,passed,transcoder_128_B_iid
0.5160013000916006,0.5218592925953232,-0.10547039612002207,0.6214716962116227,4,0,1,0.3954042075594743,up_to_four,0,passed,transcoder_128_C_iid
0.5131585172615502,0.512961599445882,-0.10831317895007253,0.6214716962116227,4,0,1,0.38560924208306946,single,0,passed,transcoder_128_C_iid
0.5153668904577334,0.5267698928597063,-0.11151485788113702,0.6268817483388704,4,0,1,0.4538679619263138,up_to_four,0,passed,transcoder_128_D_iid
0.5142226208420492,0.5117711659838219,-0.11265912749682128,0.6268817483388704,4,0,1,0.3867258819515901,single,0,passed,transcoder_128_D_iid
0.06803818645870575,,-0.045776012846978256,0.11381419930568401,4,0,1,0.020350719348787037,up_to_four,0,passed,transcoder_128_state_iid
0.0625,,-0.05131419930568401,0.11381419930568401,4,0,1,0.011161832339146669,single,0,passed,transcoder_128_state_iid
0.6093372486875513,0.6781913590408428,-0.0318067818171105,0.6411440305046618,16,0,1,0.6017730788415742,up_to_four,0,passed,coordinate_current_iid
0.6015946666803313,0.6650877003421718,-0.0395493638243305,0.6411440305046618,16,0,1,0.5948505014491762,single,0,passed,coordinate_current_iid
0.5689287238583013,0.6943556080586152,-0.051159071965244385,0.6200877958235457,16,0,1,0.48264733490009915,up_to_four,0,passed,coordinate_current_transfer
0.5085360648740931,0.6906370281282119,-0.11155173094945259,0.6200877958235457,16,0,1,0.3647723630944714,single,0,passed,coordinate_current_transfer
0.5350109563697807,0.5515550862855256,-0.0551426522001246,0.5901536085699053,16,0,1,0.5333540169444048,up_to_four,0,passed,coordinate_previous_iid
0.5193715973159694,0.5324853217438416,-0.0707820112539359,0.5901536085699053,16,0,1,0.5142429435269141,single,0,passed,coordinate_previous_iid
0.5207151110302013,0.5583262434007898,0.02030086082307614,0.5004142502071252,16,0,1,0.43156197754955816,up_to_four,0,passed,coordinate_previous_transfer
0.5150580879102099,0.5434156508558075,0.01464383770308475,0.5004142502071252,16,0,1,0.43172530601001907,single,0,passed,coordinate_previous_transfer
1.0,,0.0,1.0,16,0,1,1.0,up_to_four,0,passed,coordinate_query_iid
0.9480332832179852,,-0.05196671678201481,1.0,16,0,1,0.9479560420220622,single,0,passed,coordinate_query_iid
0.56139428204051,0.5843965350610638,-0.06433468973845724,0.6257289717789672,16,0,1,0.5613523325962806,up_to_four,0,passed,coordinate_A_iid
0.5372120029105165,0.5655208272238343,-0.08851696886845073,0.6257289717789672,16,0,1,0.4986058053412826,single,0,passed,coordinate_A_iid
0.556157562298362,0.5834501842049775,-0.061286159162514564,0.6174437214608766,16,0,1,0.5449863979995695,up_to_four,0,passed,coordinate_B_iid
0.5445409452818918,0.5666155935665385,-0.07290277617898477,0.6174437214608766,16,0,1,0.5445015974817136,single,0,passed,coordinate_B_iid
0.5593997125745921,0.5867972699836457,-0.06207198363703059,0.6214716962116227,16,0,1,0.5485070944417474,up_to_four,0,passed,coordinate_C_iid
0.5373962942589191,0.5736207520076472,-0.08407540195270358,0.6214716962116227,16,0,1,0.48761315275032546,single,0,passed,coordinate_C_iid
0.566499336060867,0.5914442774983594,-0.06038241227800345,0.6268817483388704,16,0,1,0.5655743627026297,up_to_four,0,passed,coordinate_D_iid
0.5386344002501948,0.5745710871490607,-0.08824734808867563,0.6268817483388704,16,0,1,0.5221633642282856,single,0,passed,coordinate_D_iid
0.09031705867860582,,-0.023497140627078195,0.11381419930568401,16,0,1,0.0272565064406466,up_to_four,0,passed,coordinate_state_iid
0.08064307626988529,,-0.03317112303579872,0.11381419930568401,16,0,1,0.024711289965527253,single,0,passed,coordinate_state_iid
0.6104803568271667,0.6705602094601346,-0.030663673677495118,0.6411440305046618,16,0,1,0.6057054070656178,up_to_four,0,passed,coordinate_128_current_iid
0.5854224527992498,0.6417178514547106,-0.055721577705412084,0.6411440305046618,16,0,1,0.5783578660305767,single,0,passed,coordinate_128_current_iid
0.5697823303457106,0.6991624876864997,-0.0503054654778351,0.6200877958235457,16,0,1,0.48416236016724434,up_to_four,0,passed,coordinate_128_current_transfer
0.5085360648740931,0.6906370281282119,-0.11155173094945259,0.6200877958235457,16,0,1,0.3647723630944714,single,0,passed,coordinate_128_current_transfer
0.5313135784969018,0.539380473493922,-0.058840030073003535,0.5901536085699053,16,0,1,0.5313071652224345,up_to_four,0,passed,coordinate_128_previous_iid
0.5082615600757436,0.5232782068065169,-0.08189204849416165,0.5901536085699053,16,0,1,0.3766150929486638,single,0,passed,coordinate_128_previous_iid
0.5180408751639354,0.5402097629299936,0.017626624956810222,0.5004142502071252,16,0,1,0.5077450585610419,up_to_four,0,passed,coordinate_128_previous_transfer
0.5230007319039534,0.523682480002675,0.022586481696828198,0.5004142502071252,16,0,1,0.5036015556529361,single,0,passed,coordinate_128_previous_transfer
1.0,,0.0,1.0,16,0,1,1.0,up_to_four,0,passed,coordinate_128_query_iid
0.9480332832179852,,-0.05196671678201481,1.0,16,0,1,0.9479560420220622,single,0,passed,coordinate_128_query_iid
0.5559646623726067,0.5810449283633121,-0.06976430940636058,0.6257289717789672,16,0,1,0.5546541002297762,up_to_four,0,passed,coordinate_128_A_iid
0.5357974921656015,0.5548402492836751,-0.08993147961336578,0.6257289717789672,16,0,1,0.5353883847096177,single,0,passed,coordinate_128_A_iid
0.5546888095816367,0.5770248738759062,-0.06275491187923987,0.6174437214608766,16,0,1,0.5546068260200495,up_to_four,0,passed,coordinate_128_B_iid
0.5445409452818918,0.5666155935665385,-0.07290277617898477,0.6174437214608766,16,0,1,0.5445015974817136,single,0,passed,coordinate_128_B_iid
0.5571801794813236,0.5882877591411603,-0.06429151673029909,0.6214716962116227,16,0,1,0.5469178662300712,up_to_four,0,passed,coordinate_128_C_iid
0.5376188880936684,0.5592710374674771,-0.08385280811795426,0.6214716962116227,16,0,1,0.5324877710921605,single,0,passed,coordinate_128_C_iid
0.5597250420409334,0.5827221656656311,-0.06715670629793702,0.6268817483388704,16,0,1,0.5597164773582419,up_to_four,0,passed,coordinate_128_D_iid
0.5372693516467741,0.5610879477423506,-0.08961239669209631,0.6268817483388704,16,0,1,0.5369336869753689,single,0,passed,coordinate_128_D_iid
0.08717805124822647,,-0.026636148057457537,0.11381419930568401,16,0,1,0.02622566656856468,up_to_four,0,passed,coordinate_128_state_iid
0.08013779846406584,,-0.03367640084161817,0.11381419930568401,16,0,1,0.024062964891789856,single,0,passed,coordinate_128_state_iid
0.6233704884179133,0.6923284248887397,-0.01777354208674853,0.6411440305046618,16,0,1,0.6120548349595736,up_to_four,0,passed,random_current_iid
0.5933689639534616,0.6343415682703862,-0.04777506655120023,0.6411440305046618,16,0,1,0.5933815333121678,single,0,passed,random_current_iid
0.583132075202861,0.7189848753624427,-0.03695572062068464,0.6200877958235457,16,0,1,0.5130932205401351,up_to_four,0,passed,random_current_transfer
0.5,0.7112773204269068,-0.12008779582354567,0.6200877958235457,16,0,1,0.34615889691398555,single,0,passed,random_current_transfer
0.5288830276323144,0.5338941017814826,-0.06127058093759086,0.5901536085699053,16,0,1,0.5064332837833562,up_to_four,0,passed,random_previous_iid
0.5205021697388035,0.5252581129502016,-0.06965143883110181,0.5901536085699053,16,0,1,0.5173013248305642,single,0,passed,random_previous_iid
0.49979491828310935,0.5293591939396867,-0.0006193319240158091,0.5004142502071252,16,0,1,0.32871768770620885,up_to_four,0,passed,random_previous_transfer
0.4993273542600897,0.5147421060257615,-0.0010868959470354822,0.5004142502071252,16,0,1,0.32411584922136516,single,0,passed,random_previous_transfer
0.99994978911428,,-5.0210885719992326e-05,1.0,16,0,1,0.9999498895355037,up_to_four,0,passed,random_query_iid
0.99994978911428,,-5.0210885719992326e-05,1.0,16,0,1,0.9999498895355037,single,0,passed,random_query_iid
0.5667069797248772,0.5955247149798913,-0.05902199205409009,0.6257289717789672,16,0,1,0.5656727574841203,up_to_four,0,passed,random_A_iid
0.5396668890686964,0.5558041849481146,-0.08606208271027083,0.6257289717789672,16,0,1,0.5393406313127349,single,0,passed,random_A_iid
0.5624363695921458,0.5923595219908451,-0.055007351868730736,0.6174437214608766,16,0,1,0.5599403144409938,up_to_four,0,passed,random_B_iid
0.5349729692343825,0.5517018727572758,-0.08247075222649403,0.6174437214608766,16,0,1,0.5348027613314386,single,0,passed,random_B_iid
0.5552811091072205,0.5924407639739221,-0.06619058710440218,0.6214716962116227,16,0,1,0.5413578159756962,up_to_four,0,passed,random_C_iid
0.5372595188303024,0.5587914784337791,-0.08421217738132025,0.6214716962116227,16,0,1,0.520717246251577,single,0,passed,random_C_iid
0.5491814835322587,0.5807212359265411,-0.07770026480661174,0.6268817483388704,16,0,1,0.509433121058128,up_to_four,0,passed,random_D_iid
0.5496645377035396,0.5594771263035253,-0.07721721063533082,0.6268817483388704,16,0,1,0.5487861434405426,single,0,passed,random_D_iid
0.0879223876503254,,-0.025891811655358615,0.11381419930568401,16,0,1,0.027516325512155743,up_to_four,0,passed,random_state_iid
0.08051903915012379,,-0.03329516015556022,0.11381419930568401,16,0,1,0.024184380088227937,single,0,passed,random_state_iid
0.6187846847689347,0.6849656378986987,-0.022359345735727176,0.6411440305046618,16,0,1,0.618815387628187,up_to_four,0,passed,random_128_current_iid
0.5716636006569289,0.5808891226739107,-0.06948042984773295,0.6411440305046618,16,0,1,0.4981856725814001,single,0,passed,random_128_current_iid
0.627831052623739,0.716948816641052,0.007743256800193277,0.6200877958235457,16,0,1,0.6145744787534484,up_to_four,0,passed,random_128_current_transfer
0.5703666751509193,0.5694455508514369,-0.04972112067262635,0.6200877958235457,16,0,1,0.5427698151354705,single,0,passed,random_128_current_transfer
0.5274371297671351,0.5334457664603334,-0.0627164788027702,0.5901536085699053,16,0,1,0.4761946701139789,up_to_four,0,passed,random_128_previous_iid
0.5205021697388035,0.5252581129502016,-0.06965143883110181,0.5901536085699053,16,0,1,0.5173013248305642,single,0,passed,random_128_previous_iid
0.5001900349604883,0.5303728994913824,-0.00022421524663684966,0.5004142502071252,16,0,1,0.32523439973982377,up_to_four,0,passed,random_128_previous_transfer
0.4993273542600897,0.5147421060257615,-0.0010868959470354822,0.5004142502071252,16,0,1,0.32411584922136516,single,0,passed,random_128_previous_transfer
1.0,,0.0,1.0,16,0,1,1.0,up_to_four,0,passed,random_128_query_iid
0.9790358149458772,,-0.020964185054122786,1.0,16,0,1,0.978987904633869,single,0,passed,random_128_query_iid
0.5693015566210071,0.5921420058332658,-0.056427415157960126,0.6257289717789672,16,0,1,0.5692530739035919,up_to_four,0,passed,random_128_A_iid
0.539318620723815,0.556490551026981,-0.08641035105515227,0.6257289717789672,16,0,1,0.5255773830336616,single,0,passed,random_128_A_iid
0.5654733381886834,0.5915541405414094,-0.051970383272193166,0.6174437214608766,16,0,1,0.5643951377441139,up_to_four,0,passed,random_128_B_iid
0.5349729692343825,0.5517018727572758,-0.08247075222649403,0.6174437214608766,16,0,1,0.5348027613314386,single,0,passed,random_128_B_iid
0.5566154370666971,0.5897748681645174,-0.06485625914492554,0.6214716962116227,16,0,1,0.547107001902578,up_to_four,0,passed,random_128_C_iid
0.5372595188303024,0.5587914784337791,-0.08421217738132025,0.6214716962116227,16,0,1,0.520717246251577,single,0,passed,random_128_C_iid
0.5688526029490177,0.6023220185704288,-0.05802914538985271,0.6268817483388704,16,0,1,0.567585606308338,up_to_four,0,passed,random_128_D_iid
0.5394354851113572,0.554364853058606,-0.08744626322751325,0.6268817483388704,16,0,1,0.5378155534579596,single,0,passed,random_128_D_iid
0.08956701117056062,,-0.024247188135123388,0.11381419930568401,16,0,1,0.02745009516315026,up_to_four,0,passed,random_128_state_iid
0.07801713700417207,,-0.035797062301511945,0.11381419930568401,16,0,1,0.023555046909505363,single,0,passed,random_128_state_iid
0.5976096013077087,0.6095422787476845,-0.04353442919695316,0.6411440305046618,16,0,1,0.5799884388635891,up_to_four,0,passed,transcoder_current_iid
0.5976096013077087,0.6095422787476845,-0.04353442919695316,0.6411440305046618,16,0,1,0.5799884388635891,single,0,passed,transcoder_current_iid
0.614007711602766,0.6286811779769527,-0.006080084220779658,0.6200877958235457,16,0,1,0.600008310594623,up_to_four,0,passed,transcoder_current_transfer
0.614007711602766,0.6286811779769527,-0.006080084220779658,0.6200877958235457,16,0,1,0.600008310594623,single,0,passed,transcoder_current_transfer
0.5269539340567067,0.5305881787138237,-0.06319967451319863,0.5901536085699053,16,0,1,0.46747966362562515,up_to_four,0,passed,transcoder_previous_iid
0.5094505718593405,0.5070153444602523,-0.08070303671056478,0.5901536085699053,16,0,1,0.3719508699327163,single,0,passed,transcoder_previous_iid
0.5080895820716969,0.5048403186197109,0.0076753318645716995,0.5004142502071252,16,0,1,0.3927667058975824,up_to_four,0,passed,transcoder_previous_transfer
0.5101860967970843,0.5046269704749202,0.00977184658995911,0.5004142502071252,16,0,1,0.37887766232261066,single,0,passed,transcoder_previous_transfer
0.75,,-0.25,1.0,16,0,1,0.6669446853940082,up_to_four,0,passed,transcoder_query_iid
0.5,,-0.5,1.0,16,0,1,0.37509383914718986,single,0,passed,transcoder_query_iid
0.5394163927283696,0.5566861500935311,-0.08631257905059764,0.6257289717789672,16,0,1,0.4902409232369539,up_to_four,0,passed,transcoder_A_iid
0.5164021972483672,0.518241486160096,-0.10932677453060002,0.6257289717789672,16,0,1,0.38581459342289776,single,0,passed,transcoder_A_iid
0.5441720109938616,0.5685253563422916,-0.07327171046701497,0.6174437214608766,16,0,1,0.5291547729961723,up_to_four,0,passed,transcoder_B_iid
0.5356962085202587,0.5356642332146606,-0.08174751294061788,0.6174437214608766,16,0,1,0.4551003727973213,single,0,passed,transcoder_B_iid
0.5326625563768626,0.5638914358510889,-0.08880913983476013,0.6214716962116227,16,0,1,0.48751477059477344,up_to_four,0,passed,transcoder_C_iid
0.5339819687443395,0.5384212099378224,-0.08748972746728323,0.6214716962116227,16,0,1,0.48456181124235337,single,0,passed,transcoder_C_iid
0.5320544494175793,0.5506995844051848,-0.09482729892129116,0.6268817483388704,16,0,1,0.46278553223955665,up_to_four,0,passed,transcoder_D_iid
0.5156954954677823,0.5192033559527655,-0.11118625287108819,0.6268817483388704,16,0,1,0.3713453908359838,single,0,passed,transcoder_D_iid
0.07553619173501354,,-0.03827800757067047,0.11381419930568401,16,0,1,0.023536008554353442,up_to_four,0,passed,transcoder_state_iid
0.07553619173501354,,-0.03827800757067047,0.11381419930568401,16,0,1,0.023536008554353442,single,0,passed,transcoder_state_iid
0.5954264304985127,0.6056371096442233,-0.045717600006149106,0.6411440305046618,16,0,1,0.5622161910477068,up_to_four,0,passed,transcoder_128_current_iid
0.5774757014458072,0.5796482684597913,-0.06366832905885467,0.6411440305046618,16,0,1,0.4960843151840011,single,0,passed,transcoder_128_current_iid
0.593269623720157,0.613445467951869,-0.02681817210338866,0.6200877958235457,16,0,1,0.5794299059373879,up_to_four,0,passed,transcoder_128_current_transfer
0.6031851082584161,0.6159292167221382,-0.01690268756512958,0.6200877958235457,16,0,1,0.5435375631333372,single,0,passed,transcoder_128_current_transfer
0.5028111919054615,0.5059249267256326,-0.08734241666444376,0.5901536085699053,16,0,1,0.4689016184060992,up_to_four,0,passed,transcoder_128_previous_iid
0.4998555354984187,0.5027978031603905,-0.09029807307148657,0.5901536085699053,16,0,1,0.329440518949539,single,0,passed,transcoder_128_previous_iid
0.5011743900490785,0.5011732754745302,0.0007601398419533334,0.5004142502071252,16,0,1,0.3286084120633426,up_to_four,0,passed,transcoder_128_previous_transfer
0.5,0.4995345722448646,-0.00041425020712515526,0.5004142502071252,16,0,1,0.32441082339249344,single,0,passed,transcoder_128_previous_transfer
0.75,,-0.25,1.0,16,0,1,0.6670995670995671,up_to_four,0,passed,transcoder_128_query_iid
0.5,,-0.5,1.0,16,0,1,0.3750062515628907,single,0,passed,transcoder_128_query_iid
0.5266552992071097,0.5289205725441296,-0.09907367257185751,0.6257289717789672,16,0,1,0.43701482560360977,up_to_four,0,passed,transcoder_128_A_iid
0.5266552992071097,0.5289205725441296,-0.09907367257185751,0.6257289717789672,16,0,1,0.43701482560360977,single,0,passed,transcoder_128_A_iid
0.5366029243210608,0.5343533007200892,-0.08084079713981573,0.6174437214608766,16,0,1,0.4677867625110348,up_to_four,0,passed,transcoder_128_B_iid
0.5356962085202587,0.5356642332146606,-0.08174751294061788,0.6174437214608766,16,0,1,0.4551003727973213,single,0,passed,transcoder_128_B_iid
0.5159622385412477,0.5281738232190436,-0.105509457670375,0.6214716962116227,16,0,1,0.3994579034300675,up_to_four,0,passed,transcoder_128_C_iid
0.5160735829605076,0.5276213962932189,-0.10539811325111503,0.6214716962116227,16,0,1,0.39841612991343966,single,0,passed,transcoder_128_C_iid
0.5287049533960871,0.530095781911696,-0.09817679494278331,0.6268817483388704,16,0,1,0.5037080233779739,up_to_four,0,passed,transcoder_128_D_iid
0.5156954954677823,0.5192033559527655,-0.11118625287108819,0.6268817483388704,16,0,1,0.3713453908359838,single,0,passed,transcoder_128_D_iid
0.07501648959289207,,-0.038797709712791936,0.11381419930568401,16,0,1,0.022478827687024402,up_to_four,0,passed,transcoder_128_state_iid
0.0625,,-0.05131419930568401,0.11381419930568401,16,0,1,0.011161832339146669,single,0,passed,transcoder_128_state_iid
0.9756015229271767,0.9981051283176318,-0.003651989105843967,0.9792535120330207,4,3,1,0.9753890429558143,up_to_four,0,passed,coordinate_current_iid
0.975007590295695,0.9978422702926716,-0.004245921737325742,0.9792535120330207,4,3,1,0.9746923378522081,single,0,passed,coordinate_current_iid
0.9768108698172389,0.998178314379772,-0.005998884741751587,0.9828097545589904,4,3,1,0.976822179237739,up_to_four,0,passed,coordinate_current_transfer
0.9769532724928224,0.9983687243246114,-0.005856482066168067,0.9828097545589904,4,3,1,0.9766359646695644,single,0,passed,coordinate_current_transfer
0.6990514025042438,0.7722120550898074,-0.10174814055792103,0.8007995430621648,4,3,1,0.692914515484601,up_to_four,0,passed,coordinate_previous_iid
0.6671699368344526,0.7291364611612655,-0.13362960622771225,0.8007995430621648,4,3,1,0.6535687952372247,single,0,passed,coordinate_previous_iid
0.7113634590449582,0.7628668343482153,-0.05260810444306574,0.763971563488024,4,3,1,0.7105644479980691,up_to_four,0,passed,coordinate_previous_transfer
0.6547677783928578,0.7130773031754228,-0.10920378509516615,0.763971563488024,4,3,1,0.6545650895123278,single,0,passed,coordinate_previous_transfer
0.4325257563862204,,-0.4381762666395522,0.8707020230257726,4,3,1,0.40306251286997663,up_to_four,0,passed,coordinate_query_iid
0.32507095212160086,,-0.5456310709041717,0.8707020230257726,4,3,1,0.2929478894389214,single,0,passed,coordinate_query_iid
0.6438088793657535,0.6818847735654131,-0.01119789264942228,0.6550067720151758,4,3,1,0.6438384145853026,up_to_four,0,passed,coordinate_A_iid
0.6438088793657535,0.6818847735654131,-0.01119789264942228,0.6550067720151758,4,3,1,0.6438384145853026,single,0,passed,coordinate_A_iid
0.6351898509629554,0.6761644714859725,-0.009742226703645995,0.6449320776666014,4,3,1,0.6345799896002305,up_to_four,0,passed,coordinate_B_iid
0.6334330553274552,0.6694233556077451,-0.011499022339146237,0.6449320776666014,4,3,1,0.6319905040138757,single,0,passed,coordinate_B_iid
0.6420912946034828,0.6643788491965246,-0.0035799820894891754,0.645671276692972,4,3,1,0.642037596036946,up_to_four,0,passed,coordinate_C_iid
0.6401429622741727,0.6637577895466671,-0.005528314418799307,0.645671276692972,4,3,1,0.6401404556252344,single,0,passed,coordinate_C_iid
0.6443873751589353,0.6815394379684744,-0.008375502440424842,0.6527628775993601,4,3,1,0.6443114832356037,up_to_four,0,passed,coordinate_D_iid
0.6417045419589025,0.6683698632035447,-0.011058335640457662,0.6527628775993601,4,3,1,0.6415286358670422,single,0,passed,coordinate_D_iid
0.12209245143441605,,-0.010714284885271735,0.13280673631968778,4,3,1,0.036537000685391036,up_to_four,0,passed,coordinate_state_iid
0.12175606165190214,,-0.011050674667785643,0.13280673631968778,4,3,1,0.041030296856306034,single,0,passed,coordinate_state_iid
0.9756015229271767,0.9981051283176318,-0.003651989105843967,0.9792535120330207,4,3,1,0.9753890429558143,up_to_four,0,passed,coordinate_128_current_iid
0.975007590295695,0.9978422702926716,-0.004245921737325742,0.9792535120330207,4,3,1,0.9746923378522081,single,0,passed,coordinate_128_current_iid
0.9768108698172389,0.998178314379772,-0.005998884741751587,0.9828097545589904,4,3,1,0.976822179237739,up_to_four,0,passed,coordinate_128_current_transfer
0.9769532724928224,0.9983687243246114,-0.005856482066168067,0.9828097545589904,4,3,1,0.9766359646695644,single,0,passed,coordinate_128_current_transfer
0.7067035928140255,0.7849411894032269,-0.09409595024813933,0.8007995430621648,4,3,1,0.7066891028952031,up_to_four,0,passed,coordinate_128_previous_iid
0.6666017494395953,0.7264193137872667,-0.13419779362256956,0.8007995430621648,4,3,1,0.6664521423063658,single,0,passed,coordinate_128_previous_iid
0.6679461363273282,0.7824913341828869,-0.09602542716069573,0.763971563488024,4,3,1,0.651102454878135,up_to_four,0,passed,coordinate_128_previous_transfer
0.6547677783928578,0.7130773031754228,-0.10920378509516615,0.763971563488024,4,3,1,0.6545650895123278,single,0,passed,coordinate_128_previous_transfer
0.38001316725830836,,-0.49068885576746424,0.8707020230257726,4,3,1,0.3616620727444677,up_to_four,0,passed,coordinate_128_query_iid
0.3013892136737431,,-0.5693128093520294,0.8707020230257726,4,3,1,0.19489541258330495,single,0,passed,coordinate_128_query_iid
0.6438371989112521,0.6822205038294402,-0.011169573103923636,0.6550067720151758,4,3,1,0.6438730402474311,up_to_four,0,passed,coordinate_128_A_iid
0.6442890903650871,0.6708112506697113,-0.010717681650088684,0.6550067720151758,4,3,1,0.6442909841832305,single,0,passed,coordinate_128_A_iid
0.6348612422832995,0.6669164786405959,-0.01007083538330189,0.6449320776666014,4,3,1,0.634666330849051,up_to_four,0,passed,coordinate_128_B_iid
0.6340825077557252,0.6646391274314841,-0.010849569910876267,0.6449320776666014,4,3,1,0.63369976556785,single,0,passed,coordinate_128_B_iid
0.6412151998312813,0.6625748875972888,-0.004456076861690694,0.645671276692972,4,3,1,0.6411901144725571,up_to_four,0,passed,coordinate_128_C_iid
0.6401429622741727,0.6637577895466671,-0.005528314418799307,0.645671276692972,4,3,1,0.6401404556252344,single,0,passed,coordinate_128_C_iid
0.6430868939953243,0.6711757931060559,-0.009675983604035876,0.6527628775993601,4,3,1,0.643080986108308,up_to_four,0,passed,coordinate_128_D_iid
0.6417045419589025,0.6683698632035447,-0.011058335640457662,0.6527628775993601,4,3,1,0.6415286358670422,single,0,passed,coordinate_128_D_iid
0.12122461729842245,,-0.011582119021265339,0.13280673631968778,4,3,1,0.03918861200937973,up_to_four,0,passed,coordinate_128_state_iid
0.12122461729842245,,-0.011582119021265339,0.13280673631968778,4,3,1,0.03918861200937973,single,0,passed,coordinate_128_state_iid
0.9757922411164717,0.9979572156329346,-0.0034612709165490196,0.9792535120330207,4,3,1,0.9756849244099834,up_to_four,0,passed,random_current_iid
0.9749013421692488,0.9968752381975706,-0.004352169863771849,0.9792535120330207,4,3,1,0.9746405048344213,single,0,passed,random_current_iid
0.9765973872387773,0.9984192412487525,-0.00621236732021313,0.9828097545589904,4,3,1,0.9768119406002415,up_to_four,0,passed,random_current_transfer
0.976455470302849,0.9980981673366636,-0.006354284256141485,0.9828097545589904,4,3,1,0.9758431136620559,single,0,passed,random_current_transfer
0.705985496507668,0.7755303045786506,-0.09481404655449688,0.8007995430621648,4,3,1,0.7019938291259402,up_to_four,0,passed,random_previous_iid
0.6827338824393128,0.7496824633073907,-0.11806566062285206,0.8007995430621648,4,3,1,0.6817103542894908,single,0,passed,random_previous_iid
0.6622244678835343,0.7530827274382247,-0.10174709560448969,0.763971563488024,4,3,1,0.6536749231018293,up_to_four,0,passed,random_previous_transfer
0.6611072926612697,0.7262233384479921,-0.10286427082675431,0.763971563488024,4,3,1,0.6611827607813892,single,0,passed,random_previous_transfer
0.3659378663880505,,-0.5047641566377221,0.8707020230257726,4,3,1,0.34749414186133426,up_to_four,0,passed,random_query_iid
0.3190021152713749,,-0.5516999077543977,0.8707020230257726,4,3,1,0.24749544958529068,single,0,passed,random_query_iid
0.6455686603276332,0.6843135574913952,-0.009438111687542605,0.6550067720151758,4,3,1,0.6456151189253342,up_to_four,0,passed,random_A_iid
0.6425267917765926,0.681910920844608,-0.01247998023858321,0.6550067720151758,4,3,1,0.6425701996784734,single,0,passed,random_A_iid
0.635977070879091,0.6807520948102883,-0.008955006787510378,0.6449320776666014,4,3,1,0.6357704974102902,up_to_four,0,passed,random_B_iid
0.626741686040303,0.6765672072392852,-0.01819039162629843,0.6449320776666014,4,3,1,0.6259090932519638,single,0,passed,random_B_iid
0.6401206563888521,0.6719776407925631,-0.005550620304119902,0.645671276692972,4,3,1,0.6399196651463108,up_to_four,0,passed,random_C_iid
0.638554069211007,0.6738325344132908,-0.007117207481964982,0.645671276692972,4,3,1,0.6385160476028899,single,0,passed,random_C_iid
0.6409521630572987,0.674131756189502,-0.011810714542061396,0.6527628775993601,4,3,1,0.6404540895826989,up_to_four,0,passed,random_D_iid
0.642755885730692,0.6711502585261064,-0.010006991868668158,0.6527628775993601,4,3,1,0.6424002690110244,single,0,passed,random_D_iid
0.1242384365886813,,-0.008568299731006479,0.13280673631968778,4,3,1,0.049653739858896276,up_to_four,0,passed,random_state_iid
0.12254723391948211,,-0.010259502400205678,0.13280673631968778,4,3,1,0.0366837079966177,single,0,passed,random_state_iid
0.9760508556216869,0.9979651822407578,-0.0032026564113337708,0.9792535120330207,4,3,1,0.9757908886588557,up_to_four,0,passed,random_128_current_iid
0.9749013421692488,0.9968752381975706,-0.004352169863771849,0.9792535120330207,4,3,1,0.9746405048344213,single,0,passed,random_128_current_iid
0.9780676402184663,0.9980887763699963,-0.004742114340524184,0.9828097545589904,4,3,1,0.9778405911139351,up_to_four,0,passed,random_128_current_transfer
0.976455470302849,0.9980981673366636,-0.006354284256141485,0.9828097545589904,4,3,1,0.9758431136620559,single,0,passed,random_128_current_transfer
0.6596925738595116,0.724938330366332,-0.1411069692026532,0.8007995430621648,4,3,1,0.6511525067733079,up_to_four,0,passed,random_128_previous_iid
0.6514650312421373,0.6990640349208955,-0.14933451182002755,0.8007995430621648,4,3,1,0.6462036702763223,single,0,passed,random_128_previous_iid
0.6363938312013999,0.701476997038947,-0.12757773228662406,0.763971563488024,4,3,1,0.6347145948053774,up_to_four,0,passed,random_128_previous_transfer
0.6363938312013999,0.701476997038947,-0.12757773228662406,0.763971563488024,4,3,1,0.6347145948053774,single,0,passed,random_128_previous_transfer
0.3705360267574015,,-0.5001659962683711,0.8707020230257726,4,3,1,0.3568781399811497,up_to_four,0,passed,random_128_query_iid
0.3153723966509273,,-0.5553296263748453,0.8707020230257726,4,3,1,0.2190459773633173,single,0,passed,random_128_query_iid
0.6484006849506021,0.6905547088221671,-0.0066060870645736625,0.6550067720151758,4,3,1,0.6484436877201638,up_to_four,0,passed,random_128_A_iid
0.6495827331696886,0.6830301285027657,-0.005424038845487145,0.6550067720151758,4,3,1,0.6495973137289104,single,0,passed,random_128_A_iid
0.6349108137631722,0.6856952639204,-0.010021263903429278,0.6449320776666014,4,3,1,0.6346383367423046,up_to_four,0,passed,random_128_B_iid
0.626741686040303,0.6765672072392852,-0.01819039162629843,0.6449320776666014,4,3,1,0.6259090932519638,single,0,passed,random_128_B_iid
0.6429146372819536,0.6617424045560368,-0.0027566394110183357,0.645671276692972,4,3,1,0.6428893814147871,up_to_four,0,passed,random_128_C_iid
0.639548983699163,0.660753345300275,-0.006122292993808953,0.645671276692972,4,3,1,0.6394173031656819,single,0,passed,random_128_C_iid
0.643573312723022,0.6811497201970796,-0.009189564876338152,0.6527628775993601,4,3,1,0.6433605165508447,up_to_four,0,passed,random_128_D_iid
0.6346090129096428,0.6651695892645656,-0.01815386468971736,0.6527628775993601,4,3,1,0.6333669113637506,single,0,passed,random_128_D_iid
0.12285701677605826,,-0.009949719543629526,0.13280673631968778,4,3,1,0.04539417782821743,up_to_four,0,passed,random_128_state_iid
0.1240043403322395,,-0.00880239598744828,0.13280673631968778,4,3,1,0.04263511628597216,single,0,passed,random_128_state_iid
0.9457149738278918,0.9817701894659506,-0.033538538205128865,0.9792535120330207,4,3,1,0.9468700930304671,up_to_four,0,passed,transcoder_current_iid
0.9453859008816272,0.946517714653242,-0.03386761115139347,0.9792535120330207,4,3,1,0.9465596899681045,single,0,passed,transcoder_current_iid
0.945345545475918,0.9832673213141913,-0.037464209083072464,0.9828097545589904,4,3,1,0.947782570168027,up_to_four,0,passed,transcoder_current_transfer
0.9446579000373696,0.9460242856874543,-0.03815185452162084,0.9828097545589904,4,3,1,0.9471568012748921,single,0,passed,transcoder_current_transfer
0.6589901930184767,0.7347920541406441,-0.1418093500436881,0.8007995430621648,4,3,1,0.6309265373382982,up_to_four,0,passed,transcoder_previous_iid
0.642348467869148,0.6475363612104442,-0.15845107519301682,0.8007995430621648,4,3,1,0.6099073275993416,single,0,passed,transcoder_previous_iid
0.6557497185699266,0.7307617931275333,-0.10822184491809739,0.763971563488024,4,3,1,0.6344015339210071,up_to_four,0,passed,transcoder_previous_transfer
0.6200550971351719,0.6302040414473122,-0.14391646635285205,0.763971563488024,4,3,1,0.5935051550658714,single,0,passed,transcoder_previous_transfer
0.3675826127816858,,-0.5031194102440868,0.8707020230257726,4,3,1,0.3194283427437571,up_to_four,0,passed,transcoder_query_iid
0.29761122611130436,,-0.5730907969144683,0.8707020230257726,4,3,1,0.18414888840697174,single,0,passed,transcoder_query_iid
0.6398932191966556,0.6423420139997859,-0.015113552818520115,0.6550067720151758,4,3,1,0.6394699382643231,up_to_four,0,passed,transcoder_A_iid
0.6398932191966556,0.6423420139997859,-0.015113552818520115,0.6550067720151758,4,3,1,0.6394699382643231,single,0,passed,transcoder_A_iid
0.6336342631024405,0.6592128315165262,-0.011297814564160902,0.6449320776666014,4,3,1,0.6329612065048088,up_to_four,0,passed,transcoder_B_iid
0.6335392427607227,0.6443434488637665,-0.011392834905878724,0.6449320776666014,4,3,1,0.6328721174864761,single,0,passed,transcoder_B_iid
0.6388558161873444,0.6617502348668218,-0.006815460505627535,0.645671276692972,4,3,1,0.6357173672757328,up_to_four,0,passed,transcoder_C_iid
0.6343936290831382,0.628391215847357,-0.01127764760983374,0.645671276692972,4,3,1,0.6330783117081125,single,0,passed,transcoder_C_iid
0.6431426495016611,0.6623917373864382,-0.009620228097699024,0.6527628775993601,4,3,1,0.6401346942031793,up_to_four,0,passed,transcoder_D_iid
0.6366894302940815,0.6275289998727878,-0.0160734473052786,0.6527628775993601,4,3,1,0.63636464338484,single,0,passed,transcoder_D_iid
0.12054570300035933,,-0.012261033319328457,0.13280673631968778,4,3,1,0.0395619773979696,up_to_four,0,passed,transcoder_state_iid
0.11714536915489376,,-0.01566136716479402,0.13280673631968778,4,3,1,0.03628410686320106,single,0,passed,transcoder_state_iid
0.9470847499750192,0.9531093370084883,-0.032168762058001454,0.9792535120330207,4,3,1,0.9479733720084689,up_to_four,0,passed,transcoder_128_current_iid
0.9453859008816272,0.946517714653242,-0.03386761115139347,0.9792535120330207,4,3,1,0.9465596899681045,single,0,passed,transcoder_128_current_iid
0.9450850271075111,0.9520361234866781,-0.03772472745147937,0.9828097545589904,4,3,1,0.9469038528853904,up_to_four,0,passed,transcoder_128_current_transfer
0.9446579000373696,0.9460242856874543,-0.03815185452162084,0.9828097545589904,4,3,1,0.9471568012748921,single,0,passed,transcoder_128_current_transfer
0.6155662607781129,0.64230338261246,-0.1852332822840519,0.8007995430621648,4,3,1,0.6074494878972196,up_to_four,0,passed,transcoder_128_previous_iid
0.5759902735010581,0.5897302378600917,-0.2248092695611067,0.8007995430621648,4,3,1,0.5467826987439516,single,0,passed,transcoder_128_previous_iid
0.5751730376986265,0.6136916195139712,-0.1887985257893975,0.763971563488024,4,3,1,0.5633607132934514,up_to_four,0,passed,transcoder_128_previous_transfer
0.5447906643235833,0.5687207656384097,-0.21918089916444072,0.763971563488024,4,3,1,0.5150206809003341,single,0,passed,transcoder_128_previous_transfer
0.3275288135957965,,-0.5431732094299762,0.8707020230257726,4,3,1,0.31843186064517587,up_to_four,0,passed,transcoder_128_query_iid
0.29761122611130436,,-0.5730907969144683,0.8707020230257726,4,3,1,0.18414888840697174,single,0,passed,transcoder_128_query_iid
0.6422767158749052,0.6502042716145328,-0.012730056140270563,0.6550067720151758,4,3,1,0.642066013567578,up_to_four,0,passed,transcoder_128_A_iid
0.6398932191966556,0.6423420139997859,-0.015113552818520115,0.6550067720151758,4,3,1,0.6394699382643231,single,0,passed,transcoder_128_A_iid
0.6335392427607227,0.6443434488637665,-0.011392834905878724,0.6449320776666014,4,3,1,0.6328721174864761,up_to_four,0,passed,transcoder_128_B_iid
0.6335392427607227,0.6443434488637665,-0.011392834905878724,0.6449320776666014,4,3,1,0.6328721174864761,single,0,passed,transcoder_128_B_iid
0.6361440985592718,0.63716974426715,-0.009527178133700187,0.645671276692972,4,3,1,0.6351646112683951,up_to_four,0,passed,transcoder_128_C_iid
0.6343936290831382,0.628391215847357,-0.01127764760983374,0.645671276692972,4,3,1,0.6330783117081125,single,0,passed,transcoder_128_C_iid
0.6366894302940815,0.6275289998727878,-0.0160734473052786,0.6527628775993601,4,3,1,0.63636464338484,up_to_four,0,passed,transcoder_128_D_iid
0.6366894302940815,0.6275289998727878,-0.0160734473052786,0.6527628775993601,4,3,1,0.63636464338484,single,0,passed,transcoder_128_D_iid
0.11696580889180523,,-0.015840927427882553,0.13280673631968778,4,3,1,0.03695283096220195,up_to_four,0,passed,transcoder_128_state_iid
0.11714536915489376,,-0.01566136716479402,0.13280673631968778,4,3,1,0.03628410686320106,single,0,passed,transcoder_128_state_iid
0.9756015229271767,0.9981051283176318,-0.003651989105843967,0.9792535120330207,16,3,1,0.9753890429558143,up_to_four,0,passed,coordinate_current_iid
0.975007590295695,0.9978422702926716,-0.004245921737325742,0.9792535120330207,16,3,1,0.9746923378522081,single,0,passed,coordinate_current_iid
0.9768108698172389,0.998178314379772,-0.005998884741751587,0.9828097545589904,16,3,1,0.976822179237739,up_to_four,0,passed,coordinate_current_transfer
0.9769532724928224,0.9983687243246114,-0.005856482066168067,0.9828097545589904,16,3,1,0.9766359646695644,single,0,passed,coordinate_current_transfer
0.6990514025042438,0.7722120550898074,-0.10174814055792103,0.8007995430621648,16,3,1,0.692914515484601,up_to_four,0,passed,coordinate_previous_iid
0.6671699368344526,0.7291364611612655,-0.13362960622771225,0.8007995430621648,16,3,1,0.6535687952372247,single,0,passed,coordinate_previous_iid
0.7113634590449582,0.7628668343482153,-0.05260810444306574,0.763971563488024,16,3,1,0.7105644479980691,up_to_four,0,passed,coordinate_previous_transfer
0.6547677783928578,0.7130773031754228,-0.10920378509516615,0.763971563488024,16,3,1,0.6545650895123278,single,0,passed,coordinate_previous_transfer
0.4325257563862204,,-0.4381762666395522,0.8707020230257726,16,3,1,0.40306251286997663,up_to_four,0,passed,coordinate_query_iid
0.32507095212160086,,-0.5456310709041717,0.8707020230257726,16,3,1,0.2929478894389214,single,0,passed,coordinate_query_iid
0.6438088793657535,0.6818847735654131,-0.01119789264942228,0.6550067720151758,16,3,1,0.6438384145853026,up_to_four,0,passed,coordinate_A_iid
0.6438088793657535,0.6818847735654131,-0.01119789264942228,0.6550067720151758,16,3,1,0.6438384145853026,single,0,passed,coordinate_A_iid
0.6351898509629554,0.6761644714859725,-0.009742226703645995,0.6449320776666014,16,3,1,0.6345799896002305,up_to_four,0,passed,coordinate_B_iid
0.6334330553274552,0.6694233556077451,-0.011499022339146237,0.6449320776666014,16,3,1,0.6319905040138757,single,0,passed,coordinate_B_iid
0.6420912946034828,0.6643788491965246,-0.0035799820894891754,0.645671276692972,16,3,1,0.642037596036946,up_to_four,0,passed,coordinate_C_iid
0.6401429622741727,0.6637577895466671,-0.005528314418799307,0.645671276692972,16,3,1,0.6401404556252344,single,0,passed,coordinate_C_iid
0.6443873751589353,0.6815394379684744,-0.008375502440424842,0.6527628775993601,16,3,1,0.6443114832356037,up_to_four,0,passed,coordinate_D_iid
0.6417045419589025,0.6683698632035447,-0.011058335640457662,0.6527628775993601,16,3,1,0.6415286358670422,single,0,passed,coordinate_D_iid
0.12209245143441605,,-0.010714284885271735,0.13280673631968778,16,3,1,0.036537000685391036,up_to_four,0,passed,coordinate_state_iid
0.12175606165190214,,-0.011050674667785643,0.13280673631968778,16,3,1,0.041030296856306034,single,0,passed,coordinate_state_iid
0.9756015229271767,0.9981051283176318,-0.003651989105843967,0.9792535120330207,16,3,1,0.9753890429558143,up_to_four,0,passed,coordinate_128_current_iid
0.975007590295695,0.9978422702926716,-0.004245921737325742,0.9792535120330207,16,3,1,0.9746923378522081,single,0,passed,coordinate_128_current_iid
0.9768108698172389,0.998178314379772,-0.005998884741751587,0.9828097545589904,16,3,1,0.976822179237739,up_to_four,0,passed,coordinate_128_current_transfer
0.9769532724928224,0.9983687243246114,-0.005856482066168067,0.9828097545589904,16,3,1,0.9766359646695644,single,0,passed,coordinate_128_current_transfer
0.7067035928140255,0.7849411894032269,-0.09409595024813933,0.8007995430621648,16,3,1,0.7066891028952031,up_to_four,0,passed,coordinate_128_previous_iid
0.6666017494395953,0.7264193137872667,-0.13419779362256956,0.8007995430621648,16,3,1,0.6664521423063658,single,0,passed,coordinate_128_previous_iid
0.6679461363273282,0.7824913341828869,-0.09602542716069573,0.763971563488024,16,3,1,0.651102454878135,up_to_four,0,passed,coordinate_128_previous_transfer
0.6547677783928578,0.7130773031754228,-0.10920378509516615,0.763971563488024,16,3,1,0.6545650895123278,single,0,passed,coordinate_128_previous_transfer
0.38001316725830836,,-0.49068885576746424,0.8707020230257726,16,3,1,0.3616620727444677,up_to_four,0,passed,coordinate_128_query_iid
0.3013892136737431,,-0.5693128093520294,0.8707020230257726,16,3,1,0.19489541258330495,single,0,passed,coordinate_128_query_iid
0.6438371989112521,0.6822205038294402,-0.011169573103923636,0.6550067720151758,16,3,1,0.6438730402474311,up_to_four,0,passed,coordinate_128_A_iid
0.6442890903650871,0.6708112506697113,-0.010717681650088684,0.6550067720151758,16,3,1,0.6442909841832305,single,0,passed,coordinate_128_A_iid
0.6348612422832995,0.6669164786405959,-0.01007083538330189,0.6449320776666014,16,3,1,0.634666330849051,up_to_four,0,passed,coordinate_128_B_iid
0.6340825077557252,0.6646391274314841,-0.010849569910876267,0.6449320776666014,16,3,1,0.63369976556785,single,0,passed,coordinate_128_B_iid
0.6412151998312813,0.6625748875972888,-0.004456076861690694,0.645671276692972,16,3,1,0.6411901144725571,up_to_four,0,passed,coordinate_128_C_iid
0.6401429622741727,0.6637577895466671,-0.005528314418799307,0.645671276692972,16,3,1,0.6401404556252344,single,0,passed,coordinate_128_C_iid
0.6430868939953243,0.6711757931060559,-0.009675983604035876,0.6527628775993601,16,3,1,0.643080986108308,up_to_four,0,passed,coordinate_128_D_iid
0.6417045419589025,0.6683698632035447,-0.011058335640457662,0.6527628775993601,16,3,1,0.6415286358670422,single,0,passed,coordinate_128_D_iid
0.12122461729842245,,-0.011582119021265339,0.13280673631968778,16,3,1,0.03918861200937973,up_to_four,0,passed,coordinate_128_state_iid
0.12122461729842245,,-0.011582119021265339,0.13280673631968778,16,3,1,0.03918861200937973,single,0,passed,coordinate_128_state_iid
0.9757922411164717,0.9979572156329346,-0.0034612709165490196,0.9792535120330207,16,3,1,0.9756849244099834,up_to_four,0,passed,random_current_iid
0.9749013421692488,0.9968752381975706,-0.004352169863771849,0.9792535120330207,16,3,1,0.9746405048344213,single,0,passed,random_current_iid
0.9765973872387773,0.9984192412487525,-0.00621236732021313,0.9828097545589904,16,3,1,0.9768119406002415,up_to_four,0,passed,random_current_transfer
0.976455470302849,0.9980981673366636,-0.006354284256141485,0.9828097545589904,16,3,1,0.9758431136620559,single,0,passed,random_current_transfer
0.705985496507668,0.7755303045786506,-0.09481404655449688,0.8007995430621648,16,3,1,0.7019938291259402,up_to_four,0,passed,random_previous_iid
0.6827338824393128,0.7496824633073907,-0.11806566062285206,0.8007995430621648,16,3,1,0.6817103542894908,single,0,passed,random_previous_iid
0.6622244678835343,0.7530827274382247,-0.10174709560448969,0.763971563488024,16,3,1,0.6536749231018293,up_to_four,0,passed,random_previous_transfer
0.6611072926612697,0.7262233384479921,-0.10286427082675431,0.763971563488024,16,3,1,0.6611827607813892,single,0,passed,random_previous_transfer
0.3659378663880505,,-0.5047641566377221,0.8707020230257726,16,3,1,0.34749414186133426,up_to_four,0,passed,random_query_iid
0.3190021152713749,,-0.5516999077543977,0.8707020230257726,16,3,1,0.24749544958529068,single,0,passed,random_query_iid
0.6455686603276332,0.6843135574913952,-0.009438111687542605,0.6550067720151758,16,3,1,0.6456151189253342,up_to_four,0,passed,random_A_iid
0.6425267917765926,0.681910920844608,-0.01247998023858321,0.6550067720151758,16,3,1,0.6425701996784734,single,0,passed,random_A_iid
0.635977070879091,0.6807520948102883,-0.008955006787510378,0.6449320776666014,16,3,1,0.6357704974102902,up_to_four,0,passed,random_B_iid
0.626741686040303,0.6765672072392852,-0.01819039162629843,0.6449320776666014,16,3,1,0.6259090932519638,single,0,passed,random_B_iid
0.6401206563888521,0.6719776407925631,-0.005550620304119902,0.645671276692972,16,3,1,0.6399196651463108,up_to_four,0,passed,random_C_iid
0.638554069211007,0.6738325344132908,-0.007117207481964982,0.645671276692972,16,3,1,0.6385160476028899,single,0,passed,random_C_iid
0.6409521630572987,0.674131756189502,-0.011810714542061396,0.6527628775993601,16,3,1,0.6404540895826989,up_to_four,0,passed,random_D_iid
0.642755885730692,0.6711502585261064,-0.010006991868668158,0.6527628775993601,16,3,1,0.6424002690110244,single,0,passed,random_D_iid
0.1242384365886813,,-0.008568299731006479,0.13280673631968778,16,3,1,0.049653739858896276,up_to_four,0,passed,random_state_iid
0.12254723391948211,,-0.010259502400205678,0.13280673631968778,16,3,1,0.0366837079966177,single,0,passed,random_state_iid
0.9760508556216869,0.9979651822407578,-0.0032026564113337708,0.9792535120330207,16,3,1,0.9757908886588557,up_to_four,0,passed,random_128_current_iid
0.9749013421692488,0.9968752381975706,-0.004352169863771849,0.9792535120330207,16,3,1,0.9746405048344213,single,0,passed,random_128_current_iid
0.9780676402184663,0.9980887763699963,-0.004742114340524184,0.9828097545589904,16,3,1,0.9778405911139351,up_to_four,0,passed,random_128_current_transfer
0.976455470302849,0.9980981673366636,-0.006354284256141485,0.9828097545589904,16,3,1,0.9758431136620559,single,0,passed,random_128_current_transfer
0.6596925738595116,0.724938330366332,-0.1411069692026532,0.8007995430621648,16,3,1,0.6511525067733079,up_to_four,0,passed,random_128_previous_iid
0.6514650312421373,0.6990640349208955,-0.14933451182002755,0.8007995430621648,16,3,1,0.6462036702763223,single,0,passed,random_128_previous_iid
0.6363938312013999,0.701476997038947,-0.12757773228662406,0.763971563488024,16,3,1,0.6347145948053774,up_to_four,0,passed,random_128_previous_transfer
0.6363938312013999,0.701476997038947,-0.12757773228662406,0.763971563488024,16,3,1,0.6347145948053774,single,0,passed,random_128_previous_transfer
0.3705360267574015,,-0.5001659962683711,0.8707020230257726,16,3,1,0.3568781399811497,up_to_four,0,passed,random_128_query_iid
0.3153723966509273,,-0.5553296263748453,0.8707020230257726,16,3,1,0.2190459773633173,single,0,passed,random_128_query_iid
0.6484006849506021,0.6905547088221671,-0.0066060870645736625,0.6550067720151758,16,3,1,0.6484436877201638,up_to_four,0,passed,random_128_A_iid
0.6495827331696886,0.6830301285027657,-0.005424038845487145,0.6550067720151758,16,3,1,0.6495973137289104,single,0,passed,random_128_A_iid
0.6349108137631722,0.6856952639204,-0.010021263903429278,0.6449320776666014,16,3,1,0.6346383367423046,up_to_four,0,passed,random_128_B_iid
0.626741686040303,0.6765672072392852,-0.01819039162629843,0.6449320776666014,16,3,1,0.6259090932519638,single,0,passed,random_128_B_iid
0.6429146372819536,0.6617424045560368,-0.0027566394110183357,0.645671276692972,16,3,1,0.6428893814147871,up_to_four,0,passed,random_128_C_iid
0.639548983699163,0.660753345300275,-0.006122292993808953,0.645671276692972,16,3,1,0.6394173031656819,single,0,passed,random_128_C_iid
0.643573312723022,0.6811497201970796,-0.009189564876338152,0.6527628775993601,16,3,1,0.6433605165508447,up_to_four,0,passed,random_128_D_iid
0.6346090129096428,0.6651695892645656,-0.01815386468971736,0.6527628775993601,16,3,1,0.6333669113637506,single,0,passed,random_128_D_iid
0.12285701677605826,,-0.009949719543629526,0.13280673631968778,16,3,1,0.04539417782821743,up_to_four,0,passed,random_128_state_iid
0.1240043403322395,,-0.00880239598744828,0.13280673631968778,16,3,1,0.04263511628597216,single,0,passed,random_128_state_iid
0.9595936853864069,0.9756048656998061,-0.01965982664661381,0.9792535120330207,16,3,1,0.959751257162474,up_to_four,0,passed,transcoder_current_iid
0.9598992988744584,0.9754298605435292,-0.01935421315856234,0.9792535120330207,16,3,1,0.9600972756324819,single,0,passed,transcoder_current_iid
0.9606635074159493,0.9879319601797107,-0.022146247143041142,0.9828097545589904,16,3,1,0.9614327552437967,up_to_four,0,passed,transcoder_current_transfer
0.9608057481783143,0.9712638039114347,-0.022004006380676122,0.9828097545589904,16,3,1,0.9616289747662474,single,0,passed,transcoder_current_transfer
0.6873508113325479,0.7548626894415051,-0.11344873172961689,0.8007995430621648,16,3,1,0.6853218239796575,up_to_four,0,passed,transcoder_previous_iid
0.629520762600749,0.6380788611518432,-0.17127878046141587,0.8007995430621648,16,3,1,0.6107447130704657,single,0,passed,transcoder_previous_iid
0.6898908088467497,0.7463163311178068,-0.07408075464127428,0.763971563488024,16,3,1,0.6895652076083043,up_to_four,0,passed,transcoder_previous_transfer
0.5797648990752746,0.6040042948272595,-0.18420666441274935,0.763971563488024,16,3,1,0.568797218518809,single,0,passed,transcoder_previous_transfer
0.5486869937376427,,-0.32201502928812986,0.8707020230257726,16,3,1,0.506071043507424,up_to_four,0,passed,transcoder_query_iid
0.37735102819687094,,-0.49335099482890166,0.8707020230257726,16,3,1,0.2791272938309415,single,0,passed,transcoder_query_iid
0.6453066920187163,0.6708427635467807,-0.009700079996459499,0.6550067720151758,16,3,1,0.6453658117306434,up_to_four,0,passed,transcoder_A_iid
0.6445348267393889,0.6453854591957243,-0.010471945275786876,0.6550067720151758,16,3,1,0.6445864129285688,single,0,passed,transcoder_A_iid
0.6354467340940191,0.6560252222571422,-0.00948534357258235,0.6449320776666014,16,3,1,0.6354786132769481,up_to_four,0,passed,transcoder_B_iid
0.6372522406629106,0.6540765297594584,-0.007679837003690793,0.6449320776666014,16,3,1,0.6372038608847328,single,0,passed,transcoder_B_iid
0.6386634385518761,0.6750362121872617,-0.007007838141095846,0.645671276692972,16,3,1,0.6385612733354253,up_to_four,0,passed,transcoder_C_iid
0.6383816123661948,0.6373759024495682,-0.007289664326777134,0.645671276692972,16,3,1,0.6382079029602428,single,0,passed,transcoder_C_iid
0.6425706749107911,0.6844150973013694,-0.010192202688569019,0.6527628775993601,16,3,1,0.6422385492584615,up_to_four,0,passed,transcoder_D_iid
0.6411138219822813,0.6535635318774097,-0.011649055617078852,0.6527628775993601,16,3,1,0.6408490668203313,single,0,passed,transcoder_D_iid
0.12238943857805176,,-0.010417297741636022,0.13280673631968778,16,3,1,0.036677288868830815,up_to_four,0,passed,transcoder_state_iid
0.12127118342249518,,-0.011535552897192602,0.13280673631968778,16,3,1,0.03862060952459635,single,0,passed,transcoder_state_iid
0.9606814676365165,0.9658052575127914,-0.018572044396504173,0.9792535120330207,16,3,1,0.961030601736797,up_to_four,0,passed,transcoder_128_current_iid
0.9598992988744584,0.9754298605435292,-0.01935421315856234,0.9792535120330207,16,3,1,0.9600972756324819,single,0,passed,transcoder_128_current_iid
0.9595964183500784,0.9623600341183534,-0.023213336208912083,0.9828097545589904,16,3,1,0.9605986986558621,up_to_four,0,passed,transcoder_128_current_transfer
0.9608057481783143,0.9712638039114347,-0.022004006380676122,0.9828097545589904,16,3,1,0.9616289747662474,single,0,passed,transcoder_128_current_transfer
0.6564546972555901,0.7365968904625139,-0.1443448458065747,0.8007995430621648,16,3,1,0.6441593996942401,up_to_four,0,passed,transcoder_128_previous_iid
0.6097447258794454,0.6366408556603215,-0.19105481718271944,0.8007995430621648,16,3,1,0.5992466187090336,single,0,passed,transcoder_128_previous_iid
0.6243411935607313,0.6707336872726732,-0.13963036992729272,0.763971563488024,16,3,1,0.6037955977288636,up_to_four,0,passed,transcoder_128_previous_transfer
0.5797648990752746,0.6040042948272595,-0.18420666441274935,0.763971563488024,16,3,1,0.568797218518809,single,0,passed,transcoder_128_previous_transfer
0.5486869937376427,,-0.32201502928812986,0.8707020230257726,16,3,1,0.506071043507424,up_to_four,0,passed,transcoder_128_query_iid
0.37735102819687094,,-0.49335099482890166,0.8707020230257726,16,3,1,0.2791272938309415,single,0,passed,transcoder_128_query_iid
0.6445348267393889,0.6453854591957243,-0.010471945275786876,0.6550067720151758,16,3,1,0.6445864129285688,up_to_four,0,passed,transcoder_128_A_iid
0.6445348267393889,0.6453854591957243,-0.010471945275786876,0.6550067720151758,16,3,1,0.6445864129285688,single,0,passed,transcoder_128_A_iid
0.6360135340346533,0.6540215798640768,-0.008918543631948106,0.6449320776666014,16,3,1,0.6360378641207558,up_to_four,0,passed,transcoder_128_B_iid
0.6372522406629106,0.6540765297594584,-0.007679837003690793,0.6449320776666014,16,3,1,0.6372038608847328,single,0,passed,transcoder_128_B_iid
0.6384017731663769,0.6576893036884633,-0.007269503526595056,0.645671276692972,16,3,1,0.6382754501623619,up_to_four,0,passed,transcoder_128_C_iid
0.6383816123661948,0.6373759024495682,-0.007289664326777134,0.645671276692972,16,3,1,0.6382079029602428,single,0,passed,transcoder_128_C_iid
0.6407884213116771,0.63044889411036,-0.01197445628768301,0.6527628775993601,16,3,1,0.6408195500256234,up_to_four,0,passed,transcoder_128_D_iid
0.6407884213116771,0.63044889411036,-0.01197445628768301,0.6527628775993601,16,3,1,0.6408195500256234,single,0,passed,transcoder_128_D_iid
0.12165959119767353,,-0.011147145122014257,0.13280673631968778,16,3,1,0.03661766360275531,up_to_four,0,passed,transcoder_128_state_iid
0.12127118342249518,,-0.011535552897192602,0.13280673631968778,16,3,1,0.03862060952459635,single,0,passed,transcoder_128_state_iid
0.9980209985370265,0.9999794129242559,-0.001284185154534656,0.9993051836915612,4,7,1,0.9980482725992674,up_to_four,0,passed,coordinate_current_iid
0.9967627548994238,0.9999515698300798,-0.0025424287921373967,0.9993051836915612,4,7,1,0.9967971174056651,single,0,passed,coordinate_current_iid
0.9987670308418775,0.9999949806902296,-0.00023712190834812574,0.9990041527502256,4,7,1,0.9987906935623801,up_to_four,0,passed,coordinate_current_transfer
0.9985536292200252,0.9999933615580455,-0.00045052353020036406,0.9990041527502256,4,7,1,0.9985891087355394,single,0,passed,coordinate_current_transfer
0.6011071955238291,0.5952918498165009,-0.2012188203609152,0.8023260158847443,4,7,1,0.5861263809433584,up_to_four,0,passed,coordinate_previous_iid
0.6011071955238291,0.5952918498165009,-0.2012188203609152,0.8023260158847443,4,7,1,0.5861263809433584,single,0,passed,coordinate_previous_iid
0.593475652118992,0.629362351900907,-0.16180278717942043,0.7552784392984124,4,7,1,0.5924701205368114,up_to_four,0,passed,coordinate_previous_transfer
0.593475652118992,0.629362351900907,-0.16180278717942043,0.7552784392984124,4,7,1,0.5924701205368114,single,0,passed,coordinate_previous_transfer
0.6849906470931195,,-0.2920592999183763,0.9770499470114958,4,7,1,0.6847062398809447,up_to_four,0,passed,coordinate_query_iid
0.39329174759912455,,-0.5837581994123713,0.9770499470114958,4,7,1,0.3304434258445038,single,0,passed,coordinate_query_iid
0.6499893573966784,0.6746760027268849,-0.001960230088448922,0.6519495874851273,4,7,1,0.6500428647410965,up_to_four,0,passed,coordinate_A_iid
0.6455027115239058,0.6747801613945813,-0.00644687596122151,0.6519495874851273,4,7,1,0.6446390539944606,single,0,passed,coordinate_A_iid
0.6435417347432313,0.6661687538054166,-0.0033796662232383756,0.6469214009664697,4,7,1,0.6435614977852111,up_to_four,0,passed,coordinate_B_iid
0.6407667725312283,0.6661822173553094,-0.006154628435241394,0.6469214009664697,4,7,1,0.6407140812387178,single,0,passed,coordinate_B_iid
0.6485533760834967,0.6694618109392761,-0.0055206341139679704,0.6540740101974647,4,7,1,0.648545570795556,up_to_four,0,passed,coordinate_C_iid
0.6483552582201988,0.6738112485684556,-0.005718751977265901,0.6540740101974647,4,7,1,0.6483462856576423,single,0,passed,coordinate_C_iid
0.6470032376645749,0.6722303812715331,-0.007407952145112917,0.6544111898096878,4,7,1,0.6469937738708351,up_to_four,0,passed,coordinate_D_iid
0.6462223401419138,0.6658020607827945,-0.008188849667774,0.6544111898096878,4,7,1,0.6460871976246862,single,0,passed,coordinate_D_iid
0.12467920784218386,,-0.004622455368463146,0.129301663210647,4,7,1,0.042425219266018624,up_to_four,0,passed,coordinate_state_iid
0.12493493209232062,,-0.004366731118326389,0.129301663210647,4,7,1,0.04010736994584817,single,0,passed,coordinate_state_iid
0.9975494073804576,0.9999820350991927,-0.001755776311103574,0.9993051836915612,4,7,1,0.9975479732466367,up_to_four,0,passed,coordinate_128_current_iid
0.9967627548994238,0.9999515698300798,-0.0025424287921373967,0.9993051836915612,4,7,1,0.9967971174056651,single,0,passed,coordinate_128_current_iid
0.9980320257869468,0.9999901232936775,-0.0009721269632787521,0.9990041527502256,4,7,1,0.9979847751156357,up_to_four,0,passed,coordinate_128_current_transfer
0.9985536292200252,0.9999933615580455,-0.00045052353020036406,0.9990041527502256,4,7,1,0.9985891087355394,single,0,passed,coordinate_128_current_transfer
0.6004551595974208,0.6436834394906665,-0.20187085628732349,0.8023260158847443,4,7,1,0.5972682616861401,up_to_four,0,passed,coordinate_128_previous_iid
0.5608385326582034,0.5834470654976947,-0.2414874832265409,0.8023260158847443,4,7,1,0.5474402461552049,single,0,passed,coordinate_128_previous_iid
0.5248035562358588,0.6291529976482477,-0.2304748830625536,0.7552784392984124,4,7,1,0.4567596949364404,up_to_four,0,passed,coordinate_128_previous_transfer
0.5831873859883118,0.6061512440509583,-0.17209105331010066,0.7552784392984124,4,7,1,0.567985118794695,single,0,passed,coordinate_128_previous_transfer
0.6468329102309707,,-0.33021703678052516,0.9770499470114958,4,7,1,0.6452420827809588,up_to_four,0,passed,coordinate_128_query_iid
0.39329174759912455,,-0.5837581994123713,0.9770499470114958,4,7,1,0.3304434258445038,single,0,passed,coordinate_128_query_iid
0.6491212066637002,0.6663104049824141,-0.0028283808214271122,0.6519495874851273,4,7,1,0.6490738904596984,up_to_four,0,passed,coordinate_128_A_iid
0.6486624580558651,0.664600280826984,-0.0032871294292622366,0.6519495874851273,4,7,1,0.648668558575717,single,0,passed,coordinate_128_A_iid
0.6390908482522741,0.6502651143582221,-0.007830552714195527,0.6469214009664697,4,7,1,0.6389435849351461,up_to_four,0,passed,coordinate_128_B_iid
0.6390908482522741,0.6502651143582221,-0.007830552714195527,0.6469214009664697,4,7,1,0.6389435849351461,single,0,passed,coordinate_128_B_iid
0.6507660639050763,0.67105852431283,-0.0033079462923883973,0.6540740101974647,4,7,1,0.6507491609248591,up_to_four,0,passed,coordinate_128_C_iid
0.6483552582201988,0.6738112485684556,-0.005718751977265901,0.6540740101974647,4,7,1,0.6483462856576423,single,0,passed,coordinate_128_C_iid
0.6480706031335877,0.6737007825477574,-0.006340586676100157,0.6544111898096878,4,7,1,0.6480213272647244,up_to_four,0,passed,coordinate_128_D_iid
0.6476000458861408,0.6560626763187779,-0.006811143923546981,0.6544111898096878,4,7,1,0.6475756493636423,single,0,passed,coordinate_128_D_iid
0.12493493209232062,,-0.004366731118326389,0.129301663210647,4,7,1,0.04010736994584817,up_to_four,0,passed,coordinate_128_state_iid
0.12493493209232062,,-0.004366731118326389,0.129301663210647,4,7,1,0.04010736994584817,single,0,passed,coordinate_128_state_iid
0.998864898501413,0.9999596765541211,-0.0004402851901481597,0.9993051836915612,4,7,1,0.9988490814951008,up_to_four,0,passed,random_current_iid
0.9918854294506034,0.9976090868810226,-0.007419754240957754,0.9993051836915612,4,7,1,0.9917946225238172,single,0,passed,random_current_iid
0.9991938340855822,0.9999974093885056,0.00018968133535657294,0.9990041527502256,4,7,1,0.9991938340855822,up_to_four,0,passed,random_current_transfer
0.9929817905918057,0.9976391433624971,-0.006022362158419892,0.9990041527502256,4,7,1,0.9925490916951956,single,0,passed,random_current_transfer
0.6181898139536012,0.6712207452456098,-0.1841362019311431,0.8023260158847443,4,7,1,0.5932027465813728,up_to_four,0,passed,random_previous_iid
0.585306230448766,0.6274879538822107,-0.21701978543597833,0.8023260158847443,4,7,1,0.561696633451923,single,0,passed,random_previous_iid
0.6203942993227103,0.6658503646516397,-0.13488413997570214,0.7552784392984124,4,7,1,0.568023739985561,up_to_four,0,passed,random_previous_transfer
0.5623769788342293,0.6234967175779552,-0.1929014604641831,0.7552784392984124,4,7,1,0.5577543467693414,single,0,passed,random_previous_transfer
0.7217514578164281,,-0.2552984891950677,0.9770499470114958,4,7,1,0.7216943286789239,up_to_four,0,passed,random_query_iid
0.4021798545913,,-0.5748700924201958,0.9770499470114958,4,7,1,0.3184732964155811,single,0,passed,random_query_iid
0.6469565583077168,0.6757894443694161,-0.004993029177410513,0.6519495874851273,4,7,1,0.6453680658385567,up_to_four,0,passed,random_A_iid
0.649303186521466,0.671242640734652,-0.0026464009636613106,0.6519495874851273,4,7,1,0.6486498023655138,single,0,passed,random_A_iid
0.6430009513241288,0.668057903491033,-0.00392044964234084,0.6469214009664697,4,7,1,0.6429323738899377,up_to_four,0,passed,random_B_iid
0.641046049883518,0.6668840580522255,-0.005875351082951674,0.6469214009664697,4,7,1,0.6410726438941372,single,0,passed,random_B_iid
0.64851422952977,0.6635145348918898,-0.0055597806676946915,0.6540740101974647,4,7,1,0.6484898753930619,up_to_four,0,passed,random_C_iid
0.6489329761498234,0.6604650338571938,-0.005141034047641324,0.6540740101974647,4,7,1,0.6487711233290404,single,0,passed,random_C_iid
0.648241073992043,0.6703871450873631,-0.006170115817644817,0.6544111898096878,4,7,1,0.6481840894645488,up_to_four,0,passed,random_D_iid
0.6478491832779624,0.6621680444525194,-0.0065620065317254506,0.6544111898096878,4,7,1,0.6478561173241875,single,0,passed,random_D_iid
0.12484877777384654,,-0.0044528854368004744,0.129301663210647,4,7,1,0.0373714751864203,up_to_four,0,passed,random_state_iid
0.12396562698917887,,-0.005336036221468138,0.129301663210647,4,7,1,0.03711560965849408,single,0,passed,random_state_iid
0.9974460416447819,0.999974258649094,-0.001859142046779283,0.9993051836915612,4,7,1,0.9974976569060205,up_to_four,0,passed,random_128_current_iid
0.9884908538538205,0.9989676937639156,-0.010814329837740666,0.9993051836915612,4,7,1,0.9884415426478592,single,0,passed,random_128_current_iid
0.9985299089335294,0.9999883422482752,-0.00047424381669614046,0.9990041527502256,4,7,1,0.9985890408801652,up_to_four,0,passed,random_128_current_transfer
0.9938115958361101,0.9998712789913713,-0.005192556914115465,0.9990041527502256,4,7,1,0.9935539102641906,single,0,passed,random_128_current_transfer
0.6098073798947583,0.6443611443953351,-0.19251863598998598,0.8023260158847443,4,7,1,0.6097555050839996,up_to_four,0,passed,random_128_previous_iid
0.589561247533128,0.6356385299792997,-0.21276476835161628,0.8023260158847443,4,7,1,0.5786533704024583,single,0,passed,random_128_previous_iid
0.5248078287716273,0.6605327294816113,-0.23047061052678508,0.7552784392984124,4,7,1,0.38643310802164194,up_to_four,0,passed,random_128_previous_transfer
0.5248078287716273,0.6605327294816113,-0.23047061052678508,0.7552784392984124,4,7,1,0.38643310802164194,single,0,passed,random_128_previous_transfer
0.6302606383223557,,-0.34678930868914015,0.9770499470114958,4,7,1,0.6285315171499944,up_to_four,0,passed,random_128_query_iid
0.42916820792151467,,-0.5478817390899812,0.9770499470114958,4,7,1,0.36474808168267003,single,0,passed,random_128_query_iid
0.6498569192252586,0.6696095969964504,-0.0020926682598687574,0.6519495874851273,4,7,1,0.6499143732627377,up_to_four,0,passed,random_128_A_iid
0.6485098388297528,0.6655026822934099,-0.0034397486553745527,0.6519495874851273,4,7,1,0.6485572013305758,single,0,passed,random_128_A_iid
0.6391006344669119,0.6681607187828559,-0.007820766499557763,0.6469214009664697,4,7,1,0.6381372716181977,up_to_four,0,passed,random_128_B_iid
0.641046049883518,0.6668840580522255,-0.005875351082951674,0.6469214009664697,4,7,1,0.6410726438941372,single,0,passed,random_128_B_iid
0.6480656167243277,0.6645428857071337,-0.006008393473136975,0.6540740101974647,4,7,1,0.6478583401226972,up_to_four,0,passed,random_128_C_iid
0.6487934506120547,0.6584936256120005,-0.005280559585409961,0.6540740101974647,4,7,1,0.6487450965875952,single,0,passed,random_128_C_iid
0.6470541866617447,0.6542081448380656,-0.007357003147943075,0.6544111898096878,4,7,1,0.6469919006413283,up_to_four,0,passed,random_128_D_iid
0.6470541866617447,0.6542081448380656,-0.007357003147943075,0.6544111898096878,4,7,1,0.6469919006413283,single,0,passed,random_128_D_iid
0.12393482238603165,,-0.00536684082461536,0.129301663210647,4,7,1,0.039551318133092705,up_to_four,0,passed,random_128_state_iid
0.12327893931667516,,-0.006022723893971849,0.129301663210647,4,7,1,0.036900661312258526,single,0,passed,random_128_state_iid
0.9393018945634266,0.992636932777523,-0.060003289128134574,0.9993051836915612,4,7,1,0.9405925589912677,up_to_four,0,passed,transcoder_current_iid
0.9393468118195957,0.9393468118195957,-0.05995837187196551,0.9993051836915612,4,7,1,0.9375294732741475,single,0,passed,transcoder_current_iid
0.9374733247972684,0.9938327255111115,-0.06153082795295717,0.9990041527502256,4,7,1,0.9403262439284584,up_to_four,0,passed,transcoder_current_transfer
0.9374733247972684,0.9374733247972684,-0.06153082795295717,0.9990041527502256,4,7,1,0.9403262439284584,single,0,passed,transcoder_current_transfer
0.6158209760239273,0.6671564557133914,-0.186505039860817,0.8023260158847443,4,7,1,0.5585196190696808,up_to_four,0,passed,transcoder_previous_iid
0.5684589571743754,0.568645995460413,-0.23386705871036884,0.8023260158847443,4,7,1,0.4665126654004703,single,0,passed,transcoder_previous_iid
0.5918500451402692,0.6325815218400883,-0.16342839415814325,0.7552784392984124,4,7,1,0.5111690648762099,up_to_four,0,passed,transcoder_previous_transfer
0.5627247260933048,0.5627806405831454,-0.1925537132051076,0.7552784392984124,4,7,1,0.4513632611287368,single,0,passed,transcoder_previous_transfer
0.716136226312225,,-0.2609137206992709,0.9770499470114958,4,7,1,0.7230384248749391,up_to_four,0,passed,transcoder_query_iid
0.42255413149736665,,-0.5544958155141292,0.9770499470114958,4,7,1,0.3166799990397835,single,0,passed,transcoder_query_iid
0.6394033280981715,0.6596620988711313,-0.01254625938695586,0.6519495874851273,4,7,1,0.6380307591877685,up_to_four,0,passed,transcoder_A_iid
0.6337657965178491,0.6388507916424127,-0.01818379096727818,0.6519495874851273,4,7,1,0.6316573384350619,single,0,passed,transcoder_A_iid
0.6293425376851316,0.638698749253726,-0.017578863281338064,0.6469214009664697,4,7,1,0.6283769843802687,up_to_four,0,passed,transcoder_B_iid
0.6293425376851316,0.638698749253726,-0.017578863281338064,0.6469214009664697,4,7,1,0.6283769843802687,single,0,passed,transcoder_B_iid
0.6366478285523152,0.6664679721138131,-0.01742618164514953,0.6540740101974647,4,7,1,0.635344076375574,up_to_four,0,passed,transcoder_C_iid
0.6354898075904633,0.6423798960580746,-0.018584202607001443,0.6540740101974647,4,7,1,0.6337758360905584,single,0,passed,transcoder_C_iid
0.6361467754091301,0.648862610701917,-0.018264414400557705,0.6544111898096878,4,7,1,0.6338014806296486,up_to_four,0,passed,transcoder_D_iid
0.635716753055658,0.6385154581740776,-0.01869443675402982,0.6544111898096878,4,7,1,0.6334189764192539,single,0,passed,transcoder_D_iid
0.1195739339137367,,-0.009727729296910306,0.129301663210647,4,7,1,0.03592015006395198,up_to_four,0,passed,transcoder_state_iid
0.11553416624171342,,-0.01376749696893359,0.129301663210647,4,7,1,0.034833065578436004,single,0,passed,transcoder_state_iid
0.9866041689619037,0.9953808586994397,-0.012701014729657456,0.9993051836915612,4,7,1,0.9868320217263431,up_to_four,0,passed,transcoder_128_current_iid
0.9393468118195957,0.9393468118195957,-0.05995837187196551,0.9993051836915612,4,7,1,0.9375294732741475,single,0,passed,transcoder_128_current_iid
0.991297974077046,0.9965645253319707,-0.007706178673179576,0.9990041527502256,4,7,1,0.9917290820698756,up_to_four,0,passed,transcoder_128_current_transfer
0.9374733247972684,0.9374733247972684,-0.06153082795295717,0.9990041527502256,4,7,1,0.9403262439284584,single,0,passed,transcoder_128_current_transfer
0.5845699764868464,0.5908004137058719,-0.2177560393978979,0.8023260158847443,4,7,1,0.546976851176445,up_to_four,0,passed,transcoder_128_previous_iid
0.5268133839877075,0.5269558277645044,-0.2755126318970368,0.8023260158847443,4,7,1,0.39991355199113443,single,0,passed,transcoder_128_previous_iid
0.5517801613160896,0.5557692236245221,-0.20349827798232278,0.7552784392984124,4,7,1,0.48904862579281183,up_to_four,0,passed,transcoder_128_previous_transfer
0.5231433974461381,0.5232778894416353,-0.2321350418522743,0.7552784392984124,4,7,1,0.39624699786221396,single,0,passed,transcoder_128_previous_transfer
0.3854486067840091,,-0.5916013402274867,0.9770499470114958,4,7,1,0.32359680336153895,up_to_four,0,passed,transcoder_128_query_iid
0.3148701681348625,,-0.6621797788766333,0.9770499470114958,4,7,1,0.20976492341284553,single,0,passed,transcoder_128_query_iid
0.6301665965084713,0.6455392146072075,-0.021782990976656036,0.6519495874851273,4,7,1,0.6294316549137731,up_to_four,0,passed,transcoder_128_A_iid
0.6337657965178491,0.6388507916424127,-0.01818379096727818,0.6519495874851273,4,7,1,0.6316573384350619,single,0,passed,transcoder_128_A_iid
0.623247487084198,0.6498524573044866,-0.02367391388227169,0.6469214009664697,4,7,1,0.6212515537831995,up_to_four,0,passed,transcoder_128_B_iid
0.6293425376851316,0.638698749253726,-0.017578863281338064,0.6469214009664697,4,7,1,0.6283769843802687,single,0,passed,transcoder_128_B_iid
0.6451894425689756,0.64268022297805,-0.008884567628489104,0.6540740101974647,4,7,1,0.6450400480825859,up_to_four,0,passed,transcoder_128_C_iid
0.6354898075904633,0.6423798960580746,-0.018584202607001443,0.6540740101974647,4,7,1,0.6337758360905584,single,0,passed,transcoder_128_C_iid
0.6464844551084861,0.6770186357172338,-0.007926734701201754,0.6544111898096878,4,7,1,0.6464948977697293,up_to_four,0,passed,transcoder_128_D_iid
0.635716753055658,0.6385154581740776,-0.01869443675402982,0.6544111898096878,4,7,1,0.6334189764192539,single,0,passed,transcoder_128_D_iid
0.11926984427271006,,-0.010031818937936948,0.129301663210647,4,7,1,0.03903995595581039,up_to_four,0,passed,transcoder_128_state_iid
0.11553416624171342,,-0.01376749696893359,0.129301663210647,4,7,1,0.034833065578436004,single,0,passed,transcoder_128_state_iid
0.9980209985370265,0.9999794129242559,-0.001284185154534656,0.9993051836915612,16,7,1,0.9980482725992674,up_to_four,0,passed,coordinate_current_iid
0.9967627548994238,0.9999515698300798,-0.0025424287921373967,0.9993051836915612,16,7,1,0.9967971174056651,single,0,passed,coordinate_current_iid
0.9987670308418775,0.9999949806902296,-0.00023712190834812574,0.9990041527502256,16,7,1,0.9987906935623801,up_to_four,0,passed,coordinate_current_transfer
0.9985536292200252,0.9999933615580455,-0.00045052353020036406,0.9990041527502256,16,7,1,0.9985891087355394,single,0,passed,coordinate_current_transfer
0.6011071955238291,0.5952918498165009,-0.2012188203609152,0.8023260158847443,16,7,1,0.5861263809433584,up_to_four,0,passed,coordinate_previous_iid
0.6011071955238291,0.5952918498165009,-0.2012188203609152,0.8023260158847443,16,7,1,0.5861263809433584,single,0,passed,coordinate_previous_iid
0.593475652118992,0.629362351900907,-0.16180278717942043,0.7552784392984124,16,7,1,0.5924701205368114,up_to_four,0,passed,coordinate_previous_transfer
0.593475652118992,0.629362351900907,-0.16180278717942043,0.7552784392984124,16,7,1,0.5924701205368114,single,0,passed,coordinate_previous_transfer
0.6849906470931195,,-0.2920592999183763,0.9770499470114958,16,7,1,0.6847062398809447,up_to_four,0,passed,coordinate_query_iid
0.39329174759912455,,-0.5837581994123713,0.9770499470114958,16,7,1,0.3304434258445038,single,0,passed,coordinate_query_iid
0.6499893573966784,0.6746760027268849,-0.001960230088448922,0.6519495874851273,16,7,1,0.6500428647410965,up_to_four,0,passed,coordinate_A_iid
0.6455027115239058,0.6747801613945813,-0.00644687596122151,0.6519495874851273,16,7,1,0.6446390539944606,single,0,passed,coordinate_A_iid
0.6435417347432313,0.6661687538054166,-0.0033796662232383756,0.6469214009664697,16,7,1,0.6435614977852111,up_to_four,0,passed,coordinate_B_iid
0.6407667725312283,0.6661822173553094,-0.006154628435241394,0.6469214009664697,16,7,1,0.6407140812387178,single,0,passed,coordinate_B_iid
0.6485533760834967,0.6694618109392761,-0.0055206341139679704,0.6540740101974647,16,7,1,0.648545570795556,up_to_four,0,passed,coordinate_C_iid
0.6483552582201988,0.6738112485684556,-0.005718751977265901,0.6540740101974647,16,7,1,0.6483462856576423,single,0,passed,coordinate_C_iid
0.6470032376645749,0.6722303812715331,-0.007407952145112917,0.6544111898096878,16,7,1,0.6469937738708351,up_to_four,0,passed,coordinate_D_iid
0.6462223401419138,0.6658020607827945,-0.008188849667774,0.6544111898096878,16,7,1,0.6460871976246862,single,0,passed,coordinate_D_iid
0.12467920784218386,,-0.004622455368463146,0.129301663210647,16,7,1,0.042425219266018624,up_to_four,0,passed,coordinate_state_iid
0.12493493209232062,,-0.004366731118326389,0.129301663210647,16,7,1,0.04010736994584817,single,0,passed,coordinate_state_iid
0.9975494073804576,0.9999820350991927,-0.001755776311103574,0.9993051836915612,16,7,1,0.9975479732466367,up_to_four,0,passed,coordinate_128_current_iid
0.9967627548994238,0.9999515698300798,-0.0025424287921373967,0.9993051836915612,16,7,1,0.9967971174056651,single,0,passed,coordinate_128_current_iid
0.9980320257869468,0.9999901232936775,-0.0009721269632787521,0.9990041527502256,16,7,1,0.9979847751156357,up_to_four,0,passed,coordinate_128_current_transfer
0.9985536292200252,0.9999933615580455,-0.00045052353020036406,0.9990041527502256,16,7,1,0.9985891087355394,single,0,passed,coordinate_128_current_transfer
0.6004551595974208,0.6436834394906665,-0.20187085628732349,0.8023260158847443,16,7,1,0.5972682616861401,up_to_four,0,passed,coordinate_128_previous_iid
0.5608385326582034,0.5834470654976947,-0.2414874832265409,0.8023260158847443,16,7,1,0.5474402461552049,single,0,passed,coordinate_128_previous_iid
0.5248035562358588,0.6291529976482477,-0.2304748830625536,0.7552784392984124,16,7,1,0.4567596949364404,up_to_four,0,passed,coordinate_128_previous_transfer
0.5831873859883118,0.6061512440509583,-0.17209105331010066,0.7552784392984124,16,7,1,0.567985118794695,single,0,passed,coordinate_128_previous_transfer
0.6468329102309707,,-0.33021703678052516,0.9770499470114958,16,7,1,0.6452420827809588,up_to_four,0,passed,coordinate_128_query_iid
0.39329174759912455,,-0.5837581994123713,0.9770499470114958,16,7,1,0.3304434258445038,single,0,passed,coordinate_128_query_iid
0.6491212066637002,0.6663104049824141,-0.0028283808214271122,0.6519495874851273,16,7,1,0.6490738904596984,up_to_four,0,passed,coordinate_128_A_iid
0.6486624580558651,0.664600280826984,-0.0032871294292622366,0.6519495874851273,16,7,1,0.648668558575717,single,0,passed,coordinate_128_A_iid
0.6390908482522741,0.6502651143582221,-0.007830552714195527,0.6469214009664697,16,7,1,0.6389435849351461,up_to_four,0,passed,coordinate_128_B_iid
0.6390908482522741,0.6502651143582221,-0.007830552714195527,0.6469214009664697,16,7,1,0.6389435849351461,single,0,passed,coordinate_128_B_iid
0.6507660639050763,0.67105852431283,-0.0033079462923883973,0.6540740101974647,16,7,1,0.6507491609248591,up_to_four,0,passed,coordinate_128_C_iid
0.6483552582201988,0.6738112485684556,-0.005718751977265901,0.6540740101974647,16,7,1,0.6483462856576423,single,0,passed,coordinate_128_C_iid
0.6480706031335877,0.6737007825477574,-0.006340586676100157,0.6544111898096878,16,7,1,0.6480213272647244,up_to_four,0,passed,coordinate_128_D_iid
0.6476000458861408,0.6560626763187779,-0.006811143923546981,0.6544111898096878,16,7,1,0.6475756493636423,single,0,passed,coordinate_128_D_iid
0.12493493209232062,,-0.004366731118326389,0.129301663210647,16,7,1,0.04010736994584817,up_to_four,0,passed,coordinate_128_state_iid
0.12493493209232062,,-0.004366731118326389,0.129301663210647,16,7,1,0.04010736994584817,single,0,passed,coordinate_128_state_iid
0.998864898501413,0.9999596765541211,-0.0004402851901481597,0.9993051836915612,16,7,1,0.9988490814951008,up_to_four,0,passed,random_current_iid
0.9918854294506034,0.9976090868810226,-0.007419754240957754,0.9993051836915612,16,7,1,0.9917946225238172,single,0,passed,random_current_iid
0.9991938340855822,0.9999974093885056,0.00018968133535657294,0.9990041527502256,16,7,1,0.9991938340855822,up_to_four,0,passed,random_current_transfer
0.9929817905918057,0.9976391433624971,-0.006022362158419892,0.9990041527502256,16,7,1,0.9925490916951956,single,0,passed,random_current_transfer
0.6181898139536012,0.6712207452456098,-0.1841362019311431,0.8023260158847443,16,7,1,0.5932027465813728,up_to_four,0,passed,random_previous_iid
0.585306230448766,0.6274879538822107,-0.21701978543597833,0.8023260158847443,16,7,1,0.561696633451923,single,0,passed,random_previous_iid
0.6203942993227103,0.6658503646516397,-0.13488413997570214,0.7552784392984124,16,7,1,0.568023739985561,up_to_four,0,passed,random_previous_transfer
0.5623769788342293,0.6234967175779552,-0.1929014604641831,0.7552784392984124,16,7,1,0.5577543467693414,single,0,passed,random_previous_transfer
0.7217514578164281,,-0.2552984891950677,0.9770499470114958,16,7,1,0.7216943286789239,up_to_four,0,passed,random_query_iid
0.4021798545913,,-0.5748700924201958,0.9770499470114958,16,7,1,0.3184732964155811,single,0,passed,random_query_iid
0.6469565583077168,0.6757894443694161,-0.004993029177410513,0.6519495874851273,16,7,1,0.6453680658385567,up_to_four,0,passed,random_A_iid
0.649303186521466,0.671242640734652,-0.0026464009636613106,0.6519495874851273,16,7,1,0.6486498023655138,single,0,passed,random_A_iid
0.6430009513241288,0.668057903491033,-0.00392044964234084,0.6469214009664697,16,7,1,0.6429323738899377,up_to_four,0,passed,random_B_iid
0.641046049883518,0.6668840580522255,-0.005875351082951674,0.6469214009664697,16,7,1,0.6410726438941372,single,0,passed,random_B_iid
0.64851422952977,0.6635145348918898,-0.0055597806676946915,0.6540740101974647,16,7,1,0.6484898753930619,up_to_four,0,passed,random_C_iid
0.6489329761498234,0.6604650338571938,-0.005141034047641324,0.6540740101974647,16,7,1,0.6487711233290404,single,0,passed,random_C_iid
0.648241073992043,0.6703871450873631,-0.006170115817644817,0.6544111898096878,16,7,1,0.6481840894645488,up_to_four,0,passed,random_D_iid
0.6478491832779624,0.6621680444525194,-0.0065620065317254506,0.6544111898096878,16,7,1,0.6478561173241875,single,0,passed,random_D_iid
0.12484877777384654,,-0.0044528854368004744,0.129301663210647,16,7,1,0.0373714751864203,up_to_four,0,passed,random_state_iid
0.12396562698917887,,-0.005336036221468138,0.129301663210647,16,7,1,0.03711560965849408,single,0,passed,random_state_iid
0.9974460416447819,0.999974258649094,-0.001859142046779283,0.9993051836915612,16,7,1,0.9974976569060205,up_to_four,0,passed,random_128_current_iid
0.9884908538538205,0.9989676937639156,-0.010814329837740666,0.9993051836915612,16,7,1,0.9884415426478592,single,0,passed,random_128_current_iid
0.9985299089335294,0.9999883422482752,-0.00047424381669614046,0.9990041527502256,16,7,1,0.9985890408801652,up_to_four,0,passed,random_128_current_transfer
0.9938115958361101,0.9998712789913713,-0.005192556914115465,0.9990041527502256,16,7,1,0.9935539102641906,single,0,passed,random_128_current_transfer
0.6098073798947583,0.6443611443953351,-0.19251863598998598,0.8023260158847443,16,7,1,0.6097555050839996,up_to_four,0,passed,random_128_previous_iid
0.589561247533128,0.6356385299792997,-0.21276476835161628,0.8023260158847443,16,7,1,0.5786533704024583,single,0,passed,random_128_previous_iid
0.5248078287716273,0.6605327294816113,-0.23047061052678508,0.7552784392984124,16,7,1,0.38643310802164194,up_to_four,0,passed,random_128_previous_transfer
0.5248078287716273,0.6605327294816113,-0.23047061052678508,0.7552784392984124,16,7,1,0.38643310802164194,single,0,passed,random_128_previous_transfer
0.6302606383223557,,-0.34678930868914015,0.9770499470114958,16,7,1,0.6285315171499944,up_to_four,0,passed,random_128_query_iid
0.42916820792151467,,-0.5478817390899812,0.9770499470114958,16,7,1,0.36474808168267003,single,0,passed,random_128_query_iid
0.6498569192252586,0.6696095969964504,-0.0020926682598687574,0.6519495874851273,16,7,1,0.6499143732627377,up_to_four,0,passed,random_128_A_iid
0.6485098388297528,0.6655026822934099,-0.0034397486553745527,0.6519495874851273,16,7,1,0.6485572013305758,single,0,passed,random_128_A_iid
0.6391006344669119,0.6681607187828559,-0.007820766499557763,0.6469214009664697,16,7,1,0.6381372716181977,up_to_four,0,passed,random_128_B_iid
0.641046049883518,0.6668840580522255,-0.005875351082951674,0.6469214009664697,16,7,1,0.6410726438941372,single,0,passed,random_128_B_iid
0.6480656167243277,0.6645428857071337,-0.006008393473136975,0.6540740101974647,16,7,1,0.6478583401226972,up_to_four,0,passed,random_128_C_iid
0.6487934506120547,0.6584936256120005,-0.005280559585409961,0.6540740101974647,16,7,1,0.6487450965875952,single,0,passed,random_128_C_iid
0.6470541866617447,0.6542081448380656,-0.007357003147943075,0.6544111898096878,16,7,1,0.6469919006413283,up_to_four,0,passed,random_128_D_iid
0.6470541866617447,0.6542081448380656,-0.007357003147943075,0.6544111898096878,16,7,1,0.6469919006413283,single,0,passed,random_128_D_iid
0.12393482238603165,,-0.00536684082461536,0.129301663210647,16,7,1,0.039551318133092705,up_to_four,0,passed,random_128_state_iid
0.12327893931667516,,-0.006022723893971849,0.129301663210647,16,7,1,0.036900661312258526,single,0,passed,random_128_state_iid
0.9840403624382208,0.9990676766937568,-0.015264821253340388,0.9993051836915612,16,7,1,0.9844695215914279,up_to_four,0,passed,transcoder_current_iid
0.9789950576606261,0.9791495057660626,-0.020310126030935072,0.9993051836915612,16,7,1,0.9795504991201903,single,0,passed,transcoder_current_iid
0.9876227059325651,0.9876227059325651,-0.011381446817660512,0.9990041527502256,16,7,1,0.9882928937327402,up_to_four,0,passed,transcoder_current_transfer
0.981007255655143,0.9818608621425523,-0.017996897095082565,0.9990041527502256,16,7,1,0.9820190835957547,single,0,passed,transcoder_current_transfer
0.6895728003053949,0.7547148185752874,-0.11275321557934936,0.8023260158847443,16,7,1,0.684286480841855,up_to_four,0,passed,transcoder_previous_iid
0.5727337600411258,0.5785472582286512,-0.22959225584361853,0.8023260158847443,16,7,1,0.5027212648246064,single,0,passed,transcoder_previous_iid
0.6252152057690379,0.6917623652758015,-0.13006323352937454,0.7552784392984124,16,7,1,0.6237737913086585,up_to_four,0,passed,transcoder_previous_transfer
0.5727783742815639,0.5773834247903671,-0.18250006501684857,0.7552784392984124,16,7,1,0.4928064768725644,single,0,passed,transcoder_previous_transfer
0.7567136340151245,,-0.22033631299637135,0.9770499470114958,16,7,1,0.7564271546653323,up_to_four,0,passed,transcoder_query_iid
0.5385030339862656,,-0.4385469130252302,0.9770499470114958,16,7,1,0.4528524382951491,single,0,passed,transcoder_query_iid
0.6439424887590974,0.6849426588265272,-0.008007098726029893,0.6519495874851273,16,7,1,0.6434820279290279,up_to_four,0,passed,transcoder_A_iid
0.6440105848030191,0.6612723187974783,-0.007939002682108232,0.6519495874851273,16,7,1,0.6433499563103697,single,0,passed,transcoder_A_iid
0.6319439096603907,0.682228972686815,-0.01497749130607895,0.6469214009664697,16,7,1,0.6306598365587223,up_to_four,0,passed,transcoder_B_iid
0.6353420476139167,0.6555987814501721,-0.011579353352553001,0.6469214009664697,16,7,1,0.6347486275860723,single,0,passed,transcoder_B_iid
0.648012524617102,0.7051629229164106,-0.00606148558036268,0.6540740101974647,16,7,1,0.6471773861042085,up_to_four,0,passed,transcoder_C_iid
0.6483754540217701,0.6737712019790065,-0.005698556175694591,0.6540740101974647,16,7,1,0.6476106376207151,single,0,passed,transcoder_C_iid
0.6461885343607727,0.6963585115506824,-0.008222655448915095,0.6544111898096878,16,7,1,0.6460207267397612,up_to_four,0,passed,transcoder_D_iid
0.6457561087527173,0.6637513536331442,-0.008655081056970548,0.6544111898096878,16,7,1,0.6457941570091694,single,0,passed,transcoder_D_iid
0.12377146870336941,,-0.005530194507277597,0.129301663210647,16,7,1,0.043448916024743225,up_to_four,0,passed,transcoder_state_iid
0.11881693013768485,,-0.01048473307296216,0.129301663210647,16,7,1,0.03565835314708408,single,0,passed,transcoder_state_iid
0.9888730108301029,0.9995009460647039,-0.010432172861458255,0.9993051836915612,16,7,1,0.9885958831138041,up_to_four,0,passed,transcoder_128_current_iid
0.9707912130637636,0.9707912130637636,-0.02851397062779759,0.9993051836915612,16,7,1,0.9699499530468016,single,0,passed,transcoder_128_current_iid
0.9932662721165361,0.999724099875845,-0.005737880633689518,0.9990041527502256,16,7,1,0.9929503551521793,up_to_four,0,passed,transcoder_128_current_transfer
0.9812215477996965,0.9812215477996965,-0.01778260495052908,0.9990041527502256,16,7,1,0.9800862568908857,single,0,passed,transcoder_128_current_transfer
0.6154161497941343,0.6558621052788375,-0.18690986609061,0.8023260158847443,16,7,1,0.5925307536082273,up_to_four,0,passed,transcoder_128_previous_iid
0.5566176311817003,0.5588702947567734,-0.245708384703044,0.8023260158847443,16,7,1,0.48478592588798997,single,0,passed,transcoder_128_previous_iid
0.5511595290551008,0.5671190291312634,-0.20411891024331164,0.7552784392984124,16,7,1,0.5328836866435643,up_to_four,0,passed,transcoder_128_previous_transfer
0.5201732420372936,0.5196430760771434,-0.23510519726111878,0.7552784392984124,16,7,1,0.3971620478492144,single,0,passed,transcoder_128_previous_transfer
0.5100558776984708,,-0.466994069313025,0.9770499470114958,16,7,1,0.4821005789468136,up_to_four,0,passed,transcoder_128_query_iid
0.44159037139620355,,-0.5354595756152922,0.9770499470114958,16,7,1,0.3629712014712303,single,0,passed,transcoder_128_query_iid
0.6463991818023826,0.6797918049922304,-0.005550405682744675,0.6519495874851273,16,7,1,0.6462962666495902,up_to_four,0,passed,transcoder_128_A_iid
0.6440105848030191,0.6612723187974783,-0.007939002682108232,0.6519495874851273,16,7,1,0.6433499563103697,single,0,passed,transcoder_128_A_iid
0.6339706967512648,0.6558082144485033,-0.012950704215204834,0.6469214009664697,16,7,1,0.6336461303872523,up_to_four,0,passed,transcoder_128_B_iid
0.6353420476139167,0.6555987814501721,-0.011579353352553001,0.6469214009664697,16,7,1,0.6347486275860723,single,0,passed,transcoder_128_B_iid
0.6437369749205346,0.6604448180548286,-0.010337035276930084,0.6540740101974647,16,7,1,0.6436161212575271,up_to_four,0,passed,transcoder_128_C_iid
0.6431042748086672,0.6397840080272786,-0.01096973538879753,0.6540740101974647,16,7,1,0.6429442100328177,single,0,passed,transcoder_128_C_iid
0.6453586104446085,0.6901381226512192,-0.009052579365079305,0.6544111898096878,16,7,1,0.645252685388756,up_to_four,0,passed,transcoder_128_D_iid
0.6452225862351831,0.6571515058552895,-0.009188603574504683,0.6544111898096878,16,7,1,0.6444473111327904,single,0,passed,transcoder_128_D_iid
0.12400680198952782,,-0.00529486122111919,0.129301663210647,16,7,1,0.04443379347760581,up_to_four,0,passed,transcoder_128_state_iid
0.11881693013768485,,-0.01048473307296216,0.129301663210647,16,7,1,0.03565835314708408,single,0,passed,transcoder_128_state_iid
0.9986791444295556,0.9999963269534282,-0.0004802383288795564,0.9991593827584352,4,11,1,0.9986489596144631,up_to_four,0,passed,coordinate_current_iid
0.9984155658069029,0.9999881001297717,-0.0007438169515322501,0.9991593827584352,4,11,1,0.9984486083978543,single,0,passed,coordinate_current_iid
0.9984351087441558,0.9999972474752872,-0.0005690440060698299,0.9990041527502256,4,11,1,0.9983878200925085,up_to_four,0,passed,coordinate_current_transfer
0.9979845852139553,0.999994333037356,-0.001019567536270305,0.9990041527502256,4,11,1,0.9979845852139553,single,0,passed,coordinate_current_transfer
0.6268151853195152,0.6797757318805361,-0.09190580789789315,0.7187209932174083,4,11,1,0.626126047348265,up_to_four,0,passed,coordinate_previous_iid
0.6268151853195152,0.6797757318805361,-0.09190580789789315,0.7187209932174083,4,11,1,0.626126047348265,single,0,passed,coordinate_previous_iid
0.6169394897477718,0.6775654719665924,-0.08923228105111813,0.7061717707988899,4,11,1,0.609719302839886,up_to_four,0,passed,coordinate_previous_transfer
0.616014578635092,0.677759965225274,-0.09015719216379792,0.7061717707988899,4,11,1,0.6066393965043906,single,0,passed,coordinate_previous_transfer
0.5808097451082959,,-0.39801717162313144,0.9788269167314273,4,11,1,0.5782051688860382,up_to_four,0,passed,coordinate_query_iid
0.35644754408540114,,-0.6223793726460262,0.9788269167314273,4,11,1,0.33198697932571564,single,0,passed,coordinate_query_iid
0.6496150669031494,0.65748970243165,-0.000958424915129652,0.6505734918182791,4,11,1,0.6496207459916689,up_to_four,0,passed,coordinate_A_iid
0.6496150669031494,0.65748970243165,-0.000958424915129652,0.6505734918182791,4,11,1,0.6496207459916689,single,0,passed,coordinate_A_iid
0.6439301814224105,0.6673615913049423,-0.0007898816064152436,0.6447200630288258,4,11,1,0.6439283445042747,up_to_four,0,passed,coordinate_B_iid
0.6443750239151871,0.6682562694613587,-0.000345039113638701,0.6447200630288258,4,11,1,0.6443878702979237,single,0,passed,coordinate_B_iid
0.6488224317623167,0.6627686252867376,9.622381912344213e-05,0.6487262079431932,4,11,1,0.6488055427387751,up_to_four,0,passed,coordinate_C_iid
0.6476608156577734,0.6632169880822569,-0.0010653922854197972,0.6487262079431932,4,11,1,0.6476626205274117,single,0,passed,coordinate_C_iid
0.6470041989664083,0.6704365419826145,-0.0019133110824002264,0.6489175100488085,4,11,1,0.6464229292555211,up_to_four,0,passed,coordinate_D_iid
0.6470041989664083,0.6704365419826145,-0.0019133110824002264,0.6489175100488085,4,11,1,0.6464229292555211,single,0,passed,coordinate_D_iid
0.1246225645211044,,-0.0006462126722851791,0.12526877719338958,4,11,1,0.041931047151351694,up_to_four,0,passed,coordinate_state_iid
0.12423732996446536,,-0.0010314472289242177,0.12526877719338958,4,11,1,0.0397630974549506,single,0,passed,coordinate_state_iid
0.998524696324119,0.9999961267874026,-0.0006346864343161895,0.9991593827584352,4,11,1,0.9984988314754089,up_to_four,0,passed,coordinate_128_current_iid
0.9984155658069029,0.9999881001297717,-0.0007438169515322501,0.9991593827584352,4,11,1,0.9984486083978543,single,0,passed,coordinate_128_current_iid
0.9984351087441558,0.9999972474752872,-0.0005690440060698299,0.9990041527502256,4,11,1,0.9983878200925085,up_to_four,0,passed,coordinate_128_current_transfer
0.9979845852139553,0.999994333037356,-0.001019567536270305,0.9990041527502256,4,11,1,0.9979845852139553,single,0,passed,coordinate_128_current_transfer
0.6418325826052085,0.6917150052902575,-0.07688841061219986,0.7187209932174083,4,11,1,0.6388042872373405,up_to_four,0,passed,coordinate_128_previous_iid
0.6215543264930068,0.6706534065551619,-0.09716666672440155,0.7187209932174083,4,11,1,0.6209953121308266,single,0,passed,coordinate_128_previous_iid
0.6215181619922648,0.7009626208848979,-0.08465360880662509,0.7061717707988899,4,11,1,0.6171890336211738,up_to_four,0,passed,coordinate_128_previous_transfer
0.5942588265016105,0.668745100516048,-0.11191294429727938,0.7061717707988899,4,11,1,0.5761816430635323,single,0,passed,coordinate_128_previous_transfer
0.4335083125211345,,-0.5453186042102929,0.9788269167314273,4,11,1,0.42565149790390433,up_to_four,0,passed,coordinate_128_query_iid
0.35644754408540114,,-0.6223793726460262,0.9788269167314273,4,11,1,0.33198697932571564,single,0,passed,coordinate_128_query_iid
0.6496603341299945,0.65581969012451,-0.0009131576882845938,0.6505734918182791,4,11,1,0.6496523675617131,up_to_four,0,passed,coordinate_128_A_iid
0.6496150669031494,0.65748970243165,-0.000958424915129652,0.6505734918182791,4,11,1,0.6496207459916689,single,0,passed,coordinate_128_A_iid
0.6414158647307386,0.6643320674361046,-0.0033041982980871465,0.6447200630288258,4,11,1,0.641284138871107,up_to_four,0,passed,coordinate_128_B_iid
0.6443750239151871,0.6682562694613587,-0.000345039113638701,0.6447200630288258,4,11,1,0.6443878702979237,single,0,passed,coordinate_128_B_iid
0.6488104612872085,0.6654817629711723,8.425334401529483e-05,0.6487262079431932,4,11,1,0.6487823807314832,up_to_four,0,passed,coordinate_128_C_iid
0.6488274719623621,0.6610643676447518,0.0001012640191688785,0.6487262079431932,4,11,1,0.6488145355053606,single,0,passed,coordinate_128_C_iid
0.6478224270435995,0.6600430316752158,-0.0010950830052089966,0.6489175100488085,4,11,1,0.6477904472099202,up_to_four,0,passed,coordinate_128_D_iid
0.6478224270435995,0.6600430316752158,-0.0010950830052089966,0.6489175100488085,4,11,1,0.6477904472099202,single,0,passed,coordinate_128_D_iid
0.12450750284503323,,-0.00076127434835635,0.12526877719338958,4,11,1,0.04016435562042707,up_to_four,0,passed,coordinate_128_state_iid
0.12418951783330198,,-0.0010792593600875977,0.12526877719338958,4,11,1,0.03857628780596826,single,0,passed,coordinate_128_state_iid
0.9991165472289336,0.9999968273684925,-4.2835529501572545e-05,0.9991593827584352,4,11,1,0.9990992837143811,up_to_four,0,passed,random_current_iid
0.9991878063340858,0.9999963469700308,2.84235756505824e-05,0.9991593827584352,4,11,1,0.9991993173059077,single,0,passed,random_current_iid
0.9993835154209387,0.9999990285206896,0.0003793626707131459,0.9990041527502256,4,11,1,0.9993953611975063,up_to_four,0,passed,random_current_transfer
0.9995731967562953,0.9999978951281608,0.0005690440060697188,0.9990041527502256,4,11,1,0.9995968978541268,single,0,passed,random_current_transfer
0.6324157857172632,0.6826521123675401,-0.08630520750014514,0.7187209932174083,4,11,1,0.630646382689976,up_to_four,0,passed,random_previous_iid
0.6324157857172632,0.6826521123675401,-0.08630520750014514,0.7187209932174083,4,11,1,0.630646382689976,single,0,passed,random_previous_iid
0.6169708835975494,0.6848011041718526,-0.08920088720134056,0.7061717707988899,4,11,1,0.6050066373802963,up_to_four,0,passed,random_previous_transfer
0.6169708835975494,0.6848011041718526,-0.08920088720134056,0.7061717707988899,4,11,1,0.6050066373802963,single,0,passed,random_previous_transfer
0.44455066466922033,,-0.534276252062207,0.9788269167314273,4,11,1,0.4341343977370062,up_to_four,0,passed,random_query_iid
0.35732665880228487,,-0.6215002579291424,0.9788269167314273,4,11,1,0.32944749738675205,single,0,passed,random_query_iid
0.6497895389280683,0.6698789079658918,-0.0007839528902107151,0.6505734918182791,4,11,1,0.6497720605666322,up_to_four,0,passed,random_A_iid
0.6487044919093641,0.675343899536948,-0.0018689999089149811,0.6505734918182791,4,11,1,0.6486980929754406,single,0,passed,random_A_iid
0.6440125937575398,0.6536184338502322,-0.0007074692712859543,0.6447200630288258,4,11,1,0.6440157899785821,up_to_four,0,passed,random_B_iid
0.6440125937575398,0.6536184338502322,-0.0007074692712859543,0.6447200630288258,4,11,1,0.6440157899785821,single,0,passed,random_B_iid
0.6486708507460661,0.6631914820699234,-5.5357197127126057e-05,0.6487262079431932,4,11,1,0.648652598595014,up_to_four,0,passed,random_C_iid
0.6479394067150526,0.6605116457072181,-0.0007868012281406767,0.6487262079431932,4,11,1,0.6479339207175795,single,0,passed,random_C_iid
0.647626321469587,0.6717954723004081,-0.0012911885792215028,0.6489175100488085,4,11,1,0.6473532425254094,up_to_four,0,passed,random_D_iid
0.6464782066465691,0.6678248451182529,-0.0024393034022394122,0.6489175100488085,4,11,1,0.6463402687567776,single,0,passed,random_D_iid
0.12418357009041835,,-0.0010852071029712335,0.12526877719338958,4,11,1,0.042346631530787535,up_to_four,0,passed,random_state_iid
0.12418738848020161,,-0.0010813887131879696,0.12526877719338958,4,11,1,0.037165965190532224,single,0,passed,random_state_iid
0.9986816264882745,0.9999950959323701,-0.00047775627016066746,0.9991593827584352,4,11,1,0.9986988753599061,up_to_four,0,passed,random_128_current_iid
0.9983986717943332,0.9999640101485776,-0.0007607109641020182,0.9991593827584352,4,11,1,0.9983986717943332,single,0,passed,random_128_current_iid
0.999596917042791,0.9999985427810344,0.0005927642925653842,0.9990041527502256,4,11,1,0.999596917042791,up_to_four,0,passed,random_128_current_transfer
0.9990515933232169,0.9999974093885056,4.7440572991330754e-05,0.9990041527502256,4,11,1,0.9989924110888286,single,0,passed,random_128_current_transfer
0.650163430447057,0.6938019636595164,-0.0685575627703513,0.7187209932174083,4,11,1,0.6465117081833543,up_to_four,0,passed,random_128_previous_iid
0.6324157857172632,0.6826521123675401,-0.08630520750014514,0.7187209932174083,4,11,1,0.630646382689976,single,0,passed,random_128_previous_iid
0.6325962899528534,0.7091461987435029,-0.07357548084603649,0.7061717707988899,4,11,1,0.6282540244451749,up_to_four,0,passed,random_128_previous_transfer
0.6169708835975494,0.6848011041718526,-0.08920088720134056,0.7061717707988899,4,11,1,0.6050066373802963,single,0,passed,random_128_previous_transfer
0.4676980762148105,,-0.5111288405166168,0.9788269167314273,4,11,1,0.4670514710055694,up_to_four,0,passed,random_128_query_iid
0.38499560448567216,,-0.5938313122457551,0.9788269167314273,4,11,1,0.35645802772430324,single,0,passed,random_128_query_iid
0.6495635932011508,0.6558662687194924,-0.001009898617128302,0.6505734918182791,4,11,1,0.6495193035149922,up_to_four,0,passed,random_128_A_iid
0.6494762921208067,0.64661257443278,-0.0010971996974723508,0.6505734918182791,4,11,1,0.6494631340718431,single,0,passed,random_128_A_iid
0.6439974641496335,0.6558217630524088,-0.0007225988791922378,0.6447200630288258,4,11,1,0.6440046969865172,up_to_four,0,passed,random_128_B_iid
0.6438620981868326,0.6453225956611487,-0.0008579648419931862,0.6447200630288258,4,11,1,0.6438777365168162,single,0,passed,random_128_B_iid
0.6485784070769769,0.6587481157127126,-0.00014780086621635213,0.6487262079431932,4,11,1,0.6485661118523144,up_to_four,0,passed,random_128_C_iid
0.6481821713503808,0.6396178364319279,-0.0005440365928124358,0.6487262079431932,4,11,1,0.6481724141011886,single,0,passed,random_128_C_iid
0.6476067749989747,0.6652162023899245,-0.001310735049833811,0.6489175100488085,4,11,1,0.6475435819718331,up_to_four,0,passed,random_128_D_iid
0.6480146874102785,0.6407735511739417,-0.000902822638530032,0.6489175100488085,4,11,1,0.6479484554096338,single,0,passed,random_128_D_iid
0.1244047516642617,,-0.0008640255291278848,0.12526877719338958,4,11,1,0.038372682555499145,up_to_four,0,passed,random_128_state_iid
0.1244047516642617,,-0.0008640255291278848,0.12526877719338958,4,11,1,0.038372682555499145,single,0,passed,random_128_state_iid
0.9889629254088511,0.9959326763991124,-0.010196457349584076,0.9991593827584352,4,11,1,0.9892340836423421,up_to_four,0,passed,transcoder_current_iid
0.9274126731676322,0.9281412674929094,-0.07174670959080298,0.9991593827584352,4,11,1,0.9287735982981726,single,0,passed,transcoder_current_iid
0.9921515805644554,0.9964370996290892,-0.006852572185770178,0.9990041527502256,4,11,1,0.9925367943375845,up_to_four,0,passed,transcoder_current_transfer
0.9278702518139138,0.9280836534357662,-0.07113390093631178,0.9990041527502256,4,11,1,0.9310067775542097,single,0,passed,transcoder_current_transfer
0.6199095719885513,0.6598398962432879,-0.098811421228857,0.7187209932174083,4,11,1,0.5996695856914851,up_to_four,0,passed,transcoder_previous_iid
0.5777799601605449,0.5883631540350006,-0.14094103305686345,0.7187209932174083,4,11,1,0.572453682836456,single,0,passed,transcoder_previous_iid
0.587058674919472,0.6381353539331478,-0.11911309587941799,0.7061717707988899,4,11,1,0.5711045921844875,up_to_four,0,passed,transcoder_previous_transfer
0.5878297747444838,0.5985319195574396,-0.1183419960544061,0.7061717707988899,4,11,1,0.5742656392073129,single,0,passed,transcoder_previous_transfer
0.4348354948246897,,-0.5439914219067377,0.9788269167314273,4,11,1,0.43454639732524036,up_to_four,0,passed,transcoder_query_iid
0.3282399746550644,,-0.6505869420763629,0.9788269167314273,4,11,1,0.21991723503530514,single,0,passed,transcoder_query_iid
0.6453670399791398,0.6697525761651874,-0.005206451839139259,0.6505734918182791,4,11,1,0.6445429610619864,up_to_four,0,passed,transcoder_A_iid
0.6224164959060138,0.6251743531508988,-0.02815699591226528,0.6505734918182791,4,11,1,0.6182612177950537,single,0,passed,transcoder_A_iid
0.6287008902133211,0.6667143452778252,-0.01601917281550469,0.6447200630288258,4,11,1,0.6279604329027043,up_to_four,0,passed,transcoder_B_iid
0.6249306359510544,0.6336291648648558,-0.019789427077771427,0.6447200630288258,4,11,1,0.6232942350475443,single,0,passed,transcoder_B_iid
0.6448428938144555,0.6387938537280544,-0.0038833141287377693,0.6487262079431932,4,11,1,0.644701193703905,up_to_four,0,passed,transcoder_C_iid
0.6311404949662451,0.6374721512696839,-0.01758571297694811,0.6487262079431932,4,11,1,0.6289788247004544,single,0,passed,transcoder_C_iid
0.645564969904844,0.6655381834295276,-0.0033525401439644664,0.6489175100488085,4,11,1,0.6443778056188487,up_to_four,0,passed,transcoder_D_iid
0.6049004603994914,0.6060881538214311,-0.044017049649317075,0.6489175100488085,4,11,1,0.5676436652589687,single,0,passed,transcoder_D_iid
0.12174062717136203,,-0.003528150022027554,0.12526877719338958,4,11,1,0.03685730603446016,up_to_four,0,passed,transcoder_state_iid
0.11205746022726656,,-0.013211316966123016,0.12526877719338958,4,11,1,0.03427716763561375,single,0,passed,transcoder_state_iid
0.7733500074301629,0.7739483487183609,-0.22580937532827228,0.9991593827584352,4,11,1,0.757244640104489,up_to_four,0,passed,transcoder_128_current_iid
0.7733500074301629,0.7739483487183609,-0.22580937532827228,0.9991593827584352,4,11,1,0.757244640104489,single,0,passed,transcoder_128_current_iid
0.7293247344461304,0.7321699544764795,-0.26967941830409514,0.9990041527502256,4,11,1,0.6977158614621848,up_to_four,0,passed,transcoder_128_current_transfer
0.7293247344461304,0.7321699544764795,-0.26967941830409514,0.9990041527502256,4,11,1,0.6977158614621848,single,0,passed,transcoder_128_current_transfer
0.5594126746093853,0.5961582730955275,-0.15930831860802308,0.7187209932174083,4,11,1,0.49371286345316406,up_to_four,0,passed,transcoder_128_previous_iid
0.5345204975971273,0.5343833654397634,-0.18420049562028107,0.7187209932174083,4,11,1,0.41447641727743295,single,0,passed,transcoder_128_previous_iid
0.5334533977805105,0.5722507161141472,-0.17271837301837945,0.7061717707988899,4,11,1,0.48868528708044673,up_to_four,0,passed,transcoder_128_previous_transfer
0.5345126151262627,0.5344484342085221,-0.17165915567262724,0.7061717707988899,4,11,1,0.41323891522598444,single,0,passed,transcoder_128_previous_transfer
0.3165597555123076,,-0.6622671612191198,0.9788269167314273,4,11,1,0.26191868186459,up_to_four,0,passed,transcoder_128_query_iid
0.27707813745003196,,-0.7017487792813953,0.9788269167314273,4,11,1,0.15112110499574988,single,0,passed,transcoder_128_query_iid
0.5607062191914203,0.5703821239661127,-0.08986727262685879,0.6505734918182791,4,11,1,0.5353358017694846,up_to_four,0,passed,transcoder_128_A_iid
0.5203426182501942,0.5204185674872738,-0.13023087356808483,0.6505734918182791,4,11,1,0.404819604738025,single,0,passed,transcoder_128_A_iid
0.5998530506813047,0.621593336632495,-0.04486701234752111,0.6447200630288258,4,11,1,0.5930839991046233,up_to_four,0,passed,transcoder_128_B_iid
0.5839745872218693,0.5927619575535248,-0.06074547580695644,0.6447200630288258,4,11,1,0.5583145249807945,single,0,passed,transcoder_128_B_iid
0.590781168104562,0.5933100234748317,-0.057945039838631196,0.6487262079431932,4,11,1,0.58558312124841,up_to_four,0,passed,transcoder_128_C_iid
0.5661530306137851,0.5620484577032863,-0.08257317732940817,0.6487262079431932,4,11,1,0.5444813920648659,single,0,passed,transcoder_128_C_iid
0.5398001389401583,0.5747878707260521,-0.10911737110865016,0.6489175100488085,4,11,1,0.4608227989288669,up_to_four,0,passed,transcoder_128_D_iid
0.5215695303207416,0.5216306731227698,-0.12734797972806688,0.6489175100488085,4,11,1,0.4073793207814452,single,0,passed,transcoder_128_D_iid
0.09951562632375238,,-0.025753150869637198,0.12526877719338958,4,11,1,0.02975989138227277,up_to_four,0,passed,transcoder_128_state_iid
0.0917028701954179,,-0.033565906997971684,0.12526877719338958,4,11,1,0.027459613371959624,single,0,passed,transcoder_128_state_iid
0.9986791444295556,0.9999963269534282,-0.0004802383288795564,0.9991593827584352,16,11,1,0.9986489596144631,up_to_four,0,passed,coordinate_current_iid
0.9984155658069029,0.9999881001297717,-0.0007438169515322501,0.9991593827584352,16,11,1,0.9984486083978543,single,0,passed,coordinate_current_iid
0.9984351087441558,0.9999972474752872,-0.0005690440060698299,0.9990041527502256,16,11,1,0.9983878200925085,up_to_four,0,passed,coordinate_current_transfer
0.9979845852139553,0.999994333037356,-0.001019567536270305,0.9990041527502256,16,11,1,0.9979845852139553,single,0,passed,coordinate_current_transfer
0.6268151853195152,0.6797757318805361,-0.09190580789789315,0.7187209932174083,16,11,1,0.626126047348265,up_to_four,0,passed,coordinate_previous_iid
0.6268151853195152,0.6797757318805361,-0.09190580789789315,0.7187209932174083,16,11,1,0.626126047348265,single,0,passed,coordinate_previous_iid
0.6169394897477718,0.6775654719665924,-0.08923228105111813,0.7061717707988899,16,11,1,0.609719302839886,up_to_four,0,passed,coordinate_previous_transfer
0.616014578635092,0.677759965225274,-0.09015719216379792,0.7061717707988899,16,11,1,0.6066393965043906,single,0,passed,coordinate_previous_transfer
0.5808097451082959,,-0.39801717162313144,0.9788269167314273,16,11,1,0.5782051688860382,up_to_four,0,passed,coordinate_query_iid
0.35644754408540114,,-0.6223793726460262,0.9788269167314273,16,11,1,0.33198697932571564,single,0,passed,coordinate_query_iid
0.6496150669031494,0.65748970243165,-0.000958424915129652,0.6505734918182791,16,11,1,0.6496207459916689,up_to_four,0,passed,coordinate_A_iid
0.6496150669031494,0.65748970243165,-0.000958424915129652,0.6505734918182791,16,11,1,0.6496207459916689,single,0,passed,coordinate_A_iid
0.6439301814224105,0.6673615913049423,-0.0007898816064152436,0.6447200630288258,16,11,1,0.6439283445042747,up_to_four,0,passed,coordinate_B_iid
0.6443750239151871,0.6682562694613587,-0.000345039113638701,0.6447200630288258,16,11,1,0.6443878702979237,single,0,passed,coordinate_B_iid
0.6488224317623167,0.6627686252867376,9.622381912344213e-05,0.6487262079431932,16,11,1,0.6488055427387751,up_to_four,0,passed,coordinate_C_iid
0.6476608156577734,0.6632169880822569,-0.0010653922854197972,0.6487262079431932,16,11,1,0.6476626205274117,single,0,passed,coordinate_C_iid
0.6470041989664083,0.6704365419826145,-0.0019133110824002264,0.6489175100488085,16,11,1,0.6464229292555211,up_to_four,0,passed,coordinate_D_iid
0.6470041989664083,0.6704365419826145,-0.0019133110824002264,0.6489175100488085,16,11,1,0.6464229292555211,single,0,passed,coordinate_D_iid
0.1246225645211044,,-0.0006462126722851791,0.12526877719338958,16,11,1,0.041931047151351694,up_to_four,0,passed,coordinate_state_iid
0.12423732996446536,,-0.0010314472289242177,0.12526877719338958,16,11,1,0.0397630974549506,single,0,passed,coordinate_state_iid
0.998524696324119,0.9999961267874026,-0.0006346864343161895,0.9991593827584352,16,11,1,0.9984988314754089,up_to_four,0,passed,coordinate_128_current_iid
0.9984155658069029,0.9999881001297717,-0.0007438169515322501,0.9991593827584352,16,11,1,0.9984486083978543,single,0,passed,coordinate_128_current_iid
0.9984351087441558,0.9999972474752872,-0.0005690440060698299,0.9990041527502256,16,11,1,0.9983878200925085,up_to_four,0,passed,coordinate_128_current_transfer
0.9979845852139553,0.999994333037356,-0.001019567536270305,0.9990041527502256,16,11,1,0.9979845852139553,single,0,passed,coordinate_128_current_transfer
0.6418325826052085,0.6917150052902575,-0.07688841061219986,0.7187209932174083,16,11,1,0.6388042872373405,up_to_four,0,passed,coordinate_128_previous_iid
0.6215543264930068,0.6706534065551619,-0.09716666672440155,0.7187209932174083,16,11,1,0.6209953121308266,single,0,passed,coordinate_128_previous_iid
0.6215181619922648,0.7009626208848979,-0.08465360880662509,0.7061717707988899,16,11,1,0.6171890336211738,up_to_four,0,passed,coordinate_128_previous_transfer
0.5942588265016105,0.668745100516048,-0.11191294429727938,0.7061717707988899,16,11,1,0.5761816430635323,single,0,passed,coordinate_128_previous_transfer
0.4335083125211345,,-0.5453186042102929,0.9788269167314273,16,11,1,0.42565149790390433,up_to_four,0,passed,coordinate_128_query_iid
0.35644754408540114,,-0.6223793726460262,0.9788269167314273,16,11,1,0.33198697932571564,single,0,passed,coordinate_128_query_iid
0.6496603341299945,0.65581969012451,-0.0009131576882845938,0.6505734918182791,16,11,1,0.6496523675617131,up_to_four,0,passed,coordinate_128_A_iid
0.6496150669031494,0.65748970243165,-0.000958424915129652,0.6505734918182791,16,11,1,0.6496207459916689,single,0,passed,coordinate_128_A_iid
0.6414158647307386,0.6643320674361046,-0.0033041982980871465,0.6447200630288258,16,11,1,0.641284138871107,up_to_four,0,passed,coordinate_128_B_iid
0.6443750239151871,0.6682562694613587,-0.000345039113638701,0.6447200630288258,16,11,1,0.6443878702979237,single,0,passed,coordinate_128_B_iid
0.6488104612872085,0.6654817629711723,8.425334401529483e-05,0.6487262079431932,16,11,1,0.6487823807314832,up_to_four,0,passed,coordinate_128_C_iid
0.6488274719623621,0.6610643676447518,0.0001012640191688785,0.6487262079431932,16,11,1,0.6488145355053606,single,0,passed,coordinate_128_C_iid
0.6478224270435995,0.6600430316752158,-0.0010950830052089966,0.6489175100488085,16,11,1,0.6477904472099202,up_to_four,0,passed,coordinate_128_D_iid
0.6478224270435995,0.6600430316752158,-0.0010950830052089966,0.6489175100488085,16,11,1,0.6477904472099202,single,0,passed,coordinate_128_D_iid
0.12450750284503323,,-0.00076127434835635,0.12526877719338958,16,11,1,0.04016435562042707,up_to_four,0,passed,coordinate_128_state_iid
0.12418951783330198,,-0.0010792593600875977,0.12526877719338958,16,11,1,0.03857628780596826,single,0,passed,coordinate_128_state_iid
0.9991165472289336,0.9999968273684925,-4.2835529501572545e-05,0.9991593827584352,16,11,1,0.9990992837143811,up_to_four,0,passed,random_current_iid
0.9991878063340858,0.9999963469700308,2.84235756505824e-05,0.9991593827584352,16,11,1,0.9991993173059077,single,0,passed,random_current_iid
0.9993835154209387,0.9999990285206896,0.0003793626707131459,0.9990041527502256,16,11,1,0.9993953611975063,up_to_four,0,passed,random_current_transfer
0.9995731967562953,0.9999978951281608,0.0005690440060697188,0.9990041527502256,16,11,1,0.9995968978541268,single,0,passed,random_current_transfer
0.6324157857172632,0.6826521123675401,-0.08630520750014514,0.7187209932174083,16,11,1,0.630646382689976,up_to_four,0,passed,random_previous_iid
0.6324157857172632,0.6826521123675401,-0.08630520750014514,0.7187209932174083,16,11,1,0.630646382689976,single,0,passed,random_previous_iid
0.6169708835975494,0.6848011041718526,-0.08920088720134056,0.7061717707988899,16,11,1,0.6050066373802963,up_to_four,0,passed,random_previous_transfer
0.6169708835975494,0.6848011041718526,-0.08920088720134056,0.7061717707988899,16,11,1,0.6050066373802963,single,0,passed,random_previous_transfer
0.44455066466922033,,-0.534276252062207,0.9788269167314273,16,11,1,0.4341343977370062,up_to_four,0,passed,random_query_iid
0.35732665880228487,,-0.6215002579291424,0.9788269167314273,16,11,1,0.32944749738675205,single,0,passed,random_query_iid
0.6497895389280683,0.6698789079658918,-0.0007839528902107151,0.6505734918182791,16,11,1,0.6497720605666322,up_to_four,0,passed,random_A_iid
0.6487044919093641,0.675343899536948,-0.0018689999089149811,0.6505734918182791,16,11,1,0.6486980929754406,single,0,passed,random_A_iid
0.6440125937575398,0.6536184338502322,-0.0007074692712859543,0.6447200630288258,16,11,1,0.6440157899785821,up_to_four,0,passed,random_B_iid
0.6440125937575398,0.6536184338502322,-0.0007074692712859543,0.6447200630288258,16,11,1,0.6440157899785821,single,0,passed,random_B_iid
0.6486708507460661,0.6631914820699234,-5.5357197127126057e-05,0.6487262079431932,16,11,1,0.648652598595014,up_to_four,0,passed,random_C_iid
0.6479394067150526,0.6605116457072181,-0.0007868012281406767,0.6487262079431932,16,11,1,0.6479339207175795,single,0,passed,random_C_iid
0.647626321469587,0.6717954723004081,-0.0012911885792215028,0.6489175100488085,16,11,1,0.6473532425254094,up_to_four,0,passed,random_D_iid
0.6464782066465691,0.6678248451182529,-0.0024393034022394122,0.6489175100488085,16,11,1,0.6463402687567776,single,0,passed,random_D_iid
0.12418357009041835,,-0.0010852071029712335,0.12526877719338958,16,11,1,0.042346631530787535,up_to_four,0,passed,random_state_iid
0.12418738848020161,,-0.0010813887131879696,0.12526877719338958,16,11,1,0.037165965190532224,single,0,passed,random_state_iid
0.9986816264882745,0.9999950959323701,-0.00047775627016066746,0.9991593827584352,16,11,1,0.9986988753599061,up_to_four,0,passed,random_128_current_iid
0.9983986717943332,0.9999640101485776,-0.0007607109641020182,0.9991593827584352,16,11,1,0.9983986717943332,single,0,passed,random_128_current_iid
0.999596917042791,0.9999985427810344,0.0005927642925653842,0.9990041527502256,16,11,1,0.999596917042791,up_to_four,0,passed,random_128_current_transfer
0.9990515933232169,0.9999974093885056,4.7440572991330754e-05,0.9990041527502256,16,11,1,0.9989924110888286,single,0,passed,random_128_current_transfer
0.650163430447057,0.6938019636595164,-0.0685575627703513,0.7187209932174083,16,11,1,0.6465117081833543,up_to_four,0,passed,random_128_previous_iid
0.6324157857172632,0.6826521123675401,-0.08630520750014514,0.7187209932174083,16,11,1,0.630646382689976,single,0,passed,random_128_previous_iid
0.6325962899528534,0.7091461987435029,-0.07357548084603649,0.7061717707988899,16,11,1,0.6282540244451749,up_to_four,0,passed,random_128_previous_transfer
0.6169708835975494,0.6848011041718526,-0.08920088720134056,0.7061717707988899,16,11,1,0.6050066373802963,single,0,passed,random_128_previous_transfer
0.4676980762148105,,-0.5111288405166168,0.9788269167314273,16,11,1,0.4670514710055694,up_to_four,0,passed,random_128_query_iid
0.38499560448567216,,-0.5938313122457551,0.9788269167314273,16,11,1,0.35645802772430324,single,0,passed,random_128_query_iid
0.6495635932011508,0.6558662687194924,-0.001009898617128302,0.6505734918182791,16,11,1,0.6495193035149922,up_to_four,0,passed,random_128_A_iid
0.6494762921208067,0.64661257443278,-0.0010971996974723508,0.6505734918182791,16,11,1,0.6494631340718431,single,0,passed,random_128_A_iid
0.6439974641496335,0.6558217630524088,-0.0007225988791922378,0.6447200630288258,16,11,1,0.6440046969865172,up_to_four,0,passed,random_128_B_iid
0.6438620981868326,0.6453225956611487,-0.0008579648419931862,0.6447200630288258,16,11,1,0.6438777365168162,single,0,passed,random_128_B_iid
0.6485784070769769,0.6587481157127126,-0.00014780086621635213,0.6487262079431932,16,11,1,0.6485661118523144,up_to_four,0,passed,random_128_C_iid
0.6481821713503808,0.6396178364319279,-0.0005440365928124358,0.6487262079431932,16,11,1,0.6481724141011886,single,0,passed,random_128_C_iid
0.6476067749989747,0.6652162023899245,-0.001310735049833811,0.6489175100488085,16,11,1,0.6475435819718331,up_to_four,0,passed,random_128_D_iid
0.6480146874102785,0.6407735511739417,-0.000902822638530032,0.6489175100488085,16,11,1,0.6479484554096338,single,0,passed,random_128_D_iid
0.1244047516642617,,-0.0008640255291278848,0.12526877719338958,16,11,1,0.038372682555499145,up_to_four,0,passed,random_128_state_iid
0.1244047516642617,,-0.0008640255291278848,0.12526877719338958,16,11,1,0.038372682555499145,single,0,passed,random_128_state_iid
0.9981445410080938,0.9999931943551259,-0.0010148417503413887,0.9991593827584352,16,11,1,0.9980985932632398,up_to_four,0,passed,transcoder_current_iid
0.9979435743182825,0.9980944144311057,-0.001215808440152677,0.9991593827584352,16,11,1,0.9979981132417493,single,0,passed,transcoder_current_iid
0.9978897850245816,0.9999949806902296,-0.0011143677256439943,0.9990041527502256,16,11,1,0.9977835096501244,up_to_four,0,passed,transcoder_current_transfer
0.9982927870251814,0.9985061886470337,-0.0007113657250441552,0.9990041527502256,16,11,1,0.9983873579747885,single,0,passed,transcoder_current_transfer
0.6147640734532305,0.6709582011346312,-0.10395691976417787,0.7187209932174083,16,11,1,0.6027210486868283,up_to_four,0,passed,transcoder_previous_iid
0.5828034069188923,0.5936484289904032,-0.13591758629851602,0.7187209932174083,16,11,1,0.5734682667317592,single,0,passed,transcoder_previous_iid
0.5994055602408968,0.6682258945389562,-0.10676621055799318,0.7061717707988899,16,11,1,0.5526960683279459,up_to_four,0,passed,transcoder_previous_transfer
0.5601810812116168,0.5790194344648741,-0.14599068958727313,0.7061717707988899,16,11,1,0.5581989314969485,single,0,passed,transcoder_previous_transfer
0.5327922999621029,,-0.44603461676932443,0.9788269167314273,16,11,1,0.531878032163732,up_to_four,0,passed,transcoder_query_iid
0.3985849187649347,,-0.5802419979664926,0.9788269167314273,16,11,1,0.3284707412915389,single,0,passed,transcoder_query_iid
0.6488307886735152,0.6825322490701323,-0.0017427031447638797,0.6505734918182791,16,11,1,0.6487125495035406,up_to_four,0,passed,transcoder_A_iid
0.6488340220468614,0.6736373641256186,-0.001739469771417701,0.6505734918182791,16,11,1,0.648714169795822,single,0,passed,transcoder_A_iid
0.644090823436515,0.6472576795168004,-0.0006292395923107597,0.6447200630288258,16,11,1,0.6441109291021632,up_to_four,0,passed,transcoder_B_iid
0.6393115684184084,0.6494037373493663,-0.005408494610417369,0.6447200630288258,16,11,1,0.63922314880866,single,0,passed,transcoder_B_iid
0.6479908987587717,0.6745459977306499,-0.0007353091844215509,0.6487262079431932,16,11,1,0.6479387700391271,up_to_four,0,passed,transcoder_C_iid
0.6440379418659126,0.6623785798058325,-0.004688266077280678,0.6487262079431932,16,11,1,0.6423574493130466,single,0,passed,transcoder_C_iid
0.6467319903305853,0.672626007043779,-0.0021855197182232278,0.6489175100488085,16,11,1,0.6459476977749048,up_to_four,0,passed,transcoder_D_iid
0.6467319903305853,0.672626007043779,-0.0021855197182232278,0.6489175100488085,16,11,1,0.6459476977749048,single,0,passed,transcoder_D_iid
0.12481431675181151,,-0.00045446044157806953,0.12526877719338958,16,11,1,0.04008642649398171,up_to_four,0,passed,transcoder_state_iid
0.12396110202530476,,-0.001307675168084818,0.12526877719338958,16,11,1,0.04004082189967086,single,0,passed,transcoder_state_iid
0.9343080724876441,0.9889829269989701,-0.06485131027079105,0.9991593827584352,16,11,1,0.9356481987487024,up_to_four,0,passed,transcoder_128_current_iid
0.9331330178503258,0.9343942589741635,-0.06602636490810943,0.9991593827584352,16,11,1,0.9344487870610296,single,0,passed,transcoder_128_current_iid
0.9408877507469057,0.9916268198236182,-0.05811640200331991,0.9990041527502256,16,11,1,0.9436275290213284,up_to_four,0,passed,transcoder_128_current_transfer
0.9389909373933396,0.9412459027860084,-0.060013215356885974,0.9990041527502256,16,11,1,0.9416193862598528,single,0,passed,transcoder_128_current_transfer
0.5735624939161751,0.5902973802515606,-0.14515849930123326,0.7187209932174083,16,11,1,0.5376432349176641,up_to_four,0,passed,transcoder_128_previous_iid
0.5667749024596147,0.5712271942444216,-0.15194609075779364,0.7187209932174083,16,11,1,0.5272356101284107,single,0,passed,transcoder_128_previous_iid
0.5740432306314808,0.6014273984715468,-0.13212854016740916,0.7061717707988899,16,11,1,0.5391684745193112,up_to_four,0,passed,transcoder_128_previous_transfer
0.5734430322372113,0.5734766552360855,-0.13272873856167866,0.7061717707988899,16,11,1,0.5410752038659016,single,0,passed,transcoder_128_previous_transfer
0.41581709056031824,,-0.5630098261711091,0.9788269167314273,16,11,1,0.3726263032712791,up_to_four,0,passed,transcoder_128_query_iid
0.383231872471166,,-0.5955950442602613,0.9788269167314273,16,11,1,0.32304948735040157,single,0,passed,transcoder_128_query_iid
0.6260976213874172,0.6348077836125652,-0.024475870430861857,0.6505734918182791,16,11,1,0.625145365902722,up_to_four,0,passed,transcoder_128_A_iid
0.6217835355447985,0.6191897644893941,-0.028789956273480577,0.6505734918182791,16,11,1,0.6177064202578015,single,0,passed,transcoder_128_A_iid
0.6301220126829341,0.6346303256419957,-0.014598050345891678,0.6447200630288258,16,11,1,0.6292055673381562,up_to_four,0,passed,transcoder_128_B_iid
0.6206573622513241,0.6285236176381449,-0.024062700777501722,0.6447200630288258,16,11,1,0.6188336415042877,single,0,passed,transcoder_128_B_iid
0.6303679443037095,0.6542809184096516,-0.018358263639483785,0.6487262079431932,16,11,1,0.6301695387602766,up_to_four,0,passed,transcoder_128_C_iid
0.6325990578566063,0.6403116489693476,-0.01612715008658694,0.6487262079431932,16,11,1,0.630523920404037,single,0,passed,transcoder_128_C_iid
0.633771879229728,0.6543250781938933,-0.015145630819080491,0.6489175100488085,16,11,1,0.6338117109253749,up_to_four,0,passed,transcoder_128_D_iid
0.6248984224396046,0.6255987107981112,-0.024019087609203904,0.6489175100488085,16,11,1,0.6203781491348959,single,0,passed,transcoder_128_D_iid
0.1192004698586015,,-0.006068307334788081,0.12526877719338958,16,11,1,0.03709646019991903,up_to_four,0,passed,transcoder_128_state_iid
0.11126809654856953,,-0.014000680644820046,0.12526877719338958,16,11,1,0.034141384683336766,single,0,passed,transcoder_128_state_iid
0.5681623766016485,0.5907238099569306,-0.035358848042920665,0.6035212246445691,4,0,2,0.5514001662437372,up_to_four,0,passed,coordinate_current_iid
0.5516354685230118,0.5625989320582063,-0.051885756121557325,0.6035212246445691,4,0,2,0.5504202075481486,single,0,passed,coordinate_current_iid
0.606830422457493,0.6290213576488128,0.10683042245749297,0.5,4,0,2,0.6019751699043195,up_to_four,0,passed,coordinate_current_transfer
0.5,0.6050105988392765,0.0,0.5,4,0,2,0.34615889691398555,single,0,passed,coordinate_current_transfer
0.5149913126154773,0.518618813825314,-0.03423037925309158,0.5492216918685688,4,0,2,0.5017378152472963,up_to_four,0,passed,coordinate_previous_iid
0.5149913126154773,0.518618813825314,-0.03423037925309158,0.5492216918685688,4,0,2,0.5017378152472963,single,0,passed,coordinate_previous_iid
0.5,0.5406093379055659,0.0,0.5,4,0,2,0.34202323604420515,up_to_four,0,passed,coordinate_previous_transfer
0.5,0.5401685236717058,0.0,0.5,4,0,2,0.34202323604420515,single,0,passed,coordinate_previous_transfer
1.0,,0.0,1.0,4,0,2,1.0,up_to_four,0,passed,coordinate_query_iid
0.75,,-0.25,1.0,4,0,2,0.6668218085106383,single,0,passed,coordinate_query_iid
0.5380301514767342,0.5555813224378863,-0.04296591591041021,0.5809960673871444,4,0,2,0.533976598122493,up_to_four,0,passed,coordinate_A_iid
0.5262989224027536,0.5363400181775645,-0.05469714498439082,0.5809960673871444,4,0,2,0.522819920028514,single,0,passed,coordinate_A_iid
0.5312799440156477,0.5458404805387613,-0.044971118459066206,0.5762510624747139,4,0,2,0.4493169872374202,up_to_four,0,passed,coordinate_B_iid
0.5124515072051355,0.5263105732664471,-0.06379955526957837,0.5762510624747139,4,0,2,0.5020776828005029,single,0,passed,coordinate_B_iid
0.5332749406823957,0.5509367466794757,-0.034440391939156156,0.5677153326215518,4,0,2,0.5139750765385487,up_to_four,0,passed,coordinate_C_iid
0.5239639311284264,0.5292909775588993,-0.0437514014931254,0.5677153326215518,4,0,2,0.4724136484891911,single,0,passed,coordinate_C_iid
0.5448948784401788,0.5595852327055392,-0.03186331056970593,0.5767581890098847,4,0,2,0.5423155010797492,up_to_four,0,passed,coordinate_D_iid
0.5155391237028835,0.5296434593584015,-0.061219065307001275,0.5767581890098847,4,0,2,0.5015983482198154,single,0,passed,coordinate_D_iid
0.0714897292233564,,-0.02188547515725349,0.0933752043806099,4,0,2,0.02149687431164374,up_to_four,0,passed,coordinate_state_iid
0.0714897292233564,,-0.02188547515725349,0.0933752043806099,4,0,2,0.02149687431164374,single,0,passed,coordinate_state_iid
0.598202252876626,0.6322454896989759,-0.005318971767943159,0.6035212246445691,4,0,2,0.5856834681452842,up_to_four,0,passed,coordinate_128_current_iid
0.5249017745278644,0.5349529163469348,-0.07861945011670479,0.6035212246445691,4,0,2,0.523497654124865,single,0,passed,coordinate_128_current_iid
0.5,0.603838994790928,0.0,0.5,4,0,2,0.34615889691398555,up_to_four,0,passed,coordinate_128_current_transfer
0.5,0.616388402609523,0.0,0.5,4,0,2,0.34615889691398555,single,0,passed,coordinate_128_current_transfer
0.5100770773714736,0.5109641409107972,-0.039144614497095276,0.5492216918685688,4,0,2,0.5023923721693597,up_to_four,0,passed,coordinate_128_previous_iid
0.5015992766498092,0.5093569314728347,-0.04762241521875965,0.5492216918685688,4,0,2,0.47367158679999816,single,0,passed,coordinate_128_previous_iid
0.5,0.5401341576231327,0.0,0.5,4,0,2,0.34202323604420515,up_to_four,0,passed,coordinate_128_previous_transfer
0.5,0.5401685236717058,0.0,0.5,4,0,2,0.34202323604420515,single,0,passed,coordinate_128_previous_transfer
1.0,,0.0,1.0,4,0,2,1.0,up_to_four,0,passed,coordinate_128_query_iid
0.8028469622424184,,-0.19715303775758164,1.0,4,0,2,0.7719036809599886,single,0,passed,coordinate_128_query_iid
0.5204886556095109,0.5178163025703085,-0.060507411777633524,0.5809960673871444,4,0,2,0.51468822077702,up_to_four,0,passed,coordinate_128_A_iid
0.5204886556095109,0.5178163025703085,-0.060507411777633524,0.5809960673871444,4,0,2,0.51468822077702,single,0,passed,coordinate_128_A_iid
0.5285693226626638,0.5422067930018278,-0.04768173981205015,0.5762510624747139,4,0,2,0.5267896219002972,up_to_four,0,passed,coordinate_128_B_iid
0.5120882365137157,0.5151524924387983,-0.0641628259609982,0.5762510624747139,4,0,2,0.5103791166429441,single,0,passed,coordinate_128_B_iid
0.5197190326484058,0.5377207721374462,-0.04799629997314603,0.5677153326215518,4,0,2,0.4650160651368921,up_to_four,0,passed,coordinate_128_C_iid
0.5076750346221242,0.5266296869322743,-0.06004029799942767,0.5677153326215518,4,0,2,0.41902003802379534,single,0,passed,coordinate_128_C_iid
0.5102332182334605,0.5257026675805443,-0.06652497077642427,0.5767581890098847,4,0,2,0.5042445058942433,up_to_four,0,passed,coordinate_128_D_iid
0.507813140867889,0.523949253036432,-0.06894504814199576,0.5767581890098847,4,0,2,0.49120767728477105,single,0,passed,coordinate_128_D_iid
0.07958506844641743,,-0.013790135934192468,0.0933752043806099,4,0,2,0.023927593368854534,up_to_four,0,passed,coordinate_128_state_iid
0.06473410856059812,,-0.028641095820011772,0.0933752043806099,4,0,2,0.018254793863452506,single,0,passed,coordinate_128_state_iid
0.5631684744594556,0.5781665344503345,-0.04035275018511353,0.6035212246445691,4,0,2,0.5449374160167862,up_to_four,0,passed,random_current_iid
0.5554526346332702,0.5677573806818328,-0.04806859001129893,0.6035212246445691,4,0,2,0.5377177013964247,single,0,passed,random_current_iid
0.5,0.6221813337374688,0.0,0.5,4,0,2,0.34615889691398555,up_to_four,0,passed,random_current_transfer
0.5,0.6306301273868438,0.0,0.5,4,0,2,0.34615889691398555,single,0,passed,random_current_transfer
0.5003875519196366,0.5140428710042044,-0.048834139948932265,0.5492216918685688,4,0,2,0.38134046288631723,up_to_four,0,passed,random_previous_iid
0.5003875519196366,0.5140428710042044,-0.048834139948932265,0.5492216918685688,4,0,2,0.38134046288631723,single,0,passed,random_previous_iid
0.5,0.539863501770316,0.0,0.5,4,0,2,0.34202323604420515,up_to_four,0,passed,random_previous_transfer
0.5,0.539863501770316,0.0,0.5,4,0,2,0.34202323604420515,single,0,passed,random_previous_transfer
1.0,,0.0,1.0,4,0,2,1.0,up_to_four,0,passed,random_query_iid
0.7504518979714803,,-0.24954810202851974,1.0,4,0,2,0.6681019519484375,single,0,passed,random_query_iid
0.5433671945604129,0.559542404995708,-0.03762887282673144,0.5809960673871444,4,0,2,0.5428322231112601,up_to_four,0,passed,random_A_iid
0.538118493643233,0.5536239703520286,-0.042877573743911324,0.5809960673871444,4,0,2,0.5361240562670206,single,0,passed,random_A_iid
0.5262247337549237,0.5474345828574978,-0.05002632871979018,0.5762510624747139,4,0,2,0.44833551288395845,up_to_four,0,passed,random_B_iid
0.5215675162355102,0.5355902612394975,-0.054683546239203684,0.5762510624747139,4,0,2,0.5189636583356685,single,0,passed,random_B_iid
0.5260913255647117,0.5466529966574374,-0.04162400705684011,0.5677153326215518,4,0,2,0.49997114739854376,up_to_four,0,passed,random_C_iid
0.5152381348015702,0.5390881164073402,-0.052477197819981614,0.5677153326215518,4,0,2,0.440452828928413,single,0,passed,random_C_iid
0.5318668353430951,0.555261427235219,-0.044891353666789646,0.5767581890098847,4,0,2,0.5221807381648036,up_to_four,0,passed,random_D_iid
0.5209877824945655,0.5462106002432735,-0.05577040651531928,0.5767581890098847,4,0,2,0.517062811400441,single,0,passed,random_D_iid
0.07490875914548875,,-0.018466445235121143,0.0933752043806099,4,0,2,0.023760721862279226,up_to_four,0,passed,random_state_iid
0.07249210901568491,,-0.020883095364924983,0.0933752043806099,4,0,2,0.022006007517315164,single,0,passed,random_state_iid
0.5780062214803446,0.5951659844741622,-0.025515003164224503,0.6035212246445691,4,0,2,0.5682139949083775,up_to_four,0,passed,random_128_current_iid
0.5554526346332702,0.5677573806818328,-0.04806859001129893,0.6035212246445691,4,0,2,0.5377177013964247,single,0,passed,random_128_current_iid
0.5332286402463153,0.5778694098651781,0.03322864024631533,0.5,4,0,2,0.5320338801308444,up_to_four,0,passed,random_128_current_transfer
0.56662137953948,0.5843014124661521,0.06662137953948,0.5,4,0,2,0.527971655815596,single,0,passed,random_128_current_transfer
0.5042841790297495,0.5159201012348476,-0.044937512838819305,0.5492216918685688,4,0,2,0.4651120803822091,up_to_four,0,passed,random_128_previous_iid
0.5003875519196366,0.5140428710042044,-0.048834139948932265,0.5492216918685688,4,0,2,0.38134046288631723,single,0,passed,random_128_previous_iid
0.5,0.5024749127845416,0.0,0.5,4,0,2,0.32441082339249344,up_to_four,0,passed,random_128_previous_transfer
0.5,0.5031958567548791,0.0,0.5,4,0,2,0.32441082339249344,single,0,passed,random_128_previous_transfer
1.0,,0.0,1.0,4,0,2,1.0,up_to_four,0,passed,random_128_query_iid
0.7504518979714803,,-0.24954810202851974,1.0,4,0,2,0.6681019519484375,single,0,passed,random_128_query_iid
0.5453345620952883,0.5648016519154269,-0.03566150529185608,0.5809960673871444,4,0,2,0.5452356395220066,up_to_four,0,passed,random_128_A_iid
0.538118493643233,0.5536239703520286,-0.042877573743911324,0.5809960673871444,4,0,2,0.5361240562670206,single,0,passed,random_128_A_iid
0.5252100093643467,0.5407744734216017,-0.05104105311036722,0.5762510624747139,4,0,2,0.45644245759329316,up_to_four,0,passed,random_128_B_iid
0.5215675162355102,0.5355902612394975,-0.054683546239203684,0.5762510624747139,4,0,2,0.5189636583356685,single,0,passed,random_128_B_iid
0.5213470622649012,0.5421786190693909,-0.04636827035665059,0.5677153326215518,4,0,2,0.4754126223627352,up_to_four,0,passed,random_128_C_iid
0.5152381348015702,0.5390881164073402,-0.052477197819981614,0.5677153326215518,4,0,2,0.440452828928413,single,0,passed,random_128_C_iid
0.5296912490771503,0.5496272171625702,-0.047066939932734475,0.5767581890098847,4,0,2,0.5296595920556172,up_to_four,0,passed,random_128_D_iid
0.5209877824945655,0.5462106002432735,-0.05577040651531928,0.5767581890098847,4,0,2,0.517062811400441,single,0,passed,random_128_D_iid
0.07569195833716089,,-0.017683246043449008,0.0933752043806099,4,0,2,0.022942128706220914,up_to_four,0,passed,random_128_state_iid
0.07249210901568491,,-0.020883095364924983,0.0933752043806099,4,0,2,0.022006007517315164,single,0,passed,random_128_state_iid
0.5647175192992075,0.6025967478465338,-0.038803705345361594,0.6035212246445691,4,0,2,0.4908737725022603,up_to_four,0,passed,transcoder_current_iid
0.5539858179968793,0.5548593024998655,-0.04953540664768985,0.6035212246445691,4,0,2,0.46657287866692765,single,0,passed,transcoder_current_iid
0.5001423217189743,0.5075589186010439,0.00014232171897432533,0.5,4,0,2,0.3484638564562597,up_to_four,0,passed,transcoder_current_transfer
0.5074212114087939,0.5074219400182768,0.007421211408793926,0.5,4,0,2,0.33888103475437475,single,0,passed,transcoder_current_transfer
0.5058900143748587,0.5103303030544467,-0.04333167749371014,0.5492216918685688,4,0,2,0.4067089567869301,up_to_four,0,passed,transcoder_previous_iid
0.5005438347744565,0.505698351515815,-0.04867785709411232,0.5492216918685688,4,0,2,0.3327982459353481,single,0,passed,transcoder_previous_iid
0.5009379144824102,0.5060969085417278,0.000937914482410207,0.5,4,0,2,0.3672002416188463,up_to_four,0,passed,transcoder_previous_transfer
0.5009379144824102,0.5011099304877007,0.000937914482410207,0.5,4,0,2,0.3672002416188463,single,0,passed,transcoder_previous_transfer
1.0,,0.0,1.0,4,0,2,1.0,up_to_four,0,passed,transcoder_query_iid
0.5,,-0.5,1.0,4,0,2,0.37509383914718986,single,0,passed,transcoder_query_iid
0.5387045650857083,0.5700792479786236,-0.04229150230143608,0.5809960673871444,4,0,2,0.4786500050362016,up_to_four,0,passed,transcoder_A_iid
0.5364533814483312,0.5382444000000761,-0.044542685938813165,0.5809960673871444,4,0,2,0.4386966261277724,single,0,passed,transcoder_A_iid
0.5227112025220496,0.5424409416956144,-0.053539859952664304,0.5762510624747139,4,0,2,0.4250826474654532,up_to_four,0,passed,transcoder_B_iid
0.522187449918196,0.5222245384709105,-0.054063612556517926,0.5762510624747139,4,0,2,0.4303949921663836,single,0,passed,transcoder_B_iid
0.5318436588748208,0.5495093150247133,-0.03587167374673106,0.5677153326215518,4,0,2,0.46406247888070845,up_to_four,0,passed,transcoder_C_iid
0.5168472536674981,0.5157830964310973,-0.050868078954053764,0.5677153326215518,4,0,2,0.40413579373155817,single,0,passed,transcoder_C_iid
0.5232873766970182,0.5342246634081739,-0.053470812312866545,0.5767581890098847,4,0,2,0.4771327574427966,up_to_four,0,passed,transcoder_D_iid
0.5089349801074607,0.5090767621143257,-0.06782320890242399,0.5767581890098847,4,0,2,0.36440381764872476,single,0,passed,transcoder_D_iid
0.07231327564789006,,-0.021061928732719837,0.0933752043806099,4,0,2,0.021919168008776954,up_to_four,0,passed,transcoder_state_iid
0.0625,,-0.030875204380609894,0.0933752043806099,4,0,2,0.011161832339146669,single,0,passed,transcoder_state_iid
0.5330289955700857,0.5295127090213707,-0.07049222907448349,0.6035212246445691,4,0,2,0.43321230516782083,up_to_four,0,passed,transcoder_128_current_iid
0.5099307970002639,0.5089801184694633,-0.09359042764430525,0.6035212246445691,4,0,2,0.3626050791055303,single,0,passed,transcoder_128_current_iid
0.5281453747546205,0.5283905113672794,0.028145374754620534,0.5,4,0,2,0.40772473934301745,up_to_four,0,passed,transcoder_128_current_transfer
0.5001897622919658,0.5001900861184027,0.0001897622919657671,0.5,4,0,2,0.3492262457728396,single,0,passed,transcoder_128_current_transfer
0.5025256808139341,0.5066662498200112,-0.04669601105463472,0.5492216918685688,4,0,2,0.41125863206085606,up_to_four,0,passed,transcoder_128_previous_iid
0.5019828102138747,0.5019798599556895,-0.04723888165469414,0.5492216918685688,4,0,2,0.3528556339931653,single,0,passed,transcoder_128_previous_iid
0.5009379144824102,0.500146845196741,0.000937914482410207,0.5,4,0,2,0.3672002416188463,up_to_four,0,passed,transcoder_128_previous_transfer
0.5009379144824102,0.5011099304877007,0.000937914482410207,0.5,4,0,2,0.3672002416188463,single,0,passed,transcoder_128_previous_transfer
0.7505542430242904,,-0.2494457569757096,1.0,4,0,2,0.6686596548902225,up_to_four,0,passed,transcoder_128_query_iid
0.5,,-0.5,1.0,4,0,2,0.37533093561116937,single,0,passed,transcoder_128_query_iid
0.5016625845578433,0.5064695696373069,-0.07933348282930108,0.5809960673871444,4,0,2,0.33738414383582754,up_to_four,0,passed,transcoder_128_A_iid
0.5007650081253271,0.5058446126259065,-0.08023105926181728,0.5809960673871444,4,0,2,0.3334843640642703,single,0,passed,transcoder_128_A_iid
0.5245225327892225,0.5185887245836596,-0.051728529685491464,0.5762510624747139,4,0,2,0.41582859958265705,up_to_four,0,passed,transcoder_128_B_iid
0.5106182430090405,0.5101944038542235,-0.06563281946567345,0.5762510624747139,4,0,2,0.3746264372871884,single,0,passed,transcoder_128_B_iid
0.5039191405506884,0.5092369716154034,-0.0637961920708634,0.5677153326215518,4,0,2,0.3493803329367325,up_to_four,0,passed,transcoder_128_C_iid
0.5029310713342212,0.5028431178433472,-0.06478426128733061,0.5677153326215518,4,0,2,0.3496627744773602,single,0,passed,transcoder_128_C_iid
0.5174405787293385,0.5192823979946602,-0.059317610280546273,0.5767581890098847,4,0,2,0.4553534579766687,up_to_four,0,passed,transcoder_128_D_iid
0.5089349801074607,0.5090767621143257,-0.06782320890242399,0.5767581890098847,4,0,2,0.36440381764872476,single,0,passed,transcoder_128_D_iid
0.0692259998278801,,-0.0241492045527298,0.0933752043806099,4,0,2,0.02385233878072733,up_to_four,0,passed,transcoder_128_state_iid
0.06367745999244985,,-0.029697744388160044,0.0933752043806099,4,0,2,0.013469682652383486,single,0,passed,transcoder_128_state_iid
0.5681623766016485,0.5907238099569306,-0.035358848042920665,0.6035212246445691,16,0,2,0.5514001662437372,up_to_four,0,passed,coordinate_current_iid
0.5516354685230118,0.5625989320582063,-0.051885756121557325,0.6035212246445691,16,0,2,0.5504202075481486,single,0,passed,coordinate_current_iid
0.606830422457493,0.6290213576488128,0.10683042245749297,0.5,16,0,2,0.6019751699043195,up_to_four,0,passed,coordinate_current_transfer
0.5,0.6050105988392765,0.0,0.5,16,0,2,0.34615889691398555,single,0,passed,coordinate_current_transfer
0.5149913126154773,0.518618813825314,-0.03423037925309158,0.5492216918685688,16,0,2,0.5017378152472963,up_to_four,0,passed,coordinate_previous_iid
0.5149913126154773,0.518618813825314,-0.03423037925309158,0.5492216918685688,16,0,2,0.5017378152472963,single,0,passed,coordinate_previous_iid
0.5,0.5406093379055659,0.0,0.5,16,0,2,0.34202323604420515,up_to_four,0,passed,coordinate_previous_transfer
0.5,0.5401685236717058,0.0,0.5,16,0,2,0.34202323604420515,single,0,passed,coordinate_previous_transfer
1.0,,0.0,1.0,16,0,2,1.0,up_to_four,0,passed,coordinate_query_iid
0.75,,-0.25,1.0,16,0,2,0.6668218085106383,single,0,passed,coordinate_query_iid
0.5380301514767342,0.5555813224378863,-0.04296591591041021,0.5809960673871444,16,0,2,0.533976598122493,up_to_four,0,passed,coordinate_A_iid
0.5262989224027536,0.5363400181775645,-0.05469714498439082,0.5809960673871444,16,0,2,0.522819920028514,single,0,passed,coordinate_A_iid
0.5312799440156477,0.5458404805387613,-0.044971118459066206,0.5762510624747139,16,0,2,0.4493169872374202,up_to_four,0,passed,coordinate_B_iid
0.5124515072051355,0.5263105732664471,-0.06379955526957837,0.5762510624747139,16,0,2,0.5020776828005029,single,0,passed,coordinate_B_iid
0.5332749406823957,0.5509367466794757,-0.034440391939156156,0.5677153326215518,16,0,2,0.5139750765385487,up_to_four,0,passed,coordinate_C_iid
0.5239639311284264,0.5292909775588993,-0.0437514014931254,0.5677153326215518,16,0,2,0.4724136484891911,single,0,passed,coordinate_C_iid
0.5448948784401788,0.5595852327055392,-0.03186331056970593,0.5767581890098847,16,0,2,0.5423155010797492,up_to_four,0,passed,coordinate_D_iid
0.5155391237028835,0.5296434593584015,-0.061219065307001275,0.5767581890098847,16,0,2,0.5015983482198154,single,0,passed,coordinate_D_iid
0.0714897292233564,,-0.02188547515725349,0.0933752043806099,16,0,2,0.02149687431164374,up_to_four,0,passed,coordinate_state_iid
0.0714897292233564,,-0.02188547515725349,0.0933752043806099,16,0,2,0.02149687431164374,single,0,passed,coordinate_state_iid
0.598202252876626,0.6322454896989759,-0.005318971767943159,0.6035212246445691,16,0,2,0.5856834681452842,up_to_four,0,passed,coordinate_128_current_iid
0.5249017745278644,0.5349529163469348,-0.07861945011670479,0.6035212246445691,16,0,2,0.523497654124865,single,0,passed,coordinate_128_current_iid
0.5,0.603838994790928,0.0,0.5,16,0,2,0.34615889691398555,up_to_four,0,passed,coordinate_128_current_transfer
0.5,0.616388402609523,0.0,0.5,16,0,2,0.34615889691398555,single,0,passed,coordinate_128_current_transfer
0.5100770773714736,0.5109641409107972,-0.039144614497095276,0.5492216918685688,16,0,2,0.5023923721693597,up_to_four,0,passed,coordinate_128_previous_iid
0.5015992766498092,0.5093569314728347,-0.04762241521875965,0.5492216918685688,16,0,2,0.47367158679999816,single,0,passed,coordinate_128_previous_iid
0.5,0.5401341576231327,0.0,0.5,16,0,2,0.34202323604420515,up_to_four,0,passed,coordinate_128_previous_transfer
0.5,0.5401685236717058,0.0,0.5,16,0,2,0.34202323604420515,single,0,passed,coordinate_128_previous_transfer
1.0,,0.0,1.0,16,0,2,1.0,up_to_four,0,passed,coordinate_128_query_iid
0.8028469622424184,,-0.19715303775758164,1.0,16,0,2,0.7719036809599886,single,0,passed,coordinate_128_query_iid
0.5204886556095109,0.5178163025703085,-0.060507411777633524,0.5809960673871444,16,0,2,0.51468822077702,up_to_four,0,passed,coordinate_128_A_iid
0.5204886556095109,0.5178163025703085,-0.060507411777633524,0.5809960673871444,16,0,2,0.51468822077702,single,0,passed,coordinate_128_A_iid
0.5285693226626638,0.5422067930018278,-0.04768173981205015,0.5762510624747139,16,0,2,0.5267896219002972,up_to_four,0,passed,coordinate_128_B_iid
0.5120882365137157,0.5151524924387983,-0.0641628259609982,0.5762510624747139,16,0,2,0.5103791166429441,single,0,passed,coordinate_128_B_iid
0.5197190326484058,0.5377207721374462,-0.04799629997314603,0.5677153326215518,16,0,2,0.4650160651368921,up_to_four,0,passed,coordinate_128_C_iid
0.5076750346221242,0.5266296869322743,-0.06004029799942767,0.5677153326215518,16,0,2,0.41902003802379534,single,0,passed,coordinate_128_C_iid
0.5102332182334605,0.5257026675805443,-0.06652497077642427,0.5767581890098847,16,0,2,0.5042445058942433,up_to_four,0,passed,coordinate_128_D_iid
0.507813140867889,0.523949253036432,-0.06894504814199576,0.5767581890098847,16,0,2,0.49120767728477105,single,0,passed,coordinate_128_D_iid
0.07958506844641743,,-0.013790135934192468,0.0933752043806099,16,0,2,0.023927593368854534,up_to_four,0,passed,coordinate_128_state_iid
0.06473410856059812,,-0.028641095820011772,0.0933752043806099,16,0,2,0.018254793863452506,single,0,passed,coordinate_128_state_iid
0.5631684744594556,0.5781665344503345,-0.04035275018511353,0.6035212246445691,16,0,2,0.5449374160167862,up_to_four,0,passed,random_current_iid
0.5554526346332702,0.5677573806818328,-0.04806859001129893,0.6035212246445691,16,0,2,0.5377177013964247,single,0,passed,random_current_iid
0.5,0.6221813337374688,0.0,0.5,16,0,2,0.34615889691398555,up_to_four,0,passed,random_current_transfer
0.5,0.6306301273868438,0.0,0.5,16,0,2,0.34615889691398555,single,0,passed,random_current_transfer
0.5003875519196366,0.5140428710042044,-0.048834139948932265,0.5492216918685688,16,0,2,0.38134046288631723,up_to_four,0,passed,random_previous_iid
0.5003875519196366,0.5140428710042044,-0.048834139948932265,0.5492216918685688,16,0,2,0.38134046288631723,single,0,passed,random_previous_iid
0.5,0.539863501770316,0.0,0.5,16,0,2,0.34202323604420515,up_to_four,0,passed,random_previous_transfer
0.5,0.539863501770316,0.0,0.5,16,0,2,0.34202323604420515,single,0,passed,random_previous_transfer
1.0,,0.0,1.0,16,0,2,1.0,up_to_four,0,passed,random_query_iid
0.7504518979714803,,-0.24954810202851974,1.0,16,0,2,0.6681019519484375,single,0,passed,random_query_iid
0.5433671945604129,0.559542404995708,-0.03762887282673144,0.5809960673871444,16,0,2,0.5428322231112601,up_to_four,0,passed,random_A_iid
0.538118493643233,0.5536239703520286,-0.042877573743911324,0.5809960673871444,16,0,2,0.5361240562670206,single,0,passed,random_A_iid
0.5262247337549237,0.5474345828574978,-0.05002632871979018,0.5762510624747139,16,0,2,0.44833551288395845,up_to_four,0,passed,random_B_iid
0.5215675162355102,0.5355902612394975,-0.054683546239203684,0.5762510624747139,16,0,2,0.5189636583356685,single,0,passed,random_B_iid
0.5260913255647117,0.5466529966574374,-0.04162400705684011,0.5677153326215518,16,0,2,0.49997114739854376,up_to_four,0,passed,random_C_iid
0.5152381348015702,0.5390881164073402,-0.052477197819981614,0.5677153326215518,16,0,2,0.440452828928413,single,0,passed,random_C_iid
0.5318668353430951,0.555261427235219,-0.044891353666789646,0.5767581890098847,16,0,2,0.5221807381648036,up_to_four,0,passed,random_D_iid
0.5209877824945655,0.5462106002432735,-0.05577040651531928,0.5767581890098847,16,0,2,0.517062811400441,single,0,passed,random_D_iid
0.07490875914548875,,-0.018466445235121143,0.0933752043806099,16,0,2,0.023760721862279226,up_to_four,0,passed,random_state_iid
0.07249210901568491,,-0.020883095364924983,0.0933752043806099,16,0,2,0.022006007517315164,single,0,passed,random_state_iid
0.5780062214803446,0.5951659844741622,-0.025515003164224503,0.6035212246445691,16,0,2,0.5682139949083775,up_to_four,0,passed,random_128_current_iid
0.5554526346332702,0.5677573806818328,-0.04806859001129893,0.6035212246445691,16,0,2,0.5377177013964247,single,0,passed,random_128_current_iid
0.5332286402463153,0.5778694098651781,0.03322864024631533,0.5,16,0,2,0.5320338801308444,up_to_four,0,passed,random_128_current_transfer
0.56662137953948,0.5843014124661521,0.06662137953948,0.5,16,0,2,0.527971655815596,single,0,passed,random_128_current_transfer
0.5042841790297495,0.5159201012348476,-0.044937512838819305,0.5492216918685688,16,0,2,0.4651120803822091,up_to_four,0,passed,random_128_previous_iid
0.5003875519196366,0.5140428710042044,-0.048834139948932265,0.5492216918685688,16,0,2,0.38134046288631723,single,0,passed,random_128_previous_iid
0.5,0.5024749127845416,0.0,0.5,16,0,2,0.32441082339249344,up_to_four,0,passed,random_128_previous_transfer
0.5,0.5031958567548791,0.0,0.5,16,0,2,0.32441082339249344,single,0,passed,random_128_previous_transfer
1.0,,0.0,1.0,16,0,2,1.0,up_to_four,0,passed,random_128_query_iid
0.7504518979714803,,-0.24954810202851974,1.0,16,0,2,0.6681019519484375,single,0,passed,random_128_query_iid
0.5453345620952883,0.5648016519154269,-0.03566150529185608,0.5809960673871444,16,0,2,0.5452356395220066,up_to_four,0,passed,random_128_A_iid
0.538118493643233,0.5536239703520286,-0.042877573743911324,0.5809960673871444,16,0,2,0.5361240562670206,single,0,passed,random_128_A_iid
0.5252100093643467,0.5407744734216017,-0.05104105311036722,0.5762510624747139,16,0,2,0.45644245759329316,up_to_four,0,passed,random_128_B_iid
0.5215675162355102,0.5355902612394975,-0.054683546239203684,0.5762510624747139,16,0,2,0.5189636583356685,single,0,passed,random_128_B_iid
0.5213470622649012,0.5421786190693909,-0.04636827035665059,0.5677153326215518,16,0,2,0.4754126223627352,up_to_four,0,passed,random_128_C_iid
0.5152381348015702,0.5390881164073402,-0.052477197819981614,0.5677153326215518,16,0,2,0.440452828928413,single,0,passed,random_128_C_iid
0.5296912490771503,0.5496272171625702,-0.047066939932734475,0.5767581890098847,16,0,2,0.5296595920556172,up_to_four,0,passed,random_128_D_iid
0.5209877824945655,0.5462106002432735,-0.05577040651531928,0.5767581890098847,16,0,2,0.517062811400441,single,0,passed,random_128_D_iid
0.07569195833716089,,-0.017683246043449008,0.0933752043806099,16,0,2,0.022942128706220914,up_to_four,0,passed,random_128_state_iid
0.07249210901568491,,-0.020883095364924983,0.0933752043806099,16,0,2,0.022006007517315164,single,0,passed,random_128_state_iid
0.5937548840510273,0.6504452453042652,-0.009766340593541867,0.6035212246445691,16,0,2,0.5520118944839979,up_to_four,0,passed,transcoder_current_iid
0.5711163467426422,0.5754738660434511,-0.03240487790192692,0.6035212246445691,16,0,2,0.5218593788775419,single,0,passed,transcoder_current_iid
0.5907570543970124,0.6585523047698987,0.09075705439701243,0.5,16,0,2,0.5713478697293564,up_to_four,0,passed,transcoder_current_transfer
0.5833362477712646,0.5877806037031496,0.08333624777126458,0.5,16,0,2,0.55813885821611,single,0,passed,transcoder_current_transfer
0.5237715754228598,0.5285494810259139,-0.025450116445709048,0.5492216918685688,16,0,2,0.5113534130231956,up_to_four,0,passed,transcoder_previous_iid
0.5086718133949574,0.5066049294830559,-0.04054987847361147,0.5492216918685688,16,0,2,0.41521075826012765,single,0,passed,transcoder_previous_iid
0.5157491241301675,0.5330584668655564,0.01574912413016749,0.5,16,0,2,0.4044115414650631,up_to_four,0,passed,transcoder_previous_transfer
0.5,0.499809779277087,0.0,0.5,16,0,2,0.34202323604420515,single,0,passed,transcoder_previous_transfer
0.75,,-0.25,1.0,16,0,2,0.6669446853940082,up_to_four,0,passed,transcoder_query_iid
0.5,,-0.5,1.0,16,0,2,0.37509383914718986,single,0,passed,transcoder_query_iid
0.5555518366756854,0.5881525636881703,-0.02544423071145896,0.5809960673871444,16,0,2,0.5430722267387824,up_to_four,0,passed,transcoder_A_iid
0.545205632584419,0.548702260581442,-0.03579043480272537,0.5809960673871444,16,0,2,0.5017521853560284,single,0,passed,transcoder_A_iid
0.5490010576316384,0.5837636482671956,-0.027250004843075493,0.5762510624747139,16,0,2,0.5174726899793178,up_to_four,0,passed,transcoder_B_iid
0.5351729562341269,0.5399981554286234,-0.04107810624058705,0.5762510624747139,16,0,2,0.4736367800845491,single,0,passed,transcoder_B_iid
0.5463212784915433,0.5591791138190275,-0.0213940541300085,0.5677153326215518,16,0,2,0.5258654507453746,up_to_four,0,passed,transcoder_C_iid
0.5268639612306213,0.5309582187317015,-0.040851371390930535,0.5677153326215518,16,0,2,0.47268727730733595,single,0,passed,transcoder_C_iid
0.5503980110024199,0.5715014851712783,-0.02636017800746482,0.5767581890098847,16,0,2,0.5319548449621092,up_to_four,0,passed,transcoder_D_iid
0.5314571605450966,0.5354030792660652,-0.04530102846478812,0.5767581890098847,16,0,2,0.49016734329794015,single,0,passed,transcoder_D_iid
0.08260239209460352,,-0.010772812286006378,0.0933752043806099,16,0,2,0.025849534226126597,up_to_four,0,passed,transcoder_state_iid
0.07882167414162418,,-0.014553530238985715,0.0933752043806099,16,0,2,0.024273185550760707,single,0,passed,transcoder_state_iid
0.5312766621146243,0.5545074706764779,-0.07224456252994482,0.6035212246445691,16,0,2,0.4527348305870391,up_to_four,0,passed,transcoder_128_current_iid
0.5314018859803075,0.5317578212072221,-0.07211933866426168,0.6035212246445691,16,0,2,0.4515880704707291,single,0,passed,transcoder_128_current_iid
0.5235697072026124,0.5557572454546102,0.023569707202612422,0.5,16,0,2,0.4163194581941888,up_to_four,0,passed,transcoder_128_current_transfer
0.5230954633859163,0.5258404591340752,0.02309546338591628,0.5,16,0,2,0.4149226077655385,single,0,passed,transcoder_128_current_transfer
0.5143542531464705,0.5135984616626362,-0.0348674387220983,0.5492216918685688,16,0,2,0.46108159093464807,up_to_four,0,passed,transcoder_128_previous_iid
0.5053508676819018,0.506291070509554,-0.04387082418666699,0.5492216918685688,16,0,2,0.41796009958075675,single,0,passed,transcoder_128_previous_iid
0.5201515078336014,0.5215510419414403,0.020151507833601423,0.5,16,0,2,0.4551222049333491,up_to_four,0,passed,transcoder_128_previous_transfer
0.5011381663762581,0.502198869821408,0.0011381663762580763,0.5,16,0,2,0.34490312517771565,single,0,passed,transcoder_128_previous_transfer
0.75,,-0.25,1.0,16,0,2,0.6668892301529011,up_to_four,0,passed,transcoder_128_query_iid
0.5,,-0.5,1.0,16,0,2,0.37509383914718986,single,0,passed,transcoder_128_query_iid
0.52430742969833,0.5400962370031029,-0.05668863768881438,0.5809960673871444,16,0,2,0.44584197896571576,up_to_four,0,passed,transcoder_128_A_iid
0.523771275333843,0.5246917156199892,-0.05722479205330133,0.5809960673871444,16,0,2,0.4438697004942038,single,0,passed,transcoder_128_A_iid
0.5240186728179863,0.536338976703766,-0.05223238965672761,0.5762510624747139,16,0,2,0.4665468788905499,up_to_four,0,passed,transcoder_128_B_iid
0.5238577706386665,0.5253821386733432,-0.05239329183604746,0.5762510624747139,16,0,2,0.4418620380220638,single,0,passed,transcoder_128_B_iid
0.5221264331981336,0.5287676167867102,-0.04558889942341826,0.5677153326215518,16,0,2,0.4586241284454486,up_to_four,0,passed,transcoder_128_C_iid
0.5129272780836671,0.5153583245719022,-0.05478805453788471,0.5677153326215518,16,0,2,0.4166765071152704,single,0,passed,transcoder_128_C_iid
0.5235695187851196,0.5357486622683904,-0.053188670224765144,0.5767581890098847,16,0,2,0.4713463517245102,up_to_four,0,passed,transcoder_128_D_iid
0.5214669914585128,0.5236494169864597,-0.05529119755137191,0.5767581890098847,16,0,2,0.44065928196496074,single,0,passed,transcoder_128_D_iid
0.07372409654263529,,-0.019651107837974607,0.0933752043806099,16,0,2,0.0275465273358288,up_to_four,0,passed,transcoder_128_state_iid
0.07095294509647224,,-0.022422259284137658,0.0933752043806099,16,0,2,0.022121963391916806,single,0,passed,transcoder_128_state_iid
0.8996447613508549,0.9753331403199069,-0.009613333683490377,0.9092580950343453,4,3,2,0.8997017387964815,up_to_four,0,passed,coordinate_current_iid
0.8930482499404306,0.9711940171655978,-0.016209845093914654,0.9092580950343453,4,3,2,0.8927686444793321,single,0,passed,coordinate_current_iid
0.9087840025854304,0.9774926054233156,0.0059046512486424785,0.9028793513367879,4,3,2,0.9101267922392807,up_to_four,0,passed,coordinate_current_transfer
0.9010318405582249,0.9744023297369169,-0.001847510778562933,0.9028793513367879,4,3,2,0.8998562024855112,single,0,passed,coordinate_current_transfer
0.6191374126339639,0.6742245584110129,-0.14774412058577002,0.766881533219734,4,3,2,0.6177135231218058,up_to_four,0,passed,coordinate_previous_iid
0.6146153827501002,0.6445253138503132,-0.15226615046963377,0.766881533219734,4,3,2,0.6142771132021896,single,0,passed,coordinate_previous_iid
0.5958383643990028,0.6795287950334559,-0.03284372550258019,0.628682089901583,4,3,2,0.5885087701147272,up_to_four,0,passed,coordinate_previous_transfer
0.61078220841801,0.6142189990377507,-0.01789988148357302,0.628682089901583,4,3,2,0.5985835530584679,single,0,passed,coordinate_previous_transfer
0.5274692185238462,,-0.4357344374374972,0.9632036559613434,4,3,2,0.5068794543047124,up_to_four,0,passed,coordinate_query_iid
0.36587657947180435,,-0.5973270764895391,0.9632036559613434,4,3,2,0.2749834558120743,single,0,passed,coordinate_query_iid
0.6158590595982882,0.6512402224116398,-0.000451976542607202,0.6163110361408954,4,3,2,0.6148630114436191,up_to_four,0,passed,coordinate_A_iid
0.6040970383991915,0.6449463110368416,-0.012213997741703952,0.6163110361408954,4,3,2,0.6039959430695043,single,0,passed,coordinate_A_iid
0.6181997615765916,0.6592073330247641,-0.003947787002658187,0.6221475485792498,4,3,2,0.6181647089491307,up_to_four,0,passed,coordinate_B_iid
0.6158278152958254,0.6565219076722482,-0.006319733283424389,0.6221475485792498,4,3,2,0.6155637218197916,single,0,passed,coordinate_B_iid
0.6134721437093839,0.6376571486122284,-0.009104721366390955,0.6225768650757748,4,3,2,0.6134499526476191,up_to_four,0,passed,coordinate_C_iid
0.6086061255771241,0.6337570838186568,-0.013970739498650686,0.6225768650757748,4,3,2,0.6054025480151036,single,0,passed,coordinate_C_iid
0.615973856435339,0.6371052834590716,-0.013660419486485331,0.6296342759218243,4,3,2,0.6160096775579266,up_to_four,0,passed,coordinate_D_iid
0.6110974926684714,0.6354535265838409,-0.01853678325335295,0.6296342759218243,4,3,2,0.6110149194994925,single,0,passed,coordinate_D_iid
0.1127846150683349,,-0.010627115221745448,0.12341173029008035,4,3,2,0.03626242376063498,up_to_four,0,passed,coordinate_state_iid
0.11195966963684917,,-0.011452060653231178,0.12341173029008035,4,3,2,0.03355652653214143,single,0,passed,coordinate_state_iid
0.9007775409235437,0.9750756267278331,-0.00848055411080162,0.9092580950343453,4,3,2,0.9013068566910867,up_to_four,0,passed,coordinate_128_current_iid
0.8930482499404306,0.9711940171655978,-0.016209845093914654,0.9092580950343453,4,3,2,0.8927686444793321,single,0,passed,coordinate_128_current_iid
0.9052508942467052,0.976005918251959,0.002371542909917368,0.9028793513367879,4,3,2,0.9069407072211604,up_to_four,0,passed,coordinate_128_current_transfer
0.9010318405582249,0.9744023297369169,-0.001847510778562933,0.9028793513367879,4,3,2,0.8998562024855112,single,0,passed,coordinate_128_current_transfer
0.6459058845699649,0.6922662128234272,-0.12097564864976906,0.766881533219734,4,3,2,0.6434337681445833,up_to_four,0,passed,coordinate_128_previous_iid
0.6146153827501002,0.6445253138503132,-0.15226615046963377,0.766881533219734,4,3,2,0.6142771132021896,single,0,passed,coordinate_128_previous_iid
0.61078220841801,0.6142189990377507,-0.01789988148357302,0.628682089901583,4,3,2,0.5985835530584679,up_to_four,0,passed,coordinate_128_previous_transfer
0.61078220841801,0.6142189990377507,-0.01789988148357302,0.628682089901583,4,3,2,0.5985835530584679,single,0,passed,coordinate_128_previous_transfer
0.5021535081647988,,-0.46105014779654463,0.9632036559613434,4,3,2,0.4978131447056615,up_to_four,0,passed,coordinate_128_query_iid
0.37499750109325075,,-0.5882061548680926,0.9632036559613434,4,3,2,0.3306810002838897,single,0,passed,coordinate_128_query_iid
0.6176406282910898,0.6483038889643176,0.0013295921501943475,0.6163110361408954,4,3,2,0.61734020940772,up_to_four,0,passed,coordinate_128_A_iid
0.6082398605641279,0.6432645464686854,-0.008071175576767509,0.6163110361408954,4,3,2,0.608199375298673,single,0,passed,coordinate_128_A_iid
0.6144307481022748,0.6565225981107042,-0.007716800476974983,0.6221475485792498,4,3,2,0.6144099658075486,up_to_four,0,passed,coordinate_128_B_iid
0.6158278152958254,0.6565219076722482,-0.006319733283424389,0.6221475485792498,4,3,2,0.6155637218197916,single,0,passed,coordinate_128_B_iid
0.6163866993880986,0.6339085298295489,-0.0061901656876761635,0.6225768650757748,4,3,2,0.6152925734233886,up_to_four,0,passed,coordinate_128_C_iid
0.6103772158716979,0.6339184852246785,-0.012199649204076901,0.6225768650757748,4,3,2,0.6068533684646737,single,0,passed,coordinate_128_C_iid
0.6175156243591322,0.6321932013209569,-0.012118651562692095,0.6296342759218243,4,3,2,0.6173096919367032,up_to_four,0,passed,coordinate_128_D_iid
0.6182181757823715,0.6303221374514222,-0.011416100139452823,0.6296342759218243,4,3,2,0.6181277370426096,single,0,passed,coordinate_128_D_iid
0.11226314887185515,,-0.011148581418225195,0.12341173029008035,4,3,2,0.03919349185881719,up_to_four,0,passed,coordinate_128_state_iid
0.11195966963684917,,-0.011452060653231178,0.12341173029008035,4,3,2,0.03355652653214143,single,0,passed,coordinate_128_state_iid
0.8984361588876277,0.9745374203179085,-0.010821936146717559,0.9092580950343453,4,3,2,0.8991297034833283,up_to_four,0,passed,random_current_iid
0.8958486527065008,0.9728930163835091,-0.013409442327844467,0.9092580950343453,4,3,2,0.896049896049896,single,0,passed,random_current_iid
0.9068160283723771,0.9771260338968561,0.003936677035589198,0.9028793513367879,4,3,2,0.9081156801354859,up_to_four,0,passed,random_current_transfer
0.8970235169234935,0.9732006098299458,-0.005855834413294403,0.9028793513367879,4,3,2,0.8982236419118148,single,0,passed,random_current_transfer
0.6614552751828785,0.7073101855267839,-0.10542625803685546,0.766881533219734,4,3,2,0.6614220936162232,up_to_four,0,passed,random_previous_iid
0.6212441856531081,0.6775682343911423,-0.14563734756662583,0.766881533219734,4,3,2,0.6184671488789477,single,0,passed,random_previous_iid
0.6090057623504148,0.7318651290491565,-0.019676327551168216,0.628682089901583,4,3,2,0.5686723050073835,up_to_four,0,passed,random_previous_transfer
0.587278803392765,0.7292293460048075,-0.04140328650881808,0.628682089901583,4,3,2,0.5416822325458989,single,0,passed,random_previous_transfer
0.6662911435885136,,-0.2969125123728298,0.9632036559613434,4,3,2,0.6671857997004882,up_to_four,0,passed,random_query_iid
0.4505549956901258,,-0.5126486602712176,0.9632036559613434,4,3,2,0.4033792410747476,single,0,passed,random_query_iid
0.6175493981115558,0.657303067717519,0.0012383619706604065,0.6163110361408954,4,3,2,0.6146679676770705,up_to_four,0,passed,random_A_iid
0.6123044961577964,0.6486729640166289,-0.004006539983099078,0.6163110361408954,4,3,2,0.6123172731582847,single,0,passed,random_A_iid
0.613025835926847,0.6440536998615601,-0.009121712652402802,0.6221475485792498,4,3,2,0.6031037873255806,up_to_four,0,passed,random_B_iid
0.613025835926847,0.6440536998615601,-0.009121712652402802,0.6221475485792498,4,3,2,0.6031037873255806,single,0,passed,random_B_iid
0.6116085597437362,0.6423405044946234,-0.01096830533203863,0.6225768650757748,4,3,2,0.610637926712029,up_to_four,0,passed,random_C_iid
0.6109762346467531,0.6424870903126145,-0.011600630429021708,0.6225768650757748,4,3,2,0.6090067211221368,single,0,passed,random_C_iid
0.6154336048049711,0.6419558122391668,-0.014200671116853192,0.6296342759218243,4,3,2,0.6154806006768319,up_to_four,0,passed,random_D_iid
0.6124627014888643,0.6371544600559862,-0.017171574432960024,0.6296342759218243,4,3,2,0.6125067284237973,single,0,passed,random_D_iid
0.11164711809191669,,-0.01176461219816366,0.12341173029008035,4,3,2,0.04136878702979599,up_to_four,0,passed,random_state_iid
0.11181112534654924,,-0.011600604943531101,0.12341173029008035,4,3,2,0.03358826704951132,single,0,passed,random_state_iid
0.8989792493485796,0.9753459709621548,-0.010278845685765647,0.9092580950343453,4,3,2,0.8992347197490684,up_to_four,0,passed,random_128_current_iid
0.8971316368648812,0.9738268009017399,-0.012126458169464116,0.9092580950343453,4,3,2,0.897418182961663,single,0,passed,random_128_current_iid
0.9053221360628017,0.9773888190503207,0.0024427847260137803,0.9028793513367879,4,3,2,0.9068200828649262,up_to_four,0,passed,random_128_current_transfer
0.9053221360628017,0.9773888190503207,0.0024427847260137803,0.9028793513367879,4,3,2,0.9068200828649262,single,0,passed,random_128_current_transfer
0.6416351231527833,0.6876875737781053,-0.1252464100669507,0.766881533219734,4,3,2,0.6361597724686172,up_to_four,0,passed,random_128_previous_iid
0.6335202330553855,0.6793061154406583,-0.13336130016434844,0.766881533219734,4,3,2,0.628400886151649,single,0,passed,random_128_previous_iid
0.5943511504266963,0.6959944048357675,-0.034330939474886746,0.628682089901583,4,3,2,0.5479707059715481,up_to_four,0,passed,random_128_previous_transfer
0.6097651591426693,0.6649193233789442,-0.018916930758913764,0.628682089901583,4,3,2,0.5812368773111674,single,0,passed,random_128_previous_transfer
0.4882364526723691,,-0.4749672032889743,0.9632036559613434,4,3,2,0.489711906114114,up_to_four,0,passed,random_128_query_iid
0.35941134941677166,,-0.6037923065445717,0.9632036559613434,4,3,2,0.3090834294947439,single,0,passed,random_128_query_iid
0.6164595110432763,0.6534319690389787,0.00014847490238090177,0.6163110361408954,4,3,2,0.6104957221246579,up_to_four,0,passed,random_128_A_iid
0.6162323290265501,0.6527005459525869,-7.870711434532218e-05,0.6163110361408954,4,3,2,0.6126110413035272,single,0,passed,random_128_A_iid
0.6167410352270106,0.6437858897914531,-0.005406513352239184,0.6221475485792498,4,3,2,0.6095961331126178,up_to_four,0,passed,random_128_B_iid
0.613025835926847,0.6440536998615601,-0.009121712652402802,0.6221475485792498,4,3,2,0.6031037873255806,single,0,passed,random_128_B_iid
0.6123085025244652,0.6374223592934404,-0.010268362551309584,0.6225768650757748,4,3,2,0.6110055401328185,up_to_four,0,passed,random_128_C_iid
0.6074710555261938,0.6338331068360104,-0.015105809549580962,0.6225768650757748,4,3,2,0.6054342398354613,single,0,passed,random_128_C_iid
0.6207838903757024,0.6389701889887361,-0.008850385546121942,0.6296342759218243,4,3,2,0.6206435550432092,up_to_four,0,passed,random_128_D_iid
0.6132767639247776,0.6374662623110722,-0.016357511997046714,0.6296342759218243,4,3,2,0.6127558895028951,single,0,passed,random_128_D_iid
0.11226491436416805,,-0.011146815925912296,0.12341173029008035,4,3,2,0.03585241745210234,up_to_four,0,passed,random_128_state_iid
0.11130229724698457,,-0.01210943304309578,0.12341173029008035,4,3,2,0.033476744484033566,single,0,passed,random_128_state_iid
0.8812816902851901,0.9540115703569169,-0.027976404749155193,0.9092580950343453,4,3,2,0.8809710331106178,up_to_four,0,passed,transcoder_current_iid
0.796592165405674,0.8002981242761996,-0.11266592962867128,0.9092580950343453,4,3,2,0.7926932073976248,single,0,passed,transcoder_current_iid
0.8795266078468327,0.9586011377965683,-0.023352743489955197,0.9028793513367879,4,3,2,0.8774497224250477,up_to_four,0,passed,transcoder_current_transfer
0.7932381154078562,0.7995878660938824,-0.10964123592893171,0.9028793513367879,4,3,2,0.7931118808475275,single,0,passed,transcoder_current_transfer
0.6340470937416537,0.703524201758862,-0.13283443947808027,0.766881533219734,4,3,2,0.6078679413361756,up_to_four,0,passed,transcoder_previous_iid
0.5721632921140118,0.5730122043694075,-0.1947182411057221,0.766881533219734,4,3,2,0.48800234420586636,single,0,passed,transcoder_previous_iid
0.6450852835291889,0.7188139254944067,0.016403193627605894,0.628682089901583,4,3,2,0.5960224574573219,up_to_four,0,passed,transcoder_previous_transfer
0.5762270536964865,0.5770481236137479,-0.052455036205096506,0.628682089901583,4,3,2,0.49967420258742734,single,0,passed,transcoder_previous_transfer
0.6259782599729197,,-0.3372253959884237,0.9632036559613434,4,3,2,0.5677751616615704,up_to_four,0,passed,transcoder_query_iid
0.35593046269676415,,-0.6072731932645792,0.9632036559613434,4,3,2,0.2577920916144508,single,0,passed,transcoder_query_iid
0.5941023310209308,0.6547912471602498,-0.022208705119964645,0.6163110361408954,4,3,2,0.5850997714878718,up_to_four,0,passed,transcoder_A_iid
0.5710434038728265,0.5735708307119735,-0.04526763226806896,0.6163110361408954,4,3,2,0.489980885953348,single,0,passed,transcoder_A_iid
0.6029279433611521,0.6755699139181346,-0.019219605218097735,0.6221475485792498,4,3,2,0.5884086973731473,up_to_four,0,passed,transcoder_B_iid
0.5936424066739342,0.5959744576195667,-0.028505141905315612,0.6221475485792498,4,3,2,0.5260336533855183,single,0,passed,transcoder_B_iid
0.5995420458237988,0.6733432799947829,-0.023034819251976035,0.6225768650757748,4,3,2,0.5853354758355436,up_to_four,0,passed,transcoder_C_iid
0.5876404084478113,0.5887938092262882,-0.03493645662796352,0.6225768650757748,4,3,2,0.5111264200448259,single,0,passed,transcoder_C_iid
0.596200678807268,0.6637517591823551,-0.03343359711455629,0.6296342759218243,4,3,2,0.5798701325583466,up_to_four,0,passed,transcoder_D_iid
0.5876907543271399,0.5900283800333764,-0.041943521594684396,0.6296342759218243,4,3,2,0.5190000947852754,single,0,passed,transcoder_D_iid
0.1065167508825843,,-0.01689497940749604,0.12341173029008035,4,3,2,0.04400705434915424,up_to_four,0,passed,transcoder_state_iid
0.07544138572615655,,-0.047970344563923795,0.12341173029008035,4,3,2,0.02355217496257784,single,0,passed,transcoder_state_iid
0.8514967454605548,0.9017984376961627,-0.05776134957379053,0.9092580950343453,4,3,2,0.8521380089890206,up_to_four,0,passed,transcoder_128_current_iid
0.796592165405674,0.8002981242761996,-0.11266592962867128,0.9092580950343453,4,3,2,0.7926932073976248,single,0,passed,transcoder_128_current_iid
0.8500980708363854,0.9015253520479107,-0.05278128050040243,0.9028793513367879,4,3,2,0.8528460904094308,up_to_four,0,passed,transcoder_128_current_transfer
0.7932381154078562,0.7995878660938824,-0.10964123592893171,0.9028793513367879,4,3,2,0.7931118808475275,single,0,passed,transcoder_128_current_transfer
0.593381289173915,0.5970180568502628,-0.17350024404581899,0.766881533219734,4,3,2,0.5418722674043639,up_to_four,0,passed,transcoder_128_previous_iid
0.5427914627033672,0.5429133816898548,-0.22409007051636676,0.766881533219734,4,3,2,0.43048810848802266,single,0,passed,transcoder_128_previous_iid
0.5987669090247101,0.633557517619566,-0.02991518087687295,0.628682089901583,4,3,2,0.555288054292506,up_to_four,0,passed,transcoder_128_previous_transfer
0.5418749373051817,0.5419772924012023,-0.08680715259640137,0.628682089901583,4,3,2,0.4313062382994142,single,0,passed,transcoder_128_previous_transfer
0.43607190647764144,,-0.527131749483702,0.9632036559613434,4,3,2,0.415641684021211,up_to_four,0,passed,transcoder_128_query_iid
0.35593046269676415,,-0.6072731932645792,0.9632036559613434,4,3,2,0.2577920916144508,single,0,passed,transcoder_128_query_iid
0.5950565665653319,0.6065980326614954,-0.02125446957556354,0.6163110361408954,4,3,2,0.5902861633411918,up_to_four,0,passed,transcoder_128_A_iid
0.5921539733188238,0.590884388773964,-0.02415706282207164,0.6163110361408954,4,3,2,0.5791685982828879,single,0,passed,transcoder_128_A_iid
0.6011824549061636,0.6287439575628107,-0.020965093673086188,0.6221475485792498,4,3,2,0.5838963507709962,up_to_four,0,passed,transcoder_128_B_iid
0.5936424066739342,0.5959744576195667,-0.028505141905315612,0.6221475485792498,4,3,2,0.5260336533855183,single,0,passed,transcoder_128_B_iid
0.5865992771253091,0.620695630409571,-0.035977587950465684,0.6225768650757748,4,3,2,0.5729190491677942,up_to_four,0,passed,transcoder_128_C_iid
0.582654935574393,0.5847986856598338,-0.03992192950138185,0.6225768650757748,4,3,2,0.5663268302542451,single,0,passed,transcoder_128_C_iid
0.5966608219515196,0.6225633151439005,-0.03297345397030471,0.6296342759218243,4,3,2,0.5912533607575899,up_to_four,0,passed,transcoder_128_D_iid
0.5860783307185924,0.5869960785694419,-0.043555945203231916,0.6296342759218243,4,3,2,0.5732568251452942,single,0,passed,transcoder_128_D_iid
0.10393288273270065,,-0.01947884755737969,0.12341173029008035,4,3,2,0.041292506869655556,up_to_four,0,passed,transcoder_128_state_iid
0.07544138572615655,,-0.047970344563923795,0.12341173029008035,4,3,2,0.02355217496257784,single,0,passed,transcoder_128_state_iid
0.8996447613508549,0.9753331403199069,-0.009613333683490377,0.9092580950343453,16,3,2,0.8997017387964815,up_to_four,0,passed,coordinate_current_iid
0.8930482499404306,0.9711940171655978,-0.016209845093914654,0.9092580950343453,16,3,2,0.8927686444793321,single,0,passed,coordinate_current_iid
0.9087840025854304,0.9774926054233156,0.0059046512486424785,0.9028793513367879,16,3,2,0.9101267922392807,up_to_four,0,passed,coordinate_current_transfer
0.9010318405582249,0.9744023297369169,-0.001847510778562933,0.9028793513367879,16,3,2,0.8998562024855112,single,0,passed,coordinate_current_transfer
0.6191374126339639,0.6742245584110129,-0.14774412058577002,0.766881533219734,16,3,2,0.6177135231218058,up_to_four,0,passed,coordinate_previous_iid
0.6146153827501002,0.6445253138503132,-0.15226615046963377,0.766881533219734,16,3,2,0.6142771132021896,single,0,passed,coordinate_previous_iid
0.5958383643990028,0.6795287950334559,-0.03284372550258019,0.628682089901583,16,3,2,0.5885087701147272,up_to_four,0,passed,coordinate_previous_transfer
0.61078220841801,0.6142189990377507,-0.01789988148357302,0.628682089901583,16,3,2,0.5985835530584679,single,0,passed,coordinate_previous_transfer
0.5274692185238462,,-0.4357344374374972,0.9632036559613434,16,3,2,0.5068794543047124,up_to_four,0,passed,coordinate_query_iid
0.36587657947180435,,-0.5973270764895391,0.9632036559613434,16,3,2,0.2749834558120743,single,0,passed,coordinate_query_iid
0.6158590595982882,0.6512402224116398,-0.000451976542607202,0.6163110361408954,16,3,2,0.6148630114436191,up_to_four,0,passed,coordinate_A_iid
0.6040970383991915,0.6449463110368416,-0.012213997741703952,0.6163110361408954,16,3,2,0.6039959430695043,single,0,passed,coordinate_A_iid
0.6181997615765916,0.6592073330247641,-0.003947787002658187,0.6221475485792498,16,3,2,0.6181647089491307,up_to_four,0,passed,coordinate_B_iid
0.6158278152958254,0.6565219076722482,-0.006319733283424389,0.6221475485792498,16,3,2,0.6155637218197916,single,0,passed,coordinate_B_iid
0.6134721437093839,0.6376571486122284,-0.009104721366390955,0.6225768650757748,16,3,2,0.6134499526476191,up_to_four,0,passed,coordinate_C_iid
0.6086061255771241,0.6337570838186568,-0.013970739498650686,0.6225768650757748,16,3,2,0.6054025480151036,single,0,passed,coordinate_C_iid
0.615973856435339,0.6371052834590716,-0.013660419486485331,0.6296342759218243,16,3,2,0.6160096775579266,up_to_four,0,passed,coordinate_D_iid
0.6110974926684714,0.6354535265838409,-0.01853678325335295,0.6296342759218243,16,3,2,0.6110149194994925,single,0,passed,coordinate_D_iid
0.1127846150683349,,-0.010627115221745448,0.12341173029008035,16,3,2,0.03626242376063498,up_to_four,0,passed,coordinate_state_iid
0.11195966963684917,,-0.011452060653231178,0.12341173029008035,16,3,2,0.03355652653214143,single,0,passed,coordinate_state_iid
0.9007775409235437,0.9750756267278331,-0.00848055411080162,0.9092580950343453,16,3,2,0.9013068566910867,up_to_four,0,passed,coordinate_128_current_iid
0.8930482499404306,0.9711940171655978,-0.016209845093914654,0.9092580950343453,16,3,2,0.8927686444793321,single,0,passed,coordinate_128_current_iid
0.9052508942467052,0.976005918251959,0.002371542909917368,0.9028793513367879,16,3,2,0.9069407072211604,up_to_four,0,passed,coordinate_128_current_transfer
0.9010318405582249,0.9744023297369169,-0.001847510778562933,0.9028793513367879,16,3,2,0.8998562024855112,single,0,passed,coordinate_128_current_transfer
0.6459058845699649,0.6922662128234272,-0.12097564864976906,0.766881533219734,16,3,2,0.6434337681445833,up_to_four,0,passed,coordinate_128_previous_iid
0.6146153827501002,0.6445253138503132,-0.15226615046963377,0.766881533219734,16,3,2,0.6142771132021896,single,0,passed,coordinate_128_previous_iid
0.61078220841801,0.6142189990377507,-0.01789988148357302,0.628682089901583,16,3,2,0.5985835530584679,up_to_four,0,passed,coordinate_128_previous_transfer
0.61078220841801,0.6142189990377507,-0.01789988148357302,0.628682089901583,16,3,2,0.5985835530584679,single,0,passed,coordinate_128_previous_transfer
0.5021535081647988,,-0.46105014779654463,0.9632036559613434,16,3,2,0.4978131447056615,up_to_four,0,passed,coordinate_128_query_iid
0.37499750109325075,,-0.5882061548680926,0.9632036559613434,16,3,2,0.3306810002838897,single,0,passed,coordinate_128_query_iid
0.6176406282910898,0.6483038889643176,0.0013295921501943475,0.6163110361408954,16,3,2,0.61734020940772,up_to_four,0,passed,coordinate_128_A_iid
0.6082398605641279,0.6432645464686854,-0.008071175576767509,0.6163110361408954,16,3,2,0.608199375298673,single,0,passed,coordinate_128_A_iid
0.6144307481022748,0.6565225981107042,-0.007716800476974983,0.6221475485792498,16,3,2,0.6144099658075486,up_to_four,0,passed,coordinate_128_B_iid
0.6158278152958254,0.6565219076722482,-0.006319733283424389,0.6221475485792498,16,3,2,0.6155637218197916,single,0,passed,coordinate_128_B_iid
0.6163866993880986,0.6339085298295489,-0.0061901656876761635,0.6225768650757748,16,3,2,0.6152925734233886,up_to_four,0,passed,coordinate_128_C_iid
0.6103772158716979,0.6339184852246785,-0.012199649204076901,0.6225768650757748,16,3,2,0.6068533684646737,single,0,passed,coordinate_128_C_iid
0.6175156243591322,0.6321932013209569,-0.012118651562692095,0.6296342759218243,16,3,2,0.6173096919367032,up_to_four,0,passed,coordinate_128_D_iid
0.6182181757823715,0.6303221374514222,-0.011416100139452823,0.6296342759218243,16,3,2,0.6181277370426096,single,0,passed,coordinate_128_D_iid
0.11226314887185515,,-0.011148581418225195,0.12341173029008035,16,3,2,0.03919349185881719,up_to_four,0,passed,coordinate_128_state_iid
0.11195966963684917,,-0.011452060653231178,0.12341173029008035,16,3,2,0.03355652653214143,single,0,passed,coordinate_128_state_iid
0.8984361588876277,0.9745374203179085,-0.010821936146717559,0.9092580950343453,16,3,2,0.8991297034833283,up_to_four,0,passed,random_current_iid
0.8958486527065008,0.9728930163835091,-0.013409442327844467,0.9092580950343453,16,3,2,0.896049896049896,single,0,passed,random_current_iid
0.9068160283723771,0.9771260338968561,0.003936677035589198,0.9028793513367879,16,3,2,0.9081156801354859,up_to_four,0,passed,random_current_transfer
0.8970235169234935,0.9732006098299458,-0.005855834413294403,0.9028793513367879,16,3,2,0.8982236419118148,single,0,passed,random_current_transfer
0.6614552751828785,0.7073101855267839,-0.10542625803685546,0.766881533219734,16,3,2,0.6614220936162232,up_to_four,0,passed,random_previous_iid
0.6212441856531081,0.6775682343911423,-0.14563734756662583,0.766881533219734,16,3,2,0.6184671488789477,single,0,passed,random_previous_iid
0.6090057623504148,0.7318651290491565,-0.019676327551168216,0.628682089901583,16,3,2,0.5686723050073835,up_to_four,0,passed,random_previous_transfer
0.587278803392765,0.7292293460048075,-0.04140328650881808,0.628682089901583,16,3,2,0.5416822325458989,single,0,passed,random_previous_transfer
0.6662911435885136,,-0.2969125123728298,0.9632036559613434,16,3,2,0.6671857997004882,up_to_four,0,passed,random_query_iid
0.4505549956901258,,-0.5126486602712176,0.9632036559613434,16,3,2,0.4033792410747476,single,0,passed,random_query_iid
0.6175493981115558,0.657303067717519,0.0012383619706604065,0.6163110361408954,16,3,2,0.6146679676770705,up_to_four,0,passed,random_A_iid
0.6123044961577964,0.6486729640166289,-0.004006539983099078,0.6163110361408954,16,3,2,0.6123172731582847,single,0,passed,random_A_iid
0.613025835926847,0.6440536998615601,-0.009121712652402802,0.6221475485792498,16,3,2,0.6031037873255806,up_to_four,0,passed,random_B_iid
0.613025835926847,0.6440536998615601,-0.009121712652402802,0.6221475485792498,16,3,2,0.6031037873255806,single,0,passed,random_B_iid
0.6116085597437362,0.6423405044946234,-0.01096830533203863,0.6225768650757748,16,3,2,0.610637926712029,up_to_four,0,passed,random_C_iid
0.6109762346467531,0.6424870903126145,-0.011600630429021708,0.6225768650757748,16,3,2,0.6090067211221368,single,0,passed,random_C_iid
0.6154336048049711,0.6419558122391668,-0.014200671116853192,0.6296342759218243,16,3,2,0.6154806006768319,up_to_four,0,passed,random_D_iid
0.6124627014888643,0.6371544600559862,-0.017171574432960024,0.6296342759218243,16,3,2,0.6125067284237973,single,0,passed,random_D_iid
0.11164711809191669,,-0.01176461219816366,0.12341173029008035,16,3,2,0.04136878702979599,up_to_four,0,passed,random_state_iid
0.11181112534654924,,-0.011600604943531101,0.12341173029008035,16,3,2,0.03358826704951132,single,0,passed,random_state_iid
0.8989792493485796,0.9753459709621548,-0.010278845685765647,0.9092580950343453,16,3,2,0.8992347197490684,up_to_four,0,passed,random_128_current_iid
0.8971316368648812,0.9738268009017399,-0.012126458169464116,0.9092580950343453,16,3,2,0.897418182961663,single,0,passed,random_128_current_iid
0.9053221360628017,0.9773888190503207,0.0024427847260137803,0.9028793513367879,16,3,2,0.9068200828649262,up_to_four,0,passed,random_128_current_transfer
0.9053221360628017,0.9773888190503207,0.0024427847260137803,0.9028793513367879,16,3,2,0.9068200828649262,single,0,passed,random_128_current_transfer
0.6416351231527833,0.6876875737781053,-0.1252464100669507,0.766881533219734,16,3,2,0.6361597724686172,up_to_four,0,passed,random_128_previous_iid
0.6335202330553855,0.6793061154406583,-0.13336130016434844,0.766881533219734,16,3,2,0.628400886151649,single,0,passed,random_128_previous_iid
0.5943511504266963,0.6959944048357675,-0.034330939474886746,0.628682089901583,16,3,2,0.5479707059715481,up_to_four,0,passed,random_128_previous_transfer
0.6097651591426693,0.6649193233789442,-0.018916930758913764,0.628682089901583,16,3,2,0.5812368773111674,single,0,passed,random_128_previous_transfer
0.4882364526723691,,-0.4749672032889743,0.9632036559613434,16,3,2,0.489711906114114,up_to_four,0,passed,random_128_query_iid
0.35941134941677166,,-0.6037923065445717,0.9632036559613434,16,3,2,0.3090834294947439,single,0,passed,random_128_query_iid
0.6164595110432763,0.6534319690389787,0.00014847490238090177,0.6163110361408954,16,3,2,0.6104957221246579,up_to_four,0,passed,random_128_A_iid
0.6162323290265501,0.6527005459525869,-7.870711434532218e-05,0.6163110361408954,16,3,2,0.6126110413035272,single,0,passed,random_128_A_iid
0.6167410352270106,0.6437858897914531,-0.005406513352239184,0.6221475485792498,16,3,2,0.6095961331126178,up_to_four,0,passed,random_128_B_iid
0.613025835926847,0.6440536998615601,-0.009121712652402802,0.6221475485792498,16,3,2,0.6031037873255806,single,0,passed,random_128_B_iid
0.6123085025244652,0.6374223592934404,-0.010268362551309584,0.6225768650757748,16,3,2,0.6110055401328185,up_to_four,0,passed,random_128_C_iid
0.6074710555261938,0.6338331068360104,-0.015105809549580962,0.6225768650757748,16,3,2,0.6054342398354613,single,0,passed,random_128_C_iid
0.6207838903757024,0.6389701889887361,-0.008850385546121942,0.6296342759218243,16,3,2,0.6206435550432092,up_to_four,0,passed,random_128_D_iid
0.6132767639247776,0.6374662623110722,-0.016357511997046714,0.6296342759218243,16,3,2,0.6127558895028951,single,0,passed,random_128_D_iid
0.11226491436416805,,-0.011146815925912296,0.12341173029008035,16,3,2,0.03585241745210234,up_to_four,0,passed,random_128_state_iid
0.11130229724698457,,-0.01210943304309578,0.12341173029008035,16,3,2,0.033476744484033566,single,0,passed,random_128_state_iid
0.8936208048403669,0.9701052490978117,-0.015637290193978415,0.9092580950343453,16,3,2,0.8935738454347739,up_to_four,0,passed,transcoder_current_iid
0.8833932016571826,0.9307539695725222,-0.02586489337716269,0.9092580950343453,16,3,2,0.8839767285419977,single,0,passed,transcoder_current_iid
0.9007471971202763,0.972970045406943,-0.0021321542165115837,0.9028793513367879,16,3,2,0.899819884900876,up_to_four,0,passed,transcoder_current_transfer
0.8899103454127071,0.9356590871850868,-0.01296900592408079,0.9028793513367879,16,3,2,0.8909843186024835,single,0,passed,transcoder_current_transfer
0.6402294377108121,0.7101900763014132,-0.12665209550892187,0.766881533219734,16,3,2,0.6329499068049793,up_to_four,0,passed,transcoder_previous_iid
0.6299116227355325,0.6305984497692274,-0.13696991048420148,0.766881533219734,16,3,2,0.6044808682838138,single,0,passed,transcoder_previous_iid
0.6434834541408302,0.720105717395908,0.014801364239247161,0.628682089901583,16,3,2,0.6272707949583936,up_to_four,0,passed,transcoder_previous_transfer
0.6180542500585151,0.6144435858092369,-0.010627839843067921,0.628682089901583,16,3,2,0.5940749569751689,single,0,passed,transcoder_previous_transfer
0.7295603514982806,,-0.2336433044630628,0.9632036559613434,16,3,2,0.715162902386022,up_to_four,0,passed,transcoder_query_iid
0.4576953254341582,,-0.5055083305271852,0.9632036559613434,16,3,2,0.3463693196570288,single,0,passed,transcoder_query_iid
0.6013170730891833,0.6442816225740152,-0.014993963051712189,0.6163110361408954,16,3,2,0.6010689920722027,up_to_four,0,passed,transcoder_A_iid
0.594170497137959,0.5914120793082215,-0.022140539002936444,0.6163110361408954,16,3,2,0.5279140987091884,single,0,passed,transcoder_A_iid
0.6093836830140612,0.6689330992753638,-0.012763865565188603,0.6221475485792498,16,3,2,0.6046909686485961,up_to_four,0,passed,transcoder_B_iid
0.5901100034565951,0.5959927292227656,-0.032037545122654665,0.6221475485792498,16,3,2,0.5489449934772503,single,0,passed,transcoder_B_iid
0.608156367726235,0.6821937762709802,-0.014420497349539763,0.6225768650757748,16,3,2,0.6003255163945466,up_to_four,0,passed,transcoder_C_iid
0.5860540854866529,0.5899195489068961,-0.03652277958912187,0.6225768650757748,16,3,2,0.5299227904605152,single,0,passed,transcoder_C_iid
0.6164521040974529,0.6436192599465901,-0.013182171824371425,0.6296342759218243,16,3,2,0.6164847073928202,up_to_four,0,passed,transcoder_D_iid
0.6125607542758705,0.6253173597813102,-0.01707352164595377,0.6296342759218243,16,3,2,0.6123580930284298,single,0,passed,transcoder_D_iid
0.11213086353117946,,-0.011280866758900887,0.12341173029008035,16,3,2,0.037553339899285415,up_to_four,0,passed,transcoder_state_iid
0.11061538641315974,,-0.012796343876920607,0.12341173029008035,16,3,2,0.03316610888053158,single,0,passed,transcoder_state_iid
0.8605990152472067,0.9467186262973961,-0.04865907978713857,0.9092580950343453,16,3,2,0.861167937902653,up_to_four,0,passed,transcoder_128_current_iid
0.8127269882731533,0.8264075654911209,-0.09653110676119203,0.9092580950343453,16,3,2,0.8119651803691208,single,0,passed,transcoder_128_current_iid
0.8795011874715437,0.9559202596828962,-0.02337816386524416,0.9028793513367879,16,3,2,0.8807549046376646,up_to_four,0,passed,transcoder_128_current_transfer
0.820222329516715,0.8331002592554453,-0.08265702182007284,0.9028793513367879,16,3,2,0.822246008862844,single,0,passed,transcoder_128_current_transfer
0.5703823407590928,0.5933276187236433,-0.19649919246064118,0.766881533219734,16,3,2,0.4907175060298409,up_to_four,0,passed,transcoder_128_previous_iid
0.5399546653281386,0.5403122874269696,-0.22692686789159533,0.766881533219734,16,3,2,0.42098828645030684,single,0,passed,transcoder_128_previous_iid
0.5614892202064935,0.5713406659954451,-0.06719286969508953,0.628682089901583,16,3,2,0.5305151175811871,up_to_four,0,passed,transcoder_128_previous_transfer
0.5138090213663941,0.5142245719104922,-0.11487306853518897,0.628682089901583,16,3,2,0.3559266006492695,single,0,passed,transcoder_128_previous_transfer
0.6584540164966035,,-0.3047496394647399,0.9632036559613434,16,3,2,0.6645852905026413,up_to_four,0,passed,transcoder_128_query_iid
0.39103652065345124,,-0.5721671353078921,0.9632036559613434,16,3,2,0.29272618186826427,single,0,passed,transcoder_128_query_iid
0.6020995294180465,0.6479267605099724,-0.014211506722848988,0.6163110361408954,16,3,2,0.6018385635494647,up_to_four,0,passed,transcoder_128_A_iid
0.594170497137959,0.5914120793082215,-0.022140539002936444,0.6163110361408954,16,3,2,0.5279140987091884,single,0,passed,transcoder_128_A_iid
0.6079872962526123,0.6414126827100282,-0.014160252326637535,0.6221475485792498,16,3,2,0.6050064970040747,up_to_four,0,passed,transcoder_128_B_iid
0.6005567375506141,0.6054260747745248,-0.021590811028635692,0.6221475485792498,16,3,2,0.5851320067436361,single,0,passed,transcoder_128_B_iid
0.6112546556972847,0.6425957796264934,-0.011322209378490156,0.6225768650757748,16,3,2,0.6080588621371181,up_to_four,0,passed,transcoder_128_C_iid
0.5877858042185694,0.5931577374305986,-0.0347910608572054,0.6225768650757748,16,3,2,0.578390825425545,single,0,passed,transcoder_128_C_iid
0.605758902936713,0.6242822580050807,-0.02387537298511133,0.6296342759218243,16,3,2,0.6052278916420513,up_to_four,0,passed,transcoder_128_D_iid
0.5915502209712481,0.5994542399098555,-0.03808405495057621,0.6296342759218243,16,3,2,0.5860053180226499,single,0,passed,transcoder_128_D_iid
0.10767957549159857,,-0.01573215479848178,0.12341173029008035,16,3,2,0.044401494892494106,up_to_four,0,passed,transcoder_128_state_iid
0.09681472514153297,,-0.026597005148547376,0.12341173029008035,16,3,2,0.02992301259346714,single,0,passed,transcoder_128_state_iid
0.9884105472443063,0.9987744134494916,-0.007517355195093001,0.9959279024393993,4,7,2,0.9883908332858709,up_to_four,0,passed,coordinate_current_iid
0.9740174890661311,0.9958841861793847,-0.021910413373268267,0.9959279024393993,4,7,2,0.973788984820871,single,0,passed,coordinate_current_iid
0.9871249846992008,0.9979754371171157,-0.007563775997595945,0.9946887606967968,4,7,2,0.9872982518286575,up_to_four,0,passed,coordinate_current_transfer
0.9685360519210355,0.9943396757979245,-0.026152708775761258,0.9946887606967968,4,7,2,0.9679889999981804,single,0,passed,coordinate_current_transfer
0.6674419032964256,0.723760929089996,-0.16133608128810017,0.8287779845845258,4,7,2,0.6674863029188921,up_to_four,0,passed,coordinate_previous_iid
0.634913782601652,0.6588555434658478,-0.1938642019828738,0.8287779845845258,4,7,2,0.6288124538343141,single,0,passed,coordinate_previous_iid
0.6543522278487597,0.7094640382521985,-0.1394252882104019,0.7937775160591616,4,7,2,0.6522870402998061,up_to_four,0,passed,coordinate_previous_transfer
0.5464459932902612,0.5887284933552781,-0.24733152276890036,0.7937775160591616,4,7,2,0.5461513247287887,single,0,passed,coordinate_previous_transfer
0.4446123457487747,,-0.5431402083667956,0.9877525541155702,4,7,2,0.43804695357387224,up_to_four,0,passed,coordinate_query_iid
0.33135536682561095,,-0.6563971872899592,0.9877525541155702,4,7,2,0.2873615205623393,single,0,passed,coordinate_query_iid
0.6468896785327164,0.6473114335455037,-0.008809841219245551,0.655699519751962,4,7,2,0.6468872817330144,up_to_four,0,passed,coordinate_A_iid
0.6441483184992071,0.6561905620514827,-0.011551201252754884,0.655699519751962,4,7,2,0.6440895794555115,single,0,passed,coordinate_A_iid
0.636189805974386,0.6364458085462592,-0.010623026046460482,0.6468128320208465,4,7,2,0.63597369909976,up_to_four,0,passed,coordinate_B_iid
0.6369820690931569,0.6371441820413636,-0.009830762927689585,0.6468128320208465,4,7,2,0.6369785242278462,single,0,passed,coordinate_B_iid
0.6448945558649223,0.6675548052502204,-0.008507592666352926,0.6534021485312752,4,7,2,0.6448463463232732,up_to_four,0,passed,coordinate_C_iid
0.6448945558649223,0.6675548052502204,-0.008507592666352926,0.6534021485312752,4,7,2,0.6448463463232732,single,0,passed,coordinate_C_iid
0.6433357109532012,0.6699782914013473,-0.01006162585619963,0.6533973368094008,4,7,2,0.6433444327086142,up_to_four,0,passed,coordinate_D_iid
0.6319953934416144,0.6695254982106968,-0.021401943367786447,0.6533973368094008,4,7,2,0.631507347416929,single,0,passed,coordinate_D_iid
0.12319324536936202,,-0.00975034544693476,0.13294359081629678,4,7,2,0.03688357199489861,up_to_four,0,passed,coordinate_state_iid
0.12141813907153853,,-0.011525451744758247,0.13294359081629678,4,7,2,0.03636378455862825,single,0,passed,coordinate_state_iid
0.9827152633480314,0.9979815358050581,-0.01321263909136794,0.9959279024393993,4,7,2,0.9825897194034106,up_to_four,0,passed,coordinate_128_current_iid
0.9740174890661311,0.9958841861793847,-0.021910413373268267,0.9959279024393993,4,7,2,0.973788984820871,single,0,passed,coordinate_128_current_iid
0.9753883812369781,0.9962913777325284,-0.019300379459818662,0.9946887606967968,4,7,2,0.9750267774221837,up_to_four,0,passed,coordinate_128_current_transfer
0.9685360519210355,0.9943396757979245,-0.026152708775761258,0.9946887606967968,4,7,2,0.9679889999981804,single,0,passed,coordinate_128_current_transfer
0.6533479772371704,0.6491362325306899,-0.17543000734735537,0.8287779845845258,4,7,2,0.6396104440456456,up_to_four,0,passed,coordinate_128_previous_iid
0.634913782601652,0.6588555434658478,-0.1938642019828738,0.8287779845845258,4,7,2,0.6288124538343141,single,0,passed,coordinate_128_previous_iid
0.6649001898491981,0.6172996830893034,-0.1288773262099635,0.7937775160591616,4,7,2,0.649511043475292,up_to_four,0,passed,coordinate_128_previous_transfer
0.6336859723362598,0.6544016406537351,-0.1600915437229018,0.7937775160591616,4,7,2,0.6319546455563356,single,0,passed,coordinate_128_previous_transfer
0.4435742540005332,,-0.544178300115037,0.9877525541155702,4,7,2,0.4072266509926524,up_to_four,0,passed,coordinate_128_query_iid
0.3689738813909243,,-0.6187786727246458,0.9877525541155702,4,7,2,0.2998562223611254,single,0,passed,coordinate_128_query_iid
0.6460145405099686,0.6533594533841212,-0.009684979241993297,0.655699519751962,4,7,2,0.6460191732673679,up_to_four,0,passed,coordinate_128_A_iid
0.6441483184992071,0.6561905620514827,-0.011551201252754884,0.655699519751962,4,7,2,0.6440895794555115,single,0,passed,coordinate_128_A_iid
0.636189805974386,0.6364458085462592,-0.010623026046460482,0.6468128320208465,4,7,2,0.63597369909976,up_to_four,0,passed,coordinate_128_B_iid
0.6369820690931569,0.6371441820413636,-0.009830762927689585,0.6468128320208465,4,7,2,0.6369785242278462,single,0,passed,coordinate_128_B_iid
0.6448945558649223,0.6675548052502204,-0.008507592666352926,0.6534021485312752,4,7,2,0.6448463463232732,up_to_four,0,passed,coordinate_128_C_iid
0.6448945558649223,0.6675548052502204,-0.008507592666352926,0.6534021485312752,4,7,2,0.6448463463232732,single,0,passed,coordinate_128_C_iid
0.6423508572248882,0.6721086063590758,-0.011046479584512658,0.6533973368094008,4,7,2,0.6422480922706875,up_to_four,0,passed,coordinate_128_D_iid
0.6319953934416144,0.6695254982106968,-0.021401943367786447,0.6533973368094008,4,7,2,0.631507347416929,single,0,passed,coordinate_128_D_iid
0.12156692443845474,,-0.011376666377842043,0.13294359081629678,4,7,2,0.0404026055870758,up_to_four,0,passed,coordinate_128_state_iid
0.12141813907153853,,-0.011525451744758247,0.13294359081629678,4,7,2,0.03636378455862825,single,0,passed,coordinate_128_state_iid
0.992464549796183,0.9994654866532496,-0.0034633526432162887,0.9959279024393993,4,7,2,0.9925425768623652,up_to_four,0,passed,random_current_iid
0.9865831114959993,0.9979320347469005,-0.009344790943400016,0.9959279024393993,4,7,2,0.9865887211144573,single,0,passed,random_current_iid
0.9892353615878375,0.9994689246436452,-0.005453399108959256,0.9946887606967968,4,7,2,0.9891192970460315,up_to_four,0,passed,random_current_transfer
0.988097273575698,0.9971080680061424,-0.006591487121098805,0.9946887606967968,4,7,2,0.9879119737253554,single,0,passed,random_current_transfer
0.6626703600896925,0.7085989807002308,-0.1661076244948333,0.8287779845845258,4,7,2,0.6548598708989621,up_to_four,0,passed,random_previous_iid
0.6409147867286648,0.7035834609565372,-0.18786319785586103,0.8287779845845258,4,7,2,0.6301610437482075,single,0,passed,random_previous_iid
0.609730235806822,0.7087187594042228,-0.18404728025233963,0.7937775160591616,4,7,2,0.5903319213287164,up_to_four,0,passed,random_previous_transfer
0.609730235806822,0.7087187594042228,-0.18404728025233963,0.7937775160591616,4,7,2,0.5903319213287164,single,0,passed,random_previous_transfer
0.4686525627799623,,-0.5190999913356078,0.9877525541155702,4,7,2,0.45568592070062336,up_to_four,0,passed,random_query_iid
0.37085941147622115,,-0.616893142639349,0.9877525541155702,4,7,2,0.32894229485358323,single,0,passed,random_query_iid
0.6467603435988732,0.6440489298079793,-0.008939176153088702,0.655699519751962,4,7,2,0.6467909686598478,up_to_four,0,passed,random_A_iid
0.6445159470423898,0.6528307918368155,-0.011183572709572154,0.655699519751962,4,7,2,0.6445621478878053,single,0,passed,random_A_iid
0.6371895808714365,0.6440885419877038,-0.009623251149409984,0.6468128320208465,4,7,2,0.6369344235791077,up_to_four,0,passed,random_B_iid
0.6371895808714365,0.6440885419877038,-0.009623251149409984,0.6468128320208465,4,7,2,0.6369344235791077,single,0,passed,random_B_iid
0.6451828523074081,0.6757519505949191,-0.008219296223867079,0.6534021485312752,4,7,2,0.6451495307102544,up_to_four,0,passed,random_C_iid
0.6423314541354146,0.6746173655632393,-0.011070694395860614,0.6534021485312752,4,7,2,0.6421605391738819,single,0,passed,random_C_iid
0.6469809675054345,0.6678100350618822,-0.006416369303966274,0.6533973368094008,4,7,2,0.6467051270211491,up_to_four,0,passed,random_D_iid
0.6469809675054345,0.6678100350618822,-0.006416369303966274,0.6533973368094008,4,7,2,0.6467051270211491,single,0,passed,random_D_iid
0.12402101157160428,,-0.008922579244692502,0.13294359081629678,4,7,2,0.03712679133587512,up_to_four,0,passed,random_state_iid
0.12402101157160428,,-0.008922579244692502,0.13294359081629678,4,7,2,0.03712679133587512,single,0,passed,random_state_iid
0.9853371980855801,0.99843524212723,-0.010590704353819258,0.9959279024393993,4,7,2,0.9852405152229939,up_to_four,0,passed,random_128_current_iid
0.9770162963968834,0.9966438362635505,-0.01891160604251596,0.9959279024393993,4,7,2,0.9768865754919114,single,0,passed,random_128_current_iid
0.9774274353529093,0.9954447335135104,-0.017261325343887468,0.9946887606967968,4,7,2,0.9772347265840193,up_to_four,0,passed,random_128_current_transfer
0.9714759102275399,0.9907984717982794,-0.023212850469256918,0.9946887606967968,4,7,2,0.9715764903992783,single,0,passed,random_128_current_transfer
0.6409147867286648,0.7035834609565372,-0.18786319785586103,0.8287779845845258,4,7,2,0.6301610437482075,up_to_four,0,passed,random_128_previous_iid
0.6409147867286648,0.7035834609565372,-0.18786319785586103,0.8287779845845258,4,7,2,0.6301610437482075,single,0,passed,random_128_previous_iid
0.609730235806822,0.7087187594042228,-0.18404728025233963,0.7937775160591616,4,7,2,0.5903319213287164,up_to_four,0,passed,random_128_previous_transfer
0.609730235806822,0.7087187594042228,-0.18404728025233963,0.7937775160591616,4,7,2,0.5903319213287164,single,0,passed,random_128_previous_transfer
0.5140885728110741,,-0.47366398130449605,0.9877525541155702,4,7,2,0.4999824885901415,up_to_four,0,passed,random_128_query_iid
0.32883809313136775,,-0.6589144609842024,0.9877525541155702,4,7,2,0.26927941344022654,single,0,passed,random_128_query_iid
0.6438280193342913,0.6440731851132968,-0.0118715004176706,0.655699519751962,4,7,2,0.6438837194094613,up_to_four,0,passed,random_128_A_iid
0.6445159470423898,0.6528307918368155,-0.011183572709572154,0.655699519751962,4,7,2,0.6445621478878053,single,0,passed,random_128_A_iid
0.6352396025572079,0.6683523905020644,-0.01157322946363859,0.6468128320208465,4,7,2,0.6349845780984247,up_to_four,0,passed,random_128_B_iid
0.630473075621943,0.6649574045501856,-0.016339756398903504,0.6468128320208465,4,7,2,0.6304746693629275,single,0,passed,random_128_B_iid
0.6427741417056843,0.6745198416925168,-0.010628006825590952,0.6534021485312752,4,7,2,0.6424307461722136,up_to_four,0,passed,random_128_C_iid
0.6376094717199325,0.6708791771945428,-0.015792676811342665,0.6534021485312752,4,7,2,0.6376104261525619,single,0,passed,random_128_C_iid
0.6404103092572084,0.6547213097865654,-0.012987027552192387,0.6533973368094008,4,7,2,0.6398661150027606,up_to_four,0,passed,random_128_D_iid
0.63329907894467,0.6577021966227544,-0.02009825786473085,0.6533973368094008,4,7,2,0.6332790766639029,single,0,passed,random_128_D_iid
0.12209107801780542,,-0.010852512798491365,0.13294359081629678,4,7,2,0.04319598388375533,up_to_four,0,passed,random_128_state_iid
0.12090988116216271,,-0.01203370965413407,0.13294359081629678,4,7,2,0.037877089582527695,single,0,passed,random_128_state_iid
0.9834117610510862,0.9976507714558763,-0.01251614138831314,0.9959279024393993,4,7,2,0.9834354377205975,up_to_four,0,passed,transcoder_current_iid
0.9817449385218076,0.987801522094486,-0.014182963917591773,0.9959279024393993,4,7,2,0.9817352164385234,single,0,passed,transcoder_current_iid
0.9803437352861363,0.996695108342611,-0.014345025410660517,0.9946887606967968,4,7,2,0.9804462380760992,up_to_four,0,passed,transcoder_current_transfer
0.9783283205000917,0.9825004193552357,-0.01636044019670513,0.9946887606967968,4,7,2,0.9784303863313673,single,0,passed,transcoder_current_transfer
0.7029326951999935,0.7395240200091013,-0.12584528938453232,0.8287779845845258,4,7,2,0.6931615829933601,up_to_four,0,passed,transcoder_previous_iid
0.5675149957986245,0.5705565849704957,-0.26126298878590126,0.8287779845845258,4,7,2,0.4941743545126899,single,0,passed,transcoder_previous_iid
0.7109683423675792,0.7459501933786842,-0.08280917369158236,0.7937775160591616,4,7,2,0.7099972448848055,up_to_four,0,passed,transcoder_previous_transfer
0.5640228339172465,0.5715976683100449,-0.22975468214191508,0.7937775160591616,4,7,2,0.4591868575466535,single,0,passed,transcoder_previous_transfer
0.6478108584099542,,-0.33994169570561594,0.9877525541155702,4,7,2,0.6427131271144205,up_to_four,0,passed,transcoder_query_iid
0.38594084724219024,,-0.6018117068733799,0.9877525541155702,4,7,2,0.28818902377948113,single,0,passed,transcoder_query_iid
0.644810184016883,0.6263129160021359,-0.010889335735078998,0.655699519751962,4,7,2,0.6447845544757567,up_to_four,0,passed,transcoder_A_iid
0.6427529977750488,0.6419784346811185,-0.01294652197691315,0.655699519751962,4,7,2,0.6427723413361539,single,0,passed,transcoder_A_iid
0.6374218683832982,0.6404281024621876,-0.009390963637548322,0.6468128320208465,4,7,2,0.637433727703963,up_to_four,0,passed,transcoder_B_iid
0.6374218683832982,0.6404281024621876,-0.009390963637548322,0.6468128320208465,4,7,2,0.637433727703963,single,0,passed,transcoder_B_iid
0.6425523379022914,0.6509933829273684,-0.010849810628983825,0.6534021485312752,4,7,2,0.6425133677154242,up_to_four,0,passed,transcoder_C_iid
0.6425523379022914,0.6509933829273684,-0.010849810628983825,0.6534021485312752,4,7,2,0.6425133677154242,single,0,passed,transcoder_C_iid
0.6373519274742627,0.6787991619771159,-0.016045409335138094,0.6533973368094008,4,7,2,0.6374160027519504,up_to_four,0,passed,transcoder_D_iid
0.5868302289692794,0.5863321644704124,-0.06656710784012143,0.6533973368094008,4,7,2,0.511025442779604,single,0,passed,transcoder_D_iid
0.12182344060549266,,-0.01112015021080412,0.13294359081629678,4,7,2,0.03646722748155572,up_to_four,0,passed,transcoder_state_iid
0.1188640596065706,,-0.014079531209726187,0.13294359081629678,4,7,2,0.037301765266409735,single,0,passed,transcoder_state_iid
0.8079166784097402,0.8619647980821212,-0.18801122402965909,0.9959279024393993,4,7,2,0.8054013977879266,up_to_four,0,passed,transcoder_128_current_iid
0.7270568100004868,0.7278337644375751,-0.2688710924389125,0.9959279024393993,4,7,2,0.7104853937261093,single,0,passed,transcoder_128_current_iid
0.7980513906078676,0.8350254074222314,-0.19663737008892923,0.9946887606967968,4,7,2,0.7981600402521003,up_to_four,0,passed,transcoder_128_current_transfer
0.7229574161759077,0.7241557359052925,-0.2717313445208891,0.9946887606967968,4,7,2,0.7104419309179859,single,0,passed,transcoder_128_current_transfer
0.6753061080505791,0.6908465439659484,-0.15347187653394667,0.8287779845845258,4,7,2,0.669588426146687,up_to_four,0,passed,transcoder_128_previous_iid
0.5675149957986245,0.5705565849704957,-0.26126298878590126,0.8287779845845258,4,7,2,0.4941743545126899,single,0,passed,transcoder_128_previous_iid
0.6758681606919279,0.6972174646401225,-0.11790935536723368,0.7937775160591616,4,7,2,0.6602792243654605,up_to_four,0,passed,transcoder_128_previous_transfer
0.5640228339172465,0.5715976683100449,-0.22975468214191508,0.7937775160591616,4,7,2,0.4591868575466535,single,0,passed,transcoder_128_previous_transfer
0.4426741946170428,,-0.5450783594985273,0.9877525541155702,4,7,2,0.40947438893895394,up_to_four,0,passed,transcoder_128_query_iid
0.38594084724219024,,-0.6018117068733799,0.9877525541155702,4,7,2,0.28818902377948113,single,0,passed,transcoder_128_query_iid
0.5788800347514558,0.6083175416079842,-0.07681948500050617,0.655699519751962,4,7,2,0.5562046667127788,up_to_four,0,passed,transcoder_128_A_iid
0.5666300344486399,0.570717994376353,-0.08906948530332204,0.655699519751962,4,7,2,0.532738561427728,single,0,passed,transcoder_128_A_iid
0.5793677416906833,0.6282935715496769,-0.06744509033016322,0.6468128320208465,4,7,2,0.5612015626646593,up_to_four,0,passed,transcoder_128_B_iid
0.56235868025631,0.5641481966708138,-0.08445415176453652,0.6468128320208465,4,7,2,0.4928289337880169,single,0,passed,transcoder_128_B_iid
0.6031653696335207,0.6129990599326888,-0.050236778897754464,0.6534021485312752,4,7,2,0.5904493195315961,up_to_four,0,passed,transcoder_128_C_iid
0.5731178820487385,0.5732667829586157,-0.08028426648253673,0.6534021485312752,4,7,2,0.5390877730689138,single,0,passed,transcoder_128_C_iid
0.5755123418338051,0.5953471228876994,-0.07788499497559576,0.6533973368094008,4,7,2,0.5460112304595439,up_to_four,0,passed,transcoder_128_D_iid
0.563354597329888,0.5696030492333938,-0.0900427394795128,0.6533973368094008,4,7,2,0.5290887205499424,single,0,passed,transcoder_128_D_iid
0.09845621867017926,,-0.03448737214611752,0.13294359081629678,4,7,2,0.030738131204554715,up_to_four,0,passed,transcoder_128_state_iid
0.08994253311957454,,-0.043001057696722245,0.13294359081629678,4,7,2,0.028670486348627622,single,0,passed,transcoder_128_state_iid
0.9884105472443063,0.9987744134494916,-0.007517355195093001,0.9959279024393993,16,7,2,0.9883908332858709,up_to_four,0,passed,coordinate_current_iid
0.9740174890661311,0.9958841861793847,-0.021910413373268267,0.9959279024393993,16,7,2,0.973788984820871,single,0,passed,coordinate_current_iid
0.9871249846992008,0.9979754371171157,-0.007563775997595945,0.9946887606967968,16,7,2,0.9872982518286575,up_to_four,0,passed,coordinate_current_transfer
0.9685360519210355,0.9943396757979245,-0.026152708775761258,0.9946887606967968,16,7,2,0.9679889999981804,single,0,passed,coordinate_current_transfer
0.6674419032964256,0.723760929089996,-0.16133608128810017,0.8287779845845258,16,7,2,0.6674863029188921,up_to_four,0,passed,coordinate_previous_iid
0.634913782601652,0.6588555434658478,-0.1938642019828738,0.8287779845845258,16,7,2,0.6288124538343141,single,0,passed,coordinate_previous_iid
0.6543522278487597,0.7094640382521985,-0.1394252882104019,0.7937775160591616,16,7,2,0.6522870402998061,up_to_four,0,passed,coordinate_previous_transfer
0.5464459932902612,0.5887284933552781,-0.24733152276890036,0.7937775160591616,16,7,2,0.5461513247287887,single,0,passed,coordinate_previous_transfer
0.4446123457487747,,-0.5431402083667956,0.9877525541155702,16,7,2,0.43804695357387224,up_to_four,0,passed,coordinate_query_iid
0.33135536682561095,,-0.6563971872899592,0.9877525541155702,16,7,2,0.2873615205623393,single,0,passed,coordinate_query_iid
0.6468896785327164,0.6473114335455037,-0.008809841219245551,0.655699519751962,16,7,2,0.6468872817330144,up_to_four,0,passed,coordinate_A_iid
0.6441483184992071,0.6561905620514827,-0.011551201252754884,0.655699519751962,16,7,2,0.6440895794555115,single,0,passed,coordinate_A_iid
0.636189805974386,0.6364458085462592,-0.010623026046460482,0.6468128320208465,16,7,2,0.63597369909976,up_to_four,0,passed,coordinate_B_iid
0.6369820690931569,0.6371441820413636,-0.009830762927689585,0.6468128320208465,16,7,2,0.6369785242278462,single,0,passed,coordinate_B_iid
0.6448945558649223,0.6675548052502204,-0.008507592666352926,0.6534021485312752,16,7,2,0.6448463463232732,up_to_four,0,passed,coordinate_C_iid
0.6448945558649223,0.6675548052502204,-0.008507592666352926,0.6534021485312752,16,7,2,0.6448463463232732,single,0,passed,coordinate_C_iid
0.6433357109532012,0.6699782914013473,-0.01006162585619963,0.6533973368094008,16,7,2,0.6433444327086142,up_to_four,0,passed,coordinate_D_iid
0.6319953934416144,0.6695254982106968,-0.021401943367786447,0.6533973368094008,16,7,2,0.631507347416929,single,0,passed,coordinate_D_iid
0.12319324536936202,,-0.00975034544693476,0.13294359081629678,16,7,2,0.03688357199489861,up_to_four,0,passed,coordinate_state_iid
0.12141813907153853,,-0.011525451744758247,0.13294359081629678,16,7,2,0.03636378455862825,single,0,passed,coordinate_state_iid
0.9827152633480314,0.9979815358050581,-0.01321263909136794,0.9959279024393993,16,7,2,0.9825897194034106,up_to_four,0,passed,coordinate_128_current_iid
0.9740174890661311,0.9958841861793847,-0.021910413373268267,0.9959279024393993,16,7,2,0.973788984820871,single,0,passed,coordinate_128_current_iid
0.9753883812369781,0.9962913777325284,-0.019300379459818662,0.9946887606967968,16,7,2,0.9750267774221837,up_to_four,0,passed,coordinate_128_current_transfer
0.9685360519210355,0.9943396757979245,-0.026152708775761258,0.9946887606967968,16,7,2,0.9679889999981804,single,0,passed,coordinate_128_current_transfer
0.6533479772371704,0.6491362325306899,-0.17543000734735537,0.8287779845845258,16,7,2,0.6396104440456456,up_to_four,0,passed,coordinate_128_previous_iid
0.634913782601652,0.6588555434658478,-0.1938642019828738,0.8287779845845258,16,7,2,0.6288124538343141,single,0,passed,coordinate_128_previous_iid
0.6649001898491981,0.6172996830893034,-0.1288773262099635,0.7937775160591616,16,7,2,0.649511043475292,up_to_four,0,passed,coordinate_128_previous_transfer
0.6336859723362598,0.6544016406537351,-0.1600915437229018,0.7937775160591616,16,7,2,0.6319546455563356,single,0,passed,coordinate_128_previous_transfer
0.4435742540005332,,-0.544178300115037,0.9877525541155702,16,7,2,0.4072266509926524,up_to_four,0,passed,coordinate_128_query_iid
0.3689738813909243,,-0.6187786727246458,0.9877525541155702,16,7,2,0.2998562223611254,single,0,passed,coordinate_128_query_iid
0.6460145405099686,0.6533594533841212,-0.009684979241993297,0.655699519751962,16,7,2,0.6460191732673679,up_to_four,0,passed,coordinate_128_A_iid
0.6441483184992071,0.6561905620514827,-0.011551201252754884,0.655699519751962,16,7,2,0.6440895794555115,single,0,passed,coordinate_128_A_iid
0.636189805974386,0.6364458085462592,-0.010623026046460482,0.6468128320208465,16,7,2,0.63597369909976,up_to_four,0,passed,coordinate_128_B_iid
0.6369820690931569,0.6371441820413636,-0.009830762927689585,0.6468128320208465,16,7,2,0.6369785242278462,single,0,passed,coordinate_128_B_iid
0.6448945558649223,0.6675548052502204,-0.008507592666352926,0.6534021485312752,16,7,2,0.6448463463232732,up_to_four,0,passed,coordinate_128_C_iid
0.6448945558649223,0.6675548052502204,-0.008507592666352926,0.6534021485312752,16,7,2,0.6448463463232732,single,0,passed,coordinate_128_C_iid
0.6423508572248882,0.6721086063590758,-0.011046479584512658,0.6533973368094008,16,7,2,0.6422480922706875,up_to_four,0,passed,coordinate_128_D_iid
0.6319953934416144,0.6695254982106968,-0.021401943367786447,0.6533973368094008,16,7,2,0.631507347416929,single,0,passed,coordinate_128_D_iid
0.12156692443845474,,-0.011376666377842043,0.13294359081629678,16,7,2,0.0404026055870758,up_to_four,0,passed,coordinate_128_state_iid
0.12141813907153853,,-0.011525451744758247,0.13294359081629678,16,7,2,0.03636378455862825,single,0,passed,coordinate_128_state_iid
0.992464549796183,0.9994654866532496,-0.0034633526432162887,0.9959279024393993,16,7,2,0.9925425768623652,up_to_four,0,passed,random_current_iid
0.9865831114959993,0.9979320347469005,-0.009344790943400016,0.9959279024393993,16,7,2,0.9865887211144573,single,0,passed,random_current_iid
0.9892353615878375,0.9994689246436452,-0.005453399108959256,0.9946887606967968,16,7,2,0.9891192970460315,up_to_four,0,passed,random_current_transfer
0.988097273575698,0.9971080680061424,-0.006591487121098805,0.9946887606967968,16,7,2,0.9879119737253554,single,0,passed,random_current_transfer
0.6626703600896925,0.7085989807002308,-0.1661076244948333,0.8287779845845258,16,7,2,0.6548598708989621,up_to_four,0,passed,random_previous_iid
0.6409147867286648,0.7035834609565372,-0.18786319785586103,0.8287779845845258,16,7,2,0.6301610437482075,single,0,passed,random_previous_iid
0.609730235806822,0.7087187594042228,-0.18404728025233963,0.7937775160591616,16,7,2,0.5903319213287164,up_to_four,0,passed,random_previous_transfer
0.609730235806822,0.7087187594042228,-0.18404728025233963,0.7937775160591616,16,7,2,0.5903319213287164,single,0,passed,random_previous_transfer
0.4686525627799623,,-0.5190999913356078,0.9877525541155702,16,7,2,0.45568592070062336,up_to_four,0,passed,random_query_iid
0.37085941147622115,,-0.616893142639349,0.9877525541155702,16,7,2,0.32894229485358323,single,0,passed,random_query_iid
0.6467603435988732,0.6440489298079793,-0.008939176153088702,0.655699519751962,16,7,2,0.6467909686598478,up_to_four,0,passed,random_A_iid
0.6445159470423898,0.6528307918368155,-0.011183572709572154,0.655699519751962,16,7,2,0.6445621478878053,single,0,passed,random_A_iid
0.6371895808714365,0.6440885419877038,-0.009623251149409984,0.6468128320208465,16,7,2,0.6369344235791077,up_to_four,0,passed,random_B_iid
0.6371895808714365,0.6440885419877038,-0.009623251149409984,0.6468128320208465,16,7,2,0.6369344235791077,single,0,passed,random_B_iid
0.6451828523074081,0.6757519505949191,-0.008219296223867079,0.6534021485312752,16,7,2,0.6451495307102544,up_to_four,0,passed,random_C_iid
0.6423314541354146,0.6746173655632393,-0.011070694395860614,0.6534021485312752,16,7,2,0.6421605391738819,single,0,passed,random_C_iid
0.6469809675054345,0.6678100350618822,-0.006416369303966274,0.6533973368094008,16,7,2,0.6467051270211491,up_to_four,0,passed,random_D_iid
0.6469809675054345,0.6678100350618822,-0.006416369303966274,0.6533973368094008,16,7,2,0.6467051270211491,single,0,passed,random_D_iid
0.12402101157160428,,-0.008922579244692502,0.13294359081629678,16,7,2,0.03712679133587512,up_to_four,0,passed,random_state_iid
0.12402101157160428,,-0.008922579244692502,0.13294359081629678,16,7,2,0.03712679133587512,single,0,passed,random_state_iid
0.9853371980855801,0.99843524212723,-0.010590704353819258,0.9959279024393993,16,7,2,0.9852405152229939,up_to_four,0,passed,random_128_current_iid
0.9770162963968834,0.9966438362635505,-0.01891160604251596,0.9959279024393993,16,7,2,0.9768865754919114,single,0,passed,random_128_current_iid
0.9774274353529093,0.9954447335135104,-0.017261325343887468,0.9946887606967968,16,7,2,0.9772347265840193,up_to_four,0,passed,random_128_current_transfer
0.9714759102275399,0.9907984717982794,-0.023212850469256918,0.9946887606967968,16,7,2,0.9715764903992783,single,0,passed,random_128_current_transfer
0.6409147867286648,0.7035834609565372,-0.18786319785586103,0.8287779845845258,16,7,2,0.6301610437482075,up_to_four,0,passed,random_128_previous_iid
0.6409147867286648,0.7035834609565372,-0.18786319785586103,0.8287779845845258,16,7,2,0.6301610437482075,single,0,passed,random_128_previous_iid
0.609730235806822,0.7087187594042228,-0.18404728025233963,0.7937775160591616,16,7,2,0.5903319213287164,up_to_four,0,passed,random_128_previous_transfer
0.609730235806822,0.7087187594042228,-0.18404728025233963,0.7937775160591616,16,7,2,0.5903319213287164,single,0,passed,random_128_previous_transfer
0.5140885728110741,,-0.47366398130449605,0.9877525541155702,16,7,2,0.4999824885901415,up_to_four,0,passed,random_128_query_iid
0.32883809313136775,,-0.6589144609842024,0.9877525541155702,16,7,2,0.26927941344022654,single,0,passed,random_128_query_iid
0.6438280193342913,0.6440731851132968,-0.0118715004176706,0.655699519751962,16,7,2,0.6438837194094613,up_to_four,0,passed,random_128_A_iid
0.6445159470423898,0.6528307918368155,-0.011183572709572154,0.655699519751962,16,7,2,0.6445621478878053,single,0,passed,random_128_A_iid
0.6352396025572079,0.6683523905020644,-0.01157322946363859,0.6468128320208465,16,7,2,0.6349845780984247,up_to_four,0,passed,random_128_B_iid
0.630473075621943,0.6649574045501856,-0.016339756398903504,0.6468128320208465,16,7,2,0.6304746693629275,single,0,passed,random_128_B_iid
0.6427741417056843,0.6745198416925168,-0.010628006825590952,0.6534021485312752,16,7,2,0.6424307461722136,up_to_four,0,passed,random_128_C_iid
0.6376094717199325,0.6708791771945428,-0.015792676811342665,0.6534021485312752,16,7,2,0.6376104261525619,single,0,passed,random_128_C_iid
0.6404103092572084,0.6547213097865654,-0.012987027552192387,0.6533973368094008,16,7,2,0.6398661150027606,up_to_four,0,passed,random_128_D_iid
0.63329907894467,0.6577021966227544,-0.02009825786473085,0.6533973368094008,16,7,2,0.6332790766639029,single,0,passed,random_128_D_iid
0.12209107801780542,,-0.010852512798491365,0.13294359081629678,16,7,2,0.04319598388375533,up_to_four,0,passed,random_128_state_iid
0.12090988116216271,,-0.01203370965413407,0.13294359081629678,16,7,2,0.037877089582527695,single,0,passed,random_128_state_iid
0.9913936615586432,0.9979653223569758,-0.004534240880756157,0.9959279024393993,16,7,2,0.9912944276501946,up_to_four,0,passed,transcoder_current_iid
0.9913652379829926,0.994631206908258,-0.00456266445640674,0.9959279024393993,16,7,2,0.9912447231727681,single,0,passed,transcoder_current_iid
0.9904920510324557,0.9969064050926241,-0.004196709664341047,0.9946887606967968,16,7,2,0.9903291438375565,up_to_four,0,passed,transcoder_current_transfer
0.9898993676964996,0.9932801156967094,-0.004789393000297237,0.9946887606967968,16,7,2,0.9895273582738189,single,0,passed,transcoder_current_transfer
0.6760354915482321,0.6622973747090012,-0.15274249303629372,0.8287779845845258,16,7,2,0.6597611929295641,up_to_four,0,passed,transcoder_previous_iid
0.6537219556597557,0.667743268417261,-0.17505602892477012,0.8287779845845258,16,7,2,0.6392852208140414,single,0,passed,transcoder_previous_iid
0.6655852816715646,0.668656584720669,-0.12819223438759697,0.7937775160591616,16,7,2,0.6620650702773854,up_to_four,0,passed,transcoder_previous_transfer
0.6498136802880061,0.6667918086201196,-0.14396383577115546,0.7937775160591616,16,7,2,0.6462498630587205,single,0,passed,transcoder_previous_transfer
0.9237279846363018,,-0.06402456947926838,0.9877525541155702,16,7,2,0.9239476180451643,up_to_four,0,passed,transcoder_query_iid
0.49729945989197843,,-0.49045309422359173,0.9877525541155702,16,7,2,0.37363617015512046,single,0,passed,transcoder_query_iid
0.6456433532540164,0.6537713531149913,-0.010056166497945496,0.655699519751962,16,7,2,0.6456060514833424,up_to_four,0,passed,transcoder_A_iid
0.6447486848554229,0.6586318990739849,-0.01095083489653903,0.655699519751962,16,7,2,0.6447572569448812,single,0,passed,transcoder_A_iid
0.640047876003177,0.6546995554056648,-0.006764956017669466,0.6468128320208465,16,7,2,0.6400400632657981,up_to_four,0,passed,transcoder_B_iid
0.6360018466126729,0.6504283930467204,-0.010810985408173601,0.6468128320208465,16,7,2,0.6359717301178198,single,0,passed,transcoder_B_iid
0.6438181981442843,0.697741903376145,-0.009583950386990892,0.6534021485312752,16,7,2,0.6434550253785873,up_to_four,0,passed,transcoder_C_iid
0.6154486121554165,0.5816392102602552,-0.03795353637585874,0.6534021485312752,16,7,2,0.5513283731275118,single,0,passed,transcoder_C_iid
0.6432447077129733,0.6988541462390027,-0.010152629096427557,0.6533973368094008,16,7,2,0.6431446879771074,up_to_four,0,passed,transcoder_D_iid
0.6197823740822772,0.6280381343630799,-0.03361496272712361,0.6533973368094008,16,7,2,0.5934844992201818,single,0,passed,transcoder_D_iid
0.12291577585311433,,-0.010027814963182446,0.13294359081629678,16,7,2,0.038839705145403726,up_to_four,0,passed,transcoder_state_iid
0.12291577585311433,,-0.010027814963182446,0.13294359081629678,16,7,2,0.038839705145403726,single,0,passed,transcoder_state_iid
0.9913281672350314,0.9994765258095675,-0.004599735204367961,0.9959279024393993,16,7,2,0.9911948859016806,up_to_four,0,passed,transcoder_128_current_iid
0.9913652379829926,0.994631206908258,-0.00456266445640674,0.9959279024393993,16,7,2,0.9912447231727681,single,0,passed,transcoder_128_current_iid
0.9911796964710042,0.9993201263959348,-0.0035090642257925575,0.9946887606967968,16,7,2,0.9909349871626019,up_to_four,0,passed,transcoder_128_current_transfer
0.9898993676964996,0.9932801156967094,-0.004789393000297237,0.9946887606967968,16,7,2,0.9895273582738189,single,0,passed,transcoder_128_current_transfer
0.682319703140518,0.682914240786563,-0.14645828144400774,0.8287779845845258,16,7,2,0.6774449572877353,up_to_four,0,passed,transcoder_128_previous_iid
0.6285893990006535,0.6093459791445036,-0.2001885855838723,0.8287779845845258,16,7,2,0.6168025093301207,single,0,passed,transcoder_128_previous_iid
0.6859253383662567,0.7184062698533591,-0.1078521776929049,0.7937775160591616,16,7,2,0.6853465744017748,up_to_four,0,passed,transcoder_128_previous_transfer
0.5962851230304539,0.627921485653568,-0.1974923930287077,0.7937775160591616,16,7,2,0.5931443930321176,single,0,passed,transcoder_128_previous_transfer
0.8728970680156345,,-0.11485548609993568,0.9877525541155702,16,7,2,0.8701077674401355,up_to_four,0,passed,transcoder_128_query_iid
0.49729945989197843,,-0.49045309422359173,0.9877525541155702,16,7,2,0.37363617015512046,single,0,passed,transcoder_128_query_iid
0.6461827409918495,0.6279915422961622,-0.009516778760112476,0.655699519751962,16,7,2,0.6461098492589818,up_to_four,0,passed,transcoder_128_A_iid
0.6428783185209297,0.6291701218964734,-0.012821201231032253,0.655699519751962,16,7,2,0.6429321501616464,single,0,passed,transcoder_128_A_iid
0.640430478971366,0.6621317601529675,-0.006382353049480538,0.6468128320208465,16,7,2,0.6404279561725655,up_to_four,0,passed,transcoder_128_B_iid
0.6369538311609404,0.649376720192391,-0.009859000859906097,0.6468128320208465,16,7,2,0.6367618840852478,single,0,passed,transcoder_128_B_iid
0.6453480388636625,0.6623280277994233,-0.008054109667612663,0.6534021485312752,16,7,2,0.6453045526981408,up_to_four,0,passed,transcoder_128_C_iid
0.6154486121554165,0.5816392102602552,-0.03795353637585874,0.6534021485312752,16,7,2,0.5513283731275118,single,0,passed,transcoder_128_C_iid
0.6440903328924161,0.6516214818756152,-0.00930700391698469,0.6533973368094008,16,7,2,0.6439922811681504,up_to_four,0,passed,transcoder_128_D_iid
0.6440015726897994,0.6484581729961983,-0.009395764119601413,0.6533973368094008,16,7,2,0.643919841586919,single,0,passed,transcoder_128_D_iid
0.12291577585311433,,-0.010027814963182446,0.13294359081629678,16,7,2,0.038839705145403726,up_to_four,0,passed,transcoder_128_state_iid
0.12291577585311433,,-0.010027814963182446,0.13294359081629678,16,7,2,0.038839705145403726,single,0,passed,transcoder_128_state_iid
0.9998484342853337,0.9999997898256731,5.148270181221104e-05,0.9997969515835214,4,11,2,0.9998498750476243,up_to_four,0,passed,coordinate_current_iid
0.9998484342853337,0.9999997898256731,5.148270181221104e-05,0.9997969515835214,4,11,2,0.9998498750476243,single,0,passed,coordinate_current_iid
1.0,1.0,0.0,1.0,4,11,2,1.0,up_to_four,0,passed,coordinate_current_transfer
1.0,1.0,0.0,1.0,4,11,2,1.0,single,0,passed,coordinate_current_transfer
0.5752683262706115,0.6112189716265991,-0.1579895416522763,0.7332578679228878,4,11,2,0.5511537638744348,up_to_four,0,passed,coordinate_previous_iid
0.563192307527985,0.5928331185014213,-0.17006556039490284,0.7332578679228878,4,11,2,0.5623862091813054,single,0,passed,coordinate_previous_iid
0.5684333911673682,0.595883318905785,-0.13805807676446435,0.7064914679318326,4,11,2,0.5683937931592837,up_to_four,0,passed,coordinate_previous_transfer
0.5684333911673682,0.595883318905785,-0.13805807676446435,0.7064914679318326,4,11,2,0.5683937931592837,single,0,passed,coordinate_previous_transfer
0.3852971838324073,,-0.5206000227141232,0.9058972065465305,4,11,2,0.38126546284602,up_to_four,0,passed,coordinate_query_iid
0.2938315895380083,,-0.6120656170085221,0.9058972065465305,4,11,2,0.22996474232148775,single,0,passed,coordinate_query_iid
0.651162226038804,0.6661279846651212,0.0005814866592167567,0.6505807393795873,4,11,2,0.6510531721799327,up_to_four,0,passed,coordinate_A_iid
0.6501521972859063,0.6664458412817509,-0.0004285420936809281,0.6505807393795873,4,11,2,0.6496828344588885,single,0,passed,coordinate_A_iid
0.644549074444235,0.645766627639216,0.0006698854040270152,0.643879189040208,4,11,2,0.6445560090268364,up_to_four,0,passed,coordinate_B_iid
0.6445339448363289,0.6496123548298112,0.0006547557961208428,0.643879189040208,4,11,2,0.6445446977837361,single,0,passed,coordinate_B_iid
0.649426235727296,0.6637480841614604,0.0017200582691125899,0.6477061774581834,4,11,2,0.6494124793313403,up_to_four,0,passed,coordinate_C_iid
0.6493746586802029,0.6630112449163107,0.0016684812220195688,0.6477061774581834,4,11,2,0.6493596741754668,single,0,passed,coordinate_C_iid
0.6478777018990197,0.6715749736923732,-4.0855327919309126e-05,0.647918557226939,4,11,2,0.6478257232656578,up_to_four,0,passed,coordinate_D_iid
0.6479594125548582,0.6668130448979226,4.08553279191981e-05,0.647918557226939,4,11,2,0.6479142513329028,single,0,passed,coordinate_D_iid
0.125,,-0.0012224088469665328,0.12622240884696653,4,11,2,0.037416616112559795,up_to_four,0,passed,coordinate_state_iid
0.12493625701172871,,-0.0012861518352378226,0.12622240884696653,4,11,2,0.03739864908441319,single,0,passed,coordinate_state_iid
0.9997998339742917,0.999999859883782,2.8823907702868468e-06,0.9997969515835214,4,11,2,0.9997998339742917,up_to_four,0,passed,coordinate_128_current_iid
0.999611197511664,0.9999992093441985,-0.00018575407185739135,0.9997969515835214,4,11,2,0.9995996771155744,single,0,passed,coordinate_128_current_iid
1.0,1.0,0.0,1.0,4,11,2,1.0,up_to_four,0,passed,coordinate_128_current_transfer
0.9994309559939302,1.0,-0.0005690440060698299,1.0,4,11,2,0.9993954183664833,single,0,passed,coordinate_128_current_transfer
0.5646988155896955,0.5834829535698643,-0.16855905233319235,0.7332578679228878,4,11,2,0.5613418447228276,up_to_four,0,passed,coordinate_128_previous_iid
0.5657689856619762,0.5843082926272759,-0.16748888226091163,0.7332578679228878,4,11,2,0.5629329675050914,single,0,passed,coordinate_128_previous_iid
0.556893643581351,0.5758917525198672,-0.14959782435048163,0.7064914679318326,4,11,2,0.49063587594524616,up_to_four,0,passed,coordinate_128_previous_transfer
0.556893643581351,0.5758917525198672,-0.14959782435048163,0.7064914679318326,4,11,2,0.49063587594524616,single,0,passed,coordinate_128_previous_transfer
0.37982173987800316,,-0.5260754666685273,0.9058972065465305,4,11,2,0.3677272229868114,up_to_four,0,passed,coordinate_128_query_iid
0.3011416529400333,,-0.6047555536064972,0.9058972065465305,4,11,2,0.25611289707787477,single,0,passed,coordinate_128_query_iid
0.6499252755407189,0.6439522389313547,-0.0006554638388683864,0.6505807393795873,4,11,2,0.6498764826329241,up_to_four,0,passed,coordinate_128_A_iid
0.6498315077136826,0.6504420246599074,-0.0007492316659046816,0.6505807393795873,4,11,2,0.649816722695866,single,0,passed,coordinate_128_A_iid
0.6421180306341738,0.6418269758027138,-0.0017611584060341912,0.643879189040208,4,11,2,0.6420410005897821,up_to_four,0,passed,coordinate_128_B_iid
0.6445389880389643,0.6429318324308669,0.0006597989987562336,0.643879189040208,4,11,2,0.6445484967343493,single,0,passed,coordinate_128_B_iid
0.6493859991303055,0.6539929969820503,0.001679821672122106,0.6477061774581834,4,11,2,0.6493788019829776,up_to_four,0,passed,coordinate_128_C_iid
0.649038190325774,0.6586087901828823,0.0013320128675906595,0.6477061774581834,4,11,2,0.6490321895093352,single,0,passed,coordinate_128_C_iid
0.6478294765903778,0.6765563496709784,-8.908063656121179e-05,0.647918557226939,4,11,2,0.6477768186588111,up_to_four,0,passed,coordinate_128_D_iid
0.6479594125548582,0.6668130448979226,4.08553279191981e-05,0.647918557226939,4,11,2,0.6479142513329028,single,0,passed,coordinate_128_D_iid
0.12487251402345742,,-0.0013498948235091124,0.12622240884696653,4,11,2,0.037385270411992605,up_to_four,0,passed,coordinate_128_state_iid
0.125,,-0.0012224088469665328,0.12622240884696653,4,11,2,0.03741796868217413,single,0,passed,coordinate_128_state_iid
0.9998484342853337,0.9999998298588781,5.148270181221104e-05,0.9997969515835214,4,11,2,0.9998498750476243,up_to_four,0,passed,random_current_iid
0.9997541160540198,0.9999998198505768,-4.283552950168357e-05,0.9997969515835214,4,11,2,0.9997497946257993,single,0,passed,random_current_iid
1.0,1.0,0.0,1.0,4,11,2,1.0,up_to_four,0,passed,random_current_transfer
1.0,1.0,0.0,1.0,4,11,2,1.0,single,0,passed,random_current_transfer
0.6824168538146492,0.7519730299059185,-0.0508410141082386,0.7332578679228878,4,11,2,0.6818586796689091,up_to_four,0,passed,random_previous_iid
0.5790793901198568,0.6095367702051405,-0.15417847780303107,0.7332578679228878,4,11,2,0.5704431618385428,single,0,passed,random_previous_iid
0.710923387860797,0.7864569904258046,0.004431919928964412,0.7064914679318326,4,11,2,0.7103186880291279,up_to_four,0,passed,random_previous_transfer
0.5896262831539487,0.654202874859285,-0.11686518477788388,0.7064914679318326,4,11,2,0.5816926532769556,single,0,passed,random_previous_transfer
0.4315333034763581,,-0.4743639030701724,0.9058972065465305,4,11,2,0.3991185402921894,up_to_four,0,passed,random_query_iid
0.3416953548835957,,-0.5642018516629348,0.9058972065465305,4,11,2,0.2691939739078122,single,0,passed,random_query_iid
0.6506260716743171,0.6668051211148078,4.5332294729805156e-05,0.6505807393795873,4,11,2,0.6505564518246637,up_to_four,0,passed,random_A_iid
0.6504904001295512,0.6595342354725261,-9.033925003609777e-05,0.6505807393795873,4,11,2,0.6504356419542279,single,0,passed,random_A_iid
0.6423366694785857,0.6512733446247705,-0.0015425195616223242,0.643879189040208,4,11,2,0.6422749071122681,up_to_four,0,passed,random_B_iid
0.6426334779638462,0.6529656092805175,-0.001245711076361844,0.643879189040208,4,11,2,0.6425485114797507,single,0,passed,random_B_iid
0.6495790767935579,0.6729617798530424,0.0018728993353744894,0.6477061774581834,4,11,2,0.6495674302018227,up_to_four,0,passed,random_C_iid
0.6495790767935579,0.6729617798530424,0.0018728993353744894,0.6477061774581834,4,11,2,0.6495674302018227,single,0,passed,random_C_iid
0.6478850718797424,0.6725215455778834,-3.3485347196604565e-05,0.647918557226939,4,11,2,0.647830306342386,up_to_four,0,passed,random_D_iid
0.6481931691173455,0.674717639616274,0.00027461189040645095,0.647918557226939,4,11,2,0.6481539612191332,single,0,passed,random_D_iid
0.12504097479531723,,-0.001181434051649305,0.12622240884696653,4,11,2,0.039185349980086895,up_to_four,0,passed,random_state_iid
0.12493625701172871,,-0.0012861518352378226,0.12622240884696653,4,11,2,0.03739928675470788,single,0,passed,random_state_iid
0.9996997509614374,0.999999719767564,-9.720062208407043e-05,0.9997969515835214,4,11,2,0.9996997509614374,up_to_four,0,passed,random_128_current_iid
0.9996968685706673,0.9999994495434293,-0.00010008301285413523,0.9997969515835214,4,11,2,0.9996997492275523,single,0,passed,random_128_current_iid
1.0,1.0,0.0,1.0,4,11,2,1.0,up_to_four,0,passed,random_128_current_transfer
1.0,1.0,0.0,1.0,4,11,2,1.0,single,0,passed,random_128_current_transfer
0.6265821842048835,0.6630884018595748,-0.10667568371800429,0.7332578679228878,4,11,2,0.6135711764990033,up_to_four,0,passed,random_128_previous_iid
0.5790793901198568,0.6095367702051405,-0.15417847780303107,0.7332578679228878,4,11,2,0.5704431618385428,single,0,passed,random_128_previous_iid
0.6440249516088883,0.7061145559720762,-0.06246651632294431,0.7064914679318326,4,11,2,0.6263266749305401,up_to_four,0,passed,random_128_previous_transfer
0.5896262831539487,0.654202874859285,-0.11686518477788388,0.7064914679318326,4,11,2,0.5816926532769556,single,0,passed,random_128_previous_transfer
0.488899594410187,,-0.4169976121363435,0.9058972065465305,4,11,2,0.4661564923972513,up_to_four,0,passed,random_128_query_iid
0.31206042735062,,-0.5938367791959105,0.9058972065465305,4,11,2,0.24571397423189667,single,0,passed,random_128_query_iid
0.6504452630384754,0.6657922944428692,-0.00013547634111188422,0.6505807393795873,4,11,2,0.6503672704699156,up_to_four,0,passed,random_128_A_iid
0.6506527845435864,0.6676777815527162,7.204516399916816e-05,0.6505807393795873,4,11,2,0.6501396082717147,single,0,passed,random_128_A_iid
0.6445440312415998,0.6491909222032359,0.0006648422013917354,0.643879189040208,4,11,2,0.6445522671481115,up_to_four,0,passed,random_128_B_iid
0.6445440312415998,0.6491909222032359,0.0006648422013917354,0.643879189040208,4,11,2,0.6445522671481115,single,0,passed,random_128_B_iid
0.6492765447860626,0.6697285415258132,0.0015703673278791852,0.6477061774581834,4,11,2,0.6492629953017721,up_to_four,0,passed,random_128_C_iid
0.6489224357314742,0.6667682140304149,0.00121625827329086,0.6477061774581834,4,11,2,0.648905569642011,single,0,passed,random_128_C_iid
0.647918557226939,0.6718118745129404,0.0,0.647918557226939,4,11,2,0.6478700086033591,up_to_four,0,passed,random_128_D_iid
0.6481040884807843,0.676807990452991,0.00018553125384523916,0.647918557226939,4,11,2,0.6480609093390812,single,0,passed,random_128_D_iid
0.1250493446520369,,-0.0011730641949296294,0.12622240884696653,4,11,2,0.03837919736133989,up_to_four,0,passed,random_128_state_iid
0.12487251402345742,,-0.0013498948235091124,0.12622240884696653,4,11,2,0.037377584291433535,single,0,passed,random_128_state_iid
0.9959431150573532,0.9992467652369581,-0.0038538365261682195,0.9997969515835214,4,11,2,0.9958473102924947,up_to_four,0,passed,transcoder_current_iid
0.9700103253642701,0.9789363189403819,-0.029786626219251322,0.9997969515835214,4,11,2,0.969199998768,single,0,passed,transcoder_current_iid
0.997154779969651,0.9995837211154914,-0.0028452200303490383,1.0,4,11,2,0.9969779255641034,up_to_four,0,passed,transcoder_current_transfer
0.9742033383915023,0.9824231867500585,-0.025796661608497695,1.0,4,11,2,0.9726580922588707,single,0,passed,transcoder_current_transfer
0.6308818362129816,0.664053725183046,-0.10237603170990628,0.7332578679228878,4,11,2,0.6155446248751786,up_to_four,0,passed,transcoder_previous_iid
0.5484314845549076,0.5488367149296575,-0.18482638336798018,0.7332578679228878,4,11,2,0.4503734351036541,single,0,passed,transcoder_previous_iid
0.5911853871846219,0.6205577702564636,-0.11530608074721072,0.7064914679318326,4,11,2,0.5645629240174433,up_to_four,0,passed,transcoder_previous_transfer
0.5290694045571238,0.5293640237627294,-0.17742206337470878,0.7064914679318326,4,11,2,0.4205613980139824,single,0,passed,transcoder_previous_transfer
0.37149062149115164,,-0.5344065850553789,0.9058972065465305,4,11,2,0.33554287455639314,up_to_four,0,passed,transcoder_query_iid
0.2821726615506954,,-0.6237245449958351,0.9058972065465305,4,11,2,0.1605958260759394,single,0,passed,transcoder_query_iid
0.6495797600678812,0.6329197838813255,-0.0010009793117060628,0.6505807393795873,4,11,2,0.6495291421021823,up_to_four,0,passed,transcoder_A_iid
0.6433294491810361,0.6488267594698873,-0.007251290198551197,0.6505807393795873,4,11,2,0.6424914162189035,single,0,passed,transcoder_A_iid
0.6433154710567399,0.635533319078948,-0.0005637179834681039,0.643879189040208,4,11,2,0.6432843403558721,up_to_four,0,passed,transcoder_B_iid
0.6323805069171127,0.6380041981860161,-0.01149868212309535,0.643879189040208,4,11,2,0.6317814381022948,single,0,passed,transcoder_B_iid
0.6486941616712767,0.6596153701340406,0.000987984213093318,0.6477061774581834,4,11,2,0.6486910846166178,up_to_four,0,passed,transcoder_C_iid
0.641470274955213,0.6492323580322903,-0.006235902502970347,0.6477061774581834,4,11,2,0.6412687464742484,single,0,passed,transcoder_C_iid
0.6480297478056684,0.673720514269244,0.00011119057872932547,0.647918557226939,4,11,2,0.6479770307840582,up_to_four,0,passed,transcoder_D_iid
0.6419730656043641,0.650501680395659,-0.005945491622574961,0.647918557226939,4,11,2,0.641099996411,single,0,passed,transcoder_D_iid
0.12410759816420194,,-0.0021148106827645896,0.12622240884696653,4,11,2,0.03714894378036765,up_to_four,0,passed,transcoder_state_iid
0.11992527018785715,,-0.006297138659109386,0.12622240884696653,4,11,2,0.038443882391910024,single,0,passed,transcoder_state_iid
0.5542429913067094,0.5543149209680477,-0.44555396027681204,0.9997969515835214,4,11,2,0.4504326820797715,up_to_four,0,passed,transcoder_128_current_iid
0.5542429913067094,0.5543149209680477,-0.44555396027681204,0.9997969515835214,4,11,2,0.4504326820797715,single,0,passed,transcoder_128_current_iid
0.5550576184379001,0.5550576184379001,-0.44494238156209986,1.0,4,11,2,0.4574908376066607,up_to_four,0,passed,transcoder_128_current_transfer
0.5550576184379001,0.5550576184379001,-0.44494238156209986,1.0,4,11,2,0.4574908376066607,single,0,passed,transcoder_128_current_transfer
0.5408742048014961,0.5624878193596751,-0.19238366312139177,0.7332578679228878,4,11,2,0.42642131305379666,up_to_four,0,passed,transcoder_128_previous_iid
0.5401301912564047,0.5407910721838689,-0.19312767666648312,0.7332578679228878,4,11,2,0.4223103736752412,single,0,passed,transcoder_128_previous_iid
0.5377028990084002,0.5587731877946657,-0.1687885689234324,0.7064914679318326,4,11,2,0.414310744586669,up_to_four,0,passed,transcoder_128_previous_transfer
0.5374786837617634,0.5378991570101166,-0.16901278417006915,0.7064914679318326,4,11,2,0.41417874649733183,single,0,passed,transcoder_128_previous_transfer
0.2865411104151875,,-0.619356096131343,0.9058972065465305,4,11,2,0.1794921746309946,up_to_four,0,passed,transcoder_128_query_iid
0.2751101756566259,,-0.6307870308899046,0.9058972065465305,4,11,2,0.14770521326333472,single,0,passed,transcoder_128_query_iid
0.5106483743424678,0.5139846400351022,-0.13993236503711948,0.6505807393795873,4,11,2,0.36795119600825843,up_to_four,0,passed,transcoder_128_A_iid
0.5106096389301995,0.5108357147928863,-0.13997110044938776,0.6505807393795873,4,11,2,0.36763917449929284,single,0,passed,transcoder_128_A_iid
0.5151363121636764,0.5280562268262837,-0.12874287687653163,0.643879189040208,4,11,2,0.4290011460290308,up_to_four,0,passed,transcoder_128_B_iid
0.5088637088096425,0.5089639674779072,-0.13501548023056553,0.643879189040208,4,11,2,0.34755043610065767,single,0,passed,transcoder_128_B_iid
0.5188333874971498,0.5207301577799622,-0.12887278996103357,0.6477061774581834,4,11,2,0.39995098564824444,up_to_four,0,passed,transcoder_128_C_iid
0.5187830705000681,0.5195353403576588,-0.12892310695811526,0.6477061774581834,4,11,2,0.3998543593053886,single,0,passed,transcoder_128_C_iid
0.5246529059513556,0.5238443509738628,-0.12326565127558342,0.647918557226939,4,11,2,0.4442397267145181,up_to_four,0,passed,transcoder_128_D_iid
0.5115067829457365,0.5113996178184345,-0.13641177428120255,0.647918557226939,4,11,2,0.3972573601038786,single,0,passed,transcoder_128_D_iid
0.06776725637519147,,-0.05845515247177506,0.12622240884696653,4,11,2,0.01807307473444613,up_to_four,0,passed,transcoder_128_state_iid
0.06776725637519147,,-0.05845515247177506,0.12622240884696653,4,11,2,0.01807307473444613,single,0,passed,transcoder_128_state_iid
0.9998484342853337,0.9999997898256731,5.148270181221104e-05,0.9997969515835214,16,11,2,0.9998498750476243,up_to_four,0,passed,coordinate_current_iid
0.9998484342853337,0.9999997898256731,5.148270181221104e-05,0.9997969515835214,16,11,2,0.9998498750476243,single,0,passed,coordinate_current_iid
1.0,1.0,0.0,1.0,16,11,2,1.0,up_to_four,0,passed,coordinate_current_transfer
1.0,1.0,0.0,1.0,16,11,2,1.0,single,0,passed,coordinate_current_transfer
0.5752683262706115,0.6112189716265991,-0.1579895416522763,0.7332578679228878,16,11,2,0.5511537638744348,up_to_four,0,passed,coordinate_previous_iid
0.563192307527985,0.5928331185014213,-0.17006556039490284,0.7332578679228878,16,11,2,0.5623862091813054,single,0,passed,coordinate_previous_iid
0.5684333911673682,0.595883318905785,-0.13805807676446435,0.7064914679318326,16,11,2,0.5683937931592837,up_to_four,0,passed,coordinate_previous_transfer
0.5684333911673682,0.595883318905785,-0.13805807676446435,0.7064914679318326,16,11,2,0.5683937931592837,single,0,passed,coordinate_previous_transfer
0.3852971838324073,,-0.5206000227141232,0.9058972065465305,16,11,2,0.38126546284602,up_to_four,0,passed,coordinate_query_iid
0.2938315895380083,,-0.6120656170085221,0.9058972065465305,16,11,2,0.22996474232148775,single,0,passed,coordinate_query_iid
0.651162226038804,0.6661279846651212,0.0005814866592167567,0.6505807393795873,16,11,2,0.6510531721799327,up_to_four,0,passed,coordinate_A_iid
0.6501521972859063,0.6664458412817509,-0.0004285420936809281,0.6505807393795873,16,11,2,0.6496828344588885,single,0,passed,coordinate_A_iid
0.644549074444235,0.645766627639216,0.0006698854040270152,0.643879189040208,16,11,2,0.6445560090268364,up_to_four,0,passed,coordinate_B_iid
0.6445339448363289,0.6496123548298112,0.0006547557961208428,0.643879189040208,16,11,2,0.6445446977837361,single,0,passed,coordinate_B_iid
0.649426235727296,0.6637480841614604,0.0017200582691125899,0.6477061774581834,16,11,2,0.6494124793313403,up_to_four,0,passed,coordinate_C_iid
0.6493746586802029,0.6630112449163107,0.0016684812220195688,0.6477061774581834,16,11,2,0.6493596741754668,single,0,passed,coordinate_C_iid
0.6478777018990197,0.6715749736923732,-4.0855327919309126e-05,0.647918557226939,16,11,2,0.6478257232656578,up_to_four,0,passed,coordinate_D_iid
0.6479594125548582,0.6668130448979226,4.08553279191981e-05,0.647918557226939,16,11,2,0.6479142513329028,single,0,passed,coordinate_D_iid
0.125,,-0.0012224088469665328,0.12622240884696653,16,11,2,0.037416616112559795,up_to_four,0,passed,coordinate_state_iid
0.12493625701172871,,-0.0012861518352378226,0.12622240884696653,16,11,2,0.03739864908441319,single,0,passed,coordinate_state_iid
0.9997998339742917,0.999999859883782,2.8823907702868468e-06,0.9997969515835214,16,11,2,0.9997998339742917,up_to_four,0,passed,coordinate_128_current_iid
0.999611197511664,0.9999992093441985,-0.00018575407185739135,0.9997969515835214,16,11,2,0.9995996771155744,single,0,passed,coordinate_128_current_iid
1.0,1.0,0.0,1.0,16,11,2,1.0,up_to_four,0,passed,coordinate_128_current_transfer
0.9994309559939302,1.0,-0.0005690440060698299,1.0,16,11,2,0.9993954183664833,single,0,passed,coordinate_128_current_transfer
0.5646988155896955,0.5834829535698643,-0.16855905233319235,0.7332578679228878,16,11,2,0.5613418447228276,up_to_four,0,passed,coordinate_128_previous_iid
0.5657689856619762,0.5843082926272759,-0.16748888226091163,0.7332578679228878,16,11,2,0.5629329675050914,single,0,passed,coordinate_128_previous_iid
0.556893643581351,0.5758917525198672,-0.14959782435048163,0.7064914679318326,16,11,2,0.49063587594524616,up_to_four,0,passed,coordinate_128_previous_transfer
0.556893643581351,0.5758917525198672,-0.14959782435048163,0.7064914679318326,16,11,2,0.49063587594524616,single,0,passed,coordinate_128_previous_transfer
0.37982173987800316,,-0.5260754666685273,0.9058972065465305,16,11,2,0.3677272229868114,up_to_four,0,passed,coordinate_128_query_iid
0.3011416529400333,,-0.6047555536064972,0.9058972065465305,16,11,2,0.25611289707787477,single,0,passed,coordinate_128_query_iid
0.6499252755407189,0.6439522389313547,-0.0006554638388683864,0.6505807393795873,16,11,2,0.6498764826329241,up_to_four,0,passed,coordinate_128_A_iid
0.6498315077136826,0.6504420246599074,-0.0007492316659046816,0.6505807393795873,16,11,2,0.649816722695866,single,0,passed,coordinate_128_A_iid
0.6421180306341738,0.6418269758027138,-0.0017611584060341912,0.643879189040208,16,11,2,0.6420410005897821,up_to_four,0,passed,coordinate_128_B_iid
0.6445389880389643,0.6429318324308669,0.0006597989987562336,0.643879189040208,16,11,2,0.6445484967343493,single,0,passed,coordinate_128_B_iid
0.6493859991303055,0.6539929969820503,0.001679821672122106,0.6477061774581834,16,11,2,0.6493788019829776,up_to_four,0,passed,coordinate_128_C_iid
0.649038190325774,0.6586087901828823,0.0013320128675906595,0.6477061774581834,16,11,2,0.6490321895093352,single,0,passed,coordinate_128_C_iid
0.6478294765903778,0.6765563496709784,-8.908063656121179e-05,0.647918557226939,16,11,2,0.6477768186588111,up_to_four,0,passed,coordinate_128_D_iid
0.6479594125548582,0.6668130448979226,4.08553279191981e-05,0.647918557226939,16,11,2,0.6479142513329028,single,0,passed,coordinate_128_D_iid
0.12487251402345742,,-0.0013498948235091124,0.12622240884696653,16,11,2,0.037385270411992605,up_to_four,0,passed,coordinate_128_state_iid
0.125,,-0.0012224088469665328,0.12622240884696653,16,11,2,0.03741796868217413,single,0,passed,coordinate_128_state_iid
0.9998484342853337,0.9999998298588781,5.148270181221104e-05,0.9997969515835214,16,11,2,0.9998498750476243,up_to_four,0,passed,random_current_iid
0.9997541160540198,0.9999998198505768,-4.283552950168357e-05,0.9997969515835214,16,11,2,0.9997497946257993,single,0,passed,random_current_iid
1.0,1.0,0.0,1.0,16,11,2,1.0,up_to_four,0,passed,random_current_transfer
1.0,1.0,0.0,1.0,16,11,2,1.0,single,0,passed,random_current_transfer
0.6824168538146492,0.7519730299059185,-0.0508410141082386,0.7332578679228878,16,11,2,0.6818586796689091,up_to_four,0,passed,random_previous_iid
0.5790793901198568,0.6095367702051405,-0.15417847780303107,0.7332578679228878,16,11,2,0.5704431618385428,single,0,passed,random_previous_iid
0.710923387860797,0.7864569904258046,0.004431919928964412,0.7064914679318326,16,11,2,0.7103186880291279,up_to_four,0,passed,random_previous_transfer
0.5896262831539487,0.654202874859285,-0.11686518477788388,0.7064914679318326,16,11,2,0.5816926532769556,single,0,passed,random_previous_transfer
0.4315333034763581,,-0.4743639030701724,0.9058972065465305,16,11,2,0.3991185402921894,up_to_four,0,passed,random_query_iid
0.3416953548835957,,-0.5642018516629348,0.9058972065465305,16,11,2,0.2691939739078122,single,0,passed,random_query_iid
0.6506260716743171,0.6668051211148078,4.5332294729805156e-05,0.6505807393795873,16,11,2,0.6505564518246637,up_to_four,0,passed,random_A_iid
0.6504904001295512,0.6595342354725261,-9.033925003609777e-05,0.6505807393795873,16,11,2,0.6504356419542279,single,0,passed,random_A_iid
0.6423366694785857,0.6512733446247705,-0.0015425195616223242,0.643879189040208,16,11,2,0.6422749071122681,up_to_four,0,passed,random_B_iid
0.6426334779638462,0.6529656092805175,-0.001245711076361844,0.643879189040208,16,11,2,0.6425485114797507,single,0,passed,random_B_iid
0.6495790767935579,0.6729617798530424,0.0018728993353744894,0.6477061774581834,16,11,2,0.6495674302018227,up_to_four,0,passed,random_C_iid
0.6495790767935579,0.6729617798530424,0.0018728993353744894,0.6477061774581834,16,11,2,0.6495674302018227,single,0,passed,random_C_iid
0.6478850718797424,0.6725215455778834,-3.3485347196604565e-05,0.647918557226939,16,11,2,0.647830306342386,up_to_four,0,passed,random_D_iid
0.6481931691173455,0.674717639616274,0.00027461189040645095,0.647918557226939,16,11,2,0.6481539612191332,single,0,passed,random_D_iid
0.12504097479531723,,-0.001181434051649305,0.12622240884696653,16,11,2,0.039185349980086895,up_to_four,0,passed,random_state_iid
0.12493625701172871,,-0.0012861518352378226,0.12622240884696653,16,11,2,0.03739928675470788,single,0,passed,random_state_iid
0.9996997509614374,0.999999719767564,-9.720062208407043e-05,0.9997969515835214,16,11,2,0.9996997509614374,up_to_four,0,passed,random_128_current_iid
0.9996968685706673,0.9999994495434293,-0.00010008301285413523,0.9997969515835214,16,11,2,0.9996997492275523,single,0,passed,random_128_current_iid
1.0,1.0,0.0,1.0,16,11,2,1.0,up_to_four,0,passed,random_128_current_transfer
1.0,1.0,0.0,1.0,16,11,2,1.0,single,0,passed,random_128_current_transfer
0.6265821842048835,0.6630884018595748,-0.10667568371800429,0.7332578679228878,16,11,2,0.6135711764990033,up_to_four,0,passed,random_128_previous_iid
0.5790793901198568,0.6095367702051405,-0.15417847780303107,0.7332578679228878,16,11,2,0.5704431618385428,single,0,passed,random_128_previous_iid
0.6440249516088883,0.7061145559720762,-0.06246651632294431,0.7064914679318326,16,11,2,0.6263266749305401,up_to_four,0,passed,random_128_previous_transfer
0.5896262831539487,0.654202874859285,-0.11686518477788388,0.7064914679318326,16,11,2,0.5816926532769556,single,0,passed,random_128_previous_transfer
0.488899594410187,,-0.4169976121363435,0.9058972065465305,16,11,2,0.4661564923972513,up_to_four,0,passed,random_128_query_iid
0.31206042735062,,-0.5938367791959105,0.9058972065465305,16,11,2,0.24571397423189667,single,0,passed,random_128_query_iid
0.6504452630384754,0.6657922944428692,-0.00013547634111188422,0.6505807393795873,16,11,2,0.6503672704699156,up_to_four,0,passed,random_128_A_iid
0.6506527845435864,0.6676777815527162,7.204516399916816e-05,0.6505807393795873,16,11,2,0.6501396082717147,single,0,passed,random_128_A_iid
0.6445440312415998,0.6491909222032359,0.0006648422013917354,0.643879189040208,16,11,2,0.6445522671481115,up_to_four,0,passed,random_128_B_iid
0.6445440312415998,0.6491909222032359,0.0006648422013917354,0.643879189040208,16,11,2,0.6445522671481115,single,0,passed,random_128_B_iid
0.6492765447860626,0.6697285415258132,0.0015703673278791852,0.6477061774581834,16,11,2,0.6492629953017721,up_to_four,0,passed,random_128_C_iid
0.6489224357314742,0.6667682140304149,0.00121625827329086,0.6477061774581834,16,11,2,0.648905569642011,single,0,passed,random_128_C_iid
0.647918557226939,0.6718118745129404,0.0,0.647918557226939,16,11,2,0.6478700086033591,up_to_four,0,passed,random_128_D_iid
0.6481040884807843,0.676807990452991,0.00018553125384523916,0.647918557226939,16,11,2,0.6480609093390812,single,0,passed,random_128_D_iid
0.1250493446520369,,-0.0011730641949296294,0.12622240884696653,16,11,2,0.03837919736133989,up_to_four,0,passed,random_128_state_iid
0.12487251402345742,,-0.0013498948235091124,0.12622240884696653,16,11,2,0.037377584291433535,single,0,passed,random_128_state_iid
0.9992792421746293,0.9999985287797111,-0.0005177094088921752,0.9997969515835214,16,11,2,0.9992993902944036,up_to_four,0,passed,transcoder_current_iid
0.9989793934681181,0.9989793934681181,-0.000817558115403294,0.9997969515835214,16,11,2,0.9989491908112491,single,0,passed,transcoder_current_iid
0.9997865983781477,0.999999595216954,-0.00021340162185234934,1.0,16,11,2,0.9997984537325021,up_to_four,0,passed,transcoder_current_transfer
0.9990515933232169,0.999051593323217,-0.0009484066767830868,1.0,16,11,2,0.9989924110888286,single,0,passed,transcoder_current_transfer
0.6576592397525294,0.7379705503034032,-0.07559862817035845,0.7332578679228878,16,11,2,0.653185017241944,up_to_four,0,passed,transcoder_previous_iid
0.5767109678821384,0.5823904804694641,-0.15654690004074945,0.7332578679228878,16,11,2,0.5199239103776647,single,0,passed,transcoder_previous_iid
0.6184356203164648,0.7308271815010347,-0.08805584761536778,0.7064914679318326,16,11,2,0.5781169138668985,up_to_four,0,passed,transcoder_previous_transfer
0.5626784712495495,0.5691583290298372,-0.1438129966822831,0.7064914679318326,16,11,2,0.4888038858530662,single,0,passed,transcoder_previous_transfer
0.8180616053002177,,-0.08783560124631284,0.9058972065465305,16,11,2,0.8221224769572371,up_to_four,0,passed,transcoder_query_iid
0.4957033872801739,,-0.4101938192663566,0.9058972065465305,16,11,2,0.3721606395809042,single,0,passed,transcoder_query_iid
0.6498445062749516,0.6443735835159463,-0.000736233104635664,0.6505807393795873,16,11,2,0.6498075157352172,up_to_four,0,passed,transcoder_A_iid
0.6498445062749516,0.6443735835159463,-0.000736233104635664,0.6505807393795873,16,11,2,0.6498075157352172,single,0,passed,transcoder_A_iid
0.6438452474859635,0.6367154047506328,-3.3941554244520944e-05,0.643879189040208,16,11,2,0.643838824025138,up_to_four,0,passed,transcoder_B_iid
0.643857855492552,0.645098258197886,-2.1333547655988383e-05,0.643879189040208,16,11,2,0.6438474123947369,single,0,passed,transcoder_B_iid
0.6494803328744119,0.6454223518131434,0.0017741554162284956,0.6477061774581834,16,11,2,0.649469545373728,up_to_four,0,passed,transcoder_C_iid
0.6493281218331556,0.6495428253547383,0.0016219443749722062,0.6477061774581834,16,11,2,0.649315748108483,single,0,passed,transcoder_C_iid
0.6482450794163488,0.670456809429602,0.0003265221894097614,0.647918557226939,16,11,2,0.648205198283774,up_to_four,0,passed,transcoder_D_iid
0.6477179655777039,0.6606805450212896,-0.00020059164923513784,0.647918557226939,16,11,2,0.6476503810906371,single,0,passed,transcoder_D_iid
0.12477689954105048,,-0.001445509305916054,0.12622240884696653,16,11,2,0.037350187903619846,up_to_four,0,passed,transcoder_state_iid
0.1237590027003651,,-0.0024634061466014268,0.12622240884696653,16,11,2,0.03890442025219805,single,0,passed,transcoder_state_iid
0.9986618500849345,0.9999346958341127,-0.0011351014985869767,0.9997969515835214,16,11,2,0.9986489141018642,up_to_four,0,passed,transcoder_128_current_iid
0.9987363919129082,0.9987363919129082,-0.001060559670613248,0.9997969515835214,16,11,2,0.998699016130949,single,0,passed,transcoder_128_current_iid
0.9986247900795123,0.9999766844965503,-0.0013752099204876744,1.0,16,11,2,0.9985893095217944,up_to_four,0,passed,transcoder_128_current_transfer
0.9990515933232169,0.999051593323217,-0.0009484066767830868,1.0,16,11,2,0.9989924110888286,single,0,passed,transcoder_128_current_transfer
0.6463750737708884,0.670371994648197,-0.0868827941519994,0.7332578679228878,16,11,2,0.6411037718672141,up_to_four,0,passed,transcoder_128_previous_iid
0.5869047449966566,0.5888804942207848,-0.14635312292623126,0.7332578679228878,16,11,2,0.5094367033096658,single,0,passed,transcoder_128_previous_iid
0.6577455500611158,0.6827545595387148,-0.048745917870716804,0.7064914679318326,16,11,2,0.6547860370948433,up_to_four,0,passed,transcoder_128_previous_transfer
0.5863875152789595,0.6044280189180453,-0.1201039526528731,0.7064914679318326,16,11,2,0.5129484802161797,single,0,passed,transcoder_128_previous_transfer
0.3394249963446181,,-0.5664722102019124,0.9058972065465305,16,11,2,0.2832922003057728,up_to_four,0,passed,transcoder_128_query_iid
0.3108750486645755,,-0.595022157881955,0.9058972065465305,16,11,2,0.20295919547612995,single,0,passed,transcoder_128_query_iid
0.6498638414471434,0.6554887048108421,-0.000716897932443894,0.6505807393795873,16,11,2,0.6498379977773745,up_to_four,0,passed,transcoder_128_A_iid
0.6498445062749516,0.6443735835159463,-0.000736233104635664,0.6505807393795873,16,11,2,0.6498075157352172,single,0,passed,transcoder_128_A_iid
0.6442564486151285,0.6494777893753649,0.00037725957492051876,0.643879189040208,16,11,2,0.6442613669675755,up_to_four,0,passed,transcoder_128_B_iid
0.643857855492552,0.645098258197886,-2.1333547655988383e-05,0.643879189040208,16,11,2,0.6438474123947369,single,0,passed,transcoder_128_B_iid
0.6494809628994175,0.6470955732233012,0.0017747854412341058,0.6477061774581834,16,11,2,0.6494706042155314,up_to_four,0,passed,transcoder_128_C_iid
0.6494809628994175,0.6470955732233012,0.0017747854412341058,0.6477061774581834,16,11,2,0.6494706042155314,single,0,passed,transcoder_128_C_iid
0.6478813868893811,0.6735199776945932,-3.7170337557901334e-05,0.647918557226939,16,11,2,0.6478280183443763,up_to_four,0,passed,transcoder_128_D_iid
0.6479848870534433,0.6532840133422286,6.632982650423003e-05,0.647918557226939,16,11,2,0.6479105496807236,single,0,passed,transcoder_128_D_iid
0.12461754207037226,,-0.0016048667765942715,0.12622240884696653,16,11,2,0.03741611157850779,up_to_four,0,passed,transcoder_128_state_iid
0.123598532864684,,-0.002623875982282531,0.12622240884696653,16,11,2,0.03900581373403077,single,0,passed,transcoder_128_state_iid
