balanced_accuracy,binary_auroc,k,layer,lm_seed,macro_f1,size,sparse_seed,status,target,task,tool
0.5033711962049803,0.5148938785786483,4,0,0,0.42061623535292975,up_to_four,0,passed,h reconstruction,sae_current_iid,SAE
0.5062025046054199,0.5064269407617454,4,0,0,0.36475556198920867,single,0,passed,h reconstruction,sae_current_iid,SAE
0.5119946121757445,0.5140780305135175,4,0,0,0.42222677737048053,up_to_four,0,passed,h reconstruction,sae_current_transfer,SAE
0.4996442766591733,0.5003783102347936,4,0,0,0.3218709709108381,single,0,passed,h reconstruction,sae_current_transfer,SAE
0.5157250839726618,0.52046135109816,4,0,0,0.4730412171721081,up_to_four,0,passed,h reconstruction,sae_previous_iid,SAE
0.5064745003584765,0.5068557476167861,4,0,0,0.3572631981243576,single,0,passed,h reconstruction,sae_previous_iid,SAE
0.5027589435319382,0.5148920163025104,4,0,0,0.349537936913896,up_to_four,0,passed,h reconstruction,sae_previous_transfer,SAE
0.5002071251035626,0.5000577721140879,4,0,0,0.32487210282742895,single,0,passed,h reconstruction,sae_previous_transfer,SAE
1.0,,4,0,0,1.0,up_to_four,0,passed,h reconstruction,sae_query_iid,SAE
0.5,,4,0,0,0.37533093561116937,single,0,passed,h reconstruction,sae_query_iid,SAE
0.5112969159594514,0.5224080330768287,4,0,0,0.37786955697004726,up_to_four,0,passed,h reconstruction,sae_A_iid,SAE
0.5095600939504176,0.5100061643311851,4,0,0,0.36745369687069007,single,0,passed,h reconstruction,sae_A_iid,SAE
0.512348561830705,0.5129219059271399,4,0,0,0.4258952201042903,up_to_four,0,passed,h reconstruction,sae_B_iid,SAE
0.506394340662094,0.5065527712718685,4,0,0,0.3654627197669263,single,0,passed,h reconstruction,sae_B_iid,SAE
0.5204457814930674,0.5319496180803416,4,0,0,0.42113527091137953,up_to_four,0,passed,h reconstruction,sae_C_iid,SAE
0.5119717851601531,0.5124583494718905,4,0,0,0.37688294555751284,single,0,passed,h reconstruction,sae_C_iid,SAE
0.5173559841679997,0.5179883805845228,4,0,0,0.42936328755507747,up_to_four,0,passed,h reconstruction,sae_D_iid,SAE
0.5085831436364382,0.5087162338725596,4,0,0,0.36558811447734785,single,0,passed,h reconstruction,sae_D_iid,SAE
0.06781683876326755,,4,0,0,0.019605988526271757,up_to_four,0,passed,h reconstruction,sae_state_iid,SAE
0.0625,,4,0,0,0.011161832339146669,single,0,passed,h reconstruction,sae_state_iid,SAE
0.5020067044409314,0.5098438548869975,4,0,0,0.4465881860068931,up_to_four,0,passed,h reconstruction,sae_128_current_iid,SAE
0.5062025046054199,0.5064269407617454,4,0,0,0.36475556198920867,single,0,passed,h reconstruction,sae_128_current_iid,SAE
0.502560900418837,0.5029225335921355,4,0,0,0.35472751127154,up_to_four,0,passed,h reconstruction,sae_128_current_transfer,SAE
0.4996442766591733,0.5003783102347936,4,0,0,0.3218709709108381,single,0,passed,h reconstruction,sae_128_current_transfer,SAE
0.5056725901615644,0.5119159888867065,4,0,0,0.4314631771068835,up_to_four,0,passed,h reconstruction,sae_128_previous_iid,SAE
0.5064745003584765,0.5068557476167861,4,0,0,0.3572631981243576,single,0,passed,h reconstruction,sae_128_previous_iid,SAE
0.502585998714524,0.5026371762625343,4,0,0,0.3502259698734159,up_to_four,0,passed,h reconstruction,sae_128_previous_transfer,SAE
0.5002071251035626,0.5000577721140879,4,0,0,0.32487210282742895,single,0,passed,h reconstruction,sae_128_previous_transfer,SAE
0.8128603605354517,,4,0,0,0.8135182795571203,up_to_four,0,passed,h reconstruction,sae_128_query_iid,SAE
0.5,,4,0,0,0.37509383914718986,single,0,passed,h reconstruction,sae_128_query_iid,SAE
0.5095923626159936,0.5228518060607451,4,0,0,0.3679060697913994,up_to_four,0,passed,h reconstruction,sae_128_A_iid,SAE
0.5095600939504176,0.5100061643311851,4,0,0,0.36745369687069007,single,0,passed,h reconstruction,sae_128_A_iid,SAE
0.506355836210227,0.5134174105924226,4,0,0,0.46004846964904117,up_to_four,0,passed,h reconstruction,sae_128_B_iid,SAE
0.506394340662094,0.5065527712718685,4,0,0,0.3654627197669263,single,0,passed,h reconstruction,sae_128_B_iid,SAE
0.5122692769676028,0.5287275151950781,4,0,0,0.3775546531419499,up_to_four,0,passed,h reconstruction,sae_128_C_iid,SAE
0.5119717851601531,0.5124583494718905,4,0,0,0.37688294555751284,single,0,passed,h reconstruction,sae_128_C_iid,SAE
0.5145949650855174,0.524758819383562,4,0,0,0.4661003758171577,up_to_four,0,passed,h reconstruction,sae_128_D_iid,SAE
0.5085831436364382,0.5087162338725596,4,0,0,0.36558811447734785,single,0,passed,h reconstruction,sae_128_D_iid,SAE
0.06766561653711409,,4,0,0,0.019548382162646566,up_to_four,0,passed,h reconstruction,sae_128_state_iid,SAE
0.0625,,4,0,0,0.011161832339146669,single,0,passed,h reconstruction,sae_128_state_iid,SAE
0.5626597324885152,0.5785193120581935,16,0,0,0.5510351730600621,up_to_four,0,passed,h reconstruction,sae_current_iid,SAE
0.5298190531154161,0.5324719185080874,16,0,0,0.478573967586188,single,0,passed,h reconstruction,sae_current_iid,SAE
0.5002608421948438,0.5023199735498567,16,0,0,0.34740120481658,up_to_four,0,passed,h reconstruction,sae_current_transfer,SAE
0.5003556423842175,0.5003553995143899,16,0,0,0.3211691594822232,single,0,passed,h reconstruction,sae_current_transfer,SAE
0.5460340735767834,0.564399269121166,16,0,0,0.525643510909686,up_to_four,0,passed,h reconstruction,sae_previous_iid,SAE
0.5253440341680312,0.5276686701864228,16,0,0,0.47305209066488263,single,0,passed,h reconstruction,sae_previous_iid,SAE
0.5008968609865471,0.5015700640137316,16,0,0,0.34400769203629045,up_to_four,0,passed,h reconstruction,sae_previous_transfer,SAE
0.5003971600640509,0.5003974387076879,16,0,0,0.32569484326069764,single,0,passed,h reconstruction,sae_previous_transfer,SAE
0.75,,16,0,0,0.6664557805007991,up_to_four,0,passed,h reconstruction,sae_query_iid,SAE
0.5,,16,0,0,0.3750062515628907,single,0,passed,h reconstruction,sae_query_iid,SAE
0.5694277482754984,0.5971385987286676,16,0,0,0.5580301750320156,up_to_four,0,passed,h reconstruction,sae_A_iid,SAE
0.5434661628130012,0.5464492500380722,16,0,0,0.4914479459409167,single,0,passed,h reconstruction,sae_A_iid,SAE
0.5574162015846543,0.5809500114953,16,0,0,0.5482720128810392,up_to_four,0,passed,h reconstruction,sae_B_iid,SAE
0.5414809620701531,0.5436118402630407,16,0,0,0.48873138386736825,single,0,passed,h reconstruction,sae_B_iid,SAE
0.5652140933473649,0.5838435877519979,16,0,0,0.5498398505435081,up_to_four,0,passed,h reconstruction,sae_C_iid,SAE
0.5401491985216893,0.5422580222209019,16,0,0,0.4805433346480342,single,0,passed,h reconstruction,sae_C_iid,SAE
0.5739952473237357,0.6007386192677572,16,0,0,0.567032749288172,up_to_four,0,passed,h reconstruction,sae_D_iid,SAE
0.5473320990217793,0.5499917658489833,16,0,0,0.49719767327010395,single,0,passed,h reconstruction,sae_D_iid,SAE
0.08999578752575282,,16,0,0,0.02742805650017221,up_to_four,0,passed,h reconstruction,sae_state_iid,SAE
0.08090151736714436,,16,0,0,0.02574990953305581,single,0,passed,h reconstruction,sae_state_iid,SAE
0.5231859513554923,0.5223445084290714,16,0,0,0.47328996648925686,up_to_four,0,passed,h reconstruction,sae_128_current_iid,SAE
0.5168053790536022,0.5142562446996036,16,0,0,0.4644804086412858,single,0,passed,h reconstruction,sae_128_current_iid,SAE
0.5004268032437047,0.5014938113529663,16,0,0,0.3471027142719907,up_to_four,0,passed,h reconstruction,sae_128_current_transfer,SAE
0.5002134016218523,0.501280409731114,16,0,0,0.3466309815491671,single,0,passed,h reconstruction,sae_128_current_transfer,SAE
0.516785768185455,0.5286995631423956,16,0,0,0.4995258012457958,up_to_four,0,passed,h reconstruction,sae_128_previous_iid,SAE
0.5185439430853049,0.51674065406127,16,0,0,0.4379746778978148,single,0,passed,h reconstruction,sae_128_previous_iid,SAE
0.5,0.5012931851196867,16,0,0,0.34202323604420515,up_to_four,0,passed,h reconstruction,sae_128_previous_transfer,SAE
0.5,0.5004657992799848,16,0,0,0.34202323604420515,single,0,passed,h reconstruction,sae_128_previous_transfer,SAE
0.75,,16,0,0,0.6668892301529011,up_to_four,0,passed,h reconstruction,sae_128_query_iid,SAE
0.5,,16,0,0,0.3750062515628907,single,0,passed,h reconstruction,sae_128_query_iid,SAE
0.5247354011967145,0.5245945292263966,16,0,0,0.5199443277960634,up_to_four,0,passed,h reconstruction,sae_128_A_iid,SAE
0.5207825722498025,0.5169707454089777,16,0,0,0.4571950437549969,single,0,passed,h reconstruction,sae_128_A_iid,SAE
0.5275405493504595,0.5384623151085866,16,0,0,0.5097671037357537,up_to_four,0,passed,h reconstruction,sae_128_B_iid,SAE
0.514918553878455,0.5135470479173094,16,0,0,0.464713206833392,single,0,passed,h reconstruction,sae_128_B_iid,SAE
0.527019782415164,0.5356263840111815,16,0,0,0.46700966861270965,up_to_four,0,passed,h reconstruction,sae_128_C_iid,SAE
0.5251126067193607,0.5217516633235173,16,0,0,0.45766766995279157,single,0,passed,h reconstruction,sae_128_C_iid,SAE
0.5269042748451663,0.5298848662813128,16,0,0,0.45424869751352515,up_to_four,0,passed,h reconstruction,sae_128_D_iid,SAE
0.526673241971207,0.5236218696807965,16,0,0,0.4812268000526524,single,0,passed,h reconstruction,sae_128_D_iid,SAE
0.07347201037675799,,16,0,0,0.02229320326740344,up_to_four,0,passed,h reconstruction,sae_128_state_iid,SAE
0.07146589153678137,,16,0,0,0.02135546134793611,single,0,passed,h reconstruction,sae_128_state_iid,SAE
0.7623194182182469,0.8031519963918873,4,3,0,0.7449091963031071,up_to_four,0,passed,h reconstruction,sae_current_iid,SAE
0.5982632634812619,0.5974204744383181,4,3,0,0.5167202625299044,single,0,passed,h reconstruction,sae_current_iid,SAE
0.5083459787556904,0.5218133535660091,4,3,0,0.3383470118492451,up_to_four,0,passed,h reconstruction,sae_current_transfer,SAE
0.5007587253414264,0.5087253414264037,4,3,0,0.32168459671875904,single,0,passed,h reconstruction,sae_current_transfer,SAE
0.5650061158678973,0.6177190601343447,4,3,0,0.46529681177145216,up_to_four,0,passed,h reconstruction,sae_previous_iid,SAE
0.5362681416341013,0.536318532736723,4,3,0,0.41530368957181796,single,0,passed,h reconstruction,sae_previous_iid,SAE
0.5062137531068766,0.5095351852608662,4,3,0,0.33810780537218976,up_to_four,0,passed,h reconstruction,sae_previous_transfer,SAE
0.5016570008285004,0.5016570008285004,4,3,0,0.32809186977418137,single,0,passed,h reconstruction,sae_previous_transfer,SAE
0.6093405573703512,,4,3,0,0.6164938644058822,up_to_four,0,passed,h reconstruction,sae_query_iid,SAE
0.34771821807623227,,4,3,0,0.24818981640520632,single,0,passed,h reconstruction,sae_query_iid,SAE
0.583599143150057,0.6437770061127073,4,3,0,0.4965123100512371,up_to_four,0,passed,h reconstruction,sae_A_iid,SAE
0.5828696370636521,0.5815506609891034,4,3,0,0.4922416251791095,single,0,passed,h reconstruction,sae_A_iid,SAE
0.5891741091262596,0.6502713583233897,4,3,0,0.5169214357687929,up_to_four,0,passed,h reconstruction,sae_B_iid,SAE
0.5712209681636227,0.570884114247912,4,3,0,0.48149993343869346,single,0,passed,h reconstruction,sae_B_iid,SAE
0.586810530509956,0.6507241072398163,4,3,0,0.5075420346102822,up_to_four,0,passed,h reconstruction,sae_C_iid,SAE
0.5853980444483842,0.5837003470667751,4,3,0,0.499138204372766,single,0,passed,h reconstruction,sae_C_iid,SAE
0.5916681406628111,0.6577128059903844,4,3,0,0.5082839389686536,up_to_four,0,passed,h reconstruction,sae_D_iid,SAE
0.5913188676633444,0.5909752322985881,4,3,0,0.5065759247729164,single,0,passed,h reconstruction,sae_D_iid,SAE
0.09256451634368597,,4,3,0,0.028042511790372013,up_to_four,0,passed,h reconstruction,sae_state_iid,SAE
0.0625,,4,3,0,0.011161832339146669,single,0,passed,h reconstruction,sae_state_iid,SAE
0.6713474824558482,0.7268391694807341,4,3,0,0.6296836781277522,up_to_four,0,passed,h reconstruction,sae_128_current_iid,SAE
0.5867775767932955,0.5873212677523245,4,3,0,0.5012316513744502,single,0,passed,h reconstruction,sae_128_current_iid,SAE
0.5058801213960546,0.5466429884776077,4,3,0,0.3329786423796189,up_to_four,0,passed,h reconstruction,sae_128_current_transfer,SAE
0.5007587253414264,0.5087253414264037,4,3,0,0.32168459671875904,single,0,passed,h reconstruction,sae_128_current_transfer,SAE
0.5518105809537567,0.5972792903768813,4,3,0,0.44050550151800516,up_to_four,0,passed,h reconstruction,sae_128_previous_iid,SAE
0.529627705129835,0.5306505960156619,4,3,0,0.3956627938209206,single,0,passed,h reconstruction,sae_128_previous_iid,SAE
0.5155343827671914,0.5190103692585478,4,3,0,0.3581219935741974,up_to_four,0,passed,h reconstruction,sae_128_previous_transfer,SAE
0.5035874439461884,0.5035874439461884,4,3,0,0.3499241164133378,single,0,passed,h reconstruction,sae_128_previous_transfer,SAE
0.580135886557954,,4,3,0,0.5860589164844723,up_to_four,0,passed,h reconstruction,sae_128_query_iid,SAE
0.34251201575508405,,4,3,0,0.24193842415335723,single,0,passed,h reconstruction,sae_128_query_iid,SAE
0.591694083520396,0.5891691642974198,4,3,0,0.5127101978214521,up_to_four,0,passed,h reconstruction,sae_128_A_iid,SAE
0.5828696370636521,0.5815506609891034,4,3,0,0.4922416251791095,single,0,passed,h reconstruction,sae_128_A_iid,SAE
0.5421575917570695,0.5447636366998498,4,3,0,0.46881359482276685,up_to_four,0,passed,h reconstruction,sae_128_B_iid,SAE
0.5289727188353692,0.5294221492416544,4,3,0,0.405773960012025,single,0,passed,h reconstruction,sae_128_B_iid,SAE
0.5857152170369642,0.6572522013398712,4,3,0,0.510645300681547,up_to_four,0,passed,h reconstruction,sae_128_C_iid,SAE
0.5853980444483842,0.5837003470667751,4,3,0,0.499138204372766,single,0,passed,h reconstruction,sae_128_C_iid,SAE
0.5820975798265042,0.6121427782359983,4,3,0,0.5130237201233315,up_to_four,0,passed,h reconstruction,sae_128_D_iid,SAE
0.5806408871149665,0.5805764748853487,4,3,0,0.5023706400351979,single,0,passed,h reconstruction,sae_128_D_iid,SAE
0.08112595679402064,,4,3,0,0.025373806417283408,up_to_four,0,passed,h reconstruction,sae_128_state_iid,SAE
0.0625,,4,3,0,0.011161832339146669,single,0,passed,h reconstruction,sae_128_state_iid,SAE
0.8249978061803582,0.9122643785661579,16,3,0,0.823846791472463,up_to_four,0,passed,h reconstruction,sae_current_iid,SAE
0.7526246569954984,0.7222321782579343,16,3,0,0.743332051636508,single,0,passed,h reconstruction,sae_current_iid,SAE
0.8460665936114224,0.9032754720256057,16,3,0,0.8488630759403197,up_to_four,0,passed,h reconstruction,sae_current_transfer,SAE
0.5018968133535661,0.5036039453717754,16,3,0,0.32421145579554456,single,0,passed,h reconstruction,sae_current_transfer,SAE
0.7249827343500928,0.8249791028189803,16,3,0,0.7247253290785615,up_to_four,0,passed,h reconstruction,sae_previous_iid,SAE
0.6473552811757708,0.6651653374339035,16,3,0,0.6318146114586392,single,0,passed,h reconstruction,sae_previous_iid,SAE
0.7135350217899323,0.8246176080487143,16,3,0,0.7028096358992337,up_to_four,0,passed,h reconstruction,sae_previous_transfer,SAE
0.6081189325348026,0.65797478089322,16,3,0,0.5496848292492642,single,0,passed,h reconstruction,sae_previous_transfer,SAE
1.0,,16,3,0,1.0,up_to_four,0,passed,h reconstruction,sae_query_iid,SAE
0.5,,16,3,0,0.37509383914718986,single,0,passed,h reconstruction,sae_query_iid,SAE
0.5874893017135848,0.6555905660816873,16,3,0,0.5195771067571029,up_to_four,0,passed,h reconstruction,sae_A_iid,SAE
0.5819361681849057,0.575159488142384,16,3,0,0.49397189174083245,single,0,passed,h reconstruction,sae_A_iid,SAE
0.634594913153649,0.6992705897953436,16,3,0,0.6239877254601985,up_to_four,0,passed,h reconstruction,sae_B_iid,SAE
0.5685495717200251,0.5674526751468253,16,3,0,0.47560293786534413,single,0,passed,h reconstruction,sae_B_iid,SAE
0.5933607004862023,0.6061025162088683,16,3,0,0.5784663275687725,up_to_four,0,passed,h reconstruction,sae_C_iid,SAE
0.5728125799312974,0.5741830693260216,16,3,0,0.4868473375396508,single,0,passed,h reconstruction,sae_C_iid,SAE
0.588120776680612,0.5955346969079406,16,3,0,0.5078725253340632,up_to_four,0,passed,h reconstruction,sae_D_iid,SAE
0.5884192608998811,0.5888096696069686,16,3,0,0.5044404055500873,single,0,passed,h reconstruction,sae_D_iid,SAE
0.13164967104081074,,16,3,0,0.0792736693223618,up_to_four,0,passed,h reconstruction,sae_state_iid,SAE
0.10020186767361383,,16,3,0,0.03208708023568882,single,0,passed,h reconstruction,sae_state_iid,SAE
0.8050180341582522,0.8459711923457793,16,3,0,0.7989197773151111,up_to_four,0,passed,h reconstruction,sae_128_current_iid,SAE
0.6806300617984581,0.6802698029853882,16,3,0,0.6391579876021636,single,0,passed,h reconstruction,sae_128_current_iid,SAE
0.9081215346523432,0.9376626823061882,16,3,0,0.9065359535435163,up_to_four,0,passed,h reconstruction,sae_128_current_transfer,SAE
0.6327503000251937,0.6471212315507984,16,3,0,0.6013711675571811,single,0,passed,h reconstruction,sae_128_current_transfer,SAE
0.6723320399540014,0.7310389793192097,16,3,0,0.6576480511587683,up_to_four,0,passed,h reconstruction,sae_128_previous_iid,SAE
0.5629022642394413,0.5635632837308907,16,3,0,0.4642575005939572,single,0,passed,h reconstruction,sae_128_previous_iid,SAE
0.6572789148502197,0.7226703534315893,16,3,0,0.6294508252563071,up_to_four,0,passed,h reconstruction,sae_128_previous_transfer,SAE
0.5571002113976393,0.5604142130546401,16,3,0,0.44484486472320217,single,0,passed,h reconstruction,sae_128_previous_transfer,SAE
0.6371334357182679,,16,3,0,0.5739378987376295,up_to_four,0,passed,h reconstruction,sae_128_query_iid,SAE
0.5,,16,3,0,0.37485014985014986,single,0,passed,h reconstruction,sae_128_query_iid,SAE
0.6196696000970853,0.6771169843786324,16,3,0,0.6026545279536177,up_to_four,0,passed,h reconstruction,sae_128_A_iid,SAE
0.5741032361652588,0.562815564850653,16,3,0,0.490584358538488,single,0,passed,h reconstruction,sae_128_A_iid,SAE
0.6358849723928683,0.6581537389503831,16,3,0,0.6272838788837514,up_to_four,0,passed,h reconstruction,sae_128_B_iid,SAE
0.5866367177812598,0.5861109438938104,16,3,0,0.5363183596874885,single,0,passed,h reconstruction,sae_128_B_iid,SAE
0.6313617487478078,0.6741859184391028,16,3,0,0.6152751311691826,up_to_four,0,passed,h reconstruction,sae_128_C_iid,SAE
0.5673490730847107,0.5688501676631545,16,3,0,0.4687630459299008,single,0,passed,h reconstruction,sae_128_C_iid,SAE
0.6463370554940322,0.6810770818272938,16,3,0,0.6425854086072127,up_to_four,0,passed,h reconstruction,sae_128_D_iid,SAE
0.5867616561051638,0.5865729004847525,16,3,0,0.5345081366367282,single,0,passed,h reconstruction,sae_128_D_iid,SAE
0.11303741603297096,,16,3,0,0.04727484378730934,up_to_four,0,passed,h reconstruction,sae_128_state_iid,SAE
0.10020186767361383,,16,3,0,0.03208708023568882,single,0,passed,h reconstruction,sae_128_state_iid,SAE
0.8781049753907881,0.9354965782818901,4,7,0,0.879039320492266,up_to_four,0,passed,h reconstruction,sae_current_iid,SAE
0.7263644757507667,0.7270772119226572,4,7,0,0.7095086143166169,single,0,passed,h reconstruction,sae_current_iid,SAE
0.748209806500751,0.879525555410913,4,7,0,0.7403401306426949,up_to_four,0,passed,h reconstruction,sae_current_transfer,SAE
0.7376346065541175,0.7379844200624726,4,7,0,0.7278300533409845,single,0,passed,h reconstruction,sae_current_transfer,SAE
0.6288711573175814,0.7004539067480545,4,7,0,0.6018882424059241,up_to_four,0,passed,h reconstruction,sae_previous_iid,SAE
0.622710972039058,0.6277164458938237,4,7,0,0.5959061813804357,single,0,passed,h reconstruction,sae_previous_iid,SAE
0.6263468704604307,0.6958424511723467,4,7,0,0.6119999556378719,up_to_four,0,passed,h reconstruction,sae_previous_transfer,SAE
0.6261670524333021,0.6350678590137502,4,7,0,0.6072855322773572,single,0,passed,h reconstruction,sae_previous_transfer,SAE
0.6499965208119203,,4,7,0,0.6687024643507797,up_to_four,0,passed,h reconstruction,sae_query_iid,SAE
0.3768403341887987,,4,7,0,0.27928448376326565,single,0,passed,h reconstruction,sae_query_iid,SAE
0.6466804051999411,0.7330143965898182,4,7,0,0.6159608203564333,up_to_four,0,passed,h reconstruction,sae_A_iid,SAE
0.6281776864985471,0.6294944953120141,4,7,0,0.5752268660809207,single,0,passed,h reconstruction,sae_A_iid,SAE
0.6436758599180824,0.7326082905688428,4,7,0,0.6113672433945007,up_to_four,0,passed,h reconstruction,sae_B_iid,SAE
0.6245517153212976,0.6264772431084636,4,7,0,0.5716521748410562,single,0,passed,h reconstruction,sae_B_iid,SAE
0.6271783277078267,0.7230624683493688,4,7,0,0.6064414924341636,up_to_four,0,passed,h reconstruction,sae_C_iid,SAE
0.6225319682938215,0.6163180366628751,4,7,0,0.561672052728924,single,0,passed,h reconstruction,sae_C_iid,SAE
0.6267806514293918,0.7213614565389033,4,7,0,0.6118477587174225,up_to_four,0,passed,h reconstruction,sae_D_iid,SAE
0.6262876638058323,0.6238962552647297,4,7,0,0.558904968033761,single,0,passed,h reconstruction,sae_D_iid,SAE
0.1096996924441976,,4,7,0,0.034763342716229516,up_to_four,0,passed,h reconstruction,sae_state_iid,SAE
0.07866795656615264,,4,7,0,0.025208995764085706,single,0,passed,h reconstruction,sae_state_iid,SAE
0.7380703450670124,0.8091604350312323,4,7,0,0.7158925068664831,up_to_four,0,passed,h reconstruction,sae_128_current_iid,SAE
0.6305083288282634,0.6290775520848012,4,7,0,0.5674282633398051,single,0,passed,h reconstruction,sae_128_current_iid,SAE
0.5960733939665953,0.6061447199775652,4,7,0,0.5090705291418206,up_to_four,0,passed,h reconstruction,sae_128_current_transfer,SAE
0.5096737481031867,0.5100531107738998,4,7,0,0.3412193071701198,single,0,passed,h reconstruction,sae_128_current_transfer,SAE
0.6381382069520092,0.6403264729149556,4,7,0,0.5938210882809075,up_to_four,0,passed,h reconstruction,sae_128_previous_iid,SAE
0.5592078308512483,0.5597267414288649,4,7,0,0.45552179652454006,single,0,passed,h reconstruction,sae_128_previous_iid,SAE
0.6470751706227871,0.6494793079235105,4,7,0,0.6026992278581235,up_to_four,0,passed,h reconstruction,sae_128_previous_transfer,SAE
0.5619003124523984,0.5624132025070497,4,7,0,0.4561635043370209,single,0,passed,h reconstruction,sae_128_previous_transfer,SAE
0.5866928798031641,,4,7,0,0.5206550556291476,up_to_four,0,passed,h reconstruction,sae_128_query_iid,SAE
0.3768403341887987,,4,7,0,0.27928448376326565,single,0,passed,h reconstruction,sae_128_query_iid,SAE
0.5710883257393606,0.5850931918761525,4,7,0,0.5231457215228249,up_to_four,0,passed,h reconstruction,sae_128_A_iid,SAE
0.5341488521559659,0.5341776021505477,4,7,0,0.42060616236426696,single,0,passed,h reconstruction,sae_128_A_iid,SAE
0.6084043210800587,0.6141224473189454,4,7,0,0.5602096294478878,up_to_four,0,passed,h reconstruction,sae_128_B_iid,SAE
0.5662494910768134,0.5650114898965439,4,7,0,0.46107402952381665,single,0,passed,h reconstruction,sae_128_B_iid,SAE
0.6481338244314917,0.7374009174424133,4,7,0,0.6145509469492638,up_to_four,0,passed,h reconstruction,sae_128_C_iid,SAE
0.6225319682938215,0.6163180366628751,4,7,0,0.561672052728924,single,0,passed,h reconstruction,sae_128_C_iid,SAE
0.5658184139288791,0.5784932887513586,4,7,0,0.5168875064475241,up_to_four,0,passed,h reconstruction,sae_128_D_iid,SAE
0.5332466239079612,0.5333637925824669,4,7,0,0.41847118943284134,single,0,passed,h reconstruction,sae_128_D_iid,SAE
0.09652199773515595,,4,7,0,0.031189806381993507,up_to_four,0,passed,h reconstruction,sae_128_state_iid,SAE
0.07695703957924271,,4,7,0,0.023872341116528473,single,0,passed,h reconstruction,sae_128_state_iid,SAE
0.9984872252441065,0.9999901668439871,16,7,0,0.998498719948577,up_to_four,0,passed,h reconstruction,sae_current_iid,SAE
0.9981153167683403,0.9997685980659798,16,7,0,0.9981483390555036,single,0,passed,h reconstruction,sae_current_iid,SAE
0.9987907511283731,0.9999961140827583,16,7,0,0.9987907511283731,up_to_four,0,passed,h reconstruction,sae_current_transfer,SAE
0.9990278730367212,0.9999885041614935,16,7,0,0.9989923639441389,single,0,passed,h reconstruction,sae_current_transfer,SAE
0.6562885186228264,0.7078050494794671,16,7,0,0.6293721424602123,up_to_four,0,passed,h reconstruction,sae_previous_iid,SAE
0.6417099765722942,0.6482872798607986,16,7,0,0.6187870943883298,single,0,passed,h reconstruction,sae_previous_iid,SAE
0.6564626747560011,0.7089661020727371,16,7,0,0.6322360450136562,up_to_four,0,passed,h reconstruction,sae_previous_transfer,SAE
0.6423166803511653,0.6538488116777691,16,7,0,0.6245620635142977,single,0,passed,h reconstruction,sae_previous_transfer,SAE
0.9230658915942981,,16,7,0,0.9249506414381141,up_to_four,0,passed,h reconstruction,sae_query_iid,SAE
0.5,,16,7,0,0.3750062515628907,single,0,passed,h reconstruction,sae_query_iid,SAE
0.6493019502316572,0.6941886000245195,16,7,0,0.6492801294492629,up_to_four,0,passed,h reconstruction,sae_A_iid,SAE
0.6213116081877061,0.6198734727954327,16,7,0,0.5516358581201052,single,0,passed,h reconstruction,sae_A_iid,SAE
0.6267335008423749,0.7211125152917108,16,7,0,0.5830765961018805,up_to_four,0,passed,h reconstruction,sae_B_iid,SAE
0.6239405071796794,0.6201013191417077,16,7,0,0.5671991191829144,single,0,passed,h reconstruction,sae_B_iid,SAE
0.6481727209752955,0.7367185353586684,16,7,0,0.6481559441673848,up_to_four,0,passed,h reconstruction,sae_C_iid,SAE
0.6224319643246641,0.6198315511142637,16,7,0,0.5615551964379959,single,0,passed,h reconstruction,sae_C_iid,SAE
0.6471264445162217,0.7364852027209328,16,7,0,0.6471522532718892,up_to_four,0,passed,h reconstruction,sae_D_iid,SAE
0.6256916566691276,0.6289994412032551,16,7,0,0.5658579613203883,single,0,passed,h reconstruction,sae_D_iid,SAE
0.12459826976200818,,16,7,0,0.037977369573804126,up_to_four,0,passed,h reconstruction,sae_state_iid,SAE
0.12480899419650726,,16,7,0,0.03735805340538466,single,0,passed,h reconstruction,sae_state_iid,SAE
0.9756144936856426,0.9758664326539005,16,7,0,0.9762359890223906,up_to_four,0,passed,h reconstruction,sae_128_current_iid,SAE
0.9756144936856426,0.9758664326539005,16,7,0,0.9762359890223906,single,0,passed,h reconstruction,sae_128_current_iid,SAE
0.9756959353953305,0.9758677253200538,16,7,0,0.9769513355089916,up_to_four,0,passed,h reconstruction,sae_128_current_transfer,SAE
0.9756959353953305,0.9758677253200538,16,7,0,0.9769513355089916,single,0,passed,h reconstruction,sae_128_current_transfer,SAE
0.6688419999909934,0.7612029039778141,16,7,0,0.6340573523512831,up_to_four,0,passed,h reconstruction,sae_128_previous_iid,SAE
0.6130628483513022,0.6156040367845812,16,7,0,0.5513736584705837,single,0,passed,h reconstruction,sae_128_previous_iid,SAE
0.6328675030929444,0.7010904254331051,16,7,0,0.6114721303706534,up_to_four,0,passed,h reconstruction,sae_128_previous_transfer,SAE
0.6134395399036264,0.6165997302729593,16,7,0,0.558996292182639,single,0,passed,h reconstruction,sae_128_previous_transfer,SAE
0.6431875705599857,,16,7,0,0.6032887396531272,up_to_four,0,passed,h reconstruction,sae_128_query_iid,SAE
0.44393916647020115,,16,7,0,0.3370849953071331,single,0,passed,h reconstruction,sae_128_query_iid,SAE
0.6498459978310771,0.7083347035128279,16,7,0,0.6200886684435284,up_to_four,0,passed,h reconstruction,sae_128_A_iid,SAE
0.6213116081877061,0.6198734727954327,16,7,0,0.5516358581201052,single,0,passed,h reconstruction,sae_128_A_iid,SAE
0.6521453784010999,0.7425844708423638,16,7,0,0.6446187277493143,up_to_four,0,passed,h reconstruction,sae_128_B_iid,SAE
0.6247897865060228,0.6255027792849571,16,7,0,0.5584960723381889,single,0,passed,h reconstruction,sae_128_B_iid,SAE
0.6442150638958861,0.6498830088566215,16,7,0,0.6438410313818799,up_to_four,0,passed,h reconstruction,sae_128_C_iid,SAE
0.6443150678650436,0.6494656022897549,16,7,0,0.64394120265698,single,0,passed,h reconstruction,sae_128_C_iid,SAE
0.6553082446372175,0.6841839342511202,16,7,0,0.6495555720431381,up_to_four,0,passed,h reconstruction,sae_128_D_iid,SAE
0.620731980076699,0.5953018816201653,16,7,0,0.5646235759539212,single,0,passed,h reconstruction,sae_128_D_iid,SAE
0.11819224221802019,,16,7,0,0.04467461963647551,up_to_four,0,passed,h reconstruction,sae_128_state_iid,SAE
0.11494993640049578,,16,7,0,0.03619231343468447,single,0,passed,h reconstruction,sae_128_state_iid,SAE
0.9022297854732629,0.9592794447426474,4,11,0,0.9035409214860528,up_to_four,0,passed,h reconstruction,sae_current_iid,SAE
0.8032961259386986,0.8034113014698911,4,11,0,0.7992838509788021,single,0,passed,h reconstruction,sae_current_iid,SAE
0.8036942281823557,0.9339035431145756,4,11,0,0.8036059118707319,up_to_four,0,passed,h reconstruction,sae_current_transfer,SAE
0.801844774445172,0.8023008839814072,4,11,0,0.8016227892134568,single,0,passed,h reconstruction,sae_current_transfer,SAE
0.6948504600151104,0.7642270052200517,4,11,0,0.6700849551112633,up_to_four,0,passed,h reconstruction,sae_previous_iid,SAE
0.6087280010909604,0.6089137114721396,4,11,0,0.5433285663211569,single,0,passed,h reconstruction,sae_previous_iid,SAE
0.6779969980792165,0.7392419406972035,4,11,0,0.6386091041069656,up_to_four,0,passed,h reconstruction,sae_previous_transfer,SAE
0.6101751368140258,0.6103991662982379,4,11,0,0.5490120799119146,single,0,passed,h reconstruction,sae_previous_transfer,SAE
0.653621470723004,,4,11,0,0.6724674040474056,up_to_four,0,passed,h reconstruction,sae_query_iid,SAE
0.3773404342088027,,4,11,0,0.27986740345588057,single,0,passed,h reconstruction,sae_query_iid,SAE
0.6429214184866929,0.7330494631744353,4,11,0,0.6366368322076442,up_to_four,0,passed,h reconstruction,sae_A_iid,SAE
0.6284004639200031,0.624496540996256,4,11,0,0.5751883335659008,single,0,passed,h reconstruction,sae_A_iid,SAE
0.6422156526280449,0.7357529825740539,4,11,0,0.5957373751244337,up_to_four,0,passed,h reconstruction,sae_B_iid,SAE
0.62443578169881,0.617567490058887,4,11,0,0.5677095493716255,single,0,passed,h reconstruction,sae_B_iid,SAE
0.6362026758842059,0.7283511082554867,4,11,0,0.6264218128982182,up_to_four,0,passed,h reconstruction,sae_C_iid,SAE
0.6230256878895524,0.6178114809376785,4,11,0,0.5618669175791438,single,0,passed,h reconstruction,sae_C_iid,SAE
0.6402933508674788,0.7281480622317967,4,11,0,0.6348460233721638,up_to_four,0,passed,h reconstruction,sae_D_iid,SAE
0.6269735526639597,0.6269561691224724,4,11,0,0.5593119798594123,single,0,passed,h reconstruction,sae_D_iid,SAE
0.10981849762280446,,4,11,0,0.03342070294429038,up_to_four,0,passed,h reconstruction,sae_state_iid,SAE
0.07717969371554997,,4,11,0,0.023973653509344627,single,0,passed,h reconstruction,sae_state_iid,SAE
0.8530691696921094,0.9514628763681748,4,11,0,0.853052555321391,up_to_four,0,passed,h reconstruction,sae_128_current_iid,SAE
0.8032961259386986,0.8034113014698911,4,11,0,0.7992838509788021,single,0,passed,h reconstruction,sae_128_current_iid,SAE
0.8046189955292522,0.9314112939003405,4,11,0,0.804661804588308,up_to_four,0,passed,h reconstruction,sae_128_current_transfer,SAE
0.801844774445172,0.8023008839814072,4,11,0,0.8016227892134568,single,0,passed,h reconstruction,sae_128_current_transfer,SAE
0.6622198308387774,0.7159149743673948,4,11,0,0.6202464830548139,up_to_four,0,passed,h reconstruction,sae_128_previous_iid,SAE
0.6148215659600943,0.6158452304948385,4,11,0,0.5491083427336568,single,0,passed,h reconstruction,sae_128_previous_iid,SAE
0.6731798068813832,0.7183366089440892,4,11,0,0.6309952302262748,up_to_four,0,passed,h reconstruction,sae_128_previous_transfer,SAE
0.6222078978752494,0.6229847563354275,4,11,0,0.555568581698815,single,0,passed,h reconstruction,sae_128_previous_transfer,SAE
0.6295807442612995,,4,11,0,0.6457731743525089,up_to_four,0,passed,h reconstruction,sae_128_query_iid,SAE
0.3773404342088027,,4,11,0,0.27986740345588057,single,0,passed,h reconstruction,sae_128_query_iid,SAE
0.6278957423490353,0.6827630498622909,4,11,0,0.6174099144232297,up_to_four,0,passed,h reconstruction,sae_128_A_iid,SAE
0.6224028616815638,0.6220121090132124,4,11,0,0.5548666660731937,single,0,passed,h reconstruction,sae_128_A_iid,SAE
0.640984010486019,0.6711997787074704,4,11,0,0.6288097955962497,up_to_four,0,passed,h reconstruction,sae_128_B_iid,SAE
0.62443578169881,0.617567490058887,4,11,0,0.5677095493716255,single,0,passed,h reconstruction,sae_128_B_iid,SAE
0.6363263407924661,0.689037262888964,4,11,0,0.603952905465073,up_to_four,0,passed,h reconstruction,sae_128_C_iid,SAE
0.6273124280302685,0.6238201344211352,4,11,0,0.5680511709389804,single,0,passed,h reconstruction,sae_128_C_iid,SAE
0.6030925720848201,0.6302047184378974,4,11,0,0.5940205468794795,up_to_four,0,passed,h reconstruction,sae_128_D_iid,SAE
0.5916282466367253,0.5894740393230128,4,11,0,0.5779785080542439,single,0,passed,h reconstruction,sae_128_D_iid,SAE
0.10682681723915526,,4,11,0,0.03289521713507242,up_to_four,0,passed,h reconstruction,sae_128_state_iid,SAE
0.07881895563098498,,4,11,0,0.025327165494169218,single,0,passed,h reconstruction,sae_128_state_iid,SAE
0.9992936541284803,0.9999583654666526,16,11,0,0.9992994108044866,up_to_four,0,passed,h reconstruction,sae_current_iid,SAE
0.9991334412415034,0.9992773205807826,16,11,0,0.9991492671595898,single,0,passed,h reconstruction,sae_current_iid,SAE
0.999596917042791,0.9999996761735632,16,11,0,0.999596917042791,up_to_four,0,passed,h reconstruction,sae_current_transfer,SAE
0.999596917042791,0.9997865174215385,16,11,0,0.999596917042791,single,0,passed,h reconstruction,sae_current_transfer,SAE
0.6390548943166712,0.733040466803591,16,11,0,0.6161996351587156,up_to_four,0,passed,h reconstruction,sae_previous_iid,SAE
0.6236186585181807,0.625147550437002,16,11,0,0.5724047750274175,single,0,passed,h reconstruction,sae_previous_iid,SAE
0.6373703842681517,0.735630719160651,16,11,0,0.5854312790462409,up_to_four,0,passed,h reconstruction,sae_previous_transfer,SAE
0.6175701531796954,0.619114674860028,16,11,0,0.5646051484929384,single,0,passed,h reconstruction,sae_previous_transfer,SAE
0.7687835011544877,,16,11,0,0.7703453527895224,up_to_four,0,passed,h reconstruction,sae_query_iid,SAE
0.5012898108719602,,16,11,0,0.37984865733692263,single,0,passed,h reconstruction,sae_query_iid,SAE
0.6493118455553495,0.7454594353743317,16,11,0,0.6492263598810717,up_to_four,0,passed,h reconstruction,sae_A_iid,SAE
0.6212631726553997,0.6185647624309967,16,11,0,0.551560092414409,single,0,passed,h reconstruction,sae_A_iid,SAE
0.6449098835724638,0.7380076343681291,16,11,0,0.6346929411058368,up_to_four,0,passed,h reconstruction,sae_B_iid,SAE
0.6249848703920938,0.6186602339949961,16,11,0,0.5587983041799707,single,0,passed,h reconstruction,sae_B_iid,SAE
0.652238587349532,0.7468076557958585,16,11,0,0.6455007784542572,up_to_four,0,passed,h reconstruction,sae_C_iid,SAE
0.6228288300762658,0.6174602969991879,16,11,0,0.5618280240229072,single,0,passed,h reconstruction,sae_C_iid,SAE
0.6479781579406094,0.6940091098969869,16,11,0,0.647944219627403,up_to_four,0,passed,h reconstruction,sae_D_iid,SAE
0.621032386899635,0.6122988145466116,16,11,0,0.5649810767811111,single,0,passed,h reconstruction,sae_D_iid,SAE
0.1255631578049161,,16,11,0,0.04001471083629866,up_to_four,0,passed,h reconstruction,sae_state_iid,SAE
0.1255631578049161,,16,11,0,0.04001471083629866,single,0,passed,h reconstruction,sae_state_iid,SAE
0.8538685527323784,0.854923222517685,16,11,0,0.8540111199380884,up_to_four,0,passed,h reconstruction,sae_128_current_iid,SAE
0.8032034090355904,0.8033983707446304,16,11,0,0.7996230037975158,single,0,passed,h reconstruction,sae_128_current_iid,SAE
0.8201025137350983,0.8825721145283436,16,11,0,0.8214705577467852,up_to_four,0,passed,h reconstruction,sae_128_current_transfer,SAE
0.7623181147861093,0.7625664087065271,16,11,0,0.7572488094923161,single,0,passed,h reconstruction,sae_128_current_transfer,SAE
0.638578338130534,0.6948071068082375,16,11,0,0.5930462832014151,up_to_four,0,passed,h reconstruction,sae_128_previous_iid,SAE
0.5862367107034558,0.5864390429893609,16,11,0,0.508457857525489,single,0,passed,h reconstruction,sae_128_previous_iid,SAE
0.6242815638223963,0.6804473902236952,16,11,0,0.5727648002417273,up_to_four,0,passed,h reconstruction,sae_128_previous_transfer,SAE
0.5741277525347283,0.5742189618852657,16,11,0,0.4896736354281569,single,0,passed,h reconstruction,sae_128_previous_transfer,SAE
0.6798463542516943,,16,11,0,0.6658344398429932,up_to_four,0,passed,h reconstruction,sae_128_query_iid,SAE
0.5012898108719602,,16,11,0,0.37984865733692263,single,0,passed,h reconstruction,sae_128_query_iid,SAE
0.6078446532482874,0.6326852341779655,16,11,0,0.6044096243782822,up_to_four,0,passed,h reconstruction,sae_128_A_iid,SAE
0.584097182749791,0.5847869423691042,16,11,0,0.5707416862641532,single,0,passed,h reconstruction,sae_128_A_iid,SAE
0.5845137295988445,0.619171718808312,16,11,0,0.540664120564466,up_to_four,0,passed,h reconstruction,sae_128_B_iid,SAE
0.531573390365818,0.5317485315874994,16,11,0,0.39950993418435615,single,0,passed,h reconstruction,sae_128_B_iid,SAE
0.605160748830121,0.6156436748974566,16,11,0,0.5966708047074814,up_to_four,0,passed,h reconstruction,sae_128_C_iid,SAE
0.5861569645699238,0.5832391587622112,16,11,0,0.5700287307510741,single,0,passed,h reconstruction,sae_128_C_iid,SAE
0.6403305212050368,0.5903643900716106,16,11,0,0.5931454584078539,up_to_four,0,passed,h reconstruction,sae_128_D_iid,SAE
0.6265395248861818,0.5357727048277859,16,11,0,0.5586407690474863,single,0,passed,h reconstruction,sae_128_D_iid,SAE
0.09648592394058095,,16,11,0,0.02966699385477331,up_to_four,0,passed,h reconstruction,sae_128_state_iid,SAE
0.09600456839626699,,16,11,0,0.029402573706708214,single,0,passed,h reconstruction,sae_128_state_iid,SAE
0.598133876162244,0.6467518418477022,4,0,1,0.5497068292794771,up_to_four,0,passed,h reconstruction,sae_current_iid,SAE
0.5576038589447632,0.5586756078962134,4,0,1,0.45576209546667396,single,0,passed,h reconstruction,sae_current_iid,SAE
0.6030502345474882,0.669449388194713,4,0,1,0.5558201375902829,up_to_four,0,passed,h reconstruction,sae_current_transfer,SAE
0.5850237882900474,0.5880559371310402,4,0,1,0.50413849870379,single,0,passed,h reconstruction,sae_current_transfer,SAE
0.5302844810992373,0.5455139505642961,4,0,1,0.44034071975014455,up_to_four,0,passed,h reconstruction,sae_previous_iid,SAE
0.5221493722069975,0.5230100797216342,4,0,1,0.4190634869799121,single,0,passed,h reconstruction,sae_previous_iid,SAE
0.5247197773823102,0.5334813550254309,4,0,1,0.41790581213129563,up_to_four,0,passed,h reconstruction,sae_previous_transfer,SAE
0.520495911369032,0.5219704934964575,4,0,1,0.4069184555287244,single,0,passed,h reconstruction,sae_previous_transfer,SAE
1.0,,4,0,1,1.0,up_to_four,0,passed,h reconstruction,sae_query_iid,SAE
0.5,,4,0,1,0.37509383914718986,single,0,passed,h reconstruction,sae_query_iid,SAE
0.5536964759964423,0.5839538682311869,4,0,1,0.5001926897354899,up_to_four,0,passed,h reconstruction,sae_A_iid,SAE
0.5190570370161486,0.5201141999436593,4,0,1,0.3971324483972344,single,0,passed,h reconstruction,sae_A_iid,SAE
0.5463786522993561,0.5683955739252655,4,0,1,0.46876220814277614,up_to_four,0,passed,h reconstruction,sae_B_iid,SAE
0.5153208493521726,0.5153738530116165,4,0,1,0.3638728975026121,single,0,passed,h reconstruction,sae_B_iid,SAE
0.5487801610845935,0.5796499463063689,4,0,1,0.486305195623003,up_to_four,0,passed,h reconstruction,sae_C_iid,SAE
0.5333209225074144,0.5339516775420816,4,0,1,0.44727569609943024,single,0,passed,h reconstruction,sae_C_iid,SAE
0.5589915687420532,0.5890297977132551,4,0,1,0.5054164332970008,up_to_four,0,passed,h reconstruction,sae_D_iid,SAE
0.5385855340736639,0.5387716210801315,4,0,1,0.44750899952370077,single,0,passed,h reconstruction,sae_D_iid,SAE
0.07602745463657815,,4,0,1,0.02857844461465231,up_to_four,0,passed,h reconstruction,sae_state_iid,SAE
0.07686791706254133,,4,0,1,0.024638280723171556,single,0,passed,h reconstruction,sae_state_iid,SAE
0.5333312462689053,0.5291523100920827,4,0,1,0.46959833022092584,up_to_four,0,passed,h reconstruction,sae_128_current_iid,SAE
0.519995304905701,0.5204457485216538,4,0,1,0.40071877807726863,single,0,passed,h reconstruction,sae_128_current_iid,SAE
0.5,0.5005080836793419,4,0,1,0.34615889691398555,up_to_four,0,passed,h reconstruction,sae_128_current_transfer,SAE
0.5,0.5,4,0,1,0.34615889691398555,single,0,passed,h reconstruction,sae_128_current_transfer,SAE
0.5,0.500102548896055,4,0,1,0.33839155620313444,up_to_four,0,passed,h reconstruction,sae_128_previous_iid,SAE
0.5,0.500102548896055,4,0,1,0.33839155620313444,single,0,passed,h reconstruction,sae_128_previous_iid,SAE
0.5,0.5014463462388682,4,0,1,0.34202323604420515,up_to_four,0,passed,h reconstruction,sae_128_previous_transfer,SAE
0.5,0.5,4,0,1,0.34202323604420515,single,0,passed,h reconstruction,sae_128_previous_transfer,SAE
0.6738874647413162,,4,0,1,0.6079071315983711,up_to_four,0,passed,h reconstruction,sae_128_query_iid,SAE
0.5,,4,0,1,0.37485014985014986,single,0,passed,h reconstruction,sae_128_query_iid,SAE
0.5190537385749179,0.5225211160551692,4,0,1,0.39596699390240636,up_to_four,0,passed,h reconstruction,sae_128_A_iid,SAE
0.5190570370161486,0.5201141999436593,4,0,1,0.3971324483972344,single,0,passed,h reconstruction,sae_128_A_iid,SAE
0.5061868488965232,0.504366452872232,4,0,1,0.3694799648955125,up_to_four,0,passed,h reconstruction,sae_128_B_iid,SAE
0.506430703754112,0.5043709257126646,4,0,1,0.3696067919911007,single,0,passed,h reconstruction,sae_128_B_iid,SAE
0.5001012640191689,0.5001012590189705,4,0,1,0.3350434552113901,up_to_four,0,passed,h reconstruction,sae_128_C_iid,SAE
0.5,0.5001012590189705,4,0,1,0.3347303994943951,single,0,passed,h reconstruction,sae_128_C_iid,SAE
0.5,0.500847667945839,4,0,1,0.34141201264488935,up_to_four,0,passed,h reconstruction,sae_128_D_iid,SAE
0.5,0.500847667945839,4,0,1,0.34141201264488935,single,0,passed,h reconstruction,sae_128_D_iid,SAE
0.06769332638538905,,4,0,1,0.02086520013063083,up_to_four,0,passed,h reconstruction,sae_128_state_iid,SAE
0.06696229047215937,,4,0,1,0.019498297525349324,single,0,passed,h reconstruction,sae_128_state_iid,SAE
0.6088839126725272,0.6785008057082866,16,0,1,0.593515673333527,up_to_four,0,passed,h reconstruction,sae_current_iid,SAE
0.5798398223422435,0.583042693932055,16,0,1,0.500246800215136,single,0,passed,h reconstruction,sae_current_iid,SAE
0.5970279533456776,0.6856945461799167,16,0,1,0.5523419654213366,up_to_four,0,passed,h reconstruction,sae_current_transfer,SAE
0.6014056010315815,0.6186982565832295,16,0,1,0.5581540481357223,single,0,passed,h reconstruction,sae_current_transfer,SAE
0.5593881718780005,0.5844761455748609,16,0,1,0.5590295522410649,up_to_four,0,passed,h reconstruction,sae_previous_iid,SAE
0.538189365930049,0.5476641518458051,16,0,1,0.5066888087624524,single,0,passed,h reconstruction,sae_previous_iid,SAE
0.5663086405534234,0.5969785741619328,16,0,1,0.5600766450466337,up_to_four,0,passed,h reconstruction,sae_previous_transfer,SAE
0.5313362634259792,0.5449328654597063,16,0,1,0.4630701507092295,single,0,passed,h reconstruction,sae_previous_transfer,SAE
1.0,,16,0,1,1.0,up_to_four,0,passed,h reconstruction,sae_query_iid,SAE
0.5,,16,0,1,0.37509383914718986,single,0,passed,h reconstruction,sae_query_iid,SAE
0.5864392912481663,0.6233019346754275,16,0,1,0.5838991339851274,up_to_four,0,passed,h reconstruction,sae_A_iid,SAE
0.5576114654658059,0.5539330127728959,16,0,1,0.5197378210478316,single,0,passed,h reconstruction,sae_A_iid,SAE
0.5646015045394427,0.5897363561756258,16,0,1,0.5396311703420875,up_to_four,0,passed,h reconstruction,sae_B_iid,SAE
0.5599761272398424,0.5734958978349611,16,0,1,0.5285318701191499,single,0,passed,h reconstruction,sae_B_iid,SAE
0.5970613423646784,0.6348045753935974,16,0,1,0.5914830423297727,up_to_four,0,passed,h reconstruction,sae_C_iid,SAE
0.5715782659413752,0.5780709186347606,16,0,1,0.552522051097267,single,0,passed,h reconstruction,sae_C_iid,SAE
0.5803859819121447,0.6106276263567173,16,0,1,0.5669267692307692,up_to_four,0,passed,h reconstruction,sae_D_iid,SAE
0.5724283253353021,0.5847475735540097,16,0,1,0.5448109736595685,single,0,passed,h reconstruction,sae_D_iid,SAE
0.09681306897794911,,16,0,1,0.034260571886455024,up_to_four,0,passed,h reconstruction,sae_state_iid,SAE
0.0894138639498223,,16,0,1,0.02844190609729282,single,0,passed,h reconstruction,sae_state_iid,SAE
0.6088839126725272,0.6785008057082866,16,0,1,0.593515673333527,up_to_four,0,passed,h reconstruction,sae_128_current_iid,SAE
0.5798398223422435,0.583042693932055,16,0,1,0.500246800215136,single,0,passed,h reconstruction,sae_128_current_iid,SAE
0.5970279533456776,0.6856945461799167,16,0,1,0.5523419654213366,up_to_four,0,passed,h reconstruction,sae_128_current_transfer,SAE
0.6014056010315815,0.6186982565832295,16,0,1,0.5581540481357223,single,0,passed,h reconstruction,sae_128_current_transfer,SAE
0.538189365930049,0.5476641518458051,16,0,1,0.5066888087624524,up_to_four,0,passed,h reconstruction,sae_128_previous_iid,SAE
0.538189365930049,0.5476641518458051,16,0,1,0.5066888087624524,single,0,passed,h reconstruction,sae_128_previous_iid,SAE
0.5125086843933557,0.5194738465082237,16,0,1,0.5058965718838623,up_to_four,0,passed,h reconstruction,sae_128_previous_transfer,SAE
0.5313362634259792,0.5449328654597063,16,0,1,0.4630701507092295,single,0,passed,h reconstruction,sae_128_previous_transfer,SAE
0.9700092396576837,,16,0,1,0.9704378173924256,up_to_four,0,passed,h reconstruction,sae_128_query_iid,SAE
0.5,,16,0,1,0.37485014985014986,single,0,passed,h reconstruction,sae_128_query_iid,SAE
0.5711622929085686,0.6023197141345594,16,0,1,0.5478590461236699,up_to_four,0,passed,h reconstruction,sae_128_A_iid,SAE
0.560321197502142,0.5708380596392411,16,0,1,0.531947228482826,single,0,passed,h reconstruction,sae_128_A_iid,SAE
0.5642659514498086,0.5860216772058928,16,0,1,0.5403058019225526,up_to_four,0,passed,h reconstruction,sae_128_B_iid,SAE
0.5599761272398424,0.5734958978349611,16,0,1,0.5285318701191499,single,0,passed,h reconstruction,sae_128_B_iid,SAE
0.5722422622953904,0.5867781992267274,16,0,1,0.5603694771544355,up_to_four,0,passed,h reconstruction,sae_128_C_iid,SAE
0.5715782659413752,0.5780709186347606,16,0,1,0.552522051097267,single,0,passed,h reconstruction,sae_128_C_iid,SAE
0.581786598683401,0.5896873882486618,16,0,1,0.5692426930591663,up_to_four,0,passed,h reconstruction,sae_128_D_iid,SAE
0.5724283253353021,0.5847475735540097,16,0,1,0.5448109736595685,single,0,passed,h reconstruction,sae_128_D_iid,SAE
0.09214535090827904,,16,0,1,0.034140920824980825,up_to_four,0,passed,h reconstruction,sae_128_state_iid,SAE
0.0894138639498223,,16,0,1,0.02844190609729282,single,0,passed,h reconstruction,sae_128_state_iid,SAE
0.794833106371749,0.8410918902574551,4,3,1,0.7907257267805812,up_to_four,0,passed,h reconstruction,sae_current_iid,SAE
0.6506906688683862,0.6512435174230914,4,3,1,0.6086394770053334,single,0,passed,h reconstruction,sae_current_iid,SAE
0.5352112676056338,0.5750982651322475,4,3,1,0.4196149770399152,up_to_four,0,passed,h reconstruction,sae_current_transfer,SAE
0.5147247119078106,0.5147247119078106,4,3,1,0.37793111041664196,single,0,passed,h reconstruction,sae_current_transfer,SAE
0.6072195127189615,0.6453339097595118,4,3,1,0.5461900734185001,up_to_four,0,passed,h reconstruction,sae_previous_iid,SAE
0.5647002127765464,0.5648319755794833,4,3,1,0.46892506618073826,single,0,passed,h reconstruction,sae_previous_iid,SAE
0.5155343827671914,0.6090438436474823,4,3,1,0.3581219935741974,up_to_four,0,passed,h reconstruction,sae_previous_transfer,SAE
0.5573991031390134,0.5573991031390134,4,3,1,0.45787228828395793,single,0,passed,h reconstruction,sae_previous_transfer,SAE
0.635039974784085,,4,3,1,0.6384125838983112,up_to_four,0,passed,h reconstruction,sae_query_iid,SAE
0.3656198956012805,,4,3,1,0.2678653077361828,single,0,passed,h reconstruction,sae_query_iid,SAE
0.5887780562583137,0.6581879909490773,4,3,1,0.5102247716889712,up_to_four,0,passed,h reconstruction,sae_A_iid,SAE
0.5828176428185762,0.5845626884071883,4,3,1,0.496063034190647,single,0,passed,h reconstruction,sae_A_iid,SAE
0.5930561743929865,0.6650853658107044,4,3,1,0.5214804649743523,up_to_four,0,passed,h reconstruction,sae_B_iid,SAE
0.5897705679014401,0.5910668761090042,4,3,1,0.5028297382445274,single,0,passed,h reconstruction,sae_B_iid,SAE
0.6120536024074796,0.6133996158307523,4,3,1,0.5507912870890904,up_to_four,0,passed,h reconstruction,sae_C_iid,SAE
0.6120536024074796,0.6133996158307523,4,3,1,0.5507912870890904,single,0,passed,h reconstruction,sae_C_iid,SAE
0.5922415572064312,0.6612949320487778,4,3,1,0.5201924458684226,up_to_four,0,passed,h reconstruction,sae_D_iid,SAE
0.5873510943460072,0.5892683007035447,4,3,1,0.49541294629548355,single,0,passed,h reconstruction,sae_D_iid,SAE
0.09391080801926556,,4,3,1,0.028400397895007055,up_to_four,0,passed,h reconstruction,sae_state_iid,SAE
0.07752938750575755,,4,3,1,0.024437706391050154,single,0,passed,h reconstruction,sae_state_iid,SAE
0.7486107677151737,0.8516421260450268,4,3,1,0.7366283483018334,up_to_four,0,passed,h reconstruction,sae_128_current_iid,SAE
0.6506906688683862,0.6512435174230914,4,3,1,0.6086394770053334,single,0,passed,h reconstruction,sae_128_current_iid,SAE
0.6177921092564491,0.6290479114166305,4,3,1,0.5403155633657069,up_to_four,0,passed,h reconstruction,sae_128_current_transfer,SAE
0.5147247119078106,0.5147247119078106,4,3,1,0.37793111041664196,single,0,passed,h reconstruction,sae_128_current_transfer,SAE
0.597686114237461,0.6215623805246471,4,3,1,0.5345634403037849,up_to_four,0,passed,h reconstruction,sae_128_previous_iid,SAE
0.5354674265515615,0.5355881388766779,4,3,1,0.4160328459730801,single,0,passed,h reconstruction,sae_128_previous_iid,SAE
0.5758339804057794,0.6020137575651747,4,3,1,0.49432049805142,up_to_four,0,passed,h reconstruction,sae_128_previous_transfer,SAE
0.5310442448943198,0.5310683940095333,4,3,1,0.40908555663145396,single,0,passed,h reconstruction,sae_128_previous_transfer,SAE
0.4922003474402007,,4,3,1,0.4847081951779425,up_to_four,0,passed,h reconstruction,sae_128_query_iid,SAE
0.33627004396495086,,4,3,1,0.2360105433433364,single,0,passed,h reconstruction,sae_128_query_iid,SAE
0.6117148860234394,0.6550634711688358,4,3,1,0.5650445229839571,up_to_four,0,passed,h reconstruction,sae_128_A_iid,SAE
0.5828176428185762,0.5845626884071883,4,3,1,0.496063034190647,single,0,passed,h reconstruction,sae_128_A_iid,SAE
0.5787836907950025,0.5944552728764875,4,3,1,0.5294230034265274,up_to_four,0,passed,h reconstruction,sae_128_B_iid,SAE
0.5759904569798004,0.5787612765610674,4,3,1,0.5213453184684309,single,0,passed,h reconstruction,sae_128_B_iid,SAE
0.6110428572910058,0.6571173109860731,4,3,1,0.5616946708755,up_to_four,0,passed,h reconstruction,sae_128_C_iid,SAE
0.5855980523866993,0.5858510624286678,4,3,1,0.49937831069856997,single,0,passed,h reconstruction,sae_128_C_iid,SAE
0.5695455413539232,0.6054038571194654,4,3,1,0.514001003505259,up_to_four,0,passed,h reconstruction,sae_128_D_iid,SAE
0.5563018462122145,0.5566287338965922,4,3,1,0.4849616955327227,single,0,passed,h reconstruction,sae_128_D_iid,SAE
0.09479546007100262,,4,3,1,0.030212488304413924,up_to_four,0,passed,h reconstruction,sae_128_state_iid,SAE
0.0625,,4,3,1,0.011161832339146669,single,0,passed,h reconstruction,sae_128_state_iid,SAE
0.9100182455335754,0.9578485829286243,16,3,1,0.9074945459573978,up_to_four,0,passed,h reconstruction,sae_current_iid,SAE
0.8691429018885424,0.8723962303292844,16,3,1,0.8643937350864493,single,0,passed,h reconstruction,sae_current_iid,SAE
0.9214953236224261,0.945006661109805,16,3,1,0.9176440981181742,up_to_four,0,passed,h reconstruction,sae_current_transfer,SAE
0.887921808220917,0.8913965468444085,16,3,1,0.8816078976271855,single,0,passed,h reconstruction,sae_current_transfer,SAE
0.6482019764074031,0.6942681506407603,16,3,1,0.6169399416717616,up_to_four,0,passed,h reconstruction,sae_previous_iid,SAE
0.6226974100890054,0.6194025721401635,16,3,1,0.5930139941197649,single,0,passed,h reconstruction,sae_previous_iid,SAE
0.6569151920226184,0.7016900665401006,16,3,1,0.630518844551353,up_to_four,0,passed,h reconstruction,sae_previous_transfer,SAE
0.6318188742054012,0.6242284357689264,16,3,1,0.6082577954210762,single,0,passed,h reconstruction,sae_previous_transfer,SAE
0.9768439628877774,,16,3,1,0.9767562468792282,up_to_four,0,passed,h reconstruction,sae_query_iid,SAE
0.5,,16,3,1,0.37509383914718986,single,0,passed,h reconstruction,sae_query_iid,SAE
0.6425574287398299,0.7062522709317404,16,3,1,0.62826511228069,up_to_four,0,passed,h reconstruction,sae_A_iid,SAE
0.6236679715580469,0.6269238333661126,16,3,1,0.6008335370321722,single,0,passed,h reconstruction,sae_A_iid,SAE
0.6166978478012677,0.702281351749615,16,3,1,0.5700974522598783,up_to_four,0,passed,h reconstruction,sae_B_iid,SAE
0.6166846394134131,0.6157248899341038,16,3,1,0.5586195282358222,single,0,passed,h reconstruction,sae_B_iid,SAE
0.6403413001462028,0.6992850296228257,16,3,1,0.6378696530795047,up_to_four,0,passed,h reconstruction,sae_C_iid,SAE
0.6167582991368927,0.6218980781347212,16,3,1,0.5931562594183207,single,0,passed,h reconstruction,sae_C_iid,SAE
0.6453475554735244,0.7176376085550096,16,3,1,0.6376277485504448,up_to_four,0,passed,h reconstruction,sae_D_iid,SAE
0.6200717259341291,0.6141723167181924,16,3,1,0.5956504146242771,single,0,passed,h reconstruction,sae_D_iid,SAE
0.12216816038180937,,16,3,1,0.06913887904081417,up_to_four,0,passed,h reconstruction,sae_state_iid,SAE
0.11246681388280899,,16,3,1,0.034962967256341466,single,0,passed,h reconstruction,sae_state_iid,SAE
0.8846373536065755,0.9403982138945327,16,3,1,0.8809208710509997,up_to_four,0,passed,h reconstruction,sae_128_current_iid,SAE
0.8312819785242671,0.8318910737321964,16,3,1,0.8229244172317547,single,0,passed,h reconstruction,sae_128_current_iid,SAE
0.8744782346537032,0.937200096241217,16,3,1,0.866825906809664,up_to_four,0,passed,h reconstruction,sae_128_current_transfer,SAE
0.6204239276649458,0.6203949451988521,16,3,1,0.5446537146586575,single,0,passed,h reconstruction,sae_128_current_transfer,SAE
0.6430890404086067,0.7009718877922704,16,3,1,0.6191588094125144,up_to_four,0,passed,h reconstruction,sae_128_previous_iid,SAE
0.6226974100890054,0.6194025721401635,16,3,1,0.5930139941197649,single,0,passed,h reconstruction,sae_128_previous_iid,SAE
0.644365268370975,0.646954610809144,16,3,1,0.6095634883500357,up_to_four,0,passed,h reconstruction,sae_128_previous_transfer,SAE
0.6318188742054012,0.6242284357689264,16,3,1,0.6082577954210762,single,0,passed,h reconstruction,sae_128_previous_transfer,SAE
0.6836731695715486,,16,3,1,0.657793744305295,up_to_four,0,passed,h reconstruction,sae_128_query_iid,SAE
0.45514121756196596,,16,3,1,0.34527081030332596,single,0,passed,h reconstruction,sae_128_query_iid,SAE
0.5949921093177301,0.6273872818773097,16,3,1,0.5778565294920586,up_to_four,0,passed,h reconstruction,sae_128_A_iid,SAE
0.5345279576729607,0.5347075950868782,16,3,1,0.41617204220493087,single,0,passed,h reconstruction,sae_128_A_iid,SAE
0.616186963369218,0.581288806643771,16,3,1,0.5532406497265743,up_to_four,0,passed,h reconstruction,sae_128_B_iid,SAE
0.6144379126520506,0.5494934703334006,16,3,1,0.5496897050683143,single,0,passed,h reconstruction,sae_128_B_iid,SAE
0.5995519062151576,0.6167074071169885,16,3,1,0.5948730011702019,up_to_four,0,passed,h reconstruction,sae_128_C_iid,SAE
0.5448833564204163,0.5452359304140781,16,3,1,0.45969278962892846,single,0,passed,h reconstruction,sae_128_C_iid,SAE
0.5761371880255117,0.614278926092872,16,3,1,0.5243885892273895,up_to_four,0,passed,h reconstruction,sae_128_D_iid,SAE
0.5643018000697264,0.5687040818157582,16,3,1,0.5327033193976793,single,0,passed,h reconstruction,sae_128_D_iid,SAE
0.09851509085571905,,16,3,1,0.03558780219530981,up_to_four,0,passed,h reconstruction,sae_128_state_iid,SAE
0.09294585846670805,,16,3,1,0.028965804461897122,single,0,passed,h reconstruction,sae_128_state_iid,SAE
0.9992652305528298,0.999727854271447,4,7,1,0.9992494009750656,up_to_four,0,passed,h reconstruction,sae_current_iid,SAE
0.9992652305528298,0.9994648761468713,4,7,1,0.9992494009750656,single,0,passed,h reconstruction,sae_current_iid,SAE
0.9992175543720778,0.9999820276327575,4,7,1,0.9991938721982243,up_to_four,0,passed,h reconstruction,sae_current_transfer,SAE
0.9992175543720778,0.999430470254275,4,7,1,0.9991938721982243,single,0,passed,h reconstruction,sae_current_transfer,SAE
0.6689162067785732,0.7596186903878972,4,7,1,0.6315727002650086,up_to_four,0,passed,h reconstruction,sae_previous_iid,SAE
0.6223314741510617,0.6253698301632781,4,7,1,0.5673644249208258,single,0,passed,h reconstruction,sae_previous_iid,SAE
0.6483972417995177,0.7302399864764955,4,7,1,0.5990577033060702,up_to_four,0,passed,h reconstruction,sae_previous_transfer,SAE
0.6038612577602254,0.6048065098584119,4,7,1,0.528135147442472,single,0,passed,h reconstruction,sae_previous_transfer,SAE
0.7295934929370653,,4,7,1,0.7128190621922983,up_to_four,0,passed,h reconstruction,sae_query_iid,SAE
0.37221063496593226,,4,7,1,0.24789545614453046,single,0,passed,h reconstruction,sae_query_iid,SAE
0.6497572702624922,0.7006816641734155,4,7,1,0.6497337086632572,up_to_four,0,passed,h reconstruction,sae_A_iid,SAE
0.6311823362195546,0.6361036906193863,4,7,1,0.6093291081924185,single,0,passed,h reconstruction,sae_A_iid,SAE
0.6440260022724831,0.718308619705858,4,7,1,0.6439907490518427,up_to_four,0,passed,h reconstruction,sae_B_iid,SAE
0.6284852132498222,0.6370655421018564,4,7,1,0.6023064101507567,single,0,passed,h reconstruction,sae_B_iid,SAE
0.646370859459412,0.7283140067829292,4,7,1,0.6412818450846214,up_to_four,0,passed,h reconstruction,sae_C_iid,SAE
0.6313290974518779,0.6401811487897955,4,7,1,0.6043260467225604,single,0,passed,h reconstruction,sae_C_iid,SAE
0.6483626786739674,0.706715412279926,4,7,1,0.6473981347361328,up_to_four,0,passed,h reconstruction,sae_D_iid,SAE
0.6480444877671137,0.6619444816948905,4,7,1,0.6479861505649123,single,0,passed,h reconstruction,sae_D_iid,SAE
0.12428366623724288,,4,7,1,0.06182454626174174,up_to_four,0,passed,h reconstruction,sae_state_iid,SAE
0.12484064252932178,,4,7,1,0.03736716426892166,single,0,passed,h reconstruction,sae_state_iid,SAE
0.8478166530447013,0.8513436734965449,4,7,1,0.847692906446751,up_to_four,0,passed,h reconstruction,sae_128_current_iid,SAE
0.738891666303699,0.7392257584130582,4,7,1,0.7247303006051742,single,0,passed,h reconstruction,sae_128_current_iid,SAE
0.70550576184379,0.708066581306018,4,7,1,0.6875603641986963,up_to_four,0,passed,h reconstruction,sae_128_current_transfer,SAE
0.5298762270593257,0.5300896286811779,4,7,1,0.40902554763697496,single,0,passed,h reconstruction,sae_128_current_transfer,SAE
0.5813540218600852,0.6102265417235212,4,7,1,0.5038109969637135,up_to_four,0,passed,h reconstruction,sae_128_previous_iid,SAE
0.5327088023579896,0.5331828643923929,4,7,1,0.4103413065680196,single,0,passed,h reconstruction,sae_128_previous_iid,SAE
0.5569124055862477,0.5794708371569433,4,7,1,0.4627458365842503,up_to_four,0,passed,h reconstruction,sae_128_previous_transfer,SAE
0.5291117583899599,0.5288832706075546,4,7,1,0.4067067435254741,single,0,passed,h reconstruction,sae_128_previous_transfer,SAE
0.5003303311152877,,4,7,1,0.48044716157242884,up_to_four,0,passed,h reconstruction,sae_128_query_iid,SAE
0.35381930289304336,,4,7,1,0.24739011489975138,single,0,passed,h reconstruction,sae_128_query_iid,SAE
0.6369158679558797,0.6468158364940558,4,7,1,0.6320510198507345,up_to_four,0,passed,h reconstruction,sae_128_A_iid,SAE
0.6148135137908028,0.6118428044794854,4,7,1,0.5909386077595243,single,0,passed,h reconstruction,sae_128_A_iid,SAE
0.6304847030057968,0.6683793776399765,4,7,1,0.6066096686823053,up_to_four,0,passed,h reconstruction,sae_128_B_iid,SAE
0.6284852132498222,0.6370655421018564,4,7,1,0.6023064101507567,single,0,passed,h reconstruction,sae_128_B_iid,SAE
0.6016581598123629,0.605185984831738,4,7,1,0.5734833467771554,up_to_four,0,passed,h reconstruction,sae_128_C_iid,SAE
0.5500528615980769,0.5505577166357732,4,7,1,0.4712991587962015,single,0,passed,h reconstruction,sae_128_C_iid,SAE
0.5880265691009393,0.591356884146787,4,7,1,0.5586763772473764,up_to_four,0,passed,h reconstruction,sae_128_D_iid,SAE
0.5190725488084984,0.5191227768292933,4,7,1,0.38485695659024755,single,0,passed,h reconstruction,sae_128_D_iid,SAE
0.10155174457357541,,4,7,1,0.0436698600893396,up_to_four,0,passed,h reconstruction,sae_128_state_iid,SAE
0.09517022907874786,,4,7,1,0.030747500561603698,single,0,passed,h reconstruction,sae_128_state_iid,SAE
0.9992508185989788,0.9999953061066972,16,7,1,0.999249379565297,up_to_four,0,passed,h reconstruction,sae_current_iid,SAE
0.9980473403860097,0.9982960917103082,16,7,1,0.9979985301004911,single,0,passed,h reconstruction,sae_current_iid,SAE
0.9991701137990864,0.999998380867816,16,7,1,0.9991937957082535,up_to_four,0,passed,h reconstruction,sae_current_transfer,SAE
0.9984825493171472,0.9986722306525038,16,7,1,0.9983879698975475,single,0,passed,h reconstruction,sae_current_transfer,SAE
0.6664249187004685,0.750382910026132,16,7,1,0.6403144193415411,up_to_four,0,passed,h reconstruction,sae_previous_iid,SAE
0.6345423733862925,0.6448370308555437,16,7,1,0.5995049927614932,single,0,passed,h reconstruction,sae_previous_iid,SAE
0.664137263570874,0.7533800401989887,16,7,1,0.6424288665047787,up_to_four,0,passed,h reconstruction,sae_previous_transfer,SAE
0.6401798551796137,0.6476800130776748,16,7,1,0.5997893959701971,single,0,passed,h reconstruction,sae_previous_transfer,SAE
0.7609822736555374,,16,7,1,0.7579298063211776,up_to_four,0,passed,h reconstruction,sae_query_iid,SAE
0.4686165854572677,,16,7,1,0.3720492617551302,single,0,passed,h reconstruction,sae_query_iid,SAE
0.6552445250605504,0.7161408225587673,16,7,1,0.6548223504073235,up_to_four,0,passed,h reconstruction,sae_A_iid,SAE
0.6320349707646491,0.6342120721127145,16,7,1,0.6108759759113571,single,0,passed,h reconstruction,sae_A_iid,SAE
0.6450163111582379,0.716619962340885,16,7,1,0.6445482005252652,up_to_four,0,passed,h reconstruction,sae_B_iid,SAE
0.6350387349982733,0.6455225976704246,16,7,1,0.6073316693204127,single,0,passed,h reconstruction,sae_B_iid,SAE
0.6520004228967848,0.735578015091419,16,7,1,0.651879990287767,up_to_four,0,passed,h reconstruction,sae_C_iid,SAE
0.6299731436340709,0.6428361891683481,16,7,1,0.6044031773340288,single,0,passed,h reconstruction,sae_C_iid,SAE
0.6534556557872935,0.7180189199421424,16,7,1,0.6476800418547057,up_to_four,0,passed,h reconstruction,sae_D_iid,SAE
0.6367349319141955,0.637708004688269,16,7,1,0.6077791011897902,single,0,passed,h reconstruction,sae_D_iid,SAE
0.12447013334095283,,16,7,1,0.041246692462665366,up_to_four,0,passed,h reconstruction,sae_state_iid,SAE
0.12423508414074452,,16,7,1,0.03718073189732744,single,0,passed,h reconstruction,sae_state_iid,SAE
0.9937792402530354,0.9939012714706086,16,7,1,0.9939427694687717,up_to_four,0,passed,h reconstruction,sae_128_current_iid,SAE
0.9937792402530354,0.9939012714706086,16,7,1,0.9939427694687717,single,0,passed,h reconstruction,sae_128_current_iid,SAE
0.9921278602779596,0.9923076649069938,16,7,1,0.9925363988455631,up_to_four,0,passed,h reconstruction,sae_128_current_transfer,SAE
0.9921278602779596,0.9923076649069938,16,7,1,0.9925363988455631,single,0,passed,h reconstruction,sae_128_current_transfer,SAE
0.7561268606400802,0.7908883902894821,16,7,1,0.7538475207714332,up_to_four,0,passed,h reconstruction,sae_128_previous_iid,SAE
0.6345423733862925,0.6448370308555437,16,7,1,0.5995049927614932,single,0,passed,h reconstruction,sae_128_previous_iid,SAE
0.7493332986576807,0.7879682606321123,16,7,1,0.7443091017666179,up_to_four,0,passed,h reconstruction,sae_128_previous_transfer,SAE
0.6401798551796137,0.6476800130776748,16,7,1,0.5997893959701971,single,0,passed,h reconstruction,sae_128_previous_transfer,SAE
0.7602934231500406,,16,7,1,0.7457428338900008,up_to_four,0,passed,h reconstruction,sae_128_query_iid,SAE
0.3780886906755604,,16,7,1,0.2520333077700012,single,0,passed,h reconstruction,sae_128_query_iid,SAE
0.6552445250605504,0.7161408225587673,16,7,1,0.6548223504073235,up_to_four,0,passed,h reconstruction,sae_128_A_iid,SAE
0.6320349707646491,0.6342120721127145,16,7,1,0.6108759759113571,single,0,passed,h reconstruction,sae_128_A_iid,SAE
0.6404251956162241,0.7004889835240972,16,7,1,0.6400494375772462,up_to_four,0,passed,h reconstruction,sae_128_B_iid,SAE
0.6435695323958527,0.6663985947636187,16,7,1,0.6436047969232602,single,0,passed,h reconstruction,sae_128_B_iid,SAE
0.6582405805686428,0.7112125730270235,16,7,1,0.656701108204492,up_to_four,0,passed,h reconstruction,sae_128_C_iid,SAE
0.6352197418715549,0.6481146236694134,16,7,1,0.6085220769241512,single,0,passed,h reconstruction,sae_128_C_iid,SAE
0.6534556557872935,0.7180189199421424,16,7,1,0.6476800418547057,up_to_four,0,passed,h reconstruction,sae_128_D_iid,SAE
0.6367349319141955,0.637708004688269,16,7,1,0.6077791011897902,single,0,passed,h reconstruction,sae_128_D_iid,SAE
0.13106189039914334,,16,7,1,0.06893790539988359,up_to_four,0,passed,h reconstruction,sae_128_state_iid,SAE
0.12281869332383506,,16,7,1,0.04144734079005681,single,0,passed,h reconstruction,sae_128_state_iid,SAE
0.9982009878273435,0.9985575936104443,4,11,1,0.9982483758897459,up_to_four,0,passed,h reconstruction,sae_current_iid,SAE
0.9982009878273435,0.9985575936104443,4,11,1,0.9982483758897459,single,0,passed,h reconstruction,sae_current_iid,SAE
0.9982927870251814,0.9989329918907384,4,11,1,0.9983873579747885,up_to_four,0,passed,h reconstruction,sae_current_transfer,SAE
0.9982927870251814,0.9989329918907384,4,11,1,0.9983873579747885,single,0,passed,h reconstruction,sae_current_transfer,SAE
0.6780461415761353,0.712994547853592,4,11,1,0.6512455747322621,up_to_four,0,passed,h reconstruction,sae_previous_iid,SAE
0.6191476663688695,0.6200000023093998,4,11,1,0.5662359018073259,single,0,passed,h reconstruction,sae_previous_iid,SAE
0.6718644231519425,0.6990564197636359,4,11,1,0.6427632324606143,up_to_four,0,passed,h reconstruction,sae_previous_transfer,SAE
0.6091887383387637,0.6093507231731194,4,11,1,0.5508780478315671,single,0,passed,h reconstruction,sae_previous_transfer,SAE
0.7151377662474947,,4,11,1,0.7261688409667885,up_to_four,0,passed,h reconstruction,sae_query_iid,SAE
0.3831580982093705,,4,11,1,0.28519408640031674,single,0,passed,h reconstruction,sae_query_iid,SAE
0.6484977512188692,0.7220493368526449,4,11,1,0.6485078894611673,up_to_four,0,passed,h reconstruction,sae_A_iid,SAE
0.6200101854263534,0.6202923448004068,4,11,1,0.5507727063139852,single,0,passed,h reconstruction,sae_A_iid,SAE
0.6442447011550214,0.6306306656979448,4,11,1,0.6442640870426982,up_to_four,0,passed,h reconstruction,sae_B_iid,SAE
0.6442447011550214,0.6306306656979448,4,11,1,0.6442640870426982,single,0,passed,h reconstruction,sae_B_iid,SAE
0.6487563641400927,0.6946348650577941,4,11,1,0.6487238558584485,up_to_four,0,passed,h reconstruction,sae_C_iid,SAE
0.625557088360837,0.62529048777946,4,11,1,0.563359239603558,single,0,passed,h reconstruction,sae_C_iid,SAE
0.6479219217833558,0.7178151339670235,4,11,1,0.6478527969436746,up_to_four,0,passed,h reconstruction,sae_D_iid,SAE
0.6264765596160945,0.6258889889043338,4,11,1,0.5587070588600656,single,0,passed,h reconstruction,sae_D_iid,SAE
0.12456238064926797,,4,11,1,0.037288216709778776,up_to_four,0,passed,h reconstruction,sae_state_iid,SAE
0.12384444060552206,,4,11,1,0.037521585720671116,single,0,passed,h reconstruction,sae_state_iid,SAE
0.8913408337411383,0.923974416339889,4,11,1,0.8874999936765936,up_to_four,0,passed,h reconstruction,sae_128_current_iid,SAE
0.7522240847448507,0.7523020293952616,4,11,1,0.7314183174878043,single,0,passed,h reconstruction,sae_128_current_iid,SAE
0.7774800733402114,0.9065134935237951,4,11,1,0.7568495122537022,up_to_four,0,passed,h reconstruction,sae_128_current_transfer,SAE
0.7325493171471927,0.7325493171471927,4,11,1,0.7018024910596687,single,0,passed,h reconstruction,sae_128_current_transfer,SAE
0.6032836604540349,0.6296364231139046,4,11,1,0.5455149978984074,up_to_four,0,passed,h reconstruction,sae_128_previous_iid,SAE
0.5524801452242941,0.5527622614981839,4,11,1,0.4406674923226433,single,0,passed,h reconstruction,sae_128_previous_iid,SAE
0.5959043100597784,0.619609174434632,4,11,1,0.5343190413051654,up_to_four,0,passed,h reconstruction,sae_128_previous_transfer,SAE
0.5390994609174434,0.5438932460497621,4,11,1,0.4143133601425716,single,0,passed,h reconstruction,sae_128_previous_transfer,SAE
0.6139448928776766,,4,11,1,0.5634477038147316,up_to_four,0,passed,h reconstruction,sae_128_query_iid,SAE
0.3831580982093705,,4,11,1,0.28519408640031674,single,0,passed,h reconstruction,sae_128_query_iid,SAE
0.6397794805342466,0.7023010236349481,4,11,1,0.6154982806960911,up_to_four,0,passed,h reconstruction,sae_128_A_iid,SAE
0.6200101854263534,0.6202923448004068,4,11,1,0.5507727063139852,single,0,passed,h reconstruction,sae_128_A_iid,SAE
0.605609646349818,0.6093330408542641,4,11,1,0.5870386269265464,up_to_four,0,passed,h reconstruction,sae_128_B_iid,SAE
0.590215370368799,0.5925819532435878,4,11,1,0.5613365054642135,single,0,passed,h reconstruction,sae_128_B_iid,SAE
0.5868794282445071,0.5869583163755769,4,11,1,0.5698849489469602,up_to_four,0,passed,h reconstruction,sae_128_C_iid,SAE
0.5645651925924939,0.5633714202116682,4,11,1,0.53705798026184,single,0,passed,h reconstruction,sae_128_C_iid,SAE
0.6350222124810303,0.6925357996813605,4,11,1,0.6186219640853934,up_to_four,0,passed,h reconstruction,sae_128_D_iid,SAE
0.6264765596160945,0.6258889889043338,4,11,1,0.5587070588600656,single,0,passed,h reconstruction,sae_128_D_iid,SAE
0.11247266546197243,,4,11,1,0.04695370535731471,up_to_four,0,passed,h reconstruction,sae_128_state_iid,SAE
0.07762358187066641,,4,11,1,0.023386939363859383,single,0,passed,h reconstruction,sae_128_state_iid,SAE
0.9986849092110961,0.9999927189608149,16,11,1,0.9986489745683198,up_to_four,0,passed,h reconstruction,sae_current_iid,SAE
0.9989934050899177,0.9994280756230448,16,11,1,0.9989991582921236,single,0,passed,h reconstruction,sae_current_iid,SAE
0.9984825493171472,0.9999970855620688,16,11,1,0.9983879698975475,up_to_four,0,passed,h reconstruction,sae_current_transfer,SAE
0.998814471414869,0.9995714157108929,16,11,1,0.9987908082973364,single,0,passed,h reconstruction,sae_current_transfer,SAE
0.6847549825011008,0.7756715128265794,16,11,1,0.6597716884141617,up_to_four,0,passed,h reconstruction,sae_previous_iid,SAE
0.6263205927213031,0.6327972235010524,16,11,1,0.5900607359457775,single,0,passed,h reconstruction,sae_previous_iid,SAE
0.7529684835470221,0.816190588532514,16,11,1,0.7521320654265427,up_to_four,0,passed,h reconstruction,sae_previous_transfer,SAE
0.606202235836544,0.6126211635415235,16,11,1,0.5645962172980185,single,0,passed,h reconstruction,sae_previous_transfer,SAE
0.8668889555078142,,16,11,1,0.8571118148677983,up_to_four,0,passed,h reconstruction,sae_query_iid,SAE
0.36865452626896283,,16,11,1,0.2713195090801875,single,0,passed,h reconstruction,sae_query_iid,SAE
0.6432651320796474,0.7294403978726967,16,11,1,0.6398769849178276,up_to_four,0,passed,h reconstruction,sae_A_iid,SAE
0.6132389110234817,0.614017738566469,16,11,1,0.5399833248997423,single,0,passed,h reconstruction,sae_A_iid,SAE
0.6424199423601964,0.7111583940265426,16,11,1,0.6423869919446357,up_to_four,0,passed,h reconstruction,sae_B_iid,SAE
0.6319779712908886,0.6446087823611506,16,11,1,0.6105802283539453,single,0,passed,h reconstruction,sae_B_iid,SAE
0.6455766329365612,0.7375527334679913,16,11,1,0.6321204415328532,up_to_four,0,passed,h reconstruction,sae_C_iid,SAE
0.6314616927145839,0.6449583183956571,16,11,1,0.6020207062290128,single,0,passed,h reconstruction,sae_C_iid,SAE
0.647763467197818,0.7154881727030014,16,11,1,0.6477510622513287,up_to_four,0,passed,h reconstruction,sae_D_iid,SAE
0.6368980327919281,0.6452101343723724,16,11,1,0.6078720448085799,single,0,passed,h reconstruction,sae_D_iid,SAE
0.123742326780137,,16,11,1,0.03989885345357593,up_to_four,0,passed,h reconstruction,sae_state_iid,SAE
0.123742326780137,,16,11,1,0.03989885345357593,single,0,passed,h reconstruction,sae_state_iid,SAE
0.9987734626608694,0.9990719602467071,16,11,1,0.9987490227334319,up_to_four,0,passed,h reconstruction,sae_128_current_iid,SAE
0.9987734626608694,0.9990719602467071,16,11,1,0.9987490227334319,single,0,passed,h reconstruction,sae_128_current_iid,SAE
0.9975341426403641,0.9986722306525038,16,11,1,0.9973807505418107,up_to_four,0,passed,h reconstruction,sae_128_current_transfer,SAE
0.9975341426403641,0.9986722306525038,16,11,1,0.9973807505418107,single,0,passed,h reconstruction,sae_128_current_transfer,SAE
0.6574236636571724,0.7146338521746289,16,11,1,0.6237026570362046,up_to_four,0,passed,h reconstruction,sae_128_previous_iid,SAE
0.621640709590787,0.626750631822905,16,11,1,0.5656535513198471,single,0,passed,h reconstruction,sae_128_previous_iid,SAE
0.6595361140729898,0.7174187568035488,16,11,1,0.6300957997136047,up_to_four,0,passed,h reconstruction,sae_128_previous_transfer,SAE
0.6266935031449579,0.6320798704121325,16,11,1,0.5763370261605663,single,0,passed,h reconstruction,sae_128_previous_transfer,SAE
0.48118224231279033,,16,11,1,0.4609396588681592,up_to_four,0,passed,h reconstruction,sae_128_query_iid,SAE
0.3332342036362633,,16,11,1,0.2339637227863729,single,0,passed,h reconstruction,sae_128_query_iid,SAE
0.6498154059148369,0.6566834763039932,16,11,1,0.6497889986223366,up_to_four,0,passed,h reconstruction,sae_128_A_iid,SAE
0.6498154059148369,0.6566834763039932,16,11,1,0.6497889986223366,single,0,passed,h reconstruction,sae_128_A_iid,SAE
0.6425544477765159,0.6837346638609383,16,11,1,0.6424841648694177,up_to_four,0,passed,h reconstruction,sae_128_B_iid,SAE
0.6428857581718694,0.6684628906740937,16,11,1,0.6428244304638349,single,0,passed,h reconstruction,sae_128_B_iid,SAE
0.6489740127785671,0.6535668950700654,16,11,1,0.6489584404628377,up_to_four,0,passed,h reconstruction,sae_128_C_iid,SAE
0.6489740127785671,0.6535668950700654,16,11,1,0.6489584404628377,single,0,passed,h reconstruction,sae_128_C_iid,SAE
0.6478515865325458,0.638428625581908,16,11,1,0.6477904636247442,up_to_four,0,passed,h reconstruction,sae_128_D_iid,SAE
0.6478515865325458,0.638428625581908,16,11,1,0.6477904636247442,single,0,passed,h reconstruction,sae_128_D_iid,SAE
0.123742326780137,,16,11,1,0.03989885345357593,up_to_four,0,passed,h reconstruction,sae_128_state_iid,SAE
0.123742326780137,,16,11,1,0.03989885345357593,single,0,passed,h reconstruction,sae_128_state_iid,SAE
0.5394102884696683,0.5363433396196141,4,0,2,0.4523222543177489,up_to_four,0,passed,h reconstruction,sae_current_iid,SAE
0.5226181203737628,0.5228121463066325,4,0,2,0.39731486366632257,single,0,passed,h reconstruction,sae_current_iid,SAE
0.5097218363290517,0.5176178582508062,4,0,2,0.3743345437570807,up_to_four,0,passed,h reconstruction,sae_current_transfer,SAE
0.5034381462361329,0.5034390367588342,4,0,2,0.35404777861833486,single,0,passed,h reconstruction,sae_current_transfer,SAE
0.509052356286342,0.5118754185065366,4,0,2,0.48260995077212643,up_to_four,0,passed,h reconstruction,sae_previous_iid,SAE
0.49966743488849463,0.5005219012502975,4,0,2,0.3343152925519919,single,0,passed,h reconstruction,sae_previous_iid,SAE
0.4980773589041503,0.5018563239102247,4,0,2,0.4726776123983428,up_to_four,0,passed,h reconstruction,sae_previous_transfer,SAE
0.5006479393374226,0.5082106062914018,4,0,2,0.37956264403203455,single,0,passed,h reconstruction,sae_previous_transfer,SAE
1.0,,4,0,2,1.0,up_to_four,0,passed,h reconstruction,sae_query_iid,SAE
0.5,,4,0,2,0.37509383914718986,single,0,passed,h reconstruction,sae_query_iid,SAE
0.5232234287710025,0.5442592101914006,4,0,2,0.42341581132679895,up_to_four,0,passed,h reconstruction,sae_A_iid,SAE
0.5222440169604546,0.5224478596274708,4,0,2,0.3976224323375492,single,0,passed,h reconstruction,sae_A_iid,SAE
0.5323010524603544,0.538506918433482,4,0,2,0.446614190319745,up_to_four,0,passed,h reconstruction,sae_B_iid,SAE
0.5162021890381268,0.516447179616944,4,0,2,0.40107547415124983,single,0,passed,h reconstruction,sae_B_iid,SAE
0.5182592997116056,0.5232459076300738,4,0,2,0.4304558544533112,up_to_four,0,passed,h reconstruction,sae_C_iid,SAE
0.5109325139114772,0.5045653962005752,4,0,2,0.3910950935000348,single,0,passed,h reconstruction,sae_C_iid,SAE
0.5251284299249416,0.5140454008436385,4,0,2,0.3990843209455294,up_to_four,0,passed,h reconstruction,sae_D_iid,SAE
0.5132760589700996,0.515121327907105,4,0,2,0.3757003458850663,single,0,passed,h reconstruction,sae_D_iid,SAE
0.0710180270526703,,4,0,2,0.022079889349668334,up_to_four,0,passed,h reconstruction,sae_state_iid,SAE
0.0669232196838997,,4,0,2,0.018275297954079277,single,0,passed,h reconstruction,sae_state_iid,SAE
0.5198239627876946,0.5237816854812055,4,0,2,0.48683570678606836,up_to_four,0,passed,h reconstruction,sae_128_current_iid,SAE
0.5141762383391281,0.5169598571839427,4,0,2,0.37936613282577175,single,0,passed,h reconstruction,sae_128_current_iid,SAE
0.5,0.5540442036039291,4,0,2,0.34615889691398555,up_to_four,0,passed,h reconstruction,sae_128_current_transfer,SAE
0.5504519969404879,0.5540442036039291,4,0,2,0.49204626576350313,single,0,passed,h reconstruction,sae_128_current_transfer,SAE
0.501908124225846,0.5019641849048625,4,0,2,0.38688961271502664,up_to_four,0,passed,h reconstruction,sae_128_previous_iid,SAE
0.501908124225846,0.5019641849048625,4,0,2,0.38688961271502664,single,0,passed,h reconstruction,sae_128_previous_iid,SAE
0.49567470770282474,0.4963048138474742,4,0,2,0.43825044127581375,up_to_four,0,passed,h reconstruction,sae_128_previous_transfer,SAE
0.4998441453256601,0.4998432165135365,4,0,2,0.3431365718074084,single,0,passed,h reconstruction,sae_128_previous_transfer,SAE
0.6280261656197307,,4,0,2,0.5969432055167845,up_to_four,0,passed,h reconstruction,sae_128_query_iid,SAE
0.5,,4,0,2,0.3750062515628907,single,0,passed,h reconstruction,sae_128_query_iid,SAE
0.5132480465544899,0.5234082816261377,4,0,2,0.47019666930380133,up_to_four,0,passed,h reconstruction,sae_128_A_iid,SAE
0.5029635518440033,0.5030397062951807,4,0,2,0.346785143439588,single,0,passed,h reconstruction,sae_128_A_iid,SAE
0.5050867502899041,0.5082332884675084,4,0,2,0.3610139033386929,up_to_four,0,passed,h reconstruction,sae_128_B_iid,SAE
0.5030862198730682,0.5051000387285942,4,0,2,0.3506812435952613,single,0,passed,h reconstruction,sae_128_B_iid,SAE
0.5027735650827981,0.5072080460873492,4,0,2,0.34606941250329665,up_to_four,0,passed,h reconstruction,sae_128_C_iid,SAE
0.5026741911386463,0.5033438877189036,4,0,2,0.3458558109338188,single,0,passed,h reconstruction,sae_128_C_iid,SAE
0.5132502640375702,0.5178275427715229,4,0,2,0.37617601845210885,up_to_four,0,passed,h reconstruction,sae_128_D_iid,SAE
0.5132760589700996,0.515121327907105,4,0,2,0.3757003458850663,single,0,passed,h reconstruction,sae_128_D_iid,SAE
0.06284947062888646,,4,0,2,0.012591220823651257,up_to_four,0,passed,h reconstruction,sae_128_state_iid,SAE
0.0625,,4,0,2,0.011161832339146669,single,0,passed,h reconstruction,sae_128_state_iid,SAE
0.5987668011355338,0.6502482118768591,16,0,2,0.571304765202304,up_to_four,0,passed,h reconstruction,sae_current_iid,SAE
0.5733722979187857,0.5831664665940518,16,0,2,0.5361103126014785,single,0,passed,h reconstruction,sae_current_iid,SAE
0.503319382890436,0.6222540327725307,16,0,2,0.3288510856169349,up_to_four,0,passed,h reconstruction,sae_current_transfer,SAE
0.5932100396557854,0.619940859577847,16,0,2,0.5407559905436261,single,0,passed,h reconstruction,sae_current_transfer,SAE
0.5128639917120262,0.511636568837029,16,0,2,0.43628104447265786,up_to_four,0,passed,h reconstruction,sae_previous_iid,SAE
0.505424069880589,0.5060529944889639,16,0,2,0.3773697215154702,single,0,passed,h reconstruction,sae_previous_iid,SAE
0.49927812721753895,0.4997768064466992,16,0,2,0.32992776057791534,up_to_four,0,passed,h reconstruction,sae_previous_transfer,SAE
0.49887892376681614,0.49887892376681614,16,0,2,0.3239190566312418,single,0,passed,h reconstruction,sae_previous_transfer,SAE
1.0,,16,0,2,1.0,up_to_four,0,passed,h reconstruction,sae_query_iid,SAE
0.5,,16,0,2,0.37509383914718986,single,0,passed,h reconstruction,sae_query_iid,SAE
0.5528637522240578,0.5829774445381122,16,0,2,0.5343184391295706,up_to_four,0,passed,h reconstruction,sae_A_iid,SAE
0.5395085538791766,0.5424442266372084,16,0,2,0.4747093325709599,single,0,passed,h reconstruction,sae_A_iid,SAE
0.5553102642301968,0.5780970547536508,16,0,2,0.5454755618666535,up_to_four,0,passed,h reconstruction,sae_B_iid,SAE
0.5155589205368978,0.5135913210325085,16,0,2,0.3722507034637291,single,0,passed,h reconstruction,sae_B_iid,SAE
0.5281887038096542,0.5567033955577697,16,0,2,0.45593726909201293,up_to_four,0,passed,h reconstruction,sae_C_iid,SAE
0.5091639937189106,0.5093177548216888,16,0,2,0.3555966361140312,single,0,passed,h reconstruction,sae_C_iid,SAE
0.5453088790964276,0.5636002199618811,16,0,2,0.5204851960295174,up_to_four,0,passed,h reconstruction,sae_D_iid,SAE
0.5296092179873673,0.5323984202366212,16,0,2,0.4641281119036385,single,0,passed,h reconstruction,sae_D_iid,SAE
0.08034598768928543,,16,0,2,0.025193415266015286,up_to_four,0,passed,h reconstruction,sae_state_iid,SAE
0.07846212067850131,,16,0,2,0.024993975869170196,single,0,passed,h reconstruction,sae_state_iid,SAE
0.5105470681602148,0.523506156946818,16,0,2,0.4593465396595417,up_to_four,0,passed,h reconstruction,sae_128_current_iid,SAE
0.5060989787369236,0.5150743832964815,16,0,2,0.3469101191320038,single,0,passed,h reconstruction,sae_128_current_iid,SAE
0.4998577592376348,0.5002839148284659,16,0,2,0.3468439043937077,up_to_four,0,passed,h reconstruction,sae_128_current_transfer,SAE
0.5,0.5001896813353566,16,0,2,0.3199945370117454,single,0,passed,h reconstruction,sae_128_current_transfer,SAE
0.5037410486222179,0.5026306314857327,16,0,2,0.4026938162191044,up_to_four,0,passed,h reconstruction,sae_128_previous_iid,SAE
0.5002083136312667,0.49775608327649323,16,0,2,0.33080424852949286,single,0,passed,h reconstruction,sae_128_previous_iid,SAE
0.5,0.500051363310435,16,0,2,0.32441082339249344,up_to_four,0,passed,h reconstruction,sae_128_previous_transfer,SAE
0.5,0.5002071251035626,16,0,2,0.32441082339249344,single,0,passed,h reconstruction,sae_128_previous_transfer,SAE
1.0,,16,0,2,1.0,up_to_four,0,passed,h reconstruction,sae_128_query_iid,SAE
0.5,,16,0,2,0.37509383914718986,single,0,passed,h reconstruction,sae_128_query_iid,SAE
0.5137996520389757,0.5178231547190869,16,0,2,0.4659930978850803,up_to_four,0,passed,h reconstruction,sae_128_A_iid,SAE
0.49987674140554095,0.5125004165595924,16,0,2,0.33728971438082767,single,0,passed,h reconstruction,sae_128_A_iid,SAE
0.5085692818367377,0.5169224764494444,16,0,2,0.45231503972603554,up_to_four,0,passed,h reconstruction,sae_128_B_iid,SAE
0.5086498329899419,0.5157377591065431,16,0,2,0.4215842462620423,single,0,passed,h reconstruction,sae_128_B_iid,SAE
0.5086766093746261,0.5221073574410169,16,0,2,0.37791753779610404,up_to_four,0,passed,h reconstruction,sae_128_C_iid,SAE
0.5079552457437035,0.5079559007697015,16,0,2,0.37370441586059683,single,0,passed,h reconstruction,sae_128_C_iid,SAE
0.5164677412739428,0.5220113786894764,16,0,2,0.46840627175159255,up_to_four,0,passed,h reconstruction,sae_128_D_iid,SAE
0.508781492248062,0.5184012647287463,16,0,2,0.4207353684247081,single,0,passed,h reconstruction,sae_128_D_iid,SAE
0.06588760914211594,,16,0,2,0.019027702521462832,up_to_four,0,passed,h reconstruction,sae_128_state_iid,SAE
0.062468128505864355,,16,0,2,0.011157156518967166,single,0,passed,h reconstruction,sae_128_state_iid,SAE
0.7316595877284455,0.8380019623476497,4,3,2,0.7067101396036087,up_to_four,0,passed,h reconstruction,sae_current_iid,SAE
0.6466205729680427,0.6476987472489182,4,3,2,0.5918153720449724,single,0,passed,h reconstruction,sae_current_iid,SAE
0.5260349978659837,0.5767968967064908,4,3,2,0.4012879092832824,up_to_four,0,passed,h reconstruction,sae_current_transfer,SAE
0.5138711054204012,0.5138711054204012,4,3,2,0.37613242832940974,single,0,passed,h reconstruction,sae_current_transfer,SAE
0.6029508470820562,0.6311513316172184,4,3,2,0.5502616229459196,up_to_four,0,passed,h reconstruction,sae_previous_iid,SAE
0.5362131432789712,0.5367682421507255,4,3,2,0.4173252581673007,single,0,passed,h reconstruction,sae_previous_iid,SAE
0.5229908864954432,0.5552037628036751,4,3,2,0.3736957205997104,up_to_four,0,passed,h reconstruction,sae_previous_transfer,SAE
0.5047638773819387,0.5047638773819387,4,3,2,0.33493776041967704,single,0,passed,h reconstruction,sae_previous_transfer,SAE
0.6127973545428532,,4,3,2,0.5604122222814463,up_to_four,0,passed,h reconstruction,sae_query_iid,SAE
0.35057598406887436,,4,3,2,0.2523457856304451,single,0,passed,h reconstruction,sae_query_iid,SAE
0.5771802213531355,0.6404096730077523,4,3,2,0.5156669368287321,up_to_four,0,passed,h reconstruction,sae_A_iid,SAE
0.5710541450790195,0.570982360186559,4,3,2,0.47756086708308443,single,0,passed,h reconstruction,sae_A_iid,SAE
0.5909128933237764,0.6641802510266119,4,3,2,0.524840305477003,up_to_four,0,passed,h reconstruction,sae_B_iid,SAE
0.5895912740426681,0.5883110610562131,4,3,2,0.5131747560678108,single,0,passed,h reconstruction,sae_B_iid,SAE
0.5911728486503629,0.6552032350163978,4,3,2,0.524509156238924,up_to_four,0,passed,h reconstruction,sae_C_iid,SAE
0.587585136254058,0.5888835827894009,4,3,2,0.5142855943656347,single,0,passed,h reconstruction,sae_C_iid,SAE
0.6002403895451376,0.6588659726548081,4,3,2,0.5509454330701489,up_to_four,0,passed,h reconstruction,sae_D_iid,SAE
0.5951092807924203,0.5918806384357953,4,3,2,0.5111765838938207,single,0,passed,h reconstruction,sae_D_iid,SAE
0.08544428346065099,,4,3,2,0.033679806477693496,up_to_four,0,passed,h reconstruction,sae_state_iid,SAE
0.07467316492194274,,4,3,2,0.027371756896639877,single,0,passed,h reconstruction,sae_state_iid,SAE
0.6364369262441039,0.7083595017050943,4,3,2,0.5895613957652673,up_to_four,0,passed,h reconstruction,sae_128_current_iid,SAE
0.584897777612663,0.5852958027506335,4,3,2,0.49521593832085053,single,0,passed,h reconstruction,sae_128_current_iid,SAE
0.5106700810926164,0.539072007341793,4,3,2,0.3693410694167749,up_to_four,0,passed,h reconstruction,sae_128_current_transfer,SAE
0.5119499241274659,0.5187784522003035,4,3,2,0.3461137101540365,single,0,passed,h reconstruction,sae_128_current_transfer,SAE
0.5662937621149668,0.6021686418385409,4,3,2,0.48530017009181603,up_to_four,0,passed,h reconstruction,sae_128_previous_iid,SAE
0.5324356523286429,0.532574834078288,4,3,2,0.4114723681068297,single,0,passed,h reconstruction,sae_128_previous_iid,SAE
0.5419583446338808,0.5465692466590628,4,3,2,0.4362072536657737,up_to_four,0,passed,h reconstruction,sae_128_previous_transfer,SAE
0.5047638773819387,0.5047638773819387,4,3,2,0.33493776041967704,single,0,passed,h reconstruction,sae_128_previous_transfer,SAE
0.48860938851247615,,4,3,2,0.441943706774743,up_to_four,0,passed,h reconstruction,sae_128_query_iid,SAE
0.33672746779999313,,4,3,2,0.23611996230140922,single,0,passed,h reconstruction,sae_128_query_iid,SAE
0.5811004763159356,0.5871524202485211,4,3,2,0.5283139175954693,up_to_four,0,passed,h reconstruction,sae_128_A_iid,SAE
0.5591770638389325,0.5589907194276716,4,3,2,0.45991074170435053,single,0,passed,h reconstruction,sae_128_A_iid,SAE
0.5439152679517602,0.5451339118393744,4,3,2,0.44149169006149547,up_to_four,0,passed,h reconstruction,sae_128_B_iid,SAE
0.5258385885372647,0.5258837272021224,4,3,2,0.38749733069931347,single,0,passed,h reconstruction,sae_128_B_iid,SAE
0.5783039778848822,0.6379057434789587,4,3,2,0.49409545750934725,up_to_four,0,passed,h reconstruction,sae_128_C_iid,SAE
0.57087224791952,0.5710533751084581,4,3,2,0.48178124507639025,single,0,passed,h reconstruction,sae_128_C_iid,SAE
0.5224771594684385,0.5323544056302808,4,3,2,0.43032455710160594,up_to_four,0,passed,h reconstruction,sae_128_D_iid,SAE
0.5155219804868545,0.5160777631499682,4,3,2,0.37363913080141936,single,0,passed,h reconstruction,sae_128_D_iid,SAE
0.0787545431587503,,4,3,2,0.024837005018195385,up_to_four,0,passed,h reconstruction,sae_128_state_iid,SAE
0.07076573303543866,,4,3,2,0.020843749498146432,single,0,passed,h reconstruction,sae_128_state_iid,SAE
0.8543298153220207,0.8588717826113692,16,3,2,0.8545534616320991,up_to_four,0,passed,h reconstruction,sae_current_iid,SAE
0.8543298153220207,0.8588717826113692,16,3,2,0.8545534616320991,single,0,passed,h reconstruction,sae_current_iid,SAE
0.8591317759872334,0.8670515991520928,16,3,2,0.8621510990681586,up_to_four,0,passed,h reconstruction,sae_current_transfer,SAE
0.8591317759872334,0.8670515991520928,16,3,2,0.8621510990681586,single,0,passed,h reconstruction,sae_current_transfer,SAE
0.678746068679932,0.7641536067223855,16,3,2,0.6747903247212228,up_to_four,0,passed,h reconstruction,sae_previous_iid,SAE
0.6546216573892305,0.6583380012075851,16,3,2,0.6147327214170243,single,0,passed,h reconstruction,sae_previous_iid,SAE
0.6997055665568191,0.7737336575506852,16,3,2,0.6952537775506318,up_to_four,0,passed,h reconstruction,sae_previous_transfer,SAE
0.6523578824569681,0.6585377339213333,16,3,2,0.6107314422995649,single,0,passed,h reconstruction,sae_previous_transfer,SAE
0.9998497575828844,,16,3,2,0.9998498737217901,up_to_four,0,passed,h reconstruction,sae_query_iid,SAE
0.5,,16,3,2,0.3750062515628907,single,0,passed,h reconstruction,sae_query_iid,SAE
0.5897167055417246,0.6439139189525039,16,3,2,0.5446880062297984,up_to_four,0,passed,h reconstruction,sae_A_iid,SAE
0.5722106266246512,0.5724646266203067,16,3,2,0.4843692959306821,single,0,passed,h reconstruction,sae_A_iid,SAE
0.5881536210755278,0.6578083646238707,16,3,2,0.5031660741922102,up_to_four,0,passed,h reconstruction,sae_B_iid,SAE
0.5683836663634875,0.5495926733312723,16,3,2,0.4663031737685983,single,0,passed,h reconstruction,sae_B_iid,SAE
0.5789538436780556,0.587436510355096,16,3,2,0.5356626343283769,up_to_four,0,passed,h reconstruction,sae_C_iid,SAE
0.5699007493607421,0.5697513034292331,16,3,2,0.4717377176791822,single,0,passed,h reconstruction,sae_C_iid,SAE
0.5884533871149665,0.6331912128681145,16,3,2,0.534815721346397,up_to_four,0,passed,h reconstruction,sae_D_iid,SAE
0.5481950276342233,0.5486895974003835,16,3,2,0.43266127457248726,single,0,passed,h reconstruction,sae_D_iid,SAE
0.1052264029506588,,16,3,2,0.03600660367232905,up_to_four,0,passed,h reconstruction,sae_state_iid,SAE
0.10179803916667829,,16,3,2,0.0313254389570158,single,0,passed,h reconstruction,sae_state_iid,SAE
0.8543298153220207,0.8588717826113692,16,3,2,0.8545534616320991,up_to_four,0,passed,h reconstruction,sae_128_current_iid,SAE
0.8543298153220207,0.8588717826113692,16,3,2,0.8545534616320991,single,0,passed,h reconstruction,sae_128_current_iid,SAE
0.8581596490239547,0.9249697384194809,16,3,2,0.8611466071992375,up_to_four,0,passed,h reconstruction,sae_128_current_transfer,SAE
0.8591317759872334,0.8670515991520928,16,3,2,0.8621510990681586,single,0,passed,h reconstruction,sae_128_current_transfer,SAE
0.6736958328844438,0.72682572772939,16,3,2,0.6506984795128092,up_to_four,0,passed,h reconstruction,sae_128_previous_iid,SAE
0.6546216573892305,0.6583380012075851,16,3,2,0.6147327214170243,single,0,passed,h reconstruction,sae_128_previous_iid,SAE
0.6693926683286212,0.7192750807137736,16,3,2,0.643094511720574,up_to_four,0,passed,h reconstruction,sae_128_previous_transfer,SAE
0.6523578824569681,0.6585377339213333,16,3,2,0.6107314422995649,single,0,passed,h reconstruction,sae_128_previous_transfer,SAE
0.9063039841607339,,16,3,2,0.9068805215814262,up_to_four,0,passed,h reconstruction,sae_128_query_iid,SAE
0.484455769192898,,16,3,2,0.3651383094664793,single,0,passed,h reconstruction,sae_128_query_iid,SAE
0.5860683692689745,0.6218087368370547,16,3,2,0.5774728802875633,up_to_four,0,passed,h reconstruction,sae_128_A_iid,SAE
0.5640026733490784,0.5383605561846619,16,3,2,0.45530095785486924,single,0,passed,h reconstruction,sae_128_A_iid,SAE
0.5930875943459134,0.6327736115542815,16,3,2,0.5849776149489456,up_to_four,0,passed,h reconstruction,sae_128_B_iid,SAE
0.5522085545204627,0.5524356387280178,16,3,2,0.4388304321290598,single,0,passed,h reconstruction,sae_128_B_iid,SAE
0.597146570747393,0.6012071169104701,16,3,2,0.5881935806582507,up_to_four,0,passed,h reconstruction,sae_128_C_iid,SAE
0.597146570747393,0.6012071169104701,16,3,2,0.5881935806582507,single,0,passed,h reconstruction,sae_128_C_iid,SAE
0.5914286162893236,0.6271870718201417,16,3,2,0.5369948711259835,up_to_four,0,passed,h reconstruction,sae_128_D_iid,SAE
0.5772731263586399,0.5715284416768565,16,3,2,0.5251653997537393,single,0,passed,h reconstruction,sae_128_D_iid,SAE
0.10179803916667829,,16,3,2,0.0313254389570158,up_to_four,0,passed,h reconstruction,sae_128_state_iid,SAE
0.10179803916667829,,16,3,2,0.0313254389570158,single,0,passed,h reconstruction,sae_128_state_iid,SAE
0.8787330163130507,0.9492728748933515,4,7,2,0.8797104208511055,up_to_four,0,passed,h reconstruction,sae_current_iid,SAE
0.786887636080871,0.7868876360808709,4,7,2,0.7724982375033781,single,0,passed,h reconstruction,sae_current_iid,SAE
0.7486128894579599,0.9022933873993952,4,7,2,0.7407802321161818,up_to_four,0,passed,h reconstruction,sae_current_transfer,SAE
0.7972306525037935,0.7972306525037937,4,7,2,0.779953171506927,single,0,passed,h reconstruction,sae_current_transfer,SAE
0.6364820555597702,0.7113719231722746,4,7,2,0.5806057116585956,up_to_four,0,passed,h reconstruction,sae_previous_iid,SAE
0.5803117089223313,0.580752711899263,4,7,2,0.49868929480151825,single,0,passed,h reconstruction,sae_previous_iid,SAE
0.6978891815679091,0.7511454111108221,4,7,2,0.6695844584888766,up_to_four,0,passed,h reconstruction,sae_previous_transfer,SAE
0.5811809660389136,0.5852991332325262,4,7,2,0.5030584656195074,single,0,passed,h reconstruction,sae_previous_transfer,SAE
0.6431821640617642,,4,7,2,0.6586465845871728,up_to_four,0,passed,h reconstruction,sae_query_iid,SAE
0.37853442549809285,,4,7,2,0.2806964983980214,single,0,passed,h reconstruction,sae_query_iid,SAE
0.6335794521065883,0.7243184642105261,4,7,2,0.6220496171908912,up_to_four,0,passed,h reconstruction,sae_A_iid,SAE
0.6272476461968006,0.6270556909317923,4,7,2,0.5738100593000329,single,0,passed,h reconstruction,sae_A_iid,SAE
0.6238026796536873,0.7158887579968783,4,7,2,0.5602310083865613,up_to_four,0,passed,h reconstruction,sae_B_iid,SAE
0.6233552555214664,0.6206308153930071,4,7,2,0.5667306482314806,single,0,passed,h reconstruction,sae_B_iid,SAE
0.6244173531247456,0.7165633603997743,4,7,2,0.5644189605395046,up_to_four,0,passed,h reconstruction,sae_C_iid,SAE
0.6213331807139425,0.6211431781727417,4,7,2,0.5603478072957355,single,0,passed,h reconstruction,sae_C_iid,SAE
0.6346541940958124,0.7217122315724848,4,7,2,0.6224056393231845,up_to_four,0,passed,h reconstruction,sae_D_iid,SAE
0.6252337565624873,0.6251343219040953,4,7,2,0.5566585862545181,single,0,passed,h reconstruction,sae_D_iid,SAE
0.10874277890539616,,4,7,2,0.03307495583894286,up_to_four,0,passed,h reconstruction,sae_state_iid,SAE
0.07633543386293708,,4,7,2,0.02368014132185644,single,0,passed,h reconstruction,sae_state_iid,SAE
0.9931094847310153,0.9988076410097592,4,7,2,0.992995692070451,up_to_four,0,passed,h reconstruction,sae_128_current_iid,SAE
0.6329340207942076,0.6343798800477067,4,7,2,0.5854959221135861,single,0,passed,h reconstruction,sae_128_current_iid,SAE
0.5,0.5360885134229296,4,7,2,0.34615889691398555,up_to_four,0,passed,h reconstruction,sae_128_current_transfer,SAE
0.5183525394793,0.5183525394793,4,7,2,0.3855184134725719,single,0,passed,h reconstruction,sae_128_current_transfer,SAE
0.582145863074072,0.6071207570120016,4,7,2,0.5055825771316753,up_to_four,0,passed,h reconstruction,sae_128_previous_iid,SAE
0.5592258614898238,0.5600089558522442,4,7,2,0.46227759789535205,single,0,passed,h reconstruction,sae_128_previous_iid,SAE
0.5994237649585192,0.6378346045675265,4,7,2,0.5386229219948849,up_to_four,0,passed,h reconstruction,sae_128_previous_transfer,SAE
0.5724857984626301,0.5749202150385828,4,7,2,0.4914778301981221,single,0,passed,h reconstruction,sae_128_previous_transfer,SAE
0.7520261942139157,,4,7,2,0.7528027214303825,up_to_four,0,passed,h reconstruction,sae_128_query_iid,SAE
0.38064912641094195,,4,7,2,0.2831238532661556,single,0,passed,h reconstruction,sae_128_query_iid,SAE
0.6291152997010251,0.6416184741378833,4,7,2,0.5854207049403553,up_to_four,0,passed,h reconstruction,sae_128_A_iid,SAE
0.6272476461968006,0.6270556909317923,4,7,2,0.5738100593000329,single,0,passed,h reconstruction,sae_128_A_iid,SAE
0.6224914669811917,0.65867809693868,4,7,2,0.5732271768933754,up_to_four,0,passed,h reconstruction,sae_128_B_iid,SAE
0.6233552555214664,0.6206308153930071,4,7,2,0.5667306482314806,single,0,passed,h reconstruction,sae_128_B_iid,SAE
0.6253946219125437,0.6611435907891184,4,7,2,0.5742462420714224,up_to_four,0,passed,h reconstruction,sae_128_C_iid,SAE
0.6213331807139425,0.6211431781727417,4,7,2,0.5603478072957355,single,0,passed,h reconstruction,sae_128_C_iid,SAE
0.6309211386427956,0.7215943619487254,4,7,2,0.5719799665559487,up_to_four,0,passed,h reconstruction,sae_128_D_iid,SAE
0.6252337565624873,0.6251343219040953,4,7,2,0.5566585862545181,single,0,passed,h reconstruction,sae_128_D_iid,SAE
0.10871090741126051,,4,7,2,0.03305825067346757,up_to_four,0,passed,h reconstruction,sae_128_state_iid,SAE
0.07633543386293708,,4,7,2,0.02368014132185644,single,0,passed,h reconstruction,sae_128_state_iid,SAE
0.954644140035511,0.986969802232764,16,7,2,0.9556759325308894,up_to_four,0,passed,h reconstruction,sae_current_iid,SAE
0.9060127632263304,0.906252577137581,16,7,2,0.9073795698037677,single,0,passed,h reconstruction,sae_current_iid,SAE
0.9889031966202881,0.9973064116986834,16,7,2,0.9893088956436444,up_to_four,0,passed,h reconstruction,sae_current_transfer,SAE
0.9906103286384976,0.9906103286384976,16,7,2,0.9911222135447313,single,0,passed,h reconstruction,sae_current_transfer,SAE
0.6420834700209312,0.7070311292075676,16,7,2,0.6244406992660276,up_to_four,0,passed,h reconstruction,sae_previous_iid,SAE
0.639733084195288,0.6595865146758313,16,7,2,0.614802161600458,single,0,passed,h reconstruction,sae_previous_iid,SAE
0.642494454991622,0.701981063378424,16,7,2,0.6298383402940131,up_to_four,0,passed,h reconstruction,sae_previous_transfer,SAE
0.6433071655997712,0.6620117699072302,16,7,2,0.6221978074016031,single,0,passed,h reconstruction,sae_previous_transfer,SAE
0.7583002688409702,,16,7,2,0.7720500991253292,up_to_four,0,passed,h reconstruction,sae_query_iid,SAE
0.4357877255004608,,16,7,2,0.33077649930365577,single,0,passed,h reconstruction,sae_query_iid,SAE
0.6259497170803328,0.7154333244330477,16,7,2,0.5739593359830428,up_to_four,0,passed,h reconstruction,sae_A_iid,SAE
0.6195323619178653,0.6147225138514761,16,7,2,0.5493119053236868,single,0,passed,h reconstruction,sae_A_iid,SAE
0.6264447975042071,0.7192007612514251,16,7,2,0.5670634000680685,up_to_four,0,passed,h reconstruction,sae_B_iid,SAE
0.6226556712574753,0.611082631914571,16,7,2,0.5651803865006164,single,0,passed,h reconstruction,sae_B_iid,SAE
0.636441200351242,0.7283406528405112,16,7,2,0.6283318776161039,up_to_four,0,passed,h reconstruction,sae_C_iid,SAE
0.6235966155496712,0.6267977826039915,16,7,2,0.5617186356359565,single,0,passed,h reconstruction,sae_C_iid,SAE
0.6366905518128871,0.7286164215026557,16,7,2,0.6317599423677827,up_to_four,0,passed,h reconstruction,sae_D_iid,SAE
0.625271567767934,0.6149460445313462,16,7,2,0.557906784235689,single,0,passed,h reconstruction,sae_D_iid,SAE
0.12597697610026046,,16,7,2,0.06374326084814344,up_to_four,0,passed,h reconstruction,sae_state_iid,SAE
0.10709739019732654,,16,7,2,0.03273991164523129,single,0,passed,h reconstruction,sae_state_iid,SAE
0.95948719706073,0.9726530173186848,16,7,2,0.9603436015093767,up_to_four,0,passed,h reconstruction,sae_128_current_iid,SAE
0.9060127632263304,0.906252577137581,16,7,2,0.9073795698037677,single,0,passed,h reconstruction,sae_128_current_iid,SAE
0.9859157358275741,0.9908496363752941,16,7,2,0.9860885615266248,up_to_four,0,passed,h reconstruction,sae_128_current_transfer,SAE
0.9906103286384976,0.9906103286384976,16,7,2,0.9911222135447313,single,0,passed,h reconstruction,sae_128_current_transfer,SAE
0.6119624251422503,0.6317418220401954,16,7,2,0.5564305838998255,up_to_four,0,passed,h reconstruction,sae_128_previous_iid,SAE
0.5720994487578258,0.5703702221838862,16,7,2,0.5011293470628614,single,0,passed,h reconstruction,sae_128_previous_iid,SAE
0.6084456886398847,0.6392123115904608,16,7,2,0.5511510382396254,up_to_four,0,passed,h reconstruction,sae_128_previous_transfer,SAE
0.5782880877987524,0.5741755863590936,16,7,2,0.5133631713554987,single,0,passed,h reconstruction,sae_128_previous_transfer,SAE
0.8001196039008077,,16,7,2,0.8023405614562323,up_to_four,0,passed,h reconstruction,sae_128_query_iid,SAE
0.4196621119991052,,16,7,2,0.317811947892263,single,0,passed,h reconstruction,sae_128_query_iid,SAE
0.6340454232496221,0.6701783303502712,16,7,2,0.5836176613290011,up_to_four,0,passed,h reconstruction,sae_128_A_iid,SAE
0.6195323619178653,0.6147225138514761,16,7,2,0.5493119053236868,single,0,passed,h reconstruction,sae_128_A_iid,SAE
0.6353923395513087,0.7264206311576104,16,7,2,0.6310230999448261,up_to_four,0,passed,h reconstruction,sae_128_B_iid,SAE
0.6226556712574753,0.611082631914571,16,7,2,0.5651803865006164,single,0,passed,h reconstruction,sae_128_B_iid,SAE
0.6352362825280535,0.704120531543897,16,7,2,0.6287078669517954,up_to_four,0,passed,h reconstruction,sae_128_C_iid,SAE
0.6235966155496712,0.6267977826039915,16,7,2,0.5617186356359565,single,0,passed,h reconstruction,sae_128_C_iid,SAE
0.6378077447602641,0.6478287405936616,16,7,2,0.6367016332492366,up_to_four,0,passed,h reconstruction,sae_128_D_iid,SAE
0.6383715482855503,0.6404324692671803,16,7,2,0.6365104547709398,single,0,passed,h reconstruction,sae_128_D_iid,SAE
0.12174938641762637,,16,7,2,0.05537103255534187,up_to_four,0,passed,h reconstruction,sae_128_state_iid,SAE
0.10709739019732654,,16,7,2,0.03273991164523129,single,0,passed,h reconstruction,sae_128_state_iid,SAE
0.9493274101270558,0.9799271157468851,4,11,2,0.9504211187932119,up_to_four,0,passed,h reconstruction,sae_current_iid,SAE
0.9004324546952225,0.9004324546952224,4,11,2,0.901752578550312,single,0,passed,h reconstruction,sae_current_iid,SAE
0.9065300896286812,0.9646103040276884,4,11,2,0.9100925623596228,up_to_four,0,passed,h reconstruction,sae_current_transfer,SAE
0.8992744344857021,0.8992744344857021,4,11,2,0.9029098521574854,single,0,passed,h reconstruction,sae_current_transfer,SAE
0.6568912661849952,0.7124797075930408,4,11,2,0.6223622767020585,up_to_four,0,passed,h reconstruction,sae_previous_iid,SAE
0.605934620431098,0.6073634922465945,4,11,2,0.5447575599331912,single,0,passed,h reconstruction,sae_previous_iid,SAE
0.6511942666285235,0.7090219236813654,4,11,2,0.6196224335009095,up_to_four,0,passed,h reconstruction,sae_previous_transfer,SAE
0.6049929224516182,0.6067216275760604,4,11,2,0.549093789633577,single,0,passed,h reconstruction,sae_previous_transfer,SAE
0.6484353073737316,,4,11,2,0.661676837440597,up_to_four,0,passed,h reconstruction,sae_query_iid,SAE
0.37653970610782184,,4,11,2,0.27865164709363355,single,0,passed,h reconstruction,sae_query_iid,SAE
0.6419201989243357,0.733734733109706,4,11,2,0.6407365926894384,up_to_four,0,passed,h reconstruction,sae_A_iid,SAE
0.6284069306666953,0.6239863687386413,4,11,2,0.5752669487385476,single,0,passed,h reconstruction,sae_A_iid,SAE
0.6401521021909753,0.7292565270649474,4,11,2,0.6384886164763006,up_to_four,0,passed,h reconstruction,sae_B_iid,SAE
0.6244870742716455,0.6223793257670351,4,11,2,0.5677885582189949,single,0,passed,h reconstruction,sae_B_iid,SAE
0.6534502454402416,0.7432514496500366,4,11,2,0.6234954044549541,up_to_four,0,passed,h reconstruction,sae_C_iid,SAE
0.6232785329249718,0.6212932891306456,4,11,2,0.5623346510088395,single,0,passed,h reconstruction,sae_C_iid,SAE
0.63882079667569,0.7321259943065297,4,11,2,0.63762320950058,up_to_four,0,passed,h reconstruction,sae_D_iid,SAE
0.626880787037037,0.6278720093899963,4,11,2,0.5591277132396384,single,0,passed,h reconstruction,sae_D_iid,SAE
0.11290365341259992,,4,11,2,0.05213561187717085,up_to_four,0,passed,h reconstruction,sae_state_iid,SAE
0.10952418841502229,,4,11,2,0.03334271996014684,single,0,passed,h reconstruction,sae_state_iid,SAE
0.8147735657864059,0.8643120850157955,4,11,2,0.8051567842334385,up_to_four,0,passed,h reconstruction,sae_128_current_iid,SAE
0.6305643753154616,0.6308929578549632,4,11,2,0.5693516204310192,single,0,passed,h reconstruction,sae_128_current_iid,SAE
0.616464339908953,0.6602180679608066,4,11,2,0.5382075134168157,up_to_four,0,passed,h reconstruction,sae_128_current_transfer,SAE
0.5089150227617603,0.5110015174506829,4,11,2,0.3395795597327196,single,0,passed,h reconstruction,sae_128_current_transfer,SAE
0.616982684928938,0.6241260856055229,4,11,2,0.574307327082902,up_to_four,0,passed,h reconstruction,sae_128_previous_iid,SAE
0.5430628864563981,0.5430877009567496,4,11,2,0.42786192998346,single,0,passed,h reconstruction,sae_128_previous_iid,SAE
0.591734129387244,0.5919349385683661,4,11,2,0.5233191265817903,up_to_four,0,passed,h reconstruction,sae_128_previous_transfer,SAE
0.5289579471022919,0.5289774521568875,4,11,2,0.40374125163661806,single,0,passed,h reconstruction,sae_128_previous_transfer,SAE
0.6852415587813682,,4,11,2,0.6668918725313266,up_to_four,0,passed,h reconstruction,sae_128_query_iid,SAE
0.37653970610782184,,4,11,2,0.27865164709363355,single,0,passed,h reconstruction,sae_128_query_iid,SAE
0.5307665033853168,0.5309478225537921,4,11,2,0.43593356610170636,up_to_four,0,passed,h reconstruction,sae_128_A_iid,SAE
0.5307665033853168,0.5309478225537921,4,11,2,0.43593356610170636,single,0,passed,h reconstruction,sae_128_A_iid,SAE
0.543058043579995,0.5600623419896571,4,11,2,0.4643668588424999,up_to_four,0,passed,h reconstruction,sae_128_B_iid,SAE
0.5296778266070085,0.5309874782882121,4,11,2,0.4341182009061123,single,0,passed,h reconstruction,sae_128_B_iid,SAE
0.6272477054614297,0.625029567423531,4,11,2,0.5658867839908073,up_to_four,0,passed,h reconstruction,sae_128_C_iid,SAE
0.6272477054614297,0.625029567423531,4,11,2,0.5658867839908073,single,0,passed,h reconstruction,sae_128_C_iid,SAE
0.6263823520364218,0.7236484436683535,4,11,2,0.5792894800249303,up_to_four,0,passed,h reconstruction,sae_128_D_iid,SAE
0.626880787037037,0.6278720093899963,4,11,2,0.5591277132396384,single,0,passed,h reconstruction,sae_128_D_iid,SAE
0.10202991156055544,,4,11,2,0.03432803380229282,up_to_four,0,passed,h reconstruction,sae_128_state_iid,SAE
0.0792967237321272,,4,11,2,0.024003713547945595,single,0,passed,h reconstruction,sae_128_state_iid,SAE
0.9996083151208939,0.9999997497924679,16,11,2,0.9995996748358855,up_to_four,0,passed,h reconstruction,sae_current_iid,SAE
0.9994365726708361,0.9994850929154678,16,11,2,0.9994495290376872,single,0,passed,h reconstruction,sae_current_iid,SAE
1.0,1.0,16,11,2,1.0,up_to_four,0,passed,h reconstruction,sae_current_transfer,SAE
1.0,1.0,16,11,2,1.0,single,0,passed,h reconstruction,sae_current_transfer,SAE
0.655894471516383,0.743787951376512,16,11,2,0.6144021311586306,up_to_four,0,passed,h reconstruction,sae_previous_iid,SAE
0.6161738234387678,0.6138813400384445,16,11,2,0.5590783737579915,single,0,passed,h reconstruction,sae_previous_iid,SAE
0.6431227035120244,0.7348603623853381,16,11,2,0.5973308683828799,up_to_four,0,passed,h reconstruction,sae_previous_transfer,SAE
0.6155542593466363,0.611512812034433,16,11,2,0.5595291683064121,single,0,passed,h reconstruction,sae_previous_transfer,SAE
0.9302058353317346,,16,11,2,0.9287920045123259,up_to_four,0,passed,h reconstruction,sae_query_iid,SAE
0.5,,16,11,2,0.37485014985014986,single,0,passed,h reconstruction,sae_query_iid,SAE
0.6531689996856821,0.7477494395127493,16,11,2,0.6469251012169668,up_to_four,0,passed,h reconstruction,sae_A_iid,SAE
0.6284553661990018,0.6290637158841448,16,11,2,0.575306360487692,single,0,passed,h reconstruction,sae_A_iid,SAE
0.6486040495156045,0.7421972249257168,16,11,2,0.6409925953356008,up_to_four,0,passed,h reconstruction,sae_B_iid,SAE
0.6244383033001277,0.622668099149684,16,11,2,0.5677494882418415,single,0,passed,h reconstruction,sae_B_iid,SAE
0.6491306339948633,0.6681736998141456,16,11,2,0.6491199958502538,up_to_four,0,passed,h reconstruction,sae_C_iid,SAE
0.6494501766775124,0.6686353981389521,16,11,2,0.6494495207309852,single,0,passed,h reconstruction,sae_C_iid,SAE
0.6477203688322875,0.6693715797681853,16,11,2,0.6477956281585162,up_to_four,0,passed,h reconstruction,sae_D_iid,SAE
0.6477203688322875,0.6693715797681853,16,11,2,0.6477956281585162,single,0,passed,h reconstruction,sae_D_iid,SAE
0.1257970238743364,,16,11,2,0.040329134440761444,up_to_four,0,passed,h reconstruction,sae_state_iid,SAE
0.12467148470993573,,16,11,2,0.038205552316344586,single,0,passed,h reconstruction,sae_state_iid,SAE
0.9996511506503954,0.9998537386850149,16,11,2,0.9996497104638052,up_to_four,0,passed,h reconstruction,sae_128_current_iid,SAE
0.9996511506503954,0.9998537386850149,16,11,2,0.9996497104638052,single,0,passed,h reconstruction,sae_128_current_iid,SAE
1.0,1.0,16,11,2,1.0,up_to_four,0,passed,h reconstruction,sae_128_current_transfer,SAE
1.0,1.0,16,11,2,1.0,single,0,passed,h reconstruction,sae_128_current_transfer,SAE
0.7141677171548795,0.7273216078179648,16,11,2,0.696994674738821,up_to_four,0,passed,h reconstruction,sae_128_previous_iid,SAE
0.5834775495744411,0.5838508986855936,16,11,2,0.4939385876702573,single,0,passed,h reconstruction,sae_128_previous_iid,SAE
0.669922462763922,0.6893049141591835,16,11,2,0.6408524951567225,up_to_four,0,passed,h reconstruction,sae_128_previous_transfer,SAE
0.5761024071094996,0.576304609508807,16,11,2,0.4765416134483114,single,0,passed,h reconstruction,sae_128_previous_transfer,SAE
0.7421726442283083,,16,11,2,0.7584820714242311,up_to_four,0,passed,h reconstruction,sae_128_query_iid,SAE
0.42935621496801357,,16,11,2,0.32533631189770307,single,0,passed,h reconstruction,sae_128_query_iid,SAE
0.6502408447709411,0.6872179376021209,16,11,2,0.6503052344868177,up_to_four,0,passed,h reconstruction,sae_128_A_iid,SAE
0.6498703081938355,0.6588743620331656,16,11,2,0.6498421683716644,single,0,passed,h reconstruction,sae_128_A_iid,SAE
0.6443338177476224,0.6444954804098795,16,11,2,0.6443445540324884,up_to_four,0,passed,h reconstruction,sae_128_B_iid,SAE
0.6443338177476224,0.6444954804098795,16,11,2,0.6443445540324884,single,0,passed,h reconstruction,sae_128_B_iid,SAE
0.6489211756814628,0.6673442368927622,16,11,2,0.6489032517800606,up_to_four,0,passed,h reconstruction,sae_128_C_iid,SAE
0.6493155213330417,0.6612224539191961,16,11,2,0.6492925958574813,single,0,passed,h reconstruction,sae_128_C_iid,SAE
0.6479182367929945,0.659546514271487,16,11,2,0.6478505797377447,up_to_four,0,passed,h reconstruction,sae_128_D_iid,SAE
0.6479182367929945,0.659546514271487,16,11,2,0.6478505797377447,single,0,passed,h reconstruction,sae_128_D_iid,SAE
0.12496021642266072,,16,11,2,0.03741256195077402,up_to_four,0,passed,h reconstruction,sae_128_state_iid,SAE
0.12490438551759306,,16,11,2,0.03738740954613254,single,0,passed,h reconstruction,sae_128_state_iid,SAE
0.5357724711184445,0.542382663876726,4,0,0,0.46538021666461504,up_to_four,0,passed,m prediction,transcoder_current_iid,TC
0.514007538412661,0.5141714994084694,4,0,0,0.40164802822400647,single,0,passed,m prediction,transcoder_current_iid,TC
0.5002608421948438,0.5044907440689569,4,0,0,0.34740120481658,up_to_four,0,passed,m prediction,transcoder_current_transfer,TC
0.49981031866464337,0.49981031866464337,4,0,0,0.3460730233779879,single,0,passed,m prediction,transcoder_current_transfer,TC
0.5185661248699375,0.5190955374429332,4,0,0,0.4260411759025119,up_to_four,0,passed,m prediction,transcoder_previous_iid,TC
0.5066226772201616,0.5067219698625641,4,0,0,0.376004552294464,single,0,passed,m prediction,transcoder_previous_iid,TC
0.5007088694127306,0.5017920501112717,4,0,0,0.3287645665724989,up_to_four,0,passed,m prediction,transcoder_previous_transfer,TC
0.5000341802861484,0.5000343660485732,4,0,0,0.3428289098117375,single,0,passed,m prediction,transcoder_previous_transfer,TC
1.0,,4,0,0,1.0,up_to_four,0,passed,m prediction,transcoder_query_iid,TC
0.5,,4,0,0,0.3750062515628907,single,0,passed,m prediction,transcoder_query_iid,TC
0.5369632083456349,0.5445598037977041,4,0,0,0.46809765302512085,up_to_four,0,passed,m prediction,transcoder_A_iid,TC
0.5153668220517784,0.5155236756956165,4,0,0,0.40421049893519967,single,0,passed,m prediction,transcoder_A_iid,TC
0.5351596677954368,0.5427356188273801,4,0,0,0.46654496092828274,up_to_four,0,passed,m prediction,transcoder_B_iid,TC
0.5141016551150642,0.5142662396328164,4,0,0,0.40106455523976403,single,0,passed,m prediction,transcoder_B_iid,TC
0.5376871058012292,0.5445336625410663,4,0,0,0.4631616477615657,up_to_four,0,passed,m prediction,transcoder_C_iid,TC
0.5078120250592746,0.5078981684783069,4,0,0,0.36059497928383255,single,0,passed,m prediction,transcoder_C_iid,TC
0.5292094766416472,0.5509249445969711,4,0,0,0.4448316691296592,up_to_four,0,passed,m prediction,transcoder_D_iid,TC
0.5182815576165867,0.5184789098789144,4,0,0,0.4088327793784032,single,0,passed,m prediction,transcoder_D_iid,TC
0.07801425619439023,,4,0,0,0.025082702521019913,up_to_four,0,passed,m prediction,transcoder_state_iid,TC
0.06887261497352415,,4,0,0,0.019644165666766723,single,0,passed,m prediction,transcoder_state_iid,TC
0.5144737651197409,0.5168387617425397,4,0,0,0.4380814276605732,up_to_four,0,passed,m prediction,transcoder_128_current_iid,TC
0.5090858561725438,0.5090856109691623,4,0,0,0.3854925597892667,single,0,passed,m prediction,transcoder_128_current_iid,TC
0.49983403895113915,0.4997161661281433,4,0,0,0.3464588375961319,up_to_four,0,passed,m prediction,transcoder_128_current_transfer,TC
0.49983403895113915,0.49983403895113915,4,0,0,0.3464588375961319,single,0,passed,m prediction,transcoder_128_current_transfer,TC
0.505323264581348,0.5042122585479256,4,0,0,0.4338334471858071,up_to_four,0,passed,m prediction,transcoder_128_previous_iid,TC
0.5030406596384704,0.5031514877326417,4,0,0,0.37710356402952716,single,0,passed,m prediction,transcoder_128_previous_iid,TC
0.500241305389711,0.5004999795661332,4,0,0,0.3429225873224993,up_to_four,0,passed,m prediction,transcoder_128_previous_transfer,TC
0.500241305389711,0.5002411196272862,4,0,0,0.3429225873224993,single,0,passed,m prediction,transcoder_128_previous_transfer,TC
0.75,,4,0,0,0.6664557805007991,up_to_four,0,passed,m prediction,transcoder_128_query_iid,TC
0.5,,4,0,0,0.3750062515628907,single,0,passed,m prediction,transcoder_128_query_iid,TC
0.5166421125496019,0.5181001587145854,4,0,0,0.49614329210902774,up_to_four,0,passed,m prediction,transcoder_128_A_iid,TC
0.5094955766401529,0.5094953363895018,4,0,0,0.38694730928097504,single,0,passed,m prediction,transcoder_128_A_iid,TC
0.510326998056846,0.5105138417100396,4,0,0,0.4417765703405252,up_to_four,0,passed,m prediction,transcoder_128_B_iid,TC
0.5072639328879411,0.5094333355454047,4,0,0,0.3761654341826973,single,0,passed,m prediction,transcoder_128_B_iid,TC
0.5081788696193352,0.5115197322181717,4,0,0,0.3861403290739757,up_to_four,0,passed,m prediction,transcoder_128_C_iid,TC
0.5081674441658589,0.5080111879640503,4,0,0,0.37927619408520796,single,0,passed,m prediction,transcoder_128_C_iid,TC
0.514541612833764,0.5168997362988854,4,0,0,0.44969270236944986,up_to_four,0,passed,m prediction,transcoder_128_D_iid,TC
0.5106412908617366,0.5106828521456898,4,0,0,0.38935367564165896,single,0,passed,m prediction,transcoder_128_D_iid,TC
0.06780731247266779,,4,0,0,0.01942156255699748,up_to_four,0,passed,m prediction,transcoder_128_state_iid,TC
0.06622316261952114,,4,0,0,0.01689229803168243,single,0,passed,m prediction,transcoder_128_state_iid,TC
0.5756602756590427,0.6074445187816583,16,0,0,0.5710098857706152,up_to_four,0,passed,m prediction,transcoder_current_iid,TC
0.5542371464587588,0.5603471593478495,16,0,0,0.5342228593037941,single,0,passed,m prediction,transcoder_current_iid,TC
0.5822420382413116,0.6252915247497307,16,0,0,0.578594400496244,up_to_four,0,passed,m prediction,transcoder_current_transfer,TC
0.5734513648312831,0.5805563597245402,16,0,0,0.5179966868755632,single,0,passed,m prediction,transcoder_current_transfer,TC
0.5778019052317027,0.6060341266929776,16,0,0,0.5740264323906945,up_to_four,0,passed,m prediction,transcoder_previous_iid,TC
0.5523939353314953,0.5594873028624202,16,0,0,0.5228470422465525,single,0,passed,m prediction,transcoder_previous_iid,TC
0.596819933051222,0.6306082604835025,16,0,0,0.5932761403992137,up_to_four,0,passed,m prediction,transcoder_previous_transfer,TC
0.5731511994679764,0.5802789037044743,16,0,0,0.5290298154933958,single,0,passed,m prediction,transcoder_previous_transfer,TC
0.75,,16,0,0,0.6670995670995671,up_to_four,0,passed,m prediction,transcoder_query_iid,TC
0.5,,16,0,0,0.37533093561116937,single,0,passed,m prediction,transcoder_query_iid,TC
0.5945500981719217,0.6334469989195027,16,0,0,0.5908093185583682,up_to_four,0,passed,m prediction,transcoder_A_iid,TC
0.5609671564246262,0.567995984530701,16,0,0,0.5333783606330333,single,0,passed,m prediction,transcoder_A_iid,TC
0.5982904183472673,0.6312562779867728,16,0,0,0.5949112075824825,up_to_four,0,passed,m prediction,transcoder_B_iid,TC
0.5581908535196192,0.5668622802224325,16,0,0,0.529323129812159,single,0,passed,m prediction,transcoder_B_iid,TC
0.5906746638774093,0.6284383177168302,16,0,0,0.5821223852617963,up_to_four,0,passed,m prediction,transcoder_C_iid,TC
0.568088037414205,0.5726659191103295,16,0,0,0.545959215789195,single,0,passed,m prediction,transcoder_C_iid,TC
0.5935300220971248,0.6299381824842475,16,0,0,0.5896821769023525,up_to_four,0,passed,m prediction,transcoder_D_iid,TC
0.566814963496165,0.5747042474801075,16,0,0,0.5456538260157051,single,0,passed,m prediction,transcoder_D_iid,TC
0.10102343915107719,,16,0,0,0.031675949814254936,up_to_four,0,passed,m prediction,transcoder_state_iid,TC
0.0870811180852856,,16,0,0,0.02752964322470918,single,0,passed,m prediction,transcoder_state_iid,TC
0.5556560833818002,0.5661836253462071,16,0,0,0.5473036361283643,up_to_four,0,passed,m prediction,transcoder_128_current_iid,TC
0.5542371464587588,0.5603471593478495,16,0,0,0.5342228593037941,single,0,passed,m prediction,transcoder_128_current_iid,TC
0.5259145344314935,0.5831141028356186,16,0,0,0.3958850180062732,up_to_four,0,passed,m prediction,transcoder_128_current_transfer,TC
0.5734513648312831,0.5805563597245402,16,0,0,0.5179966868755632,single,0,passed,m prediction,transcoder_128_current_transfer,TC
0.5516736739628687,0.559774505589267,16,0,0,0.5466592922872284,up_to_four,0,passed,m prediction,transcoder_128_previous_iid,TC
0.5528981869941765,0.5556065009141181,16,0,0,0.5372629870662969,single,0,passed,m prediction,transcoder_128_previous_iid,TC
0.5716569265235305,0.579258882230338,16,0,0,0.5183316361918425,up_to_four,0,passed,m prediction,transcoder_128_previous_transfer,TC
0.5731511994679764,0.5802789037044743,16,0,0,0.5290298154933958,single,0,passed,m prediction,transcoder_128_previous_transfer,TC
1.0,,16,0,0,1.0,up_to_four,0,passed,m prediction,transcoder_128_query_iid,TC
0.5,,16,0,0,0.37533093561116937,single,0,passed,m prediction,transcoder_128_query_iid,TC
0.5723686164538602,0.5837820790052053,16,0,0,0.5654657848454484,up_to_four,0,passed,m prediction,transcoder_128_A_iid,TC
0.5724845173721291,0.5791259162771928,16,0,0,0.5557805820638206,single,0,passed,m prediction,transcoder_128_A_iid,TC
0.5645199727635037,0.5760124459436721,16,0,0,0.5602513838640737,up_to_four,0,passed,m prediction,transcoder_128_B_iid,TC
0.5636807998551401,0.5691642570698097,16,0,0,0.5491240411554662,single,0,passed,m prediction,transcoder_128_B_iid,TC
0.5668077666002563,0.5768473750723166,16,0,0,0.5624235357067993,up_to_four,0,passed,m prediction,transcoder_128_C_iid,TC
0.5693709183317486,0.5723098499779457,16,0,0,0.556006275522697,single,0,passed,m prediction,transcoder_128_C_iid,TC
0.565768105799598,0.5759106111860927,16,0,0,0.5437147512929219,up_to_four,0,passed,m prediction,transcoder_128_D_iid,TC
0.566814963496165,0.5747042474801075,16,0,0,0.5456538260157051,single,0,passed,m prediction,transcoder_128_D_iid,TC
0.09101865758483944,,16,0,0,0.027744202741929812,up_to_four,0,passed,m prediction,transcoder_128_state_iid,TC
0.09141091432520398,,16,0,0,0.02843080951274547,single,0,passed,m prediction,transcoder_128_state_iid,TC
0.823207361113602,0.9227235738410867,4,3,0,0.8144515334803171,up_to_four,0,passed,m prediction,transcoder_current_iid,TC
0.7972650435176953,0.7974941235258173,4,3,0,0.7845506431624314,single,0,passed,m prediction,transcoder_current_iid,TC
0.812215477996965,0.9046250187009768,4,3,0,0.7971905108458339,up_to_four,0,passed,m prediction,transcoder_current_transfer,TC
0.8050075872534143,0.8050075872534143,4,3,0,0.7889333439339262,single,0,passed,m prediction,transcoder_current_transfer,TC
0.6819364351574242,0.7382853503573046,4,3,0,0.6689416101727156,up_to_four,0,passed,m prediction,transcoder_previous_iid,TC
0.6673633144228135,0.6806318783306596,4,3,0,0.6516288665252911,single,0,passed,m prediction,transcoder_previous_iid,TC
0.6663101266528212,0.7412169667968243,4,3,0,0.6643928435986246,up_to_four,0,passed,m prediction,transcoder_previous_transfer,TC
0.6832015039325905,0.7151049000412393,4,3,0,0.6782617618865727,single,0,passed,m prediction,transcoder_previous_transfer,TC
0.4568369169730149,,4,3,0,0.4314106191592987,up_to_four,0,passed,m prediction,transcoder_query_iid,TC
0.34100138240604266,,4,3,0,0.23832052947702145,single,0,passed,m prediction,transcoder_query_iid,TC
0.592369928622833,0.6198689731009465,4,3,0,0.5755407571100921,up_to_four,0,passed,m prediction,transcoder_A_iid,TC
0.537004161071204,0.5373797078754293,4,3,0,0.4131275873775899,single,0,passed,m prediction,transcoder_A_iid,TC
0.5918230713232131,0.6299722375697463,4,3,0,0.5783772075156517,up_to_four,0,passed,m prediction,transcoder_B_iid,TC
0.5728320112404182,0.570411494115223,4,3,0,0.5161205521367828,single,0,passed,m prediction,transcoder_B_iid,TC
0.5914242786296189,0.6450814932844685,4,3,0,0.5591663439534416,up_to_four,0,passed,m prediction,transcoder_C_iid,TC
0.5918356349563514,0.5982768356076053,4,3,0,0.5600746634851913,single,0,passed,m prediction,transcoder_C_iid,TC
0.6294498661867849,0.6523815061308627,4,3,0,0.6238791440140818,up_to_four,0,passed,m prediction,transcoder_D_iid,TC
0.5793394446495221,0.5847609716983128,4,3,0,0.5191295375164616,single,0,passed,m prediction,transcoder_D_iid,TC
0.10227323040020578,,4,3,0,0.03785792554596335,up_to_four,0,passed,m prediction,transcoder_state_iid,TC
0.0972957595129208,,4,3,0,0.029823837102815706,single,0,passed,m prediction,transcoder_state_iid,TC
0.809525052459512,0.8493646169879144,4,3,0,0.8033420216753934,up_to_four,0,passed,m prediction,transcoder_128_current_iid,TC
0.7972650435176953,0.7974941235258173,4,3,0,0.7845506431624314,single,0,passed,m prediction,transcoder_128_current_iid,TC
0.819635475056621,0.8457914220967503,4,3,0,0.8110639423533305,up_to_four,0,passed,m prediction,transcoder_128_current_transfer,TC
0.8050075872534143,0.8050075872534143,4,3,0,0.7889333439339262,single,0,passed,m prediction,transcoder_128_current_transfer,TC
0.6474822519742193,0.6918501571373328,4,3,0,0.6248560487411641,up_to_four,0,passed,m prediction,transcoder_128_previous_iid,TC
0.5944957535334683,0.5990651838472729,4,3,0,0.5394898147091933,single,0,passed,m prediction,transcoder_128_previous_iid,TC
0.6283066640412244,0.6688009221246763,4,3,0,0.5969398646883406,up_to_four,0,passed,m prediction,transcoder_128_previous_transfer,TC
0.5778673359067621,0.5822907107641895,4,3,0,0.5067938146225808,single,0,passed,m prediction,transcoder_128_previous_transfer,TC
0.318112213549896,,4,3,0,0.24597970865672136,up_to_four,0,passed,m prediction,transcoder_128_query_iid,TC
0.27276678357254186,,4,3,0,0.1581292010128098,single,0,passed,m prediction,transcoder_128_query_iid,TC
0.6089147646848481,0.636808340773846,4,3,0,0.5977839746505942,up_to_four,0,passed,m prediction,transcoder_128_A_iid,TC
0.5399222254585987,0.5410947587508572,4,3,0,0.4458837935644542,single,0,passed,m prediction,transcoder_128_A_iid,TC
0.6139982934762892,0.6171600963475846,4,3,0,0.6085785626709153,up_to_four,0,passed,m prediction,transcoder_128_B_iid,TC
0.5806416706865528,0.5812521183452339,4,3,0,0.560871616186146,single,0,passed,m prediction,transcoder_128_B_iid,TC
0.6223891826266584,0.6292937816701945,4,3,0,0.6187391771121244,up_to_four,0,passed,m prediction,transcoder_128_C_iid,TC
0.5829875487758109,0.5875228637824635,4,3,0,0.5641434860483351,single,0,passed,m prediction,transcoder_128_C_iid,TC
0.6169681629650137,0.6263286092557986,4,3,0,0.6105919385298764,up_to_four,0,passed,m prediction,transcoder_128_D_iid,TC
0.5848320028915959,0.5858456055528639,4,3,0,0.5642553191489361,single,0,passed,m prediction,transcoder_128_D_iid,TC
0.10926718772265415,,4,3,0,0.03364323458778851,up_to_four,0,passed,m prediction,transcoder_128_state_iid,TC
0.0972957595129208,,4,3,0,0.029823837102815706,single,0,passed,m prediction,transcoder_128_state_iid,TC
0.8532452357283224,0.9552024481185675,16,3,0,0.847259760697181,up_to_four,0,passed,m prediction,transcoder_current_iid,TC
0.8453003259023164,0.8483090314430402,16,3,0,0.8387191314989707,single,0,passed,m prediction,transcoder_current_iid,TC
0.8589480854409577,0.9572473813775189,16,3,0,0.8498906527969512,up_to_four,0,passed,m prediction,transcoder_current_transfer,TC
0.8507918689772331,0.8517218175471184,16,3,0,0.8406373019151407,single,0,passed,m prediction,transcoder_current_transfer,TC
0.7624416082706071,0.8415569441976274,16,3,0,0.7617453895337623,up_to_four,0,passed,m prediction,transcoder_previous_iid,TC
0.7139078634946137,0.7316590300590318,16,3,0,0.7047679735411889,single,0,passed,m prediction,transcoder_previous_iid,TC
0.7711655849101466,0.8879946388964226,16,3,0,0.7639729275143651,up_to_four,0,passed,m prediction,transcoder_previous_transfer,TC
0.7159588499076761,0.7343892688762488,16,3,0,0.7048388401750718,single,0,passed,m prediction,transcoder_previous_transfer,TC
0.9966526778577138,,16,3,0,0.9966571354581062,up_to_four,0,passed,m prediction,transcoder_query_iid,TC
0.4998999799959992,,16,3,0,0.37526839565555004,single,0,passed,m prediction,transcoder_query_iid,TC
0.6127648264157513,0.6472315602144562,16,3,0,0.6079039478939471,up_to_four,0,passed,m prediction,transcoder_A_iid,TC
0.5568202800299524,0.5573960507257617,16,3,0,0.46394917928587387,single,0,passed,m prediction,transcoder_A_iid,TC
0.5944638883476563,0.6150755625852642,16,3,0,0.5873698825742526,up_to_four,0,passed,m prediction,transcoder_B_iid,TC
0.5452073684872841,0.5436931518991821,16,3,0,0.42384800632082553,single,0,passed,m prediction,transcoder_B_iid,TC
0.5993015512785702,0.6477020322936617,16,3,0,0.5923357271328119,up_to_four,0,passed,m prediction,transcoder_C_iid,TC
0.5918296847201865,0.605401313378128,16,3,0,0.5789147581762633,single,0,passed,m prediction,transcoder_C_iid,TC
0.5922885007792953,0.6006063251097166,16,3,0,0.5787660391706835,up_to_four,0,passed,m prediction,transcoder_D_iid,TC
0.5923125333251302,0.5954170025214947,16,3,0,0.5748684240986298,single,0,passed,m prediction,transcoder_D_iid,TC
0.10257104969567288,,16,3,0,0.03083644940060505,up_to_four,0,passed,m prediction,transcoder_state_iid,TC
0.10174985660870747,,16,3,0,0.030806737097012718,single,0,passed,m prediction,transcoder_state_iid,TC
0.840538536283535,0.9184082145094428,16,3,0,0.8411448623684561,up_to_four,0,passed,m prediction,transcoder_128_current_iid,TC
0.8178804627710408,0.8273806225835958,16,3,0,0.8178977605023883,single,0,passed,m prediction,transcoder_128_current_iid,TC
0.8574263440578173,0.9418227995831706,16,3,0,0.8587534459841965,up_to_four,0,passed,m prediction,transcoder_128_current_transfer,TC
0.8551023226775006,0.8672139981101489,16,3,0,0.8568787392973942,single,0,passed,m prediction,transcoder_128_current_transfer,TC
0.7525886927862089,0.8043936445780663,16,3,0,0.7525984369754624,up_to_four,0,passed,m prediction,transcoder_128_previous_iid,TC
0.6427138322306527,0.6522550191628218,16,3,0,0.622019579230299,single,0,passed,m prediction,transcoder_128_previous_iid,TC
0.7412738100987885,0.8129744836733405,16,3,0,0.7388196721798326,up_to_four,0,passed,m prediction,transcoder_128_previous_transfer,TC
0.646333421260881,0.6618605592935084,16,3,0,0.6303849115634739,single,0,passed,m prediction,transcoder_128_previous_transfer,TC
0.8866952544815876,,16,3,0,0.8832631925123029,up_to_four,0,passed,m prediction,transcoder_128_query_iid,TC
0.4998999799959992,,16,3,0,0.37526839565555004,single,0,passed,m prediction,transcoder_128_query_iid,TC
0.6068340989470905,0.6173730691493128,16,3,0,0.5988865512941779,up_to_four,0,passed,m prediction,transcoder_128_A_iid,TC
0.5904876698811103,0.597398690079373,16,3,0,0.5721214428888581,single,0,passed,m prediction,transcoder_128_A_iid,TC
0.5818685698165763,0.6012591436065559,16,3,0,0.5634425467464381,up_to_four,0,passed,m prediction,transcoder_128_B_iid,TC
0.5816803703023569,0.5845167465147068,16,3,0,0.5659787625118204,single,0,passed,m prediction,transcoder_128_B_iid,TC
0.6021063276001424,0.6358823881719865,16,3,0,0.597579311904999,up_to_four,0,passed,m prediction,transcoder_128_C_iid,TC
0.5983184372587748,0.6131898775062382,16,3,0,0.5907490956938586,single,0,passed,m prediction,transcoder_128_C_iid,TC
0.6017834392047086,0.6065785579463132,16,3,0,0.5807902313923987,up_to_four,0,passed,m prediction,transcoder_128_D_iid,TC
0.6017834392047086,0.6065785579463132,16,3,0,0.5807902313923987,single,0,passed,m prediction,transcoder_128_D_iid,TC
0.10239935749015412,,16,3,0,0.030804688969376087,up_to_four,0,passed,m prediction,transcoder_128_state_iid,TC
0.09917339829410618,,16,3,0,0.031157573940847325,single,0,passed,m prediction,transcoder_128_state_iid,TC
0.9954925813666888,0.9957565403047904,4,7,0,0.9955953762021219,up_to_four,0,passed,m prediction,transcoder_current_iid,TC
0.9954925813666888,0.9957565403047904,4,7,0,0.9955953762021219,single,0,passed,m prediction,transcoder_current_iid,TC
0.99490208136204,0.9950648041465328,4,7,0,0.9951603841625297,up_to_four,0,passed,m prediction,transcoder_current_transfer,TC
0.99490208136204,0.9950648041465328,4,7,0,0.9951603841625297,single,0,passed,m prediction,transcoder_current_transfer,TC
0.7470552035452982,0.8160262297005205,4,7,0,0.7450711623245992,up_to_four,0,passed,m prediction,transcoder_previous_iid,TC
0.6186159097551239,0.61994106642769,4,7,0,0.5648735604038538,single,0,passed,m prediction,transcoder_previous_iid,TC
0.7270964218441751,0.8041822552301411,4,7,0,0.7186852277918767,up_to_four,0,passed,m prediction,transcoder_previous_transfer,TC
0.6293107099468348,0.6318034559241494,4,7,0,0.586373123228465,single,0,passed,m prediction,transcoder_previous_transfer,TC
0.7376283632453576,,4,7,0,0.7536451165074494,up_to_four,0,passed,m prediction,transcoder_query_iid,TC
0.4251850370074015,,4,7,0,0.32255147200591805,single,0,passed,m prediction,transcoder_query_iid,TC
0.6480230309479577,0.6329583891578244,4,7,0,0.648039535787525,up_to_four,0,passed,m prediction,transcoder_A_iid,TC
0.6479713620423051,0.6428958768393477,4,7,0,0.6479882730036359,single,0,passed,m prediction,transcoder_A_iid,TC
0.6435375520870774,0.6200840982057245,4,7,0,0.643566249693563,up_to_four,0,passed,m prediction,transcoder_B_iid,TC
0.6436300508274775,0.6412406234455128,4,7,0,0.6436597627780982,single,0,passed,m prediction,transcoder_B_iid,TC
0.6472280384808473,0.651900743940527,4,7,0,0.6472152434622418,up_to_four,0,passed,m prediction,transcoder_C_iid,TC
0.6475424559600771,0.6383443708880806,4,7,0,0.6474923153812471,single,0,passed,m prediction,transcoder_C_iid,TC
0.647236994227062,0.6147526626458615,4,7,0,0.6472325973021213,up_to_four,0,passed,m prediction,transcoder_D_iid,TC
0.6472333092367007,0.6294573713505778,4,7,0,0.647230022197072,single,0,passed,m prediction,transcoder_D_iid,TC
0.12436346276257161,,4,7,0,0.03723107844179489,up_to_four,0,passed,m prediction,transcoder_state_iid,TC
0.1231436250849891,,4,7,0,0.037161253315261905,single,0,passed,m prediction,transcoder_state_iid,TC
0.8117428920243607,0.8859130567257706,4,7,0,0.8121664201497493,up_to_four,0,passed,m prediction,transcoder_128_current_iid,TC
0.7365672583467632,0.7829288725240263,4,7,0,0.7367436751088408,single,0,passed,m prediction,transcoder_128_current_iid,TC
0.7851342778702842,0.8718597740857247,4,7,0,0.7828741166236857,up_to_four,0,passed,m prediction,transcoder_128_current_transfer,TC
0.7022898414999122,0.7785718541718883,4,7,0,0.6976072239430086,single,0,passed,m prediction,transcoder_128_current_transfer,TC
0.660246500710891,0.6926642436444452,4,7,0,0.6421916959122161,up_to_four,0,passed,m prediction,transcoder_128_previous_iid,TC
0.6186159097551239,0.61994106642769,4,7,0,0.5648735604038538,single,0,passed,m prediction,transcoder_128_previous_iid,TC
0.648697991165139,0.6871560144300252,4,7,0,0.639126052776877,up_to_four,0,passed,m prediction,transcoder_128_previous_transfer,TC
0.6293107099468348,0.6318034559241494,4,7,0,0.586373123228465,single,0,passed,m prediction,transcoder_128_previous_transfer,TC
0.6104999093772905,,4,7,0,0.6336926989842647,up_to_four,0,passed,m prediction,transcoder_128_query_iid,TC
0.4193643085131814,,4,7,0,0.3173715765220082,single,0,passed,m prediction,transcoder_128_query_iid,TC
0.6054601104786612,0.6499741565377742,4,7,0,0.601227304291758,up_to_four,0,passed,m prediction,transcoder_128_A_iid,TC
0.5920709016509834,0.6190322601667093,4,7,0,0.5896787168134416,single,0,passed,m prediction,transcoder_128_A_iid,TC
0.6006288233279662,0.6340478957757334,4,7,0,0.598015036342799,up_to_four,0,passed,m prediction,transcoder_128_B_iid,TC
0.5936902370481351,0.6075070913032612,4,7,0,0.5925464677929582,single,0,passed,m prediction,transcoder_128_B_iid,TC
0.6053140149132519,0.6317614996139197,4,7,0,0.600931312874905,up_to_four,0,passed,m prediction,transcoder_128_C_iid,TC
0.5859552165625453,0.5996804463169143,4,7,0,0.5859517054069187,single,0,passed,m prediction,transcoder_128_C_iid,TC
0.5935657504819326,0.6168641821500349,4,7,0,0.5856072295924986,up_to_four,0,passed,m prediction,transcoder_128_D_iid,TC
0.5839394341392887,0.6024554743015181,4,7,0,0.5798442465472736,single,0,passed,m prediction,transcoder_128_D_iid,TC
0.10079153207718021,,4,7,0,0.034745440407691376,up_to_four,0,passed,m prediction,transcoder_128_state_iid,TC
0.0974667416596905,,4,7,0,0.029536804361132388,single,0,passed,m prediction,transcoder_128_state_iid,TC
0.998035810822929,0.9998899687356682,16,7,0,0.9979984863553062,up_to_four,0,passed,m prediction,transcoder_current_iid,TC
0.9978093029482373,0.99823498602681,16,7,0,0.9978480438234165,single,0,passed,m prediction,transcoder_current_iid,TC
0.9986485103660081,0.9999875326821831,16,7,0,0.99858937552436,up_to_four,0,passed,m prediction,transcoder_current_transfer,TC
0.9974629008242678,0.9976458627610608,16,7,0,0.9975809186516889,single,0,passed,m prediction,transcoder_current_transfer,TC
0.6827695915330014,0.6662960599677216,16,7,0,0.6681251934573729,up_to_four,0,passed,m prediction,transcoder_previous_iid,TC
0.6789082578246217,0.6655346335484885,16,7,0,0.6637185601735374,single,0,passed,m prediction,transcoder_previous_iid,TC
0.6843132920445384,0.6759298338169348,16,7,0,0.6753450843805946,up_to_four,0,passed,m prediction,transcoder_previous_transfer,TC
0.681209759214745,0.6727850617288538,16,7,0,0.6650478434389575,single,0,passed,m prediction,transcoder_previous_transfer,TC
0.9949917735456997,,16,7,0,0.9949987649936138,up_to_four,0,passed,m prediction,transcoder_query_iid,TC
0.4996499299859972,,16,7,0,0.37511196909336647,single,0,passed,m prediction,transcoder_query_iid,TC
0.651708235685208,0.7081748116992977,16,7,0,0.6462109018913087,up_to_four,0,passed,m prediction,transcoder_A_iid,TC
0.6210831398289521,0.6148404669107232,16,7,0,0.5664440658074335,single,0,passed,m prediction,transcoder_A_iid,TC
0.6434122124914206,0.6748091207840627,16,7,0,0.643415394965194,up_to_four,0,passed,m prediction,transcoder_B_iid,TC
0.6434122124914206,0.6748091207840627,16,7,0,0.643415394965194,single,0,passed,m prediction,transcoder_B_iid,TC
0.647647585132654,0.6701438080077399,16,7,0,0.647645822021594,up_to_four,0,passed,m prediction,transcoder_C_iid,TC
0.6476431749576141,0.6563992274853389,16,7,0,0.647639531419987,single,0,passed,m prediction,transcoder_C_iid,TC
0.6479357004429679,0.6845516822701976,16,7,0,0.647794192041165,up_to_four,0,passed,m prediction,transcoder_D_iid,TC
0.6452221055842664,0.6678747577118838,16,7,0,0.6452963266049685,single,0,passed,m prediction,transcoder_D_iid,TC
0.12392927336002041,,16,7,0,0.03814954715055921,up_to_four,0,passed,m prediction,transcoder_state_iid,TC
0.12392927336002041,,16,7,0,0.03814954715055921,single,0,passed,m prediction,transcoder_state_iid,TC
0.9978093029482373,0.99823498602681,16,7,0,0.9978480438234165,up_to_four,0,passed,m prediction,transcoder_128_current_iid,TC
0.9978093029482373,0.99823498602681,16,7,0,0.9978480438234165,single,0,passed,m prediction,transcoder_128_current_iid,TC
0.9974629008242678,0.9976458627610608,16,7,0,0.9975809186516889,up_to_four,0,passed,m prediction,transcoder_128_current_transfer,TC
0.9974629008242678,0.9976458627610608,16,7,0,0.9975809186516889,single,0,passed,m prediction,transcoder_128_current_transfer,TC
0.7370067800512663,0.7946188849548264,16,7,0,0.7366093715535318,up_to_four,0,passed,m prediction,transcoder_128_previous_iid,TC
0.6425109283683086,0.6477602344225502,16,7,0,0.610101374859075,single,0,passed,m prediction,transcoder_128_previous_iid,TC
0.6886818669866734,0.7985791032133184,16,7,0,0.6774656580915162,up_to_four,0,passed,m prediction,transcoder_128_previous_transfer,TC
0.6601273958708729,0.6702334290629028,16,7,0,0.6414947837226916,single,0,passed,m prediction,transcoder_128_previous_transfer,TC
0.7819712637196077,,16,7,0,0.7849836978233957,up_to_four,0,passed,m prediction,transcoder_128_query_iid,TC
0.5051996067554088,,16,7,0,0.38830545227361096,single,0,passed,m prediction,transcoder_128_query_iid,TC
0.642513923351093,0.6803982977400492,16,7,0,0.642551351092179,up_to_four,0,passed,m prediction,transcoder_128_A_iid,TC
0.6210831398289521,0.6148404669107232,16,7,0,0.5664440658074335,single,0,passed,m prediction,transcoder_128_A_iid,TC
0.6438780883412202,0.6371176551957555,16,7,0,0.6439005203376039,up_to_four,0,passed,m prediction,transcoder_128_B_iid,TC
0.6438780883412202,0.6371176551957555,16,7,0,0.6439005203376039,single,0,passed,m prediction,transcoder_128_B_iid,TC
0.648106023328066,0.6393570060795712,16,7,0,0.6480729543365156,up_to_four,0,passed,m prediction,transcoder_128_C_iid,TC
0.648106023328066,0.6393570060795712,16,7,0,0.6480729543365156,single,0,passed,m prediction,transcoder_128_C_iid,TC
0.6472664741499528,0.6426748610037657,16,7,0,0.6472529424891931,up_to_four,0,passed,m prediction,transcoder_128_D_iid,TC
0.6473510687112916,0.658201317552282,16,7,0,0.6469979824169185,single,0,passed,m prediction,transcoder_128_D_iid,TC
0.12478178496826828,,16,7,0,0.03746750686187471,up_to_four,0,passed,m prediction,transcoder_128_state_iid,TC
0.12359308983291967,,16,7,0,0.0373842389054858,single,0,passed,m prediction,transcoder_128_state_iid,TC
0.998767697879329,0.999991723134837,4,11,0,0.9987490086863358,up_to_four,0,passed,m prediction,transcoder_current_iid,TC
0.9986305441185137,0.9987841665390942,4,11,0,0.9985989249691396,single,0,passed,m prediction,transcoder_current_iid,TC
0.9990041527502256,0.9999972474752872,4,11,0,0.9989923164687304,up_to_four,0,passed,m prediction,transcoder_current_transfer,TC
0.9990515933232169,0.9992412746585736,4,11,0,0.9989924110888286,single,0,passed,m prediction,transcoder_current_transfer,TC
0.6629080435123245,0.6922321260830652,4,11,0,0.6628423120952818,up_to_four,0,passed,m prediction,transcoder_previous_iid,TC
0.6079537286355986,0.6343132636102454,4,11,0,0.603086168995656,single,0,passed,m prediction,transcoder_previous_iid,TC
0.6762302116577067,0.7194636295748641,4,11,0,0.6759459843164111,up_to_four,0,passed,m prediction,transcoder_previous_transfer,TC
0.6351323185751279,0.6665425154461456,4,11,0,0.6263332043966989,single,0,passed,m prediction,transcoder_previous_transfer,TC
0.4355079655473406,,4,11,0,0.4135814488764698,up_to_four,0,passed,m prediction,transcoder_query_iid,TC
0.3211476543451408,,4,11,0,0.2153484875013334,single,0,passed,m prediction,transcoder_query_iid,TC
0.6493827194974244,0.6623366592131905,4,11,0,0.6493499970068142,up_to_four,0,passed,m prediction,transcoder_A_iid,TC
0.6493827194974244,0.6623366592131905,4,11,0,0.6493499970068142,single,0,passed,m prediction,transcoder_A_iid,TC
0.6437527287328546,0.6609284760194114,4,11,0,0.6420231782104484,up_to_four,0,passed,m prediction,transcoder_B_iid,TC
0.6440100721562221,0.6481801052940659,4,11,0,0.6440139590056932,single,0,passed,m prediction,transcoder_B_iid,TC
0.6484721028577625,0.6415910547489629,4,11,0,0.6484548710092323,up_to_four,0,passed,m prediction,transcoder_C_iid,TC
0.6479839684837092,0.6547860734592555,4,11,0,0.647921760391198,single,0,passed,m prediction,transcoder_C_iid,TC
0.6476436249025881,0.6474885549005885,4,11,0,0.6475656666940526,up_to_four,0,passed,m prediction,transcoder_D_iid,TC
0.6476436249025881,0.6474885549005885,4,11,0,0.6475656666940526,single,0,passed,m prediction,transcoder_D_iid,TC
0.12497525070517476,,4,11,0,0.03798360643420645,up_to_four,0,passed,m prediction,transcoder_state_iid,TC
0.1243625701172871,,4,11,0,0.0372207607153906,single,0,passed,m prediction,transcoder_state_iid,TC
0.8524788400490904,0.8725037595182948,4,11,0,0.8523681229919317,up_to_four,0,passed,m prediction,transcoder_128_current_iid,TC
0.8358181409988701,0.8605139296738287,4,11,0,0.8358152334494581,single,0,passed,m prediction,transcoder_128_current_iid,TC
0.8396665688710827,0.8631498953716783,4,11,0,0.8413566364185379,up_to_four,0,passed,m prediction,transcoder_128_current_transfer,TC
0.8142481365407694,0.850325720821457,4,11,0,0.8159978516452653,single,0,passed,m prediction,transcoder_128_current_transfer,TC
0.5595941126010203,0.5637119166990271,4,11,0,0.5018743661373929,up_to_four,0,passed,m prediction,transcoder_128_previous_iid,TC
0.5248675357168879,0.5251447098753051,4,11,0,0.3988396771906959,single,0,passed,m prediction,transcoder_128_previous_iid,TC
0.5814048097607009,0.5796994178205609,4,11,0,0.5285965745238501,up_to_four,0,passed,m prediction,transcoder_128_previous_transfer,TC
0.5241030461322406,0.5222860109748441,4,11,0,0.3904804668109832,single,0,passed,m prediction,transcoder_128_previous_transfer,TC
0.3890595489726937,,4,11,0,0.3774210867919777,up_to_four,0,passed,m prediction,transcoder_128_query_iid,TC
0.29761371938656317,,4,11,0,0.18562082568644156,single,0,passed,m prediction,transcoder_128_query_iid,TC
0.6039782494678874,0.6140130686944382,4,11,0,0.6035345130669167,up_to_four,0,passed,m prediction,transcoder_128_A_iid,TC
0.5617995648680312,0.6088778011211317,4,11,0,0.5467388501976125,single,0,passed,m prediction,transcoder_128_A_iid,TC
0.5997030154029015,0.6114354659783149,4,11,0,0.5997180467378909,up_to_four,0,passed,m prediction,transcoder_128_B_iid,TC
0.5997030154029015,0.6114354659783149,4,11,0,0.5997180467378909,single,0,passed,m prediction,transcoder_128_B_iid,TC
0.6071729836957229,0.6100888594268307,4,11,0,0.6071488005488934,up_to_four,0,passed,m prediction,transcoder_128_C_iid,TC
0.5880081330428004,0.5902243310036975,4,11,0,0.5880058661583976,single,0,passed,m prediction,transcoder_128_C_iid,TC
0.6152227592695132,0.6476157922104431,4,11,0,0.6144965304687742,up_to_four,0,passed,m prediction,transcoder_128_D_iid,TC
0.5379792730507362,0.5381579450154578,4,11,0,0.41507618843533617,single,0,passed,m prediction,transcoder_128_D_iid,TC
0.09010128056625463,,4,11,0,0.031366358443679784,up_to_four,0,passed,m prediction,transcoder_128_state_iid,TC
0.08580291090004288,,4,11,0,0.026675022909615796,single,0,passed,m prediction,transcoder_128_state_iid,TC
0.9986762620387855,0.9999859733657485,16,11,0,0.9986489520968478,up_to_four,0,passed,m prediction,transcoder_current_iid,TC
0.998584826198242,0.9986870710041738,16,11,0,0.9985488986104176,single,0,passed,m prediction,transcoder_current_iid,TC
0.9992412746585736,0.9999941711241376,16,11,0,0.9991939100462542,up_to_four,0,passed,m prediction,transcoder_current_transfer,TC
0.9990515933232169,0.999051593323217,16,11,0,0.9989924110888286,single,0,passed,m prediction,transcoder_current_transfer,TC
0.6854678942050116,0.7463244459547919,16,11,0,0.6818227916327866,up_to_four,0,passed,m prediction,transcoder_previous_iid,TC
0.6744041084683495,0.6879121859981324,16,11,0,0.6456877994634209,single,0,passed,m prediction,transcoder_previous_iid,TC
0.7073771831728966,0.7588721991670413,16,11,0,0.6939307613419032,up_to_four,0,passed,m prediction,transcoder_previous_transfer,TC
0.6895248568700518,0.6965017220176771,16,11,0,0.6627373947328195,single,0,passed,m prediction,transcoder_previous_transfer,TC
0.6314444722090041,,16,11,0,0.6141121308789774,up_to_four,0,passed,m prediction,transcoder_query_iid,TC
0.4258314608149346,,16,11,0,0.32627499919541336,single,0,passed,m prediction,transcoder_query_iid,TC
0.6496700993179174,0.6711613609362512,16,11,0,0.649641992392457,up_to_four,0,passed,m prediction,transcoder_A_iid,TC
0.6496700993179174,0.6711613609362512,16,11,0,0.649641992392457,single,0,passed,m prediction,transcoder_A_iid,TC
0.6419682154955684,0.6610137851941497,16,11,0,0.6416454838372101,up_to_four,0,passed,m prediction,transcoder_B_iid,TC
0.6430690945978335,0.6582016543785966,16,11,0,0.6430365250069922,single,0,passed,m prediction,transcoder_B_iid,TC
0.6484733629077738,0.6428191834933928,16,11,0,0.6484571707216437,up_to_four,0,passed,m prediction,transcoder_C_iid,TC
0.6482387035941457,0.6526601590817139,16,11,0,0.6481835688395341,single,0,passed,m prediction,transcoder_C_iid,TC
0.6476399399122268,0.6502847516220366,16,11,0,0.6475634900959786,up_to_four,0,passed,m prediction,transcoder_D_iid,TC
0.6476399399122268,0.6502847516220366,16,11,0,0.6475634900959786,single,0,passed,m prediction,transcoder_D_iid,TC
0.12413367510200157,,16,11,0,0.03890030955396796,up_to_four,0,passed,m prediction,transcoder_state_iid,TC
0.12452321319259776,,16,11,0,0.03853941810525337,single,0,passed,m prediction,transcoder_state_iid,TC
0.9987248623498275,0.9989295921609219,16,11,0,0.9986989872786876,up_to_four,0,passed,m prediction,transcoder_128_current_iid,TC
0.9987248623498275,0.9989295921609219,16,11,0,0.9986989872786876,single,0,passed,m prediction,transcoder_128_current_iid,TC
0.9992412746585736,0.9992412746585736,16,11,0,0.9991939100462542,up_to_four,0,passed,m prediction,transcoder_128_current_transfer,TC
0.9992412746585736,0.9992412746585736,16,11,0,0.9991939100462542,single,0,passed,m prediction,transcoder_128_current_transfer,TC
0.7338821102232624,0.7949395970720968,16,11,0,0.7290564848865881,up_to_four,0,passed,m prediction,transcoder_128_previous_iid,TC
0.6744041084683495,0.6879121859981324,16,11,0,0.6456877994634209,single,0,passed,m prediction,transcoder_128_previous_iid,TC
0.7314761425317933,0.7900275299913435,16,11,0,0.7223888187508085,up_to_four,0,passed,m prediction,transcoder_128_previous_transfer,TC
0.6895248568700518,0.6965017220176771,16,11,0,0.6627373947328195,single,0,passed,m prediction,transcoder_128_previous_transfer,TC
0.5413873566664582,,16,11,0,0.5199764138033917,up_to_four,0,passed,m prediction,transcoder_128_query_iid,TC
0.4258314608149346,,16,11,0,0.32627499919541336,single,0,passed,m prediction,transcoder_128_query_iid,TC
0.6504020129160553,0.6924847524173495,16,11,0,0.6488973677859673,up_to_four,0,passed,m prediction,transcoder_128_A_iid,TC
0.6496700993179174,0.6711613609362512,16,11,0,0.649641992392457,single,0,passed,m prediction,transcoder_128_A_iid,TC
0.6430690945978335,0.6582016543785966,16,11,0,0.6430365250069922,up_to_four,0,passed,m prediction,transcoder_128_B_iid,TC
0.6430690945978335,0.6582016543785966,16,11,0,0.6430365250069922,single,0,passed,m prediction,transcoder_128_B_iid,TC
0.648522419854844,0.6426278308986084,16,11,0,0.6485054620290673,up_to_four,0,passed,m prediction,transcoder_128_C_iid,TC
0.6481827163720129,0.6523718326380374,16,11,0,0.6481186790741401,single,0,passed,m prediction,transcoder_128_C_iid,TC
0.6478328411467946,0.649481999503007,16,11,0,0.6477593092815301,up_to_four,0,passed,m prediction,transcoder_128_D_iid,TC
0.6471445490340839,0.6507698836071761,16,11,0,0.6471524841204912,single,0,passed,m prediction,transcoder_128_D_iid,TC
0.12452321319259776,,16,11,0,0.03853941810525337,up_to_four,0,passed,m prediction,transcoder_128_state_iid,TC
0.12452321319259776,,16,11,0,0.03853941810525337,single,0,passed,m prediction,transcoder_128_state_iid,TC
0.562622341474913,0.6179070368126138,4,0,1,0.454517263904184,up_to_four,0,passed,m prediction,transcoder_current_iid,TC
0.5624744588151196,0.5625381116112949,4,0,1,0.46542252875328144,single,0,passed,m prediction,transcoder_current_iid,TC
0.5696163692968498,0.5697193461037527,4,0,1,0.48427342645294297,up_to_four,0,passed,m prediction,transcoder_current_transfer,TC
0.5696163692968498,0.5697193461037527,4,0,1,0.48427342645294297,single,0,passed,m prediction,transcoder_current_transfer,TC
0.51889478132236,0.5362057762937575,4,0,1,0.4877515628249427,up_to_four,0,passed,m prediction,transcoder_previous_iid,TC
0.5184058409800446,0.5185714595833681,4,0,1,0.4108597085085392,single,0,passed,m prediction,transcoder_previous_iid,TC
0.5009823117019182,0.5674588814872883,4,0,1,0.3460038808771147,up_to_four,0,passed,m prediction,transcoder_previous_transfer,TC
0.5463451242936384,0.5500657598983508,4,0,1,0.5177079529912678,single,0,passed,m prediction,transcoder_previous_transfer,TC
1.0,,4,0,1,1.0,up_to_four,0,passed,m prediction,transcoder_query_iid,TC
0.5,,4,0,1,0.37485014985014986,single,0,passed,m prediction,transcoder_query_iid,TC
0.5194535506949045,0.5195992527043539,4,0,1,0.39226333546434045,up_to_four,0,passed,m prediction,transcoder_A_iid,TC
0.5194535506949045,0.5195992527043539,4,0,1,0.39226333546434045,single,0,passed,m prediction,transcoder_A_iid,TC
0.5327874813621643,0.5473993654930627,4,0,1,0.46778338100548156,up_to_four,0,passed,m prediction,transcoder_B_iid,TC
0.5157035723966147,0.5159523553837629,4,0,1,0.37409384913282284,single,0,passed,m prediction,transcoder_B_iid,TC
0.5397577479850175,0.5622796668799784,4,0,1,0.47065602112521143,up_to_four,0,passed,m prediction,transcoder_C_iid,TC
0.5220960569925021,0.5226118024624398,4,0,1,0.4202552371911029,single,0,passed,m prediction,transcoder_C_iid,TC
0.5352666394938682,0.5498757487339655,4,0,1,0.4726277508463624,up_to_four,0,passed,m prediction,transcoder_D_iid,TC
0.5189402095894344,0.5192291108310518,4,0,1,0.42312221324416244,single,0,passed,m prediction,transcoder_D_iid,TC
0.07717567681176968,,4,0,1,0.025119909446733535,up_to_four,0,passed,m prediction,transcoder_state_iid,TC
0.06986341066454682,,4,0,1,0.021999151598142613,single,0,passed,m prediction,transcoder_state_iid,TC
0.5581230896154507,0.5582924000482961,4,0,1,0.4447833703117461,up_to_four,0,passed,m prediction,transcoder_128_current_iid,TC
0.5447522392973628,0.5450347736426502,4,0,1,0.419683386082701,single,0,passed,m prediction,transcoder_128_current_iid,TC
0.55747344461305,0.55747344461305,4,0,1,0.4369045260468099,up_to_four,0,passed,m prediction,transcoder_128_current_transfer,TC
0.55747344461305,0.55747344461305,4,0,1,0.4369045260468099,single,0,passed,m prediction,transcoder_128_current_transfer,TC
0.5046805528564446,0.5099272031009696,4,0,1,0.38972839838423734,up_to_four,0,passed,m prediction,transcoder_128_previous_iid,TC
0.5003278770300057,0.5021869438315875,4,0,1,0.3366042866194108,single,0,passed,m prediction,transcoder_128_previous_iid,TC
0.5004655206363477,0.4997524715690609,4,0,1,0.34341830092401393,up_to_four,0,passed,m prediction,transcoder_128_previous_transfer,TC
0.5004142502071252,0.4994778218241127,4,0,1,0.325333053219129,single,0,passed,m prediction,transcoder_128_previous_transfer,TC
0.5569949869616164,,4,0,1,0.4754795911000935,up_to_four,0,passed,m prediction,transcoder_128_query_iid,TC
0.5,,4,0,1,0.37485014985014986,single,0,passed,m prediction,transcoder_128_query_iid,TC
0.5200357931426278,0.535069532692763,4,0,1,0.4472821517491903,up_to_four,0,passed,m prediction,transcoder_128_A_iid,TC
0.5114942368223344,0.5104344311376616,4,0,1,0.3861436444610351,single,0,passed,m prediction,transcoder_128_A_iid,TC
0.5193545509140124,0.5204067390955953,4,0,1,0.4266851151616838,up_to_four,0,passed,m prediction,transcoder_128_B_iid,TC
0.5157035723966147,0.5159523553837629,4,0,1,0.37409384913282284,single,0,passed,m prediction,transcoder_128_B_iid,TC
0.5160013000916006,0.5218592925953232,4,0,1,0.3954042075594743,up_to_four,0,passed,m prediction,transcoder_128_C_iid,TC
0.5131585172615502,0.512961599445882,4,0,1,0.38560924208306946,single,0,passed,m prediction,transcoder_128_C_iid,TC
0.5153668904577334,0.5267698928597063,4,0,1,0.4538679619263138,up_to_four,0,passed,m prediction,transcoder_128_D_iid,TC
0.5142226208420492,0.5117711659838219,4,0,1,0.3867258819515901,single,0,passed,m prediction,transcoder_128_D_iid,TC
0.06803818645870575,,4,0,1,0.020350719348787037,up_to_four,0,passed,m prediction,transcoder_128_state_iid,TC
0.0625,,4,0,1,0.011161832339146669,single,0,passed,m prediction,transcoder_128_state_iid,TC
0.5976096013077087,0.6095422787476845,16,0,1,0.5799884388635891,up_to_four,0,passed,m prediction,transcoder_current_iid,TC
0.5976096013077087,0.6095422787476845,16,0,1,0.5799884388635891,single,0,passed,m prediction,transcoder_current_iid,TC
0.614007711602766,0.6286811779769527,16,0,1,0.600008310594623,up_to_four,0,passed,m prediction,transcoder_current_transfer,TC
0.614007711602766,0.6286811779769527,16,0,1,0.600008310594623,single,0,passed,m prediction,transcoder_current_transfer,TC
0.5269539340567067,0.5305881787138237,16,0,1,0.46747966362562515,up_to_four,0,passed,m prediction,transcoder_previous_iid,TC
0.5094505718593405,0.5070153444602523,16,0,1,0.3719508699327163,single,0,passed,m prediction,transcoder_previous_iid,TC
0.5080895820716969,0.5048403186197109,16,0,1,0.3927667058975824,up_to_four,0,passed,m prediction,transcoder_previous_transfer,TC
0.5101860967970843,0.5046269704749202,16,0,1,0.37887766232261066,single,0,passed,m prediction,transcoder_previous_transfer,TC
0.75,,16,0,1,0.6669446853940082,up_to_four,0,passed,m prediction,transcoder_query_iid,TC
0.5,,16,0,1,0.37509383914718986,single,0,passed,m prediction,transcoder_query_iid,TC
0.5394163927283696,0.5566861500935311,16,0,1,0.4902409232369539,up_to_four,0,passed,m prediction,transcoder_A_iid,TC
0.5164021972483672,0.518241486160096,16,0,1,0.38581459342289776,single,0,passed,m prediction,transcoder_A_iid,TC
0.5441720109938616,0.5685253563422916,16,0,1,0.5291547729961723,up_to_four,0,passed,m prediction,transcoder_B_iid,TC
0.5356962085202587,0.5356642332146606,16,0,1,0.4551003727973213,single,0,passed,m prediction,transcoder_B_iid,TC
0.5326625563768626,0.5638914358510889,16,0,1,0.48751477059477344,up_to_four,0,passed,m prediction,transcoder_C_iid,TC
0.5339819687443395,0.5384212099378224,16,0,1,0.48456181124235337,single,0,passed,m prediction,transcoder_C_iid,TC
0.5320544494175793,0.5506995844051848,16,0,1,0.46278553223955665,up_to_four,0,passed,m prediction,transcoder_D_iid,TC
0.5156954954677823,0.5192033559527655,16,0,1,0.3713453908359838,single,0,passed,m prediction,transcoder_D_iid,TC
0.07553619173501354,,16,0,1,0.023536008554353442,up_to_four,0,passed,m prediction,transcoder_state_iid,TC
0.07553619173501354,,16,0,1,0.023536008554353442,single,0,passed,m prediction,transcoder_state_iid,TC
0.5954264304985127,0.6056371096442233,16,0,1,0.5622161910477068,up_to_four,0,passed,m prediction,transcoder_128_current_iid,TC
0.5774757014458072,0.5796482684597913,16,0,1,0.4960843151840011,single,0,passed,m prediction,transcoder_128_current_iid,TC
0.593269623720157,0.613445467951869,16,0,1,0.5794299059373879,up_to_four,0,passed,m prediction,transcoder_128_current_transfer,TC
0.6031851082584161,0.6159292167221382,16,0,1,0.5435375631333372,single,0,passed,m prediction,transcoder_128_current_transfer,TC
0.5028111919054615,0.5059249267256326,16,0,1,0.4689016184060992,up_to_four,0,passed,m prediction,transcoder_128_previous_iid,TC
0.4998555354984187,0.5027978031603905,16,0,1,0.329440518949539,single,0,passed,m prediction,transcoder_128_previous_iid,TC
0.5011743900490785,0.5011732754745302,16,0,1,0.3286084120633426,up_to_four,0,passed,m prediction,transcoder_128_previous_transfer,TC
0.5,0.4995345722448646,16,0,1,0.32441082339249344,single,0,passed,m prediction,transcoder_128_previous_transfer,TC
0.75,,16,0,1,0.6670995670995671,up_to_four,0,passed,m prediction,transcoder_128_query_iid,TC
0.5,,16,0,1,0.3750062515628907,single,0,passed,m prediction,transcoder_128_query_iid,TC
0.5266552992071097,0.5289205725441296,16,0,1,0.43701482560360977,up_to_four,0,passed,m prediction,transcoder_128_A_iid,TC
0.5266552992071097,0.5289205725441296,16,0,1,0.43701482560360977,single,0,passed,m prediction,transcoder_128_A_iid,TC
0.5366029243210608,0.5343533007200892,16,0,1,0.4677867625110348,up_to_four,0,passed,m prediction,transcoder_128_B_iid,TC
0.5356962085202587,0.5356642332146606,16,0,1,0.4551003727973213,single,0,passed,m prediction,transcoder_128_B_iid,TC
0.5159622385412477,0.5281738232190436,16,0,1,0.3994579034300675,up_to_four,0,passed,m prediction,transcoder_128_C_iid,TC
0.5160735829605076,0.5276213962932189,16,0,1,0.39841612991343966,single,0,passed,m prediction,transcoder_128_C_iid,TC
0.5287049533960871,0.530095781911696,16,0,1,0.5037080233779739,up_to_four,0,passed,m prediction,transcoder_128_D_iid,TC
0.5156954954677823,0.5192033559527655,16,0,1,0.3713453908359838,single,0,passed,m prediction,transcoder_128_D_iid,TC
0.07501648959289207,,16,0,1,0.022478827687024402,up_to_four,0,passed,m prediction,transcoder_128_state_iid,TC
0.0625,,16,0,1,0.011161832339146669,single,0,passed,m prediction,transcoder_128_state_iid,TC
0.9457149738278918,0.9817701894659506,4,3,1,0.9468700930304671,up_to_four,0,passed,m prediction,transcoder_current_iid,TC
0.9453859008816272,0.946517714653242,4,3,1,0.9465596899681045,single,0,passed,m prediction,transcoder_current_iid,TC
0.945345545475918,0.9832673213141913,4,3,1,0.947782570168027,up_to_four,0,passed,m prediction,transcoder_current_transfer,TC
0.9446579000373696,0.9460242856874543,4,3,1,0.9471568012748921,single,0,passed,m prediction,transcoder_current_transfer,TC
0.6589901930184767,0.7347920541406441,4,3,1,0.6309265373382982,up_to_four,0,passed,m prediction,transcoder_previous_iid,TC
0.642348467869148,0.6475363612104442,4,3,1,0.6099073275993416,single,0,passed,m prediction,transcoder_previous_iid,TC
0.6557497185699266,0.7307617931275333,4,3,1,0.6344015339210071,up_to_four,0,passed,m prediction,transcoder_previous_transfer,TC
0.6200550971351719,0.6302040414473122,4,3,1,0.5935051550658714,single,0,passed,m prediction,transcoder_previous_transfer,TC
0.3675826127816858,,4,3,1,0.3194283427437571,up_to_four,0,passed,m prediction,transcoder_query_iid,TC
0.29761122611130436,,4,3,1,0.18414888840697174,single,0,passed,m prediction,transcoder_query_iid,TC
0.6398932191966556,0.6423420139997859,4,3,1,0.6394699382643231,up_to_four,0,passed,m prediction,transcoder_A_iid,TC
0.6398932191966556,0.6423420139997859,4,3,1,0.6394699382643231,single,0,passed,m prediction,transcoder_A_iid,TC
0.6336342631024405,0.6592128315165262,4,3,1,0.6329612065048088,up_to_four,0,passed,m prediction,transcoder_B_iid,TC
0.6335392427607227,0.6443434488637665,4,3,1,0.6328721174864761,single,0,passed,m prediction,transcoder_B_iid,TC
0.6388558161873444,0.6617502348668218,4,3,1,0.6357173672757328,up_to_four,0,passed,m prediction,transcoder_C_iid,TC
0.6343936290831382,0.628391215847357,4,3,1,0.6330783117081125,single,0,passed,m prediction,transcoder_C_iid,TC
0.6431426495016611,0.6623917373864382,4,3,1,0.6401346942031793,up_to_four,0,passed,m prediction,transcoder_D_iid,TC
0.6366894302940815,0.6275289998727878,4,3,1,0.63636464338484,single,0,passed,m prediction,transcoder_D_iid,TC
0.12054570300035933,,4,3,1,0.0395619773979696,up_to_four,0,passed,m prediction,transcoder_state_iid,TC
0.11714536915489376,,4,3,1,0.03628410686320106,single,0,passed,m prediction,transcoder_state_iid,TC
0.9470847499750192,0.9531093370084883,4,3,1,0.9479733720084689,up_to_four,0,passed,m prediction,transcoder_128_current_iid,TC
0.9453859008816272,0.946517714653242,4,3,1,0.9465596899681045,single,0,passed,m prediction,transcoder_128_current_iid,TC
0.9450850271075111,0.9520361234866781,4,3,1,0.9469038528853904,up_to_four,0,passed,m prediction,transcoder_128_current_transfer,TC
0.9446579000373696,0.9460242856874543,4,3,1,0.9471568012748921,single,0,passed,m prediction,transcoder_128_current_transfer,TC
0.6155662607781129,0.64230338261246,4,3,1,0.6074494878972196,up_to_four,0,passed,m prediction,transcoder_128_previous_iid,TC
0.5759902735010581,0.5897302378600917,4,3,1,0.5467826987439516,single,0,passed,m prediction,transcoder_128_previous_iid,TC
0.5751730376986265,0.6136916195139712,4,3,1,0.5633607132934514,up_to_four,0,passed,m prediction,transcoder_128_previous_transfer,TC
0.5447906643235833,0.5687207656384097,4,3,1,0.5150206809003341,single,0,passed,m prediction,transcoder_128_previous_transfer,TC
0.3275288135957965,,4,3,1,0.31843186064517587,up_to_four,0,passed,m prediction,transcoder_128_query_iid,TC
0.29761122611130436,,4,3,1,0.18414888840697174,single,0,passed,m prediction,transcoder_128_query_iid,TC
0.6422767158749052,0.6502042716145328,4,3,1,0.642066013567578,up_to_four,0,passed,m prediction,transcoder_128_A_iid,TC
0.6398932191966556,0.6423420139997859,4,3,1,0.6394699382643231,single,0,passed,m prediction,transcoder_128_A_iid,TC
0.6335392427607227,0.6443434488637665,4,3,1,0.6328721174864761,up_to_four,0,passed,m prediction,transcoder_128_B_iid,TC
0.6335392427607227,0.6443434488637665,4,3,1,0.6328721174864761,single,0,passed,m prediction,transcoder_128_B_iid,TC
0.6361440985592718,0.63716974426715,4,3,1,0.6351646112683951,up_to_four,0,passed,m prediction,transcoder_128_C_iid,TC
0.6343936290831382,0.628391215847357,4,3,1,0.6330783117081125,single,0,passed,m prediction,transcoder_128_C_iid,TC
0.6366894302940815,0.6275289998727878,4,3,1,0.63636464338484,up_to_four,0,passed,m prediction,transcoder_128_D_iid,TC
0.6366894302940815,0.6275289998727878,4,3,1,0.63636464338484,single,0,passed,m prediction,transcoder_128_D_iid,TC
0.11696580889180523,,4,3,1,0.03695283096220195,up_to_four,0,passed,m prediction,transcoder_128_state_iid,TC
0.11714536915489376,,4,3,1,0.03628410686320106,single,0,passed,m prediction,transcoder_128_state_iid,TC
0.9595936853864069,0.9756048656998061,16,3,1,0.959751257162474,up_to_four,0,passed,m prediction,transcoder_current_iid,TC
0.9598992988744584,0.9754298605435292,16,3,1,0.9600972756324819,single,0,passed,m prediction,transcoder_current_iid,TC
0.9606635074159493,0.9879319601797107,16,3,1,0.9614327552437967,up_to_four,0,passed,m prediction,transcoder_current_transfer,TC
0.9608057481783143,0.9712638039114347,16,3,1,0.9616289747662474,single,0,passed,m prediction,transcoder_current_transfer,TC
0.6873508113325479,0.7548626894415051,16,3,1,0.6853218239796575,up_to_four,0,passed,m prediction,transcoder_previous_iid,TC
0.629520762600749,0.6380788611518432,16,3,1,0.6107447130704657,single,0,passed,m prediction,transcoder_previous_iid,TC
0.6898908088467497,0.7463163311178068,16,3,1,0.6895652076083043,up_to_four,0,passed,m prediction,transcoder_previous_transfer,TC
0.5797648990752746,0.6040042948272595,16,3,1,0.568797218518809,single,0,passed,m prediction,transcoder_previous_transfer,TC
0.5486869937376427,,16,3,1,0.506071043507424,up_to_four,0,passed,m prediction,transcoder_query_iid,TC
0.37735102819687094,,16,3,1,0.2791272938309415,single,0,passed,m prediction,transcoder_query_iid,TC
0.6453066920187163,0.6708427635467807,16,3,1,0.6453658117306434,up_to_four,0,passed,m prediction,transcoder_A_iid,TC
0.6445348267393889,0.6453854591957243,16,3,1,0.6445864129285688,single,0,passed,m prediction,transcoder_A_iid,TC
0.6354467340940191,0.6560252222571422,16,3,1,0.6354786132769481,up_to_four,0,passed,m prediction,transcoder_B_iid,TC
0.6372522406629106,0.6540765297594584,16,3,1,0.6372038608847328,single,0,passed,m prediction,transcoder_B_iid,TC
0.6386634385518761,0.6750362121872617,16,3,1,0.6385612733354253,up_to_four,0,passed,m prediction,transcoder_C_iid,TC
0.6383816123661948,0.6373759024495682,16,3,1,0.6382079029602428,single,0,passed,m prediction,transcoder_C_iid,TC
0.6425706749107911,0.6844150973013694,16,3,1,0.6422385492584615,up_to_four,0,passed,m prediction,transcoder_D_iid,TC
0.6411138219822813,0.6535635318774097,16,3,1,0.6408490668203313,single,0,passed,m prediction,transcoder_D_iid,TC
0.12238943857805176,,16,3,1,0.036677288868830815,up_to_four,0,passed,m prediction,transcoder_state_iid,TC
0.12127118342249518,,16,3,1,0.03862060952459635,single,0,passed,m prediction,transcoder_state_iid,TC
0.9606814676365165,0.9658052575127914,16,3,1,0.961030601736797,up_to_four,0,passed,m prediction,transcoder_128_current_iid,TC
0.9598992988744584,0.9754298605435292,16,3,1,0.9600972756324819,single,0,passed,m prediction,transcoder_128_current_iid,TC
0.9595964183500784,0.9623600341183534,16,3,1,0.9605986986558621,up_to_four,0,passed,m prediction,transcoder_128_current_transfer,TC
0.9608057481783143,0.9712638039114347,16,3,1,0.9616289747662474,single,0,passed,m prediction,transcoder_128_current_transfer,TC
0.6564546972555901,0.7365968904625139,16,3,1,0.6441593996942401,up_to_four,0,passed,m prediction,transcoder_128_previous_iid,TC
0.6097447258794454,0.6366408556603215,16,3,1,0.5992466187090336,single,0,passed,m prediction,transcoder_128_previous_iid,TC
0.6243411935607313,0.6707336872726732,16,3,1,0.6037955977288636,up_to_four,0,passed,m prediction,transcoder_128_previous_transfer,TC
0.5797648990752746,0.6040042948272595,16,3,1,0.568797218518809,single,0,passed,m prediction,transcoder_128_previous_transfer,TC
0.5486869937376427,,16,3,1,0.506071043507424,up_to_four,0,passed,m prediction,transcoder_128_query_iid,TC
0.37735102819687094,,16,3,1,0.2791272938309415,single,0,passed,m prediction,transcoder_128_query_iid,TC
0.6445348267393889,0.6453854591957243,16,3,1,0.6445864129285688,up_to_four,0,passed,m prediction,transcoder_128_A_iid,TC
0.6445348267393889,0.6453854591957243,16,3,1,0.6445864129285688,single,0,passed,m prediction,transcoder_128_A_iid,TC
0.6360135340346533,0.6540215798640768,16,3,1,0.6360378641207558,up_to_four,0,passed,m prediction,transcoder_128_B_iid,TC
0.6372522406629106,0.6540765297594584,16,3,1,0.6372038608847328,single,0,passed,m prediction,transcoder_128_B_iid,TC
0.6384017731663769,0.6576893036884633,16,3,1,0.6382754501623619,up_to_four,0,passed,m prediction,transcoder_128_C_iid,TC
0.6383816123661948,0.6373759024495682,16,3,1,0.6382079029602428,single,0,passed,m prediction,transcoder_128_C_iid,TC
0.6407884213116771,0.63044889411036,16,3,1,0.6408195500256234,up_to_four,0,passed,m prediction,transcoder_128_D_iid,TC
0.6407884213116771,0.63044889411036,16,3,1,0.6408195500256234,single,0,passed,m prediction,transcoder_128_D_iid,TC
0.12165959119767353,,16,3,1,0.03661766360275531,up_to_four,0,passed,m prediction,transcoder_128_state_iid,TC
0.12127118342249518,,16,3,1,0.03862060952459635,single,0,passed,m prediction,transcoder_128_state_iid,TC
0.9393018945634266,0.992636932777523,4,7,1,0.9405925589912677,up_to_four,0,passed,m prediction,transcoder_current_iid,TC
0.9393468118195957,0.9393468118195957,4,7,1,0.9375294732741475,single,0,passed,m prediction,transcoder_current_iid,TC
0.9374733247972684,0.9938327255111115,4,7,1,0.9403262439284584,up_to_four,0,passed,m prediction,transcoder_current_transfer,TC
0.9374733247972684,0.9374733247972684,4,7,1,0.9403262439284584,single,0,passed,m prediction,transcoder_current_transfer,TC
0.6158209760239273,0.6671564557133914,4,7,1,0.5585196190696808,up_to_four,0,passed,m prediction,transcoder_previous_iid,TC
0.5684589571743754,0.568645995460413,4,7,1,0.4665126654004703,single,0,passed,m prediction,transcoder_previous_iid,TC
0.5918500451402692,0.6325815218400883,4,7,1,0.5111690648762099,up_to_four,0,passed,m prediction,transcoder_previous_transfer,TC
0.5627247260933048,0.5627806405831454,4,7,1,0.4513632611287368,single,0,passed,m prediction,transcoder_previous_transfer,TC
0.716136226312225,,4,7,1,0.7230384248749391,up_to_four,0,passed,m prediction,transcoder_query_iid,TC
0.42255413149736665,,4,7,1,0.3166799990397835,single,0,passed,m prediction,transcoder_query_iid,TC
0.6394033280981715,0.6596620988711313,4,7,1,0.6380307591877685,up_to_four,0,passed,m prediction,transcoder_A_iid,TC
0.6337657965178491,0.6388507916424127,4,7,1,0.6316573384350619,single,0,passed,m prediction,transcoder_A_iid,TC
0.6293425376851316,0.638698749253726,4,7,1,0.6283769843802687,up_to_four,0,passed,m prediction,transcoder_B_iid,TC
0.6293425376851316,0.638698749253726,4,7,1,0.6283769843802687,single,0,passed,m prediction,transcoder_B_iid,TC
0.6366478285523152,0.6664679721138131,4,7,1,0.635344076375574,up_to_four,0,passed,m prediction,transcoder_C_iid,TC
0.6354898075904633,0.6423798960580746,4,7,1,0.6337758360905584,single,0,passed,m prediction,transcoder_C_iid,TC
0.6361467754091301,0.648862610701917,4,7,1,0.6338014806296486,up_to_four,0,passed,m prediction,transcoder_D_iid,TC
0.635716753055658,0.6385154581740776,4,7,1,0.6334189764192539,single,0,passed,m prediction,transcoder_D_iid,TC
0.1195739339137367,,4,7,1,0.03592015006395198,up_to_four,0,passed,m prediction,transcoder_state_iid,TC
0.11553416624171342,,4,7,1,0.034833065578436004,single,0,passed,m prediction,transcoder_state_iid,TC
0.9866041689619037,0.9953808586994397,4,7,1,0.9868320217263431,up_to_four,0,passed,m prediction,transcoder_128_current_iid,TC
0.9393468118195957,0.9393468118195957,4,7,1,0.9375294732741475,single,0,passed,m prediction,transcoder_128_current_iid,TC
0.991297974077046,0.9965645253319707,4,7,1,0.9917290820698756,up_to_four,0,passed,m prediction,transcoder_128_current_transfer,TC
0.9374733247972684,0.9374733247972684,4,7,1,0.9403262439284584,single,0,passed,m prediction,transcoder_128_current_transfer,TC
0.5845699764868464,0.5908004137058719,4,7,1,0.546976851176445,up_to_four,0,passed,m prediction,transcoder_128_previous_iid,TC
0.5268133839877075,0.5269558277645044,4,7,1,0.39991355199113443,single,0,passed,m prediction,transcoder_128_previous_iid,TC
0.5517801613160896,0.5557692236245221,4,7,1,0.48904862579281183,up_to_four,0,passed,m prediction,transcoder_128_previous_transfer,TC
0.5231433974461381,0.5232778894416353,4,7,1,0.39624699786221396,single,0,passed,m prediction,transcoder_128_previous_transfer,TC
0.3854486067840091,,4,7,1,0.32359680336153895,up_to_four,0,passed,m prediction,transcoder_128_query_iid,TC
0.3148701681348625,,4,7,1,0.20976492341284553,single,0,passed,m prediction,transcoder_128_query_iid,TC
0.6301665965084713,0.6455392146072075,4,7,1,0.6294316549137731,up_to_four,0,passed,m prediction,transcoder_128_A_iid,TC
0.6337657965178491,0.6388507916424127,4,7,1,0.6316573384350619,single,0,passed,m prediction,transcoder_128_A_iid,TC
0.623247487084198,0.6498524573044866,4,7,1,0.6212515537831995,up_to_four,0,passed,m prediction,transcoder_128_B_iid,TC
0.6293425376851316,0.638698749253726,4,7,1,0.6283769843802687,single,0,passed,m prediction,transcoder_128_B_iid,TC
0.6451894425689756,0.64268022297805,4,7,1,0.6450400480825859,up_to_four,0,passed,m prediction,transcoder_128_C_iid,TC
0.6354898075904633,0.6423798960580746,4,7,1,0.6337758360905584,single,0,passed,m prediction,transcoder_128_C_iid,TC
0.6464844551084861,0.6770186357172338,4,7,1,0.6464948977697293,up_to_four,0,passed,m prediction,transcoder_128_D_iid,TC
0.635716753055658,0.6385154581740776,4,7,1,0.6334189764192539,single,0,passed,m prediction,transcoder_128_D_iid,TC
0.11926984427271006,,4,7,1,0.03903995595581039,up_to_four,0,passed,m prediction,transcoder_128_state_iid,TC
0.11553416624171342,,4,7,1,0.034833065578436004,single,0,passed,m prediction,transcoder_128_state_iid,TC
0.9840403624382208,0.9990676766937568,16,7,1,0.9844695215914279,up_to_four,0,passed,m prediction,transcoder_current_iid,TC
0.9789950576606261,0.9791495057660626,16,7,1,0.9795504991201903,single,0,passed,m prediction,transcoder_current_iid,TC
0.9876227059325651,0.9876227059325651,16,7,1,0.9882928937327402,up_to_four,0,passed,m prediction,transcoder_current_transfer,TC
0.981007255655143,0.9818608621425523,16,7,1,0.9820190835957547,single,0,passed,m prediction,transcoder_current_transfer,TC
0.6895728003053949,0.7547148185752874,16,7,1,0.684286480841855,up_to_four,0,passed,m prediction,transcoder_previous_iid,TC
0.5727337600411258,0.5785472582286512,16,7,1,0.5027212648246064,single,0,passed,m prediction,transcoder_previous_iid,TC
0.6252152057690379,0.6917623652758015,16,7,1,0.6237737913086585,up_to_four,0,passed,m prediction,transcoder_previous_transfer,TC
0.5727783742815639,0.5773834247903671,16,7,1,0.4928064768725644,single,0,passed,m prediction,transcoder_previous_transfer,TC
0.7567136340151245,,16,7,1,0.7564271546653323,up_to_four,0,passed,m prediction,transcoder_query_iid,TC
0.5385030339862656,,16,7,1,0.4528524382951491,single,0,passed,m prediction,transcoder_query_iid,TC
0.6439424887590974,0.6849426588265272,16,7,1,0.6434820279290279,up_to_four,0,passed,m prediction,transcoder_A_iid,TC
0.6440105848030191,0.6612723187974783,16,7,1,0.6433499563103697,single,0,passed,m prediction,transcoder_A_iid,TC
0.6319439096603907,0.682228972686815,16,7,1,0.6306598365587223,up_to_four,0,passed,m prediction,transcoder_B_iid,TC
0.6353420476139167,0.6555987814501721,16,7,1,0.6347486275860723,single,0,passed,m prediction,transcoder_B_iid,TC
0.648012524617102,0.7051629229164106,16,7,1,0.6471773861042085,up_to_four,0,passed,m prediction,transcoder_C_iid,TC
0.6483754540217701,0.6737712019790065,16,7,1,0.6476106376207151,single,0,passed,m prediction,transcoder_C_iid,TC
0.6461885343607727,0.6963585115506824,16,7,1,0.6460207267397612,up_to_four,0,passed,m prediction,transcoder_D_iid,TC
0.6457561087527173,0.6637513536331442,16,7,1,0.6457941570091694,single,0,passed,m prediction,transcoder_D_iid,TC
0.12377146870336941,,16,7,1,0.043448916024743225,up_to_four,0,passed,m prediction,transcoder_state_iid,TC
0.11881693013768485,,16,7,1,0.03565835314708408,single,0,passed,m prediction,transcoder_state_iid,TC
0.9888730108301029,0.9995009460647039,16,7,1,0.9885958831138041,up_to_four,0,passed,m prediction,transcoder_128_current_iid,TC
0.9707912130637636,0.9707912130637636,16,7,1,0.9699499530468016,single,0,passed,m prediction,transcoder_128_current_iid,TC
0.9932662721165361,0.999724099875845,16,7,1,0.9929503551521793,up_to_four,0,passed,m prediction,transcoder_128_current_transfer,TC
0.9812215477996965,0.9812215477996965,16,7,1,0.9800862568908857,single,0,passed,m prediction,transcoder_128_current_transfer,TC
0.6154161497941343,0.6558621052788375,16,7,1,0.5925307536082273,up_to_four,0,passed,m prediction,transcoder_128_previous_iid,TC
0.5566176311817003,0.5588702947567734,16,7,1,0.48478592588798997,single,0,passed,m prediction,transcoder_128_previous_iid,TC
0.5511595290551008,0.5671190291312634,16,7,1,0.5328836866435643,up_to_four,0,passed,m prediction,transcoder_128_previous_transfer,TC
0.5201732420372936,0.5196430760771434,16,7,1,0.3971620478492144,single,0,passed,m prediction,transcoder_128_previous_transfer,TC
0.5100558776984708,,16,7,1,0.4821005789468136,up_to_four,0,passed,m prediction,transcoder_128_query_iid,TC
0.44159037139620355,,16,7,1,0.3629712014712303,single,0,passed,m prediction,transcoder_128_query_iid,TC
0.6463991818023826,0.6797918049922304,16,7,1,0.6462962666495902,up_to_four,0,passed,m prediction,transcoder_128_A_iid,TC
0.6440105848030191,0.6612723187974783,16,7,1,0.6433499563103697,single,0,passed,m prediction,transcoder_128_A_iid,TC
0.6339706967512648,0.6558082144485033,16,7,1,0.6336461303872523,up_to_four,0,passed,m prediction,transcoder_128_B_iid,TC
0.6353420476139167,0.6555987814501721,16,7,1,0.6347486275860723,single,0,passed,m prediction,transcoder_128_B_iid,TC
0.6437369749205346,0.6604448180548286,16,7,1,0.6436161212575271,up_to_four,0,passed,m prediction,transcoder_128_C_iid,TC
0.6431042748086672,0.6397840080272786,16,7,1,0.6429442100328177,single,0,passed,m prediction,transcoder_128_C_iid,TC
0.6453586104446085,0.6901381226512192,16,7,1,0.645252685388756,up_to_four,0,passed,m prediction,transcoder_128_D_iid,TC
0.6452225862351831,0.6571515058552895,16,7,1,0.6444473111327904,single,0,passed,m prediction,transcoder_128_D_iid,TC
0.12400680198952782,,16,7,1,0.04443379347760581,up_to_four,0,passed,m prediction,transcoder_128_state_iid,TC
0.11881693013768485,,16,7,1,0.03565835314708408,single,0,passed,m prediction,transcoder_128_state_iid,TC
0.9889629254088511,0.9959326763991124,4,11,1,0.9892340836423421,up_to_four,0,passed,m prediction,transcoder_current_iid,TC
0.9274126731676322,0.9281412674929094,4,11,1,0.9287735982981726,single,0,passed,m prediction,transcoder_current_iid,TC
0.9921515805644554,0.9964370996290892,4,11,1,0.9925367943375845,up_to_four,0,passed,m prediction,transcoder_current_transfer,TC
0.9278702518139138,0.9280836534357662,4,11,1,0.9310067775542097,single,0,passed,m prediction,transcoder_current_transfer,TC
0.6199095719885513,0.6598398962432879,4,11,1,0.5996695856914851,up_to_four,0,passed,m prediction,transcoder_previous_iid,TC
0.5777799601605449,0.5883631540350006,4,11,1,0.572453682836456,single,0,passed,m prediction,transcoder_previous_iid,TC
0.587058674919472,0.6381353539331478,4,11,1,0.5711045921844875,up_to_four,0,passed,m prediction,transcoder_previous_transfer,TC
0.5878297747444838,0.5985319195574396,4,11,1,0.5742656392073129,single,0,passed,m prediction,transcoder_previous_transfer,TC
0.4348354948246897,,4,11,1,0.43454639732524036,up_to_four,0,passed,m prediction,transcoder_query_iid,TC
0.3282399746550644,,4,11,1,0.21991723503530514,single,0,passed,m prediction,transcoder_query_iid,TC
0.6453670399791398,0.6697525761651874,4,11,1,0.6445429610619864,up_to_four,0,passed,m prediction,transcoder_A_iid,TC
0.6224164959060138,0.6251743531508988,4,11,1,0.6182612177950537,single,0,passed,m prediction,transcoder_A_iid,TC
0.6287008902133211,0.6667143452778252,4,11,1,0.6279604329027043,up_to_four,0,passed,m prediction,transcoder_B_iid,TC
0.6249306359510544,0.6336291648648558,4,11,1,0.6232942350475443,single,0,passed,m prediction,transcoder_B_iid,TC
0.6448428938144555,0.6387938537280544,4,11,1,0.644701193703905,up_to_four,0,passed,m prediction,transcoder_C_iid,TC
0.6311404949662451,0.6374721512696839,4,11,1,0.6289788247004544,single,0,passed,m prediction,transcoder_C_iid,TC
0.645564969904844,0.6655381834295276,4,11,1,0.6443778056188487,up_to_four,0,passed,m prediction,transcoder_D_iid,TC
0.6049004603994914,0.6060881538214311,4,11,1,0.5676436652589687,single,0,passed,m prediction,transcoder_D_iid,TC
0.12174062717136203,,4,11,1,0.03685730603446016,up_to_four,0,passed,m prediction,transcoder_state_iid,TC
0.11205746022726656,,4,11,1,0.03427716763561375,single,0,passed,m prediction,transcoder_state_iid,TC
0.7733500074301629,0.7739483487183609,4,11,1,0.757244640104489,up_to_four,0,passed,m prediction,transcoder_128_current_iid,TC
0.7733500074301629,0.7739483487183609,4,11,1,0.757244640104489,single,0,passed,m prediction,transcoder_128_current_iid,TC
0.7293247344461304,0.7321699544764795,4,11,1,0.6977158614621848,up_to_four,0,passed,m prediction,transcoder_128_current_transfer,TC
0.7293247344461304,0.7321699544764795,4,11,1,0.6977158614621848,single,0,passed,m prediction,transcoder_128_current_transfer,TC
0.5594126746093853,0.5961582730955275,4,11,1,0.49371286345316406,up_to_four,0,passed,m prediction,transcoder_128_previous_iid,TC
0.5345204975971273,0.5343833654397634,4,11,1,0.41447641727743295,single,0,passed,m prediction,transcoder_128_previous_iid,TC
0.5334533977805105,0.5722507161141472,4,11,1,0.48868528708044673,up_to_four,0,passed,m prediction,transcoder_128_previous_transfer,TC
0.5345126151262627,0.5344484342085221,4,11,1,0.41323891522598444,single,0,passed,m prediction,transcoder_128_previous_transfer,TC
0.3165597555123076,,4,11,1,0.26191868186459,up_to_four,0,passed,m prediction,transcoder_128_query_iid,TC
0.27707813745003196,,4,11,1,0.15112110499574988,single,0,passed,m prediction,transcoder_128_query_iid,TC
0.5607062191914203,0.5703821239661127,4,11,1,0.5353358017694846,up_to_four,0,passed,m prediction,transcoder_128_A_iid,TC
0.5203426182501942,0.5204185674872738,4,11,1,0.404819604738025,single,0,passed,m prediction,transcoder_128_A_iid,TC
0.5998530506813047,0.621593336632495,4,11,1,0.5930839991046233,up_to_four,0,passed,m prediction,transcoder_128_B_iid,TC
0.5839745872218693,0.5927619575535248,4,11,1,0.5583145249807945,single,0,passed,m prediction,transcoder_128_B_iid,TC
0.590781168104562,0.5933100234748317,4,11,1,0.58558312124841,up_to_four,0,passed,m prediction,transcoder_128_C_iid,TC
0.5661530306137851,0.5620484577032863,4,11,1,0.5444813920648659,single,0,passed,m prediction,transcoder_128_C_iid,TC
0.5398001389401583,0.5747878707260521,4,11,1,0.4608227989288669,up_to_four,0,passed,m prediction,transcoder_128_D_iid,TC
0.5215695303207416,0.5216306731227698,4,11,1,0.4073793207814452,single,0,passed,m prediction,transcoder_128_D_iid,TC
0.09951562632375238,,4,11,1,0.02975989138227277,up_to_four,0,passed,m prediction,transcoder_128_state_iid,TC
0.0917028701954179,,4,11,1,0.027459613371959624,single,0,passed,m prediction,transcoder_128_state_iid,TC
0.9981445410080938,0.9999931943551259,16,11,1,0.9980985932632398,up_to_four,0,passed,m prediction,transcoder_current_iid,TC
0.9979435743182825,0.9980944144311057,16,11,1,0.9979981132417493,single,0,passed,m prediction,transcoder_current_iid,TC
0.9978897850245816,0.9999949806902296,16,11,1,0.9977835096501244,up_to_four,0,passed,m prediction,transcoder_current_transfer,TC
0.9982927870251814,0.9985061886470337,16,11,1,0.9983873579747885,single,0,passed,m prediction,transcoder_current_transfer,TC
0.6147640734532305,0.6709582011346312,16,11,1,0.6027210486868283,up_to_four,0,passed,m prediction,transcoder_previous_iid,TC
0.5828034069188923,0.5936484289904032,16,11,1,0.5734682667317592,single,0,passed,m prediction,transcoder_previous_iid,TC
0.5994055602408968,0.6682258945389562,16,11,1,0.5526960683279459,up_to_four,0,passed,m prediction,transcoder_previous_transfer,TC
0.5601810812116168,0.5790194344648741,16,11,1,0.5581989314969485,single,0,passed,m prediction,transcoder_previous_transfer,TC
0.5327922999621029,,16,11,1,0.531878032163732,up_to_four,0,passed,m prediction,transcoder_query_iid,TC
0.3985849187649347,,16,11,1,0.3284707412915389,single,0,passed,m prediction,transcoder_query_iid,TC
0.6488307886735152,0.6825322490701323,16,11,1,0.6487125495035406,up_to_four,0,passed,m prediction,transcoder_A_iid,TC
0.6488340220468614,0.6736373641256186,16,11,1,0.648714169795822,single,0,passed,m prediction,transcoder_A_iid,TC
0.644090823436515,0.6472576795168004,16,11,1,0.6441109291021632,up_to_four,0,passed,m prediction,transcoder_B_iid,TC
0.6393115684184084,0.6494037373493663,16,11,1,0.63922314880866,single,0,passed,m prediction,transcoder_B_iid,TC
0.6479908987587717,0.6745459977306499,16,11,1,0.6479387700391271,up_to_four,0,passed,m prediction,transcoder_C_iid,TC
0.6440379418659126,0.6623785798058325,16,11,1,0.6423574493130466,single,0,passed,m prediction,transcoder_C_iid,TC
0.6467319903305853,0.672626007043779,16,11,1,0.6459476977749048,up_to_four,0,passed,m prediction,transcoder_D_iid,TC
0.6467319903305853,0.672626007043779,16,11,1,0.6459476977749048,single,0,passed,m prediction,transcoder_D_iid,TC
0.12481431675181151,,16,11,1,0.04008642649398171,up_to_four,0,passed,m prediction,transcoder_state_iid,TC
0.12396110202530476,,16,11,1,0.04004082189967086,single,0,passed,m prediction,transcoder_state_iid,TC
0.9343080724876441,0.9889829269989701,16,11,1,0.9356481987487024,up_to_four,0,passed,m prediction,transcoder_128_current_iid,TC
0.9331330178503258,0.9343942589741635,16,11,1,0.9344487870610296,single,0,passed,m prediction,transcoder_128_current_iid,TC
0.9408877507469057,0.9916268198236182,16,11,1,0.9436275290213284,up_to_four,0,passed,m prediction,transcoder_128_current_transfer,TC
0.9389909373933396,0.9412459027860084,16,11,1,0.9416193862598528,single,0,passed,m prediction,transcoder_128_current_transfer,TC
0.5735624939161751,0.5902973802515606,16,11,1,0.5376432349176641,up_to_four,0,passed,m prediction,transcoder_128_previous_iid,TC
0.5667749024596147,0.5712271942444216,16,11,1,0.5272356101284107,single,0,passed,m prediction,transcoder_128_previous_iid,TC
0.5740432306314808,0.6014273984715468,16,11,1,0.5391684745193112,up_to_four,0,passed,m prediction,transcoder_128_previous_transfer,TC
0.5734430322372113,0.5734766552360855,16,11,1,0.5410752038659016,single,0,passed,m prediction,transcoder_128_previous_transfer,TC
0.41581709056031824,,16,11,1,0.3726263032712791,up_to_four,0,passed,m prediction,transcoder_128_query_iid,TC
0.383231872471166,,16,11,1,0.32304948735040157,single,0,passed,m prediction,transcoder_128_query_iid,TC
0.6260976213874172,0.6348077836125652,16,11,1,0.625145365902722,up_to_four,0,passed,m prediction,transcoder_128_A_iid,TC
0.6217835355447985,0.6191897644893941,16,11,1,0.6177064202578015,single,0,passed,m prediction,transcoder_128_A_iid,TC
0.6301220126829341,0.6346303256419957,16,11,1,0.6292055673381562,up_to_four,0,passed,m prediction,transcoder_128_B_iid,TC
0.6206573622513241,0.6285236176381449,16,11,1,0.6188336415042877,single,0,passed,m prediction,transcoder_128_B_iid,TC
0.6303679443037095,0.6542809184096516,16,11,1,0.6301695387602766,up_to_four,0,passed,m prediction,transcoder_128_C_iid,TC
0.6325990578566063,0.6403116489693476,16,11,1,0.630523920404037,single,0,passed,m prediction,transcoder_128_C_iid,TC
0.633771879229728,0.6543250781938933,16,11,1,0.6338117109253749,up_to_four,0,passed,m prediction,transcoder_128_D_iid,TC
0.6248984224396046,0.6255987107981112,16,11,1,0.6203781491348959,single,0,passed,m prediction,transcoder_128_D_iid,TC
0.1192004698586015,,16,11,1,0.03709646019991903,up_to_four,0,passed,m prediction,transcoder_128_state_iid,TC
0.11126809654856953,,16,11,1,0.034141384683336766,single,0,passed,m prediction,transcoder_128_state_iid,TC
0.5647175192992075,0.6025967478465338,4,0,2,0.4908737725022603,up_to_four,0,passed,m prediction,transcoder_current_iid,TC
0.5539858179968793,0.5548593024998655,4,0,2,0.46657287866692765,single,0,passed,m prediction,transcoder_current_iid,TC
0.5001423217189743,0.5075589186010439,4,0,2,0.3484638564562597,up_to_four,0,passed,m prediction,transcoder_current_transfer,TC
0.5074212114087939,0.5074219400182768,4,0,2,0.33888103475437475,single,0,passed,m prediction,transcoder_current_transfer,TC
0.5058900143748587,0.5103303030544467,4,0,2,0.4067089567869301,up_to_four,0,passed,m prediction,transcoder_previous_iid,TC
0.5005438347744565,0.505698351515815,4,0,2,0.3327982459353481,single,0,passed,m prediction,transcoder_previous_iid,TC
0.5009379144824102,0.5060969085417278,4,0,2,0.3672002416188463,up_to_four,0,passed,m prediction,transcoder_previous_transfer,TC
0.5009379144824102,0.5011099304877007,4,0,2,0.3672002416188463,single,0,passed,m prediction,transcoder_previous_transfer,TC
1.0,,4,0,2,1.0,up_to_four,0,passed,m prediction,transcoder_query_iid,TC
0.5,,4,0,2,0.37509383914718986,single,0,passed,m prediction,transcoder_query_iid,TC
0.5387045650857083,0.5700792479786236,4,0,2,0.4786500050362016,up_to_four,0,passed,m prediction,transcoder_A_iid,TC
0.5364533814483312,0.5382444000000761,4,0,2,0.4386966261277724,single,0,passed,m prediction,transcoder_A_iid,TC
0.5227112025220496,0.5424409416956144,4,0,2,0.4250826474654532,up_to_four,0,passed,m prediction,transcoder_B_iid,TC
0.522187449918196,0.5222245384709105,4,0,2,0.4303949921663836,single,0,passed,m prediction,transcoder_B_iid,TC
0.5318436588748208,0.5495093150247133,4,0,2,0.46406247888070845,up_to_four,0,passed,m prediction,transcoder_C_iid,TC
0.5168472536674981,0.5157830964310973,4,0,2,0.40413579373155817,single,0,passed,m prediction,transcoder_C_iid,TC
0.5232873766970182,0.5342246634081739,4,0,2,0.4771327574427966,up_to_four,0,passed,m prediction,transcoder_D_iid,TC
0.5089349801074607,0.5090767621143257,4,0,2,0.36440381764872476,single,0,passed,m prediction,transcoder_D_iid,TC
0.07231327564789006,,4,0,2,0.021919168008776954,up_to_four,0,passed,m prediction,transcoder_state_iid,TC
0.0625,,4,0,2,0.011161832339146669,single,0,passed,m prediction,transcoder_state_iid,TC
0.5330289955700857,0.5295127090213707,4,0,2,0.43321230516782083,up_to_four,0,passed,m prediction,transcoder_128_current_iid,TC
0.5099307970002639,0.5089801184694633,4,0,2,0.3626050791055303,single,0,passed,m prediction,transcoder_128_current_iid,TC
0.5281453747546205,0.5283905113672794,4,0,2,0.40772473934301745,up_to_four,0,passed,m prediction,transcoder_128_current_transfer,TC
0.5001897622919658,0.5001900861184027,4,0,2,0.3492262457728396,single,0,passed,m prediction,transcoder_128_current_transfer,TC
0.5025256808139341,0.5066662498200112,4,0,2,0.41125863206085606,up_to_four,0,passed,m prediction,transcoder_128_previous_iid,TC
0.5019828102138747,0.5019798599556895,4,0,2,0.3528556339931653,single,0,passed,m prediction,transcoder_128_previous_iid,TC
0.5009379144824102,0.500146845196741,4,0,2,0.3672002416188463,up_to_four,0,passed,m prediction,transcoder_128_previous_transfer,TC
0.5009379144824102,0.5011099304877007,4,0,2,0.3672002416188463,single,0,passed,m prediction,transcoder_128_previous_transfer,TC
0.7505542430242904,,4,0,2,0.6686596548902225,up_to_four,0,passed,m prediction,transcoder_128_query_iid,TC
0.5,,4,0,2,0.37533093561116937,single,0,passed,m prediction,transcoder_128_query_iid,TC
0.5016625845578433,0.5064695696373069,4,0,2,0.33738414383582754,up_to_four,0,passed,m prediction,transcoder_128_A_iid,TC
0.5007650081253271,0.5058446126259065,4,0,2,0.3334843640642703,single,0,passed,m prediction,transcoder_128_A_iid,TC
0.5245225327892225,0.5185887245836596,4,0,2,0.41582859958265705,up_to_four,0,passed,m prediction,transcoder_128_B_iid,TC
0.5106182430090405,0.5101944038542235,4,0,2,0.3746264372871884,single,0,passed,m prediction,transcoder_128_B_iid,TC
0.5039191405506884,0.5092369716154034,4,0,2,0.3493803329367325,up_to_four,0,passed,m prediction,transcoder_128_C_iid,TC
0.5029310713342212,0.5028431178433472,4,0,2,0.3496627744773602,single,0,passed,m prediction,transcoder_128_C_iid,TC
0.5174405787293385,0.5192823979946602,4,0,2,0.4553534579766687,up_to_four,0,passed,m prediction,transcoder_128_D_iid,TC
0.5089349801074607,0.5090767621143257,4,0,2,0.36440381764872476,single,0,passed,m prediction,transcoder_128_D_iid,TC
0.0692259998278801,,4,0,2,0.02385233878072733,up_to_four,0,passed,m prediction,transcoder_128_state_iid,TC
0.06367745999244985,,4,0,2,0.013469682652383486,single,0,passed,m prediction,transcoder_128_state_iid,TC
0.5937548840510273,0.6504452453042652,16,0,2,0.5520118944839979,up_to_four,0,passed,m prediction,transcoder_current_iid,TC
0.5711163467426422,0.5754738660434511,16,0,2,0.5218593788775419,single,0,passed,m prediction,transcoder_current_iid,TC
0.5907570543970124,0.6585523047698987,16,0,2,0.5713478697293564,up_to_four,0,passed,m prediction,transcoder_current_transfer,TC
0.5833362477712646,0.5877806037031496,16,0,2,0.55813885821611,single,0,passed,m prediction,transcoder_current_transfer,TC
0.5237715754228598,0.5285494810259139,16,0,2,0.5113534130231956,up_to_four,0,passed,m prediction,transcoder_previous_iid,TC
0.5086718133949574,0.5066049294830559,16,0,2,0.41521075826012765,single,0,passed,m prediction,transcoder_previous_iid,TC
0.5157491241301675,0.5330584668655564,16,0,2,0.4044115414650631,up_to_four,0,passed,m prediction,transcoder_previous_transfer,TC
0.5,0.499809779277087,16,0,2,0.34202323604420515,single,0,passed,m prediction,transcoder_previous_transfer,TC
0.75,,16,0,2,0.6669446853940082,up_to_four,0,passed,m prediction,transcoder_query_iid,TC
0.5,,16,0,2,0.37509383914718986,single,0,passed,m prediction,transcoder_query_iid,TC
0.5555518366756854,0.5881525636881703,16,0,2,0.5430722267387824,up_to_four,0,passed,m prediction,transcoder_A_iid,TC
0.545205632584419,0.548702260581442,16,0,2,0.5017521853560284,single,0,passed,m prediction,transcoder_A_iid,TC
0.5490010576316384,0.5837636482671956,16,0,2,0.5174726899793178,up_to_four,0,passed,m prediction,transcoder_B_iid,TC
0.5351729562341269,0.5399981554286234,16,0,2,0.4736367800845491,single,0,passed,m prediction,transcoder_B_iid,TC
0.5463212784915433,0.5591791138190275,16,0,2,0.5258654507453746,up_to_four,0,passed,m prediction,transcoder_C_iid,TC
0.5268639612306213,0.5309582187317015,16,0,2,0.47268727730733595,single,0,passed,m prediction,transcoder_C_iid,TC
0.5503980110024199,0.5715014851712783,16,0,2,0.5319548449621092,up_to_four,0,passed,m prediction,transcoder_D_iid,TC
0.5314571605450966,0.5354030792660652,16,0,2,0.49016734329794015,single,0,passed,m prediction,transcoder_D_iid,TC
0.08260239209460352,,16,0,2,0.025849534226126597,up_to_four,0,passed,m prediction,transcoder_state_iid,TC
0.07882167414162418,,16,0,2,0.024273185550760707,single,0,passed,m prediction,transcoder_state_iid,TC
0.5312766621146243,0.5545074706764779,16,0,2,0.4527348305870391,up_to_four,0,passed,m prediction,transcoder_128_current_iid,TC
0.5314018859803075,0.5317578212072221,16,0,2,0.4515880704707291,single,0,passed,m prediction,transcoder_128_current_iid,TC
0.5235697072026124,0.5557572454546102,16,0,2,0.4163194581941888,up_to_four,0,passed,m prediction,transcoder_128_current_transfer,TC
0.5230954633859163,0.5258404591340752,16,0,2,0.4149226077655385,single,0,passed,m prediction,transcoder_128_current_transfer,TC
0.5143542531464705,0.5135984616626362,16,0,2,0.46108159093464807,up_to_four,0,passed,m prediction,transcoder_128_previous_iid,TC
0.5053508676819018,0.506291070509554,16,0,2,0.41796009958075675,single,0,passed,m prediction,transcoder_128_previous_iid,TC
0.5201515078336014,0.5215510419414403,16,0,2,0.4551222049333491,up_to_four,0,passed,m prediction,transcoder_128_previous_transfer,TC
0.5011381663762581,0.502198869821408,16,0,2,0.34490312517771565,single,0,passed,m prediction,transcoder_128_previous_transfer,TC
0.75,,16,0,2,0.6668892301529011,up_to_four,0,passed,m prediction,transcoder_128_query_iid,TC
0.5,,16,0,2,0.37509383914718986,single,0,passed,m prediction,transcoder_128_query_iid,TC
0.52430742969833,0.5400962370031029,16,0,2,0.44584197896571576,up_to_four,0,passed,m prediction,transcoder_128_A_iid,TC
0.523771275333843,0.5246917156199892,16,0,2,0.4438697004942038,single,0,passed,m prediction,transcoder_128_A_iid,TC
0.5240186728179863,0.536338976703766,16,0,2,0.4665468788905499,up_to_four,0,passed,m prediction,transcoder_128_B_iid,TC
0.5238577706386665,0.5253821386733432,16,0,2,0.4418620380220638,single,0,passed,m prediction,transcoder_128_B_iid,TC
0.5221264331981336,0.5287676167867102,16,0,2,0.4586241284454486,up_to_four,0,passed,m prediction,transcoder_128_C_iid,TC
0.5129272780836671,0.5153583245719022,16,0,2,0.4166765071152704,single,0,passed,m prediction,transcoder_128_C_iid,TC
0.5235695187851196,0.5357486622683904,16,0,2,0.4713463517245102,up_to_four,0,passed,m prediction,transcoder_128_D_iid,TC
0.5214669914585128,0.5236494169864597,16,0,2,0.44065928196496074,single,0,passed,m prediction,transcoder_128_D_iid,TC
0.07372409654263529,,16,0,2,0.0275465273358288,up_to_four,0,passed,m prediction,transcoder_128_state_iid,TC
0.07095294509647224,,16,0,2,0.022121963391916806,single,0,passed,m prediction,transcoder_128_state_iid,TC
0.8812816902851901,0.9540115703569169,4,3,2,0.8809710331106178,up_to_four,0,passed,m prediction,transcoder_current_iid,TC
0.796592165405674,0.8002981242761996,4,3,2,0.7926932073976248,single,0,passed,m prediction,transcoder_current_iid,TC
0.8795266078468327,0.9586011377965683,4,3,2,0.8774497224250477,up_to_four,0,passed,m prediction,transcoder_current_transfer,TC
0.7932381154078562,0.7995878660938824,4,3,2,0.7931118808475275,single,0,passed,m prediction,transcoder_current_transfer,TC
0.6340470937416537,0.703524201758862,4,3,2,0.6078679413361756,up_to_four,0,passed,m prediction,transcoder_previous_iid,TC
0.5721632921140118,0.5730122043694075,4,3,2,0.48800234420586636,single,0,passed,m prediction,transcoder_previous_iid,TC
0.6450852835291889,0.7188139254944067,4,3,2,0.5960224574573219,up_to_four,0,passed,m prediction,transcoder_previous_transfer,TC
0.5762270536964865,0.5770481236137479,4,3,2,0.49967420258742734,single,0,passed,m prediction,transcoder_previous_transfer,TC
0.6259782599729197,,4,3,2,0.5677751616615704,up_to_four,0,passed,m prediction,transcoder_query_iid,TC
0.35593046269676415,,4,3,2,0.2577920916144508,single,0,passed,m prediction,transcoder_query_iid,TC
0.5941023310209308,0.6547912471602498,4,3,2,0.5850997714878718,up_to_four,0,passed,m prediction,transcoder_A_iid,TC
0.5710434038728265,0.5735708307119735,4,3,2,0.489980885953348,single,0,passed,m prediction,transcoder_A_iid,TC
0.6029279433611521,0.6755699139181346,4,3,2,0.5884086973731473,up_to_four,0,passed,m prediction,transcoder_B_iid,TC
0.5936424066739342,0.5959744576195667,4,3,2,0.5260336533855183,single,0,passed,m prediction,transcoder_B_iid,TC
0.5995420458237988,0.6733432799947829,4,3,2,0.5853354758355436,up_to_four,0,passed,m prediction,transcoder_C_iid,TC
0.5876404084478113,0.5887938092262882,4,3,2,0.5111264200448259,single,0,passed,m prediction,transcoder_C_iid,TC
0.596200678807268,0.6637517591823551,4,3,2,0.5798701325583466,up_to_four,0,passed,m prediction,transcoder_D_iid,TC
0.5876907543271399,0.5900283800333764,4,3,2,0.5190000947852754,single,0,passed,m prediction,transcoder_D_iid,TC
0.1065167508825843,,4,3,2,0.04400705434915424,up_to_four,0,passed,m prediction,transcoder_state_iid,TC
0.07544138572615655,,4,3,2,0.02355217496257784,single,0,passed,m prediction,transcoder_state_iid,TC
0.8514967454605548,0.9017984376961627,4,3,2,0.8521380089890206,up_to_four,0,passed,m prediction,transcoder_128_current_iid,TC
0.796592165405674,0.8002981242761996,4,3,2,0.7926932073976248,single,0,passed,m prediction,transcoder_128_current_iid,TC
0.8500980708363854,0.9015253520479107,4,3,2,0.8528460904094308,up_to_four,0,passed,m prediction,transcoder_128_current_transfer,TC
0.7932381154078562,0.7995878660938824,4,3,2,0.7931118808475275,single,0,passed,m prediction,transcoder_128_current_transfer,TC
0.593381289173915,0.5970180568502628,4,3,2,0.5418722674043639,up_to_four,0,passed,m prediction,transcoder_128_previous_iid,TC
0.5427914627033672,0.5429133816898548,4,3,2,0.43048810848802266,single,0,passed,m prediction,transcoder_128_previous_iid,TC
0.5987669090247101,0.633557517619566,4,3,2,0.555288054292506,up_to_four,0,passed,m prediction,transcoder_128_previous_transfer,TC
0.5418749373051817,0.5419772924012023,4,3,2,0.4313062382994142,single,0,passed,m prediction,transcoder_128_previous_transfer,TC
0.43607190647764144,,4,3,2,0.415641684021211,up_to_four,0,passed,m prediction,transcoder_128_query_iid,TC
0.35593046269676415,,4,3,2,0.2577920916144508,single,0,passed,m prediction,transcoder_128_query_iid,TC
0.5950565665653319,0.6065980326614954,4,3,2,0.5902861633411918,up_to_four,0,passed,m prediction,transcoder_128_A_iid,TC
0.5921539733188238,0.590884388773964,4,3,2,0.5791685982828879,single,0,passed,m prediction,transcoder_128_A_iid,TC
0.6011824549061636,0.6287439575628107,4,3,2,0.5838963507709962,up_to_four,0,passed,m prediction,transcoder_128_B_iid,TC
0.5936424066739342,0.5959744576195667,4,3,2,0.5260336533855183,single,0,passed,m prediction,transcoder_128_B_iid,TC
0.5865992771253091,0.620695630409571,4,3,2,0.5729190491677942,up_to_four,0,passed,m prediction,transcoder_128_C_iid,TC
0.582654935574393,0.5847986856598338,4,3,2,0.5663268302542451,single,0,passed,m prediction,transcoder_128_C_iid,TC
0.5966608219515196,0.6225633151439005,4,3,2,0.5912533607575899,up_to_four,0,passed,m prediction,transcoder_128_D_iid,TC
0.5860783307185924,0.5869960785694419,4,3,2,0.5732568251452942,single,0,passed,m prediction,transcoder_128_D_iid,TC
0.10393288273270065,,4,3,2,0.041292506869655556,up_to_four,0,passed,m prediction,transcoder_128_state_iid,TC
0.07544138572615655,,4,3,2,0.02355217496257784,single,0,passed,m prediction,transcoder_128_state_iid,TC
0.8936208048403669,0.9701052490978117,16,3,2,0.8935738454347739,up_to_four,0,passed,m prediction,transcoder_current_iid,TC
0.8833932016571826,0.9307539695725222,16,3,2,0.8839767285419977,single,0,passed,m prediction,transcoder_current_iid,TC
0.9007471971202763,0.972970045406943,16,3,2,0.899819884900876,up_to_four,0,passed,m prediction,transcoder_current_transfer,TC
0.8899103454127071,0.9356590871850868,16,3,2,0.8909843186024835,single,0,passed,m prediction,transcoder_current_transfer,TC
0.6402294377108121,0.7101900763014132,16,3,2,0.6329499068049793,up_to_four,0,passed,m prediction,transcoder_previous_iid,TC
0.6299116227355325,0.6305984497692274,16,3,2,0.6044808682838138,single,0,passed,m prediction,transcoder_previous_iid,TC
0.6434834541408302,0.720105717395908,16,3,2,0.6272707949583936,up_to_four,0,passed,m prediction,transcoder_previous_transfer,TC
0.6180542500585151,0.6144435858092369,16,3,2,0.5940749569751689,single,0,passed,m prediction,transcoder_previous_transfer,TC
0.7295603514982806,,16,3,2,0.715162902386022,up_to_four,0,passed,m prediction,transcoder_query_iid,TC
0.4576953254341582,,16,3,2,0.3463693196570288,single,0,passed,m prediction,transcoder_query_iid,TC
0.6013170730891833,0.6442816225740152,16,3,2,0.6010689920722027,up_to_four,0,passed,m prediction,transcoder_A_iid,TC
0.594170497137959,0.5914120793082215,16,3,2,0.5279140987091884,single,0,passed,m prediction,transcoder_A_iid,TC
0.6093836830140612,0.6689330992753638,16,3,2,0.6046909686485961,up_to_four,0,passed,m prediction,transcoder_B_iid,TC
0.5901100034565951,0.5959927292227656,16,3,2,0.5489449934772503,single,0,passed,m prediction,transcoder_B_iid,TC
0.608156367726235,0.6821937762709802,16,3,2,0.6003255163945466,up_to_four,0,passed,m prediction,transcoder_C_iid,TC
0.5860540854866529,0.5899195489068961,16,3,2,0.5299227904605152,single,0,passed,m prediction,transcoder_C_iid,TC
0.6164521040974529,0.6436192599465901,16,3,2,0.6164847073928202,up_to_four,0,passed,m prediction,transcoder_D_iid,TC
0.6125607542758705,0.6253173597813102,16,3,2,0.6123580930284298,single,0,passed,m prediction,transcoder_D_iid,TC
0.11213086353117946,,16,3,2,0.037553339899285415,up_to_four,0,passed,m prediction,transcoder_state_iid,TC
0.11061538641315974,,16,3,2,0.03316610888053158,single,0,passed,m prediction,transcoder_state_iid,TC
0.8605990152472067,0.9467186262973961,16,3,2,0.861167937902653,up_to_four,0,passed,m prediction,transcoder_128_current_iid,TC
0.8127269882731533,0.8264075654911209,16,3,2,0.8119651803691208,single,0,passed,m prediction,transcoder_128_current_iid,TC
0.8795011874715437,0.9559202596828962,16,3,2,0.8807549046376646,up_to_four,0,passed,m prediction,transcoder_128_current_transfer,TC
0.820222329516715,0.8331002592554453,16,3,2,0.822246008862844,single,0,passed,m prediction,transcoder_128_current_transfer,TC
0.5703823407590928,0.5933276187236433,16,3,2,0.4907175060298409,up_to_four,0,passed,m prediction,transcoder_128_previous_iid,TC
0.5399546653281386,0.5403122874269696,16,3,2,0.42098828645030684,single,0,passed,m prediction,transcoder_128_previous_iid,TC
0.5614892202064935,0.5713406659954451,16,3,2,0.5305151175811871,up_to_four,0,passed,m prediction,transcoder_128_previous_transfer,TC
0.5138090213663941,0.5142245719104922,16,3,2,0.3559266006492695,single,0,passed,m prediction,transcoder_128_previous_transfer,TC
0.6584540164966035,,16,3,2,0.6645852905026413,up_to_four,0,passed,m prediction,transcoder_128_query_iid,TC
0.39103652065345124,,16,3,2,0.29272618186826427,single,0,passed,m prediction,transcoder_128_query_iid,TC
0.6020995294180465,0.6479267605099724,16,3,2,0.6018385635494647,up_to_four,0,passed,m prediction,transcoder_128_A_iid,TC
0.594170497137959,0.5914120793082215,16,3,2,0.5279140987091884,single,0,passed,m prediction,transcoder_128_A_iid,TC
0.6079872962526123,0.6414126827100282,16,3,2,0.6050064970040747,up_to_four,0,passed,m prediction,transcoder_128_B_iid,TC
0.6005567375506141,0.6054260747745248,16,3,2,0.5851320067436361,single,0,passed,m prediction,transcoder_128_B_iid,TC
0.6112546556972847,0.6425957796264934,16,3,2,0.6080588621371181,up_to_four,0,passed,m prediction,transcoder_128_C_iid,TC
0.5877858042185694,0.5931577374305986,16,3,2,0.578390825425545,single,0,passed,m prediction,transcoder_128_C_iid,TC
0.605758902936713,0.6242822580050807,16,3,2,0.6052278916420513,up_to_four,0,passed,m prediction,transcoder_128_D_iid,TC
0.5915502209712481,0.5994542399098555,16,3,2,0.5860053180226499,single,0,passed,m prediction,transcoder_128_D_iid,TC
0.10767957549159857,,16,3,2,0.044401494892494106,up_to_four,0,passed,m prediction,transcoder_128_state_iid,TC
0.09681472514153297,,16,3,2,0.02992301259346714,single,0,passed,m prediction,transcoder_128_state_iid,TC
0.9834117610510862,0.9976507714558763,4,7,2,0.9834354377205975,up_to_four,0,passed,m prediction,transcoder_current_iid,TC
0.9817449385218076,0.987801522094486,4,7,2,0.9817352164385234,single,0,passed,m prediction,transcoder_current_iid,TC
0.9803437352861363,0.996695108342611,4,7,2,0.9804462380760992,up_to_four,0,passed,m prediction,transcoder_current_transfer,TC
0.9783283205000917,0.9825004193552357,4,7,2,0.9784303863313673,single,0,passed,m prediction,transcoder_current_transfer,TC
0.7029326951999935,0.7395240200091013,4,7,2,0.6931615829933601,up_to_four,0,passed,m prediction,transcoder_previous_iid,TC
0.5675149957986245,0.5705565849704957,4,7,2,0.4941743545126899,single,0,passed,m prediction,transcoder_previous_iid,TC
0.7109683423675792,0.7459501933786842,4,7,2,0.7099972448848055,up_to_four,0,passed,m prediction,transcoder_previous_transfer,TC
0.5640228339172465,0.5715976683100449,4,7,2,0.4591868575466535,single,0,passed,m prediction,transcoder_previous_transfer,TC
0.6478108584099542,,4,7,2,0.6427131271144205,up_to_four,0,passed,m prediction,transcoder_query_iid,TC
0.38594084724219024,,4,7,2,0.28818902377948113,single,0,passed,m prediction,transcoder_query_iid,TC
0.644810184016883,0.6263129160021359,4,7,2,0.6447845544757567,up_to_four,0,passed,m prediction,transcoder_A_iid,TC
0.6427529977750488,0.6419784346811185,4,7,2,0.6427723413361539,single,0,passed,m prediction,transcoder_A_iid,TC
0.6374218683832982,0.6404281024621876,4,7,2,0.637433727703963,up_to_four,0,passed,m prediction,transcoder_B_iid,TC
0.6374218683832982,0.6404281024621876,4,7,2,0.637433727703963,single,0,passed,m prediction,transcoder_B_iid,TC
0.6425523379022914,0.6509933829273684,4,7,2,0.6425133677154242,up_to_four,0,passed,m prediction,transcoder_C_iid,TC
0.6425523379022914,0.6509933829273684,4,7,2,0.6425133677154242,single,0,passed,m prediction,transcoder_C_iid,TC
0.6373519274742627,0.6787991619771159,4,7,2,0.6374160027519504,up_to_four,0,passed,m prediction,transcoder_D_iid,TC
0.5868302289692794,0.5863321644704124,4,7,2,0.511025442779604,single,0,passed,m prediction,transcoder_D_iid,TC
0.12182344060549266,,4,7,2,0.03646722748155572,up_to_four,0,passed,m prediction,transcoder_state_iid,TC
0.1188640596065706,,4,7,2,0.037301765266409735,single,0,passed,m prediction,transcoder_state_iid,TC
0.8079166784097402,0.8619647980821212,4,7,2,0.8054013977879266,up_to_four,0,passed,m prediction,transcoder_128_current_iid,TC
0.7270568100004868,0.7278337644375751,4,7,2,0.7104853937261093,single,0,passed,m prediction,transcoder_128_current_iid,TC
0.7980513906078676,0.8350254074222314,4,7,2,0.7981600402521003,up_to_four,0,passed,m prediction,transcoder_128_current_transfer,TC
0.7229574161759077,0.7241557359052925,4,7,2,0.7104419309179859,single,0,passed,m prediction,transcoder_128_current_transfer,TC
0.6753061080505791,0.6908465439659484,4,7,2,0.669588426146687,up_to_four,0,passed,m prediction,transcoder_128_previous_iid,TC
0.5675149957986245,0.5705565849704957,4,7,2,0.4941743545126899,single,0,passed,m prediction,transcoder_128_previous_iid,TC
0.6758681606919279,0.6972174646401225,4,7,2,0.6602792243654605,up_to_four,0,passed,m prediction,transcoder_128_previous_transfer,TC
0.5640228339172465,0.5715976683100449,4,7,2,0.4591868575466535,single,0,passed,m prediction,transcoder_128_previous_transfer,TC
0.4426741946170428,,4,7,2,0.40947438893895394,up_to_four,0,passed,m prediction,transcoder_128_query_iid,TC
0.38594084724219024,,4,7,2,0.28818902377948113,single,0,passed,m prediction,transcoder_128_query_iid,TC
0.5788800347514558,0.6083175416079842,4,7,2,0.5562046667127788,up_to_four,0,passed,m prediction,transcoder_128_A_iid,TC
0.5666300344486399,0.570717994376353,4,7,2,0.532738561427728,single,0,passed,m prediction,transcoder_128_A_iid,TC
0.5793677416906833,0.6282935715496769,4,7,2,0.5612015626646593,up_to_four,0,passed,m prediction,transcoder_128_B_iid,TC
0.56235868025631,0.5641481966708138,4,7,2,0.4928289337880169,single,0,passed,m prediction,transcoder_128_B_iid,TC
0.6031653696335207,0.6129990599326888,4,7,2,0.5904493195315961,up_to_four,0,passed,m prediction,transcoder_128_C_iid,TC
0.5731178820487385,0.5732667829586157,4,7,2,0.5390877730689138,single,0,passed,m prediction,transcoder_128_C_iid,TC
0.5755123418338051,0.5953471228876994,4,7,2,0.5460112304595439,up_to_four,0,passed,m prediction,transcoder_128_D_iid,TC
0.563354597329888,0.5696030492333938,4,7,2,0.5290887205499424,single,0,passed,m prediction,transcoder_128_D_iid,TC
0.09845621867017926,,4,7,2,0.030738131204554715,up_to_four,0,passed,m prediction,transcoder_128_state_iid,TC
0.08994253311957454,,4,7,2,0.028670486348627622,single,0,passed,m prediction,transcoder_128_state_iid,TC
0.9913936615586432,0.9979653223569758,16,7,2,0.9912944276501946,up_to_four,0,passed,m prediction,transcoder_current_iid,TC
0.9913652379829926,0.994631206908258,16,7,2,0.9912447231727681,single,0,passed,m prediction,transcoder_current_iid,TC
0.9904920510324557,0.9969064050926241,16,7,2,0.9903291438375565,up_to_four,0,passed,m prediction,transcoder_current_transfer,TC
0.9898993676964996,0.9932801156967094,16,7,2,0.9895273582738189,single,0,passed,m prediction,transcoder_current_transfer,TC
0.6760354915482321,0.6622973747090012,16,7,2,0.6597611929295641,up_to_four,0,passed,m prediction,transcoder_previous_iid,TC
0.6537219556597557,0.667743268417261,16,7,2,0.6392852208140414,single,0,passed,m prediction,transcoder_previous_iid,TC
0.6655852816715646,0.668656584720669,16,7,2,0.6620650702773854,up_to_four,0,passed,m prediction,transcoder_previous_transfer,TC
0.6498136802880061,0.6667918086201196,16,7,2,0.6462498630587205,single,0,passed,m prediction,transcoder_previous_transfer,TC
0.9237279846363018,,16,7,2,0.9239476180451643,up_to_four,0,passed,m prediction,transcoder_query_iid,TC
0.49729945989197843,,16,7,2,0.37363617015512046,single,0,passed,m prediction,transcoder_query_iid,TC
0.6456433532540164,0.6537713531149913,16,7,2,0.6456060514833424,up_to_four,0,passed,m prediction,transcoder_A_iid,TC
0.6447486848554229,0.6586318990739849,16,7,2,0.6447572569448812,single,0,passed,m prediction,transcoder_A_iid,TC
0.640047876003177,0.6546995554056648,16,7,2,0.6400400632657981,up_to_four,0,passed,m prediction,transcoder_B_iid,TC
0.6360018466126729,0.6504283930467204,16,7,2,0.6359717301178198,single,0,passed,m prediction,transcoder_B_iid,TC
0.6438181981442843,0.697741903376145,16,7,2,0.6434550253785873,up_to_four,0,passed,m prediction,transcoder_C_iid,TC
0.6154486121554165,0.5816392102602552,16,7,2,0.5513283731275118,single,0,passed,m prediction,transcoder_C_iid,TC
0.6432447077129733,0.6988541462390027,16,7,2,0.6431446879771074,up_to_four,0,passed,m prediction,transcoder_D_iid,TC
0.6197823740822772,0.6280381343630799,16,7,2,0.5934844992201818,single,0,passed,m prediction,transcoder_D_iid,TC
0.12291577585311433,,16,7,2,0.038839705145403726,up_to_four,0,passed,m prediction,transcoder_state_iid,TC
0.12291577585311433,,16,7,2,0.038839705145403726,single,0,passed,m prediction,transcoder_state_iid,TC
0.9913281672350314,0.9994765258095675,16,7,2,0.9911948859016806,up_to_four,0,passed,m prediction,transcoder_128_current_iid,TC
0.9913652379829926,0.994631206908258,16,7,2,0.9912447231727681,single,0,passed,m prediction,transcoder_128_current_iid,TC
0.9911796964710042,0.9993201263959348,16,7,2,0.9909349871626019,up_to_four,0,passed,m prediction,transcoder_128_current_transfer,TC
0.9898993676964996,0.9932801156967094,16,7,2,0.9895273582738189,single,0,passed,m prediction,transcoder_128_current_transfer,TC
0.682319703140518,0.682914240786563,16,7,2,0.6774449572877353,up_to_four,0,passed,m prediction,transcoder_128_previous_iid,TC
0.6285893990006535,0.6093459791445036,16,7,2,0.6168025093301207,single,0,passed,m prediction,transcoder_128_previous_iid,TC
0.6859253383662567,0.7184062698533591,16,7,2,0.6853465744017748,up_to_four,0,passed,m prediction,transcoder_128_previous_transfer,TC
0.5962851230304539,0.627921485653568,16,7,2,0.5931443930321176,single,0,passed,m prediction,transcoder_128_previous_transfer,TC
0.8728970680156345,,16,7,2,0.8701077674401355,up_to_four,0,passed,m prediction,transcoder_128_query_iid,TC
0.49729945989197843,,16,7,2,0.37363617015512046,single,0,passed,m prediction,transcoder_128_query_iid,TC
0.6461827409918495,0.6279915422961622,16,7,2,0.6461098492589818,up_to_four,0,passed,m prediction,transcoder_128_A_iid,TC
0.6428783185209297,0.6291701218964734,16,7,2,0.6429321501616464,single,0,passed,m prediction,transcoder_128_A_iid,TC
0.640430478971366,0.6621317601529675,16,7,2,0.6404279561725655,up_to_four,0,passed,m prediction,transcoder_128_B_iid,TC
0.6369538311609404,0.649376720192391,16,7,2,0.6367618840852478,single,0,passed,m prediction,transcoder_128_B_iid,TC
0.6453480388636625,0.6623280277994233,16,7,2,0.6453045526981408,up_to_four,0,passed,m prediction,transcoder_128_C_iid,TC
0.6154486121554165,0.5816392102602552,16,7,2,0.5513283731275118,single,0,passed,m prediction,transcoder_128_C_iid,TC
0.6440903328924161,0.6516214818756152,16,7,2,0.6439922811681504,up_to_four,0,passed,m prediction,transcoder_128_D_iid,TC
0.6440015726897994,0.6484581729961983,16,7,2,0.643919841586919,single,0,passed,m prediction,transcoder_128_D_iid,TC
0.12291577585311433,,16,7,2,0.038839705145403726,up_to_four,0,passed,m prediction,transcoder_128_state_iid,TC
0.12291577585311433,,16,7,2,0.038839705145403726,single,0,passed,m prediction,transcoder_128_state_iid,TC
0.9959431150573532,0.9992467652369581,4,11,2,0.9958473102924947,up_to_four,0,passed,m prediction,transcoder_current_iid,TC
0.9700103253642701,0.9789363189403819,4,11,2,0.969199998768,single,0,passed,m prediction,transcoder_current_iid,TC
0.997154779969651,0.9995837211154914,4,11,2,0.9969779255641034,up_to_four,0,passed,m prediction,transcoder_current_transfer,TC
0.9742033383915023,0.9824231867500585,4,11,2,0.9726580922588707,single,0,passed,m prediction,transcoder_current_transfer,TC
0.6308818362129816,0.664053725183046,4,11,2,0.6155446248751786,up_to_four,0,passed,m prediction,transcoder_previous_iid,TC
0.5484314845549076,0.5488367149296575,4,11,2,0.4503734351036541,single,0,passed,m prediction,transcoder_previous_iid,TC
0.5911853871846219,0.6205577702564636,4,11,2,0.5645629240174433,up_to_four,0,passed,m prediction,transcoder_previous_transfer,TC
0.5290694045571238,0.5293640237627294,4,11,2,0.4205613980139824,single,0,passed,m prediction,transcoder_previous_transfer,TC
0.37149062149115164,,4,11,2,0.33554287455639314,up_to_four,0,passed,m prediction,transcoder_query_iid,TC
0.2821726615506954,,4,11,2,0.1605958260759394,single,0,passed,m prediction,transcoder_query_iid,TC
0.6495797600678812,0.6329197838813255,4,11,2,0.6495291421021823,up_to_four,0,passed,m prediction,transcoder_A_iid,TC
0.6433294491810361,0.6488267594698873,4,11,2,0.6424914162189035,single,0,passed,m prediction,transcoder_A_iid,TC
0.6433154710567399,0.635533319078948,4,11,2,0.6432843403558721,up_to_four,0,passed,m prediction,transcoder_B_iid,TC
0.6323805069171127,0.6380041981860161,4,11,2,0.6317814381022948,single,0,passed,m prediction,transcoder_B_iid,TC
0.6486941616712767,0.6596153701340406,4,11,2,0.6486910846166178,up_to_four,0,passed,m prediction,transcoder_C_iid,TC
0.641470274955213,0.6492323580322903,4,11,2,0.6412687464742484,single,0,passed,m prediction,transcoder_C_iid,TC
0.6480297478056684,0.673720514269244,4,11,2,0.6479770307840582,up_to_four,0,passed,m prediction,transcoder_D_iid,TC
0.6419730656043641,0.650501680395659,4,11,2,0.641099996411,single,0,passed,m prediction,transcoder_D_iid,TC
0.12410759816420194,,4,11,2,0.03714894378036765,up_to_four,0,passed,m prediction,transcoder_state_iid,TC
0.11992527018785715,,4,11,2,0.038443882391910024,single,0,passed,m prediction,transcoder_state_iid,TC
0.5542429913067094,0.5543149209680477,4,11,2,0.4504326820797715,up_to_four,0,passed,m prediction,transcoder_128_current_iid,TC
0.5542429913067094,0.5543149209680477,4,11,2,0.4504326820797715,single,0,passed,m prediction,transcoder_128_current_iid,TC
0.5550576184379001,0.5550576184379001,4,11,2,0.4574908376066607,up_to_four,0,passed,m prediction,transcoder_128_current_transfer,TC
0.5550576184379001,0.5550576184379001,4,11,2,0.4574908376066607,single,0,passed,m prediction,transcoder_128_current_transfer,TC
0.5408742048014961,0.5624878193596751,4,11,2,0.42642131305379666,up_to_four,0,passed,m prediction,transcoder_128_previous_iid,TC
0.5401301912564047,0.5407910721838689,4,11,2,0.4223103736752412,single,0,passed,m prediction,transcoder_128_previous_iid,TC
0.5377028990084002,0.5587731877946657,4,11,2,0.414310744586669,up_to_four,0,passed,m prediction,transcoder_128_previous_transfer,TC
0.5374786837617634,0.5378991570101166,4,11,2,0.41417874649733183,single,0,passed,m prediction,transcoder_128_previous_transfer,TC
0.2865411104151875,,4,11,2,0.1794921746309946,up_to_four,0,passed,m prediction,transcoder_128_query_iid,TC
0.2751101756566259,,4,11,2,0.14770521326333472,single,0,passed,m prediction,transcoder_128_query_iid,TC
0.5106483743424678,0.5139846400351022,4,11,2,0.36795119600825843,up_to_four,0,passed,m prediction,transcoder_128_A_iid,TC
0.5106096389301995,0.5108357147928863,4,11,2,0.36763917449929284,single,0,passed,m prediction,transcoder_128_A_iid,TC
0.5151363121636764,0.5280562268262837,4,11,2,0.4290011460290308,up_to_four,0,passed,m prediction,transcoder_128_B_iid,TC
0.5088637088096425,0.5089639674779072,4,11,2,0.34755043610065767,single,0,passed,m prediction,transcoder_128_B_iid,TC
0.5188333874971498,0.5207301577799622,4,11,2,0.39995098564824444,up_to_four,0,passed,m prediction,transcoder_128_C_iid,TC
0.5187830705000681,0.5195353403576588,4,11,2,0.3998543593053886,single,0,passed,m prediction,transcoder_128_C_iid,TC
0.5246529059513556,0.5238443509738628,4,11,2,0.4442397267145181,up_to_four,0,passed,m prediction,transcoder_128_D_iid,TC
0.5115067829457365,0.5113996178184345,4,11,2,0.3972573601038786,single,0,passed,m prediction,transcoder_128_D_iid,TC
0.06776725637519147,,4,11,2,0.01807307473444613,up_to_four,0,passed,m prediction,transcoder_128_state_iid,TC
0.06776725637519147,,4,11,2,0.01807307473444613,single,0,passed,m prediction,transcoder_128_state_iid,TC
0.9992792421746293,0.9999985287797111,16,11,2,0.9992993902944036,up_to_four,0,passed,m prediction,transcoder_current_iid,TC
0.9989793934681181,0.9989793934681181,16,11,2,0.9989491908112491,single,0,passed,m prediction,transcoder_current_iid,TC
0.9997865983781477,0.999999595216954,16,11,2,0.9997984537325021,up_to_four,0,passed,m prediction,transcoder_current_transfer,TC
0.9990515933232169,0.999051593323217,16,11,2,0.9989924110888286,single,0,passed,m prediction,transcoder_current_transfer,TC
0.6576592397525294,0.7379705503034032,16,11,2,0.653185017241944,up_to_four,0,passed,m prediction,transcoder_previous_iid,TC
0.5767109678821384,0.5823904804694641,16,11,2,0.5199239103776647,single,0,passed,m prediction,transcoder_previous_iid,TC
0.6184356203164648,0.7308271815010347,16,11,2,0.5781169138668985,up_to_four,0,passed,m prediction,transcoder_previous_transfer,TC
0.5626784712495495,0.5691583290298372,16,11,2,0.4888038858530662,single,0,passed,m prediction,transcoder_previous_transfer,TC
0.8180616053002177,,16,11,2,0.8221224769572371,up_to_four,0,passed,m prediction,transcoder_query_iid,TC
0.4957033872801739,,16,11,2,0.3721606395809042,single,0,passed,m prediction,transcoder_query_iid,TC
0.6498445062749516,0.6443735835159463,16,11,2,0.6498075157352172,up_to_four,0,passed,m prediction,transcoder_A_iid,TC
0.6498445062749516,0.6443735835159463,16,11,2,0.6498075157352172,single,0,passed,m prediction,transcoder_A_iid,TC
0.6438452474859635,0.6367154047506328,16,11,2,0.643838824025138,up_to_four,0,passed,m prediction,transcoder_B_iid,TC
0.643857855492552,0.645098258197886,16,11,2,0.6438474123947369,single,0,passed,m prediction,transcoder_B_iid,TC
0.6494803328744119,0.6454223518131434,16,11,2,0.649469545373728,up_to_four,0,passed,m prediction,transcoder_C_iid,TC
0.6493281218331556,0.6495428253547383,16,11,2,0.649315748108483,single,0,passed,m prediction,transcoder_C_iid,TC
0.6482450794163488,0.670456809429602,16,11,2,0.648205198283774,up_to_four,0,passed,m prediction,transcoder_D_iid,TC
0.6477179655777039,0.6606805450212896,16,11,2,0.6476503810906371,single,0,passed,m prediction,transcoder_D_iid,TC
0.12477689954105048,,16,11,2,0.037350187903619846,up_to_four,0,passed,m prediction,transcoder_state_iid,TC
0.1237590027003651,,16,11,2,0.03890442025219805,single,0,passed,m prediction,transcoder_state_iid,TC
0.9986618500849345,0.9999346958341127,16,11,2,0.9986489141018642,up_to_four,0,passed,m prediction,transcoder_128_current_iid,TC
0.9987363919129082,0.9987363919129082,16,11,2,0.998699016130949,single,0,passed,m prediction,transcoder_128_current_iid,TC
0.9986247900795123,0.9999766844965503,16,11,2,0.9985893095217944,up_to_four,0,passed,m prediction,transcoder_128_current_transfer,TC
0.9990515933232169,0.999051593323217,16,11,2,0.9989924110888286,single,0,passed,m prediction,transcoder_128_current_transfer,TC
0.6463750737708884,0.670371994648197,16,11,2,0.6411037718672141,up_to_four,0,passed,m prediction,transcoder_128_previous_iid,TC
0.5869047449966566,0.5888804942207848,16,11,2,0.5094367033096658,single,0,passed,m prediction,transcoder_128_previous_iid,TC
0.6577455500611158,0.6827545595387148,16,11,2,0.6547860370948433,up_to_four,0,passed,m prediction,transcoder_128_previous_transfer,TC
0.5863875152789595,0.6044280189180453,16,11,2,0.5129484802161797,single,0,passed,m prediction,transcoder_128_previous_transfer,TC
0.3394249963446181,,16,11,2,0.2832922003057728,up_to_four,0,passed,m prediction,transcoder_128_query_iid,TC
0.3108750486645755,,16,11,2,0.20295919547612995,single,0,passed,m prediction,transcoder_128_query_iid,TC
0.6498638414471434,0.6554887048108421,16,11,2,0.6498379977773745,up_to_four,0,passed,m prediction,transcoder_128_A_iid,TC
0.6498445062749516,0.6443735835159463,16,11,2,0.6498075157352172,single,0,passed,m prediction,transcoder_128_A_iid,TC
0.6442564486151285,0.6494777893753649,16,11,2,0.6442613669675755,up_to_four,0,passed,m prediction,transcoder_128_B_iid,TC
0.643857855492552,0.645098258197886,16,11,2,0.6438474123947369,single,0,passed,m prediction,transcoder_128_B_iid,TC
0.6494809628994175,0.6470955732233012,16,11,2,0.6494706042155314,up_to_four,0,passed,m prediction,transcoder_128_C_iid,TC
0.6494809628994175,0.6470955732233012,16,11,2,0.6494706042155314,single,0,passed,m prediction,transcoder_128_C_iid,TC
0.6478813868893811,0.6735199776945932,16,11,2,0.6478280183443763,up_to_four,0,passed,m prediction,transcoder_128_D_iid,TC
0.6479848870534433,0.6532840133422286,16,11,2,0.6479105496807236,single,0,passed,m prediction,transcoder_128_D_iid,TC
0.12461754207037226,,16,11,2,0.03741611157850779,up_to_four,0,passed,m prediction,transcoder_128_state_iid,TC
0.123598532864684,,16,11,2,0.03900581373403077,single,0,passed,m prediction,transcoder_128_state_iid,TC
