balanced_accuracy,binary_auroc,difference_from_full,full_balanced_accuracy,k,layer,lm_seed,macro_f1,size,sparse_seed,status,task
0.5154119032490309,0.5193349471785879,-0.08263926431139046,0.5980511675604213,4,0,0,0.4889213347188756,up_to_four,1,passed,coordinate_current_iid
0.5154119032490309,0.5193349471785879,-0.08263926431139046,0.5980511675604213,4,0,0,0.4889213347188756,single,1,passed,coordinate_current_iid
0.5,0.6045030008995899,0.0,0.5,4,0,0,0.34615889691398555,up_to_four,1,passed,coordinate_current_transfer
0.5129868973347141,0.5192956839764851,0.012986897334714143,0.5,4,0,0,0.4807153144229648,single,1,passed,coordinate_current_transfer
0.5169995031326431,0.5413326668405645,-0.0821737433025963,0.5991732464352394,4,0,0,0.4973799368240449,up_to_four,1,passed,coordinate_previous_iid
0.5033930278528621,0.5166608412057884,-0.09578021858237729,0.5991732464352394,4,0,0,0.49742507006082765,single,1,passed,coordinate_previous_iid
0.5,0.5252883961643775,0.0,0.5,4,0,0,0.32441082339249344,up_to_four,1,passed,coordinate_previous_transfer
0.5058849536151225,0.5107474708445875,0.0058849536151225346,0.5,4,0,0,0.5057519876466483,single,1,passed,coordinate_previous_transfer
1.0,,0.0,1.0,4,0,0,1.0,up_to_four,1,passed,coordinate_query_iid
0.841321243523316,,-0.15867875647668395,1.0,4,0,0,0.8234221154884764,single,1,passed,coordinate_query_iid
0.5406946463175566,0.5539863984696594,-0.07842743255611151,0.6191220788736681,4,0,0,0.5406835282690019,up_to_four,1,passed,coordinate_A_iid
0.5113987522041872,0.5255673841962581,-0.10772332666948092,0.6191220788736681,4,0,0,0.44801881098689156,single,1,passed,coordinate_A_iid
0.5230327667281831,0.5447174573741309,-0.09021671122029329,0.6132494779484764,4,0,0,0.5025568805781351,up_to_four,1,passed,coordinate_B_iid
0.5142457666316418,0.5265640542370027,-0.09900371131683461,0.6132494779484764,4,0,0,0.5060863437278497,single,1,passed,coordinate_B_iid
0.5316430009107062,0.5498005715846862,-0.0841183886588458,0.615761389569552,4,0,0,0.51587047462724,up_to_four,1,passed,coordinate_C_iid
0.5110264526399053,0.5203301419033322,-0.10473493692964664,0.615761389569552,4,0,0,0.43891803106595695,single,1,passed,coordinate_C_iid
0.531946783612239,0.535573214670235,-0.09118316388786352,0.6231299475001025,4,0,0,0.5282918187445305,up_to_four,1,passed,coordinate_D_iid
0.5127694529039006,0.5226044318257557,-0.1103604945962019,0.6231299475001025,4,0,0,0.5070791794974436,single,1,passed,coordinate_D_iid
0.07004370472462541,,-0.03933409913832135,0.10937780386294677,4,0,0,0.02100449172891617,up_to_four,1,passed,coordinate_state_iid
0.07007969455950552,,-0.03929810930344124,0.10937780386294677,4,0,0,0.021028881423100127,single,1,passed,coordinate_state_iid
0.516240750728284,0.5229627662368275,-0.0818104168321373,0.5980511675604213,4,0,0,0.508141076573049,up_to_four,1,passed,coordinate_128_current_iid
0.5103154360352651,0.5212187897129394,-0.08773573152515624,0.5980511675604213,4,0,0,0.46789542278489715,single,1,passed,coordinate_128_current_iid
0.5063588178262568,0.5301856432196896,0.006358817826256802,0.5,4,0,0,0.4601284697220921,up_to_four,1,passed,coordinate_128_current_transfer
0.5,0.5298980853438098,0.0,0.5,4,0,0,0.34615889691398555,single,1,passed,coordinate_128_current_transfer
0.5301442832137007,0.5540843639895758,-0.06902896322153873,0.5991732464352394,4,0,0,0.5261572887711572,up_to_four,1,passed,coordinate_128_previous_iid
0.5006437394077937,0.516733073456579,-0.09852950702744567,0.5991732464352394,4,0,0,0.46900982674396774,single,1,passed,coordinate_128_previous_iid
0.5,0.5326412444596357,0.0,0.5,4,0,0,0.32441082339249344,up_to_four,1,passed,coordinate_128_previous_transfer
0.5,0.5141079131077683,0.0,0.5,4,0,0,0.34202323604420515,single,1,passed,coordinate_128_previous_transfer
1.0,,0.0,1.0,4,0,0,1.0,up_to_four,1,passed,coordinate_128_query_iid
0.841321243523316,,-0.15867875647668395,1.0,4,0,0,0.8234221154884764,single,1,passed,coordinate_128_query_iid
0.5231063416151437,0.5343148753663209,-0.09601573725852441,0.6191220788736681,4,0,0,0.5229669602555457,up_to_four,1,passed,coordinate_128_A_iid
0.5077261105739006,0.5144228722383776,-0.1113959682997675,0.6191220788736681,4,0,0,0.49920136073014665,single,1,passed,coordinate_128_A_iid
0.5309675856555948,0.5421475453772163,-0.08228189229288163,0.6132494779484764,4,0,0,0.5285724094200703,up_to_four,1,passed,coordinate_128_B_iid
0.5094519823868949,0.5131476242673148,-0.10379749556158147,0.6132494779484764,4,0,0,0.48579010491374586,single,1,passed,coordinate_128_B_iid
0.5155940989297866,0.5322157936448497,-0.10016729063976537,0.615761389569552,4,0,0,0.4107572800625008,up_to_four,1,passed,coordinate_128_C_iid
0.5001515810162506,0.5191633255923928,-0.11560980855330139,0.615761389569552,4,0,0,0.33515514476611896,single,1,passed,coordinate_128_C_iid
0.5304252030269472,0.5412158261203652,-0.09270474447315535,0.6231299475001025,4,0,0,0.5297912165381451,up_to_four,1,passed,coordinate_128_D_iid
0.5119920801546286,0.5251342177630635,-0.11113786734547393,0.6231299475001025,4,0,0,0.5014684907555347,single,1,passed,coordinate_128_D_iid
0.07791616665005806,,-0.03146163721288871,0.10937780386294677,4,0,0,0.0235126351566771,up_to_four,1,passed,coordinate_128_state_iid
0.06721594647504116,,-0.04216185738790561,0.10937780386294677,4,0,0,0.020013135906004585,single,1,passed,coordinate_128_state_iid
0.5059336415996885,0.5192351644147722,-0.09211752596073286,0.5980511675604213,4,0,0,0.4928831705819355,up_to_four,1,passed,random_current_iid
0.5020549044199221,0.5142240980358749,-0.09599626314049925,0.5980511675604213,4,0,0,0.44592589363471313,single,1,passed,random_current_iid
0.5,0.566891207917945,0.0,0.5,4,0,0,0.34615889691398555,up_to_four,1,passed,random_current_transfer
0.5,0.5582690052116627,0.0,0.5,4,0,0,0.34615889691398555,single,1,passed,random_current_transfer
0.5183813209281616,0.5181585793219349,-0.08079192550707781,0.5991732464352394,4,0,0,0.5179197524043165,up_to_four,1,passed,random_previous_iid
0.5069607560235785,0.515471338674744,-0.09221249041166091,0.5991732464352394,4,0,0,0.5038117636465093,single,1,passed,random_previous_iid
0.5,0.5465685964905763,0.0,0.5,4,0,0,0.34202323604420515,up_to_four,1,passed,random_previous_transfer
0.5,0.5477899844331088,0.0,0.5,4,0,0,0.34202323604420515,single,1,passed,random_previous_transfer
1.0,,0.0,1.0,4,0,0,1.0,up_to_four,1,passed,random_query_iid
0.9694932908462921,,-0.0305067091537079,1.0,4,0,0,0.9693795642110086,single,1,passed,random_query_iid
0.5541689889644967,0.5737795484651181,-0.06495308990917137,0.6191220788736681,4,0,0,0.5531345744330427,up_to_four,1,passed,random_A_iid
0.5106190037003706,0.5251598039718858,-0.10850307517329749,0.6191220788736681,4,0,0,0.5086337531224165,single,1,passed,random_A_iid
0.5645362430958156,0.5874113997352879,-0.04871323485266077,0.6132494779484764,4,0,0,0.5644614563779258,up_to_four,1,passed,random_B_iid
0.5115094889858856,0.5176173277077876,-0.10173998896259084,0.6132494779484764,4,0,0,0.5043644824421118,single,1,passed,random_B_iid
0.5437281555704946,0.5752580519920836,-0.07203323399905737,0.615761389569552,4,0,0,0.5342045069562762,up_to_four,1,passed,random_C_iid
0.5041364141742786,0.5157293792990644,-0.11162497539527338,0.615761389569552,4,0,0,0.3705709472793284,single,1,passed,random_C_iid
0.511474098683401,0.5402934069434191,-0.11165584881670154,0.6231299475001025,4,0,0,0.3858546147408964,up_to_four,1,passed,random_D_iid
0.5149931042615151,0.5228626615307514,-0.10813684323858741,0.6231299475001025,4,0,0,0.492326979261163,single,1,passed,random_D_iid
0.08843708684724502,,-0.020940717015701743,0.10937780386294677,4,0,0,0.02666922121374363,up_to_four,1,passed,random_state_iid
0.0698467952898192,,-0.039531008573127566,0.10937780386294677,4,0,0,0.020728720837010172,single,1,passed,random_state_iid
0.5414054633475189,0.5530092079574482,-0.05664570421290238,0.5980511675604213,4,0,0,0.5293241961207125,up_to_four,1,passed,random_128_current_iid
0.5,0.5546931646985276,-0.09805116756042132,0.5980511675604213,4,0,0,0.33967247754886426,single,1,passed,random_128_current_iid
0.5,0.5599292633531451,0.0,0.5,4,0,0,0.34615889691398555,up_to_four,1,passed,random_128_current_transfer
0.5,0.5582690052116627,0.0,0.5,4,0,0,0.34615889691398555,single,1,passed,random_128_current_transfer
0.5080176181797796,0.519186273759249,-0.09115562825545975,0.5991732464352394,4,0,0,0.5065491779243814,up_to_four,1,passed,random_128_previous_iid
0.5021899575982658,0.5102924519924866,-0.0969832888369736,0.5991732464352394,4,0,0,0.4794409157412187,single,1,passed,random_128_previous_iid
0.5,0.5632940879250709,0.0,0.5,4,0,0,0.34202323604420515,up_to_four,1,passed,random_128_previous_transfer
0.5,0.5477899844331088,0.0,0.5,4,0,0,0.34202323604420515,single,1,passed,random_128_previous_transfer
1.0,,0.0,1.0,4,0,0,1.0,up_to_four,1,passed,random_128_query_iid
0.9694932908462921,,-0.0305067091537079,1.0,4,0,0,0.9693795642110086,single,1,passed,random_128_query_iid
0.5302650602346922,0.5490041405297733,-0.08885701863897588,0.6191220788736681,4,0,0,0.5200887838849347,up_to_four,1,passed,random_128_A_iid
0.5069029017283442,0.5201262925597647,-0.11221917714532392,0.6191220788736681,4,0,0,0.4990791985239492,single,1,passed,random_128_A_iid
0.5713543328555366,0.5994889994942388,-0.04189514509293979,0.6132494779484764,4,0,0,0.5705139987965795,up_to_four,1,passed,random_128_B_iid
0.5112078574377873,0.5252660649618934,-0.1020416205106891,0.6132494779484764,4,0,0,0.48433399603224514,single,1,passed,random_128_B_iid
0.5545243890730023,0.5733348956620088,-0.061237000496549676,0.615761389569552,4,0,0,0.5298012969109218,up_to_four,1,passed,random_128_C_iid
0.5031709908566271,0.5226846153523833,-0.11259039871292487,0.615761389569552,4,0,0,0.40894333896242163,single,1,passed,random_128_C_iid
0.5597699027931586,0.5752551335120073,-0.0633600447069439,0.6231299475001025,4,0,0,0.535352601897708,up_to_four,1,passed,random_128_D_iid
0.5597699027931586,0.5752551335120073,-0.0633600447069439,0.6231299475001025,4,0,0,0.535352601897708,single,1,passed,random_128_D_iid
0.07925722417828755,,-0.030120579684659213,0.10937780386294677,4,0,0,0.024061433597014875,up_to_four,1,passed,random_128_state_iid
0.0658517207442,,-0.04352608311874677,0.10937780386294677,4,0,0,0.019141971221961457,single,1,passed,random_128_state_iid
0.5345171098716119,0.5613447117577203,-0.06353405768880938,0.5980511675604213,4,0,0,0.4526897580799102,up_to_four,1,passed,transcoder_current_iid
0.5315179022088081,0.5323142627420888,-0.06653326535161319,0.5980511675604213,4,0,0,0.44833803835618097,single,1,passed,transcoder_current_iid
0.520390298289484,0.5574688300863256,0.02039029828948402,0.5,4,0,0,0.3781880626624414,up_to_four,1,passed,transcoder_current_transfer
0.5200583761917623,0.5201558479492395,0.020058376191762317,0.5,4,0,0,0.3769012492084246,single,1,passed,transcoder_current_transfer
0.5275702435689279,0.5499358448748473,-0.0716030028663115,0.5991732464352394,4,0,0,0.4596710195523782,up_to_four,1,passed,transcoder_previous_iid
0.5285646653292932,0.5290589288380405,-0.07060858110594614,0.5991732464352394,4,0,0,0.44466493795951123,single,1,passed,transcoder_previous_iid
0.5184935781929775,0.5345537615033381,0.018493578192977478,0.5,4,0,0,0.37969629949644135,up_to_four,1,passed,transcoder_previous_transfer
0.5184935781929775,0.5185307306779214,0.018493578192977478,0.5,4,0,0,0.37969629949644135,single,1,passed,transcoder_previous_transfer
1.0,,0.0,1.0,4,0,0,1.0,up_to_four,1,passed,transcoder_query_iid
0.5,,-0.5,1.0,4,0,0,0.37509383914718986,single,1,passed,transcoder_query_iid
0.5442732898805995,0.5779404745176595,-0.07484878899306857,0.6191220788736681,4,0,0,0.4619948898942132,up_to_four,1,passed,transcoder_A_iid
0.5390415967074289,0.5392083006279621,-0.0800804821662392,0.6191220788736681,4,0,0,0.4568209251590896,single,1,passed,transcoder_A_iid
0.5469843969714527,0.5786919025057673,-0.06626508097702366,0.6132494779484764,4,0,0,0.4971374595104081,up_to_four,1,passed,transcoder_B_iid
0.5416680408726757,0.5425341859094199,-0.07158143707580067,0.6132494779484764,4,0,0,0.4606714978768991,single,1,passed,transcoder_B_iid
0.5413430309048965,0.5690427353061643,-0.0744183586646554,0.615761389569552,4,0,0,0.48462358434216457,up_to_four,1,passed,transcoder_C_iid
0.5351432798367768,0.5370280646438857,-0.08061810973277517,0.615761389569552,4,0,0,0.44472160986387743,single,1,passed,transcoder_C_iid
0.5524893231409704,0.5852260014602175,-0.0706406243591321,0.6231299475001025,4,0,0,0.5054689522085246,up_to_four,1,passed,transcoder_D_iid
0.542520142477749,0.5436147498388217,-0.08060980502235349,0.6231299475001025,4,0,0,0.4591686747926516,single,1,passed,transcoder_D_iid
0.08077466080047384,,-0.028603143062472927,0.10937780386294677,4,0,0,0.025760451089303887,up_to_four,1,passed,transcoder_state_iid
0.07919408981180116,,-0.030183714051145602,0.10937780386294677,4,0,0,0.025771005018239555,single,1,passed,transcoder_state_iid
0.5003827174411544,0.5001250587287119,-0.09766845011926695,0.5980511675604213,4,0,0,0.37812394948188754,up_to_four,1,passed,transcoder_128_current_iid
0.5013037213586437,0.5018407167641128,-0.09674744620177766,0.5980511675604213,4,0,0,0.3710307758166264,single,1,passed,transcoder_128_current_iid
0.5002134016218523,0.5003555614276083,0.00021340162185234934,0.5,4,0,0,0.3466309815491671,up_to_four,1,passed,transcoder_128_current_transfer
0.5,0.5,0.0,0.5,4,0,0,0.34615889691398555,single,1,passed,transcoder_128_current_transfer
0.4996546177198627,0.49926076113889895,-0.0995186287153767,0.5991732464352394,4,0,0,0.3391101970174066,up_to_four,1,passed,transcoder_128_previous_iid
0.5,0.49960517347113986,-0.09917324643523939,0.5991732464352394,4,0,0,0.33839155620313444,single,1,passed,transcoder_128_previous_iid
0.5,0.5,0.0,0.5,4,0,0,0.34202323604420515,up_to_four,1,passed,transcoder_128_previous_transfer
0.5,0.5,0.0,0.5,4,0,0,0.34202323604420515,single,1,passed,transcoder_128_previous_transfer
0.9618280870402698,,-0.038171912959730214,1.0,4,0,0,0.9616439715259579,up_to_four,1,passed,transcoder_128_query_iid
0.5,,-0.5,1.0,4,0,0,0.37509383914718986,single,1,passed,transcoder_128_query_iid
0.49853482139381194,0.49529817463261244,-0.12058725747985616,0.6191220788736681,4,0,0,0.4441710160963947,up_to_four,1,passed,transcoder_128_A_iid
0.49846394745173694,0.49545163473600373,-0.12065813142193116,0.6191220788736681,4,0,0,0.4456499208820878,single,1,passed,transcoder_128_A_iid
0.5009531652980909,0.5018389578117688,-0.11229631265038553,0.6132494779484764,4,0,0,0.3707435461578329,up_to_four,1,passed,transcoder_128_B_iid
0.5008993511239377,0.5018389578117688,-0.11235012682453871,0.6132494779484764,4,0,0,0.37056322411397924,single,1,passed,transcoder_128_B_iid
0.5000547271721215,0.505629008415344,-0.11570666239743044,0.615761389569552,4,0,0,0.33546839526211436,up_to_four,1,passed,transcoder_128_C_iid
0.5000547271721215,0.5000547171717246,-0.11570666239743044,0.615761389569552,4,0,0,0.33546839526211436,single,1,passed,transcoder_128_C_iid
0.5,0.5056726771663257,-0.12312994750010253,0.6231299475001025,4,0,0,0.34141201264488935,up_to_four,1,passed,transcoder_128_D_iid
0.5,0.500106524259413,-0.12312994750010253,0.6231299475001025,4,0,0,0.34141201264488935,single,1,passed,transcoder_128_D_iid
0.06242575082073169,,-0.04695205304221507,0.10937780386294677,4,0,0,0.01127425607924329,up_to_four,1,passed,transcoder_128_state_iid
0.06243625701172871,,-0.046941546851218055,0.10937780386294677,4,0,0,0.011158069807709833,single,1,passed,transcoder_128_state_iid
0.5154119032490309,0.5193349471785879,-0.08263926431139046,0.5980511675604213,16,0,0,0.4889213347188756,up_to_four,1,passed,coordinate_current_iid
0.5154119032490309,0.5193349471785879,-0.08263926431139046,0.5980511675604213,16,0,0,0.4889213347188756,single,1,passed,coordinate_current_iid
0.5,0.6045030008995899,0.0,0.5,16,0,0,0.34615889691398555,up_to_four,1,passed,coordinate_current_transfer
0.5129868973347141,0.5192956839764851,0.012986897334714143,0.5,16,0,0,0.4807153144229648,single,1,passed,coordinate_current_transfer
0.5169995031326431,0.5413326668405645,-0.0821737433025963,0.5991732464352394,16,0,0,0.4973799368240449,up_to_four,1,passed,coordinate_previous_iid
0.5033930278528621,0.5166608412057884,-0.09578021858237729,0.5991732464352394,16,0,0,0.49742507006082765,single,1,passed,coordinate_previous_iid
0.5,0.5252883961643775,0.0,0.5,16,0,0,0.32441082339249344,up_to_four,1,passed,coordinate_previous_transfer
0.5058849536151225,0.5107474708445875,0.0058849536151225346,0.5,16,0,0,0.5057519876466483,single,1,passed,coordinate_previous_transfer
1.0,,0.0,1.0,16,0,0,1.0,up_to_four,1,passed,coordinate_query_iid
0.841321243523316,,-0.15867875647668395,1.0,16,0,0,0.8234221154884764,single,1,passed,coordinate_query_iid
0.5406946463175566,0.5539863984696594,-0.07842743255611151,0.6191220788736681,16,0,0,0.5406835282690019,up_to_four,1,passed,coordinate_A_iid
0.5113987522041872,0.5255673841962581,-0.10772332666948092,0.6191220788736681,16,0,0,0.44801881098689156,single,1,passed,coordinate_A_iid
0.5230327667281831,0.5447174573741309,-0.09021671122029329,0.6132494779484764,16,0,0,0.5025568805781351,up_to_four,1,passed,coordinate_B_iid
0.5142457666316418,0.5265640542370027,-0.09900371131683461,0.6132494779484764,16,0,0,0.5060863437278497,single,1,passed,coordinate_B_iid
0.5316430009107062,0.5498005715846862,-0.0841183886588458,0.615761389569552,16,0,0,0.51587047462724,up_to_four,1,passed,coordinate_C_iid
0.5110264526399053,0.5203301419033322,-0.10473493692964664,0.615761389569552,16,0,0,0.43891803106595695,single,1,passed,coordinate_C_iid
0.531946783612239,0.535573214670235,-0.09118316388786352,0.6231299475001025,16,0,0,0.5282918187445305,up_to_four,1,passed,coordinate_D_iid
0.5127694529039006,0.5226044318257557,-0.1103604945962019,0.6231299475001025,16,0,0,0.5070791794974436,single,1,passed,coordinate_D_iid
0.07004370472462541,,-0.03933409913832135,0.10937780386294677,16,0,0,0.02100449172891617,up_to_four,1,passed,coordinate_state_iid
0.07007969455950552,,-0.03929810930344124,0.10937780386294677,16,0,0,0.021028881423100127,single,1,passed,coordinate_state_iid
0.516240750728284,0.5229627662368275,-0.0818104168321373,0.5980511675604213,16,0,0,0.508141076573049,up_to_four,1,passed,coordinate_128_current_iid
0.5103154360352651,0.5212187897129394,-0.08773573152515624,0.5980511675604213,16,0,0,0.46789542278489715,single,1,passed,coordinate_128_current_iid
0.5063588178262568,0.5301856432196896,0.006358817826256802,0.5,16,0,0,0.4601284697220921,up_to_four,1,passed,coordinate_128_current_transfer
0.5,0.5298980853438098,0.0,0.5,16,0,0,0.34615889691398555,single,1,passed,coordinate_128_current_transfer
0.5301442832137007,0.5540843639895758,-0.06902896322153873,0.5991732464352394,16,0,0,0.5261572887711572,up_to_four,1,passed,coordinate_128_previous_iid
0.5006437394077937,0.516733073456579,-0.09852950702744567,0.5991732464352394,16,0,0,0.46900982674396774,single,1,passed,coordinate_128_previous_iid
0.5,0.5326412444596357,0.0,0.5,16,0,0,0.32441082339249344,up_to_four,1,passed,coordinate_128_previous_transfer
0.5,0.5141079131077683,0.0,0.5,16,0,0,0.34202323604420515,single,1,passed,coordinate_128_previous_transfer
1.0,,0.0,1.0,16,0,0,1.0,up_to_four,1,passed,coordinate_128_query_iid
0.841321243523316,,-0.15867875647668395,1.0,16,0,0,0.8234221154884764,single,1,passed,coordinate_128_query_iid
0.5231063416151437,0.5343148753663209,-0.09601573725852441,0.6191220788736681,16,0,0,0.5229669602555457,up_to_four,1,passed,coordinate_128_A_iid
0.5077261105739006,0.5144228722383776,-0.1113959682997675,0.6191220788736681,16,0,0,0.49920136073014665,single,1,passed,coordinate_128_A_iid
0.5309675856555948,0.5421475453772163,-0.08228189229288163,0.6132494779484764,16,0,0,0.5285724094200703,up_to_four,1,passed,coordinate_128_B_iid
0.5094519823868949,0.5131476242673148,-0.10379749556158147,0.6132494779484764,16,0,0,0.48579010491374586,single,1,passed,coordinate_128_B_iid
0.5155940989297866,0.5322157936448497,-0.10016729063976537,0.615761389569552,16,0,0,0.4107572800625008,up_to_four,1,passed,coordinate_128_C_iid
0.5001515810162506,0.5191633255923928,-0.11560980855330139,0.615761389569552,16,0,0,0.33515514476611896,single,1,passed,coordinate_128_C_iid
0.5304252030269472,0.5412158261203652,-0.09270474447315535,0.6231299475001025,16,0,0,0.5297912165381451,up_to_four,1,passed,coordinate_128_D_iid
0.5119920801546286,0.5251342177630635,-0.11113786734547393,0.6231299475001025,16,0,0,0.5014684907555347,single,1,passed,coordinate_128_D_iid
0.07791616665005806,,-0.03146163721288871,0.10937780386294677,16,0,0,0.0235126351566771,up_to_four,1,passed,coordinate_128_state_iid
0.06721594647504116,,-0.04216185738790561,0.10937780386294677,16,0,0,0.020013135906004585,single,1,passed,coordinate_128_state_iid
0.5059336415996885,0.5192351644147722,-0.09211752596073286,0.5980511675604213,16,0,0,0.4928831705819355,up_to_four,1,passed,random_current_iid
0.5020549044199221,0.5142240980358749,-0.09599626314049925,0.5980511675604213,16,0,0,0.44592589363471313,single,1,passed,random_current_iid
0.5,0.566891207917945,0.0,0.5,16,0,0,0.34615889691398555,up_to_four,1,passed,random_current_transfer
0.5,0.5582690052116627,0.0,0.5,16,0,0,0.34615889691398555,single,1,passed,random_current_transfer
0.5183813209281616,0.5181585793219349,-0.08079192550707781,0.5991732464352394,16,0,0,0.5179197524043165,up_to_four,1,passed,random_previous_iid
0.5069607560235785,0.515471338674744,-0.09221249041166091,0.5991732464352394,16,0,0,0.5038117636465093,single,1,passed,random_previous_iid
0.5,0.5465685964905763,0.0,0.5,16,0,0,0.34202323604420515,up_to_four,1,passed,random_previous_transfer
0.5,0.5477899844331088,0.0,0.5,16,0,0,0.34202323604420515,single,1,passed,random_previous_transfer
1.0,,0.0,1.0,16,0,0,1.0,up_to_four,1,passed,random_query_iid
0.9694932908462921,,-0.0305067091537079,1.0,16,0,0,0.9693795642110086,single,1,passed,random_query_iid
0.5541689889644967,0.5737795484651181,-0.06495308990917137,0.6191220788736681,16,0,0,0.5531345744330427,up_to_four,1,passed,random_A_iid
0.5106190037003706,0.5251598039718858,-0.10850307517329749,0.6191220788736681,16,0,0,0.5086337531224165,single,1,passed,random_A_iid
0.5645362430958156,0.5874113997352879,-0.04871323485266077,0.6132494779484764,16,0,0,0.5644614563779258,up_to_four,1,passed,random_B_iid
0.5115094889858856,0.5176173277077876,-0.10173998896259084,0.6132494779484764,16,0,0,0.5043644824421118,single,1,passed,random_B_iid
0.5437281555704946,0.5752580519920836,-0.07203323399905737,0.615761389569552,16,0,0,0.5342045069562762,up_to_four,1,passed,random_C_iid
0.5041364141742786,0.5157293792990644,-0.11162497539527338,0.615761389569552,16,0,0,0.3705709472793284,single,1,passed,random_C_iid
0.511474098683401,0.5402934069434191,-0.11165584881670154,0.6231299475001025,16,0,0,0.3858546147408964,up_to_four,1,passed,random_D_iid
0.5149931042615151,0.5228626615307514,-0.10813684323858741,0.6231299475001025,16,0,0,0.492326979261163,single,1,passed,random_D_iid
0.08843708684724502,,-0.020940717015701743,0.10937780386294677,16,0,0,0.02666922121374363,up_to_four,1,passed,random_state_iid
0.0698467952898192,,-0.039531008573127566,0.10937780386294677,16,0,0,0.020728720837010172,single,1,passed,random_state_iid
0.5414054633475189,0.5530092079574482,-0.05664570421290238,0.5980511675604213,16,0,0,0.5293241961207125,up_to_four,1,passed,random_128_current_iid
0.5,0.5546931646985276,-0.09805116756042132,0.5980511675604213,16,0,0,0.33967247754886426,single,1,passed,random_128_current_iid
0.5,0.5599292633531451,0.0,0.5,16,0,0,0.34615889691398555,up_to_four,1,passed,random_128_current_transfer
0.5,0.5582690052116627,0.0,0.5,16,0,0,0.34615889691398555,single,1,passed,random_128_current_transfer
0.5080176181797796,0.519186273759249,-0.09115562825545975,0.5991732464352394,16,0,0,0.5065491779243814,up_to_four,1,passed,random_128_previous_iid
0.5021899575982658,0.5102924519924866,-0.0969832888369736,0.5991732464352394,16,0,0,0.4794409157412187,single,1,passed,random_128_previous_iid
0.5,0.5632940879250709,0.0,0.5,16,0,0,0.34202323604420515,up_to_four,1,passed,random_128_previous_transfer
0.5,0.5477899844331088,0.0,0.5,16,0,0,0.34202323604420515,single,1,passed,random_128_previous_transfer
1.0,,0.0,1.0,16,0,0,1.0,up_to_four,1,passed,random_128_query_iid
0.9694932908462921,,-0.0305067091537079,1.0,16,0,0,0.9693795642110086,single,1,passed,random_128_query_iid
0.5302650602346922,0.5490041405297733,-0.08885701863897588,0.6191220788736681,16,0,0,0.5200887838849347,up_to_four,1,passed,random_128_A_iid
0.5069029017283442,0.5201262925597647,-0.11221917714532392,0.6191220788736681,16,0,0,0.4990791985239492,single,1,passed,random_128_A_iid
0.5713543328555366,0.5994889994942388,-0.04189514509293979,0.6132494779484764,16,0,0,0.5705139987965795,up_to_four,1,passed,random_128_B_iid
0.5112078574377873,0.5252660649618934,-0.1020416205106891,0.6132494779484764,16,0,0,0.48433399603224514,single,1,passed,random_128_B_iid
0.5545243890730023,0.5733348956620088,-0.061237000496549676,0.615761389569552,16,0,0,0.5298012969109218,up_to_four,1,passed,random_128_C_iid
0.5031709908566271,0.5226846153523833,-0.11259039871292487,0.615761389569552,16,0,0,0.40894333896242163,single,1,passed,random_128_C_iid
0.5597699027931586,0.5752551335120073,-0.0633600447069439,0.6231299475001025,16,0,0,0.535352601897708,up_to_four,1,passed,random_128_D_iid
0.5597699027931586,0.5752551335120073,-0.0633600447069439,0.6231299475001025,16,0,0,0.535352601897708,single,1,passed,random_128_D_iid
0.07925722417828755,,-0.030120579684659213,0.10937780386294677,16,0,0,0.024061433597014875,up_to_four,1,passed,random_128_state_iid
0.0658517207442,,-0.04352608311874677,0.10937780386294677,16,0,0,0.019141971221961457,single,1,passed,random_128_state_iid
0.5913968482017725,0.6145679022008015,-0.006654319358648797,0.5980511675604213,16,0,0,0.5913458680663812,up_to_four,1,passed,transcoder_current_iid
0.5904504632322234,0.6057398198361649,-0.007600704328197927,0.5980511675604213,16,0,0,0.5904667825422242,single,1,passed,transcoder_current_iid
0.6019241281135103,0.6425794848180452,0.10192412811351026,0.5,16,0,0,0.5876680400909076,up_to_four,1,passed,transcoder_current_transfer
0.602514949447455,0.6256096842238884,0.10251494944745498,0.5,16,0,0,0.5980882804316248,single,1,passed,transcoder_current_transfer
0.5913236139935307,0.6199472613925288,-0.007849632441708665,0.5991732464352394,16,0,0,0.5910555379722224,up_to_four,1,passed,transcoder_previous_iid
0.5947527954995342,0.6025636704398795,-0.0044204509357052,0.5991732464352394,16,0,0,0.594747374426617,single,1,passed,transcoder_previous_iid
0.5932176281110562,0.632599262151649,0.09321762811105616,0.5,16,0,0,0.5729074137782686,up_to_four,1,passed,transcoder_previous_transfer
0.6030165960150244,0.6173045129123461,0.10301659601502444,0.5,16,0,0,0.5999787698463279,single,1,passed,transcoder_previous_transfer
1.0,,0.0,1.0,16,0,0,1.0,up_to_four,1,passed,transcoder_query_iid
0.5,,-0.5,1.0,16,0,0,0.37533093561116937,single,1,passed,transcoder_query_iid
0.6129147578377045,0.6516769630587896,-0.006207321035963553,0.6191220788736681,16,0,0,0.6129206544185378,up_to_four,1,passed,transcoder_A_iid
0.6137748351477613,0.6270590444304639,-0.005347243725906781,0.6191220788736681,16,0,0,0.6136830096096677,single,1,passed,transcoder_A_iid
0.6047610474555762,0.6414447080473984,-0.008488430492900156,0.6132494779484764,16,0,0,0.6046102068827205,up_to_four,1,passed,transcoder_B_iid
0.604631285051259,0.6208029296924719,-0.008618192897217436,0.6132494779484764,16,0,0,0.6046347850601661,single,1,passed,transcoder_B_iid
0.6103517748619443,0.6392707126545852,-0.005409614707607702,0.615761389569552,16,0,0,0.6103484685849703,up_to_four,1,passed,transcoder_C_iid
0.6056417979229596,0.6270299868201769,-0.010119591646592374,0.615761389569552,16,0,0,0.6051074348259932,single,1,passed,transcoder_C_iid
0.6138466556950084,0.65253549967508,-0.00928329180509413,0.6231299475001025,16,0,0,0.6137782393782789,up_to_four,1,passed,transcoder_D_iid
0.6126680996472663,0.6333061985863736,-0.010461847852836215,0.6231299475001025,16,0,0,0.6125452113786776,single,1,passed,transcoder_D_iid
0.1077766443015435,,-0.001601159561403262,0.10937780386294677,16,0,0,0.03723338882318281,up_to_four,1,passed,transcoder_state_iid
0.10192016927151382,,-0.007457634591432949,0.10937780386294677,16,0,0,0.031088588218981916,single,1,passed,transcoder_state_iid
0.5013354276571159,0.5110046577032854,-0.0967157399033054,0.5980511675604213,16,0,0,0.37188550256318054,up_to_four,1,passed,transcoder_128_current_iid
0.5023081544756482,0.5115550592283263,-0.09574301308477307,0.5980511675604213,16,0,0,0.33875528162435814,single,1,passed,transcoder_128_current_iid
0.49805590798666094,0.5260776619990324,-0.0019440920133390605,0.5,16,0,0,0.3504294029906557,up_to_four,1,passed,transcoder_128_current_transfer
0.5242741916158745,0.5259621369177034,0.02427419161587452,0.5,16,0,0,0.480489554877206,single,1,passed,transcoder_128_current_transfer
0.5004193408072437,0.5072587840617699,-0.09875390562799569,0.5991732464352394,16,0,0,0.34061494015811716,up_to_four,1,passed,transcoder_128_previous_iid
0.49971526255739,0.5067481122677739,-0.09945798387784938,0.5991732464352394,16,0,0,0.3284457896164577,single,1,passed,transcoder_128_previous_iid
0.5053637042513588,0.505581046288281,0.005363704251358792,0.5,16,0,0,0.4721352240356317,up_to_four,1,passed,transcoder_128_previous_transfer
0.5053637042513588,0.505581046288281,0.005363704251358792,0.5,16,0,0,0.4721352240356317,single,1,passed,transcoder_128_previous_transfer
0.75,,-0.25,1.0,16,0,0,0.6670995670995671,up_to_four,1,passed,transcoder_128_query_iid
0.5,,-0.5,1.0,16,0,0,0.37533093561116937,single,1,passed,transcoder_128_query_iid
0.5041891054518268,0.5097290101790297,-0.11493297342184128,0.6191220788736681,16,0,0,0.45054640855654915,up_to_four,1,passed,transcoder_128_A_iid
0.5018658316034535,0.509375451314602,-0.11725624727021455,0.6191220788736681,16,0,0,0.3414733279523322,single,1,passed,transcoder_128_A_iid
0.5012631221330793,0.5083066850772915,-0.11198635581539707,0.6132494779484764,16,0,0,0.34092069895940275,up_to_four,1,passed,transcoder_128_B_iid
0.5011168092185261,0.5070910531023621,-0.11213266872995031,0.6132494779484764,16,0,0,0.3406062747650179,single,1,passed,transcoder_128_B_iid
0.5023104617022249,0.5031193488069542,-0.11345092786732702,0.615761389569552,16,0,0,0.3599008367300445,up_to_four,1,passed,transcoder_128_C_iid
0.5023110917272307,0.5027320284342085,-0.1134502978423213,0.615761389569552,16,0,0,0.35982442272128956,single,1,passed,transcoder_128_C_iid
0.5031772627763422,0.5117395481657079,-0.1199526847237603,0.6231299475001025,16,0,0,0.351455581333068,up_to_four,1,passed,transcoder_128_D_iid
0.5026672921537262,0.5094965906629394,-0.12046265534637635,0.6231299475001025,16,0,0,0.34445095761469424,single,1,passed,transcoder_128_D_iid
0.06277807249086963,,-0.04659973137207714,0.10937780386294677,16,0,0,0.012306181269824523,up_to_four,1,passed,transcoder_128_state_iid
0.0625,,-0.046877803862946765,0.10937780386294677,16,0,0,0.011161832339146669,single,1,passed,transcoder_128_state_iid
0.9059508718911814,0.9647944791327718,-0.02099269217860067,0.9269435640697821,4,3,0,0.9045014387428543,up_to_four,1,passed,coordinate_current_iid
0.9059508718911814,0.9647944791327718,-0.02099269217860067,0.9269435640697821,4,3,0,0.9045014387428543,single,1,passed,coordinate_current_iid
0.9029764183112192,0.9696268612734021,-0.027385192194228525,0.9303616105054477,4,3,0,0.9011340532718328,up_to_four,1,passed,coordinate_current_transfer
0.8810202572865806,0.9638005760224658,-0.04934135321886712,0.9303616105054477,4,3,0,0.8792319219020082,single,1,passed,coordinate_current_transfer
0.7406304649780104,0.8407387585059523,-0.08408034909810436,0.8247108140761148,4,3,0,0.7404658604584353,up_to_four,1,passed,coordinate_previous_iid
0.7223244882168074,0.805889009785966,-0.1023863258593074,0.8247108140761148,4,3,0,0.7175908824976824,single,1,passed,coordinate_previous_iid
0.7497601807096868,0.8666101329687436,-0.08604887037869524,0.835809051088382,4,3,0,0.7467763039627691,up_to_four,1,passed,coordinate_previous_transfer
0.7469579545327889,0.8443726988679637,-0.08885109655559309,0.835809051088382,4,3,0,0.7346203672434517,single,1,passed,coordinate_previous_transfer
0.4694043499657009,,-0.5099196921166511,0.979324042082352,4,3,0,0.4420243359366903,up_to_four,1,passed,coordinate_query_iid
0.33937814864686766,,-0.6399458934354844,0.979324042082352,4,3,0,0.22743944574724909,single,1,passed,coordinate_query_iid
0.6277405854754207,0.6458887793045607,-0.00233517126082472,0.6300757567362454,4,3,0,0.6250098644045488,up_to_four,1,passed,coordinate_A_iid
0.6114062239994363,0.6404410807751619,-0.018669532736809047,0.6300757567362454,4,3,0,0.6102180483446644,single,1,passed,coordinate_A_iid
0.6229254625857604,0.6495553636381247,-0.014757691724552768,0.6376831543103132,4,3,0,0.6210840642727544,up_to_four,1,passed,coordinate_B_iid
0.6106908931447826,0.6425841866618978,-0.02699226116553055,0.6376831543103132,4,3,0,0.6092958719997232,single,1,passed,coordinate_B_iid
0.6276758224533932,0.6563424602322466,-0.013184228282020483,0.6408600507354136,4,3,0,0.6261401034094267,up_to_four,1,passed,coordinate_C_iid
0.6281648418625735,0.6532978693924362,-0.012695208872840147,0.6408600507354136,4,3,0,0.6248446754705467,single,1,passed,coordinate_C_iid
0.6284823158914729,0.6489280042604897,-0.01263182652475292,0.6411141424162258,4,3,0,0.6255433568345318,up_to_four,1,passed,coordinate_D_iid
0.6267428402239449,0.6415655887829534,-0.014371302192280888,0.6411141424162258,4,3,0,0.6237798537597434,single,1,passed,coordinate_D_iid
0.11499525193858211,,-0.012082159229206899,0.127077411167789,4,3,0,0.034733349489650456,up_to_four,1,passed,coordinate_state_iid
0.11393892796871911,,-0.013138483199069892,0.127077411167789,4,3,0,0.0343723201485899,single,1,passed,coordinate_state_iid
0.8990472257309102,0.9683528706049946,-0.02789633833887184,0.9269435640697821,4,3,0,0.897712488868199,up_to_four,1,passed,coordinate_128_current_iid
0.8844716962036991,0.9649031142390745,-0.042471867866082924,0.9269435640697821,4,3,0,0.882800754506924,single,1,passed,coordinate_128_current_iid
0.8979261021594689,0.9690370114187679,-0.03243550834597886,0.9303616105054477,4,3,0,0.8959235434585614,up_to_four,1,passed,coordinate_128_current_transfer
0.8810202572865806,0.9638005760224658,-0.04934135321886712,0.9303616105054477,4,3,0,0.8792319219020082,single,1,passed,coordinate_128_current_transfer
0.7364217802262034,0.8274603103671611,-0.08828903384991138,0.8247108140761148,4,3,0,0.7364246929393012,up_to_four,1,passed,coordinate_128_previous_iid
0.7402767342177641,0.8183952523821747,-0.08443407985835072,0.8247108140761148,4,3,0,0.7375840159170546,single,1,passed,coordinate_128_previous_iid
0.7692096923402723,0.8566129565575994,-0.06659935874810974,0.835809051088382,4,3,0,0.768817107771192,up_to_four,1,passed,coordinate_128_previous_transfer
0.7692096923402723,0.8566129565575994,-0.06659935874810974,0.835809051088382,4,3,0,0.768817107771192,single,1,passed,coordinate_128_previous_transfer
0.505327646182936,,-0.473996395899416,0.979324042082352,4,3,0,0.4848345503343481,up_to_four,1,passed,coordinate_128_query_iid
0.3429158314796784,,-0.6364082106026736,0.979324042082352,4,3,0,0.27102625046104717,single,1,passed,coordinate_128_query_iid
0.6257320299695469,0.6380941172115456,-0.004343726766698475,0.6300757567362454,4,3,0,0.6230126427213474,up_to_four,1,passed,coordinate_128_A_iid
0.6161692031679731,0.6346755006030241,-0.013906553568272306,0.6300757567362454,4,3,0,0.6150329233365621,single,1,passed,coordinate_128_A_iid
0.6175835302450468,0.6451307338212058,-0.02009962406526644,0.6376831543103132,4,3,0,0.6163014775077356,up_to_four,1,passed,coordinate_128_B_iid
0.6106908931447826,0.6425841866618978,-0.02699226116553055,0.6376831543103132,4,3,0,0.6092958719997232,single,1,passed,coordinate_128_B_iid
0.6276758224533932,0.6563424602322466,-0.013184228282020483,0.6408600507354136,4,3,0,0.6261401034094267,up_to_four,1,passed,coordinate_128_C_iid
0.6281648418625735,0.6532978693924362,-0.012695208872840147,0.6408600507354136,4,3,0,0.6248446754705467,single,1,passed,coordinate_128_C_iid
0.6271206318444691,0.6372358102236373,-0.013993510571756684,0.6411141424162258,4,3,0,0.6240144693418062,up_to_four,1,passed,coordinate_128_D_iid
0.6237602410688651,0.6373702923447049,-0.0173539013473607,0.6411141424162258,4,3,0,0.6223895738355791,single,1,passed,coordinate_128_D_iid
0.11474094946946034,,-0.012336461698328666,0.127077411167789,4,3,0,0.03463657791607726,up_to_four,1,passed,coordinate_128_state_iid
0.11393892796871911,,-0.013138483199069892,0.127077411167789,4,3,0,0.0343723201485899,single,1,passed,coordinate_128_state_iid
0.9177609076072057,0.9790442284448413,-0.009182656462576322,0.9269435640697821,4,3,0,0.9173840377699376,up_to_four,1,passed,random_current_iid
0.907602962200968,0.9764398582760485,-0.019340601868814034,0.9269435640697821,4,3,0,0.9066454907438166,single,1,passed,random_current_iid
0.9253350955968025,0.9821532774149843,-0.005026514908645252,0.9303616105054477,4,3,0,0.9247196572854177,up_to_four,1,passed,random_current_transfer
0.9109906368824063,0.9798018117441486,-0.01937097362304141,0.9303616105054477,4,3,0,0.9091685625299071,single,1,passed,random_current_transfer
0.7545387268440817,0.8463668349872677,-0.07017208723203305,0.8247108140761148,4,3,0,0.7542972708390753,up_to_four,1,passed,random_previous_iid
0.6951526853873539,0.7875523353285393,-0.12955812868876093,0.8247108140761148,4,3,0,0.6806356940447799,single,1,passed,random_previous_iid
0.7649497884165983,0.8748486965050657,-0.07085926267178366,0.835809051088382,4,3,0,0.7566423114192402,up_to_four,1,passed,random_previous_transfer
0.7599094965466765,0.8395512351343619,-0.0758995545417055,0.835809051088382,4,3,0,0.7603027547552322,single,1,passed,random_previous_transfer
0.521325065280892,,-0.45799897680146007,0.979324042082352,4,3,0,0.5007782309704936,up_to_four,1,passed,random_query_iid
0.39604264370327935,,-0.5832813983790727,0.979324042082352,4,3,0,0.3205997190620829,single,1,passed,random_query_iid
0.6199346966696886,0.6388688254569109,-0.010141060066556795,0.6300757567362454,4,3,0,0.6185011916210567,up_to_four,1,passed,random_A_iid
0.5994550404491501,0.636068834254089,-0.030620716287095284,0.6300757567362454,4,3,0,0.5992821905688059,single,1,passed,random_A_iid
0.6197437220532527,0.6387853442450093,-0.017939432257060517,0.6376831543103132,4,3,0,0.6184460224103572,up_to_four,1,passed,random_B_iid
0.6173673529638262,0.6372329283988504,-0.020315801346487028,0.6376831543103132,4,3,0,0.6157378548329242,single,1,passed,random_B_iid
0.6253495251226522,0.66229898664678,-0.01551052561276145,0.6408600507354136,4,3,0,0.6227078777576842,up_to_four,1,passed,random_C_iid
0.6253495251226522,0.66229898664678,-0.01551052561276145,0.6408600507354136,4,3,0,0.6227078777576842,single,1,passed,random_C_iid
0.6273676864156515,0.6441927816325981,-0.013746456000574225,0.6411141424162258,4,3,0,0.6264487215207494,up_to_four,1,passed,random_D_iid
0.618648518569788,0.6396305432669138,-0.0224656238464378,0.6411141424162258,4,3,0,0.6177489593215417,single,1,passed,random_D_iid
0.11668791834496381,,-0.010389492822825197,0.127077411167789,4,3,0,0.0459917187096362,up_to_four,1,passed,random_state_iid
0.11315183798910064,,-0.013925573178688366,0.127077411167789,4,3,0,0.034045473023268304,single,1,passed,random_state_iid
0.9091787492217545,0.9740338426304314,-0.01776481484802761,0.9269435640697821,4,3,0,0.9081944145481811,up_to_four,1,passed,random_128_current_iid
0.907602962200968,0.9764398582760485,-0.019340601868814034,0.9269435640697821,4,3,0,0.9066454907438166,single,1,passed,random_128_current_iid
0.9169894406675487,0.9770740597537494,-0.013372169837899017,0.9303616105054477,4,3,0,0.9151939392471686,up_to_four,1,passed,random_128_current_transfer
0.9109906368824063,0.9798018117441486,-0.01937097362304141,0.9303616105054477,4,3,0,0.9091685625299071,single,1,passed,random_128_current_transfer
0.7112121011623325,0.7878269691472276,-0.11349871291378233,0.8247108140761148,4,3,0,0.7032671998440981,up_to_four,1,passed,random_128_previous_iid
0.687756151403786,0.7694592159426179,-0.1369546626723288,0.8247108140761148,4,3,0,0.6826099140529831,single,1,passed,random_128_previous_iid
0.7172454404612852,0.8119094148112096,-0.11856361062709675,0.835809051088382,4,3,0,0.6970633533133532,up_to_four,1,passed,random_128_previous_transfer
0.693600298705979,0.7985478951259655,-0.14220875238240305,0.835809051088382,4,3,0,0.6766388209174279,single,1,passed,random_128_previous_transfer
0.5056352810795232,,-0.47368876100282886,0.979324042082352,4,3,0,0.5024649613377946,up_to_four,1,passed,random_128_query_iid
0.3682710906792518,,-0.6110529514031002,0.979324042082352,4,3,0,0.30510323603696105,single,1,passed,random_128_query_iid
0.6206263782942105,0.6387857888256239,-0.009449378442034861,0.6300757567362454,4,3,0,0.6183838549247502,up_to_four,1,passed,random_128_A_iid
0.5994550404491501,0.636068834254089,-0.030620716287095284,0.6300757567362454,4,3,0,0.5992821905688059,single,1,passed,random_128_A_iid
0.6196512233128526,0.6358322589177031,-0.018031930997460588,0.6376831543103132,4,3,0,0.6183400093978019,up_to_four,1,passed,random_128_B_iid
0.6121145972538401,0.6303019769674534,-0.025568557056473096,0.6376831543103132,4,3,0,0.6111889516764883,single,1,passed,random_128_B_iid
0.624535462812519,0.653168154244042,-0.016324587922894596,0.6408600507354136,4,3,0,0.6229140773205479,up_to_four,1,passed,random_128_C_iid
0.6203096350894166,0.6420983148821177,-0.020550415645997022,0.6408600507354136,4,3,0,0.6180287985536962,single,1,passed,random_128_C_iid
0.6244110424100734,0.6356557504434805,-0.016703100006152383,0.6411141424162258,4,3,0,0.6226367375581372,up_to_four,1,passed,random_128_D_iid
0.6190474588306468,0.6375051249403992,-0.02206668358557895,0.6411141424162258,4,3,0,0.6136579318282938,single,1,passed,random_128_D_iid
0.11532254844710557,,-0.011754862720683434,0.127077411167789,4,3,0,0.03472186526289239,up_to_four,1,passed,random_128_state_iid
0.11139277901900554,,-0.01568463214878346,0.127077411167789,4,3,0,0.03352890142284467,single,1,passed,random_128_state_iid
0.8532435543337065,0.9500939659391086,-0.0737000097360756,0.9269435640697821,4,3,0,0.846921309062012,up_to_four,1,passed,transcoder_current_iid
0.8425399563413878,0.8437038116895678,-0.08440360772839428,0.9269435640697821,4,3,0,0.8353212084241614,single,1,passed,transcoder_current_iid
0.8569091122816357,0.9508439564595926,-0.07345249822381206,0.9303616105054477,4,3,0,0.8472886762360448,up_to_four,1,passed,transcoder_current_transfer
0.848183770855232,0.8495743625314678,-0.08217783965021574,0.9303616105054477,4,3,0,0.8376817074880274,single,1,passed,transcoder_current_transfer
0.6725226116216617,0.7296682581895068,-0.15218820245445308,0.8247108140761148,4,3,0,0.6531880489319902,up_to_four,1,passed,transcoder_previous_iid
0.6387614100224948,0.6437053441473286,-0.18594940405362004,0.8247108140761148,4,3,0,0.6093842669549934,single,1,passed,transcoder_previous_iid
0.6917729537340105,0.7440544878344189,-0.1440360973543715,0.835809051088382,4,3,0,0.6860665931553958,up_to_four,1,passed,transcoder_previous_transfer
0.667666563878125,0.6773032683041005,-0.16814248721025704,0.835809051088382,4,3,0,0.6493173332303552,single,1,passed,transcoder_previous_transfer
0.4552695306515965,,-0.5240545114307555,0.979324042082352,4,3,0,0.44064201602264025,up_to_four,1,passed,transcoder_query_iid
0.3133639198610743,,-0.6659601222212777,0.979324042082352,4,3,0,0.20451038720292938,single,1,passed,transcoder_query_iid
0.5967503937182623,0.6327971509396038,-0.033325363017983056,0.6300757567362454,4,3,0,0.5856569279385683,up_to_four,1,passed,transcoder_A_iid
0.5351285642798275,0.5360190833494677,-0.09494719245641792,0.6300757567362454,4,3,0,0.40179336563906826,single,1,passed,transcoder_A_iid
0.5908360845471308,0.6350166559772118,-0.046847069763182425,0.6376831543103132,4,3,0,0.5801702190083547,up_to_four,1,passed,transcoder_B_iid
0.5535291531534186,0.5543124605849699,-0.08415400115689464,0.6376831543103132,4,3,0,0.454349207060393,single,1,passed,transcoder_B_iid
0.5948694503684852,0.649714272159462,-0.04599060036692848,0.6408600507354136,4,3,0,0.58196997600756,up_to_four,1,passed,transcoder_C_iid
0.5587209256335384,0.5595708593674082,-0.08213912510187527,0.6408600507354136,4,3,0,0.46508002259461495,single,1,passed,transcoder_C_iid
0.5969096389093966,0.6245971444368822,-0.04420450350682914,0.6411141424162258,4,3,0,0.5857748572825467,up_to_four,1,passed,transcoder_D_iid
0.5916622126348386,0.5914718948989479,-0.04945192978138713,0.6411141424162258,4,3,0,0.5784425240119833,single,1,passed,transcoder_D_iid
0.10366326206345183,,-0.023414149104337173,0.127077411167789,4,3,0,0.031211871978077812,up_to_four,1,passed,transcoder_state_iid
0.10132761510174046,,-0.025749796066048547,0.127077411167789,4,3,0,0.03048381130903529,single,1,passed,transcoder_state_iid
0.8073770308044305,0.897890236077412,-0.1195665332653516,0.9269435640697821,4,3,0,0.7993940417648782,up_to_four,1,passed,transcoder_128_current_iid
0.7621900308992291,0.7622561057043153,-0.16475353317055297,0.9269435640697821,4,3,0,0.7434292609971715,single,1,passed,transcoder_128_current_iid
0.8313253665553351,0.9180609013903164,-0.09903624395011268,0.9303616105054477,4,3,0,0.8209207358871309,up_to_four,1,passed,transcoder_128_current_transfer
0.778072837632777,0.7780728376327769,-0.15228877287267073,0.9303616105054477,4,3,0,0.7574890996794846,single,1,passed,transcoder_128_current_transfer
0.640162644096441,0.6784612792758277,-0.18454816997967383,0.8247108140761148,4,3,0,0.6250743516514601,up_to_four,1,passed,transcoder_128_previous_iid
0.6387614100224948,0.6437053441473286,-0.18594940405362004,0.8247108140761148,4,3,0,0.6093842669549934,single,1,passed,transcoder_128_previous_iid
0.653728251864126,0.6949936097725896,-0.18208079922425602,0.835809051088382,4,3,0,0.642756709185996,up_to_four,1,passed,transcoder_128_previous_transfer
0.667666563878125,0.6773032683041005,-0.16814248721025704,0.835809051088382,4,3,0,0.6493173332303552,single,1,passed,transcoder_128_previous_transfer
0.3931173127012638,,-0.5862067293810882,0.979324042082352,4,3,0,0.3496963619691104,up_to_four,1,passed,transcoder_128_query_iid
0.2957117928169133,,-0.6836122492654387,0.979324042082352,4,3,0,0.18157810136025976,single,1,passed,transcoder_128_query_iid
0.5998002255773426,0.6411041225199838,-0.030275531158902802,0.6300757567362454,4,3,0,0.5833059471601562,up_to_four,1,passed,transcoder_128_A_iid
0.5526837494289417,0.5554126164285937,-0.07739200730730367,0.6300757567362454,4,3,0,0.4956206686135709,single,1,passed,transcoder_128_A_iid
0.5977720091366822,0.6233567014396822,-0.039911145173631035,0.6376831543103132,4,3,0,0.5921127010341273,up_to_four,1,passed,transcoder_128_B_iid
0.5761931256825334,0.5773621180394398,-0.06149002862777975,0.6376831543103132,4,3,0,0.5490464953398982,single,1,passed,transcoder_128_B_iid
0.5947460104691555,0.6326237038348052,-0.046114040266258094,0.6408600507354136,4,3,0,0.5838353250364302,up_to_four,1,passed,transcoder_128_C_iid
0.5792027735580825,0.579249780423785,-0.06165727717733116,0.6408600507354136,4,3,0,0.5548204472913749,single,1,passed,transcoder_128_C_iid
0.6143159312066774,0.6408936237810693,-0.026798211209548395,0.6411141424162258,4,3,0,0.6060079620171075,up_to_four,1,passed,transcoder_128_D_iid
0.5863023140457734,0.5885625549544214,-0.0548118283704524,0.6411141424162258,4,3,0,0.557148214409334,single,1,passed,transcoder_128_D_iid
0.10534086715133519,,-0.02173654401645382,0.127077411167789,4,3,0,0.03290604015301053,up_to_four,1,passed,transcoder_128_state_iid
0.09582967078268112,,-0.031247740385107886,0.127077411167789,4,3,0,0.029947204429691072,single,1,passed,transcoder_128_state_iid
0.9059508718911814,0.9647944791327718,-0.02099269217860067,0.9269435640697821,16,3,0,0.9045014387428543,up_to_four,1,passed,coordinate_current_iid
0.9059508718911814,0.9647944791327718,-0.02099269217860067,0.9269435640697821,16,3,0,0.9045014387428543,single,1,passed,coordinate_current_iid
0.9029764183112192,0.9696268612734021,-0.027385192194228525,0.9303616105054477,16,3,0,0.9011340532718328,up_to_four,1,passed,coordinate_current_transfer
0.8810202572865806,0.9638005760224658,-0.04934135321886712,0.9303616105054477,16,3,0,0.8792319219020082,single,1,passed,coordinate_current_transfer
0.7406304649780104,0.8407387585059523,-0.08408034909810436,0.8247108140761148,16,3,0,0.7404658604584353,up_to_four,1,passed,coordinate_previous_iid
0.7223244882168074,0.805889009785966,-0.1023863258593074,0.8247108140761148,16,3,0,0.7175908824976824,single,1,passed,coordinate_previous_iid
0.7497601807096868,0.8666101329687436,-0.08604887037869524,0.835809051088382,16,3,0,0.7467763039627691,up_to_four,1,passed,coordinate_previous_transfer
0.7469579545327889,0.8443726988679637,-0.08885109655559309,0.835809051088382,16,3,0,0.7346203672434517,single,1,passed,coordinate_previous_transfer
0.4694043499657009,,-0.5099196921166511,0.979324042082352,16,3,0,0.4420243359366903,up_to_four,1,passed,coordinate_query_iid
0.33937814864686766,,-0.6399458934354844,0.979324042082352,16,3,0,0.22743944574724909,single,1,passed,coordinate_query_iid
0.6277405854754207,0.6458887793045607,-0.00233517126082472,0.6300757567362454,16,3,0,0.6250098644045488,up_to_four,1,passed,coordinate_A_iid
0.6114062239994363,0.6404410807751619,-0.018669532736809047,0.6300757567362454,16,3,0,0.6102180483446644,single,1,passed,coordinate_A_iid
0.6229254625857604,0.6495553636381247,-0.014757691724552768,0.6376831543103132,16,3,0,0.6210840642727544,up_to_four,1,passed,coordinate_B_iid
0.6106908931447826,0.6425841866618978,-0.02699226116553055,0.6376831543103132,16,3,0,0.6092958719997232,single,1,passed,coordinate_B_iid
0.6276758224533932,0.6563424602322466,-0.013184228282020483,0.6408600507354136,16,3,0,0.6261401034094267,up_to_four,1,passed,coordinate_C_iid
0.6281648418625735,0.6532978693924362,-0.012695208872840147,0.6408600507354136,16,3,0,0.6248446754705467,single,1,passed,coordinate_C_iid
0.6284823158914729,0.6489280042604897,-0.01263182652475292,0.6411141424162258,16,3,0,0.6255433568345318,up_to_four,1,passed,coordinate_D_iid
0.6267428402239449,0.6415655887829534,-0.014371302192280888,0.6411141424162258,16,3,0,0.6237798537597434,single,1,passed,coordinate_D_iid
0.11499525193858211,,-0.012082159229206899,0.127077411167789,16,3,0,0.034733349489650456,up_to_four,1,passed,coordinate_state_iid
0.11393892796871911,,-0.013138483199069892,0.127077411167789,16,3,0,0.0343723201485899,single,1,passed,coordinate_state_iid
0.8990472257309102,0.9683528706049946,-0.02789633833887184,0.9269435640697821,16,3,0,0.897712488868199,up_to_four,1,passed,coordinate_128_current_iid
0.8844716962036991,0.9649031142390745,-0.042471867866082924,0.9269435640697821,16,3,0,0.882800754506924,single,1,passed,coordinate_128_current_iid
0.8979261021594689,0.9690370114187679,-0.03243550834597886,0.9303616105054477,16,3,0,0.8959235434585614,up_to_four,1,passed,coordinate_128_current_transfer
0.8810202572865806,0.9638005760224658,-0.04934135321886712,0.9303616105054477,16,3,0,0.8792319219020082,single,1,passed,coordinate_128_current_transfer
0.7364217802262034,0.8274603103671611,-0.08828903384991138,0.8247108140761148,16,3,0,0.7364246929393012,up_to_four,1,passed,coordinate_128_previous_iid
0.7402767342177641,0.8183952523821747,-0.08443407985835072,0.8247108140761148,16,3,0,0.7375840159170546,single,1,passed,coordinate_128_previous_iid
0.7692096923402723,0.8566129565575994,-0.06659935874810974,0.835809051088382,16,3,0,0.768817107771192,up_to_four,1,passed,coordinate_128_previous_transfer
0.7692096923402723,0.8566129565575994,-0.06659935874810974,0.835809051088382,16,3,0,0.768817107771192,single,1,passed,coordinate_128_previous_transfer
0.505327646182936,,-0.473996395899416,0.979324042082352,16,3,0,0.4848345503343481,up_to_four,1,passed,coordinate_128_query_iid
0.3429158314796784,,-0.6364082106026736,0.979324042082352,16,3,0,0.27102625046104717,single,1,passed,coordinate_128_query_iid
0.6257320299695469,0.6380941172115456,-0.004343726766698475,0.6300757567362454,16,3,0,0.6230126427213474,up_to_four,1,passed,coordinate_128_A_iid
0.6161692031679731,0.6346755006030241,-0.013906553568272306,0.6300757567362454,16,3,0,0.6150329233365621,single,1,passed,coordinate_128_A_iid
0.6175835302450468,0.6451307338212058,-0.02009962406526644,0.6376831543103132,16,3,0,0.6163014775077356,up_to_four,1,passed,coordinate_128_B_iid
0.6106908931447826,0.6425841866618978,-0.02699226116553055,0.6376831543103132,16,3,0,0.6092958719997232,single,1,passed,coordinate_128_B_iid
0.6276758224533932,0.6563424602322466,-0.013184228282020483,0.6408600507354136,16,3,0,0.6261401034094267,up_to_four,1,passed,coordinate_128_C_iid
0.6281648418625735,0.6532978693924362,-0.012695208872840147,0.6408600507354136,16,3,0,0.6248446754705467,single,1,passed,coordinate_128_C_iid
0.6271206318444691,0.6372358102236373,-0.013993510571756684,0.6411141424162258,16,3,0,0.6240144693418062,up_to_four,1,passed,coordinate_128_D_iid
0.6237602410688651,0.6373702923447049,-0.0173539013473607,0.6411141424162258,16,3,0,0.6223895738355791,single,1,passed,coordinate_128_D_iid
0.11474094946946034,,-0.012336461698328666,0.127077411167789,16,3,0,0.03463657791607726,up_to_four,1,passed,coordinate_128_state_iid
0.11393892796871911,,-0.013138483199069892,0.127077411167789,16,3,0,0.0343723201485899,single,1,passed,coordinate_128_state_iid
0.9177609076072057,0.9790442284448413,-0.009182656462576322,0.9269435640697821,16,3,0,0.9173840377699376,up_to_four,1,passed,random_current_iid
0.907602962200968,0.9764398582760485,-0.019340601868814034,0.9269435640697821,16,3,0,0.9066454907438166,single,1,passed,random_current_iid
0.9253350955968025,0.9821532774149843,-0.005026514908645252,0.9303616105054477,16,3,0,0.9247196572854177,up_to_four,1,passed,random_current_transfer
0.9109906368824063,0.9798018117441486,-0.01937097362304141,0.9303616105054477,16,3,0,0.9091685625299071,single,1,passed,random_current_transfer
0.7545387268440817,0.8463668349872677,-0.07017208723203305,0.8247108140761148,16,3,0,0.7542972708390753,up_to_four,1,passed,random_previous_iid
0.6951526853873539,0.7875523353285393,-0.12955812868876093,0.8247108140761148,16,3,0,0.6806356940447799,single,1,passed,random_previous_iid
0.7649497884165983,0.8748486965050657,-0.07085926267178366,0.835809051088382,16,3,0,0.7566423114192402,up_to_four,1,passed,random_previous_transfer
0.7599094965466765,0.8395512351343619,-0.0758995545417055,0.835809051088382,16,3,0,0.7603027547552322,single,1,passed,random_previous_transfer
0.521325065280892,,-0.45799897680146007,0.979324042082352,16,3,0,0.5007782309704936,up_to_four,1,passed,random_query_iid
0.39604264370327935,,-0.5832813983790727,0.979324042082352,16,3,0,0.3205997190620829,single,1,passed,random_query_iid
0.6199346966696886,0.6388688254569109,-0.010141060066556795,0.6300757567362454,16,3,0,0.6185011916210567,up_to_four,1,passed,random_A_iid
0.5994550404491501,0.636068834254089,-0.030620716287095284,0.6300757567362454,16,3,0,0.5992821905688059,single,1,passed,random_A_iid
0.6197437220532527,0.6387853442450093,-0.017939432257060517,0.6376831543103132,16,3,0,0.6184460224103572,up_to_four,1,passed,random_B_iid
0.6173673529638262,0.6372329283988504,-0.020315801346487028,0.6376831543103132,16,3,0,0.6157378548329242,single,1,passed,random_B_iid
0.6253495251226522,0.66229898664678,-0.01551052561276145,0.6408600507354136,16,3,0,0.6227078777576842,up_to_four,1,passed,random_C_iid
0.6253495251226522,0.66229898664678,-0.01551052561276145,0.6408600507354136,16,3,0,0.6227078777576842,single,1,passed,random_C_iid
0.6273676864156515,0.6441927816325981,-0.013746456000574225,0.6411141424162258,16,3,0,0.6264487215207494,up_to_four,1,passed,random_D_iid
0.618648518569788,0.6396305432669138,-0.0224656238464378,0.6411141424162258,16,3,0,0.6177489593215417,single,1,passed,random_D_iid
0.11668791834496381,,-0.010389492822825197,0.127077411167789,16,3,0,0.0459917187096362,up_to_four,1,passed,random_state_iid
0.11315183798910064,,-0.013925573178688366,0.127077411167789,16,3,0,0.034045473023268304,single,1,passed,random_state_iid
0.9091787492217545,0.9740338426304314,-0.01776481484802761,0.9269435640697821,16,3,0,0.9081944145481811,up_to_four,1,passed,random_128_current_iid
0.907602962200968,0.9764398582760485,-0.019340601868814034,0.9269435640697821,16,3,0,0.9066454907438166,single,1,passed,random_128_current_iid
0.9169894406675487,0.9770740597537494,-0.013372169837899017,0.9303616105054477,16,3,0,0.9151939392471686,up_to_four,1,passed,random_128_current_transfer
0.9109906368824063,0.9798018117441486,-0.01937097362304141,0.9303616105054477,16,3,0,0.9091685625299071,single,1,passed,random_128_current_transfer
0.7112121011623325,0.7878269691472276,-0.11349871291378233,0.8247108140761148,16,3,0,0.7032671998440981,up_to_four,1,passed,random_128_previous_iid
0.687756151403786,0.7694592159426179,-0.1369546626723288,0.8247108140761148,16,3,0,0.6826099140529831,single,1,passed,random_128_previous_iid
0.7172454404612852,0.8119094148112096,-0.11856361062709675,0.835809051088382,16,3,0,0.6970633533133532,up_to_four,1,passed,random_128_previous_transfer
0.693600298705979,0.7985478951259655,-0.14220875238240305,0.835809051088382,16,3,0,0.6766388209174279,single,1,passed,random_128_previous_transfer
0.5056352810795232,,-0.47368876100282886,0.979324042082352,16,3,0,0.5024649613377946,up_to_four,1,passed,random_128_query_iid
0.3682710906792518,,-0.6110529514031002,0.979324042082352,16,3,0,0.30510323603696105,single,1,passed,random_128_query_iid
0.6206263782942105,0.6387857888256239,-0.009449378442034861,0.6300757567362454,16,3,0,0.6183838549247502,up_to_four,1,passed,random_128_A_iid
0.5994550404491501,0.636068834254089,-0.030620716287095284,0.6300757567362454,16,3,0,0.5992821905688059,single,1,passed,random_128_A_iid
0.6196512233128526,0.6358322589177031,-0.018031930997460588,0.6376831543103132,16,3,0,0.6183400093978019,up_to_four,1,passed,random_128_B_iid
0.6121145972538401,0.6303019769674534,-0.025568557056473096,0.6376831543103132,16,3,0,0.6111889516764883,single,1,passed,random_128_B_iid
0.624535462812519,0.653168154244042,-0.016324587922894596,0.6408600507354136,16,3,0,0.6229140773205479,up_to_four,1,passed,random_128_C_iid
0.6203096350894166,0.6420983148821177,-0.020550415645997022,0.6408600507354136,16,3,0,0.6180287985536962,single,1,passed,random_128_C_iid
0.6244110424100734,0.6356557504434805,-0.016703100006152383,0.6411141424162258,16,3,0,0.6226367375581372,up_to_four,1,passed,random_128_D_iid
0.6190474588306468,0.6375051249403992,-0.02206668358557895,0.6411141424162258,16,3,0,0.6136579318282938,single,1,passed,random_128_D_iid
0.11532254844710557,,-0.011754862720683434,0.127077411167789,16,3,0,0.03472186526289239,up_to_four,1,passed,random_128_state_iid
0.11139277901900554,,-0.01568463214878346,0.127077411167789,16,3,0,0.03352890142284467,single,1,passed,random_128_state_iid
0.8523898062008552,0.9550410992893946,-0.07455375786892682,0.9269435640697821,16,3,0,0.8465160931813407,up_to_four,1,passed,transcoder_current_iid
0.8463311809347145,0.8468582080721033,-0.08061238313506758,0.9269435640697821,16,3,0,0.8393278199800633,single,1,passed,transcoder_current_iid
0.8565771092273048,0.9569637903754897,-0.07378450127814296,0.9303616105054477,16,3,0,0.847147628185801,up_to_four,1,passed,transcoder_current_transfer
0.8495827010622155,0.8495827010622155,-0.0807789094432323,0.9303616105054477,16,3,0,0.8391085555471477,single,1,passed,transcoder_current_transfer
0.6660044578343443,0.6937472020178611,-0.15870635624177054,0.8247108140761148,16,3,0,0.653999662405631,up_to_four,1,passed,transcoder_previous_iid
0.6660044578343443,0.6937472020178611,-0.15870635624177054,0.8247108140761148,16,3,0,0.653999662405631,single,1,passed,transcoder_previous_iid
0.6872916210000706,0.7690263448270738,-0.14851743008831142,0.835809051088382,16,3,0,0.6749686486641036,up_to_four,1,passed,transcoder_previous_transfer
0.6726853073067792,0.6996190012668997,-0.16312374378160277,0.835809051088382,16,3,0,0.6656309567512265,single,1,passed,transcoder_previous_transfer
1.0,,0.02067595791764798,0.979324042082352,16,3,0,1.0,up_to_four,1,passed,transcoder_query_iid
0.5,,-0.479324042082352,0.979324042082352,16,3,0,0.37533093561116937,single,1,passed,transcoder_query_iid
0.5960982283206246,0.6354293420782968,-0.03397752841562074,0.6300757567362454,16,3,0,0.5845701590310212,up_to_four,1,passed,transcoder_A_iid
0.5855394224240207,0.5916574102595497,-0.0445363343122247,0.6300757567362454,16,3,0,0.549219845589894,single,1,passed,transcoder_A_iid
0.6087152185123641,0.6537909784229377,-0.028967935797949096,0.6376831543103132,16,3,0,0.6004507957102365,up_to_four,1,passed,transcoder_B_iid
0.6018836601995732,0.6077225281142536,-0.035799494110740016,0.6376831543103132,16,3,0,0.54050342851132,single,1,passed,transcoder_B_iid
0.6123200629832999,0.6447062783921894,-0.02853998775211375,0.6408600507354136,16,3,0,0.6121103819826532,up_to_four,1,passed,transcoder_C_iid
0.5969307271805618,0.6120182160029931,-0.043929323554851796,0.6408600507354136,16,3,0,0.5866205922132208,single,1,passed,transcoder_C_iid
0.5933797385771707,0.6384616302781879,-0.04773440383905503,0.6411141424162258,16,3,0,0.5826649586441957,up_to_four,1,passed,transcoder_D_iid
0.5915325971043026,0.5991853958304494,-0.04958154531192316,0.6411141424162258,16,3,0,0.5784320814193772,single,1,passed,transcoder_D_iid
0.1029532844639795,,-0.024124126703809506,0.127077411167789,16,3,0,0.030997466537724075,up_to_four,1,passed,transcoder_state_iid
0.10192503824579296,,-0.02515237292199604,0.127077411167789,16,3,0,0.030713528230225128,single,1,passed,transcoder_state_iid
0.807335956735955,0.8567240812219287,-0.11960760733382703,0.9269435640697821,16,3,0,0.8007074762978901,up_to_four,1,passed,transcoder_128_current_iid
0.7106009208277714,0.711832051977192,-0.2163426432420107,0.9269435640697821,16,3,0,0.6829189685981383,single,1,passed,transcoder_128_current_iid
0.8199678019373888,0.8539691730185223,-0.11039380856805892,0.9303616105054477,16,3,0,0.8099367126109864,up_to_four,1,passed,transcoder_128_current_transfer
0.7177067324163864,0.7334790228472504,-0.21265487808906136,0.9303616105054477,16,3,0,0.6830068167154145,single,1,passed,transcoder_128_current_transfer
0.655909453747284,0.7120346516195416,-0.16880136032883075,0.8247108140761148,16,3,0,0.6521269720838356,up_to_four,1,passed,transcoder_128_previous_iid
0.5772527703848118,0.5783778060217367,-0.24745804369130298,0.8247108140761148,16,3,0,0.49334171170651536,single,1,passed,transcoder_128_previous_iid
0.6845557120087977,0.7335468362801446,-0.15125333907958427,0.835809051088382,16,3,0,0.6775527406445222,up_to_four,1,passed,transcoder_128_previous_transfer
0.592336742693035,0.5941349229643225,-0.24347230839534695,0.835809051088382,16,3,0,0.5159810063826544,single,1,passed,transcoder_128_previous_transfer
0.7998170210957007,,-0.17950702098665128,0.979324042082352,16,3,0,0.8015927727267884,up_to_four,1,passed,transcoder_128_query_iid
0.49990035870864885,,-0.47942368337370317,0.979324042082352,16,3,0,0.3750314885452116,single,1,passed,transcoder_128_query_iid
0.5988823379543644,0.611157514523327,-0.031193418781880977,0.6300757567362454,16,3,0,0.585446568679622,up_to_four,1,passed,transcoder_128_A_iid
0.5832712310426345,0.588590870969774,-0.04680452569361093,0.6300757567362454,16,3,0,0.5611383374985286,single,1,passed,transcoder_128_A_iid
0.6090570555925835,0.6641588474344748,-0.028626098717729698,0.6376831543103132,16,3,0,0.6006187430839642,up_to_four,1,passed,transcoder_128_B_iid
0.6018836601995732,0.6077225281142536,-0.035799494110740016,0.6376831543103132,16,3,0,0.54050342851132,single,1,passed,transcoder_128_B_iid
0.6097751619761789,0.6251098906115584,-0.031084888759234763,0.6408600507354136,16,3,0,0.6033643467924085,up_to_four,1,passed,transcoder_128_C_iid
0.5591018557526548,0.5631591617871313,-0.08175819498275883,0.6408600507354136,16,3,0,0.5212639786031117,single,1,passed,transcoder_128_C_iid
0.6092543566199089,0.6161904247207739,-0.031859785796316875,0.6411141424162258,16,3,0,0.5994278809599995,up_to_four,1,passed,transcoder_128_D_iid
0.5859655379701407,0.5887837745388315,-0.05514860444608505,0.6411141424162258,16,3,0,0.5610440220297034,single,1,passed,transcoder_128_D_iid
0.10893779403680799,,-0.018139617130981014,0.127077411167789,16,3,0,0.03744678057684155,up_to_four,1,passed,transcoder_128_state_iid
0.07928733066924701,,-0.047790080498542,0.127077411167789,16,3,0,0.025160268690716657,single,1,passed,transcoder_128_state_iid
0.9978212328433695,0.9998278572178908,-0.0008748055987559678,0.9986960384421255,4,7,0,0.9977982738466958,up_to_four,1,passed,coordinate_current_iid
0.9977355617843664,0.9998179990411247,-0.0009604766577591128,0.9986960384421255,4,7,0,0.9976982593086021,single,1,passed,coordinate_current_iid
0.9985773495065209,0.9999692364885039,-0.0004030829572089223,0.9989804324637298,4,7,0,0.9985891761275145,up_to_four,1,passed,coordinate_current_transfer
0.9985773495065209,0.9999692364885039,-0.0004030829572089223,0.9989804324637298,4,7,0,0.9985891761275145,single,1,passed,coordinate_current_transfer
0.7352889965531053,0.8105099512612729,-0.10968598052321532,0.8449749770763206,4,7,0,0.7353654143554317,up_to_four,1,passed,coordinate_previous_iid
0.730152140946362,0.8000010450033884,-0.11482283612995858,0.8449749770763206,4,7,0,0.7302510257185517,single,1,passed,coordinate_previous_iid
0.7023212872592983,0.7875867974929504,-0.12433060510252225,0.8266518923618206,4,7,0,0.6979904210067991,up_to_four,1,passed,coordinate_previous_transfer
0.7116911439621638,0.794291985094423,-0.11496074839965675,0.8266518923618206,4,7,0,0.7075936108588095,single,1,passed,coordinate_previous_transfer
0.6159064196519382,,-0.374937058492658,0.9908434781445962,4,7,0,0.6104101403838978,up_to_four,1,passed,coordinate_query_iid
0.4503455094903898,,-0.5404979686542064,0.9908434781445962,4,7,0,0.3713929468197771,single,1,passed,coordinate_query_iid
0.6575584041074212,0.6836268910992149,0.0022844783734421448,0.655273925733979,4,7,0,0.6490065214122624,up_to_four,1,passed,coordinate_A_iid
0.652641829694502,0.6878293454778436,-0.0026320960394770054,0.655273925733979,4,7,0,0.6481012125414949,single,1,passed,coordinate_A_iid
0.651731215391022,0.6850152821047478,-0.017873210203407597,0.6696044255944296,4,7,0,0.6502256883838338,up_to_four,1,passed,coordinate_B_iid
0.6509492187919017,0.6841902982069733,-0.018655206802527857,0.6696044255944296,4,7,0,0.6495011506610997,single,1,passed,coordinate_B_iid
0.6475255302882972,0.6657443333925923,-0.016370884760416038,0.6638964150487132,4,7,0,0.6475108872274,up_to_four,1,passed,coordinate_C_iid
0.6469154260732608,0.6647901555212726,-0.016980988975452416,0.6638964150487132,4,7,0,0.6468918606323186,single,1,passed,coordinate_C_iid
0.6482702334809893,0.6701447368083754,6.0081364587238895e-05,0.6482101521164021,4,7,0,0.6481812486931284,up_to_four,1,passed,coordinate_D_iid
0.6463080562220582,0.6706249671555207,-0.0019020958943438693,0.6482101521164021,4,7,0,0.6438002548359897,single,1,passed,coordinate_D_iid
0.12467601625560987,,-0.009973806733188373,0.13464982298879824,4,7,0,0.0450009298430839,up_to_four,1,passed,coordinate_state_iid
0.12482104292559482,,-0.009828780063203424,0.13464982298879824,4,7,0,0.038949377189729746,single,1,passed,coordinate_state_iid
0.9977952913264378,0.9998262458813838,-0.0009007471156876612,0.9986960384421255,4,7,0,0.9977981610020505,up_to_four,1,passed,coordinate_128_current_iid
0.9977355617843664,0.9998179990411247,-0.0009604766577591128,0.9986960384421255,4,7,0,0.9976982593086021,single,1,passed,coordinate_128_current_iid
0.9985773495065209,0.9999692364885039,-0.0004030829572089223,0.9989804324637298,4,7,0,0.9985891761275145,up_to_four,1,passed,coordinate_128_current_transfer
0.9985773495065209,0.9999692364885039,-0.0004030829572089223,0.9989804324637298,4,7,0,0.9985891761275145,single,1,passed,coordinate_128_current_transfer
0.730818991672189,0.8030482922046558,-0.11415598540413163,0.8449749770763206,4,7,0,0.7308959183697561,up_to_four,1,passed,coordinate_128_previous_iid
0.669200384191743,0.7406396563890295,-0.17577459288457764,0.8449749770763206,4,7,0,0.6683872087135825,single,1,passed,coordinate_128_previous_iid
0.7047692644922556,0.8094480626836726,-0.12188262786956494,0.8266518923618206,4,7,0,0.6958716381344686,up_to_four,1,passed,coordinate_128_previous_transfer
0.6994085324396923,0.7738596973558577,-0.12724335992212832,0.8266518923618206,4,7,0,0.6956616715452837,single,1,passed,coordinate_128_previous_transfer
0.509273706921505,,-0.4815697712230912,0.9908434781445962,4,7,0,0.5024567544175269,up_to_four,1,passed,coordinate_128_query_iid
0.3892203610112218,,-0.6016231171333744,0.9908434781445962,4,7,0,0.2602176617081836,single,1,passed,coordinate_128_query_iid
0.6571594829169324,0.6897829436472778,0.0018855571829533568,0.655273925733979,4,7,0,0.644138455176422,up_to_four,1,passed,coordinate_128_A_iid
0.652641829694502,0.6878293454778436,-0.0026320960394770054,0.655273925733979,4,7,0,0.6481012125414949,single,1,passed,coordinate_128_A_iid
0.6500480264987478,0.6818592378904299,-0.019556399095681742,0.6696044255944296,4,7,0,0.6494310613895139,up_to_four,1,passed,coordinate_128_B_iid
0.6453765399179094,0.6796480086714267,-0.024227885676520122,0.6696044255944296,4,7,0,0.6426744789948108,single,1,passed,coordinate_128_B_iid
0.6477752251986881,0.6583674706049083,-0.016121189850025086,0.6638964150487132,4,7,0,0.6477603893624548,up_to_four,1,passed,coordinate_128_C_iid
0.6471902369805058,0.6605380367546788,-0.0167061780682074,0.6638964150487132,4,7,0,0.6471368890269527,single,1,passed,coordinate_128_C_iid
0.6471442286001394,0.6608739719677976,-0.001065923516262668,0.6482101521164021,4,7,0,0.6471375949899787,up_to_four,1,passed,coordinate_128_D_iid
0.6423192944813585,0.6629537584979082,-0.0058908576350436,0.6482101521164021,4,7,0,0.6423182420169903,single,1,passed,coordinate_128_D_iid
0.12429444456896524,,-0.010355378419833,0.13464982298879824,4,7,0,0.042700384284145854,up_to_four,1,passed,coordinate_128_state_iid
0.12482104292559482,,-0.009828780063203424,0.13464982298879824,4,7,0,0.038949377189729746,single,1,passed,coordinate_128_state_iid
0.9978183504525994,0.9999324439663234,-0.0008776879895261436,0.9986960384421255,4,7,0,0.9977982614852514,up_to_four,1,passed,random_current_iid
0.9935497699211634,0.9997038143317594,-0.005146268520962116,0.9986960384421255,4,7,0,0.9934458543554116,single,1,passed,random_current_iid
0.9982454274087991,0.9999774940626422,-0.0007350050549307374,0.9989804324637298,4,7,0,0.9981863399598916,up_to_four,1,passed,random_current_transfer
0.9937167956467364,0.9998337151247023,-0.005263636816993378,0.9989804324637298,4,7,0,0.9933537598419726,single,1,passed,random_current_transfer
0.7560464762081596,0.82619835041885,-0.08892850086816106,0.8449749770763206,4,7,0,0.7559622067719518,up_to_four,1,passed,random_previous_iid
0.697885120987721,0.7623118777394533,-0.1470898560885996,0.8449749770763206,4,7,0,0.6979102874046834,single,1,passed,random_previous_iid
0.659535371023291,0.7574821389428632,-0.1671165213385296,0.8266518923618206,4,7,0,0.6387751057082452,up_to_four,1,passed,random_previous_transfer
0.6419774781636269,0.7137352736837803,-0.18467441419819364,0.8266518923618206,4,7,0,0.6304837314836019,single,1,passed,random_previous_transfer
0.6178686557268259,,-0.37297482241777025,0.9908434781445962,4,7,0,0.604578463162443,up_to_four,1,passed,random_query_iid
0.40349759809871816,,-0.587345880045878,0.9908434781445962,4,7,0,0.3612623780322809,single,1,passed,random_query_iid
0.6574841666562308,0.685295521965111,0.0022102409222517494,0.655273925733979,4,7,0,0.6488421450665907,up_to_four,1,passed,random_A_iid
0.6517547141757525,0.6825982579365226,-0.0035192115582265426,0.655273925733979,4,7,0,0.6505895790764878,single,1,passed,random_A_iid
0.6509276851171568,0.6871653374759107,-0.018676740477272746,0.6696044255944296,4,7,0,0.6505959608893079,up_to_four,1,passed,random_B_iid
0.6487043932378818,0.6887433195576519,-0.020900032356547804,0.6696044255944296,4,7,0,0.6482999683469972,single,1,passed,random_B_iid
0.647460092691079,0.6684144493694955,-0.01643632235763426,0.6638964150487132,4,7,0,0.6474312821799139,up_to_four,1,passed,random_C_iid
0.647460092691079,0.6684144493694955,-0.01643632235763426,0.6638964150487132,4,7,0,0.6474312821799139,single,1,passed,random_C_iid
0.6470594738218285,0.6637371894514428,-0.0011506782945736038,0.6482101521164021,4,7,0,0.6470768797049427,up_to_four,1,passed,random_D_iid
0.6470594738218285,0.6637371894514428,-0.0011506782945736038,0.6482101521164021,4,7,0,0.6470768797049427,single,1,passed,random_D_iid
0.12417569306779226,,-0.010474129921005979,0.13464982298879824,4,7,0,0.04207239832591404,up_to_four,1,passed,random_state_iid
0.1239258434118396,,-0.010723979576958642,0.13464982298879824,4,7,0,0.03710487193462544,single,1,passed,random_state_iid
0.9977269146120558,0.9998306595422507,-0.0009691238300697513,0.9986960384421255,4,7,0,0.9976982210931897,up_to_four,1,passed,random_128_current_iid
0.9962026102930814,0.999672698523063,-0.0024934281490440746,0.9986960384421255,4,7,0,0.9961968892074962,single,1,passed,random_128_current_iid
0.9978423444515903,0.9999732843189638,-0.0011380880121395487,0.9989804324637298,4,7,0,0.997783304395423,up_to_four,1,passed,random_128_current_transfer
0.9972495801590247,0.9999222816551676,-0.001730852304705155,0.9989804324637298,4,7,0,0.9971788167041119,single,1,passed,random_128_current_transfer
0.7037031455987632,0.7807888424584069,-0.1412718314775574,0.8449749770763206,4,7,0,0.7028809566082488,up_to_four,1,passed,random_128_previous_iid
0.6531476425820522,0.7162261775311801,-0.19182733449426848,0.8449749770763206,4,7,0,0.6424482610047775,single,1,passed,random_128_previous_iid
0.6619370934124928,0.7363670814122403,-0.16471479894932772,0.8266518923618206,4,7,0,0.6615650685099813,up_to_four,1,passed,random_128_previous_transfer
0.6405526803660262,0.6986634393541412,-0.18609921199579438,0.8266518923618206,4,7,0,0.6404517663100238,single,1,passed,random_128_previous_transfer
0.536196506171036,,-0.4546469719735602,0.9908434781445962,4,7,0,0.5322037333294862,up_to_four,1,passed,random_128_query_iid
0.3962968722084481,,-0.594546605936148,0.9908434781445962,4,7,0,0.3207367656692858,single,1,passed,random_128_query_iid
0.6510783084884629,0.6750031240092476,-0.004195617245516092,0.655273925733979,4,7,0,0.6476167338583961,up_to_four,1,passed,random_128_A_iid
0.64928022756862,0.6759919456369636,-0.005993698165358996,0.655273925733979,4,7,0,0.6488702803805314,single,1,passed,random_128_A_iid
0.649167687448237,0.6861208942126608,-0.020436738146192512,0.6696044255944296,4,7,0,0.6486982996997706,up_to_four,1,passed,random_128_B_iid
0.6442577894666228,0.6840719630594213,-0.025346636127806743,0.6696044255944296,4,7,0,0.6437218142814647,single,1,passed,random_128_B_iid
0.6476352396426615,0.6636668709381075,-0.016261175406051764,0.6638964150487132,4,7,0,0.6475185225228576,up_to_four,1,passed,random_128_C_iid
0.6481847764537775,0.6663251264442686,-0.01571163859493574,0.6638964150487132,4,7,0,0.6481851358219886,single,1,passed,random_128_C_iid
0.647683518928674,0.6531223944714891,-0.0005266331877280539,0.6482101521164021,4,7,0,0.6475430588899307,up_to_four,1,passed,random_128_D_iid
0.6421786239797382,0.65716919481038,-0.006031528136663855,0.6482101521164021,4,7,0,0.6415346209390749,single,1,passed,random_128_D_iid
0.12396562698917887,,-0.010684195999619367,0.13464982298879824,4,7,0,0.037161821705341894,up_to_four,1,passed,random_128_state_iid
0.12356779121578612,,-0.011082031773012119,0.13464982298879824,4,7,0,0.03700257836142471,single,1,passed,random_128_state_iid
0.9960045259940404,0.9998814116380691,-0.002691512448085076,0.9986960384421255,4,7,0,0.9960960023063616,up_to_four,1,passed,transcoder_current_iid
0.9956173248339102,0.9957688054780157,-0.003078713608215322,0.9986960384421255,4,7,0,0.9954972751310183,single,1,passed,transcoder_current_iid
0.99490208136204,0.9999295677499956,-0.004078351101689859,0.9989804324637298,4,7,0,0.9951603841625297,up_to_four,1,passed,transcoder_current_transfer
0.9965857359635812,0.9965857359635811,-0.002394696500148563,0.9989804324637298,4,7,0,0.9963737541076575,single,1,passed,transcoder_current_transfer
0.7132498635433421,0.7618639581102598,-0.13172511353297855,0.8449749770763206,4,7,0,0.7112148530396712,up_to_four,1,passed,transcoder_previous_iid
0.6925999037673123,0.7032589845176686,-0.15237507330900835,0.8449749770763206,4,7,0,0.6818297321180481,single,1,passed,transcoder_previous_iid
0.6936179461363273,0.7483469001824187,-0.13303394622549325,0.8266518923618206,4,7,0,0.687656343283582,up_to_four,1,passed,transcoder_previous_transfer
0.6708800680633524,0.6834140161464699,-0.15577182429846814,0.8266518923618206,4,7,0,0.6544480828687975,single,1,passed,transcoder_previous_transfer
0.7159714704515882,,-0.274872007693008,0.9908434781445962,4,7,0,0.733165456206627,up_to_four,1,passed,transcoder_query_iid
0.4230172559023562,,-0.5678262222422399,0.9908434781445962,4,7,0,0.31906825766297575,single,1,passed,transcoder_query_iid
0.6483362777552193,0.6576098527833103,-0.006937647978759731,0.655273925733979,4,7,0,0.6483494480431617,up_to_four,1,passed,transcoder_A_iid
0.6487757562587472,0.6603674247305471,-0.006498169475231852,0.655273925733979,4,7,0,0.6487060887332945,single,1,passed,transcoder_A_iid
0.6424334109132663,0.6485897604414708,-0.02717101468116323,0.6696044255944296,4,7,0,0.6424141125522691,up_to_four,1,passed,transcoder_B_iid
0.6424334109132663,0.6485897604414708,-0.02717101468116323,0.6696044255944296,4,7,0,0.6424141125522691,single,1,passed,transcoder_B_iid
0.6477425489017659,0.6504946231315921,-0.01615386614694736,0.6638964150487132,4,7,0,0.6477386219774934,up_to_four,1,passed,transcoder_C_iid
0.6477425489017659,0.6504946231315921,-0.01615386614694736,0.6638964150487132,4,7,0,0.6477386219774934,single,1,passed,transcoder_C_iid
0.6472089562569214,0.6269470617889571,-0.0010011958594806636,0.6482101521164021,4,7,0,0.6470801848606301,up_to_four,1,passed,transcoder_D_iid
0.6472089562569214,0.6269470617889571,-0.0010011958594806636,0.6482101521164021,4,7,0,0.6470801848606301,single,1,passed,transcoder_D_iid
0.1261601144846879,,-0.00848970850411035,0.13464982298879824,4,7,0,0.04311485982349392,up_to_four,1,passed,transcoder_state_iid
0.12410759816420194,,-0.010542224824596297,0.13464982298879824,4,7,0,0.037143683107522474,single,1,passed,transcoder_state_iid
0.9960045259940404,0.9998814116380691,-0.002691512448085076,0.9986960384421255,4,7,0,0.9960960023063616,up_to_four,1,passed,transcoder_128_current_iid
0.9956173248339102,0.9957688054780157,-0.003078713608215322,0.9986960384421255,4,7,0,0.9954972751310183,single,1,passed,transcoder_128_current_iid
0.99490208136204,0.9999295677499956,-0.004078351101689859,0.9989804324637298,4,7,0,0.9951603841625297,up_to_four,1,passed,transcoder_128_current_transfer
0.9965857359635812,0.9965857359635811,-0.002394696500148563,0.9989804324637298,4,7,0,0.9963737541076575,single,1,passed,transcoder_128_current_transfer
0.5805628388250282,0.6069399541052987,-0.2644121382512924,0.8449749770763206,4,7,0,0.5462191241178741,up_to_four,1,passed,transcoder_128_previous_iid
0.5317971494847902,0.5318468477674859,-0.31317782759153046,0.8449749770763206,4,7,0,0.40758874796869454,single,1,passed,transcoder_128_previous_iid
0.5852075523571394,0.682448794587626,-0.24144434000468118,0.8266518923618206,4,7,0,0.5387712561089936,up_to_four,1,passed,transcoder_128_previous_transfer
0.5438646386363551,0.5441159751970011,-0.2827872537254654,0.8266518923618206,4,7,0,0.45167472484455723,single,1,passed,transcoder_128_previous_transfer
0.5810952454324949,,-0.40974823271210126,0.9908434781445962,4,7,0,0.5315767735937662,up_to_four,1,passed,transcoder_128_query_iid
0.3985799052995135,,-0.5922635728450827,0.9908434781445962,4,7,0,0.2998835498183527,single,1,passed,transcoder_128_query_iid
0.6487176206064025,0.662134753567049,-0.006556305127576545,0.655273925733979,4,7,0,0.6486513997844314,up_to_four,1,passed,transcoder_128_A_iid
0.6487757562587472,0.6603674247305471,-0.006498169475231852,0.655273925733979,4,7,0,0.6487060887332945,single,1,passed,transcoder_128_A_iid
0.6424334109132663,0.6429539614837007,-0.02717101468116323,0.6696044255944296,4,7,0,0.6424141125522691,up_to_four,1,passed,transcoder_128_B_iid
0.6424334109132663,0.6485897604414708,-0.02717101468116323,0.6696044255944296,4,7,0,0.6424141125522691,single,1,passed,transcoder_128_B_iid
0.6477425489017659,0.6504946231315921,-0.01615386614694736,0.6638964150487132,4,7,0,0.6477386219774934,up_to_four,1,passed,transcoder_128_C_iid
0.6477425489017659,0.6504946231315921,-0.01615386614694736,0.6638964150487132,4,7,0,0.6477386219774934,single,1,passed,transcoder_128_C_iid
0.6471386210061113,0.6281680002326351,-0.001071531110290791,0.6482101521164021,4,7,0,0.6470192956246525,up_to_four,1,passed,transcoder_128_D_iid
0.6472089562569214,0.6269470617889571,-0.0010011958594806636,0.6482101521164021,4,7,0,0.6470801848606301,single,1,passed,transcoder_128_D_iid
0.1264731321291252,,-0.008176690859673041,0.13464982298879824,4,7,0,0.04282265071248767,up_to_four,1,passed,transcoder_128_state_iid
0.12410759816420194,,-0.010542224824596297,0.13464982298879824,4,7,0,0.037143683107522474,single,1,passed,transcoder_128_state_iid
0.9978212328433695,0.9998278572178908,-0.0008748055987559678,0.9986960384421255,16,7,0,0.9977982738466958,up_to_four,1,passed,coordinate_current_iid
0.9977355617843664,0.9998179990411247,-0.0009604766577591128,0.9986960384421255,16,7,0,0.9976982593086021,single,1,passed,coordinate_current_iid
0.9985773495065209,0.9999692364885039,-0.0004030829572089223,0.9989804324637298,16,7,0,0.9985891761275145,up_to_four,1,passed,coordinate_current_transfer
0.9985773495065209,0.9999692364885039,-0.0004030829572089223,0.9989804324637298,16,7,0,0.9985891761275145,single,1,passed,coordinate_current_transfer
0.7352889965531053,0.8105099512612729,-0.10968598052321532,0.8449749770763206,16,7,0,0.7353654143554317,up_to_four,1,passed,coordinate_previous_iid
0.730152140946362,0.8000010450033884,-0.11482283612995858,0.8449749770763206,16,7,0,0.7302510257185517,single,1,passed,coordinate_previous_iid
0.7023212872592983,0.7875867974929504,-0.12433060510252225,0.8266518923618206,16,7,0,0.6979904210067991,up_to_four,1,passed,coordinate_previous_transfer
0.7116911439621638,0.794291985094423,-0.11496074839965675,0.8266518923618206,16,7,0,0.7075936108588095,single,1,passed,coordinate_previous_transfer
0.6159064196519382,,-0.374937058492658,0.9908434781445962,16,7,0,0.6104101403838978,up_to_four,1,passed,coordinate_query_iid
0.4503455094903898,,-0.5404979686542064,0.9908434781445962,16,7,0,0.3713929468197771,single,1,passed,coordinate_query_iid
0.6575584041074212,0.6836268910992149,0.0022844783734421448,0.655273925733979,16,7,0,0.6490065214122624,up_to_four,1,passed,coordinate_A_iid
0.652641829694502,0.6878293454778436,-0.0026320960394770054,0.655273925733979,16,7,0,0.6481012125414949,single,1,passed,coordinate_A_iid
0.651731215391022,0.6850152821047478,-0.017873210203407597,0.6696044255944296,16,7,0,0.6502256883838338,up_to_four,1,passed,coordinate_B_iid
0.6509492187919017,0.6841902982069733,-0.018655206802527857,0.6696044255944296,16,7,0,0.6495011506610997,single,1,passed,coordinate_B_iid
0.6475255302882972,0.6657443333925923,-0.016370884760416038,0.6638964150487132,16,7,0,0.6475108872274,up_to_four,1,passed,coordinate_C_iid
0.6469154260732608,0.6647901555212726,-0.016980988975452416,0.6638964150487132,16,7,0,0.6468918606323186,single,1,passed,coordinate_C_iid
0.6482702334809893,0.6701447368083754,6.0081364587238895e-05,0.6482101521164021,16,7,0,0.6481812486931284,up_to_four,1,passed,coordinate_D_iid
0.6463080562220582,0.6706249671555207,-0.0019020958943438693,0.6482101521164021,16,7,0,0.6438002548359897,single,1,passed,coordinate_D_iid
0.12467601625560987,,-0.009973806733188373,0.13464982298879824,16,7,0,0.0450009298430839,up_to_four,1,passed,coordinate_state_iid
0.12482104292559482,,-0.009828780063203424,0.13464982298879824,16,7,0,0.038949377189729746,single,1,passed,coordinate_state_iid
0.9977952913264378,0.9998262458813838,-0.0009007471156876612,0.9986960384421255,16,7,0,0.9977981610020505,up_to_four,1,passed,coordinate_128_current_iid
0.9977355617843664,0.9998179990411247,-0.0009604766577591128,0.9986960384421255,16,7,0,0.9976982593086021,single,1,passed,coordinate_128_current_iid
0.9985773495065209,0.9999692364885039,-0.0004030829572089223,0.9989804324637298,16,7,0,0.9985891761275145,up_to_four,1,passed,coordinate_128_current_transfer
0.9985773495065209,0.9999692364885039,-0.0004030829572089223,0.9989804324637298,16,7,0,0.9985891761275145,single,1,passed,coordinate_128_current_transfer
0.730818991672189,0.8030482922046558,-0.11415598540413163,0.8449749770763206,16,7,0,0.7308959183697561,up_to_four,1,passed,coordinate_128_previous_iid
0.669200384191743,0.7406396563890295,-0.17577459288457764,0.8449749770763206,16,7,0,0.6683872087135825,single,1,passed,coordinate_128_previous_iid
0.7047692644922556,0.8094480626836726,-0.12188262786956494,0.8266518923618206,16,7,0,0.6958716381344686,up_to_four,1,passed,coordinate_128_previous_transfer
0.6994085324396923,0.7738596973558577,-0.12724335992212832,0.8266518923618206,16,7,0,0.6956616715452837,single,1,passed,coordinate_128_previous_transfer
0.509273706921505,,-0.4815697712230912,0.9908434781445962,16,7,0,0.5024567544175269,up_to_four,1,passed,coordinate_128_query_iid
0.3892203610112218,,-0.6016231171333744,0.9908434781445962,16,7,0,0.2602176617081836,single,1,passed,coordinate_128_query_iid
0.6571594829169324,0.6897829436472778,0.0018855571829533568,0.655273925733979,16,7,0,0.644138455176422,up_to_four,1,passed,coordinate_128_A_iid
0.652641829694502,0.6878293454778436,-0.0026320960394770054,0.655273925733979,16,7,0,0.6481012125414949,single,1,passed,coordinate_128_A_iid
0.6500480264987478,0.6818592378904299,-0.019556399095681742,0.6696044255944296,16,7,0,0.6494310613895139,up_to_four,1,passed,coordinate_128_B_iid
0.6453765399179094,0.6796480086714267,-0.024227885676520122,0.6696044255944296,16,7,0,0.6426744789948108,single,1,passed,coordinate_128_B_iid
0.6477752251986881,0.6583674706049083,-0.016121189850025086,0.6638964150487132,16,7,0,0.6477603893624548,up_to_four,1,passed,coordinate_128_C_iid
0.6471902369805058,0.6605380367546788,-0.0167061780682074,0.6638964150487132,16,7,0,0.6471368890269527,single,1,passed,coordinate_128_C_iid
0.6471442286001394,0.6608739719677976,-0.001065923516262668,0.6482101521164021,16,7,0,0.6471375949899787,up_to_four,1,passed,coordinate_128_D_iid
0.6423192944813585,0.6629537584979082,-0.0058908576350436,0.6482101521164021,16,7,0,0.6423182420169903,single,1,passed,coordinate_128_D_iid
0.12429444456896524,,-0.010355378419833,0.13464982298879824,16,7,0,0.042700384284145854,up_to_four,1,passed,coordinate_128_state_iid
0.12482104292559482,,-0.009828780063203424,0.13464982298879824,16,7,0,0.038949377189729746,single,1,passed,coordinate_128_state_iid
0.9978183504525994,0.9999324439663234,-0.0008776879895261436,0.9986960384421255,16,7,0,0.9977982614852514,up_to_four,1,passed,random_current_iid
0.9935497699211634,0.9997038143317594,-0.005146268520962116,0.9986960384421255,16,7,0,0.9934458543554116,single,1,passed,random_current_iid
0.9982454274087991,0.9999774940626422,-0.0007350050549307374,0.9989804324637298,16,7,0,0.9981863399598916,up_to_four,1,passed,random_current_transfer
0.9937167956467364,0.9998337151247023,-0.005263636816993378,0.9989804324637298,16,7,0,0.9933537598419726,single,1,passed,random_current_transfer
0.7560464762081596,0.82619835041885,-0.08892850086816106,0.8449749770763206,16,7,0,0.7559622067719518,up_to_four,1,passed,random_previous_iid
0.697885120987721,0.7623118777394533,-0.1470898560885996,0.8449749770763206,16,7,0,0.6979102874046834,single,1,passed,random_previous_iid
0.659535371023291,0.7574821389428632,-0.1671165213385296,0.8266518923618206,16,7,0,0.6387751057082452,up_to_four,1,passed,random_previous_transfer
0.6419774781636269,0.7137352736837803,-0.18467441419819364,0.8266518923618206,16,7,0,0.6304837314836019,single,1,passed,random_previous_transfer
0.6178686557268259,,-0.37297482241777025,0.9908434781445962,16,7,0,0.604578463162443,up_to_four,1,passed,random_query_iid
0.40349759809871816,,-0.587345880045878,0.9908434781445962,16,7,0,0.3612623780322809,single,1,passed,random_query_iid
0.6574841666562308,0.685295521965111,0.0022102409222517494,0.655273925733979,16,7,0,0.6488421450665907,up_to_four,1,passed,random_A_iid
0.6517547141757525,0.6825982579365226,-0.0035192115582265426,0.655273925733979,16,7,0,0.6505895790764878,single,1,passed,random_A_iid
0.6509276851171568,0.6871653374759107,-0.018676740477272746,0.6696044255944296,16,7,0,0.6505959608893079,up_to_four,1,passed,random_B_iid
0.6487043932378818,0.6887433195576519,-0.020900032356547804,0.6696044255944296,16,7,0,0.6482999683469972,single,1,passed,random_B_iid
0.647460092691079,0.6684144493694955,-0.01643632235763426,0.6638964150487132,16,7,0,0.6474312821799139,up_to_four,1,passed,random_C_iid
0.647460092691079,0.6684144493694955,-0.01643632235763426,0.6638964150487132,16,7,0,0.6474312821799139,single,1,passed,random_C_iid
0.6470594738218285,0.6637371894514428,-0.0011506782945736038,0.6482101521164021,16,7,0,0.6470768797049427,up_to_four,1,passed,random_D_iid
0.6470594738218285,0.6637371894514428,-0.0011506782945736038,0.6482101521164021,16,7,0,0.6470768797049427,single,1,passed,random_D_iid
0.12417569306779226,,-0.010474129921005979,0.13464982298879824,16,7,0,0.04207239832591404,up_to_four,1,passed,random_state_iid
0.1239258434118396,,-0.010723979576958642,0.13464982298879824,16,7,0,0.03710487193462544,single,1,passed,random_state_iid
0.9977269146120558,0.9998306595422507,-0.0009691238300697513,0.9986960384421255,16,7,0,0.9976982210931897,up_to_four,1,passed,random_128_current_iid
0.9962026102930814,0.999672698523063,-0.0024934281490440746,0.9986960384421255,16,7,0,0.9961968892074962,single,1,passed,random_128_current_iid
0.9978423444515903,0.9999732843189638,-0.0011380880121395487,0.9989804324637298,16,7,0,0.997783304395423,up_to_four,1,passed,random_128_current_transfer
0.9972495801590247,0.9999222816551676,-0.001730852304705155,0.9989804324637298,16,7,0,0.9971788167041119,single,1,passed,random_128_current_transfer
0.7037031455987632,0.7807888424584069,-0.1412718314775574,0.8449749770763206,16,7,0,0.7028809566082488,up_to_four,1,passed,random_128_previous_iid
0.6531476425820522,0.7162261775311801,-0.19182733449426848,0.8449749770763206,16,7,0,0.6424482610047775,single,1,passed,random_128_previous_iid
0.6619370934124928,0.7363670814122403,-0.16471479894932772,0.8266518923618206,16,7,0,0.6615650685099813,up_to_four,1,passed,random_128_previous_transfer
0.6405526803660262,0.6986634393541412,-0.18609921199579438,0.8266518923618206,16,7,0,0.6404517663100238,single,1,passed,random_128_previous_transfer
0.536196506171036,,-0.4546469719735602,0.9908434781445962,16,7,0,0.5322037333294862,up_to_four,1,passed,random_128_query_iid
0.3962968722084481,,-0.594546605936148,0.9908434781445962,16,7,0,0.3207367656692858,single,1,passed,random_128_query_iid
0.6510783084884629,0.6750031240092476,-0.004195617245516092,0.655273925733979,16,7,0,0.6476167338583961,up_to_four,1,passed,random_128_A_iid
0.64928022756862,0.6759919456369636,-0.005993698165358996,0.655273925733979,16,7,0,0.6488702803805314,single,1,passed,random_128_A_iid
0.649167687448237,0.6861208942126608,-0.020436738146192512,0.6696044255944296,16,7,0,0.6486982996997706,up_to_four,1,passed,random_128_B_iid
0.6442577894666228,0.6840719630594213,-0.025346636127806743,0.6696044255944296,16,7,0,0.6437218142814647,single,1,passed,random_128_B_iid
0.6476352396426615,0.6636668709381075,-0.016261175406051764,0.6638964150487132,16,7,0,0.6475185225228576,up_to_four,1,passed,random_128_C_iid
0.6481847764537775,0.6663251264442686,-0.01571163859493574,0.6638964150487132,16,7,0,0.6481851358219886,single,1,passed,random_128_C_iid
0.647683518928674,0.6531223944714891,-0.0005266331877280539,0.6482101521164021,16,7,0,0.6475430588899307,up_to_four,1,passed,random_128_D_iid
0.6421786239797382,0.65716919481038,-0.006031528136663855,0.6482101521164021,16,7,0,0.6415346209390749,single,1,passed,random_128_D_iid
0.12396562698917887,,-0.010684195999619367,0.13464982298879824,16,7,0,0.037161821705341894,up_to_four,1,passed,random_128_state_iid
0.12356779121578612,,-0.011082031773012119,0.13464982298879824,16,7,0,0.03700257836142471,single,1,passed,random_128_state_iid
0.9978957746713434,0.9999002472610883,-0.0008002637707821281,0.9986960384421255,16,7,0,0.9978484140175616,up_to_four,1,passed,transcoder_current_iid
0.996882614315618,0.9973117502581341,-0.0018134241265075346,0.9986960384421255,16,7,0,0.9969470566496836,single,1,passed,transcoder_current_iid
0.9970360975805631,0.9999756320606307,-0.0019443348831666984,0.9989804324637298,16,7,0,0.9971775994703251,up_to_four,1,passed,transcoder_current_transfer
0.9963958927150062,0.9965789356084084,-0.0025845397487236355,0.9989804324637298,16,7,0,0.9965725441442409,single,1,passed,transcoder_current_transfer
0.7207506438317838,0.7903214499704917,-0.12422433324453686,0.8449749770763206,16,7,0,0.7205118530075278,up_to_four,1,passed,transcoder_previous_iid
0.6440919145720699,0.6550347166291447,-0.2008830625042507,0.8449749770763206,16,7,0,0.6259145119529728,single,1,passed,transcoder_previous_iid
0.717127667084013,0.7906760266160402,-0.10952422527780759,0.8266518923618206,16,7,0,0.7133364779763125,up_to_four,1,passed,transcoder_previous_transfer
0.6566534527661883,0.6782852084811692,-0.16999843959563232,0.8266518923618206,16,7,0,0.6404351822250639,single,1,passed,transcoder_previous_transfer
1.0,,0.009156521855403832,0.9908434781445962,16,7,0,1.0,up_to_four,1,passed,transcoder_query_iid
0.49990035870864885,,-0.4909431194359473,0.9908434781445962,16,7,0,0.3750314885452116,single,1,passed,transcoder_query_iid
0.648908194430167,0.674349432018931,-0.006365731303812017,0.655273925733979,16,7,0,0.6488243266108275,up_to_four,1,passed,transcoder_A_iid
0.6488465000650528,0.6484605373940578,-0.006427425668926179,0.655273925733979,16,7,0,0.6488571053373047,single,1,passed,transcoder_A_iid
0.6505401390098768,0.6879091798455691,-0.019064286584552725,0.6696044255944296,16,7,0,0.6493079139119614,up_to_four,1,passed,transcoder_B_iid
0.646052529198142,0.6738487158885379,-0.02355189639628752,0.6696044255944296,16,7,0,0.6442426020728385,single,1,passed,transcoder_B_iid
0.6482072873472348,0.6406416520671705,-0.015689127701478456,0.6638964150487132,16,7,0,0.6481756512021608,up_to_four,1,passed,transcoder_C_iid
0.6475934029821644,0.6399319588994488,-0.016303012066548828,0.6638964150487132,16,7,0,0.6475445671541149,single,1,passed,transcoder_C_iid
0.6503644295250399,0.6697630549194942,0.002154277408637828,0.6482101521164021,16,7,0,0.6501831100300497,up_to_four,1,passed,transcoder_D_iid
0.6404317783314877,0.6525994112266595,-0.007778373784914416,0.6482101521164021,16,7,0,0.6403928694337043,single,1,passed,transcoder_D_iid
0.1268033395744302,,-0.007846483414368027,0.13464982298879824,16,7,0,0.04747283277231161,up_to_four,1,passed,transcoder_state_iid
0.12177301293226077,,-0.012876810056537472,0.13464982298879824,16,7,0,0.03757075595480347,single,1,passed,transcoder_state_iid
0.9919975224250002,0.9993846996452738,-0.006698516017125344,0.9986960384421255,16,7,0,0.9921901020477312,up_to_four,1,passed,transcoder_128_current_iid
0.990558889165029,0.9909697049120423,-0.008137149277096523,0.9986960384421255,16,7,0,0.9907874561081114,single,1,passed,transcoder_128_current_iid
0.9931948683872213,0.999822705025851,-0.0057855640765085425,0.9989804324637298,16,7,0,0.9935458447243535,up_to_four,1,passed,transcoder_128_current_transfer
0.9891402375720271,0.9892717920619778,-0.009840194891702736,0.9989804324637298,16,7,0,0.9897084225299904,single,1,passed,transcoder_128_current_transfer
0.6741806278542016,0.7613059032068209,-0.170794349222119,0.8449749770763206,16,7,0,0.6552305819312867,up_to_four,1,passed,transcoder_128_previous_iid
0.6440919145720699,0.6550347166291447,-0.2008830625042507,0.8449749770763206,16,7,0,0.6259145119529728,single,1,passed,transcoder_128_previous_iid
0.6844130464666129,0.7667089585786946,-0.14223884589520763,0.8266518923618206,16,7,0,0.6708592549913625,up_to_four,1,passed,transcoder_128_previous_transfer
0.6566534527661883,0.6782852084811692,-0.16999843959563232,0.8266518923618206,16,7,0,0.6404351822250639,single,1,passed,transcoder_128_previous_transfer
0.9997995466971643,,0.008956068552568142,0.9908434781445962,16,7,0,0.9997997681652037,up_to_four,1,passed,transcoder_128_query_iid
0.49990035870864885,,-0.4909431194359473,0.9908434781445962,16,7,0,0.3750314885452116,single,1,passed,transcoder_128_query_iid
0.6501842056799438,0.664308636557434,-0.005089720054035185,0.655273925733979,16,7,0,0.6498838061571015,up_to_four,1,passed,transcoder_128_A_iid
0.6448517623951893,0.6386183040904746,-0.010422163338789758,0.655273925733979,16,7,0,0.6449001554108917,single,1,passed,transcoder_128_A_iid
0.6473527548934676,0.6903520811856362,-0.022251670700962012,0.6696044255944296,16,7,0,0.6473391613180504,up_to_four,1,passed,transcoder_128_B_iid
0.646052529198142,0.6738487158885379,-0.02355189639628752,0.6696044255944296,16,7,0,0.6442426020728385,single,1,passed,transcoder_128_B_iid
0.6468339478393897,0.6668198460796909,-0.017062467209323473,0.6638964150487132,16,7,0,0.6467197724605311,up_to_four,1,passed,transcoder_128_C_iid
0.6464624880961525,0.6481916617270539,-0.01743392695256074,0.6638964150487132,16,7,0,0.6463627766141806,single,1,passed,transcoder_128_C_iid
0.6470754955190517,0.6825694778897374,-0.0011346565973503475,0.6482101521164021,16,7,0,0.6465969674574291,up_to_four,1,passed,transcoder_128_D_iid
0.6404317783314877,0.6525994112266595,-0.007778373784914416,0.6482101521164021,16,7,0,0.6403928694337043,single,1,passed,transcoder_128_D_iid
0.12559038669431535,,-0.009059436294482887,0.13464982298879824,16,7,0,0.05417265217052089,up_to_four,1,passed,transcoder_128_state_iid
0.11778103477530026,,-0.01686878821349798,0.13464982298879824,16,7,0,0.04044028901591656,single,1,passed,transcoder_128_state_iid
0.9992936541284803,0.9999924737574334,-8.647172310638496e-06,0.9993023013007909,4,11,0,0.9992994108044866,up_to_four,1,passed,coordinate_current_iid
0.998738873971627,0.9999804037460831,-0.0005634273291639236,0.9993023013007909,4,11,0,0.998748936943572,single,1,passed,coordinate_current_iid
0.9996206373292869,0.9999990285206896,0.0004268032437046987,0.9991938340855822,4,11,0,0.9995969360991122,up_to_four,1,passed,coordinate_current_transfer
0.9994309559939302,0.9999978951281608,0.00023712190834801472,0.9991938340855822,4,11,0,0.9993954183664833,single,1,passed,coordinate_current_transfer
0.6378911011783828,0.6814404049578656,-0.19656093426305143,0.8344520354414342,4,11,0,0.6377879780426831,up_to_four,1,passed,coordinate_previous_iid
0.6034677138408908,0.6346157603369599,-0.23098432160054339,0.8344520354414342,4,11,0,0.602441547188969,single,1,passed,coordinate_previous_iid
0.663954287582525,0.702443518934764,-0.14772106657353778,0.8116753541560627,4,11,0,0.661928400158604,up_to_four,1,passed,coordinate_previous_transfer
0.6420456529734991,0.6800837602773061,-0.1696297011825636,0.8116753541560627,4,11,0,0.6414296237711365,single,1,passed,coordinate_previous_transfer
0.5667982940867233,,-0.42045808351079117,0.9872563775975145,4,11,0,0.5556560693164916,up_to_four,1,passed,coordinate_query_iid
0.3850795512355142,,-0.6021768263620003,0.9872563775975145,4,11,0,0.3097202405556048,single,1,passed,coordinate_query_iid
0.6496635675033405,0.6811420436827538,-0.002550611026978289,0.6522141785303188,4,11,0,0.6496545734232124,up_to_four,1,passed,coordinate_A_iid
0.6496635675033405,0.6811420436827538,-0.002550611026978289,0.6522141785303188,4,11,0,0.6496545734232124,single,1,passed,coordinate_A_iid
0.6481412956483885,0.6797972284319435,-0.0008514206861925944,0.6489927163345811,4,11,0,0.6452867247879722,up_to_four,1,passed,coordinate_B_iid
0.6459669948804289,0.6693608008829928,-0.0030257214541522526,0.6489927163345811,4,11,0,0.645956225892466,single,1,passed,coordinate_B_iid
0.649409310055516,0.6643357774870084,-0.004777439616578394,0.6541867496720944,4,11,0,0.6494109785654418,up_to_four,1,passed,coordinate_C_iid
0.6485613964018232,0.6613872854613599,-0.005625353270271249,0.6541867496720944,4,11,0,0.6485342192638455,single,1,passed,coordinate_C_iid
0.6480967185000616,0.6585117829970059,-0.005075353246380421,0.653172071746442,4,11,0,0.6480562092126285,up_to_four,1,passed,coordinate_D_iid
0.6480967185000616,0.6585117829970059,-0.005075353246380421,0.653172071746442,4,11,0,0.6480562092126285,single,1,passed,coordinate_D_iid
0.12497445726656425,,-0.0037983675982184717,0.12877282486478273,4,11,0,0.03960334244842183,up_to_four,1,passed,coordinate_state_iid
0.12367535506448016,,-0.005097469800302568,0.12877282486478273,4,11,0,0.03983158778938416,single,1,passed,coordinate_state_iid
0.9989192635939954,0.9999932744215362,-0.000383037706795486,0.9993023013007909,4,11,0,0.9988991307426257,up_to_four,1,passed,coordinate_128_current_iid
0.9989991698714582,0.9999930542389079,-0.00030313142933269255,0.9993023013007909,4,11,0,0.9989991698714582,single,1,passed,coordinate_128_current_iid
0.9992412746585736,0.9999988666074712,4.7440572991441776e-05,0.9991938340855822,4,11,0,0.9991939100462542,up_to_four,1,passed,coordinate_128_current_transfer
0.9990515933232169,0.9999974093885056,-0.0001422407623652422,0.9991938340855822,4,11,0,0.9989924110888286,single,1,passed,coordinate_128_current_transfer
0.6130077172056864,0.62287145222793,-0.22144431823574784,0.8344520354414342,4,11,0,0.5850429248494696,up_to_four,1,passed,coordinate_128_previous_iid
0.6034677138408908,0.6346157603369599,-0.23098432160054339,0.8344520354414342,4,11,0,0.602441547188969,single,1,passed,coordinate_128_previous_iid
0.6322333101749511,0.6559605589219835,-0.17944204398111163,0.8116753541560627,4,11,0,0.6280240100389731,up_to_four,1,passed,coordinate_128_previous_transfer
0.6420456529734991,0.6800837602773061,-0.1696297011825636,0.8116753541560627,4,11,0,0.6414296237711365,single,1,passed,coordinate_128_previous_transfer
0.5874219386507867,,-0.39983443894672777,0.9872563775975145,4,11,0,0.581149722769163,up_to_four,1,passed,coordinate_128_query_iid
0.3850795512355142,,-0.6021768263620003,0.9872563775975145,4,11,0,0.3097202405556048,single,1,passed,coordinate_128_query_iid
0.6496635675033405,0.6811420436827538,-0.002550611026978289,0.6522141785303188,4,11,0,0.6496545734232124,up_to_four,1,passed,coordinate_128_A_iid
0.6496635675033405,0.6811420436827538,-0.002550611026978289,0.6522141785303188,4,11,0,0.6496545734232124,single,1,passed,coordinate_128_A_iid
0.6481412956483885,0.6797972284319435,-0.0008514206861925944,0.6489927163345811,4,11,0,0.6452867247879722,up_to_four,1,passed,coordinate_128_B_iid
0.6459669948804289,0.6693608008829928,-0.0030257214541522526,0.6489927163345811,4,11,0,0.645956225892466,single,1,passed,coordinate_128_B_iid
0.6520114733353767,0.6627373040435975,-0.0021752763367177685,0.6541867496720944,4,11,0,0.6519388890191846,up_to_four,1,passed,coordinate_128_C_iid
0.6482959508662899,0.6619347971921006,-0.005890798805804565,0.6541867496720944,4,11,0,0.648250731680496,single,1,passed,coordinate_128_C_iid
0.6482115940691522,0.6621676939778927,-0.0049604776772897985,0.653172071746442,4,11,0,0.648165690504152,up_to_four,1,passed,coordinate_128_D_iid
0.6473555547865141,0.6623045342925203,-0.005816516959927909,0.653172071746442,4,11,0,0.6473454953478592,single,1,passed,coordinate_128_D_iid
0.12497445726656425,,-0.0037983675982184717,0.12877282486478273,4,11,0,0.03960334244842183,up_to_four,1,passed,coordinate_128_state_iid
0.12367535506448016,,-0.005097469800302568,0.12877282486478273,4,11,0,0.03983158778938416,single,1,passed,coordinate_128_state_iid
0.9992392890358979,0.9999954161980112,-6.301226489302536e-05,0.9993023013007909,4,11,0,0.9992493621661432,up_to_four,1,passed,random_current_iid
0.9991449708045842,0.9999949558161522,-0.00015733049620669792,0.9993023013007909,4,11,0,0.9991492870153207,single,1,passed,random_current_iid
0.998956712177234,0.9999993523471264,-0.00023712190834812574,0.9991938340855822,4,11,0,0.9989922205253853,up_to_four,1,passed,random_current_transfer
0.9993835154209387,0.9999993523471264,0.00018968133535657294,0.9991938340855822,4,11,0,0.9993953611975063,single,1,passed,random_current_transfer
0.6871356214635151,0.7529309342826814,-0.14731641397791906,0.8344520354414342,4,11,0,0.6869337938718498,up_to_four,1,passed,random_previous_iid
0.6003984522864731,0.6238449219590315,-0.23405358315496105,0.8344520354414342,4,11,0,0.5950375405003914,single,1,passed,random_previous_iid
0.7013094393318497,0.7630845479099869,-0.11036591482421299,0.8116753541560627,4,11,0,0.7014448426067011,up_to_four,1,passed,random_previous_transfer
0.6115332459011521,0.6384767852697828,-0.20014210825491063,0.8116753541560627,4,11,0,0.6114879219158545,single,1,passed,random_previous_transfer
0.5470331825658241,,-0.4402231950316904,0.9872563775975145,4,11,0,0.544515331538201,up_to_four,1,passed,random_query_iid
0.3651045468985511,,-0.6221518306989634,0.9872563775975145,4,11,0,0.3587457323124065,single,1,passed,random_query_iid
0.6490439310428177,0.6760916096153956,-0.0031702474875011655,0.6522141785303188,4,11,0,0.6489190915186687,up_to_four,1,passed,random_A_iid
0.6473861865345496,0.671716845467708,-0.004827991995769221,0.6522141785303188,4,11,0,0.6474419647453244,single,1,passed,random_A_iid
0.6441101357005753,0.6747060053016067,-0.0048825806340058175,0.6489927163345811,4,11,0,0.6441140253559376,up_to_four,1,passed,random_B_iid
0.6436543462560465,0.6665843877495965,-0.00533837007853466,0.6489927163345811,4,11,0,0.6436275157176072,single,1,passed,random_B_iid
0.6488110913122141,0.6539503252884107,-0.005375658359880298,0.6541867496720944,4,11,0,0.6487836631005655,up_to_four,1,passed,random_C_iid
0.6488110913122141,0.6539503252884107,-0.005375658359880298,0.6541867496720944,4,11,0,0.6487836631005655,single,1,passed,random_C_iid
0.6477705167445962,0.6580066889784822,-0.005401555001845804,0.653172071746442,4,11,0,0.647739185512276,up_to_four,1,passed,random_D_iid
0.648000588316722,0.6543717463938364,-0.0051714834297199586,0.653172071746442,4,11,0,0.6479761315802746,single,1,passed,random_D_iid
0.12496750767383841,,-0.0038053171909443184,0.12877282486478273,4,11,0,0.04243407372049272,up_to_four,1,passed,random_state_iid
0.1247471967246774,,-0.0040256281401053196,0.12877282486478273,4,11,0,0.039333170342030044,single,1,passed,random_state_iid
0.9991993358971665,0.9999955262893254,-0.00010296540362442208,0.9993023013007909,4,11,0,0.9991993358971665,up_to_four,1,passed,random_128_current_iid
0.9991449708045842,0.9999949558161522,-0.00015733049620669792,0.9993023013007909,4,11,0,0.9991492870153207,single,1,passed,random_128_current_iid
0.9991938340855822,0.999999190433908,0.0,0.9991938340855822,4,11,0,0.9991938340855822,up_to_four,1,passed,random_128_current_transfer
0.9993835154209387,0.9999993523471264,0.00018968133535657294,0.9991938340855822,4,11,0,0.9993953611975063,single,1,passed,random_128_current_transfer
0.6297296247144571,0.6765216028758493,-0.20472241072697706,0.8344520354414342,4,11,0,0.629747441780673,up_to_four,1,passed,random_128_previous_iid
0.6166789642203541,0.6129478113760801,-0.21777307122108014,0.8344520354414342,4,11,0,0.5727694928579069,single,1,passed,random_128_previous_iid
0.6170994311954555,0.6511210762331838,-0.19457592296060722,0.8116753541560627,4,11,0,0.6084638466077494,up_to_four,1,passed,random_128_previous_transfer
0.5206751721088865,0.5682574741511586,-0.29100018204717626,0.8116753541560627,4,11,0,0.4678458651756151,single,1,passed,random_128_previous_transfer
0.49039422335720473,,-0.4968621542403098,0.9872563775975145,4,11,0,0.48810609250549586,up_to_four,1,passed,random_128_query_iid
0.3651045468985511,,-0.6221518306989634,0.9872563775975145,4,11,0,0.3587457323124065,single,1,passed,random_128_query_iid
0.6494795905620374,0.668876782458371,-0.00273458796828141,0.6522141785303188,4,11,0,0.6494480266427307,up_to_four,1,passed,random_128_A_iid
0.649308482046234,0.6742028390799838,-0.0029056964840847854,0.6522141785303188,4,11,0,0.6492661151167407,single,1,passed,random_128_A_iid
0.64424384060854,0.6572101647430184,-0.004748875726041102,0.6489927163345811,4,11,0,0.6442520579142839,up_to_four,1,passed,random_128_B_iid
0.64424384060854,0.6572101647430184,-0.004748875726041102,0.6489927163345811,4,11,0,0.6442520579142839,single,1,passed,random_128_B_iid
0.648667070596032,0.6439005964146717,-0.005519679076062434,0.6541867496720944,4,11,0,0.648645450061734,up_to_four,1,passed,random_128_C_iid
0.648522419854844,0.6265719486406416,-0.005664329817250402,0.6541867496720944,4,11,0,0.6485054620290673,single,1,passed,random_128_C_iid
0.6481968541077068,0.6375338338191112,-0.004975217638735208,0.653172071746442,4,11,0,0.6481563212282131,up_to_four,1,passed,random_128_D_iid
0.6474470386776588,0.64674318549152,-0.005725033068783136,0.653172071746442,4,11,0,0.6473676475341243,single,1,passed,random_128_D_iid
0.12486460194025378,,-0.003908222924528942,0.12877282486478273,4,11,0,0.03737675051338843,up_to_four,1,passed,random_128_state_iid
0.12486460194025378,,-0.003908222924528942,0.12877282486478273,4,11,0,0.03737705762912602,single,1,passed,random_128_state_iid
0.9988249453626816,0.998978527750057,-0.0004773559381092696,0.9993023013007909,4,11,0,0.998799065180327,up_to_four,1,passed,transcoder_current_iid
0.9988249453626816,0.998978527750057,-0.0004773559381092696,0.9993023013007909,4,11,0,0.998799065180327,single,1,passed,transcoder_current_iid
0.9992412746585736,0.9999988666074712,4.7440572991441776e-05,0.9991938340855822,4,11,0,0.9991939100462542,up_to_four,1,passed,transcoder_current_transfer
0.9994309559939302,0.9994309559939302,0.00023712190834801472,0.9991938340855822,4,11,0,0.9993954183664833,single,1,passed,transcoder_current_transfer
0.6495019086611613,0.663166222857769,-0.1849501267802729,0.8344520354414342,4,11,0,0.620157541684583,up_to_four,1,passed,transcoder_previous_iid
0.6011562183070969,0.6043446275682979,-0.23329581713433734,0.8344520354414342,4,11,0,0.5497176680650407,single,1,passed,transcoder_previous_iid
0.6596912256976308,0.6831655589034072,-0.1519841284584319,0.8116753541560627,4,11,0,0.6346298001805883,up_to_four,1,passed,transcoder_previous_transfer
0.6114808608973811,0.6167319931193598,-0.20019449325868166,0.8116753541560627,4,11,0,0.5714012651890957,single,1,passed,transcoder_previous_transfer
0.6589783302058325,,-0.328278047391682,0.9872563775975145,4,11,0,0.6743728190747672,up_to_four,1,passed,transcoder_query_iid
0.41286910459629894,,-0.5743872730012156,0.9872563775975145,4,11,0,0.31212719372612785,single,1,passed,transcoder_query_iid
0.6496248971589569,0.6629749100939519,-0.00258928137136194,0.6522141785303188,4,11,0,0.649595060101053,up_to_four,1,passed,transcoder_A_iid
0.6496248971589569,0.6629749100939519,-0.00258928137136194,0.6522141785303188,4,11,0,0.649595060101053,single,1,passed,transcoder_A_iid
0.6440588431277399,0.640782972819059,-0.004933873206841244,0.6489927163345811,4,11,0,0.6440630741446736,up_to_four,1,passed,transcoder_B_iid
0.6438763672482574,0.648996023434722,-0.005116349086323746,0.6489927163345811,4,11,0,0.6438756380907535,single,1,passed,transcoder_B_iid
0.6485217898298383,0.6415007911664014,-0.005664959842256123,0.6541867496720944,4,11,0,0.6485043052971171,up_to_four,1,passed,transcoder_C_iid
0.6480336554557851,0.6538843326691637,-0.006153094216309385,0.6541867496720944,4,11,0,0.6479709923695474,single,1,passed,transcoder_C_iid
0.6475840241889176,0.6476158973528311,-0.0055880475575244,0.653172071746442,4,11,0,0.6474890536193071,up_to_four,1,passed,transcoder_D_iid
0.6475840241889176,0.6476158973528311,-0.0055880475575244,0.653172071746442,4,11,0,0.6474890536193071,single,1,passed,transcoder_D_iid
0.12489647343438944,,-0.0038763514303932906,0.12877282486478273,4,11,0,0.037386770071188666,up_to_four,1,passed,transcoder_state_iid
0.12440118357291052,,-0.0043716412918722025,0.12877282486478273,4,11,0,0.038071542527043464,single,1,passed,transcoder_state_iid
0.9988249453626816,0.998978527750057,-0.0004773559381092696,0.9993023013007909,4,11,0,0.998799065180327,up_to_four,1,passed,transcoder_128_current_iid
0.9988249453626816,0.998978527750057,-0.0004773559381092696,0.9993023013007909,4,11,0,0.998799065180327,single,1,passed,transcoder_128_current_iid
0.9994309559939302,0.9994309559939302,0.00023712190834801472,0.9991938340855822,4,11,0,0.9993954183664833,up_to_four,1,passed,transcoder_128_current_transfer
0.9994309559939302,0.9994309559939302,0.00023712190834801472,0.9991938340855822,4,11,0,0.9993954183664833,single,1,passed,transcoder_128_current_transfer
0.6311828202828575,0.6836602808299382,-0.20326921515857665,0.8344520354414342,4,11,0,0.5951627318053733,up_to_four,1,passed,transcoder_128_previous_iid
0.6011562183070969,0.6043446275682979,-0.23329581713433734,0.8344520354414342,4,11,0,0.5497176680650407,single,1,passed,transcoder_128_previous_iid
0.639213147521372,0.6900481496204873,-0.1724622066346907,0.8116753541560627,4,11,0,0.6107122842561263,up_to_four,1,passed,transcoder_128_previous_transfer
0.6114808608973811,0.6167319931193598,-0.20019449325868166,0.8116753541560627,4,11,0,0.5714012651890957,single,1,passed,transcoder_128_previous_transfer
0.5461540139528738,,-0.4411023636446407,0.9872563775975145,4,11,0,0.5338155365938562,up_to_four,1,passed,transcoder_128_query_iid
0.41286910459629894,,-0.5743872730012156,0.9872563775975145,4,11,0,0.31212719372612785,single,1,passed,transcoder_128_query_iid
0.6496248971589569,0.6629749100939519,-0.00258928137136194,0.6522141785303188,4,11,0,0.649595060101053,up_to_four,1,passed,transcoder_128_A_iid
0.6496248971589569,0.6629749100939519,-0.00258928137136194,0.6522141785303188,4,11,0,0.649595060101053,single,1,passed,transcoder_128_A_iid
0.6440588431277399,0.640782972819059,-0.004933873206841244,0.6489927163345811,4,11,0,0.6440630741446736,up_to_four,1,passed,transcoder_128_B_iid
0.6438763672482574,0.648996023434722,-0.005116349086323746,0.6489927163345811,4,11,0,0.6438756380907535,single,1,passed,transcoder_128_B_iid
0.6485217898298383,0.6415007911664014,-0.005664959842256123,0.6541867496720944,4,11,0,0.6485043052971171,up_to_four,1,passed,transcoder_128_C_iid
0.6480336554557851,0.6538843326691637,-0.006153094216309385,0.6541867496720944,4,11,0,0.6479709923695474,single,1,passed,transcoder_128_C_iid
0.6475840241889176,0.6476158973528311,-0.0055880475575244,0.653172071746442,4,11,0,0.6474890536193071,up_to_four,1,passed,transcoder_128_D_iid
0.6475840241889176,0.6476158973528311,-0.0055880475575244,0.653172071746442,4,11,0,0.6474890536193071,single,1,passed,transcoder_128_D_iid
0.12440118357291052,,-0.0043716412918722025,0.12877282486478273,4,11,0,0.038071542527043464,up_to_four,1,passed,transcoder_128_state_iid
0.12440118357291052,,-0.0043716412918722025,0.12877282486478273,4,11,0,0.038071542527043464,single,1,passed,transcoder_128_state_iid
0.9992936541284803,0.9999924737574334,-8.647172310638496e-06,0.9993023013007909,16,11,0,0.9992994108044866,up_to_four,1,passed,coordinate_current_iid
0.998738873971627,0.9999804037460831,-0.0005634273291639236,0.9993023013007909,16,11,0,0.998748936943572,single,1,passed,coordinate_current_iid
0.9996206373292869,0.9999990285206896,0.0004268032437046987,0.9991938340855822,16,11,0,0.9995969360991122,up_to_four,1,passed,coordinate_current_transfer
0.9994309559939302,0.9999978951281608,0.00023712190834801472,0.9991938340855822,16,11,0,0.9993954183664833,single,1,passed,coordinate_current_transfer
0.6378911011783828,0.6814404049578656,-0.19656093426305143,0.8344520354414342,16,11,0,0.6377879780426831,up_to_four,1,passed,coordinate_previous_iid
0.6034677138408908,0.6346157603369599,-0.23098432160054339,0.8344520354414342,16,11,0,0.602441547188969,single,1,passed,coordinate_previous_iid
0.663954287582525,0.702443518934764,-0.14772106657353778,0.8116753541560627,16,11,0,0.661928400158604,up_to_four,1,passed,coordinate_previous_transfer
0.6420456529734991,0.6800837602773061,-0.1696297011825636,0.8116753541560627,16,11,0,0.6414296237711365,single,1,passed,coordinate_previous_transfer
0.5667982940867233,,-0.42045808351079117,0.9872563775975145,16,11,0,0.5556560693164916,up_to_four,1,passed,coordinate_query_iid
0.3850795512355142,,-0.6021768263620003,0.9872563775975145,16,11,0,0.3097202405556048,single,1,passed,coordinate_query_iid
0.6496635675033405,0.6811420436827538,-0.002550611026978289,0.6522141785303188,16,11,0,0.6496545734232124,up_to_four,1,passed,coordinate_A_iid
0.6496635675033405,0.6811420436827538,-0.002550611026978289,0.6522141785303188,16,11,0,0.6496545734232124,single,1,passed,coordinate_A_iid
0.6481412956483885,0.6797972284319435,-0.0008514206861925944,0.6489927163345811,16,11,0,0.6452867247879722,up_to_four,1,passed,coordinate_B_iid
0.6459669948804289,0.6693608008829928,-0.0030257214541522526,0.6489927163345811,16,11,0,0.645956225892466,single,1,passed,coordinate_B_iid
0.649409310055516,0.6643357774870084,-0.004777439616578394,0.6541867496720944,16,11,0,0.6494109785654418,up_to_four,1,passed,coordinate_C_iid
0.6485613964018232,0.6613872854613599,-0.005625353270271249,0.6541867496720944,16,11,0,0.6485342192638455,single,1,passed,coordinate_C_iid
0.6480967185000616,0.6585117829970059,-0.005075353246380421,0.653172071746442,16,11,0,0.6480562092126285,up_to_four,1,passed,coordinate_D_iid
0.6480967185000616,0.6585117829970059,-0.005075353246380421,0.653172071746442,16,11,0,0.6480562092126285,single,1,passed,coordinate_D_iid
0.12497445726656425,,-0.0037983675982184717,0.12877282486478273,16,11,0,0.03960334244842183,up_to_four,1,passed,coordinate_state_iid
0.12367535506448016,,-0.005097469800302568,0.12877282486478273,16,11,0,0.03983158778938416,single,1,passed,coordinate_state_iid
0.9989192635939954,0.9999932744215362,-0.000383037706795486,0.9993023013007909,16,11,0,0.9988991307426257,up_to_four,1,passed,coordinate_128_current_iid
0.9989991698714582,0.9999930542389079,-0.00030313142933269255,0.9993023013007909,16,11,0,0.9989991698714582,single,1,passed,coordinate_128_current_iid
0.9992412746585736,0.9999988666074712,4.7440572991441776e-05,0.9991938340855822,16,11,0,0.9991939100462542,up_to_four,1,passed,coordinate_128_current_transfer
0.9990515933232169,0.9999974093885056,-0.0001422407623652422,0.9991938340855822,16,11,0,0.9989924110888286,single,1,passed,coordinate_128_current_transfer
0.6130077172056864,0.62287145222793,-0.22144431823574784,0.8344520354414342,16,11,0,0.5850429248494696,up_to_four,1,passed,coordinate_128_previous_iid
0.6034677138408908,0.6346157603369599,-0.23098432160054339,0.8344520354414342,16,11,0,0.602441547188969,single,1,passed,coordinate_128_previous_iid
0.6322333101749511,0.6559605589219835,-0.17944204398111163,0.8116753541560627,16,11,0,0.6280240100389731,up_to_four,1,passed,coordinate_128_previous_transfer
0.6420456529734991,0.6800837602773061,-0.1696297011825636,0.8116753541560627,16,11,0,0.6414296237711365,single,1,passed,coordinate_128_previous_transfer
0.5874219386507867,,-0.39983443894672777,0.9872563775975145,16,11,0,0.581149722769163,up_to_four,1,passed,coordinate_128_query_iid
0.3850795512355142,,-0.6021768263620003,0.9872563775975145,16,11,0,0.3097202405556048,single,1,passed,coordinate_128_query_iid
0.6496635675033405,0.6811420436827538,-0.002550611026978289,0.6522141785303188,16,11,0,0.6496545734232124,up_to_four,1,passed,coordinate_128_A_iid
0.6496635675033405,0.6811420436827538,-0.002550611026978289,0.6522141785303188,16,11,0,0.6496545734232124,single,1,passed,coordinate_128_A_iid
0.6481412956483885,0.6797972284319435,-0.0008514206861925944,0.6489927163345811,16,11,0,0.6452867247879722,up_to_four,1,passed,coordinate_128_B_iid
0.6459669948804289,0.6693608008829928,-0.0030257214541522526,0.6489927163345811,16,11,0,0.645956225892466,single,1,passed,coordinate_128_B_iid
0.6520114733353767,0.6627373040435975,-0.0021752763367177685,0.6541867496720944,16,11,0,0.6519388890191846,up_to_four,1,passed,coordinate_128_C_iid
0.6482959508662899,0.6619347971921006,-0.005890798805804565,0.6541867496720944,16,11,0,0.648250731680496,single,1,passed,coordinate_128_C_iid
0.6482115940691522,0.6621676939778927,-0.0049604776772897985,0.653172071746442,16,11,0,0.648165690504152,up_to_four,1,passed,coordinate_128_D_iid
0.6473555547865141,0.6623045342925203,-0.005816516959927909,0.653172071746442,16,11,0,0.6473454953478592,single,1,passed,coordinate_128_D_iid
0.12497445726656425,,-0.0037983675982184717,0.12877282486478273,16,11,0,0.03960334244842183,up_to_four,1,passed,coordinate_128_state_iid
0.12367535506448016,,-0.005097469800302568,0.12877282486478273,16,11,0,0.03983158778938416,single,1,passed,coordinate_128_state_iid
0.9992392890358979,0.9999954161980112,-6.301226489302536e-05,0.9993023013007909,16,11,0,0.9992493621661432,up_to_four,1,passed,random_current_iid
0.9991449708045842,0.9999949558161522,-0.00015733049620669792,0.9993023013007909,16,11,0,0.9991492870153207,single,1,passed,random_current_iid
0.998956712177234,0.9999993523471264,-0.00023712190834812574,0.9991938340855822,16,11,0,0.9989922205253853,up_to_four,1,passed,random_current_transfer
0.9993835154209387,0.9999993523471264,0.00018968133535657294,0.9991938340855822,16,11,0,0.9993953611975063,single,1,passed,random_current_transfer
0.6871356214635151,0.7529309342826814,-0.14731641397791906,0.8344520354414342,16,11,0,0.6869337938718498,up_to_four,1,passed,random_previous_iid
0.6003984522864731,0.6238449219590315,-0.23405358315496105,0.8344520354414342,16,11,0,0.5950375405003914,single,1,passed,random_previous_iid
0.7013094393318497,0.7630845479099869,-0.11036591482421299,0.8116753541560627,16,11,0,0.7014448426067011,up_to_four,1,passed,random_previous_transfer
0.6115332459011521,0.6384767852697828,-0.20014210825491063,0.8116753541560627,16,11,0,0.6114879219158545,single,1,passed,random_previous_transfer
0.5470331825658241,,-0.4402231950316904,0.9872563775975145,16,11,0,0.544515331538201,up_to_four,1,passed,random_query_iid
0.3651045468985511,,-0.6221518306989634,0.9872563775975145,16,11,0,0.3587457323124065,single,1,passed,random_query_iid
0.6490439310428177,0.6760916096153956,-0.0031702474875011655,0.6522141785303188,16,11,0,0.6489190915186687,up_to_four,1,passed,random_A_iid
0.6473861865345496,0.671716845467708,-0.004827991995769221,0.6522141785303188,16,11,0,0.6474419647453244,single,1,passed,random_A_iid
0.6441101357005753,0.6747060053016067,-0.0048825806340058175,0.6489927163345811,16,11,0,0.6441140253559376,up_to_four,1,passed,random_B_iid
0.6436543462560465,0.6665843877495965,-0.00533837007853466,0.6489927163345811,16,11,0,0.6436275157176072,single,1,passed,random_B_iid
0.6488110913122141,0.6539503252884107,-0.005375658359880298,0.6541867496720944,16,11,0,0.6487836631005655,up_to_four,1,passed,random_C_iid
0.6488110913122141,0.6539503252884107,-0.005375658359880298,0.6541867496720944,16,11,0,0.6487836631005655,single,1,passed,random_C_iid
0.6477705167445962,0.6580066889784822,-0.005401555001845804,0.653172071746442,16,11,0,0.647739185512276,up_to_four,1,passed,random_D_iid
0.648000588316722,0.6543717463938364,-0.0051714834297199586,0.653172071746442,16,11,0,0.6479761315802746,single,1,passed,random_D_iid
0.12496750767383841,,-0.0038053171909443184,0.12877282486478273,16,11,0,0.04243407372049272,up_to_four,1,passed,random_state_iid
0.1247471967246774,,-0.0040256281401053196,0.12877282486478273,16,11,0,0.039333170342030044,single,1,passed,random_state_iid
0.9991993358971665,0.9999955262893254,-0.00010296540362442208,0.9993023013007909,16,11,0,0.9991993358971665,up_to_four,1,passed,random_128_current_iid
0.9991449708045842,0.9999949558161522,-0.00015733049620669792,0.9993023013007909,16,11,0,0.9991492870153207,single,1,passed,random_128_current_iid
0.9991938340855822,0.999999190433908,0.0,0.9991938340855822,16,11,0,0.9991938340855822,up_to_four,1,passed,random_128_current_transfer
0.9993835154209387,0.9999993523471264,0.00018968133535657294,0.9991938340855822,16,11,0,0.9993953611975063,single,1,passed,random_128_current_transfer
0.6297296247144571,0.6765216028758493,-0.20472241072697706,0.8344520354414342,16,11,0,0.629747441780673,up_to_four,1,passed,random_128_previous_iid
0.6166789642203541,0.6129478113760801,-0.21777307122108014,0.8344520354414342,16,11,0,0.5727694928579069,single,1,passed,random_128_previous_iid
0.6170994311954555,0.6511210762331838,-0.19457592296060722,0.8116753541560627,16,11,0,0.6084638466077494,up_to_four,1,passed,random_128_previous_transfer
0.5206751721088865,0.5682574741511586,-0.29100018204717626,0.8116753541560627,16,11,0,0.4678458651756151,single,1,passed,random_128_previous_transfer
0.49039422335720473,,-0.4968621542403098,0.9872563775975145,16,11,0,0.48810609250549586,up_to_four,1,passed,random_128_query_iid
0.3651045468985511,,-0.6221518306989634,0.9872563775975145,16,11,0,0.3587457323124065,single,1,passed,random_128_query_iid
0.6494795905620374,0.668876782458371,-0.00273458796828141,0.6522141785303188,16,11,0,0.6494480266427307,up_to_four,1,passed,random_128_A_iid
0.649308482046234,0.6742028390799838,-0.0029056964840847854,0.6522141785303188,16,11,0,0.6492661151167407,single,1,passed,random_128_A_iid
0.64424384060854,0.6572101647430184,-0.004748875726041102,0.6489927163345811,16,11,0,0.6442520579142839,up_to_four,1,passed,random_128_B_iid
0.64424384060854,0.6572101647430184,-0.004748875726041102,0.6489927163345811,16,11,0,0.6442520579142839,single,1,passed,random_128_B_iid
0.648667070596032,0.6439005964146717,-0.005519679076062434,0.6541867496720944,16,11,0,0.648645450061734,up_to_four,1,passed,random_128_C_iid
0.648522419854844,0.6265719486406416,-0.005664329817250402,0.6541867496720944,16,11,0,0.6485054620290673,single,1,passed,random_128_C_iid
0.6481968541077068,0.6375338338191112,-0.004975217638735208,0.653172071746442,16,11,0,0.6481563212282131,up_to_four,1,passed,random_128_D_iid
0.6474470386776588,0.64674318549152,-0.005725033068783136,0.653172071746442,16,11,0,0.6473676475341243,single,1,passed,random_128_D_iid
0.12486460194025378,,-0.003908222924528942,0.12877282486478273,16,11,0,0.03737675051338843,up_to_four,1,passed,random_128_state_iid
0.12486460194025378,,-0.003908222924528942,0.12877282486478273,16,11,0,0.03737705762912602,single,1,passed,random_128_state_iid
0.9986762620387855,0.99998871063615,-0.00062603926200544,0.9993023013007909,16,11,0,0.9986489520968478,up_to_four,1,passed,transcoder_current_iid
0.9985362258871999,0.9986383806184201,-0.000766075413590972,0.9993023013007909,16,11,0,0.9984988647664796,single,1,passed,transcoder_current_iid
0.9992412746585736,0.9999961140827583,4.7440572991441776e-05,0.9991938340855822,16,11,0,0.9991939100462542,up_to_four,1,passed,transcoder_current_transfer
0.9988619119878603,0.9988619119878603,-0.00033192209772181513,0.9991938340855822,16,11,0,0.9987909214446193,single,1,passed,transcoder_current_transfer
0.6806389508674048,0.7677590127500805,-0.15381308457402942,0.8344520354414342,16,11,0,0.6758989181999959,up_to_four,1,passed,transcoder_previous_iid
0.5791207456959429,0.5806054414769812,-0.25533128974549135,0.8344520354414342,16,11,0,0.5027110412645237,single,1,passed,transcoder_previous_iid
0.677565843491442,0.7852367170578204,-0.13410951066462073,0.8116753541560627,16,11,0,0.6774787783254768,up_to_four,1,passed,transcoder_previous_transfer
0.596316888405081,0.5981996834608283,-0.21535846575098172,0.8116753541560627,16,11,0,0.53620575896025,single,1,passed,transcoder_previous_transfer
0.9495257230365654,,-0.03773065456094915,0.9872563775975145,16,11,0,0.9494209374339819,up_to_four,1,passed,transcoder_query_iid
0.5725546491690744,,-0.4147017284284401,0.9872563775975145,16,11,0,0.4920219275662969,single,1,passed,transcoder_query_iid
0.6494828239353836,0.6667337266296555,-0.0027313545949352314,0.6522141785303188,16,11,0,0.6494500826363256,up_to_four,1,passed,transcoder_A_iid
0.6494828239353836,0.6667337266296555,-0.0027313545949352314,0.6522141785303188,16,11,0,0.6494500826363256,single,1,passed,transcoder_A_iid
0.6433962223370329,0.6475665106369148,-0.005596493997548246,0.6489927163345811,16,11,0,0.643389425021581,up_to_four,1,passed,transcoder_B_iid
0.6439276598210928,0.6524189571345387,-0.00506505651348832,0.6489927163345811,16,11,0,0.6439265630281166,single,1,passed,transcoder_B_iid
0.6484714728327567,0.6405526135332311,-0.005715276839337702,0.6541867496720944,16,11,0,0.6484537105924655,up_to_four,1,passed,transcoder_C_iid
0.6484424916824949,0.6494595920512085,-0.005744257989599544,0.6541867496720944,16,11,0,0.6483927181516653,single,1,passed,transcoder_C_iid
0.6475953995939461,0.6461842635771067,-0.0055766721524959095,0.653172071746442,16,11,0,0.6475167050143851,up_to_four,1,passed,transcoder_D_iid
0.6475953995939461,0.6461842635771067,-0.0055766721524959095,0.653172071746442,16,11,0,0.6475167050143851,single,1,passed,transcoder_D_iid
0.12486460194025378,,-0.003908222924528942,0.12877282486478273,16,11,0,0.037383096982595246,up_to_four,1,passed,transcoder_state_iid
0.1242988271290158,,-0.004473997735766927,0.12877282486478273,16,11,0,0.03720167863054292,single,1,passed,transcoder_state_iid
0.9980757639616604,0.9999645405885458,-0.0012265373391304735,0.9993023013007909,16,11,0,0.9980484863621134,up_to_four,1,passed,transcoder_128_current_iid
0.991511118982529,0.9918050227580765,-0.007791182318261924,0.9993023013007909,16,11,0,0.9917387819060728,single,1,passed,transcoder_128_current_iid
0.9986247900795123,0.9999920662522983,-0.0005690440060698299,0.9991938340855822,16,11,0,0.9985893095217944,up_to_four,1,passed,transcoder_128_current_transfer
0.9940247545881349,0.9942381562099872,-0.005169079497447271,0.9991938340855822,16,11,0,0.9943529087712761,single,1,passed,transcoder_128_current_transfer
0.6061284425789113,0.6552064493683156,-0.2283235928625229,0.8344520354414342,16,11,0,0.5972330263728807,up_to_four,1,passed,transcoder_128_previous_iid
0.5608731794280055,0.5661615316585797,-0.2735788560134287,0.8344520354414342,16,11,0,0.5207639693708255,single,1,passed,transcoder_128_previous_iid
0.6218326577773154,0.6627702378873611,-0.1898426963787473,0.8116753541560627,16,11,0,0.6199475826919292,up_to_four,1,passed,transcoder_128_previous_transfer
0.5763024732409227,0.5817430831361156,-0.23537288091514008,0.8116753541560627,16,11,0,0.5545139744713864,single,1,passed,transcoder_128_previous_transfer
0.5292876916361134,,-0.45796868596140106,0.9872563775975145,16,11,0,0.5263445689434506,up_to_four,1,passed,transcoder_128_query_iid
0.5067060277751515,,-0.480550349822363,0.9872563775975145,16,11,0,0.4103362113439799,single,1,passed,transcoder_128_query_iid
0.6496764359288402,0.6485548608007248,-0.002537742601478654,0.6522141785303188,16,11,0,0.6496788338486598,up_to_four,1,passed,transcoder_128_A_iid
0.6457946711224354,0.6441783147940415,-0.00641950740788344,0.6522141785303188,16,11,0,0.6458446277113918,single,1,passed,transcoder_128_A_iid
0.6457559808780968,0.6573635221310942,-0.0032367354564842854,0.6489927163345811,16,11,0,0.64570116557774,up_to_four,1,passed,transcoder_128_B_iid
0.6422443508525655,0.6353620703291418,-0.006748365482015628,0.6489927163345811,16,11,0,0.6422799334750822,single,1,passed,transcoder_128_B_iid
0.6469612478919289,0.6513340614488989,-0.007225501780165566,0.6541867496720944,16,11,0,0.6468594371171585,up_to_four,1,passed,transcoder_128_C_iid
0.6469612478919289,0.6513340614488989,-0.007225501780165566,0.6541867496720944,16,11,0,0.6468594371171585,single,1,passed,transcoder_128_C_iid
0.6475582292563882,0.6684459161975513,-0.005613842490053811,0.653172071746442,16,11,0,0.647474209765697,up_to_four,1,passed,transcoder_128_D_iid
0.6459184085455888,0.6526029410068291,-0.007253663200853189,0.653172071746442,16,11,0,0.6459754690957161,single,1,passed,transcoder_128_D_iid
0.1244502725164904,,-0.004322552348292319,0.12877282486478273,16,11,0,0.03724659807276848,up_to_four,1,passed,transcoder_128_state_iid
0.12033889705022632,,-0.008433927814556402,0.12877282486478273,16,11,0,0.03914874671324403,single,1,passed,transcoder_128_state_iid
