balanced_accuracy,binary_auroc,k,layer,lm_seed,macro_f1,size,sparse_seed,status,task
0.5154119032490309,0.5193349471785879,4,0,0,0.4889213347188756,up_to_four,1,passed,coordinate_current_iid
0.5154119032490309,0.5193349471785879,4,0,0,0.4889213347188756,single,1,passed,coordinate_current_iid
0.5,0.6045030008995899,4,0,0,0.34615889691398555,up_to_four,1,passed,coordinate_current_transfer
0.5129868973347141,0.5192956839764851,4,0,0,0.4807153144229648,single,1,passed,coordinate_current_transfer
0.5169995031326431,0.5413326668405645,4,0,0,0.4973799368240449,up_to_four,1,passed,coordinate_previous_iid
0.5033930278528621,0.5166608412057884,4,0,0,0.49742507006082765,single,1,passed,coordinate_previous_iid
0.5,0.5252883961643775,4,0,0,0.32441082339249344,up_to_four,1,passed,coordinate_previous_transfer
0.5058849536151225,0.5107474708445875,4,0,0,0.5057519876466483,single,1,passed,coordinate_previous_transfer
1.0,,4,0,0,1.0,up_to_four,1,passed,coordinate_query_iid
0.841321243523316,,4,0,0,0.8234221154884764,single,1,passed,coordinate_query_iid
0.5406946463175566,0.5539863984696594,4,0,0,0.5406835282690019,up_to_four,1,passed,coordinate_A_iid
0.5113987522041872,0.5255673841962581,4,0,0,0.44801881098689156,single,1,passed,coordinate_A_iid
0.5230327667281831,0.5447174573741309,4,0,0,0.5025568805781351,up_to_four,1,passed,coordinate_B_iid
0.5142457666316418,0.5265640542370027,4,0,0,0.5060863437278497,single,1,passed,coordinate_B_iid
0.5316430009107062,0.5498005715846862,4,0,0,0.51587047462724,up_to_four,1,passed,coordinate_C_iid
0.5110264526399053,0.5203301419033322,4,0,0,0.43891803106595695,single,1,passed,coordinate_C_iid
0.531946783612239,0.535573214670235,4,0,0,0.5282918187445305,up_to_four,1,passed,coordinate_D_iid
0.5127694529039006,0.5226044318257557,4,0,0,0.5070791794974436,single,1,passed,coordinate_D_iid
0.07004370472462541,,4,0,0,0.02100449172891617,up_to_four,1,passed,coordinate_state_iid
0.07007969455950552,,4,0,0,0.021028881423100127,single,1,passed,coordinate_state_iid
0.516240750728284,0.5229627662368275,4,0,0,0.508141076573049,up_to_four,1,passed,coordinate_128_current_iid
0.5103154360352651,0.5212187897129394,4,0,0,0.46789542278489715,single,1,passed,coordinate_128_current_iid
0.5063588178262568,0.5301856432196896,4,0,0,0.4601284697220921,up_to_four,1,passed,coordinate_128_current_transfer
0.5,0.5298980853438098,4,0,0,0.34615889691398555,single,1,passed,coordinate_128_current_transfer
0.5301442832137007,0.5540843639895758,4,0,0,0.5261572887711572,up_to_four,1,passed,coordinate_128_previous_iid
0.5006437394077937,0.516733073456579,4,0,0,0.46900982674396774,single,1,passed,coordinate_128_previous_iid
0.5,0.5326412444596357,4,0,0,0.32441082339249344,up_to_four,1,passed,coordinate_128_previous_transfer
0.5,0.5141079131077683,4,0,0,0.34202323604420515,single,1,passed,coordinate_128_previous_transfer
1.0,,4,0,0,1.0,up_to_four,1,passed,coordinate_128_query_iid
0.841321243523316,,4,0,0,0.8234221154884764,single,1,passed,coordinate_128_query_iid
0.5231063416151437,0.5343148753663209,4,0,0,0.5229669602555457,up_to_four,1,passed,coordinate_128_A_iid
0.5077261105739006,0.5144228722383776,4,0,0,0.49920136073014665,single,1,passed,coordinate_128_A_iid
0.5309675856555948,0.5421475453772163,4,0,0,0.5285724094200703,up_to_four,1,passed,coordinate_128_B_iid
0.5094519823868949,0.5131476242673148,4,0,0,0.48579010491374586,single,1,passed,coordinate_128_B_iid
0.5155940989297866,0.5322157936448497,4,0,0,0.4107572800625008,up_to_four,1,passed,coordinate_128_C_iid
0.5001515810162506,0.5191633255923928,4,0,0,0.33515514476611896,single,1,passed,coordinate_128_C_iid
0.5304252030269472,0.5412158261203652,4,0,0,0.5297912165381451,up_to_four,1,passed,coordinate_128_D_iid
0.5119920801546286,0.5251342177630635,4,0,0,0.5014684907555347,single,1,passed,coordinate_128_D_iid
0.07791616665005806,,4,0,0,0.0235126351566771,up_to_four,1,passed,coordinate_128_state_iid
0.06721594647504116,,4,0,0,0.020013135906004585,single,1,passed,coordinate_128_state_iid
0.5059336415996885,0.5192351644147722,4,0,0,0.4928831705819355,up_to_four,1,passed,random_current_iid
0.5020549044199221,0.5142240980358749,4,0,0,0.44592589363471313,single,1,passed,random_current_iid
0.5,0.566891207917945,4,0,0,0.34615889691398555,up_to_four,1,passed,random_current_transfer
0.5,0.5582690052116627,4,0,0,0.34615889691398555,single,1,passed,random_current_transfer
0.5183813209281616,0.5181585793219349,4,0,0,0.5179197524043165,up_to_four,1,passed,random_previous_iid
0.5069607560235785,0.515471338674744,4,0,0,0.5038117636465093,single,1,passed,random_previous_iid
0.5,0.5465685964905763,4,0,0,0.34202323604420515,up_to_four,1,passed,random_previous_transfer
0.5,0.5477899844331088,4,0,0,0.34202323604420515,single,1,passed,random_previous_transfer
1.0,,4,0,0,1.0,up_to_four,1,passed,random_query_iid
0.9694932908462921,,4,0,0,0.9693795642110086,single,1,passed,random_query_iid
0.5541689889644967,0.5737795484651181,4,0,0,0.5531345744330427,up_to_four,1,passed,random_A_iid
0.5106190037003706,0.5251598039718858,4,0,0,0.5086337531224165,single,1,passed,random_A_iid
0.5645362430958156,0.5874113997352879,4,0,0,0.5644614563779258,up_to_four,1,passed,random_B_iid
0.5115094889858856,0.5176173277077876,4,0,0,0.5043644824421118,single,1,passed,random_B_iid
0.5437281555704946,0.5752580519920836,4,0,0,0.5342045069562762,up_to_four,1,passed,random_C_iid
0.5041364141742786,0.5157293792990644,4,0,0,0.3705709472793284,single,1,passed,random_C_iid
0.511474098683401,0.5402934069434191,4,0,0,0.3858546147408964,up_to_four,1,passed,random_D_iid
0.5149931042615151,0.5228626615307514,4,0,0,0.492326979261163,single,1,passed,random_D_iid
0.08843708684724502,,4,0,0,0.02666922121374363,up_to_four,1,passed,random_state_iid
0.0698467952898192,,4,0,0,0.020728720837010172,single,1,passed,random_state_iid
0.5414054633475189,0.5530092079574482,4,0,0,0.5293241961207125,up_to_four,1,passed,random_128_current_iid
0.5,0.5546931646985276,4,0,0,0.33967247754886426,single,1,passed,random_128_current_iid
0.5,0.5599292633531451,4,0,0,0.34615889691398555,up_to_four,1,passed,random_128_current_transfer
0.5,0.5582690052116627,4,0,0,0.34615889691398555,single,1,passed,random_128_current_transfer
0.5080176181797796,0.519186273759249,4,0,0,0.5065491779243814,up_to_four,1,passed,random_128_previous_iid
0.5021899575982658,0.5102924519924866,4,0,0,0.4794409157412187,single,1,passed,random_128_previous_iid
0.5,0.5632940879250709,4,0,0,0.34202323604420515,up_to_four,1,passed,random_128_previous_transfer
0.5,0.5477899844331088,4,0,0,0.34202323604420515,single,1,passed,random_128_previous_transfer
1.0,,4,0,0,1.0,up_to_four,1,passed,random_128_query_iid
0.9694932908462921,,4,0,0,0.9693795642110086,single,1,passed,random_128_query_iid
0.5302650602346922,0.5490041405297733,4,0,0,0.5200887838849347,up_to_four,1,passed,random_128_A_iid
0.5069029017283442,0.5201262925597647,4,0,0,0.4990791985239492,single,1,passed,random_128_A_iid
0.5713543328555366,0.5994889994942388,4,0,0,0.5705139987965795,up_to_four,1,passed,random_128_B_iid
0.5112078574377873,0.5252660649618934,4,0,0,0.48433399603224514,single,1,passed,random_128_B_iid
0.5545243890730023,0.5733348956620088,4,0,0,0.5298012969109218,up_to_four,1,passed,random_128_C_iid
0.5031709908566271,0.5226846153523833,4,0,0,0.40894333896242163,single,1,passed,random_128_C_iid
0.5597699027931586,0.5752551335120073,4,0,0,0.535352601897708,up_to_four,1,passed,random_128_D_iid
0.5597699027931586,0.5752551335120073,4,0,0,0.535352601897708,single,1,passed,random_128_D_iid
0.07925722417828755,,4,0,0,0.024061433597014875,up_to_four,1,passed,random_128_state_iid
0.0658517207442,,4,0,0,0.019141971221961457,single,1,passed,random_128_state_iid
0.5345171098716119,0.5613447117577203,4,0,0,0.4526897580799102,up_to_four,1,passed,transcoder_current_iid
0.5315179022088081,0.5323142627420888,4,0,0,0.44833803835618097,single,1,passed,transcoder_current_iid
0.520390298289484,0.5574688300863256,4,0,0,0.3781880626624414,up_to_four,1,passed,transcoder_current_transfer
0.5200583761917623,0.5201558479492395,4,0,0,0.3769012492084246,single,1,passed,transcoder_current_transfer
0.5275702435689279,0.5499358448748473,4,0,0,0.4596710195523782,up_to_four,1,passed,transcoder_previous_iid
0.5285646653292932,0.5290589288380405,4,0,0,0.44466493795951123,single,1,passed,transcoder_previous_iid
0.5184935781929775,0.5345537615033381,4,0,0,0.37969629949644135,up_to_four,1,passed,transcoder_previous_transfer
0.5184935781929775,0.5185307306779214,4,0,0,0.37969629949644135,single,1,passed,transcoder_previous_transfer
1.0,,4,0,0,1.0,up_to_four,1,passed,transcoder_query_iid
0.5,,4,0,0,0.37509383914718986,single,1,passed,transcoder_query_iid
0.5442732898805995,0.5779404745176595,4,0,0,0.4619948898942132,up_to_four,1,passed,transcoder_A_iid
0.5390415967074289,0.5392083006279621,4,0,0,0.4568209251590896,single,1,passed,transcoder_A_iid
0.5469843969714527,0.5786919025057673,4,0,0,0.4971374595104081,up_to_four,1,passed,transcoder_B_iid
0.5416680408726757,0.5425341859094199,4,0,0,0.4606714978768991,single,1,passed,transcoder_B_iid
0.5413430309048965,0.5690427353061643,4,0,0,0.48462358434216457,up_to_four,1,passed,transcoder_C_iid
0.5351432798367768,0.5370280646438857,4,0,0,0.44472160986387743,single,1,passed,transcoder_C_iid
0.5524893231409704,0.5852260014602175,4,0,0,0.5054689522085246,up_to_four,1,passed,transcoder_D_iid
0.542520142477749,0.5436147498388217,4,0,0,0.4591686747926516,single,1,passed,transcoder_D_iid
0.08077466080047384,,4,0,0,0.025760451089303887,up_to_four,1,passed,transcoder_state_iid
0.07919408981180116,,4,0,0,0.025771005018239555,single,1,passed,transcoder_state_iid
0.5003827174411544,0.5001250587287119,4,0,0,0.37812394948188754,up_to_four,1,passed,transcoder_128_current_iid
0.5013037213586437,0.5018407167641128,4,0,0,0.3710307758166264,single,1,passed,transcoder_128_current_iid
0.5002134016218523,0.5003555614276083,4,0,0,0.3466309815491671,up_to_four,1,passed,transcoder_128_current_transfer
0.5,0.5,4,0,0,0.34615889691398555,single,1,passed,transcoder_128_current_transfer
0.4996546177198627,0.49926076113889895,4,0,0,0.3391101970174066,up_to_four,1,passed,transcoder_128_previous_iid
0.5,0.49960517347113986,4,0,0,0.33839155620313444,single,1,passed,transcoder_128_previous_iid
0.5,0.5,4,0,0,0.34202323604420515,up_to_four,1,passed,transcoder_128_previous_transfer
0.5,0.5,4,0,0,0.34202323604420515,single,1,passed,transcoder_128_previous_transfer
0.9618280870402698,,4,0,0,0.9616439715259579,up_to_four,1,passed,transcoder_128_query_iid
0.5,,4,0,0,0.37509383914718986,single,1,passed,transcoder_128_query_iid
0.49853482139381194,0.49529817463261244,4,0,0,0.4441710160963947,up_to_four,1,passed,transcoder_128_A_iid
0.49846394745173694,0.49545163473600373,4,0,0,0.4456499208820878,single,1,passed,transcoder_128_A_iid
0.5009531652980909,0.5018389578117688,4,0,0,0.3707435461578329,up_to_four,1,passed,transcoder_128_B_iid
0.5008993511239377,0.5018389578117688,4,0,0,0.37056322411397924,single,1,passed,transcoder_128_B_iid
0.5000547271721215,0.505629008415344,4,0,0,0.33546839526211436,up_to_four,1,passed,transcoder_128_C_iid
0.5000547271721215,0.5000547171717246,4,0,0,0.33546839526211436,single,1,passed,transcoder_128_C_iid
0.5,0.5056726771663257,4,0,0,0.34141201264488935,up_to_four,1,passed,transcoder_128_D_iid
0.5,0.500106524259413,4,0,0,0.34141201264488935,single,1,passed,transcoder_128_D_iid
0.06242575082073169,,4,0,0,0.01127425607924329,up_to_four,1,passed,transcoder_128_state_iid
0.06243625701172871,,4,0,0,0.011158069807709833,single,1,passed,transcoder_128_state_iid
0.6039869709531873,0.6438269458219426,4,0,0,0.6037634939828953,full,1,passed,fullu_current_iid
0.6035610707515429,0.6525410336669393,4,0,0,0.5827672184358705,full,1,passed,fullu_current_transfer
0.6040034253017144,0.6427869189593521,4,0,0,0.6040005466346099,full,1,passed,fullu_previous_iid
0.6088330032954254,0.649574418284967,4,0,0,0.6077823296371037,full,1,passed,fullu_previous_transfer
1.0,,4,0,0,1.0,full,1,passed,fullu_query_iid
0.6264166392155271,0.673474158855192,4,0,0,0.626426994880911,full,1,passed,fullu_A_iid
0.617829026144763,0.6609964691977994,4,0,0,0.6176810250007825,full,1,passed,fullu_B_iid
0.6201301479655728,0.6700171729815957,4,0,0,0.6186519152242755,full,1,passed,fullu_C_iid
0.6303139163180345,0.6807000011695838,4,0,0,0.6303753654470565,full,1,passed,fullu_D_iid
0.12172249223498009,,4,0,0,0.07218715959637158,full,1,passed,fullu_state_iid
0.5980511675604213,0.6373884254556099,4,0,0,0.597857249965594,full,1,passed,fullm_current_iid
0.5,0.5977387523744574,4,0,0,0.3199945370117454,full,1,passed,fullm_current_transfer
0.5991732464352394,0.6328969376089099,4,0,0,0.5991786940973307,full,1,passed,fullm_previous_iid
0.5,0.5869332852827861,4,0,0,0.32441082339249344,full,1,passed,fullm_previous_transfer
1.0,,4,0,0,1.0,full,1,passed,fullm_query_iid
0.6191220788736681,0.6670950836298002,4,0,0,0.6191037567447155,full,1,passed,fullm_A_iid
0.6132494779484764,0.6531968361188089,4,0,0,0.6132619351978215,full,1,passed,fullm_B_iid
0.615761389569552,0.6627118730342407,4,0,0,0.614115354674792,full,1,passed,fullm_C_iid
0.6231299475001025,0.6732569114397482,4,0,0,0.623183305974772,full,1,passed,fullm_D_iid
0.10937780386294677,,4,0,0,0.035110178068873885,full,1,passed,fullm_state_iid
0.5154119032490309,0.5193349471785879,16,0,0,0.4889213347188756,up_to_four,1,passed,coordinate_current_iid
0.5154119032490309,0.5193349471785879,16,0,0,0.4889213347188756,single,1,passed,coordinate_current_iid
0.5,0.6045030008995899,16,0,0,0.34615889691398555,up_to_four,1,passed,coordinate_current_transfer
0.5129868973347141,0.5192956839764851,16,0,0,0.4807153144229648,single,1,passed,coordinate_current_transfer
0.5169995031326431,0.5413326668405645,16,0,0,0.4973799368240449,up_to_four,1,passed,coordinate_previous_iid
0.5033930278528621,0.5166608412057884,16,0,0,0.49742507006082765,single,1,passed,coordinate_previous_iid
0.5,0.5252883961643775,16,0,0,0.32441082339249344,up_to_four,1,passed,coordinate_previous_transfer
0.5058849536151225,0.5107474708445875,16,0,0,0.5057519876466483,single,1,passed,coordinate_previous_transfer
1.0,,16,0,0,1.0,up_to_four,1,passed,coordinate_query_iid
0.841321243523316,,16,0,0,0.8234221154884764,single,1,passed,coordinate_query_iid
0.5406946463175566,0.5539863984696594,16,0,0,0.5406835282690019,up_to_four,1,passed,coordinate_A_iid
0.5113987522041872,0.5255673841962581,16,0,0,0.44801881098689156,single,1,passed,coordinate_A_iid
0.5230327667281831,0.5447174573741309,16,0,0,0.5025568805781351,up_to_four,1,passed,coordinate_B_iid
0.5142457666316418,0.5265640542370027,16,0,0,0.5060863437278497,single,1,passed,coordinate_B_iid
0.5316430009107062,0.5498005715846862,16,0,0,0.51587047462724,up_to_four,1,passed,coordinate_C_iid
0.5110264526399053,0.5203301419033322,16,0,0,0.43891803106595695,single,1,passed,coordinate_C_iid
0.531946783612239,0.535573214670235,16,0,0,0.5282918187445305,up_to_four,1,passed,coordinate_D_iid
0.5127694529039006,0.5226044318257557,16,0,0,0.5070791794974436,single,1,passed,coordinate_D_iid
0.07004370472462541,,16,0,0,0.02100449172891617,up_to_four,1,passed,coordinate_state_iid
0.07007969455950552,,16,0,0,0.021028881423100127,single,1,passed,coordinate_state_iid
0.516240750728284,0.5229627662368275,16,0,0,0.508141076573049,up_to_four,1,passed,coordinate_128_current_iid
0.5103154360352651,0.5212187897129394,16,0,0,0.46789542278489715,single,1,passed,coordinate_128_current_iid
0.5063588178262568,0.5301856432196896,16,0,0,0.4601284697220921,up_to_four,1,passed,coordinate_128_current_transfer
0.5,0.5298980853438098,16,0,0,0.34615889691398555,single,1,passed,coordinate_128_current_transfer
0.5301442832137007,0.5540843639895758,16,0,0,0.5261572887711572,up_to_four,1,passed,coordinate_128_previous_iid
0.5006437394077937,0.516733073456579,16,0,0,0.46900982674396774,single,1,passed,coordinate_128_previous_iid
0.5,0.5326412444596357,16,0,0,0.32441082339249344,up_to_four,1,passed,coordinate_128_previous_transfer
0.5,0.5141079131077683,16,0,0,0.34202323604420515,single,1,passed,coordinate_128_previous_transfer
1.0,,16,0,0,1.0,up_to_four,1,passed,coordinate_128_query_iid
0.841321243523316,,16,0,0,0.8234221154884764,single,1,passed,coordinate_128_query_iid
0.5231063416151437,0.5343148753663209,16,0,0,0.5229669602555457,up_to_four,1,passed,coordinate_128_A_iid
0.5077261105739006,0.5144228722383776,16,0,0,0.49920136073014665,single,1,passed,coordinate_128_A_iid
0.5309675856555948,0.5421475453772163,16,0,0,0.5285724094200703,up_to_four,1,passed,coordinate_128_B_iid
0.5094519823868949,0.5131476242673148,16,0,0,0.48579010491374586,single,1,passed,coordinate_128_B_iid
0.5155940989297866,0.5322157936448497,16,0,0,0.4107572800625008,up_to_four,1,passed,coordinate_128_C_iid
0.5001515810162506,0.5191633255923928,16,0,0,0.33515514476611896,single,1,passed,coordinate_128_C_iid
0.5304252030269472,0.5412158261203652,16,0,0,0.5297912165381451,up_to_four,1,passed,coordinate_128_D_iid
0.5119920801546286,0.5251342177630635,16,0,0,0.5014684907555347,single,1,passed,coordinate_128_D_iid
0.07791616665005806,,16,0,0,0.0235126351566771,up_to_four,1,passed,coordinate_128_state_iid
0.06721594647504116,,16,0,0,0.020013135906004585,single,1,passed,coordinate_128_state_iid
0.5059336415996885,0.5192351644147722,16,0,0,0.4928831705819355,up_to_four,1,passed,random_current_iid
0.5020549044199221,0.5142240980358749,16,0,0,0.44592589363471313,single,1,passed,random_current_iid
0.5,0.566891207917945,16,0,0,0.34615889691398555,up_to_four,1,passed,random_current_transfer
0.5,0.5582690052116627,16,0,0,0.34615889691398555,single,1,passed,random_current_transfer
0.5183813209281616,0.5181585793219349,16,0,0,0.5179197524043165,up_to_four,1,passed,random_previous_iid
0.5069607560235785,0.515471338674744,16,0,0,0.5038117636465093,single,1,passed,random_previous_iid
0.5,0.5465685964905763,16,0,0,0.34202323604420515,up_to_four,1,passed,random_previous_transfer
0.5,0.5477899844331088,16,0,0,0.34202323604420515,single,1,passed,random_previous_transfer
1.0,,16,0,0,1.0,up_to_four,1,passed,random_query_iid
0.9694932908462921,,16,0,0,0.9693795642110086,single,1,passed,random_query_iid
0.5541689889644967,0.5737795484651181,16,0,0,0.5531345744330427,up_to_four,1,passed,random_A_iid
0.5106190037003706,0.5251598039718858,16,0,0,0.5086337531224165,single,1,passed,random_A_iid
0.5645362430958156,0.5874113997352879,16,0,0,0.5644614563779258,up_to_four,1,passed,random_B_iid
0.5115094889858856,0.5176173277077876,16,0,0,0.5043644824421118,single,1,passed,random_B_iid
0.5437281555704946,0.5752580519920836,16,0,0,0.5342045069562762,up_to_four,1,passed,random_C_iid
0.5041364141742786,0.5157293792990644,16,0,0,0.3705709472793284,single,1,passed,random_C_iid
0.511474098683401,0.5402934069434191,16,0,0,0.3858546147408964,up_to_four,1,passed,random_D_iid
0.5149931042615151,0.5228626615307514,16,0,0,0.492326979261163,single,1,passed,random_D_iid
0.08843708684724502,,16,0,0,0.02666922121374363,up_to_four,1,passed,random_state_iid
0.0698467952898192,,16,0,0,0.020728720837010172,single,1,passed,random_state_iid
0.5414054633475189,0.5530092079574482,16,0,0,0.5293241961207125,up_to_four,1,passed,random_128_current_iid
0.5,0.5546931646985276,16,0,0,0.33967247754886426,single,1,passed,random_128_current_iid
0.5,0.5599292633531451,16,0,0,0.34615889691398555,up_to_four,1,passed,random_128_current_transfer
0.5,0.5582690052116627,16,0,0,0.34615889691398555,single,1,passed,random_128_current_transfer
0.5080176181797796,0.519186273759249,16,0,0,0.5065491779243814,up_to_four,1,passed,random_128_previous_iid
0.5021899575982658,0.5102924519924866,16,0,0,0.4794409157412187,single,1,passed,random_128_previous_iid
0.5,0.5632940879250709,16,0,0,0.34202323604420515,up_to_four,1,passed,random_128_previous_transfer
0.5,0.5477899844331088,16,0,0,0.34202323604420515,single,1,passed,random_128_previous_transfer
1.0,,16,0,0,1.0,up_to_four,1,passed,random_128_query_iid
0.9694932908462921,,16,0,0,0.9693795642110086,single,1,passed,random_128_query_iid
0.5302650602346922,0.5490041405297733,16,0,0,0.5200887838849347,up_to_four,1,passed,random_128_A_iid
0.5069029017283442,0.5201262925597647,16,0,0,0.4990791985239492,single,1,passed,random_128_A_iid
0.5713543328555366,0.5994889994942388,16,0,0,0.5705139987965795,up_to_four,1,passed,random_128_B_iid
0.5112078574377873,0.5252660649618934,16,0,0,0.48433399603224514,single,1,passed,random_128_B_iid
0.5545243890730023,0.5733348956620088,16,0,0,0.5298012969109218,up_to_four,1,passed,random_128_C_iid
0.5031709908566271,0.5226846153523833,16,0,0,0.40894333896242163,single,1,passed,random_128_C_iid
0.5597699027931586,0.5752551335120073,16,0,0,0.535352601897708,up_to_four,1,passed,random_128_D_iid
0.5597699027931586,0.5752551335120073,16,0,0,0.535352601897708,single,1,passed,random_128_D_iid
0.07925722417828755,,16,0,0,0.024061433597014875,up_to_four,1,passed,random_128_state_iid
0.0658517207442,,16,0,0,0.019141971221961457,single,1,passed,random_128_state_iid
0.5913968482017725,0.6145679022008015,16,0,0,0.5913458680663812,up_to_four,1,passed,transcoder_current_iid
0.5904504632322234,0.6057398198361649,16,0,0,0.5904667825422242,single,1,passed,transcoder_current_iid
0.6019241281135103,0.6425794848180452,16,0,0,0.5876680400909076,up_to_four,1,passed,transcoder_current_transfer
0.602514949447455,0.6256096842238884,16,0,0,0.5980882804316248,single,1,passed,transcoder_current_transfer
0.5913236139935307,0.6199472613925288,16,0,0,0.5910555379722224,up_to_four,1,passed,transcoder_previous_iid
0.5947527954995342,0.6025636704398795,16,0,0,0.594747374426617,single,1,passed,transcoder_previous_iid
0.5932176281110562,0.632599262151649,16,0,0,0.5729074137782686,up_to_four,1,passed,transcoder_previous_transfer
0.6030165960150244,0.6173045129123461,16,0,0,0.5999787698463279,single,1,passed,transcoder_previous_transfer
1.0,,16,0,0,1.0,up_to_four,1,passed,transcoder_query_iid
0.5,,16,0,0,0.37533093561116937,single,1,passed,transcoder_query_iid
0.6129147578377045,0.6516769630587896,16,0,0,0.6129206544185378,up_to_four,1,passed,transcoder_A_iid
0.6137748351477613,0.6270590444304639,16,0,0,0.6136830096096677,single,1,passed,transcoder_A_iid
0.6047610474555762,0.6414447080473984,16,0,0,0.6046102068827205,up_to_four,1,passed,transcoder_B_iid
0.604631285051259,0.6208029296924719,16,0,0,0.6046347850601661,single,1,passed,transcoder_B_iid
0.6103517748619443,0.6392707126545852,16,0,0,0.6103484685849703,up_to_four,1,passed,transcoder_C_iid
0.6056417979229596,0.6270299868201769,16,0,0,0.6051074348259932,single,1,passed,transcoder_C_iid
0.6138466556950084,0.65253549967508,16,0,0,0.6137782393782789,up_to_four,1,passed,transcoder_D_iid
0.6126680996472663,0.6333061985863736,16,0,0,0.6125452113786776,single,1,passed,transcoder_D_iid
0.1077766443015435,,16,0,0,0.03723338882318281,up_to_four,1,passed,transcoder_state_iid
0.10192016927151382,,16,0,0,0.031088588218981916,single,1,passed,transcoder_state_iid
0.5013354276571159,0.5110046577032854,16,0,0,0.37188550256318054,up_to_four,1,passed,transcoder_128_current_iid
0.5023081544756482,0.5115550592283263,16,0,0,0.33875528162435814,single,1,passed,transcoder_128_current_iid
0.49805590798666094,0.5260776619990324,16,0,0,0.3504294029906557,up_to_four,1,passed,transcoder_128_current_transfer
0.5242741916158745,0.5259621369177034,16,0,0,0.480489554877206,single,1,passed,transcoder_128_current_transfer
0.5004193408072437,0.5072587840617699,16,0,0,0.34061494015811716,up_to_four,1,passed,transcoder_128_previous_iid
0.49971526255739,0.5067481122677739,16,0,0,0.3284457896164577,single,1,passed,transcoder_128_previous_iid
0.5053637042513588,0.505581046288281,16,0,0,0.4721352240356317,up_to_four,1,passed,transcoder_128_previous_transfer
0.5053637042513588,0.505581046288281,16,0,0,0.4721352240356317,single,1,passed,transcoder_128_previous_transfer
0.75,,16,0,0,0.6670995670995671,up_to_four,1,passed,transcoder_128_query_iid
0.5,,16,0,0,0.37533093561116937,single,1,passed,transcoder_128_query_iid
0.5041891054518268,0.5097290101790297,16,0,0,0.45054640855654915,up_to_four,1,passed,transcoder_128_A_iid
0.5018658316034535,0.509375451314602,16,0,0,0.3414733279523322,single,1,passed,transcoder_128_A_iid
0.5012631221330793,0.5083066850772915,16,0,0,0.34092069895940275,up_to_four,1,passed,transcoder_128_B_iid
0.5011168092185261,0.5070910531023621,16,0,0,0.3406062747650179,single,1,passed,transcoder_128_B_iid
0.5023104617022249,0.5031193488069542,16,0,0,0.3599008367300445,up_to_four,1,passed,transcoder_128_C_iid
0.5023110917272307,0.5027320284342085,16,0,0,0.35982442272128956,single,1,passed,transcoder_128_C_iid
0.5031772627763422,0.5117395481657079,16,0,0,0.351455581333068,up_to_four,1,passed,transcoder_128_D_iid
0.5026672921537262,0.5094965906629394,16,0,0,0.34445095761469424,single,1,passed,transcoder_128_D_iid
0.06277807249086963,,16,0,0,0.012306181269824523,up_to_four,1,passed,transcoder_128_state_iid
0.0625,,16,0,0,0.011161832339146669,single,1,passed,transcoder_128_state_iid
0.6039869709531873,0.6438269458219426,16,0,0,0.6037634939828953,full,1,passed,fullu_current_iid
0.6035610707515429,0.6525410336669393,16,0,0,0.5827672184358705,full,1,passed,fullu_current_transfer
0.6040034253017144,0.6427869189593521,16,0,0,0.6040005466346099,full,1,passed,fullu_previous_iid
0.6088330032954254,0.649574418284967,16,0,0,0.6077823296371037,full,1,passed,fullu_previous_transfer
1.0,,16,0,0,1.0,full,1,passed,fullu_query_iid
0.6264166392155271,0.673474158855192,16,0,0,0.626426994880911,full,1,passed,fullu_A_iid
0.617829026144763,0.6609964691977994,16,0,0,0.6176810250007825,full,1,passed,fullu_B_iid
0.6201301479655728,0.6700171729815957,16,0,0,0.6186519152242755,full,1,passed,fullu_C_iid
0.6303139163180345,0.6807000011695838,16,0,0,0.6303753654470565,full,1,passed,fullu_D_iid
0.12172249223498009,,16,0,0,0.07218715959637158,full,1,passed,fullu_state_iid
0.5980511675604213,0.6373884254556099,16,0,0,0.597857249965594,full,1,passed,fullm_current_iid
0.5,0.5977387523744574,16,0,0,0.3199945370117454,full,1,passed,fullm_current_transfer
0.5991732464352394,0.6328969376089099,16,0,0,0.5991786940973307,full,1,passed,fullm_previous_iid
0.5,0.5869332852827861,16,0,0,0.32441082339249344,full,1,passed,fullm_previous_transfer
1.0,,16,0,0,1.0,full,1,passed,fullm_query_iid
0.6191220788736681,0.6670950836298002,16,0,0,0.6191037567447155,full,1,passed,fullm_A_iid
0.6132494779484764,0.6531968361188089,16,0,0,0.6132619351978215,full,1,passed,fullm_B_iid
0.615761389569552,0.6627118730342407,16,0,0,0.614115354674792,full,1,passed,fullm_C_iid
0.6231299475001025,0.6732569114397482,16,0,0,0.623183305974772,full,1,passed,fullm_D_iid
0.10937780386294677,,16,0,0,0.035110178068873885,full,1,passed,fullm_state_iid
0.9059508718911814,0.9647944791327718,4,3,0,0.9045014387428543,up_to_four,1,passed,coordinate_current_iid
0.9059508718911814,0.9647944791327718,4,3,0,0.9045014387428543,single,1,passed,coordinate_current_iid
0.9029764183112192,0.9696268612734021,4,3,0,0.9011340532718328,up_to_four,1,passed,coordinate_current_transfer
0.8810202572865806,0.9638005760224658,4,3,0,0.8792319219020082,single,1,passed,coordinate_current_transfer
0.7406304649780104,0.8407387585059523,4,3,0,0.7404658604584353,up_to_four,1,passed,coordinate_previous_iid
0.7223244882168074,0.805889009785966,4,3,0,0.7175908824976824,single,1,passed,coordinate_previous_iid
0.7497601807096868,0.8666101329687436,4,3,0,0.7467763039627691,up_to_four,1,passed,coordinate_previous_transfer
0.7469579545327889,0.8443726988679637,4,3,0,0.7346203672434517,single,1,passed,coordinate_previous_transfer
0.4694043499657009,,4,3,0,0.4420243359366903,up_to_four,1,passed,coordinate_query_iid
0.33937814864686766,,4,3,0,0.22743944574724909,single,1,passed,coordinate_query_iid
0.6277405854754207,0.6458887793045607,4,3,0,0.6250098644045488,up_to_four,1,passed,coordinate_A_iid
0.6114062239994363,0.6404410807751619,4,3,0,0.6102180483446644,single,1,passed,coordinate_A_iid
0.6229254625857604,0.6495553636381247,4,3,0,0.6210840642727544,up_to_four,1,passed,coordinate_B_iid
0.6106908931447826,0.6425841866618978,4,3,0,0.6092958719997232,single,1,passed,coordinate_B_iid
0.6276758224533932,0.6563424602322466,4,3,0,0.6261401034094267,up_to_four,1,passed,coordinate_C_iid
0.6281648418625735,0.6532978693924362,4,3,0,0.6248446754705467,single,1,passed,coordinate_C_iid
0.6284823158914729,0.6489280042604897,4,3,0,0.6255433568345318,up_to_four,1,passed,coordinate_D_iid
0.6267428402239449,0.6415655887829534,4,3,0,0.6237798537597434,single,1,passed,coordinate_D_iid
0.11499525193858211,,4,3,0,0.034733349489650456,up_to_four,1,passed,coordinate_state_iid
0.11393892796871911,,4,3,0,0.0343723201485899,single,1,passed,coordinate_state_iid
0.8990472257309102,0.9683528706049946,4,3,0,0.897712488868199,up_to_four,1,passed,coordinate_128_current_iid
0.8844716962036991,0.9649031142390745,4,3,0,0.882800754506924,single,1,passed,coordinate_128_current_iid
0.8979261021594689,0.9690370114187679,4,3,0,0.8959235434585614,up_to_four,1,passed,coordinate_128_current_transfer
0.8810202572865806,0.9638005760224658,4,3,0,0.8792319219020082,single,1,passed,coordinate_128_current_transfer
0.7364217802262034,0.8274603103671611,4,3,0,0.7364246929393012,up_to_four,1,passed,coordinate_128_previous_iid
0.7402767342177641,0.8183952523821747,4,3,0,0.7375840159170546,single,1,passed,coordinate_128_previous_iid
0.7692096923402723,0.8566129565575994,4,3,0,0.768817107771192,up_to_four,1,passed,coordinate_128_previous_transfer
0.7692096923402723,0.8566129565575994,4,3,0,0.768817107771192,single,1,passed,coordinate_128_previous_transfer
0.505327646182936,,4,3,0,0.4848345503343481,up_to_four,1,passed,coordinate_128_query_iid
0.3429158314796784,,4,3,0,0.27102625046104717,single,1,passed,coordinate_128_query_iid
0.6257320299695469,0.6380941172115456,4,3,0,0.6230126427213474,up_to_four,1,passed,coordinate_128_A_iid
0.6161692031679731,0.6346755006030241,4,3,0,0.6150329233365621,single,1,passed,coordinate_128_A_iid
0.6175835302450468,0.6451307338212058,4,3,0,0.6163014775077356,up_to_four,1,passed,coordinate_128_B_iid
0.6106908931447826,0.6425841866618978,4,3,0,0.6092958719997232,single,1,passed,coordinate_128_B_iid
0.6276758224533932,0.6563424602322466,4,3,0,0.6261401034094267,up_to_four,1,passed,coordinate_128_C_iid
0.6281648418625735,0.6532978693924362,4,3,0,0.6248446754705467,single,1,passed,coordinate_128_C_iid
0.6271206318444691,0.6372358102236373,4,3,0,0.6240144693418062,up_to_four,1,passed,coordinate_128_D_iid
0.6237602410688651,0.6373702923447049,4,3,0,0.6223895738355791,single,1,passed,coordinate_128_D_iid
0.11474094946946034,,4,3,0,0.03463657791607726,up_to_four,1,passed,coordinate_128_state_iid
0.11393892796871911,,4,3,0,0.0343723201485899,single,1,passed,coordinate_128_state_iid
0.9177609076072057,0.9790442284448413,4,3,0,0.9173840377699376,up_to_four,1,passed,random_current_iid
0.907602962200968,0.9764398582760485,4,3,0,0.9066454907438166,single,1,passed,random_current_iid
0.9253350955968025,0.9821532774149843,4,3,0,0.9247196572854177,up_to_four,1,passed,random_current_transfer
0.9109906368824063,0.9798018117441486,4,3,0,0.9091685625299071,single,1,passed,random_current_transfer
0.7545387268440817,0.8463668349872677,4,3,0,0.7542972708390753,up_to_four,1,passed,random_previous_iid
0.6951526853873539,0.7875523353285393,4,3,0,0.6806356940447799,single,1,passed,random_previous_iid
0.7649497884165983,0.8748486965050657,4,3,0,0.7566423114192402,up_to_four,1,passed,random_previous_transfer
0.7599094965466765,0.8395512351343619,4,3,0,0.7603027547552322,single,1,passed,random_previous_transfer
0.521325065280892,,4,3,0,0.5007782309704936,up_to_four,1,passed,random_query_iid
0.39604264370327935,,4,3,0,0.3205997190620829,single,1,passed,random_query_iid
0.6199346966696886,0.6388688254569109,4,3,0,0.6185011916210567,up_to_four,1,passed,random_A_iid
0.5994550404491501,0.636068834254089,4,3,0,0.5992821905688059,single,1,passed,random_A_iid
0.6197437220532527,0.6387853442450093,4,3,0,0.6184460224103572,up_to_four,1,passed,random_B_iid
0.6173673529638262,0.6372329283988504,4,3,0,0.6157378548329242,single,1,passed,random_B_iid
0.6253495251226522,0.66229898664678,4,3,0,0.6227078777576842,up_to_four,1,passed,random_C_iid
0.6253495251226522,0.66229898664678,4,3,0,0.6227078777576842,single,1,passed,random_C_iid
0.6273676864156515,0.6441927816325981,4,3,0,0.6264487215207494,up_to_four,1,passed,random_D_iid
0.618648518569788,0.6396305432669138,4,3,0,0.6177489593215417,single,1,passed,random_D_iid
0.11668791834496381,,4,3,0,0.0459917187096362,up_to_four,1,passed,random_state_iid
0.11315183798910064,,4,3,0,0.034045473023268304,single,1,passed,random_state_iid
0.9091787492217545,0.9740338426304314,4,3,0,0.9081944145481811,up_to_four,1,passed,random_128_current_iid
0.907602962200968,0.9764398582760485,4,3,0,0.9066454907438166,single,1,passed,random_128_current_iid
0.9169894406675487,0.9770740597537494,4,3,0,0.9151939392471686,up_to_four,1,passed,random_128_current_transfer
0.9109906368824063,0.9798018117441486,4,3,0,0.9091685625299071,single,1,passed,random_128_current_transfer
0.7112121011623325,0.7878269691472276,4,3,0,0.7032671998440981,up_to_four,1,passed,random_128_previous_iid
0.687756151403786,0.7694592159426179,4,3,0,0.6826099140529831,single,1,passed,random_128_previous_iid
0.7172454404612852,0.8119094148112096,4,3,0,0.6970633533133532,up_to_four,1,passed,random_128_previous_transfer
0.693600298705979,0.7985478951259655,4,3,0,0.6766388209174279,single,1,passed,random_128_previous_transfer
0.5056352810795232,,4,3,0,0.5024649613377946,up_to_four,1,passed,random_128_query_iid
0.3682710906792518,,4,3,0,0.30510323603696105,single,1,passed,random_128_query_iid
0.6206263782942105,0.6387857888256239,4,3,0,0.6183838549247502,up_to_four,1,passed,random_128_A_iid
0.5994550404491501,0.636068834254089,4,3,0,0.5992821905688059,single,1,passed,random_128_A_iid
0.6196512233128526,0.6358322589177031,4,3,0,0.6183400093978019,up_to_four,1,passed,random_128_B_iid
0.6121145972538401,0.6303019769674534,4,3,0,0.6111889516764883,single,1,passed,random_128_B_iid
0.624535462812519,0.653168154244042,4,3,0,0.6229140773205479,up_to_four,1,passed,random_128_C_iid
0.6203096350894166,0.6420983148821177,4,3,0,0.6180287985536962,single,1,passed,random_128_C_iid
0.6244110424100734,0.6356557504434805,4,3,0,0.6226367375581372,up_to_four,1,passed,random_128_D_iid
0.6190474588306468,0.6375051249403992,4,3,0,0.6136579318282938,single,1,passed,random_128_D_iid
0.11532254844710557,,4,3,0,0.03472186526289239,up_to_four,1,passed,random_128_state_iid
0.11139277901900554,,4,3,0,0.03352890142284467,single,1,passed,random_128_state_iid
0.8532435543337065,0.9500939659391086,4,3,0,0.846921309062012,up_to_four,1,passed,transcoder_current_iid
0.8425399563413878,0.8437038116895678,4,3,0,0.8353212084241614,single,1,passed,transcoder_current_iid
0.8569091122816357,0.9508439564595926,4,3,0,0.8472886762360448,up_to_four,1,passed,transcoder_current_transfer
0.848183770855232,0.8495743625314678,4,3,0,0.8376817074880274,single,1,passed,transcoder_current_transfer
0.6725226116216617,0.7296682581895068,4,3,0,0.6531880489319902,up_to_four,1,passed,transcoder_previous_iid
0.6387614100224948,0.6437053441473286,4,3,0,0.6093842669549934,single,1,passed,transcoder_previous_iid
0.6917729537340105,0.7440544878344189,4,3,0,0.6860665931553958,up_to_four,1,passed,transcoder_previous_transfer
0.667666563878125,0.6773032683041005,4,3,0,0.6493173332303552,single,1,passed,transcoder_previous_transfer
0.4552695306515965,,4,3,0,0.44064201602264025,up_to_four,1,passed,transcoder_query_iid
0.3133639198610743,,4,3,0,0.20451038720292938,single,1,passed,transcoder_query_iid
0.5967503937182623,0.6327971509396038,4,3,0,0.5856569279385683,up_to_four,1,passed,transcoder_A_iid
0.5351285642798275,0.5360190833494677,4,3,0,0.40179336563906826,single,1,passed,transcoder_A_iid
0.5908360845471308,0.6350166559772118,4,3,0,0.5801702190083547,up_to_four,1,passed,transcoder_B_iid
0.5535291531534186,0.5543124605849699,4,3,0,0.454349207060393,single,1,passed,transcoder_B_iid
0.5948694503684852,0.649714272159462,4,3,0,0.58196997600756,up_to_four,1,passed,transcoder_C_iid
0.5587209256335384,0.5595708593674082,4,3,0,0.46508002259461495,single,1,passed,transcoder_C_iid
0.5969096389093966,0.6245971444368822,4,3,0,0.5857748572825467,up_to_four,1,passed,transcoder_D_iid
0.5916622126348386,0.5914718948989479,4,3,0,0.5784425240119833,single,1,passed,transcoder_D_iid
0.10366326206345183,,4,3,0,0.031211871978077812,up_to_four,1,passed,transcoder_state_iid
0.10132761510174046,,4,3,0,0.03048381130903529,single,1,passed,transcoder_state_iid
0.8073770308044305,0.897890236077412,4,3,0,0.7993940417648782,up_to_four,1,passed,transcoder_128_current_iid
0.7621900308992291,0.7622561057043153,4,3,0,0.7434292609971715,single,1,passed,transcoder_128_current_iid
0.8313253665553351,0.9180609013903164,4,3,0,0.8209207358871309,up_to_four,1,passed,transcoder_128_current_transfer
0.778072837632777,0.7780728376327769,4,3,0,0.7574890996794846,single,1,passed,transcoder_128_current_transfer
0.640162644096441,0.6784612792758277,4,3,0,0.6250743516514601,up_to_four,1,passed,transcoder_128_previous_iid
0.6387614100224948,0.6437053441473286,4,3,0,0.6093842669549934,single,1,passed,transcoder_128_previous_iid
0.653728251864126,0.6949936097725896,4,3,0,0.642756709185996,up_to_four,1,passed,transcoder_128_previous_transfer
0.667666563878125,0.6773032683041005,4,3,0,0.6493173332303552,single,1,passed,transcoder_128_previous_transfer
0.3931173127012638,,4,3,0,0.3496963619691104,up_to_four,1,passed,transcoder_128_query_iid
0.2957117928169133,,4,3,0,0.18157810136025976,single,1,passed,transcoder_128_query_iid
0.5998002255773426,0.6411041225199838,4,3,0,0.5833059471601562,up_to_four,1,passed,transcoder_128_A_iid
0.5526837494289417,0.5554126164285937,4,3,0,0.4956206686135709,single,1,passed,transcoder_128_A_iid
0.5977720091366822,0.6233567014396822,4,3,0,0.5921127010341273,up_to_four,1,passed,transcoder_128_B_iid
0.5761931256825334,0.5773621180394398,4,3,0,0.5490464953398982,single,1,passed,transcoder_128_B_iid
0.5947460104691555,0.6326237038348052,4,3,0,0.5838353250364302,up_to_four,1,passed,transcoder_128_C_iid
0.5792027735580825,0.579249780423785,4,3,0,0.5548204472913749,single,1,passed,transcoder_128_C_iid
0.6143159312066774,0.6408936237810693,4,3,0,0.6060079620171075,up_to_four,1,passed,transcoder_128_D_iid
0.5863023140457734,0.5885625549544214,4,3,0,0.557148214409334,single,1,passed,transcoder_128_D_iid
0.10534086715133519,,4,3,0,0.03290604015301053,up_to_four,1,passed,transcoder_128_state_iid
0.09582967078268112,,4,3,0,0.029947204429691072,single,1,passed,transcoder_128_state_iid
0.919134286742796,0.9846261483124563,4,3,0,0.9195658361286314,full,1,passed,fullu_current_iid
0.9144026341337675,0.9875241007825589,4,3,0,0.9172107930828861,full,1,passed,fullu_current_transfer
0.8408964500946219,0.9204960498294567,4,3,0,0.8411656036111831,full,1,passed,fullu_previous_iid
0.5008285004142502,0.8914146180167261,4,3,0,0.32625396859796074,full,1,passed,fullu_previous_transfer
1.0,,4,3,0,1.0,full,1,passed,fullu_query_iid
0.6483036637293322,0.7195206486975797,4,3,0,0.6464986040434744,full,1,passed,fullu_A_iid
0.6425796037515663,0.7017353700293835,4,3,0,0.6424063369197537,full,1,passed,fullu_B_iid
0.6472833956779744,0.7216723431753006,4,3,0,0.6472742971278354,full,1,passed,fullu_C_iid
0.6522639619478282,0.7228910880270497,4,3,0,0.6474117978277327,full,1,passed,fullu_D_iid
0.13316279682151122,,4,3,0,0.0744733059694382,full,1,passed,fullu_state_iid
0.9269435640697821,0.9878136621639453,4,3,0,0.927107619112158,full,1,passed,fullm_current_iid
0.9303616105054477,0.9891042118809329,4,3,0,0.9301047870113446,full,1,passed,fullm_current_transfer
0.8247108140761148,0.9061967430766216,4,3,0,0.824011690814886,full,1,passed,fullm_previous_iid
0.835809051088382,0.915488870973135,4,3,0,0.8353839415624907,full,1,passed,fullm_previous_transfer
0.979324042082352,,4,3,0,0.9792963871857785,full,1,passed,fullm_query_iid
0.6300757567362454,0.7109920709176677,4,3,0,0.6299601612368182,full,1,passed,fullm_A_iid
0.6376831543103132,0.7126875450986394,4,3,0,0.6330386926839919,full,1,passed,fullm_B_iid
0.6408600507354136,0.7146222033552512,4,3,0,0.6391049069966294,full,1,passed,fullm_C_iid
0.6411141424162258,0.7201694422654936,4,3,0,0.6398681787522746,full,1,passed,fullm_D_iid
0.127077411167789,,4,3,0,0.06868669911705455,full,1,passed,fullm_state_iid
0.9059508718911814,0.9647944791327718,16,3,0,0.9045014387428543,up_to_four,1,passed,coordinate_current_iid
0.9059508718911814,0.9647944791327718,16,3,0,0.9045014387428543,single,1,passed,coordinate_current_iid
0.9029764183112192,0.9696268612734021,16,3,0,0.9011340532718328,up_to_four,1,passed,coordinate_current_transfer
0.8810202572865806,0.9638005760224658,16,3,0,0.8792319219020082,single,1,passed,coordinate_current_transfer
0.7406304649780104,0.8407387585059523,16,3,0,0.7404658604584353,up_to_four,1,passed,coordinate_previous_iid
0.7223244882168074,0.805889009785966,16,3,0,0.7175908824976824,single,1,passed,coordinate_previous_iid
0.7497601807096868,0.8666101329687436,16,3,0,0.7467763039627691,up_to_four,1,passed,coordinate_previous_transfer
0.7469579545327889,0.8443726988679637,16,3,0,0.7346203672434517,single,1,passed,coordinate_previous_transfer
0.4694043499657009,,16,3,0,0.4420243359366903,up_to_four,1,passed,coordinate_query_iid
0.33937814864686766,,16,3,0,0.22743944574724909,single,1,passed,coordinate_query_iid
0.6277405854754207,0.6458887793045607,16,3,0,0.6250098644045488,up_to_four,1,passed,coordinate_A_iid
0.6114062239994363,0.6404410807751619,16,3,0,0.6102180483446644,single,1,passed,coordinate_A_iid
0.6229254625857604,0.6495553636381247,16,3,0,0.6210840642727544,up_to_four,1,passed,coordinate_B_iid
0.6106908931447826,0.6425841866618978,16,3,0,0.6092958719997232,single,1,passed,coordinate_B_iid
0.6276758224533932,0.6563424602322466,16,3,0,0.6261401034094267,up_to_four,1,passed,coordinate_C_iid
0.6281648418625735,0.6532978693924362,16,3,0,0.6248446754705467,single,1,passed,coordinate_C_iid
0.6284823158914729,0.6489280042604897,16,3,0,0.6255433568345318,up_to_four,1,passed,coordinate_D_iid
0.6267428402239449,0.6415655887829534,16,3,0,0.6237798537597434,single,1,passed,coordinate_D_iid
0.11499525193858211,,16,3,0,0.034733349489650456,up_to_four,1,passed,coordinate_state_iid
0.11393892796871911,,16,3,0,0.0343723201485899,single,1,passed,coordinate_state_iid
0.8990472257309102,0.9683528706049946,16,3,0,0.897712488868199,up_to_four,1,passed,coordinate_128_current_iid
0.8844716962036991,0.9649031142390745,16,3,0,0.882800754506924,single,1,passed,coordinate_128_current_iid
0.8979261021594689,0.9690370114187679,16,3,0,0.8959235434585614,up_to_four,1,passed,coordinate_128_current_transfer
0.8810202572865806,0.9638005760224658,16,3,0,0.8792319219020082,single,1,passed,coordinate_128_current_transfer
0.7364217802262034,0.8274603103671611,16,3,0,0.7364246929393012,up_to_four,1,passed,coordinate_128_previous_iid
0.7402767342177641,0.8183952523821747,16,3,0,0.7375840159170546,single,1,passed,coordinate_128_previous_iid
0.7692096923402723,0.8566129565575994,16,3,0,0.768817107771192,up_to_four,1,passed,coordinate_128_previous_transfer
0.7692096923402723,0.8566129565575994,16,3,0,0.768817107771192,single,1,passed,coordinate_128_previous_transfer
0.505327646182936,,16,3,0,0.4848345503343481,up_to_four,1,passed,coordinate_128_query_iid
0.3429158314796784,,16,3,0,0.27102625046104717,single,1,passed,coordinate_128_query_iid
0.6257320299695469,0.6380941172115456,16,3,0,0.6230126427213474,up_to_four,1,passed,coordinate_128_A_iid
0.6161692031679731,0.6346755006030241,16,3,0,0.6150329233365621,single,1,passed,coordinate_128_A_iid
0.6175835302450468,0.6451307338212058,16,3,0,0.6163014775077356,up_to_four,1,passed,coordinate_128_B_iid
0.6106908931447826,0.6425841866618978,16,3,0,0.6092958719997232,single,1,passed,coordinate_128_B_iid
0.6276758224533932,0.6563424602322466,16,3,0,0.6261401034094267,up_to_four,1,passed,coordinate_128_C_iid
0.6281648418625735,0.6532978693924362,16,3,0,0.6248446754705467,single,1,passed,coordinate_128_C_iid
0.6271206318444691,0.6372358102236373,16,3,0,0.6240144693418062,up_to_four,1,passed,coordinate_128_D_iid
0.6237602410688651,0.6373702923447049,16,3,0,0.6223895738355791,single,1,passed,coordinate_128_D_iid
0.11474094946946034,,16,3,0,0.03463657791607726,up_to_four,1,passed,coordinate_128_state_iid
0.11393892796871911,,16,3,0,0.0343723201485899,single,1,passed,coordinate_128_state_iid
0.9177609076072057,0.9790442284448413,16,3,0,0.9173840377699376,up_to_four,1,passed,random_current_iid
0.907602962200968,0.9764398582760485,16,3,0,0.9066454907438166,single,1,passed,random_current_iid
0.9253350955968025,0.9821532774149843,16,3,0,0.9247196572854177,up_to_four,1,passed,random_current_transfer
0.9109906368824063,0.9798018117441486,16,3,0,0.9091685625299071,single,1,passed,random_current_transfer
0.7545387268440817,0.8463668349872677,16,3,0,0.7542972708390753,up_to_four,1,passed,random_previous_iid
0.6951526853873539,0.7875523353285393,16,3,0,0.6806356940447799,single,1,passed,random_previous_iid
0.7649497884165983,0.8748486965050657,16,3,0,0.7566423114192402,up_to_four,1,passed,random_previous_transfer
0.7599094965466765,0.8395512351343619,16,3,0,0.7603027547552322,single,1,passed,random_previous_transfer
0.521325065280892,,16,3,0,0.5007782309704936,up_to_four,1,passed,random_query_iid
0.39604264370327935,,16,3,0,0.3205997190620829,single,1,passed,random_query_iid
0.6199346966696886,0.6388688254569109,16,3,0,0.6185011916210567,up_to_four,1,passed,random_A_iid
0.5994550404491501,0.636068834254089,16,3,0,0.5992821905688059,single,1,passed,random_A_iid
0.6197437220532527,0.6387853442450093,16,3,0,0.6184460224103572,up_to_four,1,passed,random_B_iid
0.6173673529638262,0.6372329283988504,16,3,0,0.6157378548329242,single,1,passed,random_B_iid
0.6253495251226522,0.66229898664678,16,3,0,0.6227078777576842,up_to_four,1,passed,random_C_iid
0.6253495251226522,0.66229898664678,16,3,0,0.6227078777576842,single,1,passed,random_C_iid
0.6273676864156515,0.6441927816325981,16,3,0,0.6264487215207494,up_to_four,1,passed,random_D_iid
0.618648518569788,0.6396305432669138,16,3,0,0.6177489593215417,single,1,passed,random_D_iid
0.11668791834496381,,16,3,0,0.0459917187096362,up_to_four,1,passed,random_state_iid
0.11315183798910064,,16,3,0,0.034045473023268304,single,1,passed,random_state_iid
0.9091787492217545,0.9740338426304314,16,3,0,0.9081944145481811,up_to_four,1,passed,random_128_current_iid
0.907602962200968,0.9764398582760485,16,3,0,0.9066454907438166,single,1,passed,random_128_current_iid
0.9169894406675487,0.9770740597537494,16,3,0,0.9151939392471686,up_to_four,1,passed,random_128_current_transfer
0.9109906368824063,0.9798018117441486,16,3,0,0.9091685625299071,single,1,passed,random_128_current_transfer
0.7112121011623325,0.7878269691472276,16,3,0,0.7032671998440981,up_to_four,1,passed,random_128_previous_iid
0.687756151403786,0.7694592159426179,16,3,0,0.6826099140529831,single,1,passed,random_128_previous_iid
0.7172454404612852,0.8119094148112096,16,3,0,0.6970633533133532,up_to_four,1,passed,random_128_previous_transfer
0.693600298705979,0.7985478951259655,16,3,0,0.6766388209174279,single,1,passed,random_128_previous_transfer
0.5056352810795232,,16,3,0,0.5024649613377946,up_to_four,1,passed,random_128_query_iid
0.3682710906792518,,16,3,0,0.30510323603696105,single,1,passed,random_128_query_iid
0.6206263782942105,0.6387857888256239,16,3,0,0.6183838549247502,up_to_four,1,passed,random_128_A_iid
0.5994550404491501,0.636068834254089,16,3,0,0.5992821905688059,single,1,passed,random_128_A_iid
0.6196512233128526,0.6358322589177031,16,3,0,0.6183400093978019,up_to_four,1,passed,random_128_B_iid
0.6121145972538401,0.6303019769674534,16,3,0,0.6111889516764883,single,1,passed,random_128_B_iid
0.624535462812519,0.653168154244042,16,3,0,0.6229140773205479,up_to_four,1,passed,random_128_C_iid
0.6203096350894166,0.6420983148821177,16,3,0,0.6180287985536962,single,1,passed,random_128_C_iid
0.6244110424100734,0.6356557504434805,16,3,0,0.6226367375581372,up_to_four,1,passed,random_128_D_iid
0.6190474588306468,0.6375051249403992,16,3,0,0.6136579318282938,single,1,passed,random_128_D_iid
0.11532254844710557,,16,3,0,0.03472186526289239,up_to_four,1,passed,random_128_state_iid
0.11139277901900554,,16,3,0,0.03352890142284467,single,1,passed,random_128_state_iid
0.8523898062008552,0.9550410992893946,16,3,0,0.8465160931813407,up_to_four,1,passed,transcoder_current_iid
0.8463311809347145,0.8468582080721033,16,3,0,0.8393278199800633,single,1,passed,transcoder_current_iid
0.8565771092273048,0.9569637903754897,16,3,0,0.847147628185801,up_to_four,1,passed,transcoder_current_transfer
0.8495827010622155,0.8495827010622155,16,3,0,0.8391085555471477,single,1,passed,transcoder_current_transfer
0.6660044578343443,0.6937472020178611,16,3,0,0.653999662405631,up_to_four,1,passed,transcoder_previous_iid
0.6660044578343443,0.6937472020178611,16,3,0,0.653999662405631,single,1,passed,transcoder_previous_iid
0.6872916210000706,0.7690263448270738,16,3,0,0.6749686486641036,up_to_four,1,passed,transcoder_previous_transfer
0.6726853073067792,0.6996190012668997,16,3,0,0.6656309567512265,single,1,passed,transcoder_previous_transfer
1.0,,16,3,0,1.0,up_to_four,1,passed,transcoder_query_iid
0.5,,16,3,0,0.37533093561116937,single,1,passed,transcoder_query_iid
0.5960982283206246,0.6354293420782968,16,3,0,0.5845701590310212,up_to_four,1,passed,transcoder_A_iid
0.5855394224240207,0.5916574102595497,16,3,0,0.549219845589894,single,1,passed,transcoder_A_iid
0.6087152185123641,0.6537909784229377,16,3,0,0.6004507957102365,up_to_four,1,passed,transcoder_B_iid
0.6018836601995732,0.6077225281142536,16,3,0,0.54050342851132,single,1,passed,transcoder_B_iid
0.6123200629832999,0.6447062783921894,16,3,0,0.6121103819826532,up_to_four,1,passed,transcoder_C_iid
0.5969307271805618,0.6120182160029931,16,3,0,0.5866205922132208,single,1,passed,transcoder_C_iid
0.5933797385771707,0.6384616302781879,16,3,0,0.5826649586441957,up_to_four,1,passed,transcoder_D_iid
0.5915325971043026,0.5991853958304494,16,3,0,0.5784320814193772,single,1,passed,transcoder_D_iid
0.1029532844639795,,16,3,0,0.030997466537724075,up_to_four,1,passed,transcoder_state_iid
0.10192503824579296,,16,3,0,0.030713528230225128,single,1,passed,transcoder_state_iid
0.807335956735955,0.8567240812219287,16,3,0,0.8007074762978901,up_to_four,1,passed,transcoder_128_current_iid
0.7106009208277714,0.711832051977192,16,3,0,0.6829189685981383,single,1,passed,transcoder_128_current_iid
0.8199678019373888,0.8539691730185223,16,3,0,0.8099367126109864,up_to_four,1,passed,transcoder_128_current_transfer
0.7177067324163864,0.7334790228472504,16,3,0,0.6830068167154145,single,1,passed,transcoder_128_current_transfer
0.655909453747284,0.7120346516195416,16,3,0,0.6521269720838356,up_to_four,1,passed,transcoder_128_previous_iid
0.5772527703848118,0.5783778060217367,16,3,0,0.49334171170651536,single,1,passed,transcoder_128_previous_iid
0.6845557120087977,0.7335468362801446,16,3,0,0.6775527406445222,up_to_four,1,passed,transcoder_128_previous_transfer
0.592336742693035,0.5941349229643225,16,3,0,0.5159810063826544,single,1,passed,transcoder_128_previous_transfer
0.7998170210957007,,16,3,0,0.8015927727267884,up_to_four,1,passed,transcoder_128_query_iid
0.49990035870864885,,16,3,0,0.3750314885452116,single,1,passed,transcoder_128_query_iid
0.5988823379543644,0.611157514523327,16,3,0,0.585446568679622,up_to_four,1,passed,transcoder_128_A_iid
0.5832712310426345,0.588590870969774,16,3,0,0.5611383374985286,single,1,passed,transcoder_128_A_iid
0.6090570555925835,0.6641588474344748,16,3,0,0.6006187430839642,up_to_four,1,passed,transcoder_128_B_iid
0.6018836601995732,0.6077225281142536,16,3,0,0.54050342851132,single,1,passed,transcoder_128_B_iid
0.6097751619761789,0.6251098906115584,16,3,0,0.6033643467924085,up_to_four,1,passed,transcoder_128_C_iid
0.5591018557526548,0.5631591617871313,16,3,0,0.5212639786031117,single,1,passed,transcoder_128_C_iid
0.6092543566199089,0.6161904247207739,16,3,0,0.5994278809599995,up_to_four,1,passed,transcoder_128_D_iid
0.5859655379701407,0.5887837745388315,16,3,0,0.5610440220297034,single,1,passed,transcoder_128_D_iid
0.10893779403680799,,16,3,0,0.03744678057684155,up_to_four,1,passed,transcoder_128_state_iid
0.07928733066924701,,16,3,0,0.025160268690716657,single,1,passed,transcoder_128_state_iid
0.919134286742796,0.9846261483124563,16,3,0,0.9195658361286314,full,1,passed,fullu_current_iid
0.9144026341337675,0.9875241007825589,16,3,0,0.9172107930828861,full,1,passed,fullu_current_transfer
0.8408964500946219,0.9204960498294567,16,3,0,0.8411656036111831,full,1,passed,fullu_previous_iid
0.5008285004142502,0.8914146180167261,16,3,0,0.32625396859796074,full,1,passed,fullu_previous_transfer
1.0,,16,3,0,1.0,full,1,passed,fullu_query_iid
0.6483036637293322,0.7195206486975797,16,3,0,0.6464986040434744,full,1,passed,fullu_A_iid
0.6425796037515663,0.7017353700293835,16,3,0,0.6424063369197537,full,1,passed,fullu_B_iid
0.6472833956779744,0.7216723431753006,16,3,0,0.6472742971278354,full,1,passed,fullu_C_iid
0.6522639619478282,0.7228910880270497,16,3,0,0.6474117978277327,full,1,passed,fullu_D_iid
0.13316279682151122,,16,3,0,0.0744733059694382,full,1,passed,fullu_state_iid
0.9269435640697821,0.9878136621639453,16,3,0,0.927107619112158,full,1,passed,fullm_current_iid
0.9303616105054477,0.9891042118809329,16,3,0,0.9301047870113446,full,1,passed,fullm_current_transfer
0.8247108140761148,0.9061967430766216,16,3,0,0.824011690814886,full,1,passed,fullm_previous_iid
0.835809051088382,0.915488870973135,16,3,0,0.8353839415624907,full,1,passed,fullm_previous_transfer
0.979324042082352,,16,3,0,0.9792963871857785,full,1,passed,fullm_query_iid
0.6300757567362454,0.7109920709176677,16,3,0,0.6299601612368182,full,1,passed,fullm_A_iid
0.6376831543103132,0.7126875450986394,16,3,0,0.6330386926839919,full,1,passed,fullm_B_iid
0.6408600507354136,0.7146222033552512,16,3,0,0.6391049069966294,full,1,passed,fullm_C_iid
0.6411141424162258,0.7201694422654936,16,3,0,0.6398681787522746,full,1,passed,fullm_D_iid
0.127077411167789,,16,3,0,0.06868669911705455,full,1,passed,fullm_state_iid
0.9978212328433695,0.9998278572178908,4,7,0,0.9977982738466958,up_to_four,1,passed,coordinate_current_iid
0.9977355617843664,0.9998179990411247,4,7,0,0.9976982593086021,single,1,passed,coordinate_current_iid
0.9985773495065209,0.9999692364885039,4,7,0,0.9985891761275145,up_to_four,1,passed,coordinate_current_transfer
0.9985773495065209,0.9999692364885039,4,7,0,0.9985891761275145,single,1,passed,coordinate_current_transfer
0.7352889965531053,0.8105099512612729,4,7,0,0.7353654143554317,up_to_four,1,passed,coordinate_previous_iid
0.730152140946362,0.8000010450033884,4,7,0,0.7302510257185517,single,1,passed,coordinate_previous_iid
0.7023212872592983,0.7875867974929504,4,7,0,0.6979904210067991,up_to_four,1,passed,coordinate_previous_transfer
0.7116911439621638,0.794291985094423,4,7,0,0.7075936108588095,single,1,passed,coordinate_previous_transfer
0.6159064196519382,,4,7,0,0.6104101403838978,up_to_four,1,passed,coordinate_query_iid
0.4503455094903898,,4,7,0,0.3713929468197771,single,1,passed,coordinate_query_iid
0.6575584041074212,0.6836268910992149,4,7,0,0.6490065214122624,up_to_four,1,passed,coordinate_A_iid
0.652641829694502,0.6878293454778436,4,7,0,0.6481012125414949,single,1,passed,coordinate_A_iid
0.651731215391022,0.6850152821047478,4,7,0,0.6502256883838338,up_to_four,1,passed,coordinate_B_iid
0.6509492187919017,0.6841902982069733,4,7,0,0.6495011506610997,single,1,passed,coordinate_B_iid
0.6475255302882972,0.6657443333925923,4,7,0,0.6475108872274,up_to_four,1,passed,coordinate_C_iid
0.6469154260732608,0.6647901555212726,4,7,0,0.6468918606323186,single,1,passed,coordinate_C_iid
0.6482702334809893,0.6701447368083754,4,7,0,0.6481812486931284,up_to_four,1,passed,coordinate_D_iid
0.6463080562220582,0.6706249671555207,4,7,0,0.6438002548359897,single,1,passed,coordinate_D_iid
0.12467601625560987,,4,7,0,0.0450009298430839,up_to_four,1,passed,coordinate_state_iid
0.12482104292559482,,4,7,0,0.038949377189729746,single,1,passed,coordinate_state_iid
0.9977952913264378,0.9998262458813838,4,7,0,0.9977981610020505,up_to_four,1,passed,coordinate_128_current_iid
0.9977355617843664,0.9998179990411247,4,7,0,0.9976982593086021,single,1,passed,coordinate_128_current_iid
0.9985773495065209,0.9999692364885039,4,7,0,0.9985891761275145,up_to_four,1,passed,coordinate_128_current_transfer
0.9985773495065209,0.9999692364885039,4,7,0,0.9985891761275145,single,1,passed,coordinate_128_current_transfer
0.730818991672189,0.8030482922046558,4,7,0,0.7308959183697561,up_to_four,1,passed,coordinate_128_previous_iid
0.669200384191743,0.7406396563890295,4,7,0,0.6683872087135825,single,1,passed,coordinate_128_previous_iid
0.7047692644922556,0.8094480626836726,4,7,0,0.6958716381344686,up_to_four,1,passed,coordinate_128_previous_transfer
0.6994085324396923,0.7738596973558577,4,7,0,0.6956616715452837,single,1,passed,coordinate_128_previous_transfer
0.509273706921505,,4,7,0,0.5024567544175269,up_to_four,1,passed,coordinate_128_query_iid
0.3892203610112218,,4,7,0,0.2602176617081836,single,1,passed,coordinate_128_query_iid
0.6571594829169324,0.6897829436472778,4,7,0,0.644138455176422,up_to_four,1,passed,coordinate_128_A_iid
0.652641829694502,0.6878293454778436,4,7,0,0.6481012125414949,single,1,passed,coordinate_128_A_iid
0.6500480264987478,0.6818592378904299,4,7,0,0.6494310613895139,up_to_four,1,passed,coordinate_128_B_iid
0.6453765399179094,0.6796480086714267,4,7,0,0.6426744789948108,single,1,passed,coordinate_128_B_iid
0.6477752251986881,0.6583674706049083,4,7,0,0.6477603893624548,up_to_four,1,passed,coordinate_128_C_iid
0.6471902369805058,0.6605380367546788,4,7,0,0.6471368890269527,single,1,passed,coordinate_128_C_iid
0.6471442286001394,0.6608739719677976,4,7,0,0.6471375949899787,up_to_four,1,passed,coordinate_128_D_iid
0.6423192944813585,0.6629537584979082,4,7,0,0.6423182420169903,single,1,passed,coordinate_128_D_iid
0.12429444456896524,,4,7,0,0.042700384284145854,up_to_four,1,passed,coordinate_128_state_iid
0.12482104292559482,,4,7,0,0.038949377189729746,single,1,passed,coordinate_128_state_iid
0.9978183504525994,0.9999324439663234,4,7,0,0.9977982614852514,up_to_four,1,passed,random_current_iid
0.9935497699211634,0.9997038143317594,4,7,0,0.9934458543554116,single,1,passed,random_current_iid
0.9982454274087991,0.9999774940626422,4,7,0,0.9981863399598916,up_to_four,1,passed,random_current_transfer
0.9937167956467364,0.9998337151247023,4,7,0,0.9933537598419726,single,1,passed,random_current_transfer
0.7560464762081596,0.82619835041885,4,7,0,0.7559622067719518,up_to_four,1,passed,random_previous_iid
0.697885120987721,0.7623118777394533,4,7,0,0.6979102874046834,single,1,passed,random_previous_iid
0.659535371023291,0.7574821389428632,4,7,0,0.6387751057082452,up_to_four,1,passed,random_previous_transfer
0.6419774781636269,0.7137352736837803,4,7,0,0.6304837314836019,single,1,passed,random_previous_transfer
0.6178686557268259,,4,7,0,0.604578463162443,up_to_four,1,passed,random_query_iid
0.40349759809871816,,4,7,0,0.3612623780322809,single,1,passed,random_query_iid
0.6574841666562308,0.685295521965111,4,7,0,0.6488421450665907,up_to_four,1,passed,random_A_iid
0.6517547141757525,0.6825982579365226,4,7,0,0.6505895790764878,single,1,passed,random_A_iid
0.6509276851171568,0.6871653374759107,4,7,0,0.6505959608893079,up_to_four,1,passed,random_B_iid
0.6487043932378818,0.6887433195576519,4,7,0,0.6482999683469972,single,1,passed,random_B_iid
0.647460092691079,0.6684144493694955,4,7,0,0.6474312821799139,up_to_four,1,passed,random_C_iid
0.647460092691079,0.6684144493694955,4,7,0,0.6474312821799139,single,1,passed,random_C_iid
0.6470594738218285,0.6637371894514428,4,7,0,0.6470768797049427,up_to_four,1,passed,random_D_iid
0.6470594738218285,0.6637371894514428,4,7,0,0.6470768797049427,single,1,passed,random_D_iid
0.12417569306779226,,4,7,0,0.04207239832591404,up_to_four,1,passed,random_state_iid
0.1239258434118396,,4,7,0,0.03710487193462544,single,1,passed,random_state_iid
0.9977269146120558,0.9998306595422507,4,7,0,0.9976982210931897,up_to_four,1,passed,random_128_current_iid
0.9962026102930814,0.999672698523063,4,7,0,0.9961968892074962,single,1,passed,random_128_current_iid
0.9978423444515903,0.9999732843189638,4,7,0,0.997783304395423,up_to_four,1,passed,random_128_current_transfer
0.9972495801590247,0.9999222816551676,4,7,0,0.9971788167041119,single,1,passed,random_128_current_transfer
0.7037031455987632,0.7807888424584069,4,7,0,0.7028809566082488,up_to_four,1,passed,random_128_previous_iid
0.6531476425820522,0.7162261775311801,4,7,0,0.6424482610047775,single,1,passed,random_128_previous_iid
0.6619370934124928,0.7363670814122403,4,7,0,0.6615650685099813,up_to_four,1,passed,random_128_previous_transfer
0.6405526803660262,0.6986634393541412,4,7,0,0.6404517663100238,single,1,passed,random_128_previous_transfer
0.536196506171036,,4,7,0,0.5322037333294862,up_to_four,1,passed,random_128_query_iid
0.3962968722084481,,4,7,0,0.3207367656692858,single,1,passed,random_128_query_iid
0.6510783084884629,0.6750031240092476,4,7,0,0.6476167338583961,up_to_four,1,passed,random_128_A_iid
0.64928022756862,0.6759919456369636,4,7,0,0.6488702803805314,single,1,passed,random_128_A_iid
0.649167687448237,0.6861208942126608,4,7,0,0.6486982996997706,up_to_four,1,passed,random_128_B_iid
0.6442577894666228,0.6840719630594213,4,7,0,0.6437218142814647,single,1,passed,random_128_B_iid
0.6476352396426615,0.6636668709381075,4,7,0,0.6475185225228576,up_to_four,1,passed,random_128_C_iid
0.6481847764537775,0.6663251264442686,4,7,0,0.6481851358219886,single,1,passed,random_128_C_iid
0.647683518928674,0.6531223944714891,4,7,0,0.6475430588899307,up_to_four,1,passed,random_128_D_iid
0.6421786239797382,0.65716919481038,4,7,0,0.6415346209390749,single,1,passed,random_128_D_iid
0.12396562698917887,,4,7,0,0.037161821705341894,up_to_four,1,passed,random_128_state_iid
0.12356779121578612,,4,7,0,0.03700257836142471,single,1,passed,random_128_state_iid
0.9960045259940404,0.9998814116380691,4,7,0,0.9960960023063616,up_to_four,1,passed,transcoder_current_iid
0.9956173248339102,0.9957688054780157,4,7,0,0.9954972751310183,single,1,passed,transcoder_current_iid
0.99490208136204,0.9999295677499956,4,7,0,0.9951603841625297,up_to_four,1,passed,transcoder_current_transfer
0.9965857359635812,0.9965857359635811,4,7,0,0.9963737541076575,single,1,passed,transcoder_current_transfer
0.7132498635433421,0.7618639581102598,4,7,0,0.7112148530396712,up_to_four,1,passed,transcoder_previous_iid
0.6925999037673123,0.7032589845176686,4,7,0,0.6818297321180481,single,1,passed,transcoder_previous_iid
0.6936179461363273,0.7483469001824187,4,7,0,0.687656343283582,up_to_four,1,passed,transcoder_previous_transfer
0.6708800680633524,0.6834140161464699,4,7,0,0.6544480828687975,single,1,passed,transcoder_previous_transfer
0.7159714704515882,,4,7,0,0.733165456206627,up_to_four,1,passed,transcoder_query_iid
0.4230172559023562,,4,7,0,0.31906825766297575,single,1,passed,transcoder_query_iid
0.6483362777552193,0.6576098527833103,4,7,0,0.6483494480431617,up_to_four,1,passed,transcoder_A_iid
0.6487757562587472,0.6603674247305471,4,7,0,0.6487060887332945,single,1,passed,transcoder_A_iid
0.6424334109132663,0.6485897604414708,4,7,0,0.6424141125522691,up_to_four,1,passed,transcoder_B_iid
0.6424334109132663,0.6485897604414708,4,7,0,0.6424141125522691,single,1,passed,transcoder_B_iid
0.6477425489017659,0.6504946231315921,4,7,0,0.6477386219774934,up_to_four,1,passed,transcoder_C_iid
0.6477425489017659,0.6504946231315921,4,7,0,0.6477386219774934,single,1,passed,transcoder_C_iid
0.6472089562569214,0.6269470617889571,4,7,0,0.6470801848606301,up_to_four,1,passed,transcoder_D_iid
0.6472089562569214,0.6269470617889571,4,7,0,0.6470801848606301,single,1,passed,transcoder_D_iid
0.1261601144846879,,4,7,0,0.04311485982349392,up_to_four,1,passed,transcoder_state_iid
0.12410759816420194,,4,7,0,0.037143683107522474,single,1,passed,transcoder_state_iid
0.9960045259940404,0.9998814116380691,4,7,0,0.9960960023063616,up_to_four,1,passed,transcoder_128_current_iid
0.9956173248339102,0.9957688054780157,4,7,0,0.9954972751310183,single,1,passed,transcoder_128_current_iid
0.99490208136204,0.9999295677499956,4,7,0,0.9951603841625297,up_to_four,1,passed,transcoder_128_current_transfer
0.9965857359635812,0.9965857359635811,4,7,0,0.9963737541076575,single,1,passed,transcoder_128_current_transfer
0.5805628388250282,0.6069399541052987,4,7,0,0.5462191241178741,up_to_four,1,passed,transcoder_128_previous_iid
0.5317971494847902,0.5318468477674859,4,7,0,0.40758874796869454,single,1,passed,transcoder_128_previous_iid
0.5852075523571394,0.682448794587626,4,7,0,0.5387712561089936,up_to_four,1,passed,transcoder_128_previous_transfer
0.5438646386363551,0.5441159751970011,4,7,0,0.45167472484455723,single,1,passed,transcoder_128_previous_transfer
0.5810952454324949,,4,7,0,0.5315767735937662,up_to_four,1,passed,transcoder_128_query_iid
0.3985799052995135,,4,7,0,0.2998835498183527,single,1,passed,transcoder_128_query_iid
0.6487176206064025,0.662134753567049,4,7,0,0.6486513997844314,up_to_four,1,passed,transcoder_128_A_iid
0.6487757562587472,0.6603674247305471,4,7,0,0.6487060887332945,single,1,passed,transcoder_128_A_iid
0.6424334109132663,0.6429539614837007,4,7,0,0.6424141125522691,up_to_four,1,passed,transcoder_128_B_iid
0.6424334109132663,0.6485897604414708,4,7,0,0.6424141125522691,single,1,passed,transcoder_128_B_iid
0.6477425489017659,0.6504946231315921,4,7,0,0.6477386219774934,up_to_four,1,passed,transcoder_128_C_iid
0.6477425489017659,0.6504946231315921,4,7,0,0.6477386219774934,single,1,passed,transcoder_128_C_iid
0.6471386210061113,0.6281680002326351,4,7,0,0.6470192956246525,up_to_four,1,passed,transcoder_128_D_iid
0.6472089562569214,0.6269470617889571,4,7,0,0.6470801848606301,single,1,passed,transcoder_128_D_iid
0.1264731321291252,,4,7,0,0.04282265071248767,up_to_four,1,passed,transcoder_128_state_iid
0.12410759816420194,,4,7,0,0.037143683107522474,single,1,passed,transcoder_128_state_iid
0.9986532029126238,0.9999762202761459,4,7,0,0.9986488909793159,full,1,passed,fullu_current_iid
0.9987907511283731,0.9999953045166664,4,7,0,0.9987907511283731,full,1,passed,fullu_current_transfer
0.8941849776086374,0.9564687730470879,4,7,0,0.8939061310450872,full,1,passed,fullu_previous_iid
0.804740471316424,0.9491178142450057,4,7,0,0.7935707955559302,full,1,passed,fullu_previous_transfer
1.0,,4,7,0,1.0,full,1,passed,fullu_query_iid
0.6840375845716078,0.7640018454853764,4,7,0,0.6825600138754008,full,1,passed,fullu_A_iid
0.6668060885384655,0.7453643861998124,4,7,0,0.6650129160406925,full,1,passed,fullu_B_iid
0.6728949522006529,0.7574354226119234,4,7,0,0.6727776454718233,full,1,passed,fullu_C_iid
0.6674813699704688,0.7443041063930417,4,7,0,0.6601749342300378,full,1,passed,fullu_D_iid
0.1485623112273097,,4,7,0,0.09797483280504432,full,1,passed,fullu_state_iid
0.9986960384421255,0.9999284606624118,4,7,0,0.9986989133193935,full,1,passed,fullm_current_iid
0.9989804324637298,0.9999915805126431,4,7,0,0.9989922686625103,full,1,passed,fullm_current_transfer
0.8449749770763206,0.9180649793499247,4,7,0,0.8450315386745464,full,1,passed,fullm_previous_iid
0.8266518923618206,0.9171241375979432,4,7,0,0.822694801623997,full,1,passed,fullm_previous_transfer
0.9908434781445962,,4,7,0,0.9908525856011445,full,1,passed,fullm_query_iid
0.655273925733979,0.6935809060234452,4,7,0,0.6412576891047541,full,1,passed,fullm_A_iid
0.6696044255944296,0.7408189696785047,4,7,0,0.6682113742236024,full,1,passed,fullm_B_iid
0.6638964150487132,0.7362892133188766,4,7,0,0.6610401573045523,full,1,passed,fullm_C_iid
0.6482101521164021,0.723859729800485,4,7,0,0.6482616793652449,full,1,passed,fullm_D_iid
0.13464982298879824,,4,7,0,0.07349014330870965,full,1,passed,fullm_state_iid
0.9978212328433695,0.9998278572178908,16,7,0,0.9977982738466958,up_to_four,1,passed,coordinate_current_iid
0.9977355617843664,0.9998179990411247,16,7,0,0.9976982593086021,single,1,passed,coordinate_current_iid
0.9985773495065209,0.9999692364885039,16,7,0,0.9985891761275145,up_to_four,1,passed,coordinate_current_transfer
0.9985773495065209,0.9999692364885039,16,7,0,0.9985891761275145,single,1,passed,coordinate_current_transfer
0.7352889965531053,0.8105099512612729,16,7,0,0.7353654143554317,up_to_four,1,passed,coordinate_previous_iid
0.730152140946362,0.8000010450033884,16,7,0,0.7302510257185517,single,1,passed,coordinate_previous_iid
0.7023212872592983,0.7875867974929504,16,7,0,0.6979904210067991,up_to_four,1,passed,coordinate_previous_transfer
0.7116911439621638,0.794291985094423,16,7,0,0.7075936108588095,single,1,passed,coordinate_previous_transfer
0.6159064196519382,,16,7,0,0.6104101403838978,up_to_four,1,passed,coordinate_query_iid
0.4503455094903898,,16,7,0,0.3713929468197771,single,1,passed,coordinate_query_iid
0.6575584041074212,0.6836268910992149,16,7,0,0.6490065214122624,up_to_four,1,passed,coordinate_A_iid
0.652641829694502,0.6878293454778436,16,7,0,0.6481012125414949,single,1,passed,coordinate_A_iid
0.651731215391022,0.6850152821047478,16,7,0,0.6502256883838338,up_to_four,1,passed,coordinate_B_iid
0.6509492187919017,0.6841902982069733,16,7,0,0.6495011506610997,single,1,passed,coordinate_B_iid
0.6475255302882972,0.6657443333925923,16,7,0,0.6475108872274,up_to_four,1,passed,coordinate_C_iid
0.6469154260732608,0.6647901555212726,16,7,0,0.6468918606323186,single,1,passed,coordinate_C_iid
0.6482702334809893,0.6701447368083754,16,7,0,0.6481812486931284,up_to_four,1,passed,coordinate_D_iid
0.6463080562220582,0.6706249671555207,16,7,0,0.6438002548359897,single,1,passed,coordinate_D_iid
0.12467601625560987,,16,7,0,0.0450009298430839,up_to_four,1,passed,coordinate_state_iid
0.12482104292559482,,16,7,0,0.038949377189729746,single,1,passed,coordinate_state_iid
0.9977952913264378,0.9998262458813838,16,7,0,0.9977981610020505,up_to_four,1,passed,coordinate_128_current_iid
0.9977355617843664,0.9998179990411247,16,7,0,0.9976982593086021,single,1,passed,coordinate_128_current_iid
0.9985773495065209,0.9999692364885039,16,7,0,0.9985891761275145,up_to_four,1,passed,coordinate_128_current_transfer
0.9985773495065209,0.9999692364885039,16,7,0,0.9985891761275145,single,1,passed,coordinate_128_current_transfer
0.730818991672189,0.8030482922046558,16,7,0,0.7308959183697561,up_to_four,1,passed,coordinate_128_previous_iid
0.669200384191743,0.7406396563890295,16,7,0,0.6683872087135825,single,1,passed,coordinate_128_previous_iid
0.7047692644922556,0.8094480626836726,16,7,0,0.6958716381344686,up_to_four,1,passed,coordinate_128_previous_transfer
0.6994085324396923,0.7738596973558577,16,7,0,0.6956616715452837,single,1,passed,coordinate_128_previous_transfer
0.509273706921505,,16,7,0,0.5024567544175269,up_to_four,1,passed,coordinate_128_query_iid
0.3892203610112218,,16,7,0,0.2602176617081836,single,1,passed,coordinate_128_query_iid
0.6571594829169324,0.6897829436472778,16,7,0,0.644138455176422,up_to_four,1,passed,coordinate_128_A_iid
0.652641829694502,0.6878293454778436,16,7,0,0.6481012125414949,single,1,passed,coordinate_128_A_iid
0.6500480264987478,0.6818592378904299,16,7,0,0.6494310613895139,up_to_four,1,passed,coordinate_128_B_iid
0.6453765399179094,0.6796480086714267,16,7,0,0.6426744789948108,single,1,passed,coordinate_128_B_iid
0.6477752251986881,0.6583674706049083,16,7,0,0.6477603893624548,up_to_four,1,passed,coordinate_128_C_iid
0.6471902369805058,0.6605380367546788,16,7,0,0.6471368890269527,single,1,passed,coordinate_128_C_iid
0.6471442286001394,0.6608739719677976,16,7,0,0.6471375949899787,up_to_four,1,passed,coordinate_128_D_iid
0.6423192944813585,0.6629537584979082,16,7,0,0.6423182420169903,single,1,passed,coordinate_128_D_iid
0.12429444456896524,,16,7,0,0.042700384284145854,up_to_four,1,passed,coordinate_128_state_iid
0.12482104292559482,,16,7,0,0.038949377189729746,single,1,passed,coordinate_128_state_iid
0.9978183504525994,0.9999324439663234,16,7,0,0.9977982614852514,up_to_four,1,passed,random_current_iid
0.9935497699211634,0.9997038143317594,16,7,0,0.9934458543554116,single,1,passed,random_current_iid
0.9982454274087991,0.9999774940626422,16,7,0,0.9981863399598916,up_to_four,1,passed,random_current_transfer
0.9937167956467364,0.9998337151247023,16,7,0,0.9933537598419726,single,1,passed,random_current_transfer
0.7560464762081596,0.82619835041885,16,7,0,0.7559622067719518,up_to_four,1,passed,random_previous_iid
0.697885120987721,0.7623118777394533,16,7,0,0.6979102874046834,single,1,passed,random_previous_iid
0.659535371023291,0.7574821389428632,16,7,0,0.6387751057082452,up_to_four,1,passed,random_previous_transfer
0.6419774781636269,0.7137352736837803,16,7,0,0.6304837314836019,single,1,passed,random_previous_transfer
0.6178686557268259,,16,7,0,0.604578463162443,up_to_four,1,passed,random_query_iid
0.40349759809871816,,16,7,0,0.3612623780322809,single,1,passed,random_query_iid
0.6574841666562308,0.685295521965111,16,7,0,0.6488421450665907,up_to_four,1,passed,random_A_iid
0.6517547141757525,0.6825982579365226,16,7,0,0.6505895790764878,single,1,passed,random_A_iid
0.6509276851171568,0.6871653374759107,16,7,0,0.6505959608893079,up_to_four,1,passed,random_B_iid
0.6487043932378818,0.6887433195576519,16,7,0,0.6482999683469972,single,1,passed,random_B_iid
0.647460092691079,0.6684144493694955,16,7,0,0.6474312821799139,up_to_four,1,passed,random_C_iid
0.647460092691079,0.6684144493694955,16,7,0,0.6474312821799139,single,1,passed,random_C_iid
0.6470594738218285,0.6637371894514428,16,7,0,0.6470768797049427,up_to_four,1,passed,random_D_iid
0.6470594738218285,0.6637371894514428,16,7,0,0.6470768797049427,single,1,passed,random_D_iid
0.12417569306779226,,16,7,0,0.04207239832591404,up_to_four,1,passed,random_state_iid
0.1239258434118396,,16,7,0,0.03710487193462544,single,1,passed,random_state_iid
0.9977269146120558,0.9998306595422507,16,7,0,0.9976982210931897,up_to_four,1,passed,random_128_current_iid
0.9962026102930814,0.999672698523063,16,7,0,0.9961968892074962,single,1,passed,random_128_current_iid
0.9978423444515903,0.9999732843189638,16,7,0,0.997783304395423,up_to_four,1,passed,random_128_current_transfer
0.9972495801590247,0.9999222816551676,16,7,0,0.9971788167041119,single,1,passed,random_128_current_transfer
0.7037031455987632,0.7807888424584069,16,7,0,0.7028809566082488,up_to_four,1,passed,random_128_previous_iid
0.6531476425820522,0.7162261775311801,16,7,0,0.6424482610047775,single,1,passed,random_128_previous_iid
0.6619370934124928,0.7363670814122403,16,7,0,0.6615650685099813,up_to_four,1,passed,random_128_previous_transfer
0.6405526803660262,0.6986634393541412,16,7,0,0.6404517663100238,single,1,passed,random_128_previous_transfer
0.536196506171036,,16,7,0,0.5322037333294862,up_to_four,1,passed,random_128_query_iid
0.3962968722084481,,16,7,0,0.3207367656692858,single,1,passed,random_128_query_iid
0.6510783084884629,0.6750031240092476,16,7,0,0.6476167338583961,up_to_four,1,passed,random_128_A_iid
0.64928022756862,0.6759919456369636,16,7,0,0.6488702803805314,single,1,passed,random_128_A_iid
0.649167687448237,0.6861208942126608,16,7,0,0.6486982996997706,up_to_four,1,passed,random_128_B_iid
0.6442577894666228,0.6840719630594213,16,7,0,0.6437218142814647,single,1,passed,random_128_B_iid
0.6476352396426615,0.6636668709381075,16,7,0,0.6475185225228576,up_to_four,1,passed,random_128_C_iid
0.6481847764537775,0.6663251264442686,16,7,0,0.6481851358219886,single,1,passed,random_128_C_iid
0.647683518928674,0.6531223944714891,16,7,0,0.6475430588899307,up_to_four,1,passed,random_128_D_iid
0.6421786239797382,0.65716919481038,16,7,0,0.6415346209390749,single,1,passed,random_128_D_iid
0.12396562698917887,,16,7,0,0.037161821705341894,up_to_four,1,passed,random_128_state_iid
0.12356779121578612,,16,7,0,0.03700257836142471,single,1,passed,random_128_state_iid
0.9978957746713434,0.9999002472610883,16,7,0,0.9978484140175616,up_to_four,1,passed,transcoder_current_iid
0.996882614315618,0.9973117502581341,16,7,0,0.9969470566496836,single,1,passed,transcoder_current_iid
0.9970360975805631,0.9999756320606307,16,7,0,0.9971775994703251,up_to_four,1,passed,transcoder_current_transfer
0.9963958927150062,0.9965789356084084,16,7,0,0.9965725441442409,single,1,passed,transcoder_current_transfer
0.7207506438317838,0.7903214499704917,16,7,0,0.7205118530075278,up_to_four,1,passed,transcoder_previous_iid
0.6440919145720699,0.6550347166291447,16,7,0,0.6259145119529728,single,1,passed,transcoder_previous_iid
0.717127667084013,0.7906760266160402,16,7,0,0.7133364779763125,up_to_four,1,passed,transcoder_previous_transfer
0.6566534527661883,0.6782852084811692,16,7,0,0.6404351822250639,single,1,passed,transcoder_previous_transfer
1.0,,16,7,0,1.0,up_to_four,1,passed,transcoder_query_iid
0.49990035870864885,,16,7,0,0.3750314885452116,single,1,passed,transcoder_query_iid
0.648908194430167,0.674349432018931,16,7,0,0.6488243266108275,up_to_four,1,passed,transcoder_A_iid
0.6488465000650528,0.6484605373940578,16,7,0,0.6488571053373047,single,1,passed,transcoder_A_iid
0.6505401390098768,0.6879091798455691,16,7,0,0.6493079139119614,up_to_four,1,passed,transcoder_B_iid
0.646052529198142,0.6738487158885379,16,7,0,0.6442426020728385,single,1,passed,transcoder_B_iid
0.6482072873472348,0.6406416520671705,16,7,0,0.6481756512021608,up_to_four,1,passed,transcoder_C_iid
0.6475934029821644,0.6399319588994488,16,7,0,0.6475445671541149,single,1,passed,transcoder_C_iid
0.6503644295250399,0.6697630549194942,16,7,0,0.6501831100300497,up_to_four,1,passed,transcoder_D_iid
0.6404317783314877,0.6525994112266595,16,7,0,0.6403928694337043,single,1,passed,transcoder_D_iid
0.1268033395744302,,16,7,0,0.04747283277231161,up_to_four,1,passed,transcoder_state_iid
0.12177301293226077,,16,7,0,0.03757075595480347,single,1,passed,transcoder_state_iid
0.9919975224250002,0.9993846996452738,16,7,0,0.9921901020477312,up_to_four,1,passed,transcoder_128_current_iid
0.990558889165029,0.9909697049120423,16,7,0,0.9907874561081114,single,1,passed,transcoder_128_current_iid
0.9931948683872213,0.999822705025851,16,7,0,0.9935458447243535,up_to_four,1,passed,transcoder_128_current_transfer
0.9891402375720271,0.9892717920619778,16,7,0,0.9897084225299904,single,1,passed,transcoder_128_current_transfer
0.6741806278542016,0.7613059032068209,16,7,0,0.6552305819312867,up_to_four,1,passed,transcoder_128_previous_iid
0.6440919145720699,0.6550347166291447,16,7,0,0.6259145119529728,single,1,passed,transcoder_128_previous_iid
0.6844130464666129,0.7667089585786946,16,7,0,0.6708592549913625,up_to_four,1,passed,transcoder_128_previous_transfer
0.6566534527661883,0.6782852084811692,16,7,0,0.6404351822250639,single,1,passed,transcoder_128_previous_transfer
0.9997995466971643,,16,7,0,0.9997997681652037,up_to_four,1,passed,transcoder_128_query_iid
0.49990035870864885,,16,7,0,0.3750314885452116,single,1,passed,transcoder_128_query_iid
0.6501842056799438,0.664308636557434,16,7,0,0.6498838061571015,up_to_four,1,passed,transcoder_128_A_iid
0.6448517623951893,0.6386183040904746,16,7,0,0.6449001554108917,single,1,passed,transcoder_128_A_iid
0.6473527548934676,0.6903520811856362,16,7,0,0.6473391613180504,up_to_four,1,passed,transcoder_128_B_iid
0.646052529198142,0.6738487158885379,16,7,0,0.6442426020728385,single,1,passed,transcoder_128_B_iid
0.6468339478393897,0.6668198460796909,16,7,0,0.6467197724605311,up_to_four,1,passed,transcoder_128_C_iid
0.6464624880961525,0.6481916617270539,16,7,0,0.6463627766141806,single,1,passed,transcoder_128_C_iid
0.6470754955190517,0.6825694778897374,16,7,0,0.6465969674574291,up_to_four,1,passed,transcoder_128_D_iid
0.6404317783314877,0.6525994112266595,16,7,0,0.6403928694337043,single,1,passed,transcoder_128_D_iid
0.12559038669431535,,16,7,0,0.05417265217052089,up_to_four,1,passed,transcoder_128_state_iid
0.11778103477530026,,16,7,0,0.04044028901591656,single,1,passed,transcoder_128_state_iid
0.9986532029126238,0.9999762202761459,16,7,0,0.9986488909793159,full,1,passed,fullu_current_iid
0.9987907511283731,0.9999953045166664,16,7,0,0.9987907511283731,full,1,passed,fullu_current_transfer
0.8941849776086374,0.9564687730470879,16,7,0,0.8939061310450872,full,1,passed,fullu_previous_iid
0.804740471316424,0.9491178142450057,16,7,0,0.7935707955559302,full,1,passed,fullu_previous_transfer
1.0,,16,7,0,1.0,full,1,passed,fullu_query_iid
0.6840375845716078,0.7640018454853764,16,7,0,0.6825600138754008,full,1,passed,fullu_A_iid
0.6668060885384655,0.7453643861998124,16,7,0,0.6650129160406925,full,1,passed,fullu_B_iid
0.6728949522006529,0.7574354226119234,16,7,0,0.6727776454718233,full,1,passed,fullu_C_iid
0.6674813699704688,0.7443041063930417,16,7,0,0.6601749342300378,full,1,passed,fullu_D_iid
0.1485623112273097,,16,7,0,0.09797483280504432,full,1,passed,fullu_state_iid
0.9986960384421255,0.9999284606624118,16,7,0,0.9986989133193935,full,1,passed,fullm_current_iid
0.9989804324637298,0.9999915805126431,16,7,0,0.9989922686625103,full,1,passed,fullm_current_transfer
0.8449749770763206,0.9180649793499247,16,7,0,0.8450315386745464,full,1,passed,fullm_previous_iid
0.8266518923618206,0.9171241375979432,16,7,0,0.822694801623997,full,1,passed,fullm_previous_transfer
0.9908434781445962,,16,7,0,0.9908525856011445,full,1,passed,fullm_query_iid
0.655273925733979,0.6935809060234452,16,7,0,0.6412576891047541,full,1,passed,fullm_A_iid
0.6696044255944296,0.7408189696785047,16,7,0,0.6682113742236024,full,1,passed,fullm_B_iid
0.6638964150487132,0.7362892133188766,16,7,0,0.6610401573045523,full,1,passed,fullm_C_iid
0.6482101521164021,0.723859729800485,16,7,0,0.6482616793652449,full,1,passed,fullm_D_iid
0.13464982298879824,,16,7,0,0.07349014330870965,full,1,passed,fullm_state_iid
0.9992936541284803,0.9999924737574334,4,11,0,0.9992994108044866,up_to_four,1,passed,coordinate_current_iid
0.998738873971627,0.9999804037460831,4,11,0,0.998748936943572,single,1,passed,coordinate_current_iid
0.9996206373292869,0.9999990285206896,4,11,0,0.9995969360991122,up_to_four,1,passed,coordinate_current_transfer
0.9994309559939302,0.9999978951281608,4,11,0,0.9993954183664833,single,1,passed,coordinate_current_transfer
0.6378911011783828,0.6814404049578656,4,11,0,0.6377879780426831,up_to_four,1,passed,coordinate_previous_iid
0.6034677138408908,0.6346157603369599,4,11,0,0.602441547188969,single,1,passed,coordinate_previous_iid
0.663954287582525,0.702443518934764,4,11,0,0.661928400158604,up_to_four,1,passed,coordinate_previous_transfer
0.6420456529734991,0.6800837602773061,4,11,0,0.6414296237711365,single,1,passed,coordinate_previous_transfer
0.5667982940867233,,4,11,0,0.5556560693164916,up_to_four,1,passed,coordinate_query_iid
0.3850795512355142,,4,11,0,0.3097202405556048,single,1,passed,coordinate_query_iid
0.6496635675033405,0.6811420436827538,4,11,0,0.6496545734232124,up_to_four,1,passed,coordinate_A_iid
0.6496635675033405,0.6811420436827538,4,11,0,0.6496545734232124,single,1,passed,coordinate_A_iid
0.6481412956483885,0.6797972284319435,4,11,0,0.6452867247879722,up_to_four,1,passed,coordinate_B_iid
0.6459669948804289,0.6693608008829928,4,11,0,0.645956225892466,single,1,passed,coordinate_B_iid
0.649409310055516,0.6643357774870084,4,11,0,0.6494109785654418,up_to_four,1,passed,coordinate_C_iid
0.6485613964018232,0.6613872854613599,4,11,0,0.6485342192638455,single,1,passed,coordinate_C_iid
0.6480967185000616,0.6585117829970059,4,11,0,0.6480562092126285,up_to_four,1,passed,coordinate_D_iid
0.6480967185000616,0.6585117829970059,4,11,0,0.6480562092126285,single,1,passed,coordinate_D_iid
0.12497445726656425,,4,11,0,0.03960334244842183,up_to_four,1,passed,coordinate_state_iid
0.12367535506448016,,4,11,0,0.03983158778938416,single,1,passed,coordinate_state_iid
0.9989192635939954,0.9999932744215362,4,11,0,0.9988991307426257,up_to_four,1,passed,coordinate_128_current_iid
0.9989991698714582,0.9999930542389079,4,11,0,0.9989991698714582,single,1,passed,coordinate_128_current_iid
0.9992412746585736,0.9999988666074712,4,11,0,0.9991939100462542,up_to_four,1,passed,coordinate_128_current_transfer
0.9990515933232169,0.9999974093885056,4,11,0,0.9989924110888286,single,1,passed,coordinate_128_current_transfer
0.6130077172056864,0.62287145222793,4,11,0,0.5850429248494696,up_to_four,1,passed,coordinate_128_previous_iid
0.6034677138408908,0.6346157603369599,4,11,0,0.602441547188969,single,1,passed,coordinate_128_previous_iid
0.6322333101749511,0.6559605589219835,4,11,0,0.6280240100389731,up_to_four,1,passed,coordinate_128_previous_transfer
0.6420456529734991,0.6800837602773061,4,11,0,0.6414296237711365,single,1,passed,coordinate_128_previous_transfer
0.5874219386507867,,4,11,0,0.581149722769163,up_to_four,1,passed,coordinate_128_query_iid
0.3850795512355142,,4,11,0,0.3097202405556048,single,1,passed,coordinate_128_query_iid
0.6496635675033405,0.6811420436827538,4,11,0,0.6496545734232124,up_to_four,1,passed,coordinate_128_A_iid
0.6496635675033405,0.6811420436827538,4,11,0,0.6496545734232124,single,1,passed,coordinate_128_A_iid
0.6481412956483885,0.6797972284319435,4,11,0,0.6452867247879722,up_to_four,1,passed,coordinate_128_B_iid
0.6459669948804289,0.6693608008829928,4,11,0,0.645956225892466,single,1,passed,coordinate_128_B_iid
0.6520114733353767,0.6627373040435975,4,11,0,0.6519388890191846,up_to_four,1,passed,coordinate_128_C_iid
0.6482959508662899,0.6619347971921006,4,11,0,0.648250731680496,single,1,passed,coordinate_128_C_iid
0.6482115940691522,0.6621676939778927,4,11,0,0.648165690504152,up_to_four,1,passed,coordinate_128_D_iid
0.6473555547865141,0.6623045342925203,4,11,0,0.6473454953478592,single,1,passed,coordinate_128_D_iid
0.12497445726656425,,4,11,0,0.03960334244842183,up_to_four,1,passed,coordinate_128_state_iid
0.12367535506448016,,4,11,0,0.03983158778938416,single,1,passed,coordinate_128_state_iid
0.9992392890358979,0.9999954161980112,4,11,0,0.9992493621661432,up_to_four,1,passed,random_current_iid
0.9991449708045842,0.9999949558161522,4,11,0,0.9991492870153207,single,1,passed,random_current_iid
0.998956712177234,0.9999993523471264,4,11,0,0.9989922205253853,up_to_four,1,passed,random_current_transfer
0.9993835154209387,0.9999993523471264,4,11,0,0.9993953611975063,single,1,passed,random_current_transfer
0.6871356214635151,0.7529309342826814,4,11,0,0.6869337938718498,up_to_four,1,passed,random_previous_iid
0.6003984522864731,0.6238449219590315,4,11,0,0.5950375405003914,single,1,passed,random_previous_iid
0.7013094393318497,0.7630845479099869,4,11,0,0.7014448426067011,up_to_four,1,passed,random_previous_transfer
0.6115332459011521,0.6384767852697828,4,11,0,0.6114879219158545,single,1,passed,random_previous_transfer
0.5470331825658241,,4,11,0,0.544515331538201,up_to_four,1,passed,random_query_iid
0.3651045468985511,,4,11,0,0.3587457323124065,single,1,passed,random_query_iid
0.6490439310428177,0.6760916096153956,4,11,0,0.6489190915186687,up_to_four,1,passed,random_A_iid
0.6473861865345496,0.671716845467708,4,11,0,0.6474419647453244,single,1,passed,random_A_iid
0.6441101357005753,0.6747060053016067,4,11,0,0.6441140253559376,up_to_four,1,passed,random_B_iid
0.6436543462560465,0.6665843877495965,4,11,0,0.6436275157176072,single,1,passed,random_B_iid
0.6488110913122141,0.6539503252884107,4,11,0,0.6487836631005655,up_to_four,1,passed,random_C_iid
0.6488110913122141,0.6539503252884107,4,11,0,0.6487836631005655,single,1,passed,random_C_iid
0.6477705167445962,0.6580066889784822,4,11,0,0.647739185512276,up_to_four,1,passed,random_D_iid
0.648000588316722,0.6543717463938364,4,11,0,0.6479761315802746,single,1,passed,random_D_iid
0.12496750767383841,,4,11,0,0.04243407372049272,up_to_four,1,passed,random_state_iid
0.1247471967246774,,4,11,0,0.039333170342030044,single,1,passed,random_state_iid
0.9991993358971665,0.9999955262893254,4,11,0,0.9991993358971665,up_to_four,1,passed,random_128_current_iid
0.9991449708045842,0.9999949558161522,4,11,0,0.9991492870153207,single,1,passed,random_128_current_iid
0.9991938340855822,0.999999190433908,4,11,0,0.9991938340855822,up_to_four,1,passed,random_128_current_transfer
0.9993835154209387,0.9999993523471264,4,11,0,0.9993953611975063,single,1,passed,random_128_current_transfer
0.6297296247144571,0.6765216028758493,4,11,0,0.629747441780673,up_to_four,1,passed,random_128_previous_iid
0.6166789642203541,0.6129478113760801,4,11,0,0.5727694928579069,single,1,passed,random_128_previous_iid
0.6170994311954555,0.6511210762331838,4,11,0,0.6084638466077494,up_to_four,1,passed,random_128_previous_transfer
0.5206751721088865,0.5682574741511586,4,11,0,0.4678458651756151,single,1,passed,random_128_previous_transfer
0.49039422335720473,,4,11,0,0.48810609250549586,up_to_four,1,passed,random_128_query_iid
0.3651045468985511,,4,11,0,0.3587457323124065,single,1,passed,random_128_query_iid
0.6494795905620374,0.668876782458371,4,11,0,0.6494480266427307,up_to_four,1,passed,random_128_A_iid
0.649308482046234,0.6742028390799838,4,11,0,0.6492661151167407,single,1,passed,random_128_A_iid
0.64424384060854,0.6572101647430184,4,11,0,0.6442520579142839,up_to_four,1,passed,random_128_B_iid
0.64424384060854,0.6572101647430184,4,11,0,0.6442520579142839,single,1,passed,random_128_B_iid
0.648667070596032,0.6439005964146717,4,11,0,0.648645450061734,up_to_four,1,passed,random_128_C_iid
0.648522419854844,0.6265719486406416,4,11,0,0.6485054620290673,single,1,passed,random_128_C_iid
0.6481968541077068,0.6375338338191112,4,11,0,0.6481563212282131,up_to_four,1,passed,random_128_D_iid
0.6474470386776588,0.64674318549152,4,11,0,0.6473676475341243,single,1,passed,random_128_D_iid
0.12486460194025378,,4,11,0,0.03737675051338843,up_to_four,1,passed,random_128_state_iid
0.12486460194025378,,4,11,0,0.03737705762912602,single,1,passed,random_128_state_iid
0.9988249453626816,0.998978527750057,4,11,0,0.998799065180327,up_to_four,1,passed,transcoder_current_iid
0.9988249453626816,0.998978527750057,4,11,0,0.998799065180327,single,1,passed,transcoder_current_iid
0.9992412746585736,0.9999988666074712,4,11,0,0.9991939100462542,up_to_four,1,passed,transcoder_current_transfer
0.9994309559939302,0.9994309559939302,4,11,0,0.9993954183664833,single,1,passed,transcoder_current_transfer
0.6495019086611613,0.663166222857769,4,11,0,0.620157541684583,up_to_four,1,passed,transcoder_previous_iid
0.6011562183070969,0.6043446275682979,4,11,0,0.5497176680650407,single,1,passed,transcoder_previous_iid
0.6596912256976308,0.6831655589034072,4,11,0,0.6346298001805883,up_to_four,1,passed,transcoder_previous_transfer
0.6114808608973811,0.6167319931193598,4,11,0,0.5714012651890957,single,1,passed,transcoder_previous_transfer
0.6589783302058325,,4,11,0,0.6743728190747672,up_to_four,1,passed,transcoder_query_iid
0.41286910459629894,,4,11,0,0.31212719372612785,single,1,passed,transcoder_query_iid
0.6496248971589569,0.6629749100939519,4,11,0,0.649595060101053,up_to_four,1,passed,transcoder_A_iid
0.6496248971589569,0.6629749100939519,4,11,0,0.649595060101053,single,1,passed,transcoder_A_iid
0.6440588431277399,0.640782972819059,4,11,0,0.6440630741446736,up_to_four,1,passed,transcoder_B_iid
0.6438763672482574,0.648996023434722,4,11,0,0.6438756380907535,single,1,passed,transcoder_B_iid
0.6485217898298383,0.6415007911664014,4,11,0,0.6485043052971171,up_to_four,1,passed,transcoder_C_iid
0.6480336554557851,0.6538843326691637,4,11,0,0.6479709923695474,single,1,passed,transcoder_C_iid
0.6475840241889176,0.6476158973528311,4,11,0,0.6474890536193071,up_to_four,1,passed,transcoder_D_iid
0.6475840241889176,0.6476158973528311,4,11,0,0.6474890536193071,single,1,passed,transcoder_D_iid
0.12489647343438944,,4,11,0,0.037386770071188666,up_to_four,1,passed,transcoder_state_iid
0.12440118357291052,,4,11,0,0.038071542527043464,single,1,passed,transcoder_state_iid
0.9988249453626816,0.998978527750057,4,11,0,0.998799065180327,up_to_four,1,passed,transcoder_128_current_iid
0.9988249453626816,0.998978527750057,4,11,0,0.998799065180327,single,1,passed,transcoder_128_current_iid
0.9994309559939302,0.9994309559939302,4,11,0,0.9993954183664833,up_to_four,1,passed,transcoder_128_current_transfer
0.9994309559939302,0.9994309559939302,4,11,0,0.9993954183664833,single,1,passed,transcoder_128_current_transfer
0.6311828202828575,0.6836602808299382,4,11,0,0.5951627318053733,up_to_four,1,passed,transcoder_128_previous_iid
0.6011562183070969,0.6043446275682979,4,11,0,0.5497176680650407,single,1,passed,transcoder_128_previous_iid
0.639213147521372,0.6900481496204873,4,11,0,0.6107122842561263,up_to_four,1,passed,transcoder_128_previous_transfer
0.6114808608973811,0.6167319931193598,4,11,0,0.5714012651890957,single,1,passed,transcoder_128_previous_transfer
0.5461540139528738,,4,11,0,0.5338155365938562,up_to_four,1,passed,transcoder_128_query_iid
0.41286910459629894,,4,11,0,0.31212719372612785,single,1,passed,transcoder_128_query_iid
0.6496248971589569,0.6629749100939519,4,11,0,0.649595060101053,up_to_four,1,passed,transcoder_128_A_iid
0.6496248971589569,0.6629749100939519,4,11,0,0.649595060101053,single,1,passed,transcoder_128_A_iid
0.6440588431277399,0.640782972819059,4,11,0,0.6440630741446736,up_to_four,1,passed,transcoder_128_B_iid
0.6438763672482574,0.648996023434722,4,11,0,0.6438756380907535,single,1,passed,transcoder_128_B_iid
0.6485217898298383,0.6415007911664014,4,11,0,0.6485043052971171,up_to_four,1,passed,transcoder_128_C_iid
0.6480336554557851,0.6538843326691637,4,11,0,0.6479709923695474,single,1,passed,transcoder_128_C_iid
0.6475840241889176,0.6476158973528311,4,11,0,0.6474890536193071,up_to_four,1,passed,transcoder_128_D_iid
0.6475840241889176,0.6476158973528311,4,11,0,0.6474890536193071,single,1,passed,transcoder_128_D_iid
0.12440118357291052,,4,11,0,0.038071542527043464,up_to_four,1,passed,transcoder_128_state_iid
0.12440118357291052,,4,11,0,0.038071542527043464,single,1,passed,transcoder_128_state_iid
0.9991935711156261,0.9999975980076915,4,11,0,0.9991993266336989,full,1,passed,fullu_current_iid
0.999596917042791,0.9999998380867816,4,11,0,0.999596917042791,full,1,passed,fullu_current_transfer
0.892119825746551,0.9557752487541077,4,11,0,0.8922543804392691,full,1,passed,fullu_previous_iid
0.8074522311924833,0.9496243883772166,4,11,0,0.7970959933815421,full,1,passed,fullu_previous_transfer
1.0,,4,11,0,1.0,full,1,passed,fullu_query_iid
0.686150193635518,0.7678300193809199,4,11,0,0.6853840128735362,full,1,passed,fullu_A_iid
0.6727593090716328,0.7471105150614846,4,11,0,0.6726302178572385,full,1,passed,fullu_B_iid
0.6765671379497052,0.7591343100407655,4,11,0,0.6749023393853489,full,1,passed,fullu_C_iid
0.6637071387555884,0.7476200970402157,4,11,0,0.6573021801552474,full,1,passed,fullu_D_iid
0.1547811258979918,,4,11,0,0.10875848439290679,full,1,passed,fullu_state_iid
0.9993023013007909,0.9999936247120812,4,11,0,0.9992994229416828,full,1,passed,fullm_current_iid
0.9991938340855822,0.999999190433908,4,11,0,0.9991938340855822,full,1,passed,fullm_current_transfer
0.8344520354414342,0.9075207565963096,4,11,0,0.8335371047831921,full,1,passed,fullm_previous_iid
0.8116753541560627,0.9112066755584948,4,11,0,0.8044393164587902,full,1,passed,fullm_previous_transfer
0.9872563775975145,,4,11,0,0.9872577578587997,full,1,passed,fullm_query_iid
0.6522141785303188,0.715779495589954,4,11,0,0.6499687580095553,full,1,passed,fullm_A_iid
0.6489927163345811,0.706440237808618,4,11,0,0.6483205565177931,full,1,passed,fullm_B_iid
0.6541867496720944,0.6902228949467004,4,11,0,0.6502627134481702,full,1,passed,fullm_C_iid
0.653172071746442,0.6944650924067409,4,11,0,0.6526162959645752,full,1,passed,fullm_D_iid
0.12877282486478273,,4,11,0,0.051254569423573454,full,1,passed,fullm_state_iid
0.9992936541284803,0.9999924737574334,16,11,0,0.9992994108044866,up_to_four,1,passed,coordinate_current_iid
0.998738873971627,0.9999804037460831,16,11,0,0.998748936943572,single,1,passed,coordinate_current_iid
0.9996206373292869,0.9999990285206896,16,11,0,0.9995969360991122,up_to_four,1,passed,coordinate_current_transfer
0.9994309559939302,0.9999978951281608,16,11,0,0.9993954183664833,single,1,passed,coordinate_current_transfer
0.6378911011783828,0.6814404049578656,16,11,0,0.6377879780426831,up_to_four,1,passed,coordinate_previous_iid
0.6034677138408908,0.6346157603369599,16,11,0,0.602441547188969,single,1,passed,coordinate_previous_iid
0.663954287582525,0.702443518934764,16,11,0,0.661928400158604,up_to_four,1,passed,coordinate_previous_transfer
0.6420456529734991,0.6800837602773061,16,11,0,0.6414296237711365,single,1,passed,coordinate_previous_transfer
0.5667982940867233,,16,11,0,0.5556560693164916,up_to_four,1,passed,coordinate_query_iid
0.3850795512355142,,16,11,0,0.3097202405556048,single,1,passed,coordinate_query_iid
0.6496635675033405,0.6811420436827538,16,11,0,0.6496545734232124,up_to_four,1,passed,coordinate_A_iid
0.6496635675033405,0.6811420436827538,16,11,0,0.6496545734232124,single,1,passed,coordinate_A_iid
0.6481412956483885,0.6797972284319435,16,11,0,0.6452867247879722,up_to_four,1,passed,coordinate_B_iid
0.6459669948804289,0.6693608008829928,16,11,0,0.645956225892466,single,1,passed,coordinate_B_iid
0.649409310055516,0.6643357774870084,16,11,0,0.6494109785654418,up_to_four,1,passed,coordinate_C_iid
0.6485613964018232,0.6613872854613599,16,11,0,0.6485342192638455,single,1,passed,coordinate_C_iid
0.6480967185000616,0.6585117829970059,16,11,0,0.6480562092126285,up_to_four,1,passed,coordinate_D_iid
0.6480967185000616,0.6585117829970059,16,11,0,0.6480562092126285,single,1,passed,coordinate_D_iid
0.12497445726656425,,16,11,0,0.03960334244842183,up_to_four,1,passed,coordinate_state_iid
0.12367535506448016,,16,11,0,0.03983158778938416,single,1,passed,coordinate_state_iid
0.9989192635939954,0.9999932744215362,16,11,0,0.9988991307426257,up_to_four,1,passed,coordinate_128_current_iid
0.9989991698714582,0.9999930542389079,16,11,0,0.9989991698714582,single,1,passed,coordinate_128_current_iid
0.9992412746585736,0.9999988666074712,16,11,0,0.9991939100462542,up_to_four,1,passed,coordinate_128_current_transfer
0.9990515933232169,0.9999974093885056,16,11,0,0.9989924110888286,single,1,passed,coordinate_128_current_transfer
0.6130077172056864,0.62287145222793,16,11,0,0.5850429248494696,up_to_four,1,passed,coordinate_128_previous_iid
0.6034677138408908,0.6346157603369599,16,11,0,0.602441547188969,single,1,passed,coordinate_128_previous_iid
0.6322333101749511,0.6559605589219835,16,11,0,0.6280240100389731,up_to_four,1,passed,coordinate_128_previous_transfer
0.6420456529734991,0.6800837602773061,16,11,0,0.6414296237711365,single,1,passed,coordinate_128_previous_transfer
0.5874219386507867,,16,11,0,0.581149722769163,up_to_four,1,passed,coordinate_128_query_iid
0.3850795512355142,,16,11,0,0.3097202405556048,single,1,passed,coordinate_128_query_iid
0.6496635675033405,0.6811420436827538,16,11,0,0.6496545734232124,up_to_four,1,passed,coordinate_128_A_iid
0.6496635675033405,0.6811420436827538,16,11,0,0.6496545734232124,single,1,passed,coordinate_128_A_iid
0.6481412956483885,0.6797972284319435,16,11,0,0.6452867247879722,up_to_four,1,passed,coordinate_128_B_iid
0.6459669948804289,0.6693608008829928,16,11,0,0.645956225892466,single,1,passed,coordinate_128_B_iid
0.6520114733353767,0.6627373040435975,16,11,0,0.6519388890191846,up_to_four,1,passed,coordinate_128_C_iid
0.6482959508662899,0.6619347971921006,16,11,0,0.648250731680496,single,1,passed,coordinate_128_C_iid
0.6482115940691522,0.6621676939778927,16,11,0,0.648165690504152,up_to_four,1,passed,coordinate_128_D_iid
0.6473555547865141,0.6623045342925203,16,11,0,0.6473454953478592,single,1,passed,coordinate_128_D_iid
0.12497445726656425,,16,11,0,0.03960334244842183,up_to_four,1,passed,coordinate_128_state_iid
0.12367535506448016,,16,11,0,0.03983158778938416,single,1,passed,coordinate_128_state_iid
0.9992392890358979,0.9999954161980112,16,11,0,0.9992493621661432,up_to_four,1,passed,random_current_iid
0.9991449708045842,0.9999949558161522,16,11,0,0.9991492870153207,single,1,passed,random_current_iid
0.998956712177234,0.9999993523471264,16,11,0,0.9989922205253853,up_to_four,1,passed,random_current_transfer
0.9993835154209387,0.9999993523471264,16,11,0,0.9993953611975063,single,1,passed,random_current_transfer
0.6871356214635151,0.7529309342826814,16,11,0,0.6869337938718498,up_to_four,1,passed,random_previous_iid
0.6003984522864731,0.6238449219590315,16,11,0,0.5950375405003914,single,1,passed,random_previous_iid
0.7013094393318497,0.7630845479099869,16,11,0,0.7014448426067011,up_to_four,1,passed,random_previous_transfer
0.6115332459011521,0.6384767852697828,16,11,0,0.6114879219158545,single,1,passed,random_previous_transfer
0.5470331825658241,,16,11,0,0.544515331538201,up_to_four,1,passed,random_query_iid
0.3651045468985511,,16,11,0,0.3587457323124065,single,1,passed,random_query_iid
0.6490439310428177,0.6760916096153956,16,11,0,0.6489190915186687,up_to_four,1,passed,random_A_iid
0.6473861865345496,0.671716845467708,16,11,0,0.6474419647453244,single,1,passed,random_A_iid
0.6441101357005753,0.6747060053016067,16,11,0,0.6441140253559376,up_to_four,1,passed,random_B_iid
0.6436543462560465,0.6665843877495965,16,11,0,0.6436275157176072,single,1,passed,random_B_iid
0.6488110913122141,0.6539503252884107,16,11,0,0.6487836631005655,up_to_four,1,passed,random_C_iid
0.6488110913122141,0.6539503252884107,16,11,0,0.6487836631005655,single,1,passed,random_C_iid
0.6477705167445962,0.6580066889784822,16,11,0,0.647739185512276,up_to_four,1,passed,random_D_iid
0.648000588316722,0.6543717463938364,16,11,0,0.6479761315802746,single,1,passed,random_D_iid
0.12496750767383841,,16,11,0,0.04243407372049272,up_to_four,1,passed,random_state_iid
0.1247471967246774,,16,11,0,0.039333170342030044,single,1,passed,random_state_iid
0.9991993358971665,0.9999955262893254,16,11,0,0.9991993358971665,up_to_four,1,passed,random_128_current_iid
0.9991449708045842,0.9999949558161522,16,11,0,0.9991492870153207,single,1,passed,random_128_current_iid
0.9991938340855822,0.999999190433908,16,11,0,0.9991938340855822,up_to_four,1,passed,random_128_current_transfer
0.9993835154209387,0.9999993523471264,16,11,0,0.9993953611975063,single,1,passed,random_128_current_transfer
0.6297296247144571,0.6765216028758493,16,11,0,0.629747441780673,up_to_four,1,passed,random_128_previous_iid
0.6166789642203541,0.6129478113760801,16,11,0,0.5727694928579069,single,1,passed,random_128_previous_iid
0.6170994311954555,0.6511210762331838,16,11,0,0.6084638466077494,up_to_four,1,passed,random_128_previous_transfer
0.5206751721088865,0.5682574741511586,16,11,0,0.4678458651756151,single,1,passed,random_128_previous_transfer
0.49039422335720473,,16,11,0,0.48810609250549586,up_to_four,1,passed,random_128_query_iid
0.3651045468985511,,16,11,0,0.3587457323124065,single,1,passed,random_128_query_iid
0.6494795905620374,0.668876782458371,16,11,0,0.6494480266427307,up_to_four,1,passed,random_128_A_iid
0.649308482046234,0.6742028390799838,16,11,0,0.6492661151167407,single,1,passed,random_128_A_iid
0.64424384060854,0.6572101647430184,16,11,0,0.6442520579142839,up_to_four,1,passed,random_128_B_iid
0.64424384060854,0.6572101647430184,16,11,0,0.6442520579142839,single,1,passed,random_128_B_iid
0.648667070596032,0.6439005964146717,16,11,0,0.648645450061734,up_to_four,1,passed,random_128_C_iid
0.648522419854844,0.6265719486406416,16,11,0,0.6485054620290673,single,1,passed,random_128_C_iid
0.6481968541077068,0.6375338338191112,16,11,0,0.6481563212282131,up_to_four,1,passed,random_128_D_iid
0.6474470386776588,0.64674318549152,16,11,0,0.6473676475341243,single,1,passed,random_128_D_iid
0.12486460194025378,,16,11,0,0.03737675051338843,up_to_four,1,passed,random_128_state_iid
0.12486460194025378,,16,11,0,0.03737705762912602,single,1,passed,random_128_state_iid
0.9986762620387855,0.99998871063615,16,11,0,0.9986489520968478,up_to_four,1,passed,transcoder_current_iid
0.9985362258871999,0.9986383806184201,16,11,0,0.9984988647664796,single,1,passed,transcoder_current_iid
0.9992412746585736,0.9999961140827583,16,11,0,0.9991939100462542,up_to_four,1,passed,transcoder_current_transfer
0.9988619119878603,0.9988619119878603,16,11,0,0.9987909214446193,single,1,passed,transcoder_current_transfer
0.6806389508674048,0.7677590127500805,16,11,0,0.6758989181999959,up_to_four,1,passed,transcoder_previous_iid
0.5791207456959429,0.5806054414769812,16,11,0,0.5027110412645237,single,1,passed,transcoder_previous_iid
0.677565843491442,0.7852367170578204,16,11,0,0.6774787783254768,up_to_four,1,passed,transcoder_previous_transfer
0.596316888405081,0.5981996834608283,16,11,0,0.53620575896025,single,1,passed,transcoder_previous_transfer
0.9495257230365654,,16,11,0,0.9494209374339819,up_to_four,1,passed,transcoder_query_iid
0.5725546491690744,,16,11,0,0.4920219275662969,single,1,passed,transcoder_query_iid
0.6494828239353836,0.6667337266296555,16,11,0,0.6494500826363256,up_to_four,1,passed,transcoder_A_iid
0.6494828239353836,0.6667337266296555,16,11,0,0.6494500826363256,single,1,passed,transcoder_A_iid
0.6433962223370329,0.6475665106369148,16,11,0,0.643389425021581,up_to_four,1,passed,transcoder_B_iid
0.6439276598210928,0.6524189571345387,16,11,0,0.6439265630281166,single,1,passed,transcoder_B_iid
0.6484714728327567,0.6405526135332311,16,11,0,0.6484537105924655,up_to_four,1,passed,transcoder_C_iid
0.6484424916824949,0.6494595920512085,16,11,0,0.6483927181516653,single,1,passed,transcoder_C_iid
0.6475953995939461,0.6461842635771067,16,11,0,0.6475167050143851,up_to_four,1,passed,transcoder_D_iid
0.6475953995939461,0.6461842635771067,16,11,0,0.6475167050143851,single,1,passed,transcoder_D_iid
0.12486460194025378,,16,11,0,0.037383096982595246,up_to_four,1,passed,transcoder_state_iid
0.1242988271290158,,16,11,0,0.03720167863054292,single,1,passed,transcoder_state_iid
0.9980757639616604,0.9999645405885458,16,11,0,0.9980484863621134,up_to_four,1,passed,transcoder_128_current_iid
0.991511118982529,0.9918050227580765,16,11,0,0.9917387819060728,single,1,passed,transcoder_128_current_iid
0.9986247900795123,0.9999920662522983,16,11,0,0.9985893095217944,up_to_four,1,passed,transcoder_128_current_transfer
0.9940247545881349,0.9942381562099872,16,11,0,0.9943529087712761,single,1,passed,transcoder_128_current_transfer
0.6061284425789113,0.6552064493683156,16,11,0,0.5972330263728807,up_to_four,1,passed,transcoder_128_previous_iid
0.5608731794280055,0.5661615316585797,16,11,0,0.5207639693708255,single,1,passed,transcoder_128_previous_iid
0.6218326577773154,0.6627702378873611,16,11,0,0.6199475826919292,up_to_four,1,passed,transcoder_128_previous_transfer
0.5763024732409227,0.5817430831361156,16,11,0,0.5545139744713864,single,1,passed,transcoder_128_previous_transfer
0.5292876916361134,,16,11,0,0.5263445689434506,up_to_four,1,passed,transcoder_128_query_iid
0.5067060277751515,,16,11,0,0.4103362113439799,single,1,passed,transcoder_128_query_iid
0.6496764359288402,0.6485548608007248,16,11,0,0.6496788338486598,up_to_four,1,passed,transcoder_128_A_iid
0.6457946711224354,0.6441783147940415,16,11,0,0.6458446277113918,single,1,passed,transcoder_128_A_iid
0.6457559808780968,0.6573635221310942,16,11,0,0.64570116557774,up_to_four,1,passed,transcoder_128_B_iid
0.6422443508525655,0.6353620703291418,16,11,0,0.6422799334750822,single,1,passed,transcoder_128_B_iid
0.6469612478919289,0.6513340614488989,16,11,0,0.6468594371171585,up_to_four,1,passed,transcoder_128_C_iid
0.6469612478919289,0.6513340614488989,16,11,0,0.6468594371171585,single,1,passed,transcoder_128_C_iid
0.6475582292563882,0.6684459161975513,16,11,0,0.647474209765697,up_to_four,1,passed,transcoder_128_D_iid
0.6459184085455888,0.6526029410068291,16,11,0,0.6459754690957161,single,1,passed,transcoder_128_D_iid
0.1244502725164904,,16,11,0,0.03724659807276848,up_to_four,1,passed,transcoder_128_state_iid
0.12033889705022632,,16,11,0,0.03914874671324403,single,1,passed,transcoder_128_state_iid
0.9991935711156261,0.9999975980076915,16,11,0,0.9991993266336989,full,1,passed,fullu_current_iid
0.999596917042791,0.9999998380867816,16,11,0,0.999596917042791,full,1,passed,fullu_current_transfer
0.892119825746551,0.9557752487541077,16,11,0,0.8922543804392691,full,1,passed,fullu_previous_iid
0.8074522311924833,0.9496243883772166,16,11,0,0.7970959933815421,full,1,passed,fullu_previous_transfer
1.0,,16,11,0,1.0,full,1,passed,fullu_query_iid
0.686150193635518,0.7678300193809199,16,11,0,0.6853840128735362,full,1,passed,fullu_A_iid
0.6727593090716328,0.7471105150614846,16,11,0,0.6726302178572385,full,1,passed,fullu_B_iid
0.6765671379497052,0.7591343100407655,16,11,0,0.6749023393853489,full,1,passed,fullu_C_iid
0.6637071387555884,0.7476200970402157,16,11,0,0.6573021801552474,full,1,passed,fullu_D_iid
0.1547811258979918,,16,11,0,0.10875848439290679,full,1,passed,fullu_state_iid
0.9993023013007909,0.9999936247120812,16,11,0,0.9992994229416828,full,1,passed,fullm_current_iid
0.9991938340855822,0.999999190433908,16,11,0,0.9991938340855822,full,1,passed,fullm_current_transfer
0.8344520354414342,0.9075207565963096,16,11,0,0.8335371047831921,full,1,passed,fullm_previous_iid
0.8116753541560627,0.9112066755584948,16,11,0,0.8044393164587902,full,1,passed,fullm_previous_transfer
0.9872563775975145,,16,11,0,0.9872577578587997,full,1,passed,fullm_query_iid
0.6522141785303188,0.715779495589954,16,11,0,0.6499687580095553,full,1,passed,fullm_A_iid
0.6489927163345811,0.706440237808618,16,11,0,0.6483205565177931,full,1,passed,fullm_B_iid
0.6541867496720944,0.6902228949467004,16,11,0,0.6502627134481702,full,1,passed,fullm_C_iid
0.653172071746442,0.6944650924067409,16,11,0,0.6526162959645752,full,1,passed,fullm_D_iid
0.12877282486478273,,16,11,0,0.051254569423573454,full,1,passed,fullm_state_iid
