balanced_accuracy,binary_auroc,difference_from_full,full_balanced_accuracy,k,layer,lm_seed,macro_f1,size,sparse_seed,status,task
0.513615613334324,0.5370279224399886,-0.08413818757830493,0.597753800912629,4,0,0,0.4114630595886267,up_to_four,1,passed,coordinate_current_iid
0.5124584135064989,0.5245778758733644,-0.08529538740613007,0.597753800912629,4,0,0,0.48618784274950233,single,1,passed,coordinate_current_iid
0.5,0.562100357698682,0.0,0.5,4,0,0,0.34615889691398555,up_to_four,1,passed,coordinate_current_transfer
0.5,0.5411701597824404,0.0,0.5,4,0,0,0.34615889691398555,single,1,passed,coordinate_current_transfer
0.5035746852374738,0.5404163316593649,-0.09585297622161182,0.5994276614590857,4,0,0,0.4731491591152548,up_to_four,1,passed,coordinate_previous_iid
0.5016286118001783,0.5254741457501444,-0.0977990496589074,0.5994276614590857,4,0,0,0.4721918660981983,single,1,passed,coordinate_previous_iid
0.5,0.5623649042766226,0.0,0.5,4,0,0,0.34202323604420515,up_to_four,1,passed,coordinate_previous_transfer
0.5,0.5460331363013216,0.0,0.5,4,0,0,0.34202323604420515,single,1,passed,coordinate_previous_transfer
1.0,,0.0,1.0,4,0,0,1.0,up_to_four,1,passed,coordinate_query_iid
0.8193501993940917,,-0.1806498006059083,1.0,4,0,0,0.792126508139082,single,1,passed,coordinate_query_iid
0.5199891094379856,0.5377075549149672,-0.10085408005317864,0.6208431894911642,4,0,0,0.516417415704845,up_to_four,1,passed,coordinate_A_iid
0.5115252441719922,0.5261666494036563,-0.10931794531917205,0.6208431894911642,4,0,0,0.4536994012557449,single,1,passed,coordinate_A_iid
0.5196483574929424,0.533936991346985,-0.09480692619040798,0.6144552836833503,4,0,0,0.5186941977605641,up_to_four,1,passed,coordinate_B_iid
0.5142533314355948,0.5260868812130456,-0.10020195224775552,0.6144552836833503,4,0,0,0.5061330400365818,single,1,passed,coordinate_B_iid
0.5255928957820336,0.5420427236757027,-0.09047102579501376,0.6160639215770474,4,0,0,0.4404470680659941,up_to_four,1,passed,coordinate_C_iid
0.5119758853228885,0.5256447678408356,-0.10408803625415886,0.6160639215770474,4,0,0,0.4536677155611323,single,1,passed,coordinate_C_iid
0.5337200650609081,0.5357759291943521,-0.08952475800828508,0.6232448230691932,4,0,0,0.5321156041172574,up_to_four,1,passed,coordinate_D_iid
0.5134856227697797,0.5295966259347058,-0.10975920029941344,0.6232448230691932,4,0,0,0.505787902719414,single,1,passed,coordinate_D_iid
0.07007657030100972,,-0.039681198247509444,0.10975776854851917,4,0,0,0.021181723752712524,up_to_four,1,passed,coordinate_state_iid
0.06835774123089618,,-0.04140002731762299,0.10975776854851917,4,0,0,0.02046779968794019,single,1,passed,coordinate_state_iid
0.513615613334324,0.5370279224399886,-0.08413818757830493,0.597753800912629,4,0,0,0.4114630595886267,up_to_four,1,passed,coordinate_128_current_iid
0.5124584135064989,0.5245778758733644,-0.08529538740613007,0.597753800912629,4,0,0,0.48618784274950233,single,1,passed,coordinate_128_current_iid
0.5,0.562100357698682,0.0,0.5,4,0,0,0.34615889691398555,up_to_four,1,passed,coordinate_128_current_transfer
0.5,0.5411701597824404,0.0,0.5,4,0,0,0.34615889691398555,single,1,passed,coordinate_128_current_transfer
0.5035746852374738,0.5404163316593649,-0.09585297622161182,0.5994276614590857,4,0,0,0.4731491591152548,up_to_four,1,passed,coordinate_128_previous_iid
0.5016286118001783,0.5254741457501444,-0.0977990496589074,0.5994276614590857,4,0,0,0.4721918660981983,single,1,passed,coordinate_128_previous_iid
0.5,0.5623649042766226,0.0,0.5,4,0,0,0.34202323604420515,up_to_four,1,passed,coordinate_128_previous_transfer
0.5,0.5460331363013216,0.0,0.5,4,0,0,0.34202323604420515,single,1,passed,coordinate_128_previous_transfer
1.0,,0.0,1.0,4,0,0,1.0,up_to_four,1,passed,coordinate_128_query_iid
0.8193501993940917,,-0.1806498006059083,1.0,4,0,0,0.792126508139082,single,1,passed,coordinate_128_query_iid
0.5199891094379856,0.5377075549149672,-0.10085408005317864,0.6208431894911642,4,0,0,0.516417415704845,up_to_four,1,passed,coordinate_128_A_iid
0.5115252441719922,0.5261666494036563,-0.10931794531917205,0.6208431894911642,4,0,0,0.4536994012557449,single,1,passed,coordinate_128_A_iid
0.5196483574929424,0.533936991346985,-0.09480692619040798,0.6144552836833503,4,0,0,0.5186941977605641,up_to_four,1,passed,coordinate_128_B_iid
0.5142533314355948,0.5260868812130456,-0.10020195224775552,0.6144552836833503,4,0,0,0.5061330400365818,single,1,passed,coordinate_128_B_iid
0.5255928957820336,0.5420427236757027,-0.09047102579501376,0.6160639215770474,4,0,0,0.4404470680659941,up_to_four,1,passed,coordinate_128_C_iid
0.5119758853228885,0.5256447678408356,-0.10408803625415886,0.6160639215770474,4,0,0,0.4536677155611323,single,1,passed,coordinate_128_C_iid
0.5337200650609081,0.5357759291943521,-0.08952475800828508,0.6232448230691932,4,0,0,0.5321156041172574,up_to_four,1,passed,coordinate_128_D_iid
0.5134856227697797,0.5295966259347058,-0.10975920029941344,0.6232448230691932,4,0,0,0.505787902719414,single,1,passed,coordinate_128_D_iid
0.07007657030100972,,-0.039681198247509444,0.10975776854851917,4,0,0,0.021181723752712524,up_to_four,1,passed,coordinate_128_state_iid
0.06835774123089618,,-0.04140002731762299,0.10975776854851917,4,0,0,0.02046779968794019,single,1,passed,coordinate_128_state_iid
0.527218496109413,0.5409611748368567,-0.07053530480321601,0.597753800912629,4,0,0,0.4732020672430245,up_to_four,1,passed,random_current_iid
0.5090662399020243,0.5226378667521989,-0.08868756101060471,0.597753800912629,4,0,0,0.48477353121093647,single,1,passed,random_current_iid
0.5,0.5594514574456441,0.0,0.5,4,0,0,0.3199945370117454,up_to_four,1,passed,random_current_transfer
0.5,0.565111133994846,0.0,0.5,4,0,0,0.3199945370117454,single,1,passed,random_current_transfer
0.508528642157238,0.5265952900484847,-0.09089901930184763,0.5994276614590857,4,0,0,0.49687473808326477,up_to_four,1,passed,random_previous_iid
0.5045469887216999,0.5279830430013698,-0.09488067273738576,0.5994276614590857,4,0,0,0.48021107698362764,single,1,passed,random_previous_iid
0.512776925334651,0.5563995155315963,0.012776925334651024,0.5,4,0,0,0.40837867772163056,up_to_four,1,passed,random_previous_transfer
0.5,0.5691950171087193,0.0,0.5,4,0,0,0.32441082339249344,single,1,passed,random_previous_transfer
1.0,,0.0,1.0,4,0,0,1.0,up_to_four,1,passed,random_query_iid
0.9659431886377275,,-0.034056811362272454,1.0,4,0,0,0.9657245068965086,single,1,passed,random_query_iid
0.5224137940872333,0.5381736111467733,-0.09842939540393092,0.6208431894911642,4,0,0,0.5179725196992881,up_to_four,1,passed,random_A_iid
0.5019474167203902,0.5122082016947461,-0.11889577277077401,0.6208431894911642,4,0,0,0.4974969147631606,single,1,passed,random_A_iid
0.5745576070627891,0.5989159555884369,-0.03989767662056121,0.6144552836833503,4,0,0,0.5745658318826046,up_to_four,1,passed,random_B_iid
0.5089264486519519,0.5193265631406568,-0.10552883503139843,0.6144552836833503,4,0,0,0.48499825844046374,single,1,passed,random_B_iid
0.5315217210971104,0.5477672608825844,-0.08454220047993699,0.6160639215770474,4,0,0,0.48523107177974434,up_to_four,1,passed,random_C_iid
0.5112378510303074,0.5305643080973884,-0.10482607054673998,0.6160639215770474,4,0,0,0.46536721509222345,single,1,passed,random_C_iid
0.5206266534391535,0.5320720632709641,-0.10261816963003967,0.6232448230691932,4,0,0,0.5183614578909879,up_to_four,1,passed,random_D_iid
0.5109585204667568,0.5244845779949038,-0.11228630260243633,0.6232448230691932,4,0,0,0.49419596431801915,single,1,passed,random_D_iid
0.07391551307141066,,-0.03584225547710851,0.10975776854851917,4,0,0,0.022166777538899507,up_to_four,1,passed,random_state_iid
0.06682780807542106,,-0.042929960473098105,0.10975776854851917,4,0,0,0.019870543859454932,single,1,passed,random_state_iid
0.5076308893648749,0.5162289209161647,-0.09012291154775409,0.597753800912629,4,0,0,0.4833788910460146,up_to_four,1,passed,random_128_current_iid
0.5050502688950324,0.5068279633859508,-0.09270353201759662,0.597753800912629,4,0,0,0.47601133035803445,single,1,passed,random_128_current_iid
0.5,0.5539632469947288,0.0,0.5,4,0,0,0.34615889691398555,up_to_four,1,passed,random_128_current_transfer
0.5,0.5526371777360257,0.0,0.5,4,0,0,0.34615889691398555,single,1,passed,random_128_current_transfer
0.5153562035500324,0.5160077545024924,-0.08407145790905324,0.5994276614590857,4,0,0,0.5149361700841029,up_to_four,1,passed,random_128_previous_iid
0.5016032199498883,0.5140266128299397,-0.09782444150919734,0.5994276614590857,4,0,0,0.47249344726008,single,1,passed,random_128_previous_iid
0.5841234428464748,0.6126710407525607,0.08412344284647477,0.5,4,0,0,0.5756591797191843,up_to_four,1,passed,random_128_previous_transfer
0.5,0.5423293121960462,0.0,0.5,4,0,0,0.34202323604420515,single,1,passed,random_128_previous_transfer
1.0,,0.0,1.0,4,0,0,1.0,up_to_four,1,passed,random_128_query_iid
0.9990968067081984,,-0.0009031932918015517,1.0,4,0,0,0.9990980063572061,single,1,passed,random_128_query_iid
0.5292651420300285,0.5276243852448821,-0.09157804746113574,0.6208431894911642,4,0,0,0.5284656954858566,up_to_four,1,passed,random_128_A_iid
0.5122697208770939,0.5217147998335183,-0.10857346861407036,0.6208431894911642,4,0,0,0.4910643422024491,single,1,passed,random_128_A_iid
0.538354796830179,0.5359440258942039,-0.07610048685317139,0.6144552836833503,4,0,0,0.5243723226363836,up_to_four,1,passed,random_128_B_iid
0.5161571404304589,0.517031305560283,-0.09829814325289143,0.6144552836833503,4,0,0,0.46665008601065877,single,1,passed,random_128_B_iid
0.5352198678765561,0.5687460335300708,-0.0808440537004913,0.6160639215770474,4,0,0,0.5068455781939517,up_to_four,1,passed,random_128_C_iid
0.5,0.5194591673343515,-0.11606392157704737,0.6160639215770474,4,0,0,0.3347303994943951,single,1,passed,random_128_C_iid
0.5136897391924039,0.5277557179034135,-0.10955508387678925,0.6232448230691932,4,0,0,0.4987196800708307,up_to_four,1,passed,random_128_D_iid
0.5136897391924039,0.5277557179034135,-0.10955508387678925,0.6232448230691932,4,0,0,0.4987196800708307,single,1,passed,random_128_D_iid
0.07161265053651228,,-0.03814511801200689,0.10975776854851917,4,0,0,0.02145014265622945,up_to_four,1,passed,random_128_state_iid
0.06318334025268678,,-0.04657442829583239,0.10975776854851917,4,0,0,0.013457118003499361,single,1,passed,random_128_state_iid
0.5019564227352735,0.5042083956116561,-0.09579737817735545,0.597753800912629,4,0,0,0.3383437200762306,up_to_four,1,passed,sae_current_iid
0.500985617510588,0.5009353758381352,-0.09676818340204096,0.597753800912629,4,0,0,0.3316940894728421,single,1,passed,sae_current_iid
0.5003793626707133,0.500877731556951,0.0003793626707132569,0.5,4,0,0,0.3208401173268373,up_to_four,1,passed,sae_current_transfer
0.5,0.5,0.0,0.5,4,0,0,0.34615889691398555,single,1,passed,sae_current_transfer
0.5015324022064467,0.5028626857464655,-0.09789525925263898,0.5994276614590857,4,0,0,0.3373402155554082,up_to_four,1,passed,sae_previous_iid
0.5006670989863005,0.5006671394007962,-0.0987605624727852,0.5994276614590857,4,0,0,0.3401474759849089,single,1,passed,sae_previous_iid
0.5,0.5002071251035626,0.0,0.5,4,0,0,0.32441082339249344,up_to_four,1,passed,sae_previous_transfer
0.5,0.5,0.0,0.5,4,0,0,0.34202323604420515,single,1,passed,sae_previous_transfer
1.0,,0.0,1.0,4,0,0,1.0,up_to_four,1,passed,sae_query_iid
0.5,,-0.5,1.0,4,0,0,0.37533093561116937,single,1,passed,sae_query_iid
0.5030866152348084,0.5037570046453764,-0.11775657425635588,0.6208431894911642,4,0,0,0.3399367552040168,up_to_four,1,passed,sae_A_iid
0.5017758827607255,0.5018220259014027,-0.11906730673043875,0.6208431894911642,4,0,0,0.3318374092177119,single,1,passed,sae_A_iid
0.5021754414923653,0.5001842369978631,-0.11227984219098508,0.6144552836833503,4,0,0,0.3400348803499829,up_to_four,1,passed,sae_B_iid
0.5009022929921417,0.5009497831502918,-0.11355299069120861,0.6144552836833503,4,0,0,0.33231340159632694,single,1,passed,sae_B_iid
0.5003748148764025,0.5004254218849946,-0.11568910670064492,0.6160639215770474,4,0,0,0.3359519939322589,up_to_four,1,passed,sae_C_iid
0.5003748148764025,0.5004254218849946,-0.11568910670064492,0.6160639215770474,4,0,0,0.3359519939322589,single,1,passed,sae_C_iid
0.502556101574997,0.503177062505127,-0.12068872149419618,0.6232448230691932,4,0,0,0.3445553310971938,up_to_four,1,passed,sae_D_iid
0.5014547701078709,0.5015042971794123,-0.12179005296132228,0.6232448230691932,4,0,0,0.33048169665473004,single,1,passed,sae_D_iid
0.0625476956605429,,-0.04721007288797627,0.10975776854851917,4,0,0,0.011324150251300388,up_to_four,1,passed,sae_state_iid
0.0625,,-0.047257768548519166,0.10975776854851917,4,0,0,0.011161832339146669,single,1,passed,sae_state_iid
0.5014201379191957,0.5025072496131191,-0.09633366299343327,0.597753800912629,4,0,0,0.33273995090476594,up_to_four,1,passed,sae_128_current_iid
0.5008175581154032,0.5008176481901148,-0.09693624279722579,0.597753800912629,4,0,0,0.3289631527826409,single,1,passed,sae_128_current_iid
0.5000711608594871,0.4981608277521847,7.116085948710715e-05,0.5,4,0,0,0.34731472627611953,up_to_four,1,passed,sae_128_current_transfer
0.4996915553189464,0.49809152889470915,-0.0003084446810536212,0.5,4,0,0,0.32721188202871926,single,1,passed,sae_128_current_transfer
0.4999228371807356,0.5019592023748943,-0.09950482427835006,0.5994276614590857,4,0,0,0.329004540261658,up_to_four,1,passed,sae_128_previous_iid
0.4999228371807356,0.5019592023748943,-0.09950482427835006,0.5994276614590857,4,0,0,0.329004540261658,single,1,passed,sae_128_previous_iid
0.5,0.49944884288585645,0.0,0.5,4,0,0,0.34202323604420515,up_to_four,1,passed,sae_128_previous_transfer
0.5,0.49944884288585645,0.0,0.5,4,0,0,0.34202323604420515,single,1,passed,sae_128_previous_transfer
0.7203755774251858,,-0.27962442257481424,1.0,4,0,0,0.644779542450771,up_to_four,1,passed,sae_128_query_iid
0.5,,-0.5,1.0,4,0,0,0.37533093561116937,single,1,passed,sae_128_query_iid
0.5005646440875301,0.4994837564082231,-0.12027854540363414,0.6208431894911642,4,0,0,0.43310098374698547,up_to_four,1,passed,sae_128_A_iid
0.5003131817393769,0.5003130916453827,-0.12053000775178735,0.6208431894911642,4,0,0,0.3275104008704242,single,1,passed,sae_128_A_iid
0.5000176512092239,0.5006653625318223,-0.11443763247412642,0.6144552836833503,4,0,0,0.33952915692170665,up_to_four,1,passed,sae_128_B_iid
0.5003212239900826,0.5003210738947661,-0.11413405969326773,0.6144552836833503,4,0,0,0.329130165200469,single,1,passed,sae_128_B_iid
0.5005566370929262,0.500655901032712,-0.11550728448412118,0.6160639215770474,4,0,0,0.33640469788035515,up_to_four,1,passed,sae_128_C_iid
0.5000993739441518,0.5000993739441518,-0.11596454763289554,0.6160639215770474,4,0,0,0.3321512722838546,single,1,passed,sae_128_C_iid
0.5001813656125672,0.5006420845365628,-0.12306345745662595,0.6232448230691932,4,0,0,0.33750829794211035,up_to_four,1,passed,sae_128_D_iid
0.4994727259443829,0.4999195710799393,-0.12377209712481024,0.6232448230691932,4,0,0,0.3356332570766023,single,1,passed,sae_128_D_iid
0.06243625701172871,,-0.047321511536790456,0.10975776854851917,4,0,0,0.011155528221948886,up_to_four,1,passed,sae_128_state_iid
0.0625,,-0.047257768548519166,0.10975776854851917,4,0,0,0.011162848945762558,single,1,passed,sae_128_state_iid
0.513615613334324,0.5370279224399886,-0.08413818757830493,0.597753800912629,16,0,0,0.4114630595886267,up_to_four,1,passed,coordinate_current_iid
0.5124584135064989,0.5245778758733644,-0.08529538740613007,0.597753800912629,16,0,0,0.48618784274950233,single,1,passed,coordinate_current_iid
0.5,0.562100357698682,0.0,0.5,16,0,0,0.34615889691398555,up_to_four,1,passed,coordinate_current_transfer
0.5,0.5411701597824404,0.0,0.5,16,0,0,0.34615889691398555,single,1,passed,coordinate_current_transfer
0.5035746852374738,0.5404163316593649,-0.09585297622161182,0.5994276614590857,16,0,0,0.4731491591152548,up_to_four,1,passed,coordinate_previous_iid
0.5016286118001783,0.5254741457501444,-0.0977990496589074,0.5994276614590857,16,0,0,0.4721918660981983,single,1,passed,coordinate_previous_iid
0.5,0.5623649042766226,0.0,0.5,16,0,0,0.34202323604420515,up_to_four,1,passed,coordinate_previous_transfer
0.5,0.5460331363013216,0.0,0.5,16,0,0,0.34202323604420515,single,1,passed,coordinate_previous_transfer
1.0,,0.0,1.0,16,0,0,1.0,up_to_four,1,passed,coordinate_query_iid
0.8193501993940917,,-0.1806498006059083,1.0,16,0,0,0.792126508139082,single,1,passed,coordinate_query_iid
0.5199891094379856,0.5377075549149672,-0.10085408005317864,0.6208431894911642,16,0,0,0.516417415704845,up_to_four,1,passed,coordinate_A_iid
0.5115252441719922,0.5261666494036563,-0.10931794531917205,0.6208431894911642,16,0,0,0.4536994012557449,single,1,passed,coordinate_A_iid
0.5196483574929424,0.533936991346985,-0.09480692619040798,0.6144552836833503,16,0,0,0.5186941977605641,up_to_four,1,passed,coordinate_B_iid
0.5142533314355948,0.5260868812130456,-0.10020195224775552,0.6144552836833503,16,0,0,0.5061330400365818,single,1,passed,coordinate_B_iid
0.5255928957820336,0.5420427236757027,-0.09047102579501376,0.6160639215770474,16,0,0,0.4404470680659941,up_to_four,1,passed,coordinate_C_iid
0.5119758853228885,0.5256447678408356,-0.10408803625415886,0.6160639215770474,16,0,0,0.4536677155611323,single,1,passed,coordinate_C_iid
0.5337200650609081,0.5357759291943521,-0.08952475800828508,0.6232448230691932,16,0,0,0.5321156041172574,up_to_four,1,passed,coordinate_D_iid
0.5134856227697797,0.5295966259347058,-0.10975920029941344,0.6232448230691932,16,0,0,0.505787902719414,single,1,passed,coordinate_D_iid
0.07007657030100972,,-0.039681198247509444,0.10975776854851917,16,0,0,0.021181723752712524,up_to_four,1,passed,coordinate_state_iid
0.06835774123089618,,-0.04140002731762299,0.10975776854851917,16,0,0,0.02046779968794019,single,1,passed,coordinate_state_iid
0.513615613334324,0.5370279224399886,-0.08413818757830493,0.597753800912629,16,0,0,0.4114630595886267,up_to_four,1,passed,coordinate_128_current_iid
0.5124584135064989,0.5245778758733644,-0.08529538740613007,0.597753800912629,16,0,0,0.48618784274950233,single,1,passed,coordinate_128_current_iid
0.5,0.562100357698682,0.0,0.5,16,0,0,0.34615889691398555,up_to_four,1,passed,coordinate_128_current_transfer
0.5,0.5411701597824404,0.0,0.5,16,0,0,0.34615889691398555,single,1,passed,coordinate_128_current_transfer
0.5035746852374738,0.5404163316593649,-0.09585297622161182,0.5994276614590857,16,0,0,0.4731491591152548,up_to_four,1,passed,coordinate_128_previous_iid
0.5016286118001783,0.5254741457501444,-0.0977990496589074,0.5994276614590857,16,0,0,0.4721918660981983,single,1,passed,coordinate_128_previous_iid
0.5,0.5623649042766226,0.0,0.5,16,0,0,0.34202323604420515,up_to_four,1,passed,coordinate_128_previous_transfer
0.5,0.5460331363013216,0.0,0.5,16,0,0,0.34202323604420515,single,1,passed,coordinate_128_previous_transfer
1.0,,0.0,1.0,16,0,0,1.0,up_to_four,1,passed,coordinate_128_query_iid
0.8193501993940917,,-0.1806498006059083,1.0,16,0,0,0.792126508139082,single,1,passed,coordinate_128_query_iid
0.5199891094379856,0.5377075549149672,-0.10085408005317864,0.6208431894911642,16,0,0,0.516417415704845,up_to_four,1,passed,coordinate_128_A_iid
0.5115252441719922,0.5261666494036563,-0.10931794531917205,0.6208431894911642,16,0,0,0.4536994012557449,single,1,passed,coordinate_128_A_iid
0.5196483574929424,0.533936991346985,-0.09480692619040798,0.6144552836833503,16,0,0,0.5186941977605641,up_to_four,1,passed,coordinate_128_B_iid
0.5142533314355948,0.5260868812130456,-0.10020195224775552,0.6144552836833503,16,0,0,0.5061330400365818,single,1,passed,coordinate_128_B_iid
0.5255928957820336,0.5420427236757027,-0.09047102579501376,0.6160639215770474,16,0,0,0.4404470680659941,up_to_four,1,passed,coordinate_128_C_iid
0.5119758853228885,0.5256447678408356,-0.10408803625415886,0.6160639215770474,16,0,0,0.4536677155611323,single,1,passed,coordinate_128_C_iid
0.5337200650609081,0.5357759291943521,-0.08952475800828508,0.6232448230691932,16,0,0,0.5321156041172574,up_to_four,1,passed,coordinate_128_D_iid
0.5134856227697797,0.5295966259347058,-0.10975920029941344,0.6232448230691932,16,0,0,0.505787902719414,single,1,passed,coordinate_128_D_iid
0.07007657030100972,,-0.039681198247509444,0.10975776854851917,16,0,0,0.021181723752712524,up_to_four,1,passed,coordinate_128_state_iid
0.06835774123089618,,-0.04140002731762299,0.10975776854851917,16,0,0,0.02046779968794019,single,1,passed,coordinate_128_state_iid
0.527218496109413,0.5409611748368567,-0.07053530480321601,0.597753800912629,16,0,0,0.4732020672430245,up_to_four,1,passed,random_current_iid
0.5090662399020243,0.5226378667521989,-0.08868756101060471,0.597753800912629,16,0,0,0.48477353121093647,single,1,passed,random_current_iid
0.5,0.5594514574456441,0.0,0.5,16,0,0,0.3199945370117454,up_to_four,1,passed,random_current_transfer
0.5,0.565111133994846,0.0,0.5,16,0,0,0.3199945370117454,single,1,passed,random_current_transfer
0.508528642157238,0.5265952900484847,-0.09089901930184763,0.5994276614590857,16,0,0,0.49687473808326477,up_to_four,1,passed,random_previous_iid
0.5045469887216999,0.5279830430013698,-0.09488067273738576,0.5994276614590857,16,0,0,0.48021107698362764,single,1,passed,random_previous_iid
0.512776925334651,0.5563995155315963,0.012776925334651024,0.5,16,0,0,0.40837867772163056,up_to_four,1,passed,random_previous_transfer
0.5,0.5691950171087193,0.0,0.5,16,0,0,0.32441082339249344,single,1,passed,random_previous_transfer
1.0,,0.0,1.0,16,0,0,1.0,up_to_four,1,passed,random_query_iid
0.9659431886377275,,-0.034056811362272454,1.0,16,0,0,0.9657245068965086,single,1,passed,random_query_iid
0.5224137940872333,0.5381736111467733,-0.09842939540393092,0.6208431894911642,16,0,0,0.5179725196992881,up_to_four,1,passed,random_A_iid
0.5019474167203902,0.5122082016947461,-0.11889577277077401,0.6208431894911642,16,0,0,0.4974969147631606,single,1,passed,random_A_iid
0.5745576070627891,0.5989159555884369,-0.03989767662056121,0.6144552836833503,16,0,0,0.5745658318826046,up_to_four,1,passed,random_B_iid
0.5089264486519519,0.5193265631406568,-0.10552883503139843,0.6144552836833503,16,0,0,0.48499825844046374,single,1,passed,random_B_iid
0.5315217210971104,0.5477672608825844,-0.08454220047993699,0.6160639215770474,16,0,0,0.48523107177974434,up_to_four,1,passed,random_C_iid
0.5112378510303074,0.5305643080973884,-0.10482607054673998,0.6160639215770474,16,0,0,0.46536721509222345,single,1,passed,random_C_iid
0.5206266534391535,0.5320720632709641,-0.10261816963003967,0.6232448230691932,16,0,0,0.5183614578909879,up_to_four,1,passed,random_D_iid
0.5109585204667568,0.5244845779949038,-0.11228630260243633,0.6232448230691932,16,0,0,0.49419596431801915,single,1,passed,random_D_iid
0.07391551307141066,,-0.03584225547710851,0.10975776854851917,16,0,0,0.022166777538899507,up_to_four,1,passed,random_state_iid
0.06682780807542106,,-0.042929960473098105,0.10975776854851917,16,0,0,0.019870543859454932,single,1,passed,random_state_iid
0.5076308893648749,0.5162289209161647,-0.09012291154775409,0.597753800912629,16,0,0,0.4833788910460146,up_to_four,1,passed,random_128_current_iid
0.5050502688950324,0.5068279633859508,-0.09270353201759662,0.597753800912629,16,0,0,0.47601133035803445,single,1,passed,random_128_current_iid
0.5,0.5539632469947288,0.0,0.5,16,0,0,0.34615889691398555,up_to_four,1,passed,random_128_current_transfer
0.5,0.5526371777360257,0.0,0.5,16,0,0,0.34615889691398555,single,1,passed,random_128_current_transfer
0.5153562035500324,0.5160077545024924,-0.08407145790905324,0.5994276614590857,16,0,0,0.5149361700841029,up_to_four,1,passed,random_128_previous_iid
0.5016032199498883,0.5140266128299397,-0.09782444150919734,0.5994276614590857,16,0,0,0.47249344726008,single,1,passed,random_128_previous_iid
0.5841234428464748,0.6126710407525607,0.08412344284647477,0.5,16,0,0,0.5756591797191843,up_to_four,1,passed,random_128_previous_transfer
0.5,0.5423293121960462,0.0,0.5,16,0,0,0.34202323604420515,single,1,passed,random_128_previous_transfer
1.0,,0.0,1.0,16,0,0,1.0,up_to_four,1,passed,random_128_query_iid
0.9990968067081984,,-0.0009031932918015517,1.0,16,0,0,0.9990980063572061,single,1,passed,random_128_query_iid
0.5292651420300285,0.5276243852448821,-0.09157804746113574,0.6208431894911642,16,0,0,0.5284656954858566,up_to_four,1,passed,random_128_A_iid
0.5122697208770939,0.5217147998335183,-0.10857346861407036,0.6208431894911642,16,0,0,0.4910643422024491,single,1,passed,random_128_A_iid
0.538354796830179,0.5359440258942039,-0.07610048685317139,0.6144552836833503,16,0,0,0.5243723226363836,up_to_four,1,passed,random_128_B_iid
0.5161571404304589,0.517031305560283,-0.09829814325289143,0.6144552836833503,16,0,0,0.46665008601065877,single,1,passed,random_128_B_iid
0.5352198678765561,0.5687460335300708,-0.0808440537004913,0.6160639215770474,16,0,0,0.5068455781939517,up_to_four,1,passed,random_128_C_iid
0.5,0.5194591673343515,-0.11606392157704737,0.6160639215770474,16,0,0,0.3347303994943951,single,1,passed,random_128_C_iid
0.5136897391924039,0.5277557179034135,-0.10955508387678925,0.6232448230691932,16,0,0,0.4987196800708307,up_to_four,1,passed,random_128_D_iid
0.5136897391924039,0.5277557179034135,-0.10955508387678925,0.6232448230691932,16,0,0,0.4987196800708307,single,1,passed,random_128_D_iid
0.07161265053651228,,-0.03814511801200689,0.10975776854851917,16,0,0,0.02145014265622945,up_to_four,1,passed,random_128_state_iid
0.06318334025268678,,-0.04657442829583239,0.10975776854851917,16,0,0,0.013457118003499361,single,1,passed,random_128_state_iid
0.5666309463721589,0.5943881392982595,-0.031122854540470035,0.597753800912629,16,0,0,0.5622211558744051,up_to_four,1,passed,sae_current_iid
0.549952232379625,0.5570752905289763,-0.04780156853300399,0.597753800912629,16,0,0,0.5337651025309704,single,1,passed,sae_current_iid
0.5284037882511883,0.6265184221621632,0.028403788251188278,0.5,16,0,0,0.40921254724651296,up_to_four,1,passed,sae_current_transfer
0.5984108541440393,0.6220101105090098,0.09841085414403927,0.5,16,0,0,0.5983937200927044,single,1,passed,sae_current_transfer
0.5574709139761294,0.5810688975930166,-0.0419567474829563,0.5994276614590857,16,0,0,0.5488050827124988,up_to_four,1,passed,sae_previous_iid
0.5459179685041752,0.5562598762923834,-0.05350969295491048,0.5994276614590857,16,0,0,0.5320360440959007,single,1,passed,sae_previous_iid
0.5289393708598199,0.6217496219734657,0.028939370859819902,0.5,16,0,0,0.4059140141108189,up_to_four,1,passed,sae_previous_transfer
0.5905998640219051,0.6160346409769617,0.09059986402190512,0.5,16,0,0,0.5904690745429324,single,1,passed,sae_previous_transfer
1.0,,0.0,1.0,16,0,0,1.0,up_to_four,1,passed,sae_query_iid
0.5,,-0.5,1.0,16,0,0,0.37485014985014986,single,1,passed,sae_query_iid
0.5861133962451687,0.6148207613521111,-0.034729793245995566,0.6208431894911642,16,0,0,0.5841222152087396,up_to_four,1,passed,sae_A_iid
0.5611904093421626,0.5716003349134118,-0.05965278014900166,0.6208431894911642,16,0,0,0.5504795803144555,single,1,passed,sae_A_iid
0.5768513636899977,0.5976133483807557,-0.037603919993352664,0.6144552836833503,16,0,0,0.5747646387929635,up_to_four,1,passed,sae_B_iid
0.5572624039169835,0.5710868930205437,-0.05719287976636689,0.6144552836833503,16,0,0,0.5552949821623036,single,1,passed,sae_B_iid
0.5834984040516568,0.6173757836448529,-0.03256551752539061,0.6160639215770474,16,0,0,0.5761790186176634,up_to_four,1,passed,sae_C_iid
0.5581841343282915,0.5710909966016551,-0.057879787248755865,0.6160639215770474,16,0,0,0.5554578832155523,single,1,passed,sae_C_iid
0.5788346009700176,0.6070059016722806,-0.044410222099175556,0.6232448230691932,16,0,0,0.5772748970121939,up_to_four,1,passed,sae_D_iid
0.5572013042943276,0.5737842315577447,-0.06604351877486558,0.6232448230691932,16,0,0,0.5555022203144224,single,1,passed,sae_D_iid
0.09362088088833462,,-0.01613688766018455,0.10975776854851917,16,0,0,0.028159450094497072,up_to_four,1,passed,sae_state_iid
0.08653550894252046,,-0.023222259605998705,0.10975776854851917,16,0,0,0.026208599517942112,single,1,passed,sae_state_iid
0.5199301308477303,0.5223618578193496,-0.07782367006489865,0.597753800912629,16,0,0,0.4454046503552909,up_to_four,1,passed,sae_128_current_iid
0.5167392441987082,0.5182267730146093,-0.08101455671392077,0.597753800912629,16,0,0,0.4226698491662055,single,1,passed,sae_128_current_iid
0.5008536064874093,0.5006642489784895,0.0008536064874092864,0.5,16,0,0,0.34804512585975816,up_to_four,1,passed,sae_128_current_transfer
0.5008536064874093,0.5008536064874093,0.0008536064874092864,0.5,16,0,0,0.34804512585975816,single,1,passed,sae_128_current_transfer
0.5224760310286332,0.5241416220923647,-0.0769516304304525,0.5994276614590857,16,0,0,0.4463047028784205,up_to_four,1,passed,sae_128_previous_iid
0.5155439635234927,0.5165014233408031,-0.08388369793559292,0.5994276614590857,16,0,0,0.41802228273865205,single,1,passed,sae_128_previous_iid
0.5000170901430742,0.5000169972618619,1.7090143074161013e-05,0.5,16,0,0,0.3424264867237218,up_to_four,1,passed,sae_128_previous_transfer
0.5000170901430742,0.5000169972618619,1.7090143074161013e-05,0.5,16,0,0,0.3424264867237218,single,1,passed,sae_128_previous_transfer
1.0,,0.0,1.0,16,0,0,1.0,up_to_four,1,passed,sae_128_query_iid
0.5,,-0.5,1.0,16,0,0,0.37533093561116937,single,1,passed,sae_128_query_iid
0.5254255261972263,0.5338538944295194,-0.09541766329393797,0.6208431894911642,16,0,0,0.45627402961536623,up_to_four,1,passed,sae_128_A_iid
0.5183583881227446,0.5184558147669882,-0.10248480136841964,0.6208431894911642,16,0,0,0.42733283409569345,single,1,passed,sae_128_A_iid
0.5217512128902339,0.5268913470810503,-0.09270407079311649,0.6144552836833503,16,0,0,0.4480669563538107,up_to_four,1,passed,sae_128_B_iid
0.516843416243051,0.5174928736744983,-0.09761186744029937,0.6144552836833503,16,0,0,0.42357209737827717,single,1,passed,sae_128_B_iid
0.5248884028207079,0.5289662596708463,-0.09117551875633945,0.6160639215770474,16,0,0,0.44448805049374457,up_to_four,1,passed,sae_128_C_iid
0.5180758224293922,0.5207186373227153,-0.09798809914765516,0.6160639215770474,16,0,0,0.4181613958377308,single,1,passed,sae_128_C_iid
0.5212990840716132,0.5266546768295497,-0.10194573899757997,0.6232448230691932,16,0,0,0.4501985205196345,up_to_four,1,passed,sae_128_D_iid
0.5177735095976375,0.5192109862860681,-0.1054713134715557,0.6232448230691932,16,0,0,0.42688100360093206,single,1,passed,sae_128_D_iid
0.07311006300128119,,-0.03664770554723798,0.10975776854851917,16,0,0,0.022544535886908346,up_to_four,1,passed,sae_128_state_iid
0.07086769747180133,,-0.03889007107671784,0.10975776854851917,16,0,0,0.021552416175690592,single,1,passed,sae_128_state_iid
0.9219328479814297,0.9852406379947783,-0.008001917110127765,0.9299347650915575,4,3,0,0.9221798074908716,up_to_four,1,passed,coordinate_current_iid
0.9106722279727697,0.975676925469061,-0.01926253711878778,0.9299347650915575,4,3,0,0.9099498809087174,single,1,passed,coordinate_current_iid
0.928015326057601,0.9882365189435227,0.001923124251556163,0.9260922018060448,4,3,0,0.9252811354823718,up_to_four,1,passed,coordinate_current_transfer
0.9163251107324502,0.9739264667880368,-0.009767091073594636,0.9260922018060448,4,3,0,0.9154939480932615,single,1,passed,coordinate_current_transfer
0.700087341498678,0.7805575791670896,-0.15023305884962557,0.8503204003483036,4,3,0,0.7001165094757853,up_to_four,1,passed,coordinate_previous_iid
0.6774991717915134,0.7373028624201655,-0.17282122855679016,0.8503204003483036,4,3,0,0.6774960631253688,single,1,passed,coordinate_previous_iid
0.5570853504036618,0.8416260156560571,-0.01230155928979304,0.5693869096934548,4,3,0,0.4623519060467336,up_to_four,1,passed,coordinate_previous_transfer
0.5760520654924005,0.7791184458372499,0.0066651557989456656,0.5693869096934548,4,3,0,0.5025160014754286,single,1,passed,coordinate_previous_transfer
0.9976902992568789,,-0.0023097007431210903,1.0,4,3,0,0.9976959667994605,up_to_four,1,passed,coordinate_query_iid
0.9196344616157235,,-0.08036553838427651,1.0,4,3,0,0.9189854902240815,single,1,passed,coordinate_query_iid
0.629104853802924,0.6429308733508582,-0.023297686243080595,0.6524025400460046,4,3,0,0.6283465426937134,up_to_four,1,passed,coordinate_A_iid
0.6259368836913863,0.6427823083544831,-0.026465656354618283,0.6524025400460046,4,3,0,0.6252999063249767,single,1,passed,coordinate_A_iid
0.6268461924060256,0.6314865191991522,-0.024062200459779914,0.6509083928658055,4,3,0,0.6268210196292243,up_to_four,1,passed,coordinate_B_iid
0.6175385817009234,0.6283892723234963,-0.033369811164882135,0.6509083928658055,4,3,0,0.6140008997257997,single,1,passed,coordinate_B_iid
0.6323014460443935,0.6610213959392048,-0.022696165810821012,0.6549976118552145,4,3,0,0.632036273713948,up_to_four,1,passed,coordinate_C_iid
0.6261921435661781,0.6496223135096232,-0.028805468289036407,0.6549976118552145,4,3,0,0.6245237976907331,single,1,passed,coordinate_C_iid
0.6290467602846479,0.6450127821100448,-0.02807433939338011,0.657121099678028,4,3,0,0.6252031464754915,up_to_four,1,passed,coordinate_D_iid
0.6250060882449449,0.6468389051188682,-0.03211501143308315,0.657121099678028,4,3,0,0.6217305962500785,single,1,passed,coordinate_D_iid
0.12056810575822488,,-0.01383485187084238,0.13440295762906726,4,3,0,0.04993033085117984,up_to_four,1,passed,coordinate_state_iid
0.11564912487232096,,-0.018753832756746303,0.13440295762906726,4,3,0,0.034818850168096556,single,1,passed,coordinate_state_iid
0.9157514809083247,0.9817515940421623,-0.01418328418323278,0.9299347650915575,4,3,0,0.9156059359602984,up_to_four,1,passed,coordinate_128_current_iid
0.9015742817722732,0.9745218574094097,-0.028360483319284313,0.9299347650915575,4,3,0,0.9014037857359596,single,1,passed,coordinate_128_current_iid
0.9144978391061873,0.9851269755841343,-0.011594362699857474,0.9260922018060448,4,3,0,0.9166922949095779,up_to_four,1,passed,coordinate_128_current_transfer
0.8885621749996924,0.9854802702266849,-0.03753002680635242,0.9260922018060448,4,3,0,0.8817145577995069,single,1,passed,coordinate_128_current_transfer
0.7221033285494117,0.8003597351996055,-0.12821707179889186,0.8503204003483036,4,3,0,0.7220140493838169,up_to_four,1,passed,coordinate_128_previous_iid
0.6579573543932116,0.7223148060583408,-0.19236304595509202,0.8503204003483036,4,3,0,0.6501908132943417,single,1,passed,coordinate_128_previous_iid
0.5843862966774532,0.8363683817492132,0.014999386983998386,0.5693869096934548,4,3,0,0.5117740474079558,up_to_four,1,passed,coordinate_128_previous_transfer
0.5760520654924005,0.7791184458372499,0.0066651557989456656,0.5693869096934548,4,3,0,0.5025160014754286,single,1,passed,coordinate_128_previous_transfer
0.9684243550549888,,-0.031575644945011194,1.0,4,3,0,0.9685774842072855,up_to_four,1,passed,coordinate_128_query_iid
0.7362322345815643,,-0.2637677654184357,1.0,4,3,0,0.7299373324696163,single,1,passed,coordinate_128_query_iid
0.6242329610058879,0.6406437071732568,-0.028169579040116743,0.6524025400460046,4,3,0,0.6242475968597136,up_to_four,1,passed,coordinate_128_A_iid
0.6261234433271887,0.6388089479873457,-0.026279096718815897,0.6524025400460046,4,3,0,0.6259294735411987,single,1,passed,coordinate_128_A_iid
0.6255074822715416,0.6396109385304043,-0.02540091059426386,0.6509083928658055,4,3,0,0.6254359443086318,up_to_four,1,passed,coordinate_128_B_iid
0.6210030217589377,0.637914756386896,-0.02990537110686775,0.6509083928658055,4,3,0,0.6210045236825004,single,1,passed,coordinate_128_B_iid
0.6279943450955568,0.6534857968512771,-0.027003266759657696,0.6549976118552145,4,3,0,0.6277012835313673,up_to_four,1,passed,coordinate_128_C_iid
0.6261921435661781,0.6496223135096232,-0.028805468289036407,0.6549976118552145,4,3,0,0.6245237976907331,single,1,passed,coordinate_128_C_iid
0.6233592179873673,0.6415526863099084,-0.033761881690660744,0.657121099678028,4,3,0,0.6233094321516321,up_to_four,1,passed,coordinate_128_D_iid
0.619054508377425,0.6373415634388715,-0.03806659130060297,0.657121099678028,4,3,0,0.6190981385573715,single,1,passed,coordinate_128_D_iid
0.11792391866430094,,-0.016479038964766324,0.13440295762906726,4,3,0,0.044772568598897,up_to_four,1,passed,coordinate_128_state_iid
0.11431592858967562,,-0.020087029039391635,0.13440295762906726,4,3,0,0.03424125262796472,single,1,passed,coordinate_128_state_iid
0.9218715171111527,0.9822985877406156,-0.008063247980404809,0.9299347650915575,4,3,0,0.9222432415974929,up_to_four,1,passed,random_current_iid
0.9018896633623793,0.9547195425773954,-0.02804510172917818,0.9299347650915575,4,3,0,0.9012970142346806,single,1,passed,random_current_iid
0.9204731654746616,0.9876960526205006,-0.005619036331383165,0.9260922018060448,4,3,0,0.92232462270076,up_to_four,1,passed,random_current_transfer
0.7253764806154257,0.9609398932797595,-0.2007157211906191,0.9260922018060448,4,3,0,0.7160942653666315,single,1,passed,random_current_transfer
0.751110053406024,0.8368635048905582,-0.09921034694227959,0.8503204003483036,4,3,0,0.7501157960578907,up_to_four,1,passed,random_previous_iid
0.7317060147970171,0.7984288345186905,-0.11861438555128645,0.8503204003483036,4,3,0,0.7298737060911751,single,1,passed,random_previous_iid
0.6872513105539064,0.8382297212449055,0.11786440086045158,0.5693869096934548,4,3,0,0.6526980891542503,up_to_four,1,passed,random_previous_transfer
0.6056741132630656,0.800243906063657,0.03628720356961079,0.5693869096934548,4,3,0,0.5315968905217578,single,1,passed,random_previous_transfer
0.9883247572624748,,-0.011675242737525182,1.0,4,3,0,0.9883236333175329,up_to_four,1,passed,random_query_iid
0.7149944267188686,,-0.2850055732811314,1.0,4,3,0,0.7003435965117434,single,1,passed,random_query_iid
0.6263651655135286,0.6486857473533563,-0.02603737453247601,0.6524025400460046,4,3,0,0.6263346628878477,up_to_four,1,passed,random_A_iid
0.6204616714572146,0.6426604111803804,-0.03194086858878997,0.6524025400460046,4,3,0,0.6182456168454503,single,1,passed,random_A_iid
0.6238207911552152,0.6462123606975374,-0.027087601710590326,0.6509083928658055,4,3,0,0.6238298195295789,up_to_four,1,passed,random_B_iid
0.6101703225616395,0.6314737210718294,-0.040738070304165985,0.6509083928658055,4,3,0,0.6100903837553591,single,1,passed,random_B_iid
0.6294015159461679,0.6725060517651945,-0.025596095909046657,0.6549976118552145,4,3,0,0.6250415474796418,up_to_four,1,passed,random_C_iid
0.6233619812370352,0.6428422744098713,-0.03163563061817931,0.6549976118552145,4,3,0,0.6197922253496334,single,1,passed,random_C_iid
0.6289740217792543,0.6450068741091937,-0.028147077898773687,0.657121099678028,4,3,0,0.6255799301862912,up_to_four,1,passed,random_D_iid
0.6301762899388867,0.6315121690398005,-0.026944809739141262,0.657121099678028,4,3,0,0.6210942821407635,single,1,passed,random_D_iid
0.11849394282135037,,-0.015909014807716892,0.13440295762906726,4,3,0,0.04920641438386955,up_to_four,1,passed,random_state_iid
0.11246723302310974,,-0.021935724605957524,0.13440295762906726,4,3,0,0.034382740305471844,single,1,passed,random_state_iid
0.9134751127975589,0.9791369353396481,-0.016459652293998595,0.9299347650915575,4,3,0,0.9133513303087211,up_to_four,1,passed,random_128_current_iid
0.9018896633623793,0.9547195425773954,-0.02804510172917818,0.9299347650915575,4,3,0,0.9012970142346806,single,1,passed,random_128_current_iid
0.9273972223463557,0.9884062039964068,0.0013050205403108972,0.9260922018060448,4,3,0,0.9282783671516062,up_to_four,1,passed,random_128_current_transfer
0.9122453833684037,0.9780549300308218,-0.013846818437641129,0.9260922018060448,4,3,0,0.9143057220930706,single,1,passed,random_128_current_transfer
0.7127006016794648,0.7891641924335058,-0.13761979866883878,0.8503204003483036,4,3,0,0.7111260979465386,up_to_four,1,passed,random_128_previous_iid
0.6818049783499547,0.7475800896947771,-0.1685154219983489,0.8503204003483036,4,3,0,0.6814036855354265,single,1,passed,random_128_previous_iid
0.7267393864638636,0.8051346591816794,0.15735247677040876,0.5693869096934548,4,3,0,0.7268316018539736,up_to_four,1,passed,random_128_previous_transfer
0.6678218612651907,0.7855692317980688,0.09843495157173587,0.5693869096934548,4,3,0,0.6569652414217442,single,1,passed,random_128_previous_transfer
0.9627801847363151,,-0.0372198152636849,1.0,4,3,0,0.9624543638146736,up_to_four,1,passed,random_128_query_iid
0.7149944267188686,,-0.2850055732811314,1.0,4,3,0,0.7003435965117434,single,1,passed,random_128_query_iid
0.6289904043990054,0.6434096428462851,-0.023412135646999177,0.6524025400460046,4,3,0,0.6260604631269975,up_to_four,1,passed,random_128_A_iid
0.6189209590473645,0.6355607742001153,-0.03348158099864007,0.6524025400460046,4,3,0,0.6189255107689753,single,1,passed,random_128_A_iid
0.6254361970025445,0.6401645200768296,-0.025472195863260993,0.6509083928658055,4,3,0,0.6254605434109917,up_to_four,1,passed,random_128_B_iid
0.6101703225616395,0.6314737210718294,-0.040738070304165985,0.6509083928658055,4,3,0,0.6100903837553591,single,1,passed,random_128_B_iid
0.6318950449143326,0.6660164541930669,-0.023102566940881974,0.6549976118552145,4,3,0,0.6314217621963019,up_to_four,1,passed,random_128_C_iid
0.6225358434476265,0.651707856284816,-0.032461768407588076,0.6549976118552145,4,3,0,0.6215998697902864,single,1,passed,random_128_C_iid
0.6289871595709774,0.6465487421685944,-0.028133940107050615,0.657121099678028,4,3,0,0.6284228367804257,up_to_four,1,passed,random_128_D_iid
0.62501650234814,0.6275744564318783,-0.03210459732988802,0.657121099678028,4,3,0,0.6234430870198744,single,1,passed,random_128_D_iid
0.1198867257692277,,-0.014516231859839565,0.13440295762906726,4,3,0,0.046415978280646385,up_to_four,1,passed,random_128_state_iid
0.11164117785681385,,-0.02276177977225341,0.13440295762906726,4,3,0,0.033517729369778926,single,1,passed,random_128_state_iid
0.7186201322825204,0.8184241337134673,-0.21131463280903706,0.9299347650915575,4,3,0,0.7024635316077806,up_to_four,1,passed,sae_current_iid
0.6299583526560271,0.6309078051699202,-0.2999764124355304,0.9299347650915575,4,3,0,0.5794484110383284,single,1,passed,sae_current_iid
0.5242792109256449,0.5502497673307052,-0.4018129908803999,0.9260922018060448,4,3,0,0.37199776948711477,up_to_four,1,passed,sae_current_transfer
0.5091047040971168,0.5183990895295902,-0.41698749770892796,0.9260922018060448,4,3,0,0.3399898870156739,single,1,passed,sae_current_transfer
0.5899131019060746,0.6441525594095974,-0.260407298442229,0.8503204003483036,4,3,0,0.5075535466695325,up_to_four,1,passed,sae_previous_iid
0.5709589747835486,0.5711460708045799,-0.27936142556475496,0.8503204003483036,4,3,0,0.4701636732517587,single,1,passed,sae_previous_iid
0.5062780269058296,0.5807505545008378,-0.06310888278762528,0.5693869096934548,4,3,0,0.3557858450497488,up_to_four,1,passed,sae_previous_transfer
0.5753593574106204,0.5754243742592723,0.005972447717165541,0.5693869096934548,4,3,0,0.4740131489530319,single,1,passed,sae_previous_transfer
0.6233909199909422,,-0.3766090800090578,1.0,4,3,0,0.5706990525610678,up_to_four,1,passed,sae_query_iid
0.35037758706591693,,-0.6496224129340831,1.0,4,3,0,0.2516855344242591,single,1,passed,sae_query_iid
0.5743712808135599,0.6319210268881421,-0.0780312592324447,0.6524025400460046,4,3,0,0.4911946851565889,up_to_four,1,passed,sae_A_iid
0.5713839892020947,0.5706517052175364,-0.08101855084390996,0.6524025400460046,4,3,0,0.4837384389731116,single,1,passed,sae_A_iid
0.5890524718817438,0.6633011627704057,-0.061855920984061674,0.6509083928658055,4,3,0,0.5023253176043557,up_to_four,1,passed,sae_B_iid
0.5877245085719235,0.5875716014697974,-0.063183884293882,0.6509083928658055,4,3,0,0.5124725312644418,single,1,passed,sae_B_iid
0.587091381656938,0.6581170956675271,-0.06790623019827657,0.6549976118552145,4,3,0,0.5360736817987657,up_to_four,1,passed,sae_C_iid
0.5840570412239662,0.5843897594295517,-0.07094057063124837,0.6549976118552145,4,3,0,0.5007367622231451,single,1,passed,sae_C_iid
0.5894946372175055,0.6576793406703093,-0.06762646246052251,0.657121099678028,4,3,0,0.5053813427817947,up_to_four,1,passed,sae_D_iid
0.5886289849165334,0.5881290979496073,-0.06849211476149464,0.657121099678028,4,3,0,0.5012931683447629,single,1,passed,sae_D_iid
0.09256235681355629,,-0.04184060081551097,0.13440295762906726,4,3,0,0.028454835293220952,up_to_four,1,passed,sae_state_iid
0.0625,,-0.07190295762906726,0.13440295762906726,4,3,0,0.011161832339146669,single,1,passed,sae_state_iid
0.6783138206153713,0.7249934235452253,-0.2516209444761862,0.9299347650915575,4,3,0,0.6399459537632866,up_to_four,1,passed,sae_128_current_iid
0.5906660020087061,0.590813219116464,-0.33926876308285137,0.9299347650915575,4,3,0,0.5068698863071445,single,1,passed,sae_128_current_iid
0.5136570561456753,0.5278831562974203,-0.41243514566036954,0.9260922018060448,4,3,0,0.349760301533133,up_to_four,1,passed,sae_128_current_transfer
0.5091047040971168,0.5183990895295902,-0.41698749770892796,0.9260922018060448,4,3,0,0.3399898870156739,single,1,passed,sae_128_current_transfer
0.6186593033764926,0.6223044714944438,-0.23166109697181103,0.8503204003483036,4,3,0,0.5719398901678138,up_to_four,1,passed,sae_128_previous_iid
0.5382965567196085,0.5384173845147125,-0.31202384362869506,0.8503204003483036,4,3,0,0.4206814229261663,single,1,passed,sae_128_previous_iid
0.577333083173268,0.5777272710385234,0.00794617347981319,0.5693869096934548,4,3,0,0.49873697932679895,up_to_four,1,passed,sae_128_previous_transfer
0.5008968609865471,0.5008968609865471,-0.06849004870690778,0.5693869096934548,4,3,0,0.34400769203629045,single,1,passed,sae_128_previous_transfer
0.5040370910660731,,-0.4959629089339269,1.0,4,3,0,0.5061349255766167,up_to_four,1,passed,sae_128_query_iid
0.34121516411692066,,-0.6587848358830793,1.0,4,3,0,0.24001526032219736,single,1,passed,sae_128_query_iid
0.5718554110317753,0.6056889792551671,-0.08054712901422934,0.6524025400460046,4,3,0,0.4838478247872616,up_to_four,1,passed,sae_128_A_iid
0.5713839892020947,0.5706517052175364,-0.08101855084390996,0.6524025400460046,4,3,0,0.4837384389731116,single,1,passed,sae_128_A_iid
0.5871016330210337,0.5862200331698642,-0.0638067598447718,0.6509083928658055,4,3,0,0.4990316822213068,up_to_four,1,passed,sae_128_B_iid
0.5871016330210337,0.5862200331698642,-0.0638067598447718,0.6509083928658055,4,3,0,0.4990316822213068,single,1,passed,sae_128_B_iid
0.5896163118714182,0.599904420206438,-0.06538129998379638,0.6549976118552145,4,3,0,0.5104464433210862,up_to_four,1,passed,sae_128_C_iid
0.5840570412239662,0.5843897594295517,-0.07094057063124837,0.6549976118552145,4,3,0,0.5007367622231451,single,1,passed,sae_128_C_iid
0.5270561605348427,0.538691102038024,-0.1300649391431853,0.657121099678028,4,3,0,0.4300987731171871,up_to_four,1,passed,sae_128_D_iid
0.5143206736290554,0.5136807870690804,-0.14280042604897258,0.657121099678028,4,3,0,0.37314491534540284,single,1,passed,sae_128_D_iid
0.08543537748626373,,-0.04896758014280353,0.13440295762906726,4,3,0,0.03251288984271118,up_to_four,1,passed,sae_128_state_iid
0.0625,,-0.07190295762906726,0.13440295762906726,4,3,0,0.011161832339146669,single,1,passed,sae_128_state_iid
0.9219328479814297,0.9852406379947783,-0.008001917110127765,0.9299347650915575,16,3,0,0.9221798074908716,up_to_four,1,passed,coordinate_current_iid
0.9106722279727697,0.975676925469061,-0.01926253711878778,0.9299347650915575,16,3,0,0.9099498809087174,single,1,passed,coordinate_current_iid
0.928015326057601,0.9882365189435227,0.001923124251556163,0.9260922018060448,16,3,0,0.9252811354823718,up_to_four,1,passed,coordinate_current_transfer
0.9163251107324502,0.9739264667880368,-0.009767091073594636,0.9260922018060448,16,3,0,0.9154939480932615,single,1,passed,coordinate_current_transfer
0.700087341498678,0.7805575791670896,-0.15023305884962557,0.8503204003483036,16,3,0,0.7001165094757853,up_to_four,1,passed,coordinate_previous_iid
0.6774991717915134,0.7373028624201655,-0.17282122855679016,0.8503204003483036,16,3,0,0.6774960631253688,single,1,passed,coordinate_previous_iid
0.5570853504036618,0.8416260156560571,-0.01230155928979304,0.5693869096934548,16,3,0,0.4623519060467336,up_to_four,1,passed,coordinate_previous_transfer
0.5760520654924005,0.7791184458372499,0.0066651557989456656,0.5693869096934548,16,3,0,0.5025160014754286,single,1,passed,coordinate_previous_transfer
0.9976902992568789,,-0.0023097007431210903,1.0,16,3,0,0.9976959667994605,up_to_four,1,passed,coordinate_query_iid
0.9196344616157235,,-0.08036553838427651,1.0,16,3,0,0.9189854902240815,single,1,passed,coordinate_query_iid
0.629104853802924,0.6429308733508582,-0.023297686243080595,0.6524025400460046,16,3,0,0.6283465426937134,up_to_four,1,passed,coordinate_A_iid
0.6259368836913863,0.6427823083544831,-0.026465656354618283,0.6524025400460046,16,3,0,0.6252999063249767,single,1,passed,coordinate_A_iid
0.6268461924060256,0.6314865191991522,-0.024062200459779914,0.6509083928658055,16,3,0,0.6268210196292243,up_to_four,1,passed,coordinate_B_iid
0.6175385817009234,0.6283892723234963,-0.033369811164882135,0.6509083928658055,16,3,0,0.6140008997257997,single,1,passed,coordinate_B_iid
0.6323014460443935,0.6610213959392048,-0.022696165810821012,0.6549976118552145,16,3,0,0.632036273713948,up_to_four,1,passed,coordinate_C_iid
0.6261921435661781,0.6496223135096232,-0.028805468289036407,0.6549976118552145,16,3,0,0.6245237976907331,single,1,passed,coordinate_C_iid
0.6290467602846479,0.6450127821100448,-0.02807433939338011,0.657121099678028,16,3,0,0.6252031464754915,up_to_four,1,passed,coordinate_D_iid
0.6250060882449449,0.6468389051188682,-0.03211501143308315,0.657121099678028,16,3,0,0.6217305962500785,single,1,passed,coordinate_D_iid
0.12056810575822488,,-0.01383485187084238,0.13440295762906726,16,3,0,0.04993033085117984,up_to_four,1,passed,coordinate_state_iid
0.11564912487232096,,-0.018753832756746303,0.13440295762906726,16,3,0,0.034818850168096556,single,1,passed,coordinate_state_iid
0.9157514809083247,0.9817515940421623,-0.01418328418323278,0.9299347650915575,16,3,0,0.9156059359602984,up_to_four,1,passed,coordinate_128_current_iid
0.9015742817722732,0.9745218574094097,-0.028360483319284313,0.9299347650915575,16,3,0,0.9014037857359596,single,1,passed,coordinate_128_current_iid
0.9144978391061873,0.9851269755841343,-0.011594362699857474,0.9260922018060448,16,3,0,0.9166922949095779,up_to_four,1,passed,coordinate_128_current_transfer
0.8885621749996924,0.9854802702266849,-0.03753002680635242,0.9260922018060448,16,3,0,0.8817145577995069,single,1,passed,coordinate_128_current_transfer
0.7221033285494117,0.8003597351996055,-0.12821707179889186,0.8503204003483036,16,3,0,0.7220140493838169,up_to_four,1,passed,coordinate_128_previous_iid
0.6579573543932116,0.7223148060583408,-0.19236304595509202,0.8503204003483036,16,3,0,0.6501908132943417,single,1,passed,coordinate_128_previous_iid
0.5843862966774532,0.8363683817492132,0.014999386983998386,0.5693869096934548,16,3,0,0.5117740474079558,up_to_four,1,passed,coordinate_128_previous_transfer
0.5760520654924005,0.7791184458372499,0.0066651557989456656,0.5693869096934548,16,3,0,0.5025160014754286,single,1,passed,coordinate_128_previous_transfer
0.9684243550549888,,-0.031575644945011194,1.0,16,3,0,0.9685774842072855,up_to_four,1,passed,coordinate_128_query_iid
0.7362322345815643,,-0.2637677654184357,1.0,16,3,0,0.7299373324696163,single,1,passed,coordinate_128_query_iid
0.6242329610058879,0.6406437071732568,-0.028169579040116743,0.6524025400460046,16,3,0,0.6242475968597136,up_to_four,1,passed,coordinate_128_A_iid
0.6261234433271887,0.6388089479873457,-0.026279096718815897,0.6524025400460046,16,3,0,0.6259294735411987,single,1,passed,coordinate_128_A_iid
0.6255074822715416,0.6396109385304043,-0.02540091059426386,0.6509083928658055,16,3,0,0.6254359443086318,up_to_four,1,passed,coordinate_128_B_iid
0.6210030217589377,0.637914756386896,-0.02990537110686775,0.6509083928658055,16,3,0,0.6210045236825004,single,1,passed,coordinate_128_B_iid
0.6279943450955568,0.6534857968512771,-0.027003266759657696,0.6549976118552145,16,3,0,0.6277012835313673,up_to_four,1,passed,coordinate_128_C_iid
0.6261921435661781,0.6496223135096232,-0.028805468289036407,0.6549976118552145,16,3,0,0.6245237976907331,single,1,passed,coordinate_128_C_iid
0.6233592179873673,0.6415526863099084,-0.033761881690660744,0.657121099678028,16,3,0,0.6233094321516321,up_to_four,1,passed,coordinate_128_D_iid
0.619054508377425,0.6373415634388715,-0.03806659130060297,0.657121099678028,16,3,0,0.6190981385573715,single,1,passed,coordinate_128_D_iid
0.11792391866430094,,-0.016479038964766324,0.13440295762906726,16,3,0,0.044772568598897,up_to_four,1,passed,coordinate_128_state_iid
0.11431592858967562,,-0.020087029039391635,0.13440295762906726,16,3,0,0.03424125262796472,single,1,passed,coordinate_128_state_iid
0.9218715171111527,0.9822985877406156,-0.008063247980404809,0.9299347650915575,16,3,0,0.9222432415974929,up_to_four,1,passed,random_current_iid
0.9018896633623793,0.9547195425773954,-0.02804510172917818,0.9299347650915575,16,3,0,0.9012970142346806,single,1,passed,random_current_iid
0.9204731654746616,0.9876960526205006,-0.005619036331383165,0.9260922018060448,16,3,0,0.92232462270076,up_to_four,1,passed,random_current_transfer
0.7253764806154257,0.9609398932797595,-0.2007157211906191,0.9260922018060448,16,3,0,0.7160942653666315,single,1,passed,random_current_transfer
0.751110053406024,0.8368635048905582,-0.09921034694227959,0.8503204003483036,16,3,0,0.7501157960578907,up_to_four,1,passed,random_previous_iid
0.7317060147970171,0.7984288345186905,-0.11861438555128645,0.8503204003483036,16,3,0,0.7298737060911751,single,1,passed,random_previous_iid
0.6872513105539064,0.8382297212449055,0.11786440086045158,0.5693869096934548,16,3,0,0.6526980891542503,up_to_four,1,passed,random_previous_transfer
0.6056741132630656,0.800243906063657,0.03628720356961079,0.5693869096934548,16,3,0,0.5315968905217578,single,1,passed,random_previous_transfer
0.9883247572624748,,-0.011675242737525182,1.0,16,3,0,0.9883236333175329,up_to_four,1,passed,random_query_iid
0.7149944267188686,,-0.2850055732811314,1.0,16,3,0,0.7003435965117434,single,1,passed,random_query_iid
0.6263651655135286,0.6486857473533563,-0.02603737453247601,0.6524025400460046,16,3,0,0.6263346628878477,up_to_four,1,passed,random_A_iid
0.6204616714572146,0.6426604111803804,-0.03194086858878997,0.6524025400460046,16,3,0,0.6182456168454503,single,1,passed,random_A_iid
0.6238207911552152,0.6462123606975374,-0.027087601710590326,0.6509083928658055,16,3,0,0.6238298195295789,up_to_four,1,passed,random_B_iid
0.6101703225616395,0.6314737210718294,-0.040738070304165985,0.6509083928658055,16,3,0,0.6100903837553591,single,1,passed,random_B_iid
0.6294015159461679,0.6725060517651945,-0.025596095909046657,0.6549976118552145,16,3,0,0.6250415474796418,up_to_four,1,passed,random_C_iid
0.6233619812370352,0.6428422744098713,-0.03163563061817931,0.6549976118552145,16,3,0,0.6197922253496334,single,1,passed,random_C_iid
0.6289740217792543,0.6450068741091937,-0.028147077898773687,0.657121099678028,16,3,0,0.6255799301862912,up_to_four,1,passed,random_D_iid
0.6301762899388867,0.6315121690398005,-0.026944809739141262,0.657121099678028,16,3,0,0.6210942821407635,single,1,passed,random_D_iid
0.11849394282135037,,-0.015909014807716892,0.13440295762906726,16,3,0,0.04920641438386955,up_to_four,1,passed,random_state_iid
0.11246723302310974,,-0.021935724605957524,0.13440295762906726,16,3,0,0.034382740305471844,single,1,passed,random_state_iid
0.9134751127975589,0.9791369353396481,-0.016459652293998595,0.9299347650915575,16,3,0,0.9133513303087211,up_to_four,1,passed,random_128_current_iid
0.9018896633623793,0.9547195425773954,-0.02804510172917818,0.9299347650915575,16,3,0,0.9012970142346806,single,1,passed,random_128_current_iid
0.9273972223463557,0.9884062039964068,0.0013050205403108972,0.9260922018060448,16,3,0,0.9282783671516062,up_to_four,1,passed,random_128_current_transfer
0.9122453833684037,0.9780549300308218,-0.013846818437641129,0.9260922018060448,16,3,0,0.9143057220930706,single,1,passed,random_128_current_transfer
0.7127006016794648,0.7891641924335058,-0.13761979866883878,0.8503204003483036,16,3,0,0.7111260979465386,up_to_four,1,passed,random_128_previous_iid
0.6818049783499547,0.7475800896947771,-0.1685154219983489,0.8503204003483036,16,3,0,0.6814036855354265,single,1,passed,random_128_previous_iid
0.7267393864638636,0.8051346591816794,0.15735247677040876,0.5693869096934548,16,3,0,0.7268316018539736,up_to_four,1,passed,random_128_previous_transfer
0.6678218612651907,0.7855692317980688,0.09843495157173587,0.5693869096934548,16,3,0,0.6569652414217442,single,1,passed,random_128_previous_transfer
0.9627801847363151,,-0.0372198152636849,1.0,16,3,0,0.9624543638146736,up_to_four,1,passed,random_128_query_iid
0.7149944267188686,,-0.2850055732811314,1.0,16,3,0,0.7003435965117434,single,1,passed,random_128_query_iid
0.6289904043990054,0.6434096428462851,-0.023412135646999177,0.6524025400460046,16,3,0,0.6260604631269975,up_to_four,1,passed,random_128_A_iid
0.6189209590473645,0.6355607742001153,-0.03348158099864007,0.6524025400460046,16,3,0,0.6189255107689753,single,1,passed,random_128_A_iid
0.6254361970025445,0.6401645200768296,-0.025472195863260993,0.6509083928658055,16,3,0,0.6254605434109917,up_to_four,1,passed,random_128_B_iid
0.6101703225616395,0.6314737210718294,-0.040738070304165985,0.6509083928658055,16,3,0,0.6100903837553591,single,1,passed,random_128_B_iid
0.6318950449143326,0.6660164541930669,-0.023102566940881974,0.6549976118552145,16,3,0,0.6314217621963019,up_to_four,1,passed,random_128_C_iid
0.6225358434476265,0.651707856284816,-0.032461768407588076,0.6549976118552145,16,3,0,0.6215998697902864,single,1,passed,random_128_C_iid
0.6289871595709774,0.6465487421685944,-0.028133940107050615,0.657121099678028,16,3,0,0.6284228367804257,up_to_four,1,passed,random_128_D_iid
0.62501650234814,0.6275744564318783,-0.03210459732988802,0.657121099678028,16,3,0,0.6234430870198744,single,1,passed,random_128_D_iid
0.1198867257692277,,-0.014516231859839565,0.13440295762906726,16,3,0,0.046415978280646385,up_to_four,1,passed,random_128_state_iid
0.11164117785681385,,-0.02276177977225341,0.13440295762906726,16,3,0,0.033517729369778926,single,1,passed,random_128_state_iid
0.8445007827292269,0.9468193798664364,-0.08543398236233057,0.9299347650915575,16,3,0,0.8441016991430048,up_to_four,1,passed,sae_current_iid
0.7705007641538197,0.77429053754346,-0.15943400093773774,0.9299347650915575,16,3,0,0.762889144610529,single,1,passed,sae_current_iid
0.8467777974232482,0.9106270607504872,-0.07931440438279658,0.9260922018060448,16,3,0,0.8496017270075507,up_to_four,1,passed,sae_current_transfer
0.5001896813353566,0.5064491654021245,-0.4259025204706882,0.9260922018060448,16,3,0,0.3204174649504905,single,1,passed,sae_current_transfer
0.732226178224,0.8212128009104578,-0.11809422212430354,0.8503204003483036,16,3,0,0.7313412741215909,up_to_four,1,passed,sae_previous_iid
0.6660276095668732,0.6895815644774597,-0.18429279078143035,0.8503204003483036,16,3,0,0.662736679960917,single,1,passed,sae_previous_iid
0.7305488165075922,0.8457094452762473,0.16116190681413733,0.5693869096934548,16,3,0,0.7281723558037465,up_to_four,1,passed,sae_previous_transfer
0.6618653891165511,0.7008469837755098,0.09247847942309628,0.5693869096934548,16,3,0,0.661916575790495,single,1,passed,sae_previous_transfer
0.9999501793543244,,-4.982064567560229e-05,1.0,16,3,0,0.9999501096745864,up_to_four,1,passed,sae_query_iid
0.5,,-0.5,1.0,16,3,0,0.37533093561116937,single,1,passed,sae_query_iid
0.6002175159321969,0.6741088159866306,-0.052185024113807765,0.6524025400460046,16,3,0,0.55301454336315,up_to_four,1,passed,sae_A_iid
0.5750449336288056,0.5632607493071446,-0.07735760641719902,0.6524025400460046,16,3,0,0.487957965050228,single,1,passed,sae_A_iid
0.6304846029422524,0.6732552340038018,-0.020423789923553093,0.6509083928658055,16,3,0,0.6268808389731204,up_to_four,1,passed,sae_B_iid
0.5951128604709135,0.5713186852178608,-0.05579553239489199,0.6509083928658055,16,3,0,0.5369371194695707,single,1,passed,sae_B_iid
0.5898939528909902,0.6483129765420389,-0.06510365896422432,0.6549976118552145,16,3,0,0.5739935590063354,up_to_four,1,passed,sae_C_iid
0.5842702796874009,0.5838183317495872,-0.07072733216781368,0.6549976118552145,16,3,0,0.499965040587167,single,1,passed,sae_C_iid
0.5909309823735696,0.6004486165344556,-0.06619011730445845,0.657121099678028,16,3,0,0.5451369556972626,up_to_four,1,passed,sae_D_iid
0.5882375748533695,0.5883717665811748,-0.06888352482465854,0.657121099678028,16,3,0,0.49665967252741966,single,1,passed,sae_D_iid
0.1200378096751617,,-0.01436514795390556,0.13440295762906726,16,3,0,0.06436259369494146,up_to_four,1,passed,sae_state_iid
0.09751151593566593,,-0.03689144169340133,0.13440295762906726,16,3,0,0.03061064897502149,single,1,passed,sae_state_iid
0.7910339552038042,0.9052070949728542,-0.13890080988775333,0.9299347650915575,16,3,0,0.7782191472064575,up_to_four,1,passed,sae_128_current_iid
0.7628203136809796,0.7668250453656281,-0.1671144514105779,0.9299347650915575,16,3,0,0.7548209876580088,single,1,passed,sae_128_current_iid
0.5001896813353566,0.5064491654021245,-0.4259025204706882,0.9260922018060448,16,3,0,0.3204174649504905,up_to_four,1,passed,sae_128_current_transfer
0.5001896813353566,0.5064491654021245,-0.4259025204706882,0.9260922018060448,16,3,0,0.3204174649504905,single,1,passed,sae_128_current_transfer
0.6225856409144346,0.6612523424530375,-0.227734759433869,0.8503204003483036,16,3,0,0.5694674743219179,up_to_four,1,passed,sae_128_previous_iid
0.6184028387603651,0.6202234713765489,-0.23191756158793853,0.8503204003483036,16,3,0,0.5638539928064946,single,1,passed,sae_128_previous_iid
0.6413761651948091,0.653031457009002,0.07198925550135427,0.5693869096934548,16,3,0,0.5922897159993447,up_to_four,1,passed,sae_128_previous_transfer
0.6364796534416204,0.6201046957025721,0.06709274374816554,0.5693869096934548,16,3,0,0.589774484902487,single,1,passed,sae_128_previous_transfer
0.8956210367478393,,-0.10437896325216067,1.0,16,3,0,0.8986006349861835,up_to_four,1,passed,sae_128_query_iid
0.47449182941410917,,-0.5255081705858908,1.0,16,3,0,0.35852874583556493,single,1,passed,sae_128_query_iid
0.5782985581026829,0.5850011208193396,-0.07410398194332168,0.6524025400460046,16,3,0,0.5348520692938766,up_to_four,1,passed,sae_128_A_iid
0.572918850507546,0.5756936103867805,-0.07948368953845864,0.6524025400460046,16,3,0,0.5283204353015619,single,1,passed,sae_128_A_iid
0.5934269698629417,0.6278929671498589,-0.05748142300286374,0.6509083928658055,16,3,0,0.5328753606676749,up_to_four,1,passed,sae_128_B_iid
0.5904963488013428,0.5604869216147021,-0.060412044064462656,0.6509083928658055,16,3,0,0.5365725684554965,single,1,passed,sae_128_B_iid
0.5942571510663258,0.631091493021358,-0.06074046078888873,0.6549976118552145,16,3,0,0.5635529725049526,up_to_four,1,passed,sae_128_C_iid
0.5520388254209809,0.5530130990899029,-0.10295878643423362,0.6549976118552145,16,3,0,0.4603896809822522,single,1,passed,sae_128_C_iid
0.588330340480292,0.631639025834346,-0.06879075919773603,0.657121099678028,16,3,0,0.49687002583728024,up_to_four,1,passed,sae_128_D_iid
0.5882375748533695,0.5883717665811748,-0.06888352482465854,0.657121099678028,16,3,0,0.49665967252741966,single,1,passed,sae_128_D_iid
0.09681813342352838,,-0.03758482420553888,0.13440295762906726,16,3,0,0.029448677069279536,up_to_four,1,passed,sae_128_state_iid
0.0625,,-0.07190295762906726,0.13440295762906726,16,3,0,0.011161832339146669,single,1,passed,sae_128_state_iid
0.9984674488407665,0.9999902318979454,-0.0002800723031710639,0.9987475211439376,4,7,0,0.9984487707710563,up_to_four,1,passed,coordinate_current_iid
0.9984044365758735,0.9999866289094826,-0.00034308456806408927,0.9987475211439376,4,7,0,0.9983986901926301,single,1,passed,coordinate_current_iid
0.9986010697930165,0.999994333037356,0.0,0.9986010697930165,4,7,0,0.9985892430562227,up_to_four,1,passed,coordinate_current_transfer
0.9979135053110774,0.9999873707689647,-0.0006875644819391846,0.9986010697930165,4,7,0,0.9977836111869098,single,1,passed,coordinate_current_transfer
0.7244756248052165,0.8103191717476348,-0.16739225697522442,0.891867881780441,4,7,0,0.7235595725400794,up_to_four,1,passed,coordinate_previous_iid
0.6728526537139363,0.7534101809195314,-0.21901522806650464,0.891867881780441,4,7,0,0.6728580339886517,single,1,passed,coordinate_previous_iid
0.7457674031527599,0.8570240488035042,-0.0452836777987895,0.7910510809515494,4,7,0,0.7437105212868704,up_to_four,1,passed,coordinate_previous_transfer
0.6723862298029804,0.7888865771787146,-0.11866485114856906,0.7910510809515494,4,7,0,0.668460829695543,single,1,passed,coordinate_previous_transfer
0.970530528381794,,-0.02946947161820601,1.0,4,7,0,0.9704857710745853,up_to_four,1,passed,coordinate_query_iid
0.6126026020227522,,-0.3873973979772478,1.0,4,7,0,0.5854187133753349,single,1,passed,coordinate_query_iid
0.6490036990692019,0.6750924772305699,-0.03550563267150997,0.6845093317407118,4,7,0,0.6490193009283229,up_to_four,1,passed,coordinate_A_iid
0.6485786506204058,0.6618901884146712,-0.03593068112030606,0.6845093317407118,4,7,0,0.648547250694061,single,1,passed,coordinate_A_iid
0.6430800415495856,0.6594968568839956,-0.028738410039911733,0.6718184515894974,4,7,0,0.6430619998629828,up_to_four,1,passed,coordinate_B_iid
0.6436888481661394,0.657480701544709,-0.02812960342335802,0.6718184515894974,4,7,0,0.6436843720345804,single,1,passed,coordinate_B_iid
0.6482287081974283,0.6612474749122793,-0.027200584591202448,0.6754292927886307,4,7,0,0.6482165710419883,up_to_four,1,passed,coordinate_C_iid
0.647977753237026,0.6643236670063435,-0.02745153955160473,0.6754292927886307,4,7,0,0.6479648770271773,single,1,passed,coordinate_C_iid
0.6477560972170953,0.6663120263986301,-0.0187061325930028,0.6664622298100981,4,7,0,0.6477460115371292,up_to_four,1,passed,coordinate_D_iid
0.6479087839916329,0.6576079039278152,-0.018553445818465186,0.6664622298100981,4,7,0,0.6479267831122,single,1,passed,coordinate_D_iid
0.12479294686877887,,-0.025843197020618686,0.15063614388939756,4,7,0,0.03735381911411042,up_to_four,1,passed,coordinate_state_iid
0.12480899419650726,,-0.025827149692890294,0.15063614388939756,4,7,0,0.03735671321510263,single,1,passed,coordinate_state_iid
0.9984674488407665,0.9999902318979454,-0.0002800723031710639,0.9987475211439376,4,7,0,0.9984487707710563,up_to_four,1,passed,coordinate_128_current_iid
0.9984044365758735,0.9999866289094826,-0.00034308456806408927,0.9987475211439376,4,7,0,0.9983986901926301,single,1,passed,coordinate_128_current_iid
0.9984588290306514,0.9999946568637927,-0.00014224076236513117,0.9986010697930165,4,7,0,0.9983878952594926,up_to_four,1,passed,coordinate_128_current_transfer
0.9979135053110774,0.9999873707689647,-0.0006875644819391846,0.9986010697930165,4,7,0,0.9977836111869098,single,1,passed,coordinate_128_current_transfer
0.7227524084441355,0.8019810146555663,-0.1691154733363055,0.891867881780441,4,7,0,0.7216473870598122,up_to_four,1,passed,coordinate_128_previous_iid
0.6728526537139363,0.7534101809195314,-0.21901522806650464,0.891867881780441,4,7,0,0.6728580339886517,single,1,passed,coordinate_128_previous_iid
0.5967714490583703,0.8928130375500165,-0.1942796318931791,0.7910510809515494,4,7,0,0.5302598900433213,up_to_four,1,passed,coordinate_128_previous_transfer
0.6723862298029804,0.7888865771787146,-0.11866485114856906,0.7910510809515494,4,7,0,0.668460829695543,single,1,passed,coordinate_128_previous_transfer
0.893439827891201,,-0.10656017210879898,1.0,4,7,0,0.8937344716997409,up_to_four,1,passed,coordinate_128_query_iid
0.5169510771643652,,-0.48304892283563483,1.0,4,7,0,0.5109576002024606,single,1,passed,coordinate_128_query_iid
0.6583337480159676,0.67271459641129,-0.026175583724744267,0.6845093317407118,4,7,0,0.6513007019182058,up_to_four,1,passed,coordinate_128_A_iid
0.6481907759546457,0.6643033510431098,-0.03631855578606613,0.6845093317407118,4,7,0,0.6482353463263846,single,1,passed,coordinate_128_A_iid
0.6478921774483668,0.6568768830958411,-0.023926274141130577,0.6718184515894974,4,7,0,0.6468866025775176,up_to_four,1,passed,coordinate_128_B_iid
0.6438957395504441,0.6559032598061073,-0.027922712039053277,0.6718184515894974,4,7,0,0.6439148149361342,single,1,passed,coordinate_128_B_iid
0.6481809113003695,0.6584343732602747,-0.027248381488261253,0.6754292927886307,4,7,0,0.6481703096955718,up_to_four,1,passed,coordinate_128_C_iid
0.647977753237026,0.6643236670063435,-0.02745153955160473,0.6754292927886307,4,7,0,0.6479648770271773,single,1,passed,coordinate_128_C_iid
0.6470735729153849,0.6510351378250482,-0.01938865689471314,0.6664622298100981,4,7,0,0.6463439091579755,up_to_four,1,passed,coordinate_128_D_iid
0.6479087839916329,0.6576079039278152,-0.018553445818465186,0.6664622298100981,4,7,0,0.6479267831122,single,1,passed,coordinate_128_D_iid
0.1247371159637112,,-0.025899027925686352,0.15063614388939756,4,7,0,0.03733556517829897,up_to_four,1,passed,coordinate_128_state_iid
0.12480899419650726,,-0.025827149692890294,0.15063614388939756,4,7,0,0.03735671321510263,single,1,passed,coordinate_128_state_iid
0.9983842598404822,0.9999855279963413,-0.00036326130345543106,0.9987475211439376,4,7,0,0.9983986252357786,up_to_four,1,passed,random_current_iid
0.9987018032236659,0.9999563838229981,-4.571792027174837e-05,0.9987475211439376,4,7,0,0.9986989283202681,single,1,passed,random_current_iid
0.9983402275981729,0.9999946568637927,-0.0002608421948436801,0.9986010697930165,4,7,0,0.9983875141323262,up_to_four,1,passed,random_current_transfer
0.9959453691848058,0.9999933615580455,-0.0026557006082107426,0.9986010697930165,4,7,0,0.9961689293165616,single,1,passed,random_current_transfer
0.7863957821584782,0.8677445097196285,-0.1054720996219628,0.891867881780441,4,7,0,0.7851981621065622,up_to_four,1,passed,random_previous_iid
0.6841203536753346,0.7424316293542722,-0.20774752810510633,0.891867881780441,4,7,0,0.6840935543774993,single,1,passed,random_previous_iid
0.6478161769349944,0.8591902244381615,-0.14323490401655503,0.7910510809515494,4,7,0,0.602817757357538,up_to_four,1,passed,random_previous_transfer
0.6114264325069383,0.7748602137753984,-0.17962464844461112,0.7910510809515494,4,7,0,0.5454992022758611,single,1,passed,random_previous_transfer
0.9551429653541411,,-0.044857034645858884,1.0,4,7,0,0.9554117355839684,up_to_four,1,passed,random_query_iid
0.6408088174121365,,-0.35919118258786353,1.0,4,7,0,0.6337981088565476,single,1,passed,random_query_iid
0.6522104045930078,0.6841104255658886,-0.03229892714770399,0.6845093317407118,4,7,0,0.6522557099873203,up_to_four,1,passed,random_A_iid
0.6478221713931929,0.6756425210858237,-0.036687160347518954,0.6845093317407118,4,7,0,0.647881985960937,single,1,passed,random_A_iid
0.6463074710964452,0.6824701258287063,-0.025510980493052227,0.6718184515894974,4,7,0,0.6463397880779069,up_to_four,1,passed,random_B_iid
0.6410549155135478,0.6794458653023016,-0.030763536075949616,0.6718184515894974,4,7,0,0.6404278422647101,single,1,passed,random_B_iid
0.6491621002437586,0.6804613375104858,-0.026267192544872087,0.6754292927886307,4,7,0,0.6481231270638836,up_to_four,1,passed,random_C_iid
0.6455703676878936,0.6809378264223307,-0.029858925100737177,0.6754292927886307,4,7,0,0.6390051927134197,single,1,passed,random_C_iid
0.6562868499036134,0.6855859379005425,-0.01017537990648465,0.6664622298100981,4,7,0,0.6507599319225715,up_to_four,1,passed,random_D_iid
0.654101169968418,0.6789112487695337,-0.012361059841680011,0.6664622298100981,4,7,0,0.6541477525789893,single,1,passed,random_D_iid
0.1263886451865265,,-0.024247498702871045,0.15063614388939756,4,7,0,0.04600819539980219,up_to_four,1,passed,random_state_iid
0.12421208712863704,,-0.02642405676076051,0.15063614388939756,4,7,0,0.04020114925907317,single,1,passed,random_state_iid
0.9984674488407665,0.9999659117258218,-0.0002800723031710639,0.9987475211439376,4,7,0,0.9984487707710563,up_to_four,1,passed,random_128_current_iid
0.9981041875373109,0.9998697920002767,-0.000643333606626717,0.9987475211439376,4,7,0,0.9980984446037481,single,1,passed,random_128_current_iid
0.9986485103660081,0.9999904471201143,4.74405729915528e-05,0.9986010697930165,4,7,0,0.99858937552436,up_to_four,1,passed,random_128_current_transfer
0.9968226959587108,0.9999669697034462,-0.0017783738343057909,0.9986010697930165,4,7,0,0.9969759246185893,single,1,passed,random_128_current_transfer
0.7712810263526761,0.8528411101792683,-0.12058685542776482,0.891867881780441,4,7,0,0.7713533229784919,up_to_four,1,passed,random_128_previous_iid
0.6653279191765512,0.7186448580810343,-0.22653996260388976,0.891867881780441,4,7,0,0.6616701557891626,single,1,passed,random_128_previous_iid
0.7655128343259239,0.8535839144601187,-0.025538246625625538,0.7910510809515494,4,7,0,0.7658122123299334,up_to_four,1,passed,random_128_previous_transfer
0.5540759991232014,0.8181515895690683,-0.23697508182834803,0.7910510809515494,4,7,0,0.45971809978372735,single,1,passed,random_128_previous_transfer
0.96137915435323,,-0.03862084564677004,1.0,4,7,0,0.9616241906042933,up_to_four,1,passed,random_128_query_iid
0.6548328478528351,,-0.34516715214716487,1.0,4,7,0,0.6417025688174987,single,1,passed,random_128_query_iid
0.6508613921818494,0.6797251804835467,-0.03364793955886247,0.6845093317407118,4,7,0,0.6508937801369931,up_to_four,1,passed,random_128_A_iid
0.6478221713931929,0.6756425210858237,-0.036687160347518954,0.6845093317407118,4,7,0,0.647881985960937,single,1,passed,random_128_A_iid
0.6460959767891001,0.6801419473422402,-0.025722474800397244,0.6718184515894974,4,7,0,0.6455959030886398,up_to_four,1,passed,random_128_B_iid
0.6410549155135478,0.6794458653023016,-0.030763536075949616,0.6718184515894974,4,7,0,0.6404278422647101,single,1,passed,random_128_B_iid
0.6499834678438388,0.676225829403169,-0.025445824944791973,0.6754292927886307,4,7,0,0.6491130327723519,up_to_four,1,passed,random_128_C_iid
0.6520441146309097,0.6720989056055635,-0.02338517815772101,0.6754292927886307,4,7,0,0.6504558163772107,single,1,passed,random_128_C_iid
0.654101169968418,0.6789112487695337,-0.012361059841680011,0.6664622298100981,4,7,0,0.6541477525789893,up_to_four,1,passed,random_128_D_iid
0.654101169968418,0.6789112487695337,-0.012361059841680011,0.6664622298100981,4,7,0,0.6541477525789893,single,1,passed,random_128_D_iid
0.12570471174651038,,-0.024931432142887178,0.15063614388939756,4,7,0,0.0438484354164803,up_to_four,1,passed,random_128_state_iid
0.12421208712863704,,-0.02642405676076051,0.15063614388939756,4,7,0,0.04020114925907317,single,1,passed,random_128_state_iid
0.8710082090489135,0.926971507246971,-0.1277393120950241,0.9987475211439376,4,7,0,0.8717214236147725,up_to_four,1,passed,sae_current_iid
0.7205757543536911,0.7214706466131268,-0.27817176679024647,0.9987475211439376,4,7,0,0.7024472285227972,single,1,passed,sae_current_iid
0.7421872014725036,0.7568533817518621,-0.25641386832051294,0.9986010697930165,4,7,0,0.7334361131942373,up_to_four,1,passed,sae_current_transfer
0.7371367234075349,0.7381040739308709,-0.26146434638548166,0.9986010697930165,4,7,0,0.7274950645684286,single,1,passed,sae_current_transfer
0.6724444846280002,0.7572355341797514,-0.21942339715244075,0.891867881780441,4,7,0,0.634428315880084,up_to_four,1,passed,sae_previous_iid
0.613090029986401,0.6134157939156323,-0.2787778517940399,0.891867881780441,4,7,0,0.5515074415644908,single,1,passed,sae_previous_iid
0.6722548957687036,0.7542076118011153,-0.11879618518284585,0.7910510809515494,4,7,0,0.6346755320880029,up_to_four,1,passed,sae_previous_transfer
0.6151933229554059,0.6154249686990314,-0.17585775799614356,0.7910510809515494,4,7,0,0.5577161256505297,single,1,passed,sae_previous_transfer
0.655035402843024,,-0.344964597156976,1.0,4,7,0,0.6738604227109584,up_to_four,1,passed,sae_query_iid
0.37693997548014985,,-0.6230600245198501,1.0,4,7,0,0.2790921146733452,single,1,passed,sae_query_iid
0.6422359983947653,0.7329664165327044,-0.04227333334594652,0.6845093317407118,4,7,0,0.6052358250188326,up_to_four,1,passed,sae_A_iid
0.6282067217907771,0.6251539068194457,-0.056302609949934745,0.6845093317407118,4,7,0,0.5750307234597593,single,1,passed,sae_A_iid
0.6429498588783822,0.7331272101035041,-0.028868592711115193,0.6718184515894974,4,7,0,0.6002401013385318,up_to_four,1,passed,sae_B_iid
0.6241910662947399,0.6243142395146614,-0.04762738529475752,0.6718184515894974,4,7,0,0.568230631399421,single,1,passed,sae_B_iid
0.6334317359055981,0.7285236251026803,-0.04199755688303264,0.6754292927886307,4,7,0,0.5925891923803249,up_to_four,1,passed,sae_C_iid
0.6227810331792069,0.6177193772820844,-0.052648259609423875,0.6754292927886307,4,7,0,0.5619058514287171,single,1,passed,sae_C_iid
0.6262565817132193,0.7254082218303315,-0.040205648096878766,0.6664622298100981,4,7,0,0.6120589595296153,up_to_four,1,passed,sae_D_iid
0.6212771984332062,0.6168050921279634,-0.04518503137689189,0.6664622298100981,4,7,0,0.5652166451086587,single,1,passed,sae_D_iid
0.10970318521103682,,-0.040932958678360734,0.15063614388939756,4,7,0,0.03399132770486644,up_to_four,1,passed,sae_state_iid
0.077020782567514,,-0.07361536132188355,0.15063614388939756,4,7,0,0.023898006712473715,single,1,passed,sae_state_iid
0.717419936792373,0.8189037615359684,-0.2813275843515646,0.9987475211439376,4,7,0,0.7016872621038246,up_to_four,1,passed,sae_128_current_iid
0.6285181981342605,0.6262872727154811,-0.37022932300967715,0.9987475211439376,4,7,0,0.5650137762288944,single,1,passed,sae_128_current_iid
0.7766879938757945,0.7844667906274266,-0.2219130759172221,0.9986010697930165,4,7,0,0.7756862632213466,up_to_four,1,passed,sae_128_current_transfer
0.507587253414264,0.5091047040971168,-0.4910138163787525,0.9986010697930165,4,7,0,0.33669994897014527,single,1,passed,sae_128_current_transfer
0.5898374055556537,0.629099175902245,-0.3020304762247873,0.891867881780441,4,7,0,0.5297118434574839,up_to_four,1,passed,sae_128_previous_iid
0.5402347204627482,0.5404609608096016,-0.35163316131769273,0.891867881780441,4,7,0,0.4163964996597235,single,1,passed,sae_128_previous_iid
0.5757386842818982,0.616934381281092,-0.21531239666965118,0.7910510809515494,4,7,0,0.496906699690192,up_to_four,1,passed,sae_128_previous_transfer
0.545620836599656,0.545763316379416,-0.24543024435189342,0.7910510809515494,4,7,0,0.42143432340178233,single,1,passed,sae_128_previous_transfer
0.5576997903768808,,-0.4423002096231192,1.0,4,7,0,0.5613773573473839,up_to_four,1,passed,sae_128_query_iid
0.37693997548014985,,-0.6230600245198501,1.0,4,7,0,0.2790921146733452,single,1,passed,sae_128_query_iid
0.5734754161669328,0.6005451927941903,-0.11103391557377906,0.6845093317407118,4,7,0,0.5371369976158503,up_to_four,1,passed,sae_128_A_iid
0.5440098400260007,0.54498682930915,-0.1404994917147111,0.6845093317407118,4,7,0,0.48224621816047253,single,1,passed,sae_128_A_iid
0.5809656164050419,0.5957368767462089,-0.09085283518445553,0.6718184515894974,4,7,0,0.5584933222221888,up_to_four,1,passed,sae_128_B_iid
0.5405924378217143,0.5421108070469071,-0.1312260137677831,0.6718184515894974,4,7,0,0.4768443645876212,single,1,passed,sae_128_B_iid
0.6367009506607317,0.6612627155171789,-0.038728342127898996,0.6754292927886307,4,7,0,0.5948561436533422,up_to_four,1,passed,sae_128_C_iid
0.6266671274182872,0.6226273520796041,-0.0487621653703435,0.6754292927886307,4,7,0,0.5670305503168778,single,1,passed,sae_128_C_iid
0.6370580895471885,0.6805783564334164,-0.029404140262909606,0.6664622298100981,4,7,0,0.6104650657248745,up_to_four,1,passed,sae_128_D_iid
0.6212771984332062,0.6168050921279634,-0.04518503137689189,0.6664622298100981,4,7,0,0.5652166451086587,single,1,passed,sae_128_D_iid
0.0875958195223309,,-0.06304032436706665,0.15063614388939756,4,7,0,0.030004023034527632,up_to_four,1,passed,sae_128_state_iid
0.07779271786468861,,-0.07284342602470895,0.15063614388939756,4,7,0,0.02471294238535232,single,1,passed,sae_128_state_iid
0.9984674488407665,0.9999902318979454,-0.0002800723031710639,0.9987475211439376,16,7,0,0.9984487707710563,up_to_four,1,passed,coordinate_current_iid
0.9984044365758735,0.9999866289094826,-0.00034308456806408927,0.9987475211439376,16,7,0,0.9983986901926301,single,1,passed,coordinate_current_iid
0.9986010697930165,0.999994333037356,0.0,0.9986010697930165,16,7,0,0.9985892430562227,up_to_four,1,passed,coordinate_current_transfer
0.9979135053110774,0.9999873707689647,-0.0006875644819391846,0.9986010697930165,16,7,0,0.9977836111869098,single,1,passed,coordinate_current_transfer
0.7244756248052165,0.8103191717476348,-0.16739225697522442,0.891867881780441,16,7,0,0.7235595725400794,up_to_four,1,passed,coordinate_previous_iid
0.6728526537139363,0.7534101809195314,-0.21901522806650464,0.891867881780441,16,7,0,0.6728580339886517,single,1,passed,coordinate_previous_iid
0.7457674031527599,0.8570240488035042,-0.0452836777987895,0.7910510809515494,16,7,0,0.7437105212868704,up_to_four,1,passed,coordinate_previous_transfer
0.6723862298029804,0.7888865771787146,-0.11866485114856906,0.7910510809515494,16,7,0,0.668460829695543,single,1,passed,coordinate_previous_transfer
0.970530528381794,,-0.02946947161820601,1.0,16,7,0,0.9704857710745853,up_to_four,1,passed,coordinate_query_iid
0.6126026020227522,,-0.3873973979772478,1.0,16,7,0,0.5854187133753349,single,1,passed,coordinate_query_iid
0.6490036990692019,0.6750924772305699,-0.03550563267150997,0.6845093317407118,16,7,0,0.6490193009283229,up_to_four,1,passed,coordinate_A_iid
0.6485786506204058,0.6618901884146712,-0.03593068112030606,0.6845093317407118,16,7,0,0.648547250694061,single,1,passed,coordinate_A_iid
0.6430800415495856,0.6594968568839956,-0.028738410039911733,0.6718184515894974,16,7,0,0.6430619998629828,up_to_four,1,passed,coordinate_B_iid
0.6436888481661394,0.657480701544709,-0.02812960342335802,0.6718184515894974,16,7,0,0.6436843720345804,single,1,passed,coordinate_B_iid
0.6482287081974283,0.6612474749122793,-0.027200584591202448,0.6754292927886307,16,7,0,0.6482165710419883,up_to_four,1,passed,coordinate_C_iid
0.647977753237026,0.6643236670063435,-0.02745153955160473,0.6754292927886307,16,7,0,0.6479648770271773,single,1,passed,coordinate_C_iid
0.6477560972170953,0.6663120263986301,-0.0187061325930028,0.6664622298100981,16,7,0,0.6477460115371292,up_to_four,1,passed,coordinate_D_iid
0.6479087839916329,0.6576079039278152,-0.018553445818465186,0.6664622298100981,16,7,0,0.6479267831122,single,1,passed,coordinate_D_iid
0.12479294686877887,,-0.025843197020618686,0.15063614388939756,16,7,0,0.03735381911411042,up_to_four,1,passed,coordinate_state_iid
0.12480899419650726,,-0.025827149692890294,0.15063614388939756,16,7,0,0.03735671321510263,single,1,passed,coordinate_state_iid
0.9984674488407665,0.9999902318979454,-0.0002800723031710639,0.9987475211439376,16,7,0,0.9984487707710563,up_to_four,1,passed,coordinate_128_current_iid
0.9984044365758735,0.9999866289094826,-0.00034308456806408927,0.9987475211439376,16,7,0,0.9983986901926301,single,1,passed,coordinate_128_current_iid
0.9984588290306514,0.9999946568637927,-0.00014224076236513117,0.9986010697930165,16,7,0,0.9983878952594926,up_to_four,1,passed,coordinate_128_current_transfer
0.9979135053110774,0.9999873707689647,-0.0006875644819391846,0.9986010697930165,16,7,0,0.9977836111869098,single,1,passed,coordinate_128_current_transfer
0.7227524084441355,0.8019810146555663,-0.1691154733363055,0.891867881780441,16,7,0,0.7216473870598122,up_to_four,1,passed,coordinate_128_previous_iid
0.6728526537139363,0.7534101809195314,-0.21901522806650464,0.891867881780441,16,7,0,0.6728580339886517,single,1,passed,coordinate_128_previous_iid
0.5967714490583703,0.8928130375500165,-0.1942796318931791,0.7910510809515494,16,7,0,0.5302598900433213,up_to_four,1,passed,coordinate_128_previous_transfer
0.6723862298029804,0.7888865771787146,-0.11866485114856906,0.7910510809515494,16,7,0,0.668460829695543,single,1,passed,coordinate_128_previous_transfer
0.893439827891201,,-0.10656017210879898,1.0,16,7,0,0.8937344716997409,up_to_four,1,passed,coordinate_128_query_iid
0.5169510771643652,,-0.48304892283563483,1.0,16,7,0,0.5109576002024606,single,1,passed,coordinate_128_query_iid
0.6583337480159676,0.67271459641129,-0.026175583724744267,0.6845093317407118,16,7,0,0.6513007019182058,up_to_four,1,passed,coordinate_128_A_iid
0.6481907759546457,0.6643033510431098,-0.03631855578606613,0.6845093317407118,16,7,0,0.6482353463263846,single,1,passed,coordinate_128_A_iid
0.6478921774483668,0.6568768830958411,-0.023926274141130577,0.6718184515894974,16,7,0,0.6468866025775176,up_to_four,1,passed,coordinate_128_B_iid
0.6438957395504441,0.6559032598061073,-0.027922712039053277,0.6718184515894974,16,7,0,0.6439148149361342,single,1,passed,coordinate_128_B_iid
0.6481809113003695,0.6584343732602747,-0.027248381488261253,0.6754292927886307,16,7,0,0.6481703096955718,up_to_four,1,passed,coordinate_128_C_iid
0.647977753237026,0.6643236670063435,-0.02745153955160473,0.6754292927886307,16,7,0,0.6479648770271773,single,1,passed,coordinate_128_C_iid
0.6470735729153849,0.6510351378250482,-0.01938865689471314,0.6664622298100981,16,7,0,0.6463439091579755,up_to_four,1,passed,coordinate_128_D_iid
0.6479087839916329,0.6576079039278152,-0.018553445818465186,0.6664622298100981,16,7,0,0.6479267831122,single,1,passed,coordinate_128_D_iid
0.1247371159637112,,-0.025899027925686352,0.15063614388939756,16,7,0,0.03733556517829897,up_to_four,1,passed,coordinate_128_state_iid
0.12480899419650726,,-0.025827149692890294,0.15063614388939756,16,7,0,0.03735671321510263,single,1,passed,coordinate_128_state_iid
0.9983842598404822,0.9999855279963413,-0.00036326130345543106,0.9987475211439376,16,7,0,0.9983986252357786,up_to_four,1,passed,random_current_iid
0.9987018032236659,0.9999563838229981,-4.571792027174837e-05,0.9987475211439376,16,7,0,0.9986989283202681,single,1,passed,random_current_iid
0.9983402275981729,0.9999946568637927,-0.0002608421948436801,0.9986010697930165,16,7,0,0.9983875141323262,up_to_four,1,passed,random_current_transfer
0.9959453691848058,0.9999933615580455,-0.0026557006082107426,0.9986010697930165,16,7,0,0.9961689293165616,single,1,passed,random_current_transfer
0.7863957821584782,0.8677445097196285,-0.1054720996219628,0.891867881780441,16,7,0,0.7851981621065622,up_to_four,1,passed,random_previous_iid
0.6841203536753346,0.7424316293542722,-0.20774752810510633,0.891867881780441,16,7,0,0.6840935543774993,single,1,passed,random_previous_iid
0.6478161769349944,0.8591902244381615,-0.14323490401655503,0.7910510809515494,16,7,0,0.602817757357538,up_to_four,1,passed,random_previous_transfer
0.6114264325069383,0.7748602137753984,-0.17962464844461112,0.7910510809515494,16,7,0,0.5454992022758611,single,1,passed,random_previous_transfer
0.9551429653541411,,-0.044857034645858884,1.0,16,7,0,0.9554117355839684,up_to_four,1,passed,random_query_iid
0.6408088174121365,,-0.35919118258786353,1.0,16,7,0,0.6337981088565476,single,1,passed,random_query_iid
0.6522104045930078,0.6841104255658886,-0.03229892714770399,0.6845093317407118,16,7,0,0.6522557099873203,up_to_four,1,passed,random_A_iid
0.6478221713931929,0.6756425210858237,-0.036687160347518954,0.6845093317407118,16,7,0,0.647881985960937,single,1,passed,random_A_iid
0.6463074710964452,0.6824701258287063,-0.025510980493052227,0.6718184515894974,16,7,0,0.6463397880779069,up_to_four,1,passed,random_B_iid
0.6410549155135478,0.6794458653023016,-0.030763536075949616,0.6718184515894974,16,7,0,0.6404278422647101,single,1,passed,random_B_iid
0.6491621002437586,0.6804613375104858,-0.026267192544872087,0.6754292927886307,16,7,0,0.6481231270638836,up_to_four,1,passed,random_C_iid
0.6455703676878936,0.6809378264223307,-0.029858925100737177,0.6754292927886307,16,7,0,0.6390051927134197,single,1,passed,random_C_iid
0.6562868499036134,0.6855859379005425,-0.01017537990648465,0.6664622298100981,16,7,0,0.6507599319225715,up_to_four,1,passed,random_D_iid
0.654101169968418,0.6789112487695337,-0.012361059841680011,0.6664622298100981,16,7,0,0.6541477525789893,single,1,passed,random_D_iid
0.1263886451865265,,-0.024247498702871045,0.15063614388939756,16,7,0,0.04600819539980219,up_to_four,1,passed,random_state_iid
0.12421208712863704,,-0.02642405676076051,0.15063614388939756,16,7,0,0.04020114925907317,single,1,passed,random_state_iid
0.9984674488407665,0.9999659117258218,-0.0002800723031710639,0.9987475211439376,16,7,0,0.9984487707710563,up_to_four,1,passed,random_128_current_iid
0.9981041875373109,0.9998697920002767,-0.000643333606626717,0.9987475211439376,16,7,0,0.9980984446037481,single,1,passed,random_128_current_iid
0.9986485103660081,0.9999904471201143,4.74405729915528e-05,0.9986010697930165,16,7,0,0.99858937552436,up_to_four,1,passed,random_128_current_transfer
0.9968226959587108,0.9999669697034462,-0.0017783738343057909,0.9986010697930165,16,7,0,0.9969759246185893,single,1,passed,random_128_current_transfer
0.7712810263526761,0.8528411101792683,-0.12058685542776482,0.891867881780441,16,7,0,0.7713533229784919,up_to_four,1,passed,random_128_previous_iid
0.6653279191765512,0.7186448580810343,-0.22653996260388976,0.891867881780441,16,7,0,0.6616701557891626,single,1,passed,random_128_previous_iid
0.7655128343259239,0.8535839144601187,-0.025538246625625538,0.7910510809515494,16,7,0,0.7658122123299334,up_to_four,1,passed,random_128_previous_transfer
0.5540759991232014,0.8181515895690683,-0.23697508182834803,0.7910510809515494,16,7,0,0.45971809978372735,single,1,passed,random_128_previous_transfer
0.96137915435323,,-0.03862084564677004,1.0,16,7,0,0.9616241906042933,up_to_four,1,passed,random_128_query_iid
0.6548328478528351,,-0.34516715214716487,1.0,16,7,0,0.6417025688174987,single,1,passed,random_128_query_iid
0.6508613921818494,0.6797251804835467,-0.03364793955886247,0.6845093317407118,16,7,0,0.6508937801369931,up_to_four,1,passed,random_128_A_iid
0.6478221713931929,0.6756425210858237,-0.036687160347518954,0.6845093317407118,16,7,0,0.647881985960937,single,1,passed,random_128_A_iid
0.6460959767891001,0.6801419473422402,-0.025722474800397244,0.6718184515894974,16,7,0,0.6455959030886398,up_to_four,1,passed,random_128_B_iid
0.6410549155135478,0.6794458653023016,-0.030763536075949616,0.6718184515894974,16,7,0,0.6404278422647101,single,1,passed,random_128_B_iid
0.6499834678438388,0.676225829403169,-0.025445824944791973,0.6754292927886307,16,7,0,0.6491130327723519,up_to_four,1,passed,random_128_C_iid
0.6520441146309097,0.6720989056055635,-0.02338517815772101,0.6754292927886307,16,7,0,0.6504558163772107,single,1,passed,random_128_C_iid
0.654101169968418,0.6789112487695337,-0.012361059841680011,0.6664622298100981,16,7,0,0.6541477525789893,up_to_four,1,passed,random_128_D_iid
0.654101169968418,0.6789112487695337,-0.012361059841680011,0.6664622298100981,16,7,0,0.6541477525789893,single,1,passed,random_128_D_iid
0.12570471174651038,,-0.024931432142887178,0.15063614388939756,16,7,0,0.0438484354164803,up_to_four,1,passed,random_128_state_iid
0.12421208712863704,,-0.02642405676076051,0.15063614388939756,16,7,0,0.04020114925907317,single,1,passed,random_128_state_iid
0.9983072359537895,0.9999767707327165,-0.0004402851901481597,0.9987475211439376,16,7,0,0.9982986180525132,up_to_four,1,passed,sae_current_iid
0.998041175272418,0.9988344832738066,-0.0007063458715196314,0.9987475211439376,16,7,0,0.9980483530002178,single,1,passed,sae_current_iid
0.9986010697930165,0.9999920662522983,0.0,0.9986010697930165,16,7,0,0.9985892430562227,up_to_four,1,passed,sae_current_transfer
0.9983639478846685,0.9989280535375772,-0.00023712190834801472,0.9986010697930165,16,7,0,0.998387591416507,single,1,passed,sae_current_transfer
0.6405941843078827,0.7314329629171599,-0.25127369747255823,0.891867881780441,16,7,0,0.601292460725752,up_to_four,1,passed,sae_previous_iid
0.6194543431091379,0.6206026574955784,-0.272413538671303,0.891867881780441,16,7,0,0.5646763604030808,single,1,passed,sae_previous_iid
0.6312359517166306,0.7264112371405962,-0.1598151292349188,0.7910510809515494,16,7,0,0.5701128312778798,up_to_four,1,passed,sae_previous_transfer
0.6126972332544462,0.6136086765913338,-0.17835384769710316,0.7910510809515494,16,7,0,0.5406093257610853,single,1,passed,sae_previous_transfer
0.9220776493918916,,-0.07792235060810837,1.0,16,7,0,0.9207475444552012,up_to_four,1,passed,sae_query_iid
0.5,,-0.5,1.0,16,7,0,0.3750062515628907,single,1,passed,sae_query_iid
0.6500461716704421,0.6931830109034455,-0.03446316007026973,0.6845093317407118,16,7,0,0.6463995004872793,up_to_four,1,passed,sae_A_iid
0.5904302850120502,0.5904067654743518,-0.09407904672866163,0.6845093317407118,16,7,0,0.5145840800460957,single,1,passed,sae_A_iid
0.653821923074029,0.7467253404602059,-0.017996528515468402,0.6718184515894974,16,7,0,0.6488457973236632,up_to_four,1,passed,sae_B_iid
0.6240430923253503,0.6221927472822341,-0.04777535926414711,0.6718184515894974,16,7,0,0.5673571245598317,single,1,passed,sae_B_iid
0.662617579291722,0.7545480830134148,-0.012811713496908683,0.6754292927886307,16,7,0,0.6563792591089774,up_to_four,1,passed,sae_C_iid
0.6228778870233359,0.6211570737242561,-0.05255140576529482,0.6754292927886307,16,7,0,0.5618280229710504,single,1,passed,sae_C_iid
0.6476021287067799,0.7383232869280895,-0.01886010110331815,0.6664622298100981,16,7,0,0.6476693760734431,up_to_four,1,passed,sae_D_iid
0.6266286055227431,0.6254396453853667,-0.03983362428735493,0.6664622298100981,16,7,0,0.5588603988603988,single,1,passed,sae_D_iid
0.12592844821149637,,-0.02470769567790118,0.15063614388939756,16,7,0,0.04282458657646021,up_to_four,1,passed,sae_state_iid
0.1226715688264269,,-0.027964575062970662,0.15063614388939756,16,7,0,0.04228886601004356,single,1,passed,sae_state_iid
0.9119634589714092,0.9365990126850815,-0.08678406217252843,0.9987475211439376,16,7,0,0.9093176478008989,up_to_four,1,passed,sae_128_current_iid
0.7679327141103918,0.769017543911622,-0.23081480703354584,0.9987475211439376,16,7,0,0.7507255222979898,single,1,passed,sae_128_current_iid
0.7762233838955932,0.7801496984852047,-0.22237768589742335,0.9986010697930165,16,7,0,0.7556770599542632,up_to_four,1,passed,sae_128_current_transfer
0.7747059332127404,0.7760784715651244,-0.22389513658027616,0.9986010697930165,16,7,0,0.7538753226077883,single,1,passed,sae_128_current_transfer
0.6296996082911608,0.7059680547660295,-0.2621682734892802,0.891867881780441,16,7,0,0.6061665722217235,up_to_four,1,passed,sae_128_previous_iid
0.6194543431091379,0.6206026574955784,-0.272413538671303,0.891867881780441,16,7,0,0.5646763604030808,single,1,passed,sae_128_previous_iid
0.6392932111264262,0.7027718540204562,-0.15175786982512318,0.7910510809515494,16,7,0,0.606016156462585,up_to_four,1,passed,sae_128_previous_transfer
0.6195026396840553,0.6205557268697917,-0.17154844126749413,0.7910510809515494,16,7,0,0.5668123316043686,single,1,passed,sae_128_previous_transfer
0.9536288760061713,,-0.0463711239938287,1.0,16,7,0,0.9536028653418579,up_to_four,1,passed,sae_128_query_iid
0.5,,-0.5,1.0,16,7,0,0.3750062515628907,single,1,passed,sae_128_query_iid
0.6086796393809698,0.6454766393230393,-0.07582969235974202,0.6845093317407118,16,7,0,0.59549216468323,up_to_four,1,passed,sae_128_A_iid
0.5809114090639623,0.5874565975937035,-0.1035979226767495,0.6845093317407118,16,7,0,0.5550939163554647,single,1,passed,sae_128_A_iid
0.6432615968444602,0.7356767141405478,-0.02855685474503722,0.6718184515894974,16,7,0,0.6229194142231446,up_to_four,1,passed,sae_128_B_iid
0.6240430923253503,0.6221927472822341,-0.04777535926414711,0.6718184515894974,16,7,0,0.5673571245598317,single,1,passed,sae_128_B_iid
0.6117794815276218,0.6497725244714962,-0.06364981126100888,0.6754292927886307,16,7,0,0.6068476643374741,up_to_four,1,passed,sae_128_C_iid
0.5789938602663139,0.5836548652616023,-0.09643543252231679,0.6754292927886307,16,7,0,0.5566053707182187,single,1,passed,sae_128_C_iid
0.6212324978979533,0.6382253002305842,-0.045229731912144744,0.6664622298100981,16,7,0,0.6173853508252557,up_to_four,1,passed,sae_128_D_iid
0.580586092910463,0.5817154172867064,-0.08587613689963502,0.6664622298100981,16,7,0,0.5537659172646746,single,1,passed,sae_128_D_iid
0.10469583282215088,,-0.04594031106724668,0.15063614388939756,16,7,0,0.0459484078177025,up_to_four,1,passed,sae_128_state_iid
0.07830945804745693,,-0.07232668584194063,0.15063614388939756,16,7,0,0.025057034987115364,single,1,passed,sae_128_state_iid
0.9993480192210628,0.9999976980907044,8.647172310638496e-06,0.9993393720487521,4,11,0,0.9993494585397054,up_to_four,1,passed,coordinate_current_iid
0.999093488102772,0.9999970275345182,-0.00024588394598012986,0.9993393720487521,4,11,0,0.9990992424629113,single,1,passed,coordinate_current_iid
0.999596917042791,0.999999190433908,0.0,0.999596917042791,4,11,0,0.999596917042791,up_to_four,1,passed,coordinate_current_transfer
0.999596917042791,0.9999995142603448,0.0,0.999596917042791,4,11,0,0.999596917042791,single,1,passed,coordinate_current_transfer
0.7561719516702676,0.8293058440861872,-0.1374058327816754,0.893577784451943,4,11,0,0.7563065044209356,up_to_four,1,passed,coordinate_previous_iid
0.68503101350664,0.748667066423764,-0.20854677094530305,0.893577784451943,4,11,0,0.6845291602733103,single,1,passed,coordinate_previous_iid
0.7255064812509985,0.8573940875535461,-0.07968446394537099,0.8051909451963695,4,11,0,0.7109695885509839,up_to_four,1,passed,coordinate_previous_transfer
0.5055923777961889,0.7669956828812495,-0.29959856740018054,0.8051909451963695,4,11,0,0.3367511238052866,single,1,passed,coordinate_previous_transfer
0.8827779290022174,,-0.11722207099778259,1.0,4,11,0,0.8820588777686206,up_to_four,1,passed,coordinate_query_iid
0.5838221939421929,,-0.4161778060578071,1.0,4,11,0,0.5539379738137811,single,1,passed,coordinate_query_iid
0.6488188311984009,0.6773974820190156,-0.034011618981967806,0.6828304501803687,4,11,0,0.6481499780093736,up_to_four,1,passed,coordinate_A_iid
0.6496670611482254,0.6627494198422272,-0.03316338903214333,0.6828304501803687,4,11,0,0.6495792314115816,single,1,passed,coordinate_A_iid
0.6462881588323849,0.6810375460832647,-0.025465471593080546,0.6717536304254654,4,11,0,0.6463096427239258,up_to_four,1,passed,coordinate_B_iid
0.6462881588323849,0.6810375460832647,-0.025465471593080546,0.6717536304254654,4,11,0,0.6463096427239258,single,1,passed,coordinate_B_iid
0.6496509846475806,0.6587131043231106,-0.02658576518902034,0.676236749836601,4,11,0,0.6495943935102961,up_to_four,1,passed,coordinate_C_iid
0.6488243218373337,0.6572707770771422,-0.02741242799926724,0.676236749836601,4,11,0,0.6488089677725363,single,1,passed,coordinate_C_iid
0.6473143790246503,0.6669727611921168,-0.022080622462163246,0.6693950014868135,4,11,0,0.6465467120007884,up_to_four,1,passed,coordinate_D_iid
0.6489402608588655,0.6652956900352733,-0.020454740627948054,0.6693950014868135,4,11,0,0.6488950078569418,single,1,passed,coordinate_D_iid
0.12505031679149936,,-0.02923618490263344,0.1542865016941328,4,11,0,0.03856467712992391,up_to_four,1,passed,coordinate_state_iid
0.1249232818051804,,-0.029363219888952394,0.1542865016941328,4,11,0,0.03820276346543725,single,1,passed,coordinate_state_iid
0.9989876403083774,0.9999964170281398,-0.00035173174037472776,0.9993393720487521,4,11,0,0.9989991466323846,up_to_four,1,passed,coordinate_128_current_iid
0.99904488779173,0.9999940350524339,-0.0002944842570221651,0.9993393720487521,4,11,0,0.9990492031347702,single,1,passed,coordinate_128_current_iid
0.9993835154209387,0.9999990285206896,-0.00021340162185223832,0.999596917042791,4,11,0,0.9993953611975063,up_to_four,1,passed,coordinate_128_current_transfer
0.9991938340855822,0.9999978951281608,-0.00040308295720881127,0.999596917042791,4,11,0,0.9991938340855822,single,1,passed,coordinate_128_current_transfer
0.7554074768433601,0.8197735887575649,-0.13817030760858295,0.893577784451943,4,11,0,0.7555137895002367,up_to_four,1,passed,coordinate_128_previous_iid
0.6656395380322921,0.7294451297588213,-0.22793824641965088,0.893577784451943,4,11,0,0.6643671585928314,single,1,passed,coordinate_128_previous_iid
0.6840582402353982,0.854887595156802,-0.12113270496097128,0.8051909451963695,4,11,0,0.658455001089562,up_to_four,1,passed,coordinate_128_previous_transfer
0.5055923777961889,0.7669956828812495,-0.29959856740018054,0.8051909451963695,4,11,0,0.3367511238052866,single,1,passed,coordinate_128_previous_transfer
0.9656537849753221,,-0.03434621502467794,1.0,4,11,0,0.9655098274091556,up_to_four,1,passed,coordinate_128_query_iid
0.5838221939421929,,-0.4161778060578071,1.0,4,11,0,0.5539379738137811,single,1,passed,coordinate_128_query_iid
0.6496906057120333,0.6742230401555639,-0.0331398444683354,0.6828304501803687,4,11,0,0.6490974419203517,up_to_four,1,passed,coordinate_128_A_iid
0.6495669567102662,0.6692711288760451,-0.03326349347010249,0.6828304501803687,4,11,0,0.6494791683708654,single,1,passed,coordinate_128_A_iid
0.6502925417757293,0.6771509779570418,-0.02146108864973617,0.6717536304254654,4,11,0,0.6501588880948715,up_to_four,1,passed,coordinate_128_B_iid
0.6437023167192093,0.6625660209259288,-0.02805131370625613,0.6717536304254654,4,11,0,0.6437082195070281,single,1,passed,coordinate_128_B_iid
0.6496509846475806,0.6587131043231106,-0.02658576518902034,0.676236749836601,4,11,0,0.6495943935102961,up_to_four,1,passed,coordinate_128_C_iid
0.6488243218373337,0.6572707770771422,-0.02741242799926724,0.676236749836601,4,11,0,0.6488089677725363,single,1,passed,coordinate_128_C_iid
0.6498283435359501,0.6609936340189339,-0.01956665795086343,0.6693950014868135,4,11,0,0.6494562917795592,up_to_four,1,passed,coordinate_128_D_iid
0.640554023881301,0.6654208945922927,-0.02884097760551252,0.6693950014868135,4,11,0,0.6397801483253847,single,1,passed,coordinate_128_D_iid
0.12488019827775854,,-0.029406303416374263,0.1542865016941328,4,11,0,0.03778663107855538,up_to_four,1,passed,coordinate_128_state_iid
0.12488019827775854,,-0.029406303416374263,0.1542865016941328,4,11,0,0.03778663107855538,single,1,passed,coordinate_128_state_iid
0.9991849239433155,0.9999962468870179,-0.00015444810543663312,0.9993393720487521,4,11,0,0.9991993126178893,up_to_four,1,passed,random_current_iid
0.9985671315215692,0.9999955863391331,-0.0007722405271829436,0.9993393720487521,4,11,0,0.9985987472660434,single,1,passed,random_current_iid
0.9995731967562953,0.9999993523471264,-2.3720286495665377e-05,0.999596917042791,4,11,0,0.9995968978541268,up_to_four,1,passed,random_current_transfer
0.9987195902688861,0.9999988666074712,-0.0008773267739048407,0.999596917042791,4,11,0,0.9987905772388531,single,1,passed,random_current_transfer
0.7250734706664085,0.8124198248574321,-0.16850431378553454,0.893577784451943,4,11,0,0.7250071950468986,up_to_four,1,passed,random_previous_iid
0.6951782677631235,0.7657771551636042,-0.1983995166888195,0.893577784451943,4,11,0,0.6951914306749225,single,1,passed,random_previous_iid
0.71086840218308,0.8394531525741099,-0.09432254301328946,0.8051909451963695,4,11,0,0.7028309568077078,up_to_four,1,passed,random_previous_transfer
0.700396417014352,0.8052604203432147,-0.10479452818201751,0.8051909451963695,4,11,0,0.6891434389716177,single,1,passed,random_previous_transfer
0.9232113807606959,,-0.07678861923930413,1.0,4,11,0,0.9229324802731537,up_to_four,1,passed,random_query_iid
0.6400781170225125,,-0.3599218829774875,1.0,4,11,0,0.6266242795024666,single,1,passed,random_query_iid
0.6518375255720541,0.6944764102940957,-0.030992924608314598,0.6828304501803687,4,11,0,0.6512052793665719,up_to_four,1,passed,random_A_iid
0.648399904135986,0.6844193578718741,-0.03443054604438267,0.6828304501803687,4,11,0,0.6484256996660263,single,1,passed,random_A_iid
0.6436939514069014,0.6825248005493408,-0.028059679018563988,0.6717536304254654,4,11,0,0.643721824155971,up_to_four,1,passed,random_B_iid
0.6420545503216362,0.6771001957082826,-0.029699080103829267,0.6717536304254654,4,11,0,0.6418757500484518,single,1,passed,random_B_iid
0.6572343256303843,0.6662765945180364,-0.019002424206216673,0.676236749836601,4,11,0,0.6553528126745328,up_to_four,1,passed,random_C_iid
0.6479580674556973,0.6705994960939999,-0.028278682380903697,0.676236749836601,4,11,0,0.6448642419032498,single,1,passed,random_C_iid
0.6520314871211189,0.6702628868118361,-0.01736351436569461,0.6693950014868135,4,11,0,0.6475843584026323,up_to_four,1,passed,random_D_iid
0.6500322997416021,0.6595331661949879,-0.019362701745211375,0.6693950014868135,4,11,0,0.6496574876803406,single,1,passed,random_D_iid
0.12548955223181593,,-0.028796949462316868,0.1542865016941328,4,11,0,0.04663069496981989,up_to_four,1,passed,random_state_iid
0.1253867195727264,,-0.028899782121406398,0.1542865016941328,4,11,0,0.04422074016998233,single,1,passed,random_state_iid
0.9989303928250248,0.9999876997977202,-0.00040897922372729045,0.9993393720487521,4,11,0,0.998949088541865,up_to_four,1,passed,random_128_current_iid
0.9989303928250248,0.9999876997977202,-0.00040897922372729045,0.9993393720487521,4,11,0,0.998949088541865,single,1,passed,random_128_current_iid
0.9995731967562953,0.999999190433908,-2.3720286495665377e-05,0.999596917042791,4,11,0,0.9995968978541268,up_to_four,1,passed,random_128_current_transfer
0.9995731967562953,0.999999190433908,-2.3720286495665377e-05,0.999596917042791,4,11,0,0.9995968978541268,single,1,passed,random_128_current_transfer
0.6886128347893521,0.764320593645063,-0.20496494966259093,0.893577784451943,4,11,0,0.6811561766002441,up_to_four,1,passed,random_128_previous_iid
0.654950238786161,0.7159223298056098,-0.23862754566578204,0.893577784451943,4,11,0,0.64442122726255,single,1,passed,random_128_previous_iid
0.6489467270518389,0.811401354579601,-0.1562442181445306,0.8051909451963695,4,11,0,0.6295147748295387,up_to_four,1,passed,random_128_previous_transfer
0.6530459464781302,0.7222688279505575,-0.15214499871823928,0.8051909451963695,4,11,0,0.6488367888138862,single,1,passed,random_128_previous_transfer
0.914334339422648,,-0.08566566057735203,1.0,4,11,0,0.9144281361861076,up_to_four,1,passed,random_128_query_iid
0.6151171057368992,,-0.38488289426310085,1.0,4,11,0,0.6118290107184112,single,1,passed,random_128_query_iid
0.6486058189648678,0.6750536867608607,-0.0342246312155009,0.6828304501803687,4,11,0,0.647847886206937,up_to_four,1,passed,random_128_A_iid
0.6494698253741145,0.6726516707615888,-0.033360624806254235,0.6828304501803687,4,11,0,0.6494587691442357,single,1,passed,random_128_A_iid
0.6442184244682743,0.6807624113617111,-0.027535205957191167,0.6717536304254654,4,11,0,0.6431514280512158,up_to_four,1,passed,random_128_B_iid
0.64198714751816,0.6722163742863267,-0.029766482907305436,0.6717536304254654,4,11,0,0.6419775298232906,single,1,passed,random_128_B_iid
0.6507127667897139,0.6763346937239939,-0.025523983046887078,0.676236749836601,4,11,0,0.6505334475897591,up_to_four,1,passed,random_128_C_iid
0.6502632339477554,0.6766866876946346,-0.025973515888845555,0.676236749836601,4,11,0,0.649739998006986,single,1,passed,random_128_C_iid
0.6483897553422747,0.6638251385556376,-0.021005246144538803,0.6693950014868135,4,11,0,0.6483518208546697,up_to_four,1,passed,random_128_D_iid
0.6481925282494565,0.6556948882454575,-0.021202473237357022,0.6693950014868135,4,11,0,0.6481151032263304,single,1,passed,random_128_D_iid
0.1248408656906429,,-0.0294456360034899,0.1542865016941328,4,11,0,0.03737074653235262,up_to_four,1,passed,random_128_state_iid
0.1248408656906429,,-0.0294456360034899,0.1542865016941328,4,11,0,0.03737074653235262,single,1,passed,random_128_state_iid
0.9026647062139221,0.9073112202184981,-0.09667466583482998,0.9993393720487521,4,11,0,0.9039742444119119,up_to_four,1,passed,sae_current_iid
0.8040568369028007,0.8040568369028006,-0.1952825351459514,0.9993393720487521,4,11,0,0.8001040320382291,single,1,passed,sae_current_iid
0.8081519419547589,0.8204790429244895,-0.19144497508803204,0.999596917042791,4,11,0,0.8084637561047854,up_to_four,1,passed,sae_current_transfer
0.8034571062740077,0.8034571062740077,-0.19613981076878328,0.999596917042791,4,11,0,0.8033310967336853,single,1,passed,sae_current_transfer
0.7038194296498523,0.7865902855792188,-0.1897583548020907,0.893577784451943,4,11,0,0.6830445708339801,up_to_four,1,passed,sae_previous_iid
0.6366605375197208,0.6387425018120128,-0.2569172469322222,0.893577784451943,4,11,0,0.5845038763864161,single,1,passed,sae_previous_iid
0.6930602873373186,0.7800121488625766,-0.11213065785905085,0.8051909451963695,4,11,0,0.6713680926916221,up_to_four,1,passed,sae_previous_transfer
0.6407486597241057,0.641912461314975,-0.1644422854722638,0.8051909451963695,4,11,0,0.5861931363697597,single,1,passed,sae_previous_transfer
0.6469419178518094,,-0.35305808214819057,1.0,4,11,0,0.6607647753572312,up_to_four,1,passed,sae_query_iid
0.37694149033074853,,-0.6230585096692515,1.0,4,11,0,0.2794110692268683,single,1,passed,sae_query_iid
0.6546248485582523,0.7472920523252704,-0.028205601622116383,0.6828304501803687,4,11,0,0.6505490229116808,up_to_four,1,passed,sae_A_iid
0.6284036972933492,0.6254190784703774,-0.05442675288701948,0.6828304501803687,4,11,0,0.5752276498072324,single,1,passed,sae_A_iid
0.647648002387436,0.7407374429057428,-0.024105628038029403,0.6717536304254654,4,11,0,0.6436756655091636,up_to_four,1,passed,sae_B_iid
0.6243870107272923,0.6184974706337513,-0.04736661969817313,0.6717536304254654,4,11,0,0.5676704837915174,single,1,passed,sae_B_iid
0.6527033807971838,0.7450377455481209,-0.023533369039417162,0.676236749836601,4,11,0,0.649354193800086,up_to_four,1,passed,sae_C_iid
0.623077894961651,0.6152447090625027,-0.05315885487494998,0.676236749836601,4,11,0,0.5620618705905456,single,1,passed,sae_C_iid
0.6532606717320865,0.745211505228841,-0.01613432975472706,0.6693950014868135,4,11,0,0.650108094893415,up_to_four,1,passed,sae_D_iid
0.6269253273553177,0.6262982531463409,-0.04246967413149583,0.6693950014868135,4,11,0,0.5592374347258616,single,1,passed,sae_D_iid
0.10971788090612072,,-0.044568620788012075,0.1542865016941328,4,11,0,0.03367897524510006,up_to_four,1,passed,sae_state_iid
0.07697286374564997,,-0.07731363794848282,0.1542865016941328,4,11,0,0.02383814492745205,single,1,passed,sae_state_iid
0.7973067581174529,0.8557247123053746,-0.20203261393129923,0.9993393720487521,4,11,0,0.7933633830337359,up_to_four,1,passed,sae_128_current_iid
0.6335155431320955,0.6355727194364094,-0.36582382891665666,0.9993393720487521,4,11,0,0.5876343243006583,single,1,passed,sae_128_current_iid
0.7185707013497733,0.7417622602308105,-0.28102621569301767,0.999596917042791,4,11,0,0.7042392724772693,up_to_four,1,passed,sae_128_current_transfer
0.5,0.5181391378574477,-0.49959691704279097,0.999596917042791,4,11,0,0.34615889691398555,single,1,passed,sae_128_current_transfer
0.6762382626200902,0.6813010557767383,-0.2173395218318528,0.893577784451943,4,11,0,0.6455256546549704,up_to_four,1,passed,sae_128_previous_iid
0.6366605375197208,0.6387425018120128,-0.2569172469322222,0.893577784451943,4,11,0,0.5845038763864161,single,1,passed,sae_128_previous_iid
0.6787250010216934,0.6813981223134109,-0.12646594417467605,0.8051909451963695,4,11,0,0.6416296780507946,up_to_four,1,passed,sae_128_previous_transfer
0.6407486597241057,0.641912461314975,-0.1644422854722638,0.8051909451963695,4,11,0,0.5861931363697597,single,1,passed,sae_128_previous_transfer
0.5060382154758761,,-0.49396178452412387,1.0,4,11,0,0.463972540022616,up_to_four,1,passed,sae_128_query_iid
0.37694149033074853,,-0.6230585096692515,1.0,4,11,0,0.2794110692268683,single,1,passed,sae_128_query_iid
0.646786846248823,0.6546150633494419,-0.03604360393154571,0.6828304501803687,4,11,0,0.6153704640099914,up_to_four,1,passed,sae_128_A_iid
0.6284036972933492,0.6254190784703774,-0.05442675288701948,0.6828304501803687,4,11,0,0.5752276498072324,single,1,passed,sae_128_A_iid
0.5673273755765862,0.583138136041912,-0.10442625484887924,0.6717536304254654,4,11,0,0.5263172524895828,up_to_four,1,passed,sae_128_B_iid
0.5499112556437841,0.550730275754315,-0.12184237478168136,0.6717536304254654,4,11,0,0.47467932262768053,single,1,passed,sae_128_B_iid
0.6357325822261886,0.6736684929024833,-0.04050416761041242,0.676236749836601,4,11,0,0.5874383768447538,up_to_four,1,passed,sae_128_C_iid
0.6288865755081819,0.6298079570778164,-0.04735017432841904,0.676236749836601,4,11,0,0.5741727036610789,single,1,passed,sae_128_C_iid
0.5645152090767401,0.5837887100226611,-0.10487979241007339,0.6693950014868135,4,11,0,0.5261014295211521,up_to_four,1,passed,sae_128_D_iid
0.548031446105574,0.5487099599761982,-0.12136355538123955,0.6693950014868135,4,11,0,0.47493910247263377,single,1,passed,sae_128_D_iid
0.10394830160200796,,-0.050338200092124835,0.1542865016941328,4,11,0,0.04820817774916818,up_to_four,1,passed,sae_128_state_iid
0.0791611836606312,,-0.0751253180335016,0.1542865016941328,4,11,0,0.02536357239414702,single,1,passed,sae_128_state_iid
0.9993480192210628,0.9999976980907044,8.647172310638496e-06,0.9993393720487521,16,11,0,0.9993494585397054,up_to_four,1,passed,coordinate_current_iid
0.999093488102772,0.9999970275345182,-0.00024588394598012986,0.9993393720487521,16,11,0,0.9990992424629113,single,1,passed,coordinate_current_iid
0.999596917042791,0.999999190433908,0.0,0.999596917042791,16,11,0,0.999596917042791,up_to_four,1,passed,coordinate_current_transfer
0.999596917042791,0.9999995142603448,0.0,0.999596917042791,16,11,0,0.999596917042791,single,1,passed,coordinate_current_transfer
0.7561719516702676,0.8293058440861872,-0.1374058327816754,0.893577784451943,16,11,0,0.7563065044209356,up_to_four,1,passed,coordinate_previous_iid
0.68503101350664,0.748667066423764,-0.20854677094530305,0.893577784451943,16,11,0,0.6845291602733103,single,1,passed,coordinate_previous_iid
0.7255064812509985,0.8573940875535461,-0.07968446394537099,0.8051909451963695,16,11,0,0.7109695885509839,up_to_four,1,passed,coordinate_previous_transfer
0.5055923777961889,0.7669956828812495,-0.29959856740018054,0.8051909451963695,16,11,0,0.3367511238052866,single,1,passed,coordinate_previous_transfer
0.8827779290022174,,-0.11722207099778259,1.0,16,11,0,0.8820588777686206,up_to_four,1,passed,coordinate_query_iid
0.5838221939421929,,-0.4161778060578071,1.0,16,11,0,0.5539379738137811,single,1,passed,coordinate_query_iid
0.6488188311984009,0.6773974820190156,-0.034011618981967806,0.6828304501803687,16,11,0,0.6481499780093736,up_to_four,1,passed,coordinate_A_iid
0.6496670611482254,0.6627494198422272,-0.03316338903214333,0.6828304501803687,16,11,0,0.6495792314115816,single,1,passed,coordinate_A_iid
0.6462881588323849,0.6810375460832647,-0.025465471593080546,0.6717536304254654,16,11,0,0.6463096427239258,up_to_four,1,passed,coordinate_B_iid
0.6462881588323849,0.6810375460832647,-0.025465471593080546,0.6717536304254654,16,11,0,0.6463096427239258,single,1,passed,coordinate_B_iid
0.6496509846475806,0.6587131043231106,-0.02658576518902034,0.676236749836601,16,11,0,0.6495943935102961,up_to_four,1,passed,coordinate_C_iid
0.6488243218373337,0.6572707770771422,-0.02741242799926724,0.676236749836601,16,11,0,0.6488089677725363,single,1,passed,coordinate_C_iid
0.6473143790246503,0.6669727611921168,-0.022080622462163246,0.6693950014868135,16,11,0,0.6465467120007884,up_to_four,1,passed,coordinate_D_iid
0.6489402608588655,0.6652956900352733,-0.020454740627948054,0.6693950014868135,16,11,0,0.6488950078569418,single,1,passed,coordinate_D_iid
0.12505031679149936,,-0.02923618490263344,0.1542865016941328,16,11,0,0.03856467712992391,up_to_four,1,passed,coordinate_state_iid
0.1249232818051804,,-0.029363219888952394,0.1542865016941328,16,11,0,0.03820276346543725,single,1,passed,coordinate_state_iid
0.9989876403083774,0.9999964170281398,-0.00035173174037472776,0.9993393720487521,16,11,0,0.9989991466323846,up_to_four,1,passed,coordinate_128_current_iid
0.99904488779173,0.9999940350524339,-0.0002944842570221651,0.9993393720487521,16,11,0,0.9990492031347702,single,1,passed,coordinate_128_current_iid
0.9993835154209387,0.9999990285206896,-0.00021340162185223832,0.999596917042791,16,11,0,0.9993953611975063,up_to_four,1,passed,coordinate_128_current_transfer
0.9991938340855822,0.9999978951281608,-0.00040308295720881127,0.999596917042791,16,11,0,0.9991938340855822,single,1,passed,coordinate_128_current_transfer
0.7554074768433601,0.8197735887575649,-0.13817030760858295,0.893577784451943,16,11,0,0.7555137895002367,up_to_four,1,passed,coordinate_128_previous_iid
0.6656395380322921,0.7294451297588213,-0.22793824641965088,0.893577784451943,16,11,0,0.6643671585928314,single,1,passed,coordinate_128_previous_iid
0.6840582402353982,0.854887595156802,-0.12113270496097128,0.8051909451963695,16,11,0,0.658455001089562,up_to_four,1,passed,coordinate_128_previous_transfer
0.5055923777961889,0.7669956828812495,-0.29959856740018054,0.8051909451963695,16,11,0,0.3367511238052866,single,1,passed,coordinate_128_previous_transfer
0.9656537849753221,,-0.03434621502467794,1.0,16,11,0,0.9655098274091556,up_to_four,1,passed,coordinate_128_query_iid
0.5838221939421929,,-0.4161778060578071,1.0,16,11,0,0.5539379738137811,single,1,passed,coordinate_128_query_iid
0.6496906057120333,0.6742230401555639,-0.0331398444683354,0.6828304501803687,16,11,0,0.6490974419203517,up_to_four,1,passed,coordinate_128_A_iid
0.6495669567102662,0.6692711288760451,-0.03326349347010249,0.6828304501803687,16,11,0,0.6494791683708654,single,1,passed,coordinate_128_A_iid
0.6502925417757293,0.6771509779570418,-0.02146108864973617,0.6717536304254654,16,11,0,0.6501588880948715,up_to_four,1,passed,coordinate_128_B_iid
0.6437023167192093,0.6625660209259288,-0.02805131370625613,0.6717536304254654,16,11,0,0.6437082195070281,single,1,passed,coordinate_128_B_iid
0.6496509846475806,0.6587131043231106,-0.02658576518902034,0.676236749836601,16,11,0,0.6495943935102961,up_to_four,1,passed,coordinate_128_C_iid
0.6488243218373337,0.6572707770771422,-0.02741242799926724,0.676236749836601,16,11,0,0.6488089677725363,single,1,passed,coordinate_128_C_iid
0.6498283435359501,0.6609936340189339,-0.01956665795086343,0.6693950014868135,16,11,0,0.6494562917795592,up_to_four,1,passed,coordinate_128_D_iid
0.640554023881301,0.6654208945922927,-0.02884097760551252,0.6693950014868135,16,11,0,0.6397801483253847,single,1,passed,coordinate_128_D_iid
0.12488019827775854,,-0.029406303416374263,0.1542865016941328,16,11,0,0.03778663107855538,up_to_four,1,passed,coordinate_128_state_iid
0.12488019827775854,,-0.029406303416374263,0.1542865016941328,16,11,0,0.03778663107855538,single,1,passed,coordinate_128_state_iid
0.9991849239433155,0.9999962468870179,-0.00015444810543663312,0.9993393720487521,16,11,0,0.9991993126178893,up_to_four,1,passed,random_current_iid
0.9985671315215692,0.9999955863391331,-0.0007722405271829436,0.9993393720487521,16,11,0,0.9985987472660434,single,1,passed,random_current_iid
0.9995731967562953,0.9999993523471264,-2.3720286495665377e-05,0.999596917042791,16,11,0,0.9995968978541268,up_to_four,1,passed,random_current_transfer
0.9987195902688861,0.9999988666074712,-0.0008773267739048407,0.999596917042791,16,11,0,0.9987905772388531,single,1,passed,random_current_transfer
0.7250734706664085,0.8124198248574321,-0.16850431378553454,0.893577784451943,16,11,0,0.7250071950468986,up_to_four,1,passed,random_previous_iid
0.6951782677631235,0.7657771551636042,-0.1983995166888195,0.893577784451943,16,11,0,0.6951914306749225,single,1,passed,random_previous_iid
0.71086840218308,0.8394531525741099,-0.09432254301328946,0.8051909451963695,16,11,0,0.7028309568077078,up_to_four,1,passed,random_previous_transfer
0.700396417014352,0.8052604203432147,-0.10479452818201751,0.8051909451963695,16,11,0,0.6891434389716177,single,1,passed,random_previous_transfer
0.9232113807606959,,-0.07678861923930413,1.0,16,11,0,0.9229324802731537,up_to_four,1,passed,random_query_iid
0.6400781170225125,,-0.3599218829774875,1.0,16,11,0,0.6266242795024666,single,1,passed,random_query_iid
0.6518375255720541,0.6944764102940957,-0.030992924608314598,0.6828304501803687,16,11,0,0.6512052793665719,up_to_four,1,passed,random_A_iid
0.648399904135986,0.6844193578718741,-0.03443054604438267,0.6828304501803687,16,11,0,0.6484256996660263,single,1,passed,random_A_iid
0.6436939514069014,0.6825248005493408,-0.028059679018563988,0.6717536304254654,16,11,0,0.643721824155971,up_to_four,1,passed,random_B_iid
0.6420545503216362,0.6771001957082826,-0.029699080103829267,0.6717536304254654,16,11,0,0.6418757500484518,single,1,passed,random_B_iid
0.6572343256303843,0.6662765945180364,-0.019002424206216673,0.676236749836601,16,11,0,0.6553528126745328,up_to_four,1,passed,random_C_iid
0.6479580674556973,0.6705994960939999,-0.028278682380903697,0.676236749836601,16,11,0,0.6448642419032498,single,1,passed,random_C_iid
0.6520314871211189,0.6702628868118361,-0.01736351436569461,0.6693950014868135,16,11,0,0.6475843584026323,up_to_four,1,passed,random_D_iid
0.6500322997416021,0.6595331661949879,-0.019362701745211375,0.6693950014868135,16,11,0,0.6496574876803406,single,1,passed,random_D_iid
0.12548955223181593,,-0.028796949462316868,0.1542865016941328,16,11,0,0.04663069496981989,up_to_four,1,passed,random_state_iid
0.1253867195727264,,-0.028899782121406398,0.1542865016941328,16,11,0,0.04422074016998233,single,1,passed,random_state_iid
0.9989303928250248,0.9999876997977202,-0.00040897922372729045,0.9993393720487521,16,11,0,0.998949088541865,up_to_four,1,passed,random_128_current_iid
0.9989303928250248,0.9999876997977202,-0.00040897922372729045,0.9993393720487521,16,11,0,0.998949088541865,single,1,passed,random_128_current_iid
0.9995731967562953,0.999999190433908,-2.3720286495665377e-05,0.999596917042791,16,11,0,0.9995968978541268,up_to_four,1,passed,random_128_current_transfer
0.9995731967562953,0.999999190433908,-2.3720286495665377e-05,0.999596917042791,16,11,0,0.9995968978541268,single,1,passed,random_128_current_transfer
0.6886128347893521,0.764320593645063,-0.20496494966259093,0.893577784451943,16,11,0,0.6811561766002441,up_to_four,1,passed,random_128_previous_iid
0.654950238786161,0.7159223298056098,-0.23862754566578204,0.893577784451943,16,11,0,0.64442122726255,single,1,passed,random_128_previous_iid
0.6489467270518389,0.811401354579601,-0.1562442181445306,0.8051909451963695,16,11,0,0.6295147748295387,up_to_four,1,passed,random_128_previous_transfer
0.6530459464781302,0.7222688279505575,-0.15214499871823928,0.8051909451963695,16,11,0,0.6488367888138862,single,1,passed,random_128_previous_transfer
0.914334339422648,,-0.08566566057735203,1.0,16,11,0,0.9144281361861076,up_to_four,1,passed,random_128_query_iid
0.6151171057368992,,-0.38488289426310085,1.0,16,11,0,0.6118290107184112,single,1,passed,random_128_query_iid
0.6486058189648678,0.6750536867608607,-0.0342246312155009,0.6828304501803687,16,11,0,0.647847886206937,up_to_four,1,passed,random_128_A_iid
0.6494698253741145,0.6726516707615888,-0.033360624806254235,0.6828304501803687,16,11,0,0.6494587691442357,single,1,passed,random_128_A_iid
0.6442184244682743,0.6807624113617111,-0.027535205957191167,0.6717536304254654,16,11,0,0.6431514280512158,up_to_four,1,passed,random_128_B_iid
0.64198714751816,0.6722163742863267,-0.029766482907305436,0.6717536304254654,16,11,0,0.6419775298232906,single,1,passed,random_128_B_iid
0.6507127667897139,0.6763346937239939,-0.025523983046887078,0.676236749836601,16,11,0,0.6505334475897591,up_to_four,1,passed,random_128_C_iid
0.6502632339477554,0.6766866876946346,-0.025973515888845555,0.676236749836601,16,11,0,0.649739998006986,single,1,passed,random_128_C_iid
0.6483897553422747,0.6638251385556376,-0.021005246144538803,0.6693950014868135,16,11,0,0.6483518208546697,up_to_four,1,passed,random_128_D_iid
0.6481925282494565,0.6556948882454575,-0.021202473237357022,0.6693950014868135,16,11,0,0.6481151032263304,single,1,passed,random_128_D_iid
0.1248408656906429,,-0.0294456360034899,0.1542865016941328,16,11,0,0.03737074653235262,up_to_four,1,passed,random_128_state_iid
0.1248408656906429,,-0.0294456360034899,0.1542865016941328,16,11,0,0.03737074653235262,single,1,passed,random_128_state_iid
0.9991392060230437,0.9999934946041644,-0.0002001660257083815,0.9993393720487521,16,11,0,0.9991492771216289,up_to_four,1,passed,sae_current_iid
0.9985700139123395,0.9987596512050956,-0.0007693581364126567,0.9993393720487521,16,11,0,0.9985987556389576,single,1,passed,sae_current_iid
0.9993835154209387,0.9999995142603448,-0.00021340162185223832,0.999596917042791,16,11,0,0.9993953611975063,up_to_four,1,passed,sae_current_transfer
0.998956712177234,0.9991460696861539,-0.000640204865556937,0.999596917042791,16,11,0,0.9989922205253853,single,1,passed,sae_current_transfer
0.6697468690024166,0.7463946401603001,-0.22383091544952638,0.893577784451943,16,11,0,0.655240028779789,up_to_four,1,passed,sae_previous_iid
0.6134620454191959,0.6230466606137299,-0.2801157390327471,0.893577784451943,16,11,0,0.5638699388302602,single,1,passed,sae_previous_iid
0.6786313767596346,0.7575987977455872,-0.12655956843673488,0.8051909451963695,16,11,0,0.6709728019748575,up_to_four,1,passed,sae_previous_transfer
0.6227360204487277,0.652896221963806,-0.1824549247476418,0.8051909451963695,16,11,0,0.5796442935263038,single,1,passed,sae_previous_transfer
0.7497904818362165,,-0.25020951816378345,1.0,16,11,0,0.7605009469917094,up_to_four,1,passed,sae_query_iid
0.41331494988266243,,-0.5866850501173375,1.0,16,11,0,0.31477330704128115,single,1,passed,sae_query_iid
0.6485174117304843,0.7378073069853047,-0.034313038449884425,0.6828304501803687,16,11,0,0.6484512581722324,up_to_four,1,passed,sae_A_iid
0.6207786871965654,0.6214539366775964,-0.06205176298380333,0.6828304501803687,16,11,0,0.5520544531466085,single,1,passed,sae_A_iid
0.643482697252063,0.7362733580332854,-0.028270933173402457,0.6717536304254654,16,11,0,0.6433072316453423,up_to_four,1,passed,sae_B_iid
0.6241894052399035,0.6177529478319912,-0.047564225185561915,0.6717536304254654,16,11,0,0.5674742922808438,single,1,passed,sae_B_iid
0.6521386383825574,0.7404490184215412,-0.024098111454043614,0.676236749836601,16,11,0,0.6491604473915067,up_to_four,1,passed,sae_C_iid
0.6228797770983531,0.6192443478081645,-0.05335697273824791,0.676236749836601,16,11,0,0.5619448946490768,single,1,passed,sae_C_iid
0.6469045440096797,0.7361459382754502,-0.02249045747713385,0.6693950014868135,16,11,0,0.646753801529514,up_to_four,1,passed,sae_D_iid
0.6265619552622944,0.6246551429808304,-0.04283304622451911,0.6693950014868135,16,11,0,0.558961638488442,single,1,passed,sae_D_iid
0.12521646175644618,,-0.029070039937686615,0.1542865016941328,16,11,0,0.03971907521078049,up_to_four,1,passed,sae_state_iid
0.12577355179181515,,-0.028512949902317647,0.1542865016941328,16,11,0,0.04237372211851668,single,1,passed,sae_state_iid
0.9990362406194193,0.999277580796616,-0.00030313142933280357,0.9993393720487521,16,11,0,0.9990491865196417,up_to_four,1,passed,sae_128_current_iid
0.9985700139123395,0.9987596512050956,-0.0007693581364126567,0.9993393720487521,16,11,0,0.9985987556389576,single,1,passed,sae_128_current_iid
0.9993835154209387,0.9999990285206896,-0.00021340162185223832,0.999596917042791,16,11,0,0.9993953611975063,up_to_four,1,passed,sae_128_current_transfer
0.998956712177234,0.9991460696861539,-0.000640204865556937,0.999596917042791,16,11,0,0.9989922205253853,single,1,passed,sae_128_current_transfer
0.7030981117308385,0.7153757641659447,-0.19047967272110455,0.893577784451943,16,11,0,0.6922455278358028,up_to_four,1,passed,sae_128_previous_iid
0.6134620454191959,0.6230466606137299,-0.2801157390327471,0.893577784451943,16,11,0,0.5638699388302602,single,1,passed,sae_128_previous_iid
0.6838492575075884,0.7430147755432622,-0.12134168768878106,0.8051909451963695,16,11,0,0.6819722273952706,up_to_four,1,passed,sae_128_previous_transfer
0.6227360204487277,0.652896221963806,-0.1824549247476418,0.8051909451963695,16,11,0,0.5796442935263038,single,1,passed,sae_128_previous_transfer
0.516575651782564,,-0.48342434821743596,1.0,16,11,0,0.509216474764805,up_to_four,1,passed,sae_128_query_iid
0.37838742519328894,,-0.6216125748067111,1.0,16,11,0,0.2810572820317584,single,1,passed,sae_128_query_iid
0.6496991346101475,0.6490149107662533,-0.0331313155702212,0.6828304501803687,16,11,0,0.6496783732176674,up_to_four,1,passed,sae_128_A_iid
0.6496086652243419,0.6553616122164092,-0.03322178495602679,0.6828304501803687,16,11,0,0.6496012121705976,single,1,passed,sae_128_A_iid
0.6449098435470462,0.6653537512461913,-0.026843786878419262,0.6717536304254654,16,11,0,0.6449357459436442,up_to_four,1,passed,sae_128_B_iid
0.6443010369304923,0.6488412601538481,-0.027452593494973088,0.6717536304254654,16,11,0,0.6443191508446985,single,1,passed,sae_128_B_iid
0.6502864448689969,0.6905869693968154,-0.025950304967604088,0.676236749836601,16,11,0,0.647767400299883,up_to_four,1,passed,sae_128_C_iid
0.6228797770983531,0.6192443478081645,-0.05335697273824791,0.676236749836601,16,11,0,0.5619448946490768,single,1,passed,sae_128_C_iid
0.6481375738279809,0.6302777223026511,-0.02125742765883265,0.6693950014868135,16,11,0,0.6481003510877268,up_to_four,1,passed,sae_128_D_iid
0.64833416005291,0.6466356348421286,-0.02106084143390352,0.6693950014868135,16,11,0,0.6482982017976617,single,1,passed,sae_128_D_iid
0.12758452773908444,,-0.026701973955048364,0.1542865016941328,16,11,0,0.047911109603323204,up_to_four,1,passed,sae_128_state_iid
0.12577355179181515,,-0.028512949902317647,0.1542865016941328,16,11,0,0.04237372211851668,single,1,passed,sae_128_state_iid
