bootstrap_requested,bootstrap_seed,bootstrap_valid,budget_m,category,cell,ci_high,ci_low,lm_seed,metric,na_reason,source,stratum,suite,update,value
,,,1.0,selection_curve,,,,0,first_accuracy,,experiment_v1_4/results/p4_audit_20260921_01/select_curves_all_seeds.csv,,validation,136,0.5584077380952381
,,,1.0,selection_curve,,,,0,first_ce,,experiment_v1_4/results/p4_audit_20260921_01/select_curves_all_seeds.csv,,validation,136,0.6887624924226353
,,,1.0,selection_curve,,,,0,general_accuracy,,experiment_v1_4/results/p4_audit_20260921_01/select_curves_all_seeds.csv,,validation,136,0.5894104669689914
,,,3.0,selection_curve,,,,0,first_accuracy,,experiment_v1_4/results/p4_audit_20260921_01/select_curves_all_seeds.csv,,validation,407,0.5301339285714286
,,,3.0,selection_curve,,,,0,first_ce,,experiment_v1_4/results/p4_audit_20260921_01/select_curves_all_seeds.csv,,validation,407,0.7200349058146545
,,,3.0,selection_curve,,,,0,general_accuracy,,experiment_v1_4/results/p4_audit_20260921_01/select_curves_all_seeds.csv,,validation,407,0.6504473587449442
,,,8.0,selection_curve,,,,0,first_accuracy,,experiment_v1_4/results/p4_audit_20260921_01/select_curves_all_seeds.csv,,validation,1082,0.7991071428571429
,,,8.0,selection_curve,,,,0,first_ce,,experiment_v1_4/results/p4_audit_20260921_01/select_curves_all_seeds.csv,,validation,1082,0.4101507700351617
,,,8.0,selection_curve,,,,0,general_accuracy,,experiment_v1_4/results/p4_audit_20260921_01/select_curves_all_seeds.csv,,validation,1082,0.9346733668341709
,,,16.0,selection_curve,,,,0,first_accuracy,,experiment_v1_4/results/p4_audit_20260921_01/select_curves_all_seeds.csv,,validation,2160,0.9665178571428571
,,,16.0,selection_curve,,,,0,first_ce,,experiment_v1_4/results/p4_audit_20260921_01/select_curves_all_seeds.csv,,validation,2160,0.08192042053906605
,,,16.0,selection_curve,,,,0,general_accuracy,,experiment_v1_4/results/p4_audit_20260921_01/select_curves_all_seeds.csv,,validation,2160,0.9844343669567349
,,,24.0,selection_curve,,,,0,first_accuracy,,experiment_v1_4/results/p4_audit_20260921_01/select_curves_all_seeds.csv,,validation,3205,0.9888392857142857
,,,24.0,selection_curve,,,,0,first_ce,,experiment_v1_4/results/p4_audit_20260921_01/select_curves_all_seeds.csv,,validation,3205,0.03622048172054465
,,,24.0,selection_curve,,,,0,general_accuracy,,experiment_v1_4/results/p4_audit_20260921_01/select_curves_all_seeds.csv,,validation,3205,0.9950974384115701
,,,32.0,selection_curve,,,,0,first_accuracy,,experiment_v1_4/results/p4_audit_20260921_01/select_curves_all_seeds.csv,,validation,4249,0.9947916666666666
,,,32.0,selection_curve,,,,0,first_ce,,experiment_v1_4/results/p4_audit_20260921_01/select_curves_all_seeds.csv,,validation,4249,0.017032253636251597
,,,32.0,selection_curve,,,,0,general_accuracy,,experiment_v1_4/results/p4_audit_20260921_01/select_curves_all_seeds.csv,,validation,4249,0.9968133349675206
,,,48.0,selection_curve,,,,0,first_accuracy,,experiment_v1_4/results/p4_audit_20260921_01/select_curves_all_seeds.csv,,validation,6325,0.9955357142857143
,,,48.0,selection_curve,,,,0,first_ce,,experiment_v1_4/results/p4_audit_20260921_01/select_curves_all_seeds.csv,,validation,6325,0.014932117394359068
,,,48.0,selection_curve,,,,0,general_accuracy,,experiment_v1_4/results/p4_audit_20260921_01/select_curves_all_seeds.csv,,validation,6325,0.9981615394043387
,,,57.6,selection_curve,,,,0,first_accuracy,,experiment_v1_4/results/p4_audit_20260921_01/select_curves_all_seeds.csv,,validation,7568,0.9970238095238095
,,,57.6,selection_curve,,,,0,first_ce,,experiment_v1_4/results/p4_audit_20260921_01/select_curves_all_seeds.csv,,validation,7568,0.008455998308993648
,,,57.6,selection_curve,,,,0,general_accuracy,,experiment_v1_4/results/p4_audit_20260921_01/select_curves_all_seeds.csv,,validation,7568,0.9986517955631817
,,,60.8,selection_curve,,,,0,first_accuracy,,experiment_v1_4/results/p4_audit_20260921_01/select_curves_all_seeds.csv,,validation,7983,0.9985119047619048
,,,60.8,selection_curve,,,,0,first_ce,,experiment_v1_4/results/p4_audit_20260921_01/select_curves_all_seeds.csv,,validation,7983,0.0032469069110952035
,,,60.8,selection_curve,,,,0,general_accuracy,,experiment_v1_4/results/p4_audit_20260921_01/select_curves_all_seeds.csv,,validation,7983,0.9998774359602892
,,,64.0,selection_curve,,,,0,first_accuracy,,experiment_v1_4/results/p4_audit_20260921_01/select_curves_all_seeds.csv,,validation,8399,0.9985119047619048
,,,64.0,selection_curve,,,,0,first_ce,,experiment_v1_4/results/p4_audit_20260921_01/select_curves_all_seeds.csv,,validation,8399,0.004460475431776227
,,,64.0,selection_curve,,,,0,general_accuracy,,experiment_v1_4/results/p4_audit_20260921_01/select_curves_all_seeds.csv,,validation,8399,0.999509743841157
,,,1.0,selection_curve,,,,1,first_accuracy,,experiment_v1_4/results/p4_audit_20260921_01/select_curves_all_seeds.csv,,validation,136,0.5658482142857143
,,,1.0,selection_curve,,,,1,first_ce,,experiment_v1_4/results/p4_audit_20260921_01/select_curves_all_seeds.csv,,validation,136,0.6882059697970926
,,,1.0,selection_curve,,,,1,general_accuracy,,experiment_v1_4/results/p4_audit_20260921_01/select_curves_all_seeds.csv,,validation,136,0.5781345753156024
,,,3.0,selection_curve,,,,1,first_accuracy,,experiment_v1_4/results/p4_audit_20260921_01/select_curves_all_seeds.csv,,validation,407,0.5539434523809523
,,,3.0,selection_curve,,,,1,first_ce,,experiment_v1_4/results/p4_audit_20260921_01/select_curves_all_seeds.csv,,validation,407,0.7042808882903219
,,,3.0,selection_curve,,,,1,general_accuracy,,experiment_v1_4/results/p4_audit_20260921_01/select_curves_all_seeds.csv,,validation,407,0.6886873391346979
,,,8.0,selection_curve,,,,1,first_accuracy,,experiment_v1_4/results/p4_audit_20260921_01/select_curves_all_seeds.csv,,validation,1082,0.8776041666666666
,,,8.0,selection_curve,,,,1,first_ce,,experiment_v1_4/results/p4_audit_20260921_01/select_curves_all_seeds.csv,,validation,1082,0.2689748828424854
,,,8.0,selection_curve,,,,1,general_accuracy,,experiment_v1_4/results/p4_audit_20260921_01/select_curves_all_seeds.csv,,validation,1082,0.9609020713322711
,,,16.0,selection_curve,,,,1,first_accuracy,,experiment_v1_4/results/p4_audit_20260921_01/select_curves_all_seeds.csv,,validation,2160,0.9828869047619048
,,,16.0,selection_curve,,,,1,first_ce,,experiment_v1_4/results/p4_audit_20260921_01/select_curves_all_seeds.csv,,validation,2160,0.05188105377229
,,,16.0,selection_curve,,,,1,general_accuracy,,experiment_v1_4/results/p4_audit_20260921_01/select_curves_all_seeds.csv,,validation,2160,0.9905625689422723
,,,24.0,selection_curve,,,,1,first_accuracy,,experiment_v1_4/results/p4_audit_20260921_01/select_curves_all_seeds.csv,,validation,3205,0.9895833333333334
,,,24.0,selection_curve,,,,1,first_ce,,experiment_v1_4/results/p4_audit_20260921_01/select_curves_all_seeds.csv,,validation,3205,0.032136097526997025
,,,24.0,selection_curve,,,,1,general_accuracy,,experiment_v1_4/results/p4_audit_20260921_01/select_curves_all_seeds.csv,,validation,3205,0.9966907709278098
,,,32.0,selection_curve,,,,1,first_accuracy,,experiment_v1_4/results/p4_audit_20260921_01/select_curves_all_seeds.csv,,validation,4249,0.9921875
,,,32.0,selection_curve,,,,1,first_ce,,experiment_v1_4/results/p4_audit_20260921_01/select_curves_all_seeds.csv,,validation,4249,0.020253083492586182
,,,32.0,selection_curve,,,,1,general_accuracy,,experiment_v1_4/results/p4_audit_20260921_01/select_curves_all_seeds.csv,,validation,4249,0.9979164113249173
,,,48.0,selection_curve,,,,1,first_accuracy,,experiment_v1_4/results/p4_audit_20260921_01/select_curves_all_seeds.csv,,validation,6325,0.9955357142857143
,,,48.0,selection_curve,,,,1,first_ce,,experiment_v1_4/results/p4_audit_20260921_01/select_curves_all_seeds.csv,,validation,6325,0.013481696047147721
,,,48.0,selection_curve,,,,1,general_accuracy,,experiment_v1_4/results/p4_audit_20260921_01/select_curves_all_seeds.csv,,validation,6325,0.9976712832454958
,,,57.6,selection_curve,,,,1,first_accuracy,,experiment_v1_4/results/p4_audit_20260921_01/select_curves_all_seeds.csv,,validation,7568,0.9944196428571429
,,,57.6,selection_curve,,,,1,first_ce,,experiment_v1_4/results/p4_audit_20260921_01/select_curves_all_seeds.csv,,validation,7568,0.010797563847612239
,,,57.6,selection_curve,,,,1,general_accuracy,,experiment_v1_4/results/p4_audit_20260921_01/select_curves_all_seeds.csv,,validation,7568,0.9993871798014462
,,,60.8,selection_curve,,,,1,first_accuracy,,experiment_v1_4/results/p4_audit_20260921_01/select_curves_all_seeds.csv,,validation,7983,0.9985119047619048
,,,60.8,selection_curve,,,,1,first_ce,,experiment_v1_4/results/p4_audit_20260921_01/select_curves_all_seeds.csv,,validation,7983,0.003783664569093657
,,,60.8,selection_curve,,,,1,general_accuracy,,experiment_v1_4/results/p4_audit_20260921_01/select_curves_all_seeds.csv,,validation,7983,0.9996323078808678
,,,64.0,selection_curve,,,,1,first_accuracy,,experiment_v1_4/results/p4_audit_20260921_01/select_curves_all_seeds.csv,,validation,8399,0.9966517857142857
,,,64.0,selection_curve,,,,1,first_ce,,experiment_v1_4/results/p4_audit_20260921_01/select_curves_all_seeds.csv,,validation,8399,0.004900148220357892
,,,64.0,selection_curve,,,,1,general_accuracy,,experiment_v1_4/results/p4_audit_20260921_01/select_curves_all_seeds.csv,,validation,8399,0.9996323078808678
,,,1.0,selection_curve,,,,2,first_accuracy,,experiment_v1_4/results/p4_audit_20260921_01/select_curves_all_seeds.csv,,validation,136,0.5438988095238095
,,,1.0,selection_curve,,,,2,first_ce,,experiment_v1_4/results/p4_audit_20260921_01/select_curves_all_seeds.csv,,validation,136,0.699662222305224
,,,1.0,selection_curve,,,,2,general_accuracy,,experiment_v1_4/results/p4_audit_20260921_01/select_curves_all_seeds.csv,,validation,136,0.6150263512685378
,,,3.0,selection_curve,,,,2,first_accuracy,,experiment_v1_4/results/p4_audit_20260921_01/select_curves_all_seeds.csv,,validation,407,0.5375744047619048
,,,3.0,selection_curve,,,,2,first_ce,,experiment_v1_4/results/p4_audit_20260921_01/select_curves_all_seeds.csv,,validation,407,0.7394039481663467
,,,3.0,selection_curve,,,,2,general_accuracy,,experiment_v1_4/results/p4_audit_20260921_01/select_curves_all_seeds.csv,,validation,407,0.6900355435715161
,,,8.0,selection_curve,,,,2,first_accuracy,,experiment_v1_4/results/p4_audit_20260921_01/select_curves_all_seeds.csv,,validation,1082,0.7496279761904762
,,,8.0,selection_curve,,,,2,first_ce,,experiment_v1_4/results/p4_audit_20260921_01/select_curves_all_seeds.csv,,validation,1082,0.46851182656581886
,,,8.0,selection_curve,,,,2,general_accuracy,,experiment_v1_4/results/p4_audit_20260921_01/select_curves_all_seeds.csv,,validation,1082,0.9252359357764431
,,,16.0,selection_curve,,,,2,first_accuracy,,experiment_v1_4/results/p4_audit_20260921_01/select_curves_all_seeds.csv,,validation,2160,0.9773065476190477
,,,16.0,selection_curve,,,,2,first_ce,,experiment_v1_4/results/p4_audit_20260921_01/select_curves_all_seeds.csv,,validation,2160,0.05268968083623263
,,,16.0,selection_curve,,,,2,general_accuracy,,experiment_v1_4/results/p4_audit_20260921_01/select_curves_all_seeds.csv,,validation,2160,0.9909302610614046
,,,24.0,selection_curve,,,,2,first_accuracy,,experiment_v1_4/results/p4_audit_20260921_01/select_curves_all_seeds.csv,,validation,3205,0.9910714285714286
,,,24.0,selection_curve,,,,2,first_ce,,experiment_v1_4/results/p4_audit_20260921_01/select_curves_all_seeds.csv,,validation,3205,0.023358247677186854
,,,24.0,selection_curve,,,,2,general_accuracy,,experiment_v1_4/results/p4_audit_20260921_01/select_curves_all_seeds.csv,,validation,3205,0.9969358990072312
,,,32.0,selection_curve,,,,2,first_accuracy,,experiment_v1_4/results/p4_audit_20260921_01/select_curves_all_seeds.csv,,validation,4249,0.9947916666666666
,,,32.0,selection_curve,,,,2,first_ce,,experiment_v1_4/results/p4_audit_20260921_01/select_curves_all_seeds.csv,,validation,4249,0.012486095324580523
,,,32.0,selection_curve,,,,2,general_accuracy,,experiment_v1_4/results/p4_audit_20260921_01/select_curves_all_seeds.csv,,validation,4249,0.998038975364628
,,,48.0,selection_curve,,,,2,first_accuracy,,experiment_v1_4/results/p4_audit_20260921_01/select_curves_all_seeds.csv,,validation,6325,0.9966517857142857
,,,48.0,selection_curve,,,,2,first_ce,,experiment_v1_4/results/p4_audit_20260921_01/select_curves_all_seeds.csv,,validation,6325,0.01117832089623065
,,,48.0,selection_curve,,,,2,general_accuracy,,experiment_v1_4/results/p4_audit_20260921_01/select_curves_all_seeds.csv,,validation,6325,0.9982841034440495
,,,57.6,selection_curve,,,,2,first_accuracy,,experiment_v1_4/results/p4_audit_20260921_01/select_curves_all_seeds.csv,,validation,7568,0.9973958333333334
,,,57.6,selection_curve,,,,2,first_ce,,experiment_v1_4/results/p4_audit_20260921_01/select_curves_all_seeds.csv,,validation,7568,0.007118591698010218
,,,57.6,selection_curve,,,,2,general_accuracy,,experiment_v1_4/results/p4_audit_20260921_01/select_curves_all_seeds.csv,,validation,7568,0.9981615394043387
,,,60.8,selection_curve,,,,2,first_accuracy,,experiment_v1_4/results/p4_audit_20260921_01/select_curves_all_seeds.csv,,validation,7983,0.9985119047619048
,,,60.8,selection_curve,,,,2,first_ce,,experiment_v1_4/results/p4_audit_20260921_01/select_curves_all_seeds.csv,,validation,7983,0.005332075554397943
,,,60.8,selection_curve,,,,2,general_accuracy,,experiment_v1_4/results/p4_audit_20260921_01/select_curves_all_seeds.csv,,validation,7983,0.999509743841157
,,,64.0,selection_curve,,,,2,first_accuracy,,experiment_v1_4/results/p4_audit_20260921_01/select_curves_all_seeds.csv,,validation,8399,0.9996279761904762
,,,64.0,selection_curve,,,,2,first_ce,,experiment_v1_4/results/p4_audit_20260921_01/select_curves_all_seeds.csv,,validation,8399,0.0015634727884867331
,,,64.0,selection_curve,,,,2,general_accuracy,,experiment_v1_4/results/p4_audit_20260921_01/select_curves_all_seeds.csv,,validation,8399,0.999509743841157
,,,,validation_gate,,,,0,gate_passed,,experiment_v1_4/results/p4_audit_20260921_01/behavior_validation.csv,,validation,7983,True
,,,,validation_gate,,,,0,selected_update,,experiment_v1_4/results/p4_audit_20260921_01/behavior_validation.csv,,validation,7983,7983
,,,,validation_gate,,,,0,selected_tokens,,experiment_v1_4/results/p4_audit_20260921_01/behavior_validation.csv,,validation,7983,60801363
,,,,validation_gate,,,,0,training_tokens,,experiment_v1_4/results/p4_audit_20260921_01/behavior_validation.csv,,validation,7983,64005751
,,,,validation_gate,,,,0,general_accuracy,,experiment_v1_4/results/p4_audit_20260921_01/behavior_validation.csv,,validation,7983,0.9992768034713433
,,,,validation_gate,,,,0,general_errors,,experiment_v1_4/results/p4_audit_20260921_01/behavior_validation.csv,,validation,7983,12
,,,,validation_gate,,,,0,general_n,,experiment_v1_4/results/p4_audit_20260921_01/behavior_validation.csv,,validation,7983,16593
,,,,validation_gate,,,,0,general_ce,,experiment_v1_4/results/p4_audit_20260921_01/behavior_validation.csv,,validation,7983,0.002238752270148263
,,,,validation_gate,,,,0,first_accuracy,,experiment_v1_4/results/p4_audit_20260921_01/behavior_validation.csv,,validation,7983,0.9981398809523809
,,,,validation_gate,,,,0,first_errors,,experiment_v1_4/results/p4_audit_20260921_01/behavior_validation.csv,,validation,7983,5
,,,,validation_gate,,,,0,repeat_accuracy,,experiment_v1_4/results/p4_audit_20260921_01/behavior_validation.csv,,validation,7983,1.0
,,,,validation_gate,,,,0,repeat_errors,,experiment_v1_4/results/p4_audit_20260921_01/behavior_validation.csv,,validation,7983,0
,,,,validation_gate,,,,0,each_member_n,,experiment_v1_4/results/p4_audit_20260921_01/behavior_validation.csv,,validation,7983,2688
,,,,validation_gate,,,,0,first_ci95,,experiment_v1_4/results/p4_audit_20260921_01/behavior_validation.csv,,validation,7983,"[0.9962797619047619, 0.9996279761904762]"
,,,,validation_gate,,,,0,selected_checkpoint_sha256,,experiment_v1_4/results/p4_audit_20260921_01/behavior_validation.csv,,validation,7983,76d86f1a83bde7f8f6389684cd2a3913c923e21ccfbe42e40d3255385a9982b1
,,,,validation_gate,,,,1,gate_passed,,experiment_v1_4/results/p4_audit_20260921_01/behavior_validation.csv,,validation,7983,True
,,,,validation_gate,,,,1,selected_update,,experiment_v1_4/results/p4_audit_20260921_01/behavior_validation.csv,,validation,7983,7983
,,,,validation_gate,,,,1,selected_tokens,,experiment_v1_4/results/p4_audit_20260921_01/behavior_validation.csv,,validation,7983,60801363
,,,,validation_gate,,,,1,training_tokens,,experiment_v1_4/results/p4_audit_20260921_01/behavior_validation.csv,,validation,7983,64005751
,,,,validation_gate,,,,1,general_accuracy,,experiment_v1_4/results/p4_audit_20260921_01/behavior_validation.csv,,validation,7983,0.9992165370939553
,,,,validation_gate,,,,1,general_errors,,experiment_v1_4/results/p4_audit_20260921_01/behavior_validation.csv,,validation,7983,13
,,,,validation_gate,,,,1,general_n,,experiment_v1_4/results/p4_audit_20260921_01/behavior_validation.csv,,validation,7983,16593
,,,,validation_gate,,,,1,general_ce,,experiment_v1_4/results/p4_audit_20260921_01/behavior_validation.csv,,validation,7983,0.00183017579278485
,,,,validation_gate,,,,1,first_accuracy,,experiment_v1_4/results/p4_audit_20260921_01/behavior_validation.csv,,validation,7983,0.9988839285714286
,,,,validation_gate,,,,1,first_errors,,experiment_v1_4/results/p4_audit_20260921_01/behavior_validation.csv,,validation,7983,3
,,,,validation_gate,,,,1,repeat_accuracy,,experiment_v1_4/results/p4_audit_20260921_01/behavior_validation.csv,,validation,7983,0.9996279761904762
,,,,validation_gate,,,,1,repeat_errors,,experiment_v1_4/results/p4_audit_20260921_01/behavior_validation.csv,,validation,7983,1
,,,,validation_gate,,,,1,each_member_n,,experiment_v1_4/results/p4_audit_20260921_01/behavior_validation.csv,,validation,7983,2688
,,,,validation_gate,,,,1,first_ci95,,experiment_v1_4/results/p4_audit_20260921_01/behavior_validation.csv,,validation,7983,"[0.9973958333333334, 1.0]"
,,,,validation_gate,,,,1,selected_checkpoint_sha256,,experiment_v1_4/results/p4_audit_20260921_01/behavior_validation.csv,,validation,7983,bb505254dfde1587e2497238448fd2117f7b1a2292a84497db8fdfb81127e555
,,,,validation_gate,,,,2,gate_passed,,experiment_v1_4/results/p4_audit_20260921_01/behavior_validation.csv,,validation,8399,True
,,,,validation_gate,,,,2,selected_update,,experiment_v1_4/results/p4_audit_20260921_01/behavior_validation.csv,,validation,8399,8399
,,,,validation_gate,,,,2,selected_tokens,,experiment_v1_4/results/p4_audit_20260921_01/behavior_validation.csv,,validation,8399,64005751
,,,,validation_gate,,,,2,training_tokens,,experiment_v1_4/results/p4_audit_20260921_01/behavior_validation.csv,,validation,8399,64005751
,,,,validation_gate,,,,2,general_accuracy,,experiment_v1_4/results/p4_audit_20260921_01/behavior_validation.csv,,validation,8399,0.9996986681130597
,,,,validation_gate,,,,2,general_errors,,experiment_v1_4/results/p4_audit_20260921_01/behavior_validation.csv,,validation,8399,5
,,,,validation_gate,,,,2,general_n,,experiment_v1_4/results/p4_audit_20260921_01/behavior_validation.csv,,validation,8399,16593
,,,,validation_gate,,,,2,general_ce,,experiment_v1_4/results/p4_audit_20260921_01/behavior_validation.csv,,validation,8399,0.0006121430377699604
,,,,validation_gate,,,,2,first_accuracy,,experiment_v1_4/results/p4_audit_20260921_01/behavior_validation.csv,,validation,8399,1.0
,,,,validation_gate,,,,2,first_errors,,experiment_v1_4/results/p4_audit_20260921_01/behavior_validation.csv,,validation,8399,0
,,,,validation_gate,,,,2,repeat_accuracy,,experiment_v1_4/results/p4_audit_20260921_01/behavior_validation.csv,,validation,8399,1.0
,,,,validation_gate,,,,2,repeat_errors,,experiment_v1_4/results/p4_audit_20260921_01/behavior_validation.csv,,validation,8399,0
,,,,validation_gate,,,,2,each_member_n,,experiment_v1_4/results/p4_audit_20260921_01/behavior_validation.csv,,validation,8399,2688
,,,,validation_gate,,,,2,first_ci95,,experiment_v1_4/results/p4_audit_20260921_01/behavior_validation.csv,,validation,8399,"[1.0, 1.0]"
,,,,validation_gate,,,,2,selected_checkpoint_sha256,,experiment_v1_4/results/p4_audit_20260921_01/behavior_validation.csv,,validation,8399,f9f496b5b5d55bed9f0efc1f3694f91486a1cae97c14af6091f8fe91ec235ec4
1000,4343558453173154992,1000,,frozen_test,,,,0,answer_count,,experiment_v1_4/phase_archives/P4/v1_4_frozen_test_evidence_20260922T033233833147.zip::run/seed0/composition_0/result.json,overall,composition_0,,1024
1000,4343558453173154992,1000,,frozen_test,,,,0,sequence_count,,experiment_v1_4/phase_archives/P4/v1_4_frozen_test_evidence_20260922T033233833147.zip::run/seed0/composition_0/result.json,overall,composition_0,,1024
1000,4343558453173154992,1000,,frozen_test,,0.015622086313315162,0.003309860072874016,0,answer_ce,,experiment_v1_4/phase_archives/P4/v1_4_frozen_test_evidence_20260922T033233833147.zip::run/seed0/composition_0/result.json,overall,composition_0,,0.008695228193432492
1000,4343558453173154992,1000,,frozen_test,,0.9990234375,0.9921875,0,accuracy,,experiment_v1_4/phase_archives/P4/v1_4_frozen_test_evidence_20260922T033233833147.zip::run/seed0/composition_0/result.json,overall,composition_0,,0.99609375
1000,4343558453173154992,1000,,frozen_test,,0.9990234375,0.9921875,0,binary_accuracy,,experiment_v1_4/phase_archives/P4/v1_4_frozen_test_evidence_20260922T033233833147.zip::run/seed0/composition_0/result.json,overall,composition_0,,0.99609375
1000,4343558453173154992,1000,,frozen_test,,0.9999887645244598,0.9999878456525039,0,bit_mass,,experiment_v1_4/phase_archives/P4/v1_4_frozen_test_evidence_20260922T033233833147.zip::run/seed0/composition_0/result.json,overall,composition_0,,0.9999882822739892
1000,4343558453173154992,1000,,frozen_test,,,,0,all_token_ce,,experiment_v1_4/phase_archives/P4/v1_4_frozen_test_evidence_20260922T033233833147.zip::run/seed0/composition_0/result.json,overall,composition_0,,0.9808470588856817
1000,4343558453173154992,1000,,frozen_test,,,,0,prediction_tokens,,experiment_v1_4/phase_archives/P4/v1_4_frozen_test_evidence_20260922T033233833147.zip::run/seed0/composition_0/result.json,overall,composition_0,,124775
0,,0,,frozen_test,,,,0,count,,experiment_v1_4/phase_archives/P4/v1_4_frozen_test_evidence_20260922T033233833147.zip::run/seed0/composition_0/result.json,baselines,composition_0,,1024
0,,0,,frozen_test,,,,0,majority_prediction,,experiment_v1_4/phase_archives/P4/v1_4_frozen_test_evidence_20260922T033233833147.zip::run/seed0/composition_0/result.json,baselines,composition_0,,1
0,,0,,frozen_test,,,,0,split_majority_accuracy,,experiment_v1_4/phase_archives/P4/v1_4_frozen_test_evidence_20260922T033233833147.zip::run/seed0/composition_0/result.json,baselines,composition_0,,0.595703125
0,,0,,frozen_test,,,,0,independent_bernoulli_expected_accuracy,,experiment_v1_4/phase_archives/P4/v1_4_frozen_test_evidence_20260922T033233833147.zip::run/seed0/composition_0/result.json,baselines,composition_0,,0.5
0,,0,,frozen_test,,,,0,latest_set_or_initialization_accuracy,,experiment_v1_4/phase_archives/P4/v1_4_frozen_test_evidence_20260922T033233833147.zip::run/seed0/composition_0/result.json,baselines,composition_0,,0.517578125
0,,0,,frozen_test,,,,0,latest_read_copy_accuracy,,experiment_v1_4/phase_archives/P4/v1_4_frozen_test_evidence_20260922T033233833147.zip::run/seed0/composition_0/result.json,baselines,composition_0,,0.5107421875
0,,0,,frozen_test,macro,,,0,coverage,,experiment_v1_4/phase_archives/P4/v1_4_frozen_test_evidence_20260922T033233833147.zip::run/seed0/composition_0/result.json,operator,composition_0,,0.16666666666666666
0,,0,,frozen_test,macro,,,0,macro_accuracy,,experiment_v1_4/phase_archives/P4/v1_4_frozen_test_evidence_20260922T033233833147.zip::run/seed0/composition_0/result.json,operator,composition_0,,0.99609375
0,,0,,frozen_test,macro,,,0,macro_answer_ce,,experiment_v1_4/phase_archives/P4/v1_4_frozen_test_evidence_20260922T033233833147.zip::run/seed0/composition_0/result.json,operator,composition_0,,0.008695228193432492
0,,0,,frozen_test,initialization,,,0,count,,experiment_v1_4/phase_archives/P4/v1_4_frozen_test_evidence_20260922T033233833147.zip::run/seed0/composition_0/result.json,operator,composition_0,,0
0,,0,,frozen_test,initialization,,,0,accuracy,empty stratum or undefined metric; see count/coverage,experiment_v1_4/phase_archives/P4/v1_4_frozen_test_evidence_20260922T033233833147.zip::run/seed0/composition_0/result.json,operator,composition_0,,
0,,0,,frozen_test,initialization,,,0,answer_ce,empty stratum or undefined metric; see count/coverage,experiment_v1_4/phase_archives/P4/v1_4_frozen_test_evidence_20260922T033233833147.zip::run/seed0/composition_0/result.json,operator,composition_0,,
0,,0,,frozen_test,SET,,,0,count,,experiment_v1_4/phase_archives/P4/v1_4_frozen_test_evidence_20260922T033233833147.zip::run/seed0/composition_0/result.json,operator,composition_0,,0
0,,0,,frozen_test,SET,,,0,accuracy,empty stratum or undefined metric; see count/coverage,experiment_v1_4/phase_archives/P4/v1_4_frozen_test_evidence_20260922T033233833147.zip::run/seed0/composition_0/result.json,operator,composition_0,,
0,,0,,frozen_test,SET,,,0,answer_ce,empty stratum or undefined metric; see count/coverage,experiment_v1_4/phase_archives/P4/v1_4_frozen_test_evidence_20260922T033233833147.zip::run/seed0/composition_0/result.json,operator,composition_0,,
0,,0,,frozen_test,NOT,,,0,count,,experiment_v1_4/phase_archives/P4/v1_4_frozen_test_evidence_20260922T033233833147.zip::run/seed0/composition_0/result.json,operator,composition_0,,0
0,,0,,frozen_test,NOT,,,0,accuracy,empty stratum or undefined metric; see count/coverage,experiment_v1_4/phase_archives/P4/v1_4_frozen_test_evidence_20260922T033233833147.zip::run/seed0/composition_0/result.json,operator,composition_0,,
0,,0,,frozen_test,NOT,,,0,answer_ce,empty stratum or undefined metric; see count/coverage,experiment_v1_4/phase_archives/P4/v1_4_frozen_test_evidence_20260922T033233833147.zip::run/seed0/composition_0/result.json,operator,composition_0,,
0,,0,,frozen_test,AND,,,0,count,,experiment_v1_4/phase_archives/P4/v1_4_frozen_test_evidence_20260922T033233833147.zip::run/seed0/composition_0/result.json,operator,composition_0,,0
0,,0,,frozen_test,AND,,,0,accuracy,empty stratum or undefined metric; see count/coverage,experiment_v1_4/phase_archives/P4/v1_4_frozen_test_evidence_20260922T033233833147.zip::run/seed0/composition_0/result.json,operator,composition_0,,
0,,0,,frozen_test,AND,,,0,answer_ce,empty stratum or undefined metric; see count/coverage,experiment_v1_4/phase_archives/P4/v1_4_frozen_test_evidence_20260922T033233833147.zip::run/seed0/composition_0/result.json,operator,composition_0,,
0,,0,,frozen_test,OR,,,0,count,,experiment_v1_4/phase_archives/P4/v1_4_frozen_test_evidence_20260922T033233833147.zip::run/seed0/composition_0/result.json,operator,composition_0,,1024
0,,0,,frozen_test,OR,,,0,accuracy,,experiment_v1_4/phase_archives/P4/v1_4_frozen_test_evidence_20260922T033233833147.zip::run/seed0/composition_0/result.json,operator,composition_0,,0.99609375
0,,0,,frozen_test,OR,,,0,answer_ce,,experiment_v1_4/phase_archives/P4/v1_4_frozen_test_evidence_20260922T033233833147.zip::run/seed0/composition_0/result.json,operator,composition_0,,0.008695228193432492
0,,0,,frozen_test,XOR,,,0,count,,experiment_v1_4/phase_archives/P4/v1_4_frozen_test_evidence_20260922T033233833147.zip::run/seed0/composition_0/result.json,operator,composition_0,,0
0,,0,,frozen_test,XOR,,,0,accuracy,empty stratum or undefined metric; see count/coverage,experiment_v1_4/phase_archives/P4/v1_4_frozen_test_evidence_20260922T033233833147.zip::run/seed0/composition_0/result.json,operator,composition_0,,
0,,0,,frozen_test,XOR,,,0,answer_ce,empty stratum or undefined metric; see count/coverage,experiment_v1_4/phase_archives/P4/v1_4_frozen_test_evidence_20260922T033233833147.zip::run/seed0/composition_0/result.json,operator,composition_0,,
0,,0,,frozen_test,macro,,,0,coverage,,experiment_v1_4/phase_archives/P4/v1_4_frozen_test_evidence_20260922T033233833147.zip::run/seed0/composition_0/result.json,query_var,composition_0,,1.0
0,,0,,frozen_test,macro,,,0,macro_accuracy,,experiment_v1_4/phase_archives/P4/v1_4_frozen_test_evidence_20260922T033233833147.zip::run/seed0/composition_0/result.json,query_var,composition_0,,0.9960904555925206
0,,0,,frozen_test,macro,,,0,macro_answer_ce,,experiment_v1_4/phase_archives/P4/v1_4_frozen_test_evidence_20260922T033233833147.zip::run/seed0/composition_0/result.json,query_var,composition_0,,0.008701778239012876
0,,0,,frozen_test,A,,,0,count,,experiment_v1_4/phase_archives/P4/v1_4_frozen_test_evidence_20260922T033233833147.zip::run/seed0/composition_0/result.json,query_var,composition_0,,267
0,,0,,frozen_test,A,,,0,accuracy,,experiment_v1_4/phase_archives/P4/v1_4_frozen_test_evidence_20260922T033233833147.zip::run/seed0/composition_0/result.json,query_var,composition_0,,0.9962546816479401
0,,0,,frozen_test,A,,,0,answer_ce,,experiment_v1_4/phase_archives/P4/v1_4_frozen_test_evidence_20260922T033233833147.zip::run/seed0/composition_0/result.json,query_var,composition_0,,0.009480973360698815
0,,0,,frozen_test,B,,,0,count,,experiment_v1_4/phase_archives/P4/v1_4_frozen_test_evidence_20260922T033233833147.zip::run/seed0/composition_0/result.json,query_var,composition_0,,256
0,,0,,frozen_test,B,,,0,accuracy,,experiment_v1_4/phase_archives/P4/v1_4_frozen_test_evidence_20260922T033233833147.zip::run/seed0/composition_0/result.json,query_var,composition_0,,0.99609375
0,,0,,frozen_test,B,,,0,answer_ce,,experiment_v1_4/phase_archives/P4/v1_4_frozen_test_evidence_20260922T033233833147.zip::run/seed0/composition_0/result.json,query_var,composition_0,,0.009324714661531175
0,,0,,frozen_test,C,,,0,count,,experiment_v1_4/phase_archives/P4/v1_4_frozen_test_evidence_20260922T033233833147.zip::run/seed0/composition_0/result.json,query_var,composition_0,,255
0,,0,,frozen_test,C,,,0,accuracy,,experiment_v1_4/phase_archives/P4/v1_4_frozen_test_evidence_20260922T033233833147.zip::run/seed0/composition_0/result.json,query_var,composition_0,,0.996078431372549
0,,0,,frozen_test,C,,,0,answer_ce,,experiment_v1_4/phase_archives/P4/v1_4_frozen_test_evidence_20260922T033233833147.zip::run/seed0/composition_0/result.json,query_var,composition_0,,0.005446255077357123
0,,0,,frozen_test,D,,,0,count,,experiment_v1_4/phase_archives/P4/v1_4_frozen_test_evidence_20260922T033233833147.zip::run/seed0/composition_0/result.json,query_var,composition_0,,246
0,,0,,frozen_test,D,,,0,accuracy,,experiment_v1_4/phase_archives/P4/v1_4_frozen_test_evidence_20260922T033233833147.zip::run/seed0/composition_0/result.json,query_var,composition_0,,0.9959349593495935
0,,0,,frozen_test,D,,,0,answer_ce,,experiment_v1_4/phase_archives/P4/v1_4_frozen_test_evidence_20260922T033233833147.zip::run/seed0/composition_0/result.json,query_var,composition_0,,0.010555169856464394
0,,0,,frozen_test,macro,,,0,coverage,,experiment_v1_4/phase_archives/P4/v1_4_frozen_test_evidence_20260922T033233833147.zip::run/seed0/composition_0/result.json,answer,composition_0,,1.0
0,,0,,frozen_test,macro,,,0,macro_accuracy,,experiment_v1_4/phase_archives/P4/v1_4_frozen_test_evidence_20260922T033233833147.zip::run/seed0/composition_0/result.json,answer,composition_0,,0.9963332541379584
0,,0,,frozen_test,macro,,,0,macro_answer_ce,,experiment_v1_4/phase_archives/P4/v1_4_frozen_test_evidence_20260922T033233833147.zip::run/seed0/composition_0/result.json,answer,composition_0,,0.007875672889955663
0,,0,,frozen_test,0,,,0,count,,experiment_v1_4/phase_archives/P4/v1_4_frozen_test_evidence_20260922T033233833147.zip::run/seed0/composition_0/result.json,answer,composition_0,,414
0,,0,,frozen_test,0,,,0,accuracy,,experiment_v1_4/phase_archives/P4/v1_4_frozen_test_evidence_20260922T033233833147.zip::run/seed0/composition_0/result.json,answer,composition_0,,0.9975845410628019
0,,0,,frozen_test,0,,,0,answer_ce,,experiment_v1_4/phase_archives/P4/v1_4_frozen_test_evidence_20260922T033233833147.zip::run/seed0/composition_0/result.json,answer,composition_0,,0.003593914569750189
0,,0,,frozen_test,1,,,0,count,,experiment_v1_4/phase_archives/P4/v1_4_frozen_test_evidence_20260922T033233833147.zip::run/seed0/composition_0/result.json,answer,composition_0,,610
0,,0,,frozen_test,1,,,0,accuracy,,experiment_v1_4/phase_archives/P4/v1_4_frozen_test_evidence_20260922T033233833147.zip::run/seed0/composition_0/result.json,answer,composition_0,,0.9950819672131147
0,,0,,frozen_test,1,,,0,answer_ce,,experiment_v1_4/phase_archives/P4/v1_4_frozen_test_evidence_20260922T033233833147.zip::run/seed0/composition_0/result.json,answer,composition_0,,0.012157431210161137
0,,0,,frozen_test,macro,,,0,coverage,,experiment_v1_4/phase_archives/P4/v1_4_frozen_test_evidence_20260922T033233833147.zip::run/seed0/composition_0/result.json,blocks,composition_0,,1.0
0,,0,,frozen_test,macro,,,0,macro_accuracy,,experiment_v1_4/phase_archives/P4/v1_4_frozen_test_evidence_20260922T033233833147.zip::run/seed0/composition_0/result.json,blocks,composition_0,,0.9961401343754285
0,,0,,frozen_test,macro,,,0,macro_answer_ce,,experiment_v1_4/phase_archives/P4/v1_4_frozen_test_evidence_20260922T033233833147.zip::run/seed0/composition_0/result.json,blocks,composition_0,,0.00875227425488558
0,,0,,frozen_test,8,,,0,count,,experiment_v1_4/phase_archives/P4/v1_4_frozen_test_evidence_20260922T033233833147.zip::run/seed0/composition_0/result.json,blocks,composition_0,,70
0,,0,,frozen_test,8,,,0,accuracy,,experiment_v1_4/phase_archives/P4/v1_4_frozen_test_evidence_20260922T033233833147.zip::run/seed0/composition_0/result.json,blocks,composition_0,,1.0
0,,0,,frozen_test,8,,,0,answer_ce,,experiment_v1_4/phase_archives/P4/v1_4_frozen_test_evidence_20260922T033233833147.zip::run/seed0/composition_0/result.json,blocks,composition_0,,0.0002671054659523569
0,,0,,frozen_test,9,,,0,count,,experiment_v1_4/phase_archives/P4/v1_4_frozen_test_evidence_20260922T033233833147.zip::run/seed0/composition_0/result.json,blocks,composition_0,,70
0,,0,,frozen_test,9,,,0,accuracy,,experiment_v1_4/phase_archives/P4/v1_4_frozen_test_evidence_20260922T033233833147.zip::run/seed0/composition_0/result.json,blocks,composition_0,,1.0
0,,0,,frozen_test,9,,,0,answer_ce,,experiment_v1_4/phase_archives/P4/v1_4_frozen_test_evidence_20260922T033233833147.zip::run/seed0/composition_0/result.json,blocks,composition_0,,0.001528147129777478
0,,0,,frozen_test,10,,,0,count,,experiment_v1_4/phase_archives/P4/v1_4_frozen_test_evidence_20260922T033233833147.zip::run/seed0/composition_0/result.json,blocks,composition_0,,65
0,,0,,frozen_test,10,,,0,accuracy,,experiment_v1_4/phase_archives/P4/v1_4_frozen_test_evidence_20260922T033233833147.zip::run/seed0/composition_0/result.json,blocks,composition_0,,0.9846153846153847
0,,0,,frozen_test,10,,,0,answer_ce,,experiment_v1_4/phase_archives/P4/v1_4_frozen_test_evidence_20260922T033233833147.zip::run/seed0/composition_0/result.json,blocks,composition_0,,0.02336358929261713
0,,0,,frozen_test,11,,,0,count,,experiment_v1_4/phase_archives/P4/v1_4_frozen_test_evidence_20260922T033233833147.zip::run/seed0/composition_0/result.json,blocks,composition_0,,66
0,,0,,frozen_test,11,,,0,accuracy,,experiment_v1_4/phase_archives/P4/v1_4_frozen_test_evidence_20260922T033233833147.zip::run/seed0/composition_0/result.json,blocks,composition_0,,1.0
0,,0,,frozen_test,11,,,0,answer_ce,,experiment_v1_4/phase_archives/P4/v1_4_frozen_test_evidence_20260922T033233833147.zip::run/seed0/composition_0/result.json,blocks,composition_0,,0.008598693804604849
0,,0,,frozen_test,12,,,0,count,,experiment_v1_4/phase_archives/P4/v1_4_frozen_test_evidence_20260922T033233833147.zip::run/seed0/composition_0/result.json,blocks,composition_0,,56
0,,0,,frozen_test,12,,,0,accuracy,,experiment_v1_4/phase_archives/P4/v1_4_frozen_test_evidence_20260922T033233833147.zip::run/seed0/composition_0/result.json,blocks,composition_0,,1.0
0,,0,,frozen_test,12,,,0,answer_ce,,experiment_v1_4/phase_archives/P4/v1_4_frozen_test_evidence_20260922T033233833147.zip::run/seed0/composition_0/result.json,blocks,composition_0,,0.006611627772404712
0,,0,,frozen_test,13,,,0,count,,experiment_v1_4/phase_archives/P4/v1_4_frozen_test_evidence_20260922T033233833147.zip::run/seed0/composition_0/result.json,blocks,composition_0,,65
0,,0,,frozen_test,13,,,0,accuracy,,experiment_v1_4/phase_archives/P4/v1_4_frozen_test_evidence_20260922T033233833147.zip::run/seed0/composition_0/result.json,blocks,composition_0,,1.0
0,,0,,frozen_test,13,,,0,answer_ce,,experiment_v1_4/phase_archives/P4/v1_4_frozen_test_evidence_20260922T033233833147.zip::run/seed0/composition_0/result.json,blocks,composition_0,,0.0020458568278207585
0,,0,,frozen_test,14,,,0,count,,experiment_v1_4/phase_archives/P4/v1_4_frozen_test_evidence_20260922T033233833147.zip::run/seed0/composition_0/result.json,blocks,composition_0,,55
0,,0,,frozen_test,14,,,0,accuracy,,experiment_v1_4/phase_archives/P4/v1_4_frozen_test_evidence_20260922T033233833147.zip::run/seed0/composition_0/result.json,blocks,composition_0,,0.9818181818181818
0,,0,,frozen_test,14,,,0,answer_ce,,experiment_v1_4/phase_archives/P4/v1_4_frozen_test_evidence_20260922T033233833147.zip::run/seed0/composition_0/result.json,blocks,composition_0,,0.03665836360652809
0,,0,,frozen_test,15,,,0,count,,experiment_v1_4/phase_archives/P4/v1_4_frozen_test_evidence_20260922T033233833147.zip::run/seed0/composition_0/result.json,blocks,composition_0,,56
0,,0,,frozen_test,15,,,0,accuracy,,experiment_v1_4/phase_archives/P4/v1_4_frozen_test_evidence_20260922T033233833147.zip::run/seed0/composition_0/result.json,blocks,composition_0,,1.0
0,,0,,frozen_test,15,,,0,answer_ce,,experiment_v1_4/phase_archives/P4/v1_4_frozen_test_evidence_20260922T033233833147.zip::run/seed0/composition_0/result.json,blocks,composition_0,,0.0003451907295714461
0,,0,,frozen_test,16,,,0,count,,experiment_v1_4/phase_archives/P4/v1_4_frozen_test_evidence_20260922T033233833147.zip::run/seed0/composition_0/result.json,blocks,composition_0,,59
0,,0,,frozen_test,16,,,0,accuracy,,experiment_v1_4/phase_archives/P4/v1_4_frozen_test_evidence_20260922T033233833147.zip::run/seed0/composition_0/result.json,blocks,composition_0,,1.0
0,,0,,frozen_test,16,,,0,answer_ce,,experiment_v1_4/phase_archives/P4/v1_4_frozen_test_evidence_20260922T033233833147.zip::run/seed0/composition_0/result.json,blocks,composition_0,,0.001975191548484934
0,,0,,frozen_test,17,,,0,count,,experiment_v1_4/phase_archives/P4/v1_4_frozen_test_evidence_20260922T033233833147.zip::run/seed0/composition_0/result.json,blocks,composition_0,,72
0,,0,,frozen_test,17,,,0,accuracy,,experiment_v1_4/phase_archives/P4/v1_4_frozen_test_evidence_20260922T033233833147.zip::run/seed0/composition_0/result.json,blocks,composition_0,,1.0
0,,0,,frozen_test,17,,,0,answer_ce,,experiment_v1_4/phase_archives/P4/v1_4_frozen_test_evidence_20260922T033233833147.zip::run/seed0/composition_0/result.json,blocks,composition_0,,0.0005079923953164527
0,,0,,frozen_test,18,,,0,count,,experiment_v1_4/phase_archives/P4/v1_4_frozen_test_evidence_20260922T033233833147.zip::run/seed0/composition_0/result.json,blocks,composition_0,,59
0,,0,,frozen_test,18,,,0,accuracy,,experiment_v1_4/phase_archives/P4/v1_4_frozen_test_evidence_20260922T033233833147.zip::run/seed0/composition_0/result.json,blocks,composition_0,,1.0
0,,0,,frozen_test,18,,,0,answer_ce,,experiment_v1_4/phase_archives/P4/v1_4_frozen_test_evidence_20260922T033233833147.zip::run/seed0/composition_0/result.json,blocks,composition_0,,0.007661580908245661
0,,0,,frozen_test,19,,,0,count,,experiment_v1_4/phase_archives/P4/v1_4_frozen_test_evidence_20260922T033233833147.zip::run/seed0/composition_0/result.json,blocks,composition_0,,56
0,,0,,frozen_test,19,,,0,accuracy,,experiment_v1_4/phase_archives/P4/v1_4_frozen_test_evidence_20260922T033233833147.zip::run/seed0/composition_0/result.json,blocks,composition_0,,1.0
0,,0,,frozen_test,19,,,0,answer_ce,,experiment_v1_4/phase_archives/P4/v1_4_frozen_test_evidence_20260922T033233833147.zip::run/seed0/composition_0/result.json,blocks,composition_0,,0.002120396274075834
0,,0,,frozen_test,20,,,0,count,,experiment_v1_4/phase_archives/P4/v1_4_frozen_test_evidence_20260922T033233833147.zip::run/seed0/composition_0/result.json,blocks,composition_0,,60
0,,0,,frozen_test,20,,,0,accuracy,,experiment_v1_4/phase_archives/P4/v1_4_frozen_test_evidence_20260922T033233833147.zip::run/seed0/composition_0/result.json,blocks,composition_0,,0.9833333333333333
0,,0,,frozen_test,20,,,0,answer_ce,,experiment_v1_4/phase_archives/P4/v1_4_frozen_test_evidence_20260922T033233833147.zip::run/seed0/composition_0/result.json,blocks,composition_0,,0.016815050385351544
0,,0,,frozen_test,21,,,0,count,,experiment_v1_4/phase_archives/P4/v1_4_frozen_test_evidence_20260922T033233833147.zip::run/seed0/composition_0/result.json,blocks,composition_0,,50
0,,0,,frozen_test,21,,,0,accuracy,,experiment_v1_4/phase_archives/P4/v1_4_frozen_test_evidence_20260922T033233833147.zip::run/seed0/composition_0/result.json,blocks,composition_0,,1.0
0,,0,,frozen_test,21,,,0,answer_ce,,experiment_v1_4/phase_archives/P4/v1_4_frozen_test_evidence_20260922T033233833147.zip::run/seed0/composition_0/result.json,blocks,composition_0,,0.0017113568455533823
0,,0,,frozen_test,22,,,0,count,,experiment_v1_4/phase_archives/P4/v1_4_frozen_test_evidence_20260922T033233833147.zip::run/seed0/composition_0/result.json,blocks,composition_0,,49
0,,0,,frozen_test,22,,,0,accuracy,,experiment_v1_4/phase_archives/P4/v1_4_frozen_test_evidence_20260922T033233833147.zip::run/seed0/composition_0/result.json,blocks,composition_0,,1.0
0,,0,,frozen_test,22,,,0,answer_ce,,experiment_v1_4/phase_archives/P4/v1_4_frozen_test_evidence_20260922T033233833147.zip::run/seed0/composition_0/result.json,blocks,composition_0,,0.009102403518505636
0,,0,,frozen_test,23,,,0,count,,experiment_v1_4/phase_archives/P4/v1_4_frozen_test_evidence_20260922T033233833147.zip::run/seed0/composition_0/result.json,blocks,composition_0,,51
0,,0,,frozen_test,23,,,0,accuracy,,experiment_v1_4/phase_archives/P4/v1_4_frozen_test_evidence_20260922T033233833147.zip::run/seed0/composition_0/result.json,blocks,composition_0,,1.0
0,,0,,frozen_test,23,,,0,answer_ce,,experiment_v1_4/phase_archives/P4/v1_4_frozen_test_evidence_20260922T033233833147.zip::run/seed0/composition_0/result.json,blocks,composition_0,,0.0019283586019917171
0,,0,,frozen_test,24,,,0,count,,experiment_v1_4/phase_archives/P4/v1_4_frozen_test_evidence_20260922T033233833147.zip::run/seed0/composition_0/result.json,blocks,composition_0,,65
0,,0,,frozen_test,24,,,0,accuracy,,experiment_v1_4/phase_archives/P4/v1_4_frozen_test_evidence_20260922T033233833147.zip::run/seed0/composition_0/result.json,blocks,composition_0,,0.9846153846153847
0,,0,,frozen_test,24,,,0,answer_ce,,experiment_v1_4/phase_archives/P4/v1_4_frozen_test_evidence_20260922T033233833147.zip::run/seed0/composition_0/result.json,blocks,composition_0,,0.027547757226252894
0,,0,,frozen_test,macro,,,0,coverage,,experiment_v1_4/phase_archives/P4/v1_4_frozen_test_evidence_20260922T033233833147.zip::run/seed0/composition_0/result.json,distance,composition_0,,0.3333333333333333
0,,0,,frozen_test,macro,,,0,macro_accuracy,,experiment_v1_4/phase_archives/P4/v1_4_frozen_test_evidence_20260922T033233833147.zip::run/seed0/composition_0/result.json,distance,composition_0,,0.99609375
0,,0,,frozen_test,macro,,,0,macro_answer_ce,,experiment_v1_4/phase_archives/P4/v1_4_frozen_test_evidence_20260922T033233833147.zip::run/seed0/composition_0/result.json,distance,composition_0,,0.008695228193432492
0,,0,,frozen_test,0,,,0,count,,experiment_v1_4/phase_archives/P4/v1_4_frozen_test_evidence_20260922T033233833147.zip::run/seed0/composition_0/result.json,distance,composition_0,,1024
0,,0,,frozen_test,0,,,0,accuracy,,experiment_v1_4/phase_archives/P4/v1_4_frozen_test_evidence_20260922T033233833147.zip::run/seed0/composition_0/result.json,distance,composition_0,,0.99609375
0,,0,,frozen_test,0,,,0,answer_ce,,experiment_v1_4/phase_archives/P4/v1_4_frozen_test_evidence_20260922T033233833147.zip::run/seed0/composition_0/result.json,distance,composition_0,,0.008695228193432492
0,,0,,frozen_test,1-2,,,0,count,,experiment_v1_4/phase_archives/P4/v1_4_frozen_test_evidence_20260922T033233833147.zip::run/seed0/composition_0/result.json,distance,composition_0,,0
0,,0,,frozen_test,1-2,,,0,accuracy,empty stratum or undefined metric; see count/coverage,experiment_v1_4/phase_archives/P4/v1_4_frozen_test_evidence_20260922T033233833147.zip::run/seed0/composition_0/result.json,distance,composition_0,,
0,,0,,frozen_test,1-2,,,0,answer_ce,empty stratum or undefined metric; see count/coverage,experiment_v1_4/phase_archives/P4/v1_4_frozen_test_evidence_20260922T033233833147.zip::run/seed0/composition_0/result.json,distance,composition_0,,
0,,0,,frozen_test,3+,,,0,count,,experiment_v1_4/phase_archives/P4/v1_4_frozen_test_evidence_20260922T033233833147.zip::run/seed0/composition_0/result.json,distance,composition_0,,0
0,,0,,frozen_test,3+,,,0,accuracy,empty stratum or undefined metric; see count/coverage,experiment_v1_4/phase_archives/P4/v1_4_frozen_test_evidence_20260922T033233833147.zip::run/seed0/composition_0/result.json,distance,composition_0,,
0,,0,,frozen_test,3+,,,0,answer_ce,empty stratum or undefined metric; see count/coverage,experiment_v1_4/phase_archives/P4/v1_4_frozen_test_evidence_20260922T033233833147.zip::run/seed0/composition_0/result.json,distance,composition_0,,
0,,0,,frozen_test,macro,,,0,coverage,,experiment_v1_4/phase_archives/P4/v1_4_frozen_test_evidence_20260922T033233833147.zip::run/seed0/composition_0/result.json,truth_table,composition_0,,0.3333333333333333
0,,0,,frozen_test,macro,,,0,macro_accuracy,,experiment_v1_4/phase_archives/P4/v1_4_frozen_test_evidence_20260922T033233833147.zip::run/seed0/composition_0/result.json,truth_table,composition_0,,0.992727421935096
0,,0,,frozen_test,macro,,,0,macro_answer_ce,,experiment_v1_4/phase_archives/P4/v1_4_frozen_test_evidence_20260922T033233833147.zip::run/seed0/composition_0/result.json,truth_table,composition_0,,0.015942711435726047
0,,0,,frozen_test,AND:00,,,0,count,,experiment_v1_4/phase_archives/P4/v1_4_frozen_test_evidence_20260922T033233833147.zip::run/seed0/composition_0/result.json,truth_table,composition_0,,0
0,,0,,frozen_test,AND:00,,,0,accuracy,empty stratum or undefined metric; see count/coverage,experiment_v1_4/phase_archives/P4/v1_4_frozen_test_evidence_20260922T033233833147.zip::run/seed0/composition_0/result.json,truth_table,composition_0,,
0,,0,,frozen_test,AND:00,,,0,answer_ce,empty stratum or undefined metric; see count/coverage,experiment_v1_4/phase_archives/P4/v1_4_frozen_test_evidence_20260922T033233833147.zip::run/seed0/composition_0/result.json,truth_table,composition_0,,
0,,0,,frozen_test,AND:01,,,0,count,,experiment_v1_4/phase_archives/P4/v1_4_frozen_test_evidence_20260922T033233833147.zip::run/seed0/composition_0/result.json,truth_table,composition_0,,0
0,,0,,frozen_test,AND:01,,,0,accuracy,empty stratum or undefined metric; see count/coverage,experiment_v1_4/phase_archives/P4/v1_4_frozen_test_evidence_20260922T033233833147.zip::run/seed0/composition_0/result.json,truth_table,composition_0,,
0,,0,,frozen_test,AND:01,,,0,answer_ce,empty stratum or undefined metric; see count/coverage,experiment_v1_4/phase_archives/P4/v1_4_frozen_test_evidence_20260922T033233833147.zip::run/seed0/composition_0/result.json,truth_table,composition_0,,
0,,0,,frozen_test,AND:10,,,0,count,,experiment_v1_4/phase_archives/P4/v1_4_frozen_test_evidence_20260922T033233833147.zip::run/seed0/composition_0/result.json,truth_table,composition_0,,0
0,,0,,frozen_test,AND:10,,,0,accuracy,empty stratum or undefined metric; see count/coverage,experiment_v1_4/phase_archives/P4/v1_4_frozen_test_evidence_20260922T033233833147.zip::run/seed0/composition_0/result.json,truth_table,composition_0,,
0,,0,,frozen_test,AND:10,,,0,answer_ce,empty stratum or undefined metric; see count/coverage,experiment_v1_4/phase_archives/P4/v1_4_frozen_test_evidence_20260922T033233833147.zip::run/seed0/composition_0/result.json,truth_table,composition_0,,
0,,0,,frozen_test,AND:11,,,0,count,,experiment_v1_4/phase_archives/P4/v1_4_frozen_test_evidence_20260922T033233833147.zip::run/seed0/composition_0/result.json,truth_table,composition_0,,0
0,,0,,frozen_test,AND:11,,,0,accuracy,empty stratum or undefined metric; see count/coverage,experiment_v1_4/phase_archives/P4/v1_4_frozen_test_evidence_20260922T033233833147.zip::run/seed0/composition_0/result.json,truth_table,composition_0,,
0,,0,,frozen_test,AND:11,,,0,answer_ce,empty stratum or undefined metric; see count/coverage,experiment_v1_4/phase_archives/P4/v1_4_frozen_test_evidence_20260922T033233833147.zip::run/seed0/composition_0/result.json,truth_table,composition_0,,
0,,0,,frozen_test,OR:00,,,0,count,,experiment_v1_4/phase_archives/P4/v1_4_frozen_test_evidence_20260922T033233833147.zip::run/seed0/composition_0/result.json,truth_table,composition_0,,414
0,,0,,frozen_test,OR:00,,,0,accuracy,,experiment_v1_4/phase_archives/P4/v1_4_frozen_test_evidence_20260922T033233833147.zip::run/seed0/composition_0/result.json,truth_table,composition_0,,0.9975845410628019
0,,0,,frozen_test,OR:00,,,0,answer_ce,,experiment_v1_4/phase_archives/P4/v1_4_frozen_test_evidence_20260922T033233833147.zip::run/seed0/composition_0/result.json,truth_table,composition_0,,0.003593914569750189
0,,0,,frozen_test,OR:01,,,0,count,,experiment_v1_4/phase_archives/P4/v1_4_frozen_test_evidence_20260922T033233833147.zip::run/seed0/composition_0/result.json,truth_table,composition_0,,349
0,,0,,frozen_test,OR:01,,,0,accuracy,,experiment_v1_4/phase_archives/P4/v1_4_frozen_test_evidence_20260922T033233833147.zip::run/seed0/composition_0/result.json,truth_table,composition_0,,0.997134670487106
0,,0,,frozen_test,OR:01,,,0,answer_ce,,experiment_v1_4/phase_archives/P4/v1_4_frozen_test_evidence_20260922T033233833147.zip::run/seed0/composition_0/result.json,truth_table,composition_0,,0.008519506741309373
0,,0,,frozen_test,OR:10,,,0,count,,experiment_v1_4/phase_archives/P4/v1_4_frozen_test_evidence_20260922T033233833147.zip::run/seed0/composition_0/result.json,truth_table,composition_0,,84
0,,0,,frozen_test,OR:10,,,0,accuracy,,experiment_v1_4/phase_archives/P4/v1_4_frozen_test_evidence_20260922T033233833147.zip::run/seed0/composition_0/result.json,truth_table,composition_0,,0.9761904761904762
0,,0,,frozen_test,OR:10,,,0,answer_ce,,experiment_v1_4/phase_archives/P4/v1_4_frozen_test_evidence_20260922T033233833147.zip::run/seed0/composition_0/result.json,truth_table,composition_0,,0.05054450471994815
0,,0,,frozen_test,OR:11,,,0,count,,experiment_v1_4/phase_archives/P4/v1_4_frozen_test_evidence_20260922T033233833147.zip::run/seed0/composition_0/result.json,truth_table,composition_0,,177
0,,0,,frozen_test,OR:11,,,0,accuracy,,experiment_v1_4/phase_archives/P4/v1_4_frozen_test_evidence_20260922T033233833147.zip::run/seed0/composition_0/result.json,truth_table,composition_0,,1.0
0,,0,,frozen_test,OR:11,,,0,answer_ce,,experiment_v1_4/phase_archives/P4/v1_4_frozen_test_evidence_20260922T033233833147.zip::run/seed0/composition_0/result.json,truth_table,composition_0,,0.0011129197118964834
0,,0,,frozen_test,XOR:00,,,0,count,,experiment_v1_4/phase_archives/P4/v1_4_frozen_test_evidence_20260922T033233833147.zip::run/seed0/composition_0/result.json,truth_table,composition_0,,0
0,,0,,frozen_test,XOR:00,,,0,accuracy,empty stratum or undefined metric; see count/coverage,experiment_v1_4/phase_archives/P4/v1_4_frozen_test_evidence_20260922T033233833147.zip::run/seed0/composition_0/result.json,truth_table,composition_0,,
0,,0,,frozen_test,XOR:00,,,0,answer_ce,empty stratum or undefined metric; see count/coverage,experiment_v1_4/phase_archives/P4/v1_4_frozen_test_evidence_20260922T033233833147.zip::run/seed0/composition_0/result.json,truth_table,composition_0,,
0,,0,,frozen_test,XOR:01,,,0,count,,experiment_v1_4/phase_archives/P4/v1_4_frozen_test_evidence_20260922T033233833147.zip::run/seed0/composition_0/result.json,truth_table,composition_0,,0
0,,0,,frozen_test,XOR:01,,,0,accuracy,empty stratum or undefined metric; see count/coverage,experiment_v1_4/phase_archives/P4/v1_4_frozen_test_evidence_20260922T033233833147.zip::run/seed0/composition_0/result.json,truth_table,composition_0,,
0,,0,,frozen_test,XOR:01,,,0,answer_ce,empty stratum or undefined metric; see count/coverage,experiment_v1_4/phase_archives/P4/v1_4_frozen_test_evidence_20260922T033233833147.zip::run/seed0/composition_0/result.json,truth_table,composition_0,,
0,,0,,frozen_test,XOR:10,,,0,count,,experiment_v1_4/phase_archives/P4/v1_4_frozen_test_evidence_20260922T033233833147.zip::run/seed0/composition_0/result.json,truth_table,composition_0,,0
0,,0,,frozen_test,XOR:10,,,0,accuracy,empty stratum or undefined metric; see count/coverage,experiment_v1_4/phase_archives/P4/v1_4_frozen_test_evidence_20260922T033233833147.zip::run/seed0/composition_0/result.json,truth_table,composition_0,,
0,,0,,frozen_test,XOR:10,,,0,answer_ce,empty stratum or undefined metric; see count/coverage,experiment_v1_4/phase_archives/P4/v1_4_frozen_test_evidence_20260922T033233833147.zip::run/seed0/composition_0/result.json,truth_table,composition_0,,
0,,0,,frozen_test,XOR:11,,,0,count,,experiment_v1_4/phase_archives/P4/v1_4_frozen_test_evidence_20260922T033233833147.zip::run/seed0/composition_0/result.json,truth_table,composition_0,,0
0,,0,,frozen_test,XOR:11,,,0,accuracy,empty stratum or undefined metric; see count/coverage,experiment_v1_4/phase_archives/P4/v1_4_frozen_test_evidence_20260922T033233833147.zip::run/seed0/composition_0/result.json,truth_table,composition_0,,
0,,0,,frozen_test,XOR:11,,,0,answer_ce,empty stratum or undefined metric; see count/coverage,experiment_v1_4/phase_archives/P4/v1_4_frozen_test_evidence_20260922T033233833147.zip::run/seed0/composition_0/result.json,truth_table,composition_0,,
1000,13600637376954341196,1000,,frozen_test,,,,0,answer_count,,experiment_v1_4/phase_archives/P4/v1_4_frozen_test_evidence_20260922T033233833147.zip::run/seed0/composition_1/result.json,overall,composition_1,,1024
1000,13600637376954341196,1000,,frozen_test,,,,0,sequence_count,,experiment_v1_4/phase_archives/P4/v1_4_frozen_test_evidence_20260922T033233833147.zip::run/seed0/composition_1/result.json,overall,composition_1,,1024
1000,13600637376954341196,1000,,frozen_test,,0.007465054337276221,0.002769090150723308,0,answer_ce,,experiment_v1_4/phase_archives/P4/v1_4_frozen_test_evidence_20260922T033233833147.zip::run/seed0/composition_1/result.json,overall,composition_1,,0.004867822040120373
1000,13600637376954341196,1000,,frozen_test,,1.0,1.0,0,accuracy,,experiment_v1_4/phase_archives/P4/v1_4_frozen_test_evidence_20260922T033233833147.zip::run/seed0/composition_1/result.json,overall,composition_1,,1.0
1000,13600637376954341196,1000,,frozen_test,,1.0,1.0,0,binary_accuracy,,experiment_v1_4/phase_archives/P4/v1_4_frozen_test_evidence_20260922T033233833147.zip::run/seed0/composition_1/result.json,overall,composition_1,,1.0
1000,13600637376954341196,1000,,frozen_test,,0.9999873747656238,0.99998609523318,0,bit_mass,,experiment_v1_4/phase_archives/P4/v1_4_frozen_test_evidence_20260922T033233833147.zip::run/seed0/composition_1/result.json,overall,composition_1,,0.9999867563019507
1000,13600637376954341196,1000,,frozen_test,,,,0,all_token_ce,,experiment_v1_4/phase_archives/P4/v1_4_frozen_test_evidence_20260922T033233833147.zip::run/seed0/composition_1/result.json,overall,composition_1,,0.9811003119264105
1000,13600637376954341196,1000,,frozen_test,,,,0,prediction_tokens,,experiment_v1_4/phase_archives/P4/v1_4_frozen_test_evidence_20260922T033233833147.zip::run/seed0/composition_1/result.json,overall,composition_1,,122379
0,,0,,frozen_test,,,,0,count,,experiment_v1_4/phase_archives/P4/v1_4_frozen_test_evidence_20260922T033233833147.zip::run/seed0/composition_1/result.json,baselines,composition_1,,1024
0,,0,,frozen_test,,,,0,majority_prediction,,experiment_v1_4/phase_archives/P4/v1_4_frozen_test_evidence_20260922T033233833147.zip::run/seed0/composition_1/result.json,baselines,composition_1,,0
0,,0,,frozen_test,,,,0,split_majority_accuracy,,experiment_v1_4/phase_archives/P4/v1_4_frozen_test_evidence_20260922T033233833147.zip::run/seed0/composition_1/result.json,baselines,composition_1,,0.826171875
0,,0,,frozen_test,,,,0,independent_bernoulli_expected_accuracy,,experiment_v1_4/phase_archives/P4/v1_4_frozen_test_evidence_20260922T033233833147.zip::run/seed0/composition_1/result.json,baselines,composition_1,,0.5
0,,0,,frozen_test,,,,0,latest_set_or_initialization_accuracy,,experiment_v1_4/phase_archives/P4/v1_4_frozen_test_evidence_20260922T033233833147.zip::run/seed0/composition_1/result.json,baselines,composition_1,,0.5244140625
0,,0,,frozen_test,,,,0,latest_read_copy_accuracy,,experiment_v1_4/phase_archives/P4/v1_4_frozen_test_evidence_20260922T033233833147.zip::run/seed0/composition_1/result.json,baselines,composition_1,,0.6533203125
0,,0,,frozen_test,macro,,,0,coverage,,experiment_v1_4/phase_archives/P4/v1_4_frozen_test_evidence_20260922T033233833147.zip::run/seed0/composition_1/result.json,operator,composition_1,,0.16666666666666666
0,,0,,frozen_test,macro,,,0,macro_accuracy,,experiment_v1_4/phase_archives/P4/v1_4_frozen_test_evidence_20260922T033233833147.zip::run/seed0/composition_1/result.json,operator,composition_1,,1.0
0,,0,,frozen_test,macro,,,0,macro_answer_ce,,experiment_v1_4/phase_archives/P4/v1_4_frozen_test_evidence_20260922T033233833147.zip::run/seed0/composition_1/result.json,operator,composition_1,,0.004867822040120373
0,,0,,frozen_test,initialization,,,0,count,,experiment_v1_4/phase_archives/P4/v1_4_frozen_test_evidence_20260922T033233833147.zip::run/seed0/composition_1/result.json,operator,composition_1,,0
0,,0,,frozen_test,initialization,,,0,accuracy,empty stratum or undefined metric; see count/coverage,experiment_v1_4/phase_archives/P4/v1_4_frozen_test_evidence_20260922T033233833147.zip::run/seed0/composition_1/result.json,operator,composition_1,,
0,,0,,frozen_test,initialization,,,0,answer_ce,empty stratum or undefined metric; see count/coverage,experiment_v1_4/phase_archives/P4/v1_4_frozen_test_evidence_20260922T033233833147.zip::run/seed0/composition_1/result.json,operator,composition_1,,
0,,0,,frozen_test,SET,,,0,count,,experiment_v1_4/phase_archives/P4/v1_4_frozen_test_evidence_20260922T033233833147.zip::run/seed0/composition_1/result.json,operator,composition_1,,0
0,,0,,frozen_test,SET,,,0,accuracy,empty stratum or undefined metric; see count/coverage,experiment_v1_4/phase_archives/P4/v1_4_frozen_test_evidence_20260922T033233833147.zip::run/seed0/composition_1/result.json,operator,composition_1,,
0,,0,,frozen_test,SET,,,0,answer_ce,empty stratum or undefined metric; see count/coverage,experiment_v1_4/phase_archives/P4/v1_4_frozen_test_evidence_20260922T033233833147.zip::run/seed0/composition_1/result.json,operator,composition_1,,
0,,0,,frozen_test,NOT,,,0,count,,experiment_v1_4/phase_archives/P4/v1_4_frozen_test_evidence_20260922T033233833147.zip::run/seed0/composition_1/result.json,operator,composition_1,,0
0,,0,,frozen_test,NOT,,,0,accuracy,empty stratum or undefined metric; see count/coverage,experiment_v1_4/phase_archives/P4/v1_4_frozen_test_evidence_20260922T033233833147.zip::run/seed0/composition_1/result.json,operator,composition_1,,
0,,0,,frozen_test,NOT,,,0,answer_ce,empty stratum or undefined metric; see count/coverage,experiment_v1_4/phase_archives/P4/v1_4_frozen_test_evidence_20260922T033233833147.zip::run/seed0/composition_1/result.json,operator,composition_1,,
0,,0,,frozen_test,AND,,,0,count,,experiment_v1_4/phase_archives/P4/v1_4_frozen_test_evidence_20260922T033233833147.zip::run/seed0/composition_1/result.json,operator,composition_1,,1024
0,,0,,frozen_test,AND,,,0,accuracy,,experiment_v1_4/phase_archives/P4/v1_4_frozen_test_evidence_20260922T033233833147.zip::run/seed0/composition_1/result.json,operator,composition_1,,1.0
0,,0,,frozen_test,AND,,,0,answer_ce,,experiment_v1_4/phase_archives/P4/v1_4_frozen_test_evidence_20260922T033233833147.zip::run/seed0/composition_1/result.json,operator,composition_1,,0.004867822040120373
0,,0,,frozen_test,OR,,,0,count,,experiment_v1_4/phase_archives/P4/v1_4_frozen_test_evidence_20260922T033233833147.zip::run/seed0/composition_1/result.json,operator,composition_1,,0
0,,0,,frozen_test,OR,,,0,accuracy,empty stratum or undefined metric; see count/coverage,experiment_v1_4/phase_archives/P4/v1_4_frozen_test_evidence_20260922T033233833147.zip::run/seed0/composition_1/result.json,operator,composition_1,,
0,,0,,frozen_test,OR,,,0,answer_ce,empty stratum or undefined metric; see count/coverage,experiment_v1_4/phase_archives/P4/v1_4_frozen_test_evidence_20260922T033233833147.zip::run/seed0/composition_1/result.json,operator,composition_1,,
0,,0,,frozen_test,XOR,,,0,count,,experiment_v1_4/phase_archives/P4/v1_4_frozen_test_evidence_20260922T033233833147.zip::run/seed0/composition_1/result.json,operator,composition_1,,0
0,,0,,frozen_test,XOR,,,0,accuracy,empty stratum or undefined metric; see count/coverage,experiment_v1_4/phase_archives/P4/v1_4_frozen_test_evidence_20260922T033233833147.zip::run/seed0/composition_1/result.json,operator,composition_1,,
0,,0,,frozen_test,XOR,,,0,answer_ce,empty stratum or undefined metric; see count/coverage,experiment_v1_4/phase_archives/P4/v1_4_frozen_test_evidence_20260922T033233833147.zip::run/seed0/composition_1/result.json,operator,composition_1,,
0,,0,,frozen_test,macro,,,0,coverage,,experiment_v1_4/phase_archives/P4/v1_4_frozen_test_evidence_20260922T033233833147.zip::run/seed0/composition_1/result.json,query_var,composition_1,,1.0
0,,0,,frozen_test,macro,,,0,macro_accuracy,,experiment_v1_4/phase_archives/P4/v1_4_frozen_test_evidence_20260922T033233833147.zip::run/seed0/composition_1/result.json,query_var,composition_1,,1.0
0,,0,,frozen_test,macro,,,0,macro_answer_ce,,experiment_v1_4/phase_archives/P4/v1_4_frozen_test_evidence_20260922T033233833147.zip::run/seed0/composition_1/result.json,query_var,composition_1,,0.004929352681256203
0,,0,,frozen_test,A,,,0,count,,experiment_v1_4/phase_archives/P4/v1_4_frozen_test_evidence_20260922T033233833147.zip::run/seed0/composition_1/result.json,query_var,composition_1,,268
0,,0,,frozen_test,A,,,0,accuracy,,experiment_v1_4/phase_archives/P4/v1_4_frozen_test_evidence_20260922T033233833147.zip::run/seed0/composition_1/result.json,query_var,composition_1,,1.0
0,,0,,frozen_test,A,,,0,answer_ce,,experiment_v1_4/phase_archives/P4/v1_4_frozen_test_evidence_20260922T033233833147.zip::run/seed0/composition_1/result.json,query_var,composition_1,,0.0052329190431763305
0,,0,,frozen_test,B,,,0,count,,experiment_v1_4/phase_archives/P4/v1_4_frozen_test_evidence_20260922T033233833147.zip::run/seed0/composition_1/result.json,query_var,composition_1,,236
0,,0,,frozen_test,B,,,0,accuracy,,experiment_v1_4/phase_archives/P4/v1_4_frozen_test_evidence_20260922T033233833147.zip::run/seed0/composition_1/result.json,query_var,composition_1,,1.0
0,,0,,frozen_test,B,,,0,answer_ce,,experiment_v1_4/phase_archives/P4/v1_4_frozen_test_evidence_20260922T033233833147.zip::run/seed0/composition_1/result.json,query_var,composition_1,,0.007467591400411994
0,,0,,frozen_test,C,,,0,count,,experiment_v1_4/phase_archives/P4/v1_4_frozen_test_evidence_20260922T033233833147.zip::run/seed0/composition_1/result.json,query_var,composition_1,,262
0,,0,,frozen_test,C,,,0,accuracy,,experiment_v1_4/phase_archives/P4/v1_4_frozen_test_evidence_20260922T033233833147.zip::run/seed0/composition_1/result.json,query_var,composition_1,,1.0
0,,0,,frozen_test,C,,,0,answer_ce,,experiment_v1_4/phase_archives/P4/v1_4_frozen_test_evidence_20260922T033233833147.zip::run/seed0/composition_1/result.json,query_var,composition_1,,0.0023789056010402334
0,,0,,frozen_test,D,,,0,count,,experiment_v1_4/phase_archives/P4/v1_4_frozen_test_evidence_20260922T033233833147.zip::run/seed0/composition_1/result.json,query_var,composition_1,,258
0,,0,,frozen_test,D,,,0,accuracy,,experiment_v1_4/phase_archives/P4/v1_4_frozen_test_evidence_20260922T033233833147.zip::run/seed0/composition_1/result.json,query_var,composition_1,,1.0
0,,0,,frozen_test,D,,,0,answer_ce,,experiment_v1_4/phase_archives/P4/v1_4_frozen_test_evidence_20260922T033233833147.zip::run/seed0/composition_1/result.json,query_var,composition_1,,0.004637994680396254
0,,0,,frozen_test,macro,,,0,coverage,,experiment_v1_4/phase_archives/P4/v1_4_frozen_test_evidence_20260922T033233833147.zip::run/seed0/composition_1/result.json,answer,composition_1,,1.0
0,,0,,frozen_test,macro,,,0,macro_accuracy,,experiment_v1_4/phase_archives/P4/v1_4_frozen_test_evidence_20260922T033233833147.zip::run/seed0/composition_1/result.json,answer,composition_1,,1.0
0,,0,,frozen_test,macro,,,0,macro_answer_ce,,experiment_v1_4/phase_archives/P4/v1_4_frozen_test_evidence_20260922T033233833147.zip::run/seed0/composition_1/result.json,answer,composition_1,,0.011757977472527301
0,,0,,frozen_test,0,,,0,count,,experiment_v1_4/phase_archives/P4/v1_4_frozen_test_evidence_20260922T033233833147.zip::run/seed0/composition_1/result.json,answer,composition_1,,846
0,,0,,frozen_test,0,,,0,accuracy,,experiment_v1_4/phase_archives/P4/v1_4_frozen_test_evidence_20260922T033233833147.zip::run/seed0/composition_1/result.json,answer,composition_1,,1.0
0,,0,,frozen_test,0,,,0,answer_ce,,experiment_v1_4/phase_archives/P4/v1_4_frozen_test_evidence_20260922T033233833147.zip::run/seed0/composition_1/result.json,answer,composition_1,,0.001195823037220872
0,,0,,frozen_test,1,,,0,count,,experiment_v1_4/phase_archives/P4/v1_4_frozen_test_evidence_20260922T033233833147.zip::run/seed0/composition_1/result.json,answer,composition_1,,178
0,,0,,frozen_test,1,,,0,accuracy,,experiment_v1_4/phase_archives/P4/v1_4_frozen_test_evidence_20260922T033233833147.zip::run/seed0/composition_1/result.json,answer,composition_1,,1.0
0,,0,,frozen_test,1,,,0,answer_ce,,experiment_v1_4/phase_archives/P4/v1_4_frozen_test_evidence_20260922T033233833147.zip::run/seed0/composition_1/result.json,answer,composition_1,,0.022320131907833732
0,,0,,frozen_test,macro,,,0,coverage,,experiment_v1_4/phase_archives/P4/v1_4_frozen_test_evidence_20260922T033233833147.zip::run/seed0/composition_1/result.json,blocks,composition_1,,1.0
0,,0,,frozen_test,macro,,,0,macro_accuracy,,experiment_v1_4/phase_archives/P4/v1_4_frozen_test_evidence_20260922T033233833147.zip::run/seed0/composition_1/result.json,blocks,composition_1,,1.0
0,,0,,frozen_test,macro,,,0,macro_answer_ce,,experiment_v1_4/phase_archives/P4/v1_4_frozen_test_evidence_20260922T033233833147.zip::run/seed0/composition_1/result.json,blocks,composition_1,,0.005358920927924924
0,,0,,frozen_test,8,,,0,count,,experiment_v1_4/phase_archives/P4/v1_4_frozen_test_evidence_20260922T033233833147.zip::run/seed0/composition_1/result.json,blocks,composition_1,,85
0,,0,,frozen_test,8,,,0,accuracy,,experiment_v1_4/phase_archives/P4/v1_4_frozen_test_evidence_20260922T033233833147.zip::run/seed0/composition_1/result.json,blocks,composition_1,,1.0
0,,0,,frozen_test,8,,,0,answer_ce,,experiment_v1_4/phase_archives/P4/v1_4_frozen_test_evidence_20260922T033233833147.zip::run/seed0/composition_1/result.json,blocks,composition_1,,0.000232884045534079
0,,0,,frozen_test,9,,,0,count,,experiment_v1_4/phase_archives/P4/v1_4_frozen_test_evidence_20260922T033233833147.zip::run/seed0/composition_1/result.json,blocks,composition_1,,63
0,,0,,frozen_test,9,,,0,accuracy,,experiment_v1_4/phase_archives/P4/v1_4_frozen_test_evidence_20260922T033233833147.zip::run/seed0/composition_1/result.json,blocks,composition_1,,1.0
0,,0,,frozen_test,9,,,0,answer_ce,,experiment_v1_4/phase_archives/P4/v1_4_frozen_test_evidence_20260922T033233833147.zip::run/seed0/composition_1/result.json,blocks,composition_1,,0.0007322245782854716
0,,0,,frozen_test,10,,,0,count,,experiment_v1_4/phase_archives/P4/v1_4_frozen_test_evidence_20260922T033233833147.zip::run/seed0/composition_1/result.json,blocks,composition_1,,76
0,,0,,frozen_test,10,,,0,accuracy,,experiment_v1_4/phase_archives/P4/v1_4_frozen_test_evidence_20260922T033233833147.zip::run/seed0/composition_1/result.json,blocks,composition_1,,1.0
0,,0,,frozen_test,10,,,0,answer_ce,,experiment_v1_4/phase_archives/P4/v1_4_frozen_test_evidence_20260922T033233833147.zip::run/seed0/composition_1/result.json,blocks,composition_1,,0.0009287362355089021
0,,0,,frozen_test,11,,,0,count,,experiment_v1_4/phase_archives/P4/v1_4_frozen_test_evidence_20260922T033233833147.zip::run/seed0/composition_1/result.json,blocks,composition_1,,71
0,,0,,frozen_test,11,,,0,accuracy,,experiment_v1_4/phase_archives/P4/v1_4_frozen_test_evidence_20260922T033233833147.zip::run/seed0/composition_1/result.json,blocks,composition_1,,1.0
0,,0,,frozen_test,11,,,0,answer_ce,,experiment_v1_4/phase_archives/P4/v1_4_frozen_test_evidence_20260922T033233833147.zip::run/seed0/composition_1/result.json,blocks,composition_1,,0.0062890849226598326
0,,0,,frozen_test,12,,,0,count,,experiment_v1_4/phase_archives/P4/v1_4_frozen_test_evidence_20260922T033233833147.zip::run/seed0/composition_1/result.json,blocks,composition_1,,80
0,,0,,frozen_test,12,,,0,accuracy,,experiment_v1_4/phase_archives/P4/v1_4_frozen_test_evidence_20260922T033233833147.zip::run/seed0/composition_1/result.json,blocks,composition_1,,1.0
0,,0,,frozen_test,12,,,0,answer_ce,,experiment_v1_4/phase_archives/P4/v1_4_frozen_test_evidence_20260922T033233833147.zip::run/seed0/composition_1/result.json,blocks,composition_1,,0.0014268893076859967
0,,0,,frozen_test,13,,,0,count,,experiment_v1_4/phase_archives/P4/v1_4_frozen_test_evidence_20260922T033233833147.zip::run/seed0/composition_1/result.json,blocks,composition_1,,69
0,,0,,frozen_test,13,,,0,accuracy,,experiment_v1_4/phase_archives/P4/v1_4_frozen_test_evidence_20260922T033233833147.zip::run/seed0/composition_1/result.json,blocks,composition_1,,1.0
0,,0,,frozen_test,13,,,0,answer_ce,,experiment_v1_4/phase_archives/P4/v1_4_frozen_test_evidence_20260922T033233833147.zip::run/seed0/composition_1/result.json,blocks,composition_1,,0.014371537434548689
0,,0,,frozen_test,14,,,0,count,,experiment_v1_4/phase_archives/P4/v1_4_frozen_test_evidence_20260922T033233833147.zip::run/seed0/composition_1/result.json,blocks,composition_1,,61
0,,0,,frozen_test,14,,,0,accuracy,,experiment_v1_4/phase_archives/P4/v1_4_frozen_test_evidence_20260922T033233833147.zip::run/seed0/composition_1/result.json,blocks,composition_1,,1.0
0,,0,,frozen_test,14,,,0,answer_ce,,experiment_v1_4/phase_archives/P4/v1_4_frozen_test_evidence_20260922T033233833147.zip::run/seed0/composition_1/result.json,blocks,composition_1,,0.0002472316048579905
0,,0,,frozen_test,15,,,0,count,,experiment_v1_4/phase_archives/P4/v1_4_frozen_test_evidence_20260922T033233833147.zip::run/seed0/composition_1/result.json,blocks,composition_1,,42
0,,0,,frozen_test,15,,,0,accuracy,,experiment_v1_4/phase_archives/P4/v1_4_frozen_test_evidence_20260922T033233833147.zip::run/seed0/composition_1/result.json,blocks,composition_1,,1.0
0,,0,,frozen_test,15,,,0,answer_ce,,experiment_v1_4/phase_archives/P4/v1_4_frozen_test_evidence_20260922T033233833147.zip::run/seed0/composition_1/result.json,blocks,composition_1,,0.006987595313018703
0,,0,,frozen_test,16,,,0,count,,experiment_v1_4/phase_archives/P4/v1_4_frozen_test_evidence_20260922T033233833147.zip::run/seed0/composition_1/result.json,blocks,composition_1,,53
0,,0,,frozen_test,16,,,0,accuracy,,experiment_v1_4/phase_archives/P4/v1_4_frozen_test_evidence_20260922T033233833147.zip::run/seed0/composition_1/result.json,blocks,composition_1,,1.0
0,,0,,frozen_test,16,,,0,answer_ce,,experiment_v1_4/phase_archives/P4/v1_4_frozen_test_evidence_20260922T033233833147.zip::run/seed0/composition_1/result.json,blocks,composition_1,,0.004392737672993839
0,,0,,frozen_test,17,,,0,count,,experiment_v1_4/phase_archives/P4/v1_4_frozen_test_evidence_20260922T033233833147.zip::run/seed0/composition_1/result.json,blocks,composition_1,,54
0,,0,,frozen_test,17,,,0,accuracy,,experiment_v1_4/phase_archives/P4/v1_4_frozen_test_evidence_20260922T033233833147.zip::run/seed0/composition_1/result.json,blocks,composition_1,,1.0
0,,0,,frozen_test,17,,,0,answer_ce,,experiment_v1_4/phase_archives/P4/v1_4_frozen_test_evidence_20260922T033233833147.zip::run/seed0/composition_1/result.json,blocks,composition_1,,0.000651539605398823
0,,0,,frozen_test,18,,,0,count,,experiment_v1_4/phase_archives/P4/v1_4_frozen_test_evidence_20260922T033233833147.zip::run/seed0/composition_1/result.json,blocks,composition_1,,62
0,,0,,frozen_test,18,,,0,accuracy,,experiment_v1_4/phase_archives/P4/v1_4_frozen_test_evidence_20260922T033233833147.zip::run/seed0/composition_1/result.json,blocks,composition_1,,1.0
0,,0,,frozen_test,18,,,0,answer_ce,,experiment_v1_4/phase_archives/P4/v1_4_frozen_test_evidence_20260922T033233833147.zip::run/seed0/composition_1/result.json,blocks,composition_1,,0.005592062432741284
0,,0,,frozen_test,19,,,0,count,,experiment_v1_4/phase_archives/P4/v1_4_frozen_test_evidence_20260922T033233833147.zip::run/seed0/composition_1/result.json,blocks,composition_1,,49
0,,0,,frozen_test,19,,,0,accuracy,,experiment_v1_4/phase_archives/P4/v1_4_frozen_test_evidence_20260922T033233833147.zip::run/seed0/composition_1/result.json,blocks,composition_1,,1.0
0,,0,,frozen_test,19,,,0,answer_ce,,experiment_v1_4/phase_archives/P4/v1_4_frozen_test_evidence_20260922T033233833147.zip::run/seed0/composition_1/result.json,blocks,composition_1,,0.006628194315787684
0,,0,,frozen_test,20,,,0,count,,experiment_v1_4/phase_archives/P4/v1_4_frozen_test_evidence_20260922T033233833147.zip::run/seed0/composition_1/result.json,blocks,composition_1,,50
0,,0,,frozen_test,20,,,0,accuracy,,experiment_v1_4/phase_archives/P4/v1_4_frozen_test_evidence_20260922T033233833147.zip::run/seed0/composition_1/result.json,blocks,composition_1,,1.0
0,,0,,frozen_test,20,,,0,answer_ce,,experiment_v1_4/phase_archives/P4/v1_4_frozen_test_evidence_20260922T033233833147.zip::run/seed0/composition_1/result.json,blocks,composition_1,,0.0030305000366388415
0,,0,,frozen_test,21,,,0,count,,experiment_v1_4/phase_archives/P4/v1_4_frozen_test_evidence_20260922T033233833147.zip::run/seed0/composition_1/result.json,blocks,composition_1,,44
0,,0,,frozen_test,21,,,0,accuracy,,experiment_v1_4/phase_archives/P4/v1_4_frozen_test_evidence_20260922T033233833147.zip::run/seed0/composition_1/result.json,blocks,composition_1,,1.0
0,,0,,frozen_test,21,,,0,answer_ce,,experiment_v1_4/phase_archives/P4/v1_4_frozen_test_evidence_20260922T033233833147.zip::run/seed0/composition_1/result.json,blocks,composition_1,,0.01177996728380425
0,,0,,frozen_test,22,,,0,count,,experiment_v1_4/phase_archives/P4/v1_4_frozen_test_evidence_20260922T033233833147.zip::run/seed0/composition_1/result.json,blocks,composition_1,,55
0,,0,,frozen_test,22,,,0,accuracy,,experiment_v1_4/phase_archives/P4/v1_4_frozen_test_evidence_20260922T033233833147.zip::run/seed0/composition_1/result.json,blocks,composition_1,,1.0
0,,0,,frozen_test,22,,,0,answer_ce,,experiment_v1_4/phase_archives/P4/v1_4_frozen_test_evidence_20260922T033233833147.zip::run/seed0/composition_1/result.json,blocks,composition_1,,0.006258190023634763
0,,0,,frozen_test,23,,,0,count,,experiment_v1_4/phase_archives/P4/v1_4_frozen_test_evidence_20260922T033233833147.zip::run/seed0/composition_1/result.json,blocks,composition_1,,44
0,,0,,frozen_test,23,,,0,accuracy,,experiment_v1_4/phase_archives/P4/v1_4_frozen_test_evidence_20260922T033233833147.zip::run/seed0/composition_1/result.json,blocks,composition_1,,1.0
0,,0,,frozen_test,23,,,0,answer_ce,,experiment_v1_4/phase_archives/P4/v1_4_frozen_test_evidence_20260922T033233833147.zip::run/seed0/composition_1/result.json,blocks,composition_1,,0.017668820455397014
0,,0,,frozen_test,24,,,0,count,,experiment_v1_4/phase_archives/P4/v1_4_frozen_test_evidence_20260922T033233833147.zip::run/seed0/composition_1/result.json,blocks,composition_1,,66
0,,0,,frozen_test,24,,,0,accuracy,,experiment_v1_4/phase_archives/P4/v1_4_frozen_test_evidence_20260922T033233833147.zip::run/seed0/composition_1/result.json,blocks,composition_1,,1.0
0,,0,,frozen_test,24,,,0,answer_ce,,experiment_v1_4/phase_archives/P4/v1_4_frozen_test_evidence_20260922T033233833147.zip::run/seed0/composition_1/result.json,blocks,composition_1,,0.003883460506227548
0,,0,,frozen_test,macro,,,0,coverage,,experiment_v1_4/phase_archives/P4/v1_4_frozen_test_evidence_20260922T033233833147.zip::run/seed0/composition_1/result.json,distance,composition_1,,0.3333333333333333
0,,0,,frozen_test,macro,,,0,macro_accuracy,,experiment_v1_4/phase_archives/P4/v1_4_frozen_test_evidence_20260922T033233833147.zip::run/seed0/composition_1/result.json,distance,composition_1,,1.0
0,,0,,frozen_test,macro,,,0,macro_answer_ce,,experiment_v1_4/phase_archives/P4/v1_4_frozen_test_evidence_20260922T033233833147.zip::run/seed0/composition_1/result.json,distance,composition_1,,0.004867822040120373
0,,0,,frozen_test,0,,,0,count,,experiment_v1_4/phase_archives/P4/v1_4_frozen_test_evidence_20260922T033233833147.zip::run/seed0/composition_1/result.json,distance,composition_1,,1024
0,,0,,frozen_test,0,,,0,accuracy,,experiment_v1_4/phase_archives/P4/v1_4_frozen_test_evidence_20260922T033233833147.zip::run/seed0/composition_1/result.json,distance,composition_1,,1.0
0,,0,,frozen_test,0,,,0,answer_ce,,experiment_v1_4/phase_archives/P4/v1_4_frozen_test_evidence_20260922T033233833147.zip::run/seed0/composition_1/result.json,distance,composition_1,,0.004867822040120373
0,,0,,frozen_test,1-2,,,0,count,,experiment_v1_4/phase_archives/P4/v1_4_frozen_test_evidence_20260922T033233833147.zip::run/seed0/composition_1/result.json,distance,composition_1,,0
0,,0,,frozen_test,1-2,,,0,accuracy,empty stratum or undefined metric; see count/coverage,experiment_v1_4/phase_archives/P4/v1_4_frozen_test_evidence_20260922T033233833147.zip::run/seed0/composition_1/result.json,distance,composition_1,,
0,,0,,frozen_test,1-2,,,0,answer_ce,empty stratum or undefined metric; see count/coverage,experiment_v1_4/phase_archives/P4/v1_4_frozen_test_evidence_20260922T033233833147.zip::run/seed0/composition_1/result.json,distance,composition_1,,
0,,0,,frozen_test,3+,,,0,count,,experiment_v1_4/phase_archives/P4/v1_4_frozen_test_evidence_20260922T033233833147.zip::run/seed0/composition_1/result.json,distance,composition_1,,0
0,,0,,frozen_test,3+,,,0,accuracy,empty stratum or undefined metric; see count/coverage,experiment_v1_4/phase_archives/P4/v1_4_frozen_test_evidence_20260922T033233833147.zip::run/seed0/composition_1/result.json,distance,composition_1,,
0,,0,,frozen_test,3+,,,0,answer_ce,empty stratum or undefined metric; see count/coverage,experiment_v1_4/phase_archives/P4/v1_4_frozen_test_evidence_20260922T033233833147.zip::run/seed0/composition_1/result.json,distance,composition_1,,
0,,0,,frozen_test,macro,,,0,coverage,,experiment_v1_4/phase_archives/P4/v1_4_frozen_test_evidence_20260922T033233833147.zip::run/seed0/composition_1/result.json,truth_table,composition_1,,0.3333333333333333
0,,0,,frozen_test,macro,,,0,macro_accuracy,,experiment_v1_4/phase_archives/P4/v1_4_frozen_test_evidence_20260922T033233833147.zip::run/seed0/composition_1/result.json,truth_table,composition_1,,1.0
0,,0,,frozen_test,macro,,,0,macro_answer_ce,,experiment_v1_4/phase_archives/P4/v1_4_frozen_test_evidence_20260922T033233833147.zip::run/seed0/composition_1/result.json,truth_table,composition_1,,0.006390187136164675
0,,0,,frozen_test,AND:00,,,0,count,,experiment_v1_4/phase_archives/P4/v1_4_frozen_test_evidence_20260922T033233833147.zip::run/seed0/composition_1/result.json,truth_table,composition_1,,273
0,,0,,frozen_test,AND:00,,,0,accuracy,,experiment_v1_4/phase_archives/P4/v1_4_frozen_test_evidence_20260922T033233833147.zip::run/seed0/composition_1/result.json,truth_table,composition_1,,1.0
0,,0,,frozen_test,AND:00,,,0,answer_ce,,experiment_v1_4/phase_archives/P4/v1_4_frozen_test_evidence_20260922T033233833147.zip::run/seed0/composition_1/result.json,truth_table,composition_1,,0.0009390664477578889
0,,0,,frozen_test,AND:01,,,0,count,,experiment_v1_4/phase_archives/P4/v1_4_frozen_test_evidence_20260922T033233833147.zip::run/seed0/composition_1/result.json,truth_table,composition_1,,332
0,,0,,frozen_test,AND:01,,,0,accuracy,,experiment_v1_4/phase_archives/P4/v1_4_frozen_test_evidence_20260922T033233833147.zip::run/seed0/composition_1/result.json,truth_table,composition_1,,1.0
0,,0,,frozen_test,AND:01,,,0,answer_ce,,experiment_v1_4/phase_archives/P4/v1_4_frozen_test_evidence_20260922T033233833147.zip::run/seed0/composition_1/result.json,truth_table,composition_1,,0.0022046983921515115
0,,0,,frozen_test,AND:10,,,0,count,,experiment_v1_4/phase_archives/P4/v1_4_frozen_test_evidence_20260922T033233833147.zip::run/seed0/composition_1/result.json,truth_table,composition_1,,241
0,,0,,frozen_test,AND:10,,,0,accuracy,,experiment_v1_4/phase_archives/P4/v1_4_frozen_test_evidence_20260922T033233833147.zip::run/seed0/composition_1/result.json,truth_table,composition_1,,1.0
0,,0,,frozen_test,AND:10,,,0,answer_ce,,experiment_v1_4/phase_archives/P4/v1_4_frozen_test_evidence_20260922T033233833147.zip::run/seed0/composition_1/result.json,truth_table,composition_1,,9.685179691556919e-05
0,,0,,frozen_test,AND:11,,,0,count,,experiment_v1_4/phase_archives/P4/v1_4_frozen_test_evidence_20260922T033233833147.zip::run/seed0/composition_1/result.json,truth_table,composition_1,,178
0,,0,,frozen_test,AND:11,,,0,accuracy,,experiment_v1_4/phase_archives/P4/v1_4_frozen_test_evidence_20260922T033233833147.zip::run/seed0/composition_1/result.json,truth_table,composition_1,,1.0
0,,0,,frozen_test,AND:11,,,0,answer_ce,,experiment_v1_4/phase_archives/P4/v1_4_frozen_test_evidence_20260922T033233833147.zip::run/seed0/composition_1/result.json,truth_table,composition_1,,0.022320131907833732
0,,0,,frozen_test,OR:00,,,0,count,,experiment_v1_4/phase_archives/P4/v1_4_frozen_test_evidence_20260922T033233833147.zip::run/seed0/composition_1/result.json,truth_table,composition_1,,0
0,,0,,frozen_test,OR:00,,,0,accuracy,empty stratum or undefined metric; see count/coverage,experiment_v1_4/phase_archives/P4/v1_4_frozen_test_evidence_20260922T033233833147.zip::run/seed0/composition_1/result.json,truth_table,composition_1,,
0,,0,,frozen_test,OR:00,,,0,answer_ce,empty stratum or undefined metric; see count/coverage,experiment_v1_4/phase_archives/P4/v1_4_frozen_test_evidence_20260922T033233833147.zip::run/seed0/composition_1/result.json,truth_table,composition_1,,
0,,0,,frozen_test,OR:01,,,0,count,,experiment_v1_4/phase_archives/P4/v1_4_frozen_test_evidence_20260922T033233833147.zip::run/seed0/composition_1/result.json,truth_table,composition_1,,0
0,,0,,frozen_test,OR:01,,,0,accuracy,empty stratum or undefined metric; see count/coverage,experiment_v1_4/phase_archives/P4/v1_4_frozen_test_evidence_20260922T033233833147.zip::run/seed0/composition_1/result.json,truth_table,composition_1,,
0,,0,,frozen_test,OR:01,,,0,answer_ce,empty stratum or undefined metric; see count/coverage,experiment_v1_4/phase_archives/P4/v1_4_frozen_test_evidence_20260922T033233833147.zip::run/seed0/composition_1/result.json,truth_table,composition_1,,
0,,0,,frozen_test,OR:10,,,0,count,,experiment_v1_4/phase_archives/P4/v1_4_frozen_test_evidence_20260922T033233833147.zip::run/seed0/composition_1/result.json,truth_table,composition_1,,0
0,,0,,frozen_test,OR:10,,,0,accuracy,empty stratum or undefined metric; see count/coverage,experiment_v1_4/phase_archives/P4/v1_4_frozen_test_evidence_20260922T033233833147.zip::run/seed0/composition_1/result.json,truth_table,composition_1,,
0,,0,,frozen_test,OR:10,,,0,answer_ce,empty stratum or undefined metric; see count/coverage,experiment_v1_4/phase_archives/P4/v1_4_frozen_test_evidence_20260922T033233833147.zip::run/seed0/composition_1/result.json,truth_table,composition_1,,
0,,0,,frozen_test,OR:11,,,0,count,,experiment_v1_4/phase_archives/P4/v1_4_frozen_test_evidence_20260922T033233833147.zip::run/seed0/composition_1/result.json,truth_table,composition_1,,0
0,,0,,frozen_test,OR:11,,,0,accuracy,empty stratum or undefined metric; see count/coverage,experiment_v1_4/phase_archives/P4/v1_4_frozen_test_evidence_20260922T033233833147.zip::run/seed0/composition_1/result.json,truth_table,composition_1,,
0,,0,,frozen_test,OR:11,,,0,answer_ce,empty stratum or undefined metric; see count/coverage,experiment_v1_4/phase_archives/P4/v1_4_frozen_test_evidence_20260922T033233833147.zip::run/seed0/composition_1/result.json,truth_table,composition_1,,
0,,0,,frozen_test,XOR:00,,,0,count,,experiment_v1_4/phase_archives/P4/v1_4_frozen_test_evidence_20260922T033233833147.zip::run/seed0/composition_1/result.json,truth_table,composition_1,,0
0,,0,,frozen_test,XOR:00,,,0,accuracy,empty stratum or undefined metric; see count/coverage,experiment_v1_4/phase_archives/P4/v1_4_frozen_test_evidence_20260922T033233833147.zip::run/seed0/composition_1/result.json,truth_table,composition_1,,
0,,0,,frozen_test,XOR:00,,,0,answer_ce,empty stratum or undefined metric; see count/coverage,experiment_v1_4/phase_archives/P4/v1_4_frozen_test_evidence_20260922T033233833147.zip::run/seed0/composition_1/result.json,truth_table,composition_1,,
0,,0,,frozen_test,XOR:01,,,0,count,,experiment_v1_4/phase_archives/P4/v1_4_frozen_test_evidence_20260922T033233833147.zip::run/seed0/composition_1/result.json,truth_table,composition_1,,0
0,,0,,frozen_test,XOR:01,,,0,accuracy,empty stratum or undefined metric; see count/coverage,experiment_v1_4/phase_archives/P4/v1_4_frozen_test_evidence_20260922T033233833147.zip::run/seed0/composition_1/result.json,truth_table,composition_1,,
0,,0,,frozen_test,XOR:01,,,0,answer_ce,empty stratum or undefined metric; see count/coverage,experiment_v1_4/phase_archives/P4/v1_4_frozen_test_evidence_20260922T033233833147.zip::run/seed0/composition_1/result.json,truth_table,composition_1,,
0,,0,,frozen_test,XOR:10,,,0,count,,experiment_v1_4/phase_archives/P4/v1_4_frozen_test_evidence_20260922T033233833147.zip::run/seed0/composition_1/result.json,truth_table,composition_1,,0
0,,0,,frozen_test,XOR:10,,,0,accuracy,empty stratum or undefined metric; see count/coverage,experiment_v1_4/phase_archives/P4/v1_4_frozen_test_evidence_20260922T033233833147.zip::run/seed0/composition_1/result.json,truth_table,composition_1,,
0,,0,,frozen_test,XOR:10,,,0,answer_ce,empty stratum or undefined metric; see count/coverage,experiment_v1_4/phase_archives/P4/v1_4_frozen_test_evidence_20260922T033233833147.zip::run/seed0/composition_1/result.json,truth_table,composition_1,,
0,,0,,frozen_test,XOR:11,,,0,count,,experiment_v1_4/phase_archives/P4/v1_4_frozen_test_evidence_20260922T033233833147.zip::run/seed0/composition_1/result.json,truth_table,composition_1,,0
0,,0,,frozen_test,XOR:11,,,0,accuracy,empty stratum or undefined metric; see count/coverage,experiment_v1_4/phase_archives/P4/v1_4_frozen_test_evidence_20260922T033233833147.zip::run/seed0/composition_1/result.json,truth_table,composition_1,,
0,,0,,frozen_test,XOR:11,,,0,answer_ce,empty stratum or undefined metric; see count/coverage,experiment_v1_4/phase_archives/P4/v1_4_frozen_test_evidence_20260922T033233833147.zip::run/seed0/composition_1/result.json,truth_table,composition_1,,
1000,10398098330003467232,1000,,frozen_test,,,,0,answer_count,,experiment_v1_4/phase_archives/P4/v1_4_frozen_test_evidence_20260922T033233833147.zip::run/seed0/first_read_after_set/result.json,overall,first_read_after_set,,2048
1000,10398098330003467232,1000,,frozen_test,,,,0,sequence_count,,experiment_v1_4/phase_archives/P4/v1_4_frozen_test_evidence_20260922T033233833147.zip::run/seed0/first_read_after_set/result.json,overall,first_read_after_set,,2048
1000,10398098330003467232,1000,,frozen_test,,0.002814237296404848,5.420693677929411e-05,0,answer_ce,,experiment_v1_4/phase_archives/P4/v1_4_frozen_test_evidence_20260922T033233833147.zip::run/seed0/first_read_after_set/result.json,overall,first_read_after_set,,0.0009831520506193847
1000,10398098330003467232,1000,,frozen_test,,1.0,0.99853515625,0,accuracy,,experiment_v1_4/phase_archives/P4/v1_4_frozen_test_evidence_20260922T033233833147.zip::run/seed0/first_read_after_set/result.json,overall,first_read_after_set,,0.99951171875
1000,10398098330003467232,1000,,frozen_test,,1.0,0.99853515625,0,binary_accuracy,,experiment_v1_4/phase_archives/P4/v1_4_frozen_test_evidence_20260922T033233833147.zip::run/seed0/first_read_after_set/result.json,overall,first_read_after_set,,0.99951171875
1000,10398098330003467232,1000,,frozen_test,,0.9999914440049906,0.9999910168327915,0,bit_mass,,experiment_v1_4/phase_archives/P4/v1_4_frozen_test_evidence_20260922T033233833147.zip::run/seed0/first_read_after_set/result.json,overall,first_read_after_set,,0.9999912397470325
1000,10398098330003467232,1000,,frozen_test,,,,0,all_token_ce,,experiment_v1_4/phase_archives/P4/v1_4_frozen_test_evidence_20260922T033233833147.zip::run/seed0/first_read_after_set/result.json,overall,first_read_after_set,,0.9574540816949754
1000,10398098330003467232,1000,,frozen_test,,,,0,prediction_tokens,,experiment_v1_4/phase_archives/P4/v1_4_frozen_test_evidence_20260922T033233833147.zip::run/seed0/first_read_after_set/result.json,overall,first_read_after_set,,245916
0,,0,,frozen_test,,,,0,count,,experiment_v1_4/phase_archives/P4/v1_4_frozen_test_evidence_20260922T033233833147.zip::run/seed0/first_read_after_set/result.json,baselines,first_read_after_set,,2048
0,,0,,frozen_test,,,,0,majority_prediction,,experiment_v1_4/phase_archives/P4/v1_4_frozen_test_evidence_20260922T033233833147.zip::run/seed0/first_read_after_set/result.json,baselines,first_read_after_set,,0
0,,0,,frozen_test,,,,0,split_majority_accuracy,,experiment_v1_4/phase_archives/P4/v1_4_frozen_test_evidence_20260922T033233833147.zip::run/seed0/first_read_after_set/result.json,baselines,first_read_after_set,,0.5
0,,0,,frozen_test,,,,0,independent_bernoulli_expected_accuracy,,experiment_v1_4/phase_archives/P4/v1_4_frozen_test_evidence_20260922T033233833147.zip::run/seed0/first_read_after_set/result.json,baselines,first_read_after_set,,0.5
0,,0,,frozen_test,,,,0,latest_set_or_initialization_accuracy,,experiment_v1_4/phase_archives/P4/v1_4_frozen_test_evidence_20260922T033233833147.zip::run/seed0/first_read_after_set/result.json,baselines,first_read_after_set,,0.755859375
0,,0,,frozen_test,,,,0,latest_read_copy_accuracy,,experiment_v1_4/phase_archives/P4/v1_4_frozen_test_evidence_20260922T033233833147.zip::run/seed0/first_read_after_set/result.json,baselines,first_read_after_set,,0.5029296875
0,,0,,frozen_test,macro,,,0,coverage,,experiment_v1_4/phase_archives/P4/v1_4_frozen_test_evidence_20260922T033233833147.zip::run/seed0/first_read_after_set/result.json,operator,first_read_after_set,,1.0
0,,0,,frozen_test,macro,,,0,macro_accuracy,,experiment_v1_4/phase_archives/P4/v1_4_frozen_test_evidence_20260922T033233833147.zip::run/seed0/first_read_after_set/result.json,operator,first_read_after_set,,0.9992389649923896
0,,0,,frozen_test,macro,,,0,macro_answer_ce,,experiment_v1_4/phase_archives/P4/v1_4_frozen_test_evidence_20260922T033233833147.zip::run/seed0/first_read_after_set/result.json,operator,first_read_after_set,,0.0015153981862680809
0,,0,,frozen_test,initialization,,,0,count,,experiment_v1_4/phase_archives/P4/v1_4_frozen_test_evidence_20260922T033233833147.zip::run/seed0/first_read_after_set/result.json,operator,first_read_after_set,,265
0,,0,,frozen_test,initialization,,,0,accuracy,,experiment_v1_4/phase_archives/P4/v1_4_frozen_test_evidence_20260922T033233833147.zip::run/seed0/first_read_after_set/result.json,operator,first_read_after_set,,1.0
0,,0,,frozen_test,initialization,,,0,answer_ce,,experiment_v1_4/phase_archives/P4/v1_4_frozen_test_evidence_20260922T033233833147.zip::run/seed0/first_read_after_set/result.json,operator,first_read_after_set,,1.8747049937203727e-05
0,,0,,frozen_test,SET,,,0,count,,experiment_v1_4/phase_archives/P4/v1_4_frozen_test_evidence_20260922T033233833147.zip::run/seed0/first_read_after_set/result.json,operator,first_read_after_set,,789
0,,0,,frozen_test,SET,,,0,accuracy,,experiment_v1_4/phase_archives/P4/v1_4_frozen_test_evidence_20260922T033233833147.zip::run/seed0/first_read_after_set/result.json,operator,first_read_after_set,,1.0
0,,0,,frozen_test,SET,,,0,answer_ce,,experiment_v1_4/phase_archives/P4/v1_4_frozen_test_evidence_20260922T033233833147.zip::run/seed0/first_read_after_set/result.json,operator,first_read_after_set,,1.9977434115081995e-05
0,,0,,frozen_test,NOT,,,0,count,,experiment_v1_4/phase_archives/P4/v1_4_frozen_test_evidence_20260922T033233833147.zip::run/seed0/first_read_after_set/result.json,operator,first_read_after_set,,319
0,,0,,frozen_test,NOT,,,0,accuracy,,experiment_v1_4/phase_archives/P4/v1_4_frozen_test_evidence_20260922T033233833147.zip::run/seed0/first_read_after_set/result.json,operator,first_read_after_set,,1.0
0,,0,,frozen_test,NOT,,,0,answer_ce,,experiment_v1_4/phase_archives/P4/v1_4_frozen_test_evidence_20260922T033233833147.zip::run/seed0/first_read_after_set/result.json,operator,first_read_after_set,,8.896676549496572e-05
0,,0,,frozen_test,AND,,,0,count,,experiment_v1_4/phase_archives/P4/v1_4_frozen_test_evidence_20260922T033233833147.zip::run/seed0/first_read_after_set/result.json,operator,first_read_after_set,,221
0,,0,,frozen_test,AND,,,0,accuracy,,experiment_v1_4/phase_archives/P4/v1_4_frozen_test_evidence_20260922T033233833147.zip::run/seed0/first_read_after_set/result.json,operator,first_read_after_set,,1.0
0,,0,,frozen_test,AND,,,0,answer_ce,,experiment_v1_4/phase_archives/P4/v1_4_frozen_test_evidence_20260922T033233833147.zip::run/seed0/first_read_after_set/result.json,operator,first_read_after_set,,0.00019593691123022362
0,,0,,frozen_test,OR,,,0,count,,experiment_v1_4/phase_archives/P4/v1_4_frozen_test_evidence_20260922T033233833147.zip::run/seed0/first_read_after_set/result.json,operator,first_read_after_set,,235
0,,0,,frozen_test,OR,,,0,accuracy,,experiment_v1_4/phase_archives/P4/v1_4_frozen_test_evidence_20260922T033233833147.zip::run/seed0/first_read_after_set/result.json,operator,first_read_after_set,,1.0
0,,0,,frozen_test,OR,,,0,answer_ce,,experiment_v1_4/phase_archives/P4/v1_4_frozen_test_evidence_20260922T033233833147.zip::run/seed0/first_read_after_set/result.json,operator,first_read_after_set,,4.525817484852481e-05
0,,0,,frozen_test,XOR,,,0,count,,experiment_v1_4/phase_archives/P4/v1_4_frozen_test_evidence_20260922T033233833147.zip::run/seed0/first_read_after_set/result.json,operator,first_read_after_set,,219
0,,0,,frozen_test,XOR,,,0,accuracy,,experiment_v1_4/phase_archives/P4/v1_4_frozen_test_evidence_20260922T033233833147.zip::run/seed0/first_read_after_set/result.json,operator,first_read_after_set,,0.9954337899543378
0,,0,,frozen_test,XOR,,,0,answer_ce,,experiment_v1_4/phase_archives/P4/v1_4_frozen_test_evidence_20260922T033233833147.zip::run/seed0/first_read_after_set/result.json,operator,first_read_after_set,,0.008723502781982485
0,,0,,frozen_test,macro,,,0,coverage,,experiment_v1_4/phase_archives/P4/v1_4_frozen_test_evidence_20260922T033233833147.zip::run/seed0/first_read_after_set/result.json,query_var,first_read_after_set,,1.0
0,,0,,frozen_test,macro,,,0,macro_accuracy,,experiment_v1_4/phase_archives/P4/v1_4_frozen_test_evidence_20260922T033233833147.zip::run/seed0/first_read_after_set/result.json,query_var,first_read_after_set,,0.999500998003992
0,,0,,frozen_test,macro,,,0,macro_answer_ce,,experiment_v1_4/phase_archives/P4/v1_4_frozen_test_evidence_20260922T033233833147.zip::run/seed0/first_read_after_set/result.json,query_var,first_read_after_set,,0.00100372230265846
0,,0,,frozen_test,A,,,0,count,,experiment_v1_4/phase_archives/P4/v1_4_frozen_test_evidence_20260922T033233833147.zip::run/seed0/first_read_after_set/result.json,query_var,first_read_after_set,,502
0,,0,,frozen_test,A,,,0,accuracy,,experiment_v1_4/phase_archives/P4/v1_4_frozen_test_evidence_20260922T033233833147.zip::run/seed0/first_read_after_set/result.json,query_var,first_read_after_set,,1.0
0,,0,,frozen_test,A,,,0,answer_ce,,experiment_v1_4/phase_archives/P4/v1_4_frozen_test_evidence_20260922T033233833147.zip::run/seed0/first_read_after_set/result.json,query_var,first_read_after_set,,6.73742403517125e-05
0,,0,,frozen_test,B,,,0,count,,experiment_v1_4/phase_archives/P4/v1_4_frozen_test_evidence_20260922T033233833147.zip::run/seed0/first_read_after_set/result.json,query_var,first_read_after_set,,501
0,,0,,frozen_test,B,,,0,accuracy,,experiment_v1_4/phase_archives/P4/v1_4_frozen_test_evidence_20260922T033233833147.zip::run/seed0/first_read_after_set/result.json,query_var,first_read_after_set,,0.998003992015968
0,,0,,frozen_test,B,,,0,answer_ce,,experiment_v1_4/phase_archives/P4/v1_4_frozen_test_evidence_20260922T033233833147.zip::run/seed0/first_read_after_set/result.json,query_var,first_read_after_set,,0.0038445585114722618
0,,0,,frozen_test,C,,,0,count,,experiment_v1_4/phase_archives/P4/v1_4_frozen_test_evidence_20260922T033233833147.zip::run/seed0/first_read_after_set/result.json,query_var,first_read_after_set,,533
0,,0,,frozen_test,C,,,0,accuracy,,experiment_v1_4/phase_archives/P4/v1_4_frozen_test_evidence_20260922T033233833147.zip::run/seed0/first_read_after_set/result.json,query_var,first_read_after_set,,1.0
0,,0,,frozen_test,C,,,0,answer_ce,,experiment_v1_4/phase_archives/P4/v1_4_frozen_test_evidence_20260922T033233833147.zip::run/seed0/first_read_after_set/result.json,query_var,first_read_after_set,,3.980999303265724e-05
0,,0,,frozen_test,D,,,0,count,,experiment_v1_4/phase_archives/P4/v1_4_frozen_test_evidence_20260922T033233833147.zip::run/seed0/first_read_after_set/result.json,query_var,first_read_after_set,,512
0,,0,,frozen_test,D,,,0,accuracy,,experiment_v1_4/phase_archives/P4/v1_4_frozen_test_evidence_20260922T033233833147.zip::run/seed0/first_read_after_set/result.json,query_var,first_read_after_set,,1.0
0,,0,,frozen_test,D,,,0,answer_ce,,experiment_v1_4/phase_archives/P4/v1_4_frozen_test_evidence_20260922T033233833147.zip::run/seed0/first_read_after_set/result.json,query_var,first_read_after_set,,6.31464657772085e-05
0,,0,,frozen_test,macro,,,0,coverage,,experiment_v1_4/phase_archives/P4/v1_4_frozen_test_evidence_20260922T033233833147.zip::run/seed0/first_read_after_set/result.json,answer,first_read_after_set,,1.0
0,,0,,frozen_test,macro,,,0,macro_accuracy,,experiment_v1_4/phase_archives/P4/v1_4_frozen_test_evidence_20260922T033233833147.zip::run/seed0/first_read_after_set/result.json,answer,first_read_after_set,,0.99951171875
0,,0,,frozen_test,macro,,,0,macro_answer_ce,,experiment_v1_4/phase_archives/P4/v1_4_frozen_test_evidence_20260922T033233833147.zip::run/seed0/first_read_after_set/result.json,answer,first_read_after_set,,0.0009831520506193847
0,,0,,frozen_test,0,,,0,count,,experiment_v1_4/phase_archives/P4/v1_4_frozen_test_evidence_20260922T033233833147.zip::run/seed0/first_read_after_set/result.json,answer,first_read_after_set,,1024
0,,0,,frozen_test,0,,,0,accuracy,,experiment_v1_4/phase_archives/P4/v1_4_frozen_test_evidence_20260922T033233833147.zip::run/seed0/first_read_after_set/result.json,answer,first_read_after_set,,0.9990234375
0,,0,,frozen_test,0,,,0,answer_ce,,experiment_v1_4/phase_archives/P4/v1_4_frozen_test_evidence_20260922T033233833147.zip::run/seed0/first_read_after_set/result.json,answer,first_read_after_set,,0.0018590724636764477
0,,0,,frozen_test,1,,,0,count,,experiment_v1_4/phase_archives/P4/v1_4_frozen_test_evidence_20260922T033233833147.zip::run/seed0/first_read_after_set/result.json,answer,first_read_after_set,,1024
0,,0,,frozen_test,1,,,0,accuracy,,experiment_v1_4/phase_archives/P4/v1_4_frozen_test_evidence_20260922T033233833147.zip::run/seed0/first_read_after_set/result.json,answer,first_read_after_set,,1.0
0,,0,,frozen_test,1,,,0,answer_ce,,experiment_v1_4/phase_archives/P4/v1_4_frozen_test_evidence_20260922T033233833147.zip::run/seed0/first_read_after_set/result.json,answer,first_read_after_set,,0.00010723163756232168
0,,0,,frozen_test,macro,,,0,coverage,,experiment_v1_4/phase_archives/P4/v1_4_frozen_test_evidence_20260922T033233833147.zip::run/seed0/first_read_after_set/result.json,blocks,first_read_after_set,,1.0
0,,0,,frozen_test,macro,,,0,macro_accuracy,,experiment_v1_4/phase_archives/P4/v1_4_frozen_test_evidence_20260922T033233833147.zip::run/seed0/first_read_after_set/result.json,blocks,first_read_after_set,,0.9995886466474702
0,,0,,frozen_test,macro,,,0,macro_answer_ce,,experiment_v1_4/phase_archives/P4/v1_4_frozen_test_evidence_20260922T033233833147.zip::run/seed0/first_read_after_set/result.json,blocks,first_read_after_set,,0.0008388235898931435
0,,0,,frozen_test,8,,,0,count,,experiment_v1_4/phase_archives/P4/v1_4_frozen_test_evidence_20260922T033233833147.zip::run/seed0/first_read_after_set/result.json,blocks,first_read_after_set,,125
0,,0,,frozen_test,8,,,0,accuracy,,experiment_v1_4/phase_archives/P4/v1_4_frozen_test_evidence_20260922T033233833147.zip::run/seed0/first_read_after_set/result.json,blocks,first_read_after_set,,1.0
0,,0,,frozen_test,8,,,0,answer_ce,,experiment_v1_4/phase_archives/P4/v1_4_frozen_test_evidence_20260922T033233833147.zip::run/seed0/first_read_after_set/result.json,blocks,first_read_after_set,,2.7282493054372027e-05
0,,0,,frozen_test,9,,,0,count,,experiment_v1_4/phase_archives/P4/v1_4_frozen_test_evidence_20260922T033233833147.zip::run/seed0/first_read_after_set/result.json,blocks,first_read_after_set,,120
0,,0,,frozen_test,9,,,0,accuracy,,experiment_v1_4/phase_archives/P4/v1_4_frozen_test_evidence_20260922T033233833147.zip::run/seed0/first_read_after_set/result.json,blocks,first_read_after_set,,1.0
0,,0,,frozen_test,9,,,0,answer_ce,,experiment_v1_4/phase_archives/P4/v1_4_frozen_test_evidence_20260922T033233833147.zip::run/seed0/first_read_after_set/result.json,blocks,first_read_after_set,,8.24910634681449e-05
0,,0,,frozen_test,10,,,0,count,,experiment_v1_4/phase_archives/P4/v1_4_frozen_test_evidence_20260922T033233833147.zip::run/seed0/first_read_after_set/result.json,blocks,first_read_after_set,,105
0,,0,,frozen_test,10,,,0,accuracy,,experiment_v1_4/phase_archives/P4/v1_4_frozen_test_evidence_20260922T033233833147.zip::run/seed0/first_read_after_set/result.json,blocks,first_read_after_set,,1.0
0,,0,,frozen_test,10,,,0,answer_ce,,experiment_v1_4/phase_archives/P4/v1_4_frozen_test_evidence_20260922T033233833147.zip::run/seed0/first_read_after_set/result.json,blocks,first_read_after_set,,2.9147239019082573e-05
0,,0,,frozen_test,11,,,0,count,,experiment_v1_4/phase_archives/P4/v1_4_frozen_test_evidence_20260922T033233833147.zip::run/seed0/first_read_after_set/result.json,blocks,first_read_after_set,,130
0,,0,,frozen_test,11,,,0,accuracy,,experiment_v1_4/phase_archives/P4/v1_4_frozen_test_evidence_20260922T033233833147.zip::run/seed0/first_read_after_set/result.json,blocks,first_read_after_set,,1.0
0,,0,,frozen_test,11,,,0,answer_ce,,experiment_v1_4/phase_archives/P4/v1_4_frozen_test_evidence_20260922T033233833147.zip::run/seed0/first_read_after_set/result.json,blocks,first_read_after_set,,0.0003203262025286117
0,,0,,frozen_test,12,,,0,count,,experiment_v1_4/phase_archives/P4/v1_4_frozen_test_evidence_20260922T033233833147.zip::run/seed0/first_read_after_set/result.json,blocks,first_read_after_set,,120
0,,0,,frozen_test,12,,,0,accuracy,,experiment_v1_4/phase_archives/P4/v1_4_frozen_test_evidence_20260922T033233833147.zip::run/seed0/first_read_after_set/result.json,blocks,first_read_after_set,,1.0
0,,0,,frozen_test,12,,,0,answer_ce,,experiment_v1_4/phase_archives/P4/v1_4_frozen_test_evidence_20260922T033233833147.zip::run/seed0/first_read_after_set/result.json,blocks,first_read_after_set,,2.205137512116077e-05
0,,0,,frozen_test,13,,,0,count,,experiment_v1_4/phase_archives/P4/v1_4_frozen_test_evidence_20260922T033233833147.zip::run/seed0/first_read_after_set/result.json,blocks,first_read_after_set,,143
0,,0,,frozen_test,13,,,0,accuracy,,experiment_v1_4/phase_archives/P4/v1_4_frozen_test_evidence_20260922T033233833147.zip::run/seed0/first_read_after_set/result.json,blocks,first_read_after_set,,0.993006993006993
0,,0,,frozen_test,13,,,0,answer_ce,,experiment_v1_4/phase_archives/P4/v1_4_frozen_test_evidence_20260922T033233833147.zip::run/seed0/first_read_after_set/result.json,blocks,first_read_after_set,,0.01305225679113385
0,,0,,frozen_test,14,,,0,count,,experiment_v1_4/phase_archives/P4/v1_4_frozen_test_evidence_20260922T033233833147.zip::run/seed0/first_read_after_set/result.json,blocks,first_read_after_set,,122
0,,0,,frozen_test,14,,,0,accuracy,,experiment_v1_4/phase_archives/P4/v1_4_frozen_test_evidence_20260922T033233833147.zip::run/seed0/first_read_after_set/result.json,blocks,first_read_after_set,,1.0
0,,0,,frozen_test,14,,,0,answer_ce,,experiment_v1_4/phase_archives/P4/v1_4_frozen_test_evidence_20260922T033233833147.zip::run/seed0/first_read_after_set/result.json,blocks,first_read_after_set,,0.0001227019700115202
0,,0,,frozen_test,15,,,0,count,,experiment_v1_4/phase_archives/P4/v1_4_frozen_test_evidence_20260922T033233833147.zip::run/seed0/first_read_after_set/result.json,blocks,first_read_after_set,,115
0,,0,,frozen_test,15,,,0,accuracy,,experiment_v1_4/phase_archives/P4/v1_4_frozen_test_evidence_20260922T033233833147.zip::run/seed0/first_read_after_set/result.json,blocks,first_read_after_set,,1.0
0,,0,,frozen_test,15,,,0,answer_ce,,experiment_v1_4/phase_archives/P4/v1_4_frozen_test_evidence_20260922T033233833147.zip::run/seed0/first_read_after_set/result.json,blocks,first_read_after_set,,0.00015615254733743116
0,,0,,frozen_test,16,,,0,count,,experiment_v1_4/phase_archives/P4/v1_4_frozen_test_evidence_20260922T033233833147.zip::run/seed0/first_read_after_set/result.json,blocks,first_read_after_set,,112
0,,0,,frozen_test,16,,,0,accuracy,,experiment_v1_4/phase_archives/P4/v1_4_frozen_test_evidence_20260922T033233833147.zip::run/seed0/first_read_after_set/result.json,blocks,first_read_after_set,,1.0
0,,0,,frozen_test,16,,,0,answer_ce,,experiment_v1_4/phase_archives/P4/v1_4_frozen_test_evidence_20260922T033233833147.zip::run/seed0/first_read_after_set/result.json,blocks,first_read_after_set,,3.9675246402534216e-05
0,,0,,frozen_test,17,,,0,count,,experiment_v1_4/phase_archives/P4/v1_4_frozen_test_evidence_20260922T033233833147.zip::run/seed0/first_read_after_set/result.json,blocks,first_read_after_set,,115
0,,0,,frozen_test,17,,,0,accuracy,,experiment_v1_4/phase_archives/P4/v1_4_frozen_test_evidence_20260922T033233833147.zip::run/seed0/first_read_after_set/result.json,blocks,first_read_after_set,,1.0
0,,0,,frozen_test,17,,,0,answer_ce,,experiment_v1_4/phase_archives/P4/v1_4_frozen_test_evidence_20260922T033233833147.zip::run/seed0/first_read_after_set/result.json,blocks,first_read_after_set,,6.285402267009055e-05
0,,0,,frozen_test,18,,,0,count,,experiment_v1_4/phase_archives/P4/v1_4_frozen_test_evidence_20260922T033233833147.zip::run/seed0/first_read_after_set/result.json,blocks,first_read_after_set,,111
0,,0,,frozen_test,18,,,0,accuracy,,experiment_v1_4/phase_archives/P4/v1_4_frozen_test_evidence_20260922T033233833147.zip::run/seed0/first_read_after_set/result.json,blocks,first_read_after_set,,1.0
0,,0,,frozen_test,18,,,0,answer_ce,,experiment_v1_4/phase_archives/P4/v1_4_frozen_test_evidence_20260922T033233833147.zip::run/seed0/first_read_after_set/result.json,blocks,first_read_after_set,,4.417753920738055e-05
0,,0,,frozen_test,19,,,0,count,,experiment_v1_4/phase_archives/P4/v1_4_frozen_test_evidence_20260922T033233833147.zip::run/seed0/first_read_after_set/result.json,blocks,first_read_after_set,,114
0,,0,,frozen_test,19,,,0,accuracy,,experiment_v1_4/phase_archives/P4/v1_4_frozen_test_evidence_20260922T033233833147.zip::run/seed0/first_read_after_set/result.json,blocks,first_read_after_set,,1.0
0,,0,,frozen_test,19,,,0,answer_ce,,experiment_v1_4/phase_archives/P4/v1_4_frozen_test_evidence_20260922T033233833147.zip::run/seed0/first_read_after_set/result.json,blocks,first_read_after_set,,6.873843937539373e-05
0,,0,,frozen_test,20,,,0,count,,experiment_v1_4/phase_archives/P4/v1_4_frozen_test_evidence_20260922T033233833147.zip::run/seed0/first_read_after_set/result.json,blocks,first_read_after_set,,116
0,,0,,frozen_test,20,,,0,accuracy,,experiment_v1_4/phase_archives/P4/v1_4_frozen_test_evidence_20260922T033233833147.zip::run/seed0/first_read_after_set/result.json,blocks,first_read_after_set,,1.0
0,,0,,frozen_test,20,,,0,answer_ce,,experiment_v1_4/phase_archives/P4/v1_4_frozen_test_evidence_20260922T033233833147.zip::run/seed0/first_read_after_set/result.json,blocks,first_read_after_set,,3.433216716859596e-05
0,,0,,frozen_test,21,,,0,count,,experiment_v1_4/phase_archives/P4/v1_4_frozen_test_evidence_20260922T033233833147.zip::run/seed0/first_read_after_set/result.json,blocks,first_read_after_set,,134
0,,0,,frozen_test,21,,,0,accuracy,,experiment_v1_4/phase_archives/P4/v1_4_frozen_test_evidence_20260922T033233833147.zip::run/seed0/first_read_after_set/result.json,blocks,first_read_after_set,,1.0
0,,0,,frozen_test,21,,,0,answer_ce,,experiment_v1_4/phase_archives/P4/v1_4_frozen_test_evidence_20260922T033233833147.zip::run/seed0/first_read_after_set/result.json,blocks,first_read_after_set,,7.846716052474438e-05
0,,0,,frozen_test,22,,,0,count,,experiment_v1_4/phase_archives/P4/v1_4_frozen_test_evidence_20260922T033233833147.zip::run/seed0/first_read_after_set/result.json,blocks,first_read_after_set,,118
0,,0,,frozen_test,22,,,0,accuracy,,experiment_v1_4/phase_archives/P4/v1_4_frozen_test_evidence_20260922T033233833147.zip::run/seed0/first_read_after_set/result.json,blocks,first_read_after_set,,1.0
0,,0,,frozen_test,22,,,0,answer_ce,,experiment_v1_4/phase_archives/P4/v1_4_frozen_test_evidence_20260922T033233833147.zip::run/seed0/first_read_after_set/result.json,blocks,first_read_after_set,,3.421975048248418e-05
0,,0,,frozen_test,23,,,0,count,,experiment_v1_4/phase_archives/P4/v1_4_frozen_test_evidence_20260922T033233833147.zip::run/seed0/first_read_after_set/result.json,blocks,first_read_after_set,,128
0,,0,,frozen_test,23,,,0,accuracy,,experiment_v1_4/phase_archives/P4/v1_4_frozen_test_evidence_20260922T033233833147.zip::run/seed0/first_read_after_set/result.json,blocks,first_read_after_set,,1.0
0,,0,,frozen_test,23,,,0,answer_ce,,experiment_v1_4/phase_archives/P4/v1_4_frozen_test_evidence_20260922T033233833147.zip::run/seed0/first_read_after_set/result.json,blocks,first_read_after_set,,3.439893472290123e-05
0,,0,,frozen_test,24,,,0,count,,experiment_v1_4/phase_archives/P4/v1_4_frozen_test_evidence_20260922T033233833147.zip::run/seed0/first_read_after_set/result.json,blocks,first_read_after_set,,120
0,,0,,frozen_test,24,,,0,accuracy,,experiment_v1_4/phase_archives/P4/v1_4_frozen_test_evidence_20260922T033233833147.zip::run/seed0/first_read_after_set/result.json,blocks,first_read_after_set,,1.0
0,,0,,frozen_test,24,,,0,answer_ce,,experiment_v1_4/phase_archives/P4/v1_4_frozen_test_evidence_20260922T033233833147.zip::run/seed0/first_read_after_set/result.json,blocks,first_read_after_set,,5.0728085955142885e-05
0,,0,,frozen_test,macro,,,0,coverage,,experiment_v1_4/phase_archives/P4/v1_4_frozen_test_evidence_20260922T033233833147.zip::run/seed0/first_read_after_set/result.json,distance,first_read_after_set,,1.0
0,,0,,frozen_test,macro,,,0,macro_accuracy,,experiment_v1_4/phase_archives/P4/v1_4_frozen_test_evidence_20260922T033233833147.zip::run/seed0/first_read_after_set/result.json,distance,first_read_after_set,,0.9997182304874612
0,,0,,frozen_test,macro,,,0,macro_answer_ce,,experiment_v1_4/phase_archives/P4/v1_4_frozen_test_evidence_20260922T033233833147.zip::run/seed0/first_read_after_set/result.json,distance,first_read_after_set,,0.0005910747680510242
0,,0,,frozen_test,0,,,0,count,,experiment_v1_4/phase_archives/P4/v1_4_frozen_test_evidence_20260922T033233833147.zip::run/seed0/first_read_after_set/result.json,distance,first_read_after_set,,1183
0,,0,,frozen_test,0,,,0,accuracy,,experiment_v1_4/phase_archives/P4/v1_4_frozen_test_evidence_20260922T033233833147.zip::run/seed0/first_read_after_set/result.json,distance,first_read_after_set,,0.9991546914623838
0,,0,,frozen_test,0,,,0,answer_ce,,experiment_v1_4/phase_archives/P4/v1_4_frozen_test_evidence_20260922T033233833147.zip::run/seed0/first_read_after_set/result.json,distance,first_read_after_set,,0.0016608982166115508
0,,0,,frozen_test,1-2,,,0,count,,experiment_v1_4/phase_archives/P4/v1_4_frozen_test_evidence_20260922T033233833147.zip::run/seed0/first_read_after_set/result.json,distance,first_read_after_set,,437
0,,0,,frozen_test,1-2,,,0,accuracy,,experiment_v1_4/phase_archives/P4/v1_4_frozen_test_evidence_20260922T033233833147.zip::run/seed0/first_read_after_set/result.json,distance,first_read_after_set,,1.0
0,,0,,frozen_test,1-2,,,0,answer_ce,,experiment_v1_4/phase_archives/P4/v1_4_frozen_test_evidence_20260922T033233833147.zip::run/seed0/first_read_after_set/result.json,distance,first_read_after_set,,6.413821658489584e-05
0,,0,,frozen_test,3+,,,0,count,,experiment_v1_4/phase_archives/P4/v1_4_frozen_test_evidence_20260922T033233833147.zip::run/seed0/first_read_after_set/result.json,distance,first_read_after_set,,428
0,,0,,frozen_test,3+,,,0,accuracy,,experiment_v1_4/phase_archives/P4/v1_4_frozen_test_evidence_20260922T033233833147.zip::run/seed0/first_read_after_set/result.json,distance,first_read_after_set,,1.0
0,,0,,frozen_test,3+,,,0,answer_ce,,experiment_v1_4/phase_archives/P4/v1_4_frozen_test_evidence_20260922T033233833147.zip::run/seed0/first_read_after_set/result.json,distance,first_read_after_set,,4.8187870956625774e-05
0,,0,,frozen_test,macro,,,0,coverage,,experiment_v1_4/phase_archives/P4/v1_4_frozen_test_evidence_20260922T033233833147.zip::run/seed0/first_read_after_set/result.json,truth_table,first_read_after_set,,1.0
0,,0,,frozen_test,macro,,,0,macro_accuracy,,experiment_v1_4/phase_archives/P4/v1_4_frozen_test_evidence_20260922T033233833147.zip::run/seed0/first_read_after_set/result.json,truth_table,first_read_after_set,,0.9987562189054726
0,,0,,frozen_test,macro,,,0,macro_answer_ce,,experiment_v1_4/phase_archives/P4/v1_4_frozen_test_evidence_20260922T033233833147.zip::run/seed0/first_read_after_set/result.json,truth_table,first_read_after_set,,0.002464291111229864
0,,0,,frozen_test,AND:00,,,0,count,,experiment_v1_4/phase_archives/P4/v1_4_frozen_test_evidence_20260922T033233833147.zip::run/seed0/first_read_after_set/result.json,truth_table,first_read_after_set,,54
0,,0,,frozen_test,AND:00,,,0,accuracy,,experiment_v1_4/phase_archives/P4/v1_4_frozen_test_evidence_20260922T033233833147.zip::run/seed0/first_read_after_set/result.json,truth_table,first_read_after_set,,1.0
0,,0,,frozen_test,AND:00,,,0,answer_ce,,experiment_v1_4/phase_archives/P4/v1_4_frozen_test_evidence_20260922T033233833147.zip::run/seed0/first_read_after_set/result.json,truth_table,first_read_after_set,,1.3726619895519602e-05
0,,0,,frozen_test,AND:01,,,0,count,,experiment_v1_4/phase_archives/P4/v1_4_frozen_test_evidence_20260922T033233833147.zip::run/seed0/first_read_after_set/result.json,truth_table,first_read_after_set,,63
0,,0,,frozen_test,AND:01,,,0,accuracy,,experiment_v1_4/phase_archives/P4/v1_4_frozen_test_evidence_20260922T033233833147.zip::run/seed0/first_read_after_set/result.json,truth_table,first_read_after_set,,1.0
0,,0,,frozen_test,AND:01,,,0,answer_ce,,experiment_v1_4/phase_archives/P4/v1_4_frozen_test_evidence_20260922T033233833147.zip::run/seed0/first_read_after_set/result.json,truth_table,first_read_after_set,,2.0024344026058404e-05
0,,0,,frozen_test,AND:10,,,0,count,,experiment_v1_4/phase_archives/P4/v1_4_frozen_test_evidence_20260922T033233833147.zip::run/seed0/first_read_after_set/result.json,truth_table,first_read_after_set,,47
0,,0,,frozen_test,AND:10,,,0,accuracy,,experiment_v1_4/phase_archives/P4/v1_4_frozen_test_evidence_20260922T033233833147.zip::run/seed0/first_read_after_set/result.json,truth_table,first_read_after_set,,1.0
0,,0,,frozen_test,AND:10,,,0,answer_ce,,experiment_v1_4/phase_archives/P4/v1_4_frozen_test_evidence_20260922T033233833147.zip::run/seed0/first_read_after_set/result.json,truth_table,first_read_after_set,,2.7644554935017987e-05
0,,0,,frozen_test,AND:11,,,0,count,,experiment_v1_4/phase_archives/P4/v1_4_frozen_test_evidence_20260922T033233833147.zip::run/seed0/first_read_after_set/result.json,truth_table,first_read_after_set,,57
0,,0,,frozen_test,AND:11,,,0,accuracy,,experiment_v1_4/phase_archives/P4/v1_4_frozen_test_evidence_20260922T033233833147.zip::run/seed0/first_read_after_set/result.json,truth_table,first_read_after_set,,1.0
0,,0,,frozen_test,AND:11,,,0,answer_ce,,experiment_v1_4/phase_archives/P4/v1_4_frozen_test_evidence_20260922T033233833147.zip::run/seed0/first_read_after_set/result.json,truth_table,first_read_after_set,,0.000701754248279541
0,,0,,frozen_test,OR:00,,,0,count,,experiment_v1_4/phase_archives/P4/v1_4_frozen_test_evidence_20260922T033233833147.zip::run/seed0/first_read_after_set/result.json,truth_table,first_read_after_set,,59
0,,0,,frozen_test,OR:00,,,0,accuracy,,experiment_v1_4/phase_archives/P4/v1_4_frozen_test_evidence_20260922T033233833147.zip::run/seed0/first_read_after_set/result.json,truth_table,first_read_after_set,,1.0
0,,0,,frozen_test,OR:00,,,0,answer_ce,,experiment_v1_4/phase_archives/P4/v1_4_frozen_test_evidence_20260922T033233833147.zip::run/seed0/first_read_after_set/result.json,truth_table,first_read_after_set,,4.037018782783288e-05
0,,0,,frozen_test,OR:01,,,0,count,,experiment_v1_4/phase_archives/P4/v1_4_frozen_test_evidence_20260922T033233833147.zip::run/seed0/first_read_after_set/result.json,truth_table,first_read_after_set,,58
0,,0,,frozen_test,OR:01,,,0,accuracy,,experiment_v1_4/phase_archives/P4/v1_4_frozen_test_evidence_20260922T033233833147.zip::run/seed0/first_read_after_set/result.json,truth_table,first_read_after_set,,1.0
0,,0,,frozen_test,OR:01,,,0,answer_ce,,experiment_v1_4/phase_archives/P4/v1_4_frozen_test_evidence_20260922T033233833147.zip::run/seed0/first_read_after_set/result.json,truth_table,first_read_after_set,,5.627617165687141e-05
0,,0,,frozen_test,OR:10,,,0,count,,experiment_v1_4/phase_archives/P4/v1_4_frozen_test_evidence_20260922T033233833147.zip::run/seed0/first_read_after_set/result.json,truth_table,first_read_after_set,,57
0,,0,,frozen_test,OR:10,,,0,accuracy,,experiment_v1_4/phase_archives/P4/v1_4_frozen_test_evidence_20260922T033233833147.zip::run/seed0/first_read_after_set/result.json,truth_table,first_read_after_set,,1.0
0,,0,,frozen_test,OR:10,,,0,answer_ce,,experiment_v1_4/phase_archives/P4/v1_4_frozen_test_evidence_20260922T033233833147.zip::run/seed0/first_read_after_set/result.json,truth_table,first_read_after_set,,5.573321693207203e-05
0,,0,,frozen_test,OR:11,,,0,count,,experiment_v1_4/phase_archives/P4/v1_4_frozen_test_evidence_20260922T033233833147.zip::run/seed0/first_read_after_set/result.json,truth_table,first_read_after_set,,61
0,,0,,frozen_test,OR:11,,,0,accuracy,,experiment_v1_4/phase_archives/P4/v1_4_frozen_test_evidence_20260922T033233833147.zip::run/seed0/first_read_after_set/result.json,truth_table,first_read_after_set,,1.0
0,,0,,frozen_test,OR:11,,,0,answer_ce,,experiment_v1_4/phase_archives/P4/v1_4_frozen_test_evidence_20260922T033233833147.zip::run/seed0/first_read_after_set/result.json,truth_table,first_read_after_set,,2.9721617808763023e-05
0,,0,,frozen_test,XOR:00,,,0,count,,experiment_v1_4/phase_archives/P4/v1_4_frozen_test_evidence_20260922T033233833147.zip::run/seed0/first_read_after_set/result.json,truth_table,first_read_after_set,,67
0,,0,,frozen_test,XOR:00,,,0,accuracy,,experiment_v1_4/phase_archives/P4/v1_4_frozen_test_evidence_20260922T033233833147.zip::run/seed0/first_read_after_set/result.json,truth_table,first_read_after_set,,0.9850746268656716
0,,0,,frozen_test,XOR:00,,,0,answer_ce,,experiment_v1_4/phase_archives/P4/v1_4_frozen_test_evidence_20260922T033233833147.zip::run/seed0/first_read_after_set/result.json,truth_table,first_read_after_set,,0.027956810266710926
0,,0,,frozen_test,XOR:01,,,0,count,,experiment_v1_4/phase_archives/P4/v1_4_frozen_test_evidence_20260922T033233833147.zip::run/seed0/first_read_after_set/result.json,truth_table,first_read_after_set,,59
0,,0,,frozen_test,XOR:01,,,0,accuracy,,experiment_v1_4/phase_archives/P4/v1_4_frozen_test_evidence_20260922T033233833147.zip::run/seed0/first_read_after_set/result.json,truth_table,first_read_after_set,,1.0
0,,0,,frozen_test,XOR:01,,,0,answer_ce,,experiment_v1_4/phase_archives/P4/v1_4_frozen_test_evidence_20260922T033233833147.zip::run/seed0/first_read_after_set/result.json,truth_table,first_read_after_set,,0.00043162714982981464
0,,0,,frozen_test,XOR:10,,,0,count,,experiment_v1_4/phase_archives/P4/v1_4_frozen_test_evidence_20260922T033233833147.zip::run/seed0/first_read_after_set/result.json,truth_table,first_read_after_set,,51
0,,0,,frozen_test,XOR:10,,,0,accuracy,,experiment_v1_4/phase_archives/P4/v1_4_frozen_test_evidence_20260922T033233833147.zip::run/seed0/first_read_after_set/result.json,truth_table,first_read_after_set,,1.0
0,,0,,frozen_test,XOR:10,,,0,answer_ce,,experiment_v1_4/phase_archives/P4/v1_4_frozen_test_evidence_20260922T033233833147.zip::run/seed0/first_read_after_set/result.json,truth_table,first_read_after_set,,0.00020966792851372614
0,,0,,frozen_test,XOR:11,,,0,count,,experiment_v1_4/phase_archives/P4/v1_4_frozen_test_evidence_20260922T033233833147.zip::run/seed0/first_read_after_set/result.json,truth_table,first_read_after_set,,42
0,,0,,frozen_test,XOR:11,,,0,accuracy,,experiment_v1_4/phase_archives/P4/v1_4_frozen_test_evidence_20260922T033233833147.zip::run/seed0/first_read_after_set/result.json,truth_table,first_read_after_set,,1.0
0,,0,,frozen_test,XOR:11,,,0,answer_ce,,experiment_v1_4/phase_archives/P4/v1_4_frozen_test_evidence_20260922T033233833147.zip::run/seed0/first_read_after_set/result.json,truth_table,first_read_after_set,,2.8137028342219612e-05
1000,,1000,,frozen_test,,0.0,-0.0013020833333333703,0,accuracy,,experiment_v1_4/phase_archives/P4/v1_4_frozen_test_evidence_20260922T033233833147.zip::run/seed0/first_repeat/result.json,paired 42-cell macro gap,first_minus_repeat,,-0.0005580357142857143
1000,,1000,,frozen_test,,0.002777424133828536,0.0006827846465259199,0,answer_ce,,experiment_v1_4/phase_archives/P4/v1_4_frozen_test_evidence_20260922T033233833147.zip::run/seed0/first_repeat/result.json,paired 42-cell macro gap,first_minus_repeat,,0.00158183545240068
0,,0,,frozen_test,,,,0,answer_count,,experiment_v1_4/phase_archives/P4/v1_4_frozen_test_evidence_20260922T033233833147.zip::run/seed0/first_repeat/result.json,micro,first,,5376
0,,0,,frozen_test,,,,0,sequence_count,,experiment_v1_4/phase_archives/P4/v1_4_frozen_test_evidence_20260922T033233833147.zip::run/seed0/first_repeat/result.json,micro,first,,5376
0,,0,,frozen_test,,,,0,answer_ce,,experiment_v1_4/phase_archives/P4/v1_4_frozen_test_evidence_20260922T033233833147.zip::run/seed0/first_repeat/result.json,micro,first,,0.0017718330901407868
0,,0,,frozen_test,,,,0,accuracy,,experiment_v1_4/phase_archives/P4/v1_4_frozen_test_evidence_20260922T033233833147.zip::run/seed0/first_repeat/result.json,micro,first,,0.9994419642857143
0,,0,,frozen_test,,,,0,binary_accuracy,,experiment_v1_4/phase_archives/P4/v1_4_frozen_test_evidence_20260922T033233833147.zip::run/seed0/first_repeat/result.json,micro,first,,0.9994419642857143
0,,0,,frozen_test,,,,0,bit_mass,,experiment_v1_4/phase_archives/P4/v1_4_frozen_test_evidence_20260922T033233833147.zip::run/seed0/first_repeat/result.json,micro,first,,0.9999872753618374
0,,0,,frozen_test,,,,0,all_token_ce,,experiment_v1_4/phase_archives/P4/v1_4_frozen_test_evidence_20260922T033233833147.zip::run/seed0/first_repeat/result.json,all-token,first,,0.9827455006511697
0,,0,,frozen_test,,,,0,prediction_tokens,,experiment_v1_4/phase_archives/P4/v1_4_frozen_test_evidence_20260922T033233833147.zip::run/seed0/first_repeat/result.json,all-token,first,,694861
1000,,1000,,frozen_test,,1.0,0.9986979166666666,0,accuracy,,experiment_v1_4/phase_archives/P4/v1_4_frozen_test_evidence_20260922T033233833147.zip::run/seed0/first_repeat/result.json,42-cell macro,first,,0.9994419642857143
1000,,1000,,frozen_test,,0.0029882237811314546,0.0008202562477999025,0,answer_ce,,experiment_v1_4/phase_archives/P4/v1_4_frozen_test_evidence_20260922T033233833147.zip::run/seed0/first_repeat/result.json,42-cell macro,first,,0.0017718330901407868
0,10311999479118765961,0,,frozen_test,AND:00:depth_1,,,0,count,,experiment_v1_4/phase_archives/P4/v1_4_frozen_test_evidence_20260922T033233833147.zip::run/seed0/first_repeat/result.json,cell,first,,128
1000,10311999479118765961,1000,,frozen_test,AND:00:depth_1,1.4513599774801378e-05,1.2478517022618262e-05,0,answer_ce,,experiment_v1_4/phase_archives/P4/v1_4_frozen_test_evidence_20260922T033233833147.zip::run/seed0/first_repeat/result.json,cell,first,,1.3412800438317163e-05
1000,10311999479118765961,1000,,frozen_test,AND:00:depth_1,1.0,1.0,0,accuracy,,experiment_v1_4/phase_archives/P4/v1_4_frozen_test_evidence_20260922T033233833147.zip::run/seed0/first_repeat/result.json,cell,first,,1.0
0,1797238313058616685,0,,frozen_test,AND:00:depth_2-3,,,0,count,,experiment_v1_4/phase_archives/P4/v1_4_frozen_test_evidence_20260922T033233833147.zip::run/seed0/first_repeat/result.json,cell,first,,128
1000,1797238313058616685,1000,,frozen_test,AND:00:depth_2-3,1.7620486865332908e-05,1.5197166190006329e-05,0,answer_ce,,experiment_v1_4/phase_archives/P4/v1_4_frozen_test_evidence_20260922T033233833147.zip::run/seed0/first_repeat/result.json,cell,first,,1.6353864431550846e-05
1000,1797238313058616685,1000,,frozen_test,AND:00:depth_2-3,1.0,1.0,0,accuracy,,experiment_v1_4/phase_archives/P4/v1_4_frozen_test_evidence_20260922T033233833147.zip::run/seed0/first_repeat/result.json,cell,first,,1.0
0,15050479850033334881,0,,frozen_test,AND:00:depth_4+,,,0,count,,experiment_v1_4/phase_archives/P4/v1_4_frozen_test_evidence_20260922T033233833147.zip::run/seed0/first_repeat/result.json,cell,first,,128
1000,15050479850033334881,1000,,frozen_test,AND:00:depth_4+,1.9188718116325275e-05,1.5867652726875292e-05,0,answer_ce,,experiment_v1_4/phase_archives/P4/v1_4_frozen_test_evidence_20260922T033233833147.zip::run/seed0/first_repeat/result.json,cell,first,,1.7469550861903826e-05
1000,15050479850033334881,1000,,frozen_test,AND:00:depth_4+,1.0,1.0,0,accuracy,,experiment_v1_4/phase_archives/P4/v1_4_frozen_test_evidence_20260922T033233833147.zip::run/seed0/first_repeat/result.json,cell,first,,1.0
0,9595157224390385396,0,,frozen_test,AND:01:depth_1,,,0,count,,experiment_v1_4/phase_archives/P4/v1_4_frozen_test_evidence_20260922T033233833147.zip::run/seed0/first_repeat/result.json,cell,first,,128
1000,9595157224390385396,1000,,frozen_test,AND:01:depth_1,1.2190177425175363e-05,1.0761905069234245e-05,0,answer_ce,,experiment_v1_4/phase_archives/P4/v1_4_frozen_test_evidence_20260922T033233833147.zip::run/seed0/first_repeat/result.json,cell,first,,1.1481270046687087e-05
1000,9595157224390385396,1000,,frozen_test,AND:01:depth_1,1.0,1.0,0,accuracy,,experiment_v1_4/phase_archives/P4/v1_4_frozen_test_evidence_20260922T033233833147.zip::run/seed0/first_repeat/result.json,cell,first,,1.0
0,9253305300452515370,0,,frozen_test,AND:01:depth_2-3,,,0,count,,experiment_v1_4/phase_archives/P4/v1_4_frozen_test_evidence_20260922T033233833147.zip::run/seed0/first_repeat/result.json,cell,first,,128
1000,9253305300452515370,1000,,frozen_test,AND:01:depth_2-3,2.6547742985094654e-05,1.5791802158737768e-05,0,answer_ce,,experiment_v1_4/phase_archives/P4/v1_4_frozen_test_evidence_20260922T033233833147.zip::run/seed0/first_repeat/result.json,cell,first,,2.0308635420462906e-05
1000,9253305300452515370,1000,,frozen_test,AND:01:depth_2-3,1.0,1.0,0,accuracy,,experiment_v1_4/phase_archives/P4/v1_4_frozen_test_evidence_20260922T033233833147.zip::run/seed0/first_repeat/result.json,cell,first,,1.0
0,4289539398359864338,0,,frozen_test,AND:01:depth_4+,,,0,count,,experiment_v1_4/phase_archives/P4/v1_4_frozen_test_evidence_20260922T033233833147.zip::run/seed0/first_repeat/result.json,cell,first,,128
1000,4289539398359864338,1000,,frozen_test,AND:01:depth_4+,0.0005515352329159562,4.1563533974198207e-05,0,answer_ce,,experiment_v1_4/phase_archives/P4/v1_4_frozen_test_evidence_20260922T033233833147.zip::run/seed0/first_repeat/result.json,cell,first,,0.00023540455795156845
1000,4289539398359864338,1000,,frozen_test,AND:01:depth_4+,1.0,1.0,0,accuracy,,experiment_v1_4/phase_archives/P4/v1_4_frozen_test_evidence_20260922T033233833147.zip::run/seed0/first_repeat/result.json,cell,first,,1.0
0,5853864252199468095,0,,frozen_test,AND:10:depth_1,,,0,count,,experiment_v1_4/phase_archives/P4/v1_4_frozen_test_evidence_20260922T033233833147.zip::run/seed0/first_repeat/result.json,cell,first,,128
1000,5853864252199468095,1000,,frozen_test,AND:10:depth_1,2.380834166721968e-05,1.5204408604851948e-05,0,answer_ce,,experiment_v1_4/phase_archives/P4/v1_4_frozen_test_evidence_20260922T033233833147.zip::run/seed0/first_repeat/result.json,cell,first,,1.8314907151761872e-05
1000,5853864252199468095,1000,,frozen_test,AND:10:depth_1,1.0,1.0,0,accuracy,,experiment_v1_4/phase_archives/P4/v1_4_frozen_test_evidence_20260922T033233833147.zip::run/seed0/first_repeat/result.json,cell,first,,1.0
0,1721696109249432584,0,,frozen_test,AND:10:depth_2-3,,,0,count,,experiment_v1_4/phase_archives/P4/v1_4_frozen_test_evidence_20260922T033233833147.zip::run/seed0/first_repeat/result.json,cell,first,,128
1000,1721696109249432584,1000,,frozen_test,AND:10:depth_2-3,7.348077671380793e-05,2.6497824172899697e-05,0,answer_ce,,experiment_v1_4/phase_archives/P4/v1_4_frozen_test_evidence_20260922T033233833147.zip::run/seed0/first_repeat/result.json,cell,first,,4.670214967461561e-05
1000,1721696109249432584,1000,,frozen_test,AND:10:depth_2-3,1.0,1.0,0,accuracy,,experiment_v1_4/phase_archives/P4/v1_4_frozen_test_evidence_20260922T033233833147.zip::run/seed0/first_repeat/result.json,cell,first,,1.0
0,14663433551668054719,0,,frozen_test,AND:10:depth_4+,,,0,count,,experiment_v1_4/phase_archives/P4/v1_4_frozen_test_evidence_20260922T033233833147.zip::run/seed0/first_repeat/result.json,cell,first,,128
1000,14663433551668054719,1000,,frozen_test,AND:10:depth_4+,0.00027634444321229513,4.480617451569913e-05,0,answer_ce,,experiment_v1_4/phase_archives/P4/v1_4_frozen_test_evidence_20260922T033233833147.zip::run/seed0/first_repeat/result.json,cell,first,,0.0001385639180213616
1000,14663433551668054719,1000,,frozen_test,AND:10:depth_4+,1.0,1.0,0,accuracy,,experiment_v1_4/phase_archives/P4/v1_4_frozen_test_evidence_20260922T033233833147.zip::run/seed0/first_repeat/result.json,cell,first,,1.0
0,4821655781141206001,0,,frozen_test,AND:11:depth_1,,,0,count,,experiment_v1_4/phase_archives/P4/v1_4_frozen_test_evidence_20260922T033233833147.zip::run/seed0/first_repeat/result.json,cell,first,,128
1000,4821655781141206001,1000,,frozen_test,AND:11:depth_1,0.00030665084484162716,0.00011903362152203556,0,answer_ce,,experiment_v1_4/phase_archives/P4/v1_4_frozen_test_evidence_20260922T033233833147.zip::run/seed0/first_repeat/result.json,cell,first,,0.0001944060381191548
1000,4821655781141206001,1000,,frozen_test,AND:11:depth_1,1.0,1.0,0,accuracy,,experiment_v1_4/phase_archives/P4/v1_4_frozen_test_evidence_20260922T033233833147.zip::run/seed0/first_repeat/result.json,cell,first,,1.0
0,8017124935831212171,0,,frozen_test,AND:11:depth_2-3,,,0,count,,experiment_v1_4/phase_archives/P4/v1_4_frozen_test_evidence_20260922T033233833147.zip::run/seed0/first_repeat/result.json,cell,first,,128
1000,8017124935831212171,1000,,frozen_test,AND:11:depth_2-3,0.003645773005079888,0.00015945187324284404,0,answer_ce,,experiment_v1_4/phase_archives/P4/v1_4_frozen_test_evidence_20260922T033233833147.zip::run/seed0/first_repeat/result.json,cell,first,,0.0013638997978659972
1000,8017124935831212171,1000,,frozen_test,AND:11:depth_2-3,1.0,1.0,0,accuracy,,experiment_v1_4/phase_archives/P4/v1_4_frozen_test_evidence_20260922T033233833147.zip::run/seed0/first_repeat/result.json,cell,first,,1.0
0,4666887975899531446,0,,frozen_test,AND:11:depth_4+,,,0,count,,experiment_v1_4/phase_archives/P4/v1_4_frozen_test_evidence_20260922T033233833147.zip::run/seed0/first_repeat/result.json,cell,first,,128
1000,4666887975899531446,1000,,frozen_test,AND:11:depth_4+,0.016715271934621963,0.0024838804752615575,0,answer_ce,,experiment_v1_4/phase_archives/P4/v1_4_frozen_test_evidence_20260922T033233833147.zip::run/seed0/first_repeat/result.json,cell,first,,0.008091540319171031
1000,4666887975899531446,1000,,frozen_test,AND:11:depth_4+,1.0,1.0,0,accuracy,,experiment_v1_4/phase_archives/P4/v1_4_frozen_test_evidence_20260922T033233833147.zip::run/seed0/first_repeat/result.json,cell,first,,1.0
0,17525701494058279652,0,,frozen_test,NOT:0:depth_1,,,0,count,,experiment_v1_4/phase_archives/P4/v1_4_frozen_test_evidence_20260922T033233833147.zip::run/seed0/first_repeat/result.json,cell,first,,128
1000,17525701494058279652,1000,,frozen_test,NOT:0:depth_1,3.256915954885642e-05,2.5853855458635168e-05,0,answer_ce,,experiment_v1_4/phase_archives/P4/v1_4_frozen_test_evidence_20260922T033233833147.zip::run/seed0/first_repeat/result.json,cell,first,,2.8835949635208635e-05
1000,17525701494058279652,1000,,frozen_test,NOT:0:depth_1,1.0,1.0,0,accuracy,,experiment_v1_4/phase_archives/P4/v1_4_frozen_test_evidence_20260922T033233833147.zip::run/seed0/first_repeat/result.json,cell,first,,1.0
0,1491923965194303036,0,,frozen_test,NOT:0:depth_2-3,,,0,count,,experiment_v1_4/phase_archives/P4/v1_4_frozen_test_evidence_20260922T033233833147.zip::run/seed0/first_repeat/result.json,cell,first,,128
1000,1491923965194303036,1000,,frozen_test,NOT:0:depth_2-3,0.00033848744903899273,5.3503614439875945e-05,0,answer_ce,,experiment_v1_4/phase_archives/P4/v1_4_frozen_test_evidence_20260922T033233833147.zip::run/seed0/first_repeat/result.json,cell,first,,0.0001507265992728435
1000,1491923965194303036,1000,,frozen_test,NOT:0:depth_2-3,1.0,1.0,0,accuracy,,experiment_v1_4/phase_archives/P4/v1_4_frozen_test_evidence_20260922T033233833147.zip::run/seed0/first_repeat/result.json,cell,first,,1.0
0,71363753576176977,0,,frozen_test,NOT:0:depth_4+,,,0,count,,experiment_v1_4/phase_archives/P4/v1_4_frozen_test_evidence_20260922T033233833147.zip::run/seed0/first_repeat/result.json,cell,first,,128
1000,71363753576176977,1000,,frozen_test,NOT:0:depth_4+,0.0031683060990292922,0.00021477972147998514,0,answer_ce,,experiment_v1_4/phase_archives/P4/v1_4_frozen_test_evidence_20260922T033233833147.zip::run/seed0/first_repeat/result.json,cell,first,,0.00148580192917791
1000,71363753576176977,1000,,frozen_test,NOT:0:depth_4+,1.0,1.0,0,accuracy,,experiment_v1_4/phase_archives/P4/v1_4_frozen_test_evidence_20260922T033233833147.zip::run/seed0/first_repeat/result.json,cell,first,,1.0
0,3944455037814680919,0,,frozen_test,NOT:1:depth_1,,,0,count,,experiment_v1_4/phase_archives/P4/v1_4_frozen_test_evidence_20260922T033233833147.zip::run/seed0/first_repeat/result.json,cell,first,,128
1000,3944455037814680919,1000,,frozen_test,NOT:1:depth_1,1.690157844702611e-05,1.5157824963552002e-05,0,answer_ce,,experiment_v1_4/phase_archives/P4/v1_4_frozen_test_evidence_20260922T033233833147.zip::run/seed0/first_repeat/result.json,cell,first,,1.599718745382006e-05
1000,3944455037814680919,1000,,frozen_test,NOT:1:depth_1,1.0,1.0,0,accuracy,,experiment_v1_4/phase_archives/P4/v1_4_frozen_test_evidence_20260922T033233833147.zip::run/seed0/first_repeat/result.json,cell,first,,1.0
0,18290201537775393194,0,,frozen_test,NOT:1:depth_2-3,,,0,count,,experiment_v1_4/phase_archives/P4/v1_4_frozen_test_evidence_20260922T033233833147.zip::run/seed0/first_repeat/result.json,cell,first,,128
1000,18290201537775393194,1000,,frozen_test,NOT:1:depth_2-3,0.00021228555827690343,1.945781826329096e-05,0,answer_ce,,experiment_v1_4/phase_archives/P4/v1_4_frozen_test_evidence_20260922T033233833147.zip::run/seed0/first_repeat/result.json,cell,first,,8.431928194596594e-05
1000,18290201537775393194,1000,,frozen_test,NOT:1:depth_2-3,1.0,1.0,0,accuracy,,experiment_v1_4/phase_archives/P4/v1_4_frozen_test_evidence_20260922T033233833147.zip::run/seed0/first_repeat/result.json,cell,first,,1.0
0,10928038736295640481,0,,frozen_test,NOT:1:depth_4+,,,0,count,,experiment_v1_4/phase_archives/P4/v1_4_frozen_test_evidence_20260922T033233833147.zip::run/seed0/first_repeat/result.json,cell,first,,128
1000,10928038736295640481,1000,,frozen_test,NOT:1:depth_4+,0.0002076725555793857,2.1115158997275785e-05,0,answer_ce,,experiment_v1_4/phase_archives/P4/v1_4_frozen_test_evidence_20260922T033233833147.zip::run/seed0/first_repeat/result.json,cell,first,,8.69046961327058e-05
1000,10928038736295640481,1000,,frozen_test,NOT:1:depth_4+,1.0,1.0,0,accuracy,,experiment_v1_4/phase_archives/P4/v1_4_frozen_test_evidence_20260922T033233833147.zip::run/seed0/first_repeat/result.json,cell,first,,1.0
0,11954405002550950950,0,,frozen_test,OR:00:depth_1,,,0,count,,experiment_v1_4/phase_archives/P4/v1_4_frozen_test_evidence_20260922T033233833147.zip::run/seed0/first_repeat/result.json,cell,first,,128
1000,11954405002550950950,1000,,frozen_test,OR:00:depth_1,3.1098559084874465e-05,2.2310433903705017e-05,0,answer_ce,,experiment_v1_4/phase_archives/P4/v1_4_frozen_test_evidence_20260922T033233833147.zip::run/seed0/first_repeat/result.json,cell,first,,2.635480959867209e-05
1000,11954405002550950950,1000,,frozen_test,OR:00:depth_1,1.0,1.0,0,accuracy,,experiment_v1_4/phase_archives/P4/v1_4_frozen_test_evidence_20260922T033233833147.zip::run/seed0/first_repeat/result.json,cell,first,,1.0
0,12555180566618781213,0,,frozen_test,OR:00:depth_2-3,,,0,count,,experiment_v1_4/phase_archives/P4/v1_4_frozen_test_evidence_20260922T033233833147.zip::run/seed0/first_repeat/result.json,cell,first,,128
1000,12555180566618781213,1000,,frozen_test,OR:00:depth_2-3,0.00028097734900871523,3.458242228333574e-05,0,answer_ce,,experiment_v1_4/phase_archives/P4/v1_4_frozen_test_evidence_20260922T033233833147.zip::run/seed0/first_repeat/result.json,cell,first,,0.00011802692280582505
1000,12555180566618781213,1000,,frozen_test,OR:00:depth_2-3,1.0,1.0,0,accuracy,,experiment_v1_4/phase_archives/P4/v1_4_frozen_test_evidence_20260922T033233833147.zip::run/seed0/first_repeat/result.json,cell,first,,1.0
0,9811347820197213676,0,,frozen_test,OR:00:depth_4+,,,0,count,,experiment_v1_4/phase_archives/P4/v1_4_frozen_test_evidence_20260922T033233833147.zip::run/seed0/first_repeat/result.json,cell,first,,128
1000,9811347820197213676,1000,,frozen_test,OR:00:depth_4+,0.007970092886673363,0.00045486179202338663,0,answer_ce,,experiment_v1_4/phase_archives/P4/v1_4_frozen_test_evidence_20260922T033233833147.zip::run/seed0/first_repeat/result.json,cell,first,,0.0030721186397499878
1000,9811347820197213676,1000,,frozen_test,OR:00:depth_4+,1.0,1.0,0,accuracy,,experiment_v1_4/phase_archives/P4/v1_4_frozen_test_evidence_20260922T033233833147.zip::run/seed0/first_repeat/result.json,cell,first,,1.0
0,7072010969808072804,0,,frozen_test,OR:01:depth_1,,,0,count,,experiment_v1_4/phase_archives/P4/v1_4_frozen_test_evidence_20260922T033233833147.zip::run/seed0/first_repeat/result.json,cell,first,,128
1000,7072010969808072804,1000,,frozen_test,OR:01:depth_1,3.764888507937769e-05,3.118499103571537e-05,0,answer_ce,,experiment_v1_4/phase_archives/P4/v1_4_frozen_test_evidence_20260922T033233833147.zip::run/seed0/first_repeat/result.json,cell,first,,3.406144666939781e-05
1000,7072010969808072804,1000,,frozen_test,OR:01:depth_1,1.0,1.0,0,accuracy,,experiment_v1_4/phase_archives/P4/v1_4_frozen_test_evidence_20260922T033233833147.zip::run/seed0/first_repeat/result.json,cell,first,,1.0
0,13865522717301008725,0,,frozen_test,OR:01:depth_2-3,,,0,count,,experiment_v1_4/phase_archives/P4/v1_4_frozen_test_evidence_20260922T033233833147.zip::run/seed0/first_repeat/result.json,cell,first,,128
1000,13865522717301008725,1000,,frozen_test,OR:01:depth_2-3,0.000309258254448963,5.882057301782595e-05,0,answer_ce,,experiment_v1_4/phase_archives/P4/v1_4_frozen_test_evidence_20260922T033233833147.zip::run/seed0/first_repeat/result.json,cell,first,,0.0001476226874075337
1000,13865522717301008725,1000,,frozen_test,OR:01:depth_2-3,1.0,1.0,0,accuracy,,experiment_v1_4/phase_archives/P4/v1_4_frozen_test_evidence_20260922T033233833147.zip::run/seed0/first_repeat/result.json,cell,first,,1.0
0,8458431508761387055,0,,frozen_test,OR:01:depth_4+,,,0,count,,experiment_v1_4/phase_archives/P4/v1_4_frozen_test_evidence_20260922T033233833147.zip::run/seed0/first_repeat/result.json,cell,first,,128
1000,8458431508761387055,1000,,frozen_test,OR:01:depth_4+,0.0094017531628225,0.0002699919639869819,0,answer_ce,,experiment_v1_4/phase_archives/P4/v1_4_frozen_test_evidence_20260922T033233833147.zip::run/seed0/first_repeat/result.json,cell,first,,0.0035494073141251192
1000,8458431508761387055,1000,,frozen_test,OR:01:depth_4+,1.0,1.0,0,accuracy,,experiment_v1_4/phase_archives/P4/v1_4_frozen_test_evidence_20260922T033233833147.zip::run/seed0/first_repeat/result.json,cell,first,,1.0
0,9637555764635799866,0,,frozen_test,OR:10:depth_1,,,0,count,,experiment_v1_4/phase_archives/P4/v1_4_frozen_test_evidence_20260922T033233833147.zip::run/seed0/first_repeat/result.json,cell,first,,128
1000,9637555764635799866,1000,,frozen_test,OR:10:depth_1,4.983164150456077e-05,2.094034844688508e-05,0,answer_ce,,experiment_v1_4/phase_archives/P4/v1_4_frozen_test_evidence_20260922T033233833147.zip::run/seed0/first_repeat/result.json,cell,first,,3.124099067974839e-05
1000,9637555764635799866,1000,,frozen_test,OR:10:depth_1,1.0,1.0,0,accuracy,,experiment_v1_4/phase_archives/P4/v1_4_frozen_test_evidence_20260922T033233833147.zip::run/seed0/first_repeat/result.json,cell,first,,1.0
0,3464314395223524946,0,,frozen_test,OR:10:depth_2-3,,,0,count,,experiment_v1_4/phase_archives/P4/v1_4_frozen_test_evidence_20260922T033233833147.zip::run/seed0/first_repeat/result.json,cell,first,,128
1000,3464314395223524946,1000,,frozen_test,OR:10:depth_2-3,0.007945263122816293,3.864460182274598e-05,0,answer_ce,,experiment_v1_4/phase_archives/P4/v1_4_frozen_test_evidence_20260922T033233833147.zip::run/seed0/first_repeat/result.json,cell,first,,0.002679893034198244
1000,3464314395223524946,1000,,frozen_test,OR:10:depth_2-3,1.0,1.0,0,accuracy,,experiment_v1_4/phase_archives/P4/v1_4_frozen_test_evidence_20260922T033233833147.zip::run/seed0/first_repeat/result.json,cell,first,,1.0
0,4856104488888968904,0,,frozen_test,OR:10:depth_4+,,,0,count,,experiment_v1_4/phase_archives/P4/v1_4_frozen_test_evidence_20260922T033233833147.zip::run/seed0/first_repeat/result.json,cell,first,,128
1000,4856104488888968904,1000,,frozen_test,OR:10:depth_4+,0.0016615820200211566,7.664991431326485e-05,0,answer_ce,,experiment_v1_4/phase_archives/P4/v1_4_frozen_test_evidence_20260922T033233833147.zip::run/seed0/first_repeat/result.json,cell,first,,0.0006879215281472284
1000,4856104488888968904,1000,,frozen_test,OR:10:depth_4+,1.0,1.0,0,accuracy,,experiment_v1_4/phase_archives/P4/v1_4_frozen_test_evidence_20260922T033233833147.zip::run/seed0/first_repeat/result.json,cell,first,,1.0
0,560240673836393561,0,,frozen_test,OR:11:depth_1,,,0,count,,experiment_v1_4/phase_archives/P4/v1_4_frozen_test_evidence_20260922T033233833147.zip::run/seed0/first_repeat/result.json,cell,first,,128
1000,560240673836393561,1000,,frozen_test,OR:11:depth_1,2.357176968690311e-05,2.0866885697223835e-05,0,answer_ce,,experiment_v1_4/phase_archives/P4/v1_4_frozen_test_evidence_20260922T033233833147.zip::run/seed0/first_repeat/result.json,cell,first,,2.2156820747909478e-05
1000,560240673836393561,1000,,frozen_test,OR:11:depth_1,1.0,1.0,0,accuracy,,experiment_v1_4/phase_archives/P4/v1_4_frozen_test_evidence_20260922T033233833147.zip::run/seed0/first_repeat/result.json,cell,first,,1.0
0,9413004231091997271,0,,frozen_test,OR:11:depth_2-3,,,0,count,,experiment_v1_4/phase_archives/P4/v1_4_frozen_test_evidence_20260922T033233833147.zip::run/seed0/first_repeat/result.json,cell,first,,128
1000,9413004231091997271,1000,,frozen_test,OR:11:depth_2-3,3.8176296198599856e-05,2.320081452804601e-05,0,answer_ce,,experiment_v1_4/phase_archives/P4/v1_4_frozen_test_evidence_20260922T033233833147.zip::run/seed0/first_repeat/result.json,cell,first,,2.9495459230588494e-05
1000,9413004231091997271,1000,,frozen_test,OR:11:depth_2-3,1.0,1.0,0,accuracy,,experiment_v1_4/phase_archives/P4/v1_4_frozen_test_evidence_20260922T033233833147.zip::run/seed0/first_repeat/result.json,cell,first,,1.0
0,3980627975894782013,0,,frozen_test,OR:11:depth_4+,,,0,count,,experiment_v1_4/phase_archives/P4/v1_4_frozen_test_evidence_20260922T033233833147.zip::run/seed0/first_repeat/result.json,cell,first,,128
1000,3980627975894782013,1000,,frozen_test,OR:11:depth_4+,0.00053277772801259,2.877978992312791e-05,0,answer_ce,,experiment_v1_4/phase_archives/P4/v1_4_frozen_test_evidence_20260922T033233833147.zip::run/seed0/first_repeat/result.json,cell,first,,0.00021063832914336444
1000,3980627975894782013,1000,,frozen_test,OR:11:depth_4+,1.0,1.0,0,accuracy,,experiment_v1_4/phase_archives/P4/v1_4_frozen_test_evidence_20260922T033233833147.zip::run/seed0/first_repeat/result.json,cell,first,,1.0
0,15697172166103227080,0,,frozen_test,XOR:00:depth_1,,,0,count,,experiment_v1_4/phase_archives/P4/v1_4_frozen_test_evidence_20260922T033233833147.zip::run/seed0/first_repeat/result.json,cell,first,,128
1000,15697172166103227080,1000,,frozen_test,XOR:00:depth_1,0.0003415230586474749,2.17149998803734e-05,0,answer_ce,,experiment_v1_4/phase_archives/P4/v1_4_frozen_test_evidence_20260922T033233833147.zip::run/seed0/first_repeat/result.json,cell,first,,0.00013030723307849712
1000,15697172166103227080,1000,,frozen_test,XOR:00:depth_1,1.0,1.0,0,accuracy,,experiment_v1_4/phase_archives/P4/v1_4_frozen_test_evidence_20260922T033233833147.zip::run/seed0/first_repeat/result.json,cell,first,,1.0
0,2697477680545144508,0,,frozen_test,XOR:00:depth_2-3,,,0,count,,experiment_v1_4/phase_archives/P4/v1_4_frozen_test_evidence_20260922T033233833147.zip::run/seed0/first_repeat/result.json,cell,first,,128
1000,2697477680545144508,1000,,frozen_test,XOR:00:depth_2-3,0.0001153839248832611,3.748853057885526e-05,0,answer_ce,,experiment_v1_4/phase_archives/P4/v1_4_frozen_test_evidence_20260922T033233833147.zip::run/seed0/first_repeat/result.json,cell,first,,6.863217039665415e-05
1000,2697477680545144508,1000,,frozen_test,XOR:00:depth_2-3,1.0,1.0,0,accuracy,,experiment_v1_4/phase_archives/P4/v1_4_frozen_test_evidence_20260922T033233833147.zip::run/seed0/first_repeat/result.json,cell,first,,1.0
0,11009974996667487289,0,,frozen_test,XOR:00:depth_4+,,,0,count,,experiment_v1_4/phase_archives/P4/v1_4_frozen_test_evidence_20260922T033233833147.zip::run/seed0/first_repeat/result.json,cell,first,,128
1000,11009974996667487289,1000,,frozen_test,XOR:00:depth_4+,0.002021559024676911,0.00037950471084631233,0,answer_ce,,experiment_v1_4/phase_archives/P4/v1_4_frozen_test_evidence_20260922T033233833147.zip::run/seed0/first_repeat/result.json,cell,first,,0.0010846588973976168
1000,11009974996667487289,1000,,frozen_test,XOR:00:depth_4+,1.0,1.0,0,accuracy,,experiment_v1_4/phase_archives/P4/v1_4_frozen_test_evidence_20260922T033233833147.zip::run/seed0/first_repeat/result.json,cell,first,,1.0
0,2024862555603111071,0,,frozen_test,XOR:01:depth_1,,,0,count,,experiment_v1_4/phase_archives/P4/v1_4_frozen_test_evidence_20260922T033233833147.zip::run/seed0/first_repeat/result.json,cell,first,,128
1000,2024862555603111071,1000,,frozen_test,XOR:01:depth_1,0.00018390530816958517,4.222461373544206e-05,0,answer_ce,,experiment_v1_4/phase_archives/P4/v1_4_frozen_test_evidence_20260922T033233833147.zip::run/seed0/first_repeat/result.json,cell,first,,9.265063023633502e-05
1000,2024862555603111071,1000,,frozen_test,XOR:01:depth_1,1.0,1.0,0,accuracy,,experiment_v1_4/phase_archives/P4/v1_4_frozen_test_evidence_20260922T033233833147.zip::run/seed0/first_repeat/result.json,cell,first,,1.0
0,11739967716255686708,0,,frozen_test,XOR:01:depth_2-3,,,0,count,,experiment_v1_4/phase_archives/P4/v1_4_frozen_test_evidence_20260922T033233833147.zip::run/seed0/first_repeat/result.json,cell,first,,128
1000,11739967716255686708,1000,,frozen_test,XOR:01:depth_2-3,0.0006392001772617561,0.00014697734232740344,0,answer_ce,,experiment_v1_4/phase_archives/P4/v1_4_frozen_test_evidence_20260922T033233833147.zip::run/seed0/first_repeat/result.json,cell,first,,0.00034483166459153836
1000,11739967716255686708,1000,,frozen_test,XOR:01:depth_2-3,1.0,1.0,0,accuracy,,experiment_v1_4/phase_archives/P4/v1_4_frozen_test_evidence_20260922T033233833147.zip::run/seed0/first_repeat/result.json,cell,first,,1.0
0,11284487643142736647,0,,frozen_test,XOR:01:depth_4+,,,0,count,,experiment_v1_4/phase_archives/P4/v1_4_frozen_test_evidence_20260922T033233833147.zip::run/seed0/first_repeat/result.json,cell,first,,128
1000,11284487643142736647,1000,,frozen_test,XOR:01:depth_4+,0.08333879383265737,0.0029724720799805485,0,answer_ce,,experiment_v1_4/phase_archives/P4/v1_4_frozen_test_evidence_20260922T033233833147.zip::run/seed0/first_repeat/result.json,cell,first,,0.03654776439017837
1000,11284487643142736647,1000,,frozen_test,XOR:01:depth_4+,1.0,0.9609375,0,accuracy,,experiment_v1_4/phase_archives/P4/v1_4_frozen_test_evidence_20260922T033233833147.zip::run/seed0/first_repeat/result.json,cell,first,,0.984375
0,13969558708191940981,0,,frozen_test,XOR:10:depth_1,,,0,count,,experiment_v1_4/phase_archives/P4/v1_4_frozen_test_evidence_20260922T033233833147.zip::run/seed0/first_repeat/result.json,cell,first,,128
1000,13969558708191940981,1000,,frozen_test,XOR:10:depth_1,0.029096881529315867,8.238879676625288e-05,0,answer_ce,,experiment_v1_4/phase_archives/P4/v1_4_frozen_test_evidence_20260922T033233833147.zip::run/seed0/first_repeat/result.json,cell,first,,0.00977186477490477
1000,13969558708191940981,1000,,frozen_test,XOR:10:depth_1,1.0,0.9765625,0,accuracy,,experiment_v1_4/phase_archives/P4/v1_4_frozen_test_evidence_20260922T033233833147.zip::run/seed0/first_repeat/result.json,cell,first,,0.9921875
0,5674516347392591261,0,,frozen_test,XOR:10:depth_2-3,,,0,count,,experiment_v1_4/phase_archives/P4/v1_4_frozen_test_evidence_20260922T033233833147.zip::run/seed0/first_repeat/result.json,cell,first,,128
1000,5674516347392591261,1000,,frozen_test,XOR:10:depth_2-3,0.00010488225700520105,6.259235038115207e-05,0,answer_ce,,experiment_v1_4/phase_archives/P4/v1_4_frozen_test_evidence_20260922T033233833147.zip::run/seed0/first_repeat/result.json,cell,first,,8.051989996715747e-05
1000,5674516347392591261,1000,,frozen_test,XOR:10:depth_2-3,1.0,1.0,0,accuracy,,experiment_v1_4/phase_archives/P4/v1_4_frozen_test_evidence_20260922T033233833147.zip::run/seed0/first_repeat/result.json,cell,first,,1.0
0,13413398733392984991,0,,frozen_test,XOR:10:depth_4+,,,0,count,,experiment_v1_4/phase_archives/P4/v1_4_frozen_test_evidence_20260922T033233833147.zip::run/seed0/first_repeat/result.json,cell,first,,128
1000,13413398733392984991,1000,,frozen_test,XOR:10:depth_4+,0.0059039811096948105,0.00021434462833624934,0,answer_ce,,experiment_v1_4/phase_archives/P4/v1_4_frozen_test_evidence_20260922T033233833147.zip::run/seed0/first_repeat/result.json,cell,first,,0.0024682597173750764
1000,13413398733392984991,1000,,frozen_test,XOR:10:depth_4+,1.0,1.0,0,accuracy,,experiment_v1_4/phase_archives/P4/v1_4_frozen_test_evidence_20260922T033233833147.zip::run/seed0/first_repeat/result.json,cell,first,,1.0
0,16546498869412242525,0,,frozen_test,XOR:11:depth_1,,,0,count,,experiment_v1_4/phase_archives/P4/v1_4_frozen_test_evidence_20260922T033233833147.zip::run/seed0/first_repeat/result.json,cell,first,,128
1000,16546498869412242525,1000,,frozen_test,XOR:11:depth_1,2.211038708814783e-05,1.9404767257924505e-05,0,answer_ce,,experiment_v1_4/phase_archives/P4/v1_4_frozen_test_evidence_20260922T033233833147.zip::run/seed0/first_repeat/result.json,cell,first,,2.0647177684907092e-05
1000,16546498869412242525,1000,,frozen_test,XOR:11:depth_1,1.0,1.0,0,accuracy,,experiment_v1_4/phase_archives/P4/v1_4_frozen_test_evidence_20260922T033233833147.zip::run/seed0/first_repeat/result.json,cell,first,,1.0
0,3276581050681624842,0,,frozen_test,XOR:11:depth_2-3,,,0,count,,experiment_v1_4/phase_archives/P4/v1_4_frozen_test_evidence_20260922T033233833147.zip::run/seed0/first_repeat/result.json,cell,first,,128
1000,3276581050681624842,1000,,frozen_test,XOR:11:depth_2-3,5.03647951617836e-05,2.194877647720972e-05,0,answer_ce,,experiment_v1_4/phase_archives/P4/v1_4_frozen_test_evidence_20260922T033233833147.zip::run/seed0/first_repeat/result.json,cell,first,,3.324613710731228e-05
1000,3276581050681624842,1000,,frozen_test,XOR:11:depth_2-3,1.0,1.0,0,accuracy,,experiment_v1_4/phase_archives/P4/v1_4_frozen_test_evidence_20260922T033233833147.zip::run/seed0/first_repeat/result.json,cell,first,,1.0
0,9398399215392196211,0,,frozen_test,XOR:11:depth_4+,,,0,count,,experiment_v1_4/phase_archives/P4/v1_4_frozen_test_evidence_20260922T033233833147.zip::run/seed0/first_repeat/result.json,cell,first,,128
1000,9398399215392196211,1000,,frozen_test,XOR:11:depth_4+,0.0031731861898897764,6.777867829477202e-05,0,answer_ce,,experiment_v1_4/phase_archives/P4/v1_4_frozen_test_evidence_20260922T033233833147.zip::run/seed0/first_repeat/result.json,cell,first,,0.001144225657718323
1000,9398399215392196211,1000,,frozen_test,XOR:11:depth_4+,1.0,1.0,0,accuracy,,experiment_v1_4/phase_archives/P4/v1_4_frozen_test_evidence_20260922T033233833147.zip::run/seed0/first_repeat/result.json,cell,first,,1.0
0,,0,,frozen_test,,,,0,count,,experiment_v1_4/phase_archives/P4/v1_4_frozen_test_evidence_20260922T033233833147.zip::run/seed0/first_repeat/result.json,baselines,first,,5376
0,,0,,frozen_test,,,,0,majority_prediction,,experiment_v1_4/phase_archives/P4/v1_4_frozen_test_evidence_20260922T033233833147.zip::run/seed0/first_repeat/result.json,baselines,first,,0
0,,0,,frozen_test,,,,0,split_majority_accuracy,,experiment_v1_4/phase_archives/P4/v1_4_frozen_test_evidence_20260922T033233833147.zip::run/seed0/first_repeat/result.json,baselines,first,,0.5
0,,0,,frozen_test,,,,0,independent_bernoulli_expected_accuracy,,experiment_v1_4/phase_archives/P4/v1_4_frozen_test_evidence_20260922T033233833147.zip::run/seed0/first_repeat/result.json,baselines,first,,0.5
0,,0,,frozen_test,,,,0,latest_set_or_initialization_accuracy,,experiment_v1_4/phase_archives/P4/v1_4_frozen_test_evidence_20260922T033233833147.zip::run/seed0/first_repeat/result.json,baselines,first,,0.5491071428571429
0,,0,,frozen_test,,,,0,latest_read_copy_accuracy,,experiment_v1_4/phase_archives/P4/v1_4_frozen_test_evidence_20260922T033233833147.zip::run/seed0/first_repeat/result.json,baselines,first,,0.5284598214285714
0,,0,,frozen_test,,,,0,answer_count,,experiment_v1_4/phase_archives/P4/v1_4_frozen_test_evidence_20260922T033233833147.zip::run/seed0/first_repeat/result.json,micro,repeat,,5376
0,,0,,frozen_test,,,,0,sequence_count,,experiment_v1_4/phase_archives/P4/v1_4_frozen_test_evidence_20260922T033233833147.zip::run/seed0/first_repeat/result.json,micro,repeat,,5376
0,,0,,frozen_test,,,,0,answer_ce,,experiment_v1_4/phase_archives/P4/v1_4_frozen_test_evidence_20260922T033233833147.zip::run/seed0/first_repeat/result.json,micro,repeat,,0.0001899976377401067
0,,0,,frozen_test,,,,0,accuracy,,experiment_v1_4/phase_archives/P4/v1_4_frozen_test_evidence_20260922T033233833147.zip::run/seed0/first_repeat/result.json,micro,repeat,,1.0
0,,0,,frozen_test,,,,0,binary_accuracy,,experiment_v1_4/phase_archives/P4/v1_4_frozen_test_evidence_20260922T033233833147.zip::run/seed0/first_repeat/result.json,micro,repeat,,1.0
0,,0,,frozen_test,,,,0,bit_mass,,experiment_v1_4/phase_archives/P4/v1_4_frozen_test_evidence_20260922T033233833147.zip::run/seed0/first_repeat/result.json,micro,repeat,,0.9999910036345855
0,,0,,frozen_test,,,,0,all_token_ce,,experiment_v1_4/phase_archives/P4/v1_4_frozen_test_evidence_20260922T033233833147.zip::run/seed0/first_repeat/result.json,all-token,repeat,,0.9570575054437489
0,,0,,frozen_test,,,,0,prediction_tokens,,experiment_v1_4/phase_archives/P4/v1_4_frozen_test_evidence_20260922T033233833147.zip::run/seed0/first_repeat/result.json,all-token,repeat,,710989
1000,,1000,,frozen_test,,1.0,1.0,0,accuracy,,experiment_v1_4/phase_archives/P4/v1_4_frozen_test_evidence_20260922T033233833147.zip::run/seed0/first_repeat/result.json,42-cell macro,repeat,,1.0
1000,,1000,,frozen_test,,0.00043688857237890336,3.936356590256416e-05,0,answer_ce,,experiment_v1_4/phase_archives/P4/v1_4_frozen_test_evidence_20260922T033233833147.zip::run/seed0/first_repeat/result.json,42-cell macro,repeat,,0.0001899976377401067
0,10311999479118765961,0,,frozen_test,AND:00:depth_1,,,0,count,,experiment_v1_4/phase_archives/P4/v1_4_frozen_test_evidence_20260922T033233833147.zip::run/seed0/first_repeat/result.json,cell,repeat,,128
1000,10311999479118765961,1000,,frozen_test,AND:00:depth_1,1.145172641034975e-05,1.0295597534426548e-05,0,answer_ce,,experiment_v1_4/phase_archives/P4/v1_4_frozen_test_evidence_20260922T033233833147.zip::run/seed0/first_repeat/result.json,cell,repeat,,1.0819110297433099e-05
1000,10311999479118765961,1000,,frozen_test,AND:00:depth_1,1.0,1.0,0,accuracy,,experiment_v1_4/phase_archives/P4/v1_4_frozen_test_evidence_20260922T033233833147.zip::run/seed0/first_repeat/result.json,cell,repeat,,1.0
0,1797238313058616685,0,,frozen_test,AND:00:depth_2-3,,,0,count,,experiment_v1_4/phase_archives/P4/v1_4_frozen_test_evidence_20260922T033233833147.zip::run/seed0/first_repeat/result.json,cell,repeat,,128
1000,1797238313058616685,1000,,frozen_test,AND:00:depth_2-3,1.2257265079718138e-05,1.1099412760362526e-05,0,answer_ce,,experiment_v1_4/phase_archives/P4/v1_4_frozen_test_evidence_20260922T033233833147.zip::run/seed0/first_repeat/result.json,cell,repeat,,1.1664741538908174e-05
1000,1797238313058616685,1000,,frozen_test,AND:00:depth_2-3,1.0,1.0,0,accuracy,,experiment_v1_4/phase_archives/P4/v1_4_frozen_test_evidence_20260922T033233833147.zip::run/seed0/first_repeat/result.json,cell,repeat,,1.0
0,15050479850033334881,0,,frozen_test,AND:00:depth_4+,,,0,count,,experiment_v1_4/phase_archives/P4/v1_4_frozen_test_evidence_20260922T033233833147.zip::run/seed0/first_repeat/result.json,cell,repeat,,128
1000,15050479850033334881,1000,,frozen_test,AND:00:depth_4+,1.229060378609148e-05,1.1158038858560814e-05,0,answer_ce,,experiment_v1_4/phase_archives/P4/v1_4_frozen_test_evidence_20260922T033233833147.zip::run/seed0/first_repeat/result.json,cell,repeat,,1.1688024535772001e-05
1000,15050479850033334881,1000,,frozen_test,AND:00:depth_4+,1.0,1.0,0,accuracy,,experiment_v1_4/phase_archives/P4/v1_4_frozen_test_evidence_20260922T033233833147.zip::run/seed0/first_repeat/result.json,cell,repeat,,1.0
0,9595157224390385396,0,,frozen_test,AND:01:depth_1,,,0,count,,experiment_v1_4/phase_archives/P4/v1_4_frozen_test_evidence_20260922T033233833147.zip::run/seed0/first_repeat/result.json,cell,repeat,,128
1000,9595157224390385396,1000,,frozen_test,AND:01:depth_1,1.13939571545707e-05,1.003664733305598e-05,0,answer_ce,,experiment_v1_4/phase_archives/P4/v1_4_frozen_test_evidence_20260922T033233833147.zip::run/seed0/first_repeat/result.json,cell,repeat,,1.0656128928587805e-05
1000,9595157224390385396,1000,,frozen_test,AND:01:depth_1,1.0,1.0,0,accuracy,,experiment_v1_4/phase_archives/P4/v1_4_frozen_test_evidence_20260922T033233833147.zip::run/seed0/first_repeat/result.json,cell,repeat,,1.0
0,9253305300452515370,0,,frozen_test,AND:01:depth_2-3,,,0,count,,experiment_v1_4/phase_archives/P4/v1_4_frozen_test_evidence_20260922T033233833147.zip::run/seed0/first_repeat/result.json,cell,repeat,,128
1000,9253305300452515370,1000,,frozen_test,AND:01:depth_2-3,1.2971368650482874e-05,1.1717734805394286e-05,0,answer_ce,,experiment_v1_4/phase_archives/P4/v1_4_frozen_test_evidence_20260922T033233833147.zip::run/seed0/first_repeat/result.json,cell,repeat,,1.2306414184592995e-05
1000,9253305300452515370,1000,,frozen_test,AND:01:depth_2-3,1.0,1.0,0,accuracy,,experiment_v1_4/phase_archives/P4/v1_4_frozen_test_evidence_20260922T033233833147.zip::run/seed0/first_repeat/result.json,cell,repeat,,1.0
0,4289539398359864338,0,,frozen_test,AND:01:depth_4+,,,0,count,,experiment_v1_4/phase_archives/P4/v1_4_frozen_test_evidence_20260922T033233833147.zip::run/seed0/first_repeat/result.json,cell,repeat,,128
1000,4289539398359864338,1000,,frozen_test,AND:01:depth_4+,1.262040453919866e-05,1.1303275891982877e-05,0,answer_ce,,experiment_v1_4/phase_archives/P4/v1_4_frozen_test_evidence_20260922T033233833147.zip::run/seed0/first_repeat/result.json,cell,repeat,,1.1942271356701895e-05
1000,4289539398359864338,1000,,frozen_test,AND:01:depth_4+,1.0,1.0,0,accuracy,,experiment_v1_4/phase_archives/P4/v1_4_frozen_test_evidence_20260922T033233833147.zip::run/seed0/first_repeat/result.json,cell,repeat,,1.0
0,5853864252199468095,0,,frozen_test,AND:10:depth_1,,,0,count,,experiment_v1_4/phase_archives/P4/v1_4_frozen_test_evidence_20260922T033233833147.zip::run/seed0/first_repeat/result.json,cell,repeat,,128
1000,5853864252199468095,1000,,frozen_test,AND:10:depth_1,1.1553079754200724e-05,1.0602070087006864e-05,0,answer_ce,,experiment_v1_4/phase_archives/P4/v1_4_frozen_test_evidence_20260922T033233833147.zip::run/seed0/first_repeat/result.json,cell,repeat,,1.1055665805059789e-05
1000,5853864252199468095,1000,,frozen_test,AND:10:depth_1,1.0,1.0,0,accuracy,,experiment_v1_4/phase_archives/P4/v1_4_frozen_test_evidence_20260922T033233833147.zip::run/seed0/first_repeat/result.json,cell,repeat,,1.0
0,1721696109249432584,0,,frozen_test,AND:10:depth_2-3,,,0,count,,experiment_v1_4/phase_archives/P4/v1_4_frozen_test_evidence_20260922T033233833147.zip::run/seed0/first_repeat/result.json,cell,repeat,,128
1000,1721696109249432584,1000,,frozen_test,AND:10:depth_2-3,1.272839038808371e-05,1.141300851159599e-05,0,answer_ce,,experiment_v1_4/phase_archives/P4/v1_4_frozen_test_evidence_20260922T033233833147.zip::run/seed0/first_repeat/result.json,cell,repeat,,1.2029814691061347e-05
1000,1721696109249432584,1000,,frozen_test,AND:10:depth_2-3,1.0,1.0,0,accuracy,,experiment_v1_4/phase_archives/P4/v1_4_frozen_test_evidence_20260922T033233833147.zip::run/seed0/first_repeat/result.json,cell,repeat,,1.0
0,14663433551668054719,0,,frozen_test,AND:10:depth_4+,,,0,count,,experiment_v1_4/phase_archives/P4/v1_4_frozen_test_evidence_20260922T033233833147.zip::run/seed0/first_repeat/result.json,cell,repeat,,128
1000,14663433551668054719,1000,,frozen_test,AND:10:depth_4+,1.3969821118564594e-05,1.1307001008553642e-05,0,answer_ce,,experiment_v1_4/phase_archives/P4/v1_4_frozen_test_evidence_20260922T033233833147.zip::run/seed0/first_repeat/result.json,cell,repeat,,1.240045323669392e-05
1000,14663433551668054719,1000,,frozen_test,AND:10:depth_4+,1.0,1.0,0,accuracy,,experiment_v1_4/phase_archives/P4/v1_4_frozen_test_evidence_20260922T033233833147.zip::run/seed0/first_repeat/result.json,cell,repeat,,1.0
0,4821655781141206001,0,,frozen_test,AND:11:depth_1,,,0,count,,experiment_v1_4/phase_archives/P4/v1_4_frozen_test_evidence_20260922T033233833147.zip::run/seed0/first_repeat/result.json,cell,repeat,,128
1000,4821655781141206001,1000,,frozen_test,AND:11:depth_1,3.182681563522749e-05,2.3487811590960917e-05,0,answer_ce,,experiment_v1_4/phase_archives/P4/v1_4_frozen_test_evidence_20260922T033233833147.zip::run/seed0/first_repeat/result.json,cell,repeat,,2.7333640254312286e-05
1000,4821655781141206001,1000,,frozen_test,AND:11:depth_1,1.0,1.0,0,accuracy,,experiment_v1_4/phase_archives/P4/v1_4_frozen_test_evidence_20260922T033233833147.zip::run/seed0/first_repeat/result.json,cell,repeat,,1.0
0,8017124935831212171,0,,frozen_test,AND:11:depth_2-3,,,0,count,,experiment_v1_4/phase_archives/P4/v1_4_frozen_test_evidence_20260922T033233833147.zip::run/seed0/first_repeat/result.json,cell,repeat,,128
1000,8017124935831212171,1000,,frozen_test,AND:11:depth_2-3,4.297108724209408e-05,2.210336772066057e-05,0,answer_ce,,experiment_v1_4/phase_archives/P4/v1_4_frozen_test_evidence_20260922T033233833147.zip::run/seed0/first_repeat/result.json,cell,repeat,,2.9609047018652745e-05
1000,8017124935831212171,1000,,frozen_test,AND:11:depth_2-3,1.0,1.0,0,accuracy,,experiment_v1_4/phase_archives/P4/v1_4_frozen_test_evidence_20260922T033233833147.zip::run/seed0/first_repeat/result.json,cell,repeat,,1.0
0,4666887975899531446,0,,frozen_test,AND:11:depth_4+,,,0,count,,experiment_v1_4/phase_archives/P4/v1_4_frozen_test_evidence_20260922T033233833147.zip::run/seed0/first_repeat/result.json,cell,repeat,,128
1000,4666887975899531446,1000,,frozen_test,AND:11:depth_4+,0.000849039890290015,4.3648698121145914e-05,0,answer_ce,,experiment_v1_4/phase_archives/P4/v1_4_frozen_test_evidence_20260922T033233833147.zip::run/seed0/first_repeat/result.json,cell,repeat,,0.0003228441987417341
1000,4666887975899531446,1000,,frozen_test,AND:11:depth_4+,1.0,1.0,0,accuracy,,experiment_v1_4/phase_archives/P4/v1_4_frozen_test_evidence_20260922T033233833147.zip::run/seed0/first_repeat/result.json,cell,repeat,,1.0
0,17525701494058279652,0,,frozen_test,NOT:0:depth_1,,,0,count,,experiment_v1_4/phase_archives/P4/v1_4_frozen_test_evidence_20260922T033233833147.zip::run/seed0/first_repeat/result.json,cell,repeat,,128
1000,17525701494058279652,1000,,frozen_test,NOT:0:depth_1,1.6608112226101924e-05,1.484691321760323e-05,0,answer_ce,,experiment_v1_4/phase_archives/P4/v1_4_frozen_test_evidence_20260922T033233833147.zip::run/seed0/first_repeat/result.json,cell,repeat,,1.5640496542346227e-05
1000,17525701494058279652,1000,,frozen_test,NOT:0:depth_1,1.0,1.0,0,accuracy,,experiment_v1_4/phase_archives/P4/v1_4_frozen_test_evidence_20260922T033233833147.zip::run/seed0/first_repeat/result.json,cell,repeat,,1.0
0,1491923965194303036,0,,frozen_test,NOT:0:depth_2-3,,,0,count,,experiment_v1_4/phase_archives/P4/v1_4_frozen_test_evidence_20260922T033233833147.zip::run/seed0/first_repeat/result.json,cell,repeat,,128
1000,1491923965194303036,1000,,frozen_test,NOT:0:depth_2-3,2.279382978080946e-05,1.5091056909888323e-05,0,answer_ce,,experiment_v1_4/phase_archives/P4/v1_4_frozen_test_evidence_20260922T033233833147.zip::run/seed0/first_repeat/result.json,cell,repeat,,1.8204135976418456e-05
1000,1491923965194303036,1000,,frozen_test,NOT:0:depth_2-3,1.0,1.0,0,accuracy,,experiment_v1_4/phase_archives/P4/v1_4_frozen_test_evidence_20260922T033233833147.zip::run/seed0/first_repeat/result.json,cell,repeat,,1.0
0,71363753576176977,0,,frozen_test,NOT:0:depth_4+,,,0,count,,experiment_v1_4/phase_archives/P4/v1_4_frozen_test_evidence_20260922T033233833147.zip::run/seed0/first_repeat/result.json,cell,repeat,,128
1000,71363753576176977,1000,,frozen_test,NOT:0:depth_4+,3.362268291553505e-05,1.753220784976861e-05,0,answer_ce,,experiment_v1_4/phase_archives/P4/v1_4_frozen_test_evidence_20260922T033233833147.zip::run/seed0/first_repeat/result.json,cell,repeat,,2.431728838558911e-05
1000,71363753576176977,1000,,frozen_test,NOT:0:depth_4+,1.0,1.0,0,accuracy,,experiment_v1_4/phase_archives/P4/v1_4_frozen_test_evidence_20260922T033233833147.zip::run/seed0/first_repeat/result.json,cell,repeat,,1.0
0,3944455037814680919,0,,frozen_test,NOT:1:depth_1,,,0,count,,experiment_v1_4/phase_archives/P4/v1_4_frozen_test_evidence_20260922T033233833147.zip::run/seed0/first_repeat/result.json,cell,repeat,,128
1000,3944455037814680919,1000,,frozen_test,NOT:1:depth_1,1.6918300448054425e-05,1.538620810173086e-05,0,answer_ce,,experiment_v1_4/phase_archives/P4/v1_4_frozen_test_evidence_20260922T033233833147.zip::run/seed0/first_repeat/result.json,cell,repeat,,1.614992427079187e-05
1000,3944455037814680919,1000,,frozen_test,NOT:1:depth_1,1.0,1.0,0,accuracy,,experiment_v1_4/phase_archives/P4/v1_4_frozen_test_evidence_20260922T033233833147.zip::run/seed0/first_repeat/result.json,cell,repeat,,1.0
0,18290201537775393194,0,,frozen_test,NOT:1:depth_2-3,,,0,count,,experiment_v1_4/phase_archives/P4/v1_4_frozen_test_evidence_20260922T033233833147.zip::run/seed0/first_repeat/result.json,cell,repeat,,128
1000,18290201537775393194,1000,,frozen_test,NOT:1:depth_2-3,1.5874812557825635e-05,1.4064446215478198e-05,0,answer_ce,,experiment_v1_4/phase_archives/P4/v1_4_frozen_test_evidence_20260922T033233833147.zip::run/seed0/first_repeat/result.json,cell,repeat,,1.4896380079676419e-05
1000,18290201537775393194,1000,,frozen_test,NOT:1:depth_2-3,1.0,1.0,0,accuracy,,experiment_v1_4/phase_archives/P4/v1_4_frozen_test_evidence_20260922T033233833147.zip::run/seed0/first_repeat/result.json,cell,repeat,,1.0
0,10928038736295640481,0,,frozen_test,NOT:1:depth_4+,,,0,count,,experiment_v1_4/phase_archives/P4/v1_4_frozen_test_evidence_20260922T033233833147.zip::run/seed0/first_repeat/result.json,cell,repeat,,128
1000,10928038736295640481,1000,,frozen_test,NOT:1:depth_4+,1.516744057221686e-05,1.3685428114218467e-05,0,answer_ce,,experiment_v1_4/phase_archives/P4/v1_4_frozen_test_evidence_20260922T033233833147.zip::run/seed0/first_repeat/result.json,cell,repeat,,1.4405584909837899e-05
1000,10928038736295640481,1000,,frozen_test,NOT:1:depth_4+,1.0,1.0,0,accuracy,,experiment_v1_4/phase_archives/P4/v1_4_frozen_test_evidence_20260922T033233833147.zip::run/seed0/first_repeat/result.json,cell,repeat,,1.0
0,11954405002550950950,0,,frozen_test,OR:00:depth_1,,,0,count,,experiment_v1_4/phase_archives/P4/v1_4_frozen_test_evidence_20260922T033233833147.zip::run/seed0/first_repeat/result.json,cell,repeat,,128
1000,11954405002550950950,1000,,frozen_test,OR:00:depth_1,1.188734776960132e-05,1.0816272564717622e-05,0,answer_ce,,experiment_v1_4/phase_archives/P4/v1_4_frozen_test_evidence_20260922T033233833147.zip::run/seed0/first_repeat/result.json,cell,repeat,,1.1290355239168548e-05
1000,11954405002550950950,1000,,frozen_test,OR:00:depth_1,1.0,1.0,0,accuracy,,experiment_v1_4/phase_archives/P4/v1_4_frozen_test_evidence_20260922T033233833147.zip::run/seed0/first_repeat/result.json,cell,repeat,,1.0
0,12555180566618781213,0,,frozen_test,OR:00:depth_2-3,,,0,count,,experiment_v1_4/phase_archives/P4/v1_4_frozen_test_evidence_20260922T033233833147.zip::run/seed0/first_repeat/result.json,cell,repeat,,128
1000,12555180566618781213,1000,,frozen_test,OR:00:depth_2-3,1.719010793710396e-05,1.1059390209045006e-05,0,answer_ce,,experiment_v1_4/phase_archives/P4/v1_4_frozen_test_evidence_20260922T033233833147.zip::run/seed0/first_repeat/result.json,cell,repeat,,1.3465737577433856e-05
1000,12555180566618781213,1000,,frozen_test,OR:00:depth_2-3,1.0,1.0,0,accuracy,,experiment_v1_4/phase_archives/P4/v1_4_frozen_test_evidence_20260922T033233833147.zip::run/seed0/first_repeat/result.json,cell,repeat,,1.0
0,9811347820197213676,0,,frozen_test,OR:00:depth_4+,,,0,count,,experiment_v1_4/phase_archives/P4/v1_4_frozen_test_evidence_20260922T033233833147.zip::run/seed0/first_repeat/result.json,cell,repeat,,128
1000,9811347820197213676,1000,,frozen_test,OR:00:depth_4+,0.00014775277532645952,1.2616478982252487e-05,0,answer_ce,,experiment_v1_4/phase_archives/P4/v1_4_frozen_test_evidence_20260922T033233833147.zip::run/seed0/first_repeat/result.json,cell,repeat,,5.9787066014393986e-05
1000,9811347820197213676,1000,,frozen_test,OR:00:depth_4+,1.0,1.0,0,accuracy,,experiment_v1_4/phase_archives/P4/v1_4_frozen_test_evidence_20260922T033233833147.zip::run/seed0/first_repeat/result.json,cell,repeat,,1.0
0,7072010969808072804,0,,frozen_test,OR:01:depth_1,,,0,count,,experiment_v1_4/phase_archives/P4/v1_4_frozen_test_evidence_20260922T033233833147.zip::run/seed0/first_repeat/result.json,cell,repeat,,128
1000,7072010969808072804,1000,,frozen_test,OR:01:depth_1,2.3875755598012914e-05,1.74944684470546e-05,0,answer_ce,,experiment_v1_4/phase_archives/P4/v1_4_frozen_test_evidence_20260922T033233833147.zip::run/seed0/first_repeat/result.json,cell,repeat,,2.0144147640621668e-05
1000,7072010969808072804,1000,,frozen_test,OR:01:depth_1,1.0,1.0,0,accuracy,,experiment_v1_4/phase_archives/P4/v1_4_frozen_test_evidence_20260922T033233833147.zip::run/seed0/first_repeat/result.json,cell,repeat,,1.0
0,13865522717301008725,0,,frozen_test,OR:01:depth_2-3,,,0,count,,experiment_v1_4/phase_archives/P4/v1_4_frozen_test_evidence_20260922T033233833147.zip::run/seed0/first_repeat/result.json,cell,repeat,,128
1000,13865522717301008725,1000,,frozen_test,OR:01:depth_2-3,0.002824999080356072,2.4499764410812474e-05,0,answer_ce,,experiment_v1_4/phase_archives/P4/v1_4_frozen_test_evidence_20260922T033233833147.zip::run/seed0/first_repeat/result.json,cell,repeat,,0.0009630693763398313
1000,13865522717301008725,1000,,frozen_test,OR:01:depth_2-3,1.0,1.0,0,accuracy,,experiment_v1_4/phase_archives/P4/v1_4_frozen_test_evidence_20260922T033233833147.zip::run/seed0/first_repeat/result.json,cell,repeat,,1.0
0,8458431508761387055,0,,frozen_test,OR:01:depth_4+,,,0,count,,experiment_v1_4/phase_archives/P4/v1_4_frozen_test_evidence_20260922T033233833147.zip::run/seed0/first_repeat/result.json,cell,repeat,,128
1000,8458431508761387055,1000,,frozen_test,OR:01:depth_4+,6.0184278193453617e-05,2.4128843402593248e-05,0,answer_ce,,experiment_v1_4/phase_archives/P4/v1_4_frozen_test_evidence_20260922T033233833147.zip::run/seed0/first_repeat/result.json,cell,repeat,,3.8881849299343685e-05
1000,8458431508761387055,1000,,frozen_test,OR:01:depth_4+,1.0,1.0,0,accuracy,,experiment_v1_4/phase_archives/P4/v1_4_frozen_test_evidence_20260922T033233833147.zip::run/seed0/first_repeat/result.json,cell,repeat,,1.0
0,9637555764635799866,0,,frozen_test,OR:10:depth_1,,,0,count,,experiment_v1_4/phase_archives/P4/v1_4_frozen_test_evidence_20260922T033233833147.zip::run/seed0/first_repeat/result.json,cell,repeat,,128
1000,9637555764635799866,1000,,frozen_test,OR:10:depth_1,1.6666865172076938e-05,1.5037919132687705e-05,0,answer_ce,,experiment_v1_4/phase_archives/P4/v1_4_frozen_test_evidence_20260922T033233833147.zip::run/seed0/first_repeat/result.json,cell,repeat,,1.582303375613492e-05
1000,9637555764635799866,1000,,frozen_test,OR:10:depth_1,1.0,1.0,0,accuracy,,experiment_v1_4/phase_archives/P4/v1_4_frozen_test_evidence_20260922T033233833147.zip::run/seed0/first_repeat/result.json,cell,repeat,,1.0
0,3464314395223524946,0,,frozen_test,OR:10:depth_2-3,,,0,count,,experiment_v1_4/phase_archives/P4/v1_4_frozen_test_evidence_20260922T033233833147.zip::run/seed0/first_repeat/result.json,cell,repeat,,128
1000,3464314395223524946,1000,,frozen_test,OR:10:depth_2-3,1.8707240609217025e-05,1.4653222972427216e-05,0,answer_ce,,experiment_v1_4/phase_archives/P4/v1_4_frozen_test_evidence_20260922T033233833147.zip::run/seed0/first_repeat/result.json,cell,repeat,,1.6217839664989242e-05
1000,3464314395223524946,1000,,frozen_test,OR:10:depth_2-3,1.0,1.0,0,accuracy,,experiment_v1_4/phase_archives/P4/v1_4_frozen_test_evidence_20260922T033233833147.zip::run/seed0/first_repeat/result.json,cell,repeat,,1.0
0,4856104488888968904,0,,frozen_test,OR:10:depth_4+,,,0,count,,experiment_v1_4/phase_archives/P4/v1_4_frozen_test_evidence_20260922T033233833147.zip::run/seed0/first_repeat/result.json,cell,repeat,,128
1000,4856104488888968904,1000,,frozen_test,OR:10:depth_4+,0.0024221067784919725,1.7955666488056466e-05,0,answer_ce,,experiment_v1_4/phase_archives/P4/v1_4_frozen_test_evidence_20260922T033233833147.zip::run/seed0/first_repeat/result.json,cell,repeat,,0.0008283390933172541
1000,4856104488888968904,1000,,frozen_test,OR:10:depth_4+,1.0,1.0,0,accuracy,,experiment_v1_4/phase_archives/P4/v1_4_frozen_test_evidence_20260922T033233833147.zip::run/seed0/first_repeat/result.json,cell,repeat,,1.0
0,560240673836393561,0,,frozen_test,OR:11:depth_1,,,0,count,,experiment_v1_4/phase_archives/P4/v1_4_frozen_test_evidence_20260922T033233833147.zip::run/seed0/first_repeat/result.json,cell,repeat,,128
1000,560240673836393561,1000,,frozen_test,OR:11:depth_1,1.9828694682999527e-05,1.6091083143976447e-05,0,answer_ce,,experiment_v1_4/phase_archives/P4/v1_4_frozen_test_evidence_20260922T033233833147.zip::run/seed0/first_repeat/result.json,cell,repeat,,1.7693982961475285e-05
1000,560240673836393561,1000,,frozen_test,OR:11:depth_1,1.0,1.0,0,accuracy,,experiment_v1_4/phase_archives/P4/v1_4_frozen_test_evidence_20260922T033233833147.zip::run/seed0/first_repeat/result.json,cell,repeat,,1.0
0,9413004231091997271,0,,frozen_test,OR:11:depth_2-3,,,0,count,,experiment_v1_4/phase_archives/P4/v1_4_frozen_test_evidence_20260922T033233833147.zip::run/seed0/first_repeat/result.json,cell,repeat,,128
1000,9413004231091997271,1000,,frozen_test,OR:11:depth_2-3,3.338289199366074e-05,1.680175371312487e-05,0,answer_ce,,experiment_v1_4/phase_archives/P4/v1_4_frozen_test_evidence_20260922T033233833147.zip::run/seed0/first_repeat/result.json,cell,repeat,,2.282252150109798e-05
1000,9413004231091997271,1000,,frozen_test,OR:11:depth_2-3,1.0,1.0,0,accuracy,,experiment_v1_4/phase_archives/P4/v1_4_frozen_test_evidence_20260922T033233833147.zip::run/seed0/first_repeat/result.json,cell,repeat,,1.0
0,3980627975894782013,0,,frozen_test,OR:11:depth_4+,,,0,count,,experiment_v1_4/phase_archives/P4/v1_4_frozen_test_evidence_20260922T033233833147.zip::run/seed0/first_repeat/result.json,cell,repeat,,128
1000,3980627975894782013,1000,,frozen_test,OR:11:depth_4+,3.0473898597804803e-05,1.7568546320845257e-05,0,answer_ce,,experiment_v1_4/phase_archives/P4/v1_4_frozen_test_evidence_20260922T033233833147.zip::run/seed0/first_repeat/result.json,cell,repeat,,2.3280174943351994e-05
1000,3980627975894782013,1000,,frozen_test,OR:11:depth_4+,1.0,1.0,0,accuracy,,experiment_v1_4/phase_archives/P4/v1_4_frozen_test_evidence_20260922T033233833147.zip::run/seed0/first_repeat/result.json,cell,repeat,,1.0
0,15697172166103227080,0,,frozen_test,XOR:00:depth_1,,,0,count,,experiment_v1_4/phase_archives/P4/v1_4_frozen_test_evidence_20260922T033233833147.zip::run/seed0/first_repeat/result.json,cell,repeat,,128
1000,15697172166103227080,1000,,frozen_test,XOR:00:depth_1,2.859319923089742e-05,1.0575770837206732e-05,0,answer_ce,,experiment_v1_4/phase_archives/P4/v1_4_frozen_test_evidence_20260922T033233833147.zip::run/seed0/first_repeat/result.json,cell,repeat,,1.6861405129020568e-05
1000,15697172166103227080,1000,,frozen_test,XOR:00:depth_1,1.0,1.0,0,accuracy,,experiment_v1_4/phase_archives/P4/v1_4_frozen_test_evidence_20260922T033233833147.zip::run/seed0/first_repeat/result.json,cell,repeat,,1.0
0,2697477680545144508,0,,frozen_test,XOR:00:depth_2-3,,,0,count,,experiment_v1_4/phase_archives/P4/v1_4_frozen_test_evidence_20260922T033233833147.zip::run/seed0/first_repeat/result.json,cell,repeat,,128
1000,2697477680545144508,1000,,frozen_test,XOR:00:depth_2-3,1.4006899692020624e-05,1.069333728640487e-05,0,answer_ce,,experiment_v1_4/phase_archives/P4/v1_4_frozen_test_evidence_20260922T033233833147.zip::run/seed0/first_repeat/result.json,cell,repeat,,1.2071677971903227e-05
1000,2697477680545144508,1000,,frozen_test,XOR:00:depth_2-3,1.0,1.0,0,accuracy,,experiment_v1_4/phase_archives/P4/v1_4_frozen_test_evidence_20260922T033233833147.zip::run/seed0/first_repeat/result.json,cell,repeat,,1.0
0,11009974996667487289,0,,frozen_test,XOR:00:depth_4+,,,0,count,,experiment_v1_4/phase_archives/P4/v1_4_frozen_test_evidence_20260922T033233833147.zip::run/seed0/first_repeat/result.json,cell,repeat,,128
1000,11009974996667487289,1000,,frozen_test,XOR:00:depth_4+,7.084108879915617e-05,1.1865731258975388e-05,0,answer_ce,,experiment_v1_4/phase_archives/P4/v1_4_frozen_test_evidence_20260922T033233833147.zip::run/seed0/first_repeat/result.json,cell,repeat,,3.4391252714982556e-05
1000,11009974996667487289,1000,,frozen_test,XOR:00:depth_4+,1.0,1.0,0,accuracy,,experiment_v1_4/phase_archives/P4/v1_4_frozen_test_evidence_20260922T033233833147.zip::run/seed0/first_repeat/result.json,cell,repeat,,1.0
0,2024862555603111071,0,,frozen_test,XOR:01:depth_1,,,0,count,,experiment_v1_4/phase_archives/P4/v1_4_frozen_test_evidence_20260922T033233833147.zip::run/seed0/first_repeat/result.json,cell,repeat,,128
1000,2024862555603111071,1000,,frozen_test,XOR:01:depth_1,3.2932072630487144e-05,2.4596049783554008e-05,0,answer_ce,,experiment_v1_4/phase_archives/P4/v1_4_frozen_test_evidence_20260922T033233833147.zip::run/seed0/first_repeat/result.json,cell,repeat,,2.864212126496568e-05
1000,2024862555603111071,1000,,frozen_test,XOR:01:depth_1,1.0,1.0,0,accuracy,,experiment_v1_4/phase_archives/P4/v1_4_frozen_test_evidence_20260922T033233833147.zip::run/seed0/first_repeat/result.json,cell,repeat,,1.0
0,11739967716255686708,0,,frozen_test,XOR:01:depth_2-3,,,0,count,,experiment_v1_4/phase_archives/P4/v1_4_frozen_test_evidence_20260922T033233833147.zip::run/seed0/first_repeat/result.json,cell,repeat,,128
1000,11739967716255686708,1000,,frozen_test,XOR:01:depth_2-3,9.67213439917458e-05,2.842153331297226e-05,0,answer_ce,,experiment_v1_4/phase_archives/P4/v1_4_frozen_test_evidence_20260922T033233833147.zip::run/seed0/first_repeat/result.json,cell,repeat,,5.29790216248216e-05
1000,11739967716255686708,1000,,frozen_test,XOR:01:depth_2-3,1.0,1.0,0,accuracy,,experiment_v1_4/phase_archives/P4/v1_4_frozen_test_evidence_20260922T033233833147.zip::run/seed0/first_repeat/result.json,cell,repeat,,1.0
0,11284487643142736647,0,,frozen_test,XOR:01:depth_4+,,,0,count,,experiment_v1_4/phase_archives/P4/v1_4_frozen_test_evidence_20260922T033233833147.zip::run/seed0/first_repeat/result.json,cell,repeat,,128
1000,11284487643142736647,1000,,frozen_test,XOR:01:depth_4+,0.0007393220626072505,3.90286636797299e-05,0,answer_ce,,experiment_v1_4/phase_archives/P4/v1_4_frozen_test_evidence_20260922T033233833147.zip::run/seed0/first_repeat/result.json,cell,repeat,,0.00027686590239994757
1000,11284487643142736647,1000,,frozen_test,XOR:01:depth_4+,1.0,1.0,0,accuracy,,experiment_v1_4/phase_archives/P4/v1_4_frozen_test_evidence_20260922T033233833147.zip::run/seed0/first_repeat/result.json,cell,repeat,,1.0
0,13969558708191940981,0,,frozen_test,XOR:10:depth_1,,,0,count,,experiment_v1_4/phase_archives/P4/v1_4_frozen_test_evidence_20260922T033233833147.zip::run/seed0/first_repeat/result.json,cell,repeat,,128
1000,13969558708191940981,1000,,frozen_test,XOR:10:depth_1,0.014089982932303968,3.384698150501464e-05,0,answer_ce,,experiment_v1_4/phase_archives/P4/v1_4_frozen_test_evidence_20260922T033233833147.zip::run/seed0/first_repeat/result.json,cell,repeat,,0.0047248687220076135
1000,13969558708191940981,1000,,frozen_test,XOR:10:depth_1,1.0,1.0,0,accuracy,,experiment_v1_4/phase_archives/P4/v1_4_frozen_test_evidence_20260922T033233833147.zip::run/seed0/first_repeat/result.json,cell,repeat,,1.0
0,5674516347392591261,0,,frozen_test,XOR:10:depth_2-3,,,0,count,,experiment_v1_4/phase_archives/P4/v1_4_frozen_test_evidence_20260922T033233833147.zip::run/seed0/first_repeat/result.json,cell,repeat,,128
1000,5674516347392591261,1000,,frozen_test,XOR:10:depth_2-3,3.3545500588694206e-05,2.5186431234303087e-05,0,answer_ce,,experiment_v1_4/phase_archives/P4/v1_4_frozen_test_evidence_20260922T033233833147.zip::run/seed0/first_repeat/result.json,cell,repeat,,2.889076495904419e-05
1000,5674516347392591261,1000,,frozen_test,XOR:10:depth_2-3,1.0,1.0,0,accuracy,,experiment_v1_4/phase_archives/P4/v1_4_frozen_test_evidence_20260922T033233833147.zip::run/seed0/first_repeat/result.json,cell,repeat,,1.0
0,13413398733392984991,0,,frozen_test,XOR:10:depth_4+,,,0,count,,experiment_v1_4/phase_archives/P4/v1_4_frozen_test_evidence_20260922T033233833147.zip::run/seed0/first_repeat/result.json,cell,repeat,,128
1000,13413398733392984991,1000,,frozen_test,XOR:10:depth_4+,6.915615405276298e-05,3.052523740390001e-05,0,answer_ce,,experiment_v1_4/phase_archives/P4/v1_4_frozen_test_evidence_20260922T033233833147.zip::run/seed0/first_repeat/result.json,cell,repeat,,4.857669345170734e-05
1000,13413398733392984991,1000,,frozen_test,XOR:10:depth_4+,1.0,1.0,0,accuracy,,experiment_v1_4/phase_archives/P4/v1_4_frozen_test_evidence_20260922T033233833147.zip::run/seed0/first_repeat/result.json,cell,repeat,,1.0
0,16546498869412242525,0,,frozen_test,XOR:11:depth_1,,,0,count,,experiment_v1_4/phase_archives/P4/v1_4_frozen_test_evidence_20260922T033233833147.zip::run/seed0/first_repeat/result.json,cell,repeat,,128
1000,16546498869412242525,1000,,frozen_test,XOR:11:depth_1,1.678418394170933e-05,1.4912496228092209e-05,0,answer_ce,,experiment_v1_4/phase_archives/P4/v1_4_frozen_test_evidence_20260922T033233833147.zip::run/seed0/first_repeat/result.json,cell,repeat,,1.5818374876630514e-05
1000,16546498869412242525,1000,,frozen_test,XOR:11:depth_1,1.0,1.0,0,accuracy,,experiment_v1_4/phase_archives/P4/v1_4_frozen_test_evidence_20260922T033233833147.zip::run/seed0/first_repeat/result.json,cell,repeat,,1.0
0,3276581050681624842,0,,frozen_test,XOR:11:depth_2-3,,,0,count,,experiment_v1_4/phase_archives/P4/v1_4_frozen_test_evidence_20260922T033233833147.zip::run/seed0/first_repeat/result.json,cell,repeat,,128
1000,3276581050681624842,1000,,frozen_test,XOR:11:depth_2-3,1.692071012477925e-05,1.4167073764959071e-05,0,answer_ce,,experiment_v1_4/phase_archives/P4/v1_4_frozen_test_evidence_20260922T033233833147.zip::run/seed0/first_repeat/result.json,cell,repeat,,1.53713320969473e-05
1000,3276581050681624842,1000,,frozen_test,XOR:11:depth_2-3,1.0,1.0,0,accuracy,,experiment_v1_4/phase_archives/P4/v1_4_frozen_test_evidence_20260922T033233833147.zip::run/seed0/first_repeat/result.json,cell,repeat,,1.0
0,9398399215392196211,0,,frozen_test,XOR:11:depth_4+,,,0,count,,experiment_v1_4/phase_archives/P4/v1_4_frozen_test_evidence_20260922T033233833147.zip::run/seed0/first_repeat/result.json,cell,repeat,,128
1000,9398399215392196211,1000,,frozen_test,XOR:11:depth_4+,0.0002828264161887084,1.3893489552341266e-05,0,answer_ce,,experiment_v1_4/phase_archives/P4/v1_4_frozen_test_evidence_20260922T033233833147.zip::run/seed0/first_repeat/result.json,cell,repeat,,0.00010578501757763092
1000,9398399215392196211,1000,,frozen_test,XOR:11:depth_4+,1.0,1.0,0,accuracy,,experiment_v1_4/phase_archives/P4/v1_4_frozen_test_evidence_20260922T033233833147.zip::run/seed0/first_repeat/result.json,cell,repeat,,1.0
0,,0,,frozen_test,,,,0,count,,experiment_v1_4/phase_archives/P4/v1_4_frozen_test_evidence_20260922T033233833147.zip::run/seed0/first_repeat/result.json,baselines,repeat,,5376
0,,0,,frozen_test,,,,0,majority_prediction,,experiment_v1_4/phase_archives/P4/v1_4_frozen_test_evidence_20260922T033233833147.zip::run/seed0/first_repeat/result.json,baselines,repeat,,0
0,,0,,frozen_test,,,,0,split_majority_accuracy,,experiment_v1_4/phase_archives/P4/v1_4_frozen_test_evidence_20260922T033233833147.zip::run/seed0/first_repeat/result.json,baselines,repeat,,0.5
0,,0,,frozen_test,,,,0,independent_bernoulli_expected_accuracy,,experiment_v1_4/phase_archives/P4/v1_4_frozen_test_evidence_20260922T033233833147.zip::run/seed0/first_repeat/result.json,baselines,repeat,,0.5
0,,0,,frozen_test,,,,0,latest_set_or_initialization_accuracy,,experiment_v1_4/phase_archives/P4/v1_4_frozen_test_evidence_20260922T033233833147.zip::run/seed0/first_repeat/result.json,baselines,repeat,,0.5491071428571429
0,,0,,frozen_test,,,,0,latest_read_copy_accuracy,,experiment_v1_4/phase_archives/P4/v1_4_frozen_test_evidence_20260922T033233833147.zip::run/seed0/first_repeat/result.json,baselines,repeat,,0.5284598214285714
1000,12742739153283488394,1000,,frozen_test,,,,0,answer_count,,experiment_v1_4/phase_archives/P4/v1_4_frozen_test_evidence_20260922T033233833147.zip::run/seed0/general/result.json,overall,general,,32226
1000,12742739153283488394,1000,,frozen_test,,,,0,sequence_count,,experiment_v1_4/phase_archives/P4/v1_4_frozen_test_evidence_20260922T033233833147.zip::run/seed0/general/result.json,overall,general,,2048
1000,12742739153283488394,1000,,frozen_test,,0.002299764867278271,0.0009284336409970361,0,answer_ce,,experiment_v1_4/phase_archives/P4/v1_4_frozen_test_evidence_20260922T033233833147.zip::run/seed0/general/result.json,overall,general,,0.0015162604830058712
1000,12742739153283488394,1000,,frozen_test,,0.9996902289519962,0.9991001808916267,0,accuracy,,experiment_v1_4/phase_archives/P4/v1_4_frozen_test_evidence_20260922T033233833147.zip::run/seed0/general/result.json,overall,general,,0.9994104139514678
1000,12742739153283488394,1000,,frozen_test,,0.9996902289519962,0.9991001808916267,0,binary_accuracy,,experiment_v1_4/phase_archives/P4/v1_4_frozen_test_evidence_20260922T033233833147.zip::run/seed0/general/result.json,overall,general,,0.9994104139514678
1000,12742739153283488394,1000,,frozen_test,,0.9999903204865757,0.9999901830086937,0,bit_mass,,experiment_v1_4/phase_archives/P4/v1_4_frozen_test_evidence_20260922T033233833147.zip::run/seed0/general/result.json,overall,general,,0.9999902541078994
1000,12742739153283488394,1000,,frozen_test,,,,0,all_token_ce,,experiment_v1_4/phase_archives/P4/v1_4_frozen_test_evidence_20260922T033233833147.zip::run/seed0/general/result.json,overall,general,,0.9605671365596832
1000,12742739153283488394,1000,,frozen_test,,,,0,prediction_tokens,,experiment_v1_4/phase_archives/P4/v1_4_frozen_test_evidence_20260922T033233833147.zip::run/seed0/general/result.json,overall,general,,242847
0,,0,,frozen_test,,,,0,count,,experiment_v1_4/phase_archives/P4/v1_4_frozen_test_evidence_20260922T033233833147.zip::run/seed0/general/result.json,baselines,general,,32226
0,,0,,frozen_test,,,,0,majority_prediction,,experiment_v1_4/phase_archives/P4/v1_4_frozen_test_evidence_20260922T033233833147.zip::run/seed0/general/result.json,baselines,general,,0
0,,0,,frozen_test,,,,0,split_majority_accuracy,,experiment_v1_4/phase_archives/P4/v1_4_frozen_test_evidence_20260922T033233833147.zip::run/seed0/general/result.json,baselines,general,,0.5083162663687706
0,,0,,frozen_test,,,,0,independent_bernoulli_expected_accuracy,,experiment_v1_4/phase_archives/P4/v1_4_frozen_test_evidence_20260922T033233833147.zip::run/seed0/general/result.json,baselines,general,,0.5
0,,0,,frozen_test,,,,0,latest_set_or_initialization_accuracy,,experiment_v1_4/phase_archives/P4/v1_4_frozen_test_evidence_20260922T033233833147.zip::run/seed0/general/result.json,baselines,general,,0.6399491094147582
0,,0,,frozen_test,,,,0,latest_read_copy_accuracy,,experiment_v1_4/phase_archives/P4/v1_4_frozen_test_evidence_20260922T033233833147.zip::run/seed0/general/result.json,baselines,general,,0.5779494817848941
0,,0,,frozen_test,macro,,,0,coverage,,experiment_v1_4/phase_archives/P4/v1_4_frozen_test_evidence_20260922T033233833147.zip::run/seed0/general/result.json,operator,general,,1.0
0,,0,,frozen_test,macro,,,0,macro_accuracy,,experiment_v1_4/phase_archives/P4/v1_4_frozen_test_evidence_20260922T033233833147.zip::run/seed0/general/result.json,operator,general,,0.9994002484303244
0,,0,,frozen_test,macro,,,0,macro_answer_ce,,experiment_v1_4/phase_archives/P4/v1_4_frozen_test_evidence_20260922T033233833147.zip::run/seed0/general/result.json,operator,general,,0.001552130386307785
0,,0,,frozen_test,initialization,,,0,count,,experiment_v1_4/phase_archives/P4/v1_4_frozen_test_evidence_20260922T033233833147.zip::run/seed0/general/result.json,operator,general,,2247
0,,0,,frozen_test,initialization,,,0,accuracy,,experiment_v1_4/phase_archives/P4/v1_4_frozen_test_evidence_20260922T033233833147.zip::run/seed0/general/result.json,operator,general,,1.0
0,,0,,frozen_test,initialization,,,0,answer_ce,,experiment_v1_4/phase_archives/P4/v1_4_frozen_test_evidence_20260922T033233833147.zip::run/seed0/general/result.json,operator,general,,1.67706445690285e-05
0,,0,,frozen_test,SET,,,0,count,,experiment_v1_4/phase_archives/P4/v1_4_frozen_test_evidence_20260922T033233833147.zip::run/seed0/general/result.json,operator,general,,7321
0,,0,,frozen_test,SET,,,0,accuracy,,experiment_v1_4/phase_archives/P4/v1_4_frozen_test_evidence_20260922T033233833147.zip::run/seed0/general/result.json,operator,general,,1.0
0,,0,,frozen_test,SET,,,0,answer_ce,,experiment_v1_4/phase_archives/P4/v1_4_frozen_test_evidence_20260922T033233833147.zip::run/seed0/general/result.json,operator,general,,9.801163107803573e-05
0,,0,,frozen_test,NOT,,,0,count,,experiment_v1_4/phase_archives/P4/v1_4_frozen_test_evidence_20260922T033233833147.zip::run/seed0/general/result.json,operator,general,,7373
0,,0,,frozen_test,NOT,,,0,accuracy,,experiment_v1_4/phase_archives/P4/v1_4_frozen_test_evidence_20260922T033233833147.zip::run/seed0/general/result.json,operator,general,,0.9997287399972874
0,,0,,frozen_test,NOT,,,0,answer_ce,,experiment_v1_4/phase_archives/P4/v1_4_frozen_test_evidence_20260922T033233833147.zip::run/seed0/general/result.json,operator,general,,0.0004974476641853087
0,,0,,frozen_test,AND,,,0,count,,experiment_v1_4/phase_archives/P4/v1_4_frozen_test_evidence_20260922T033233833147.zip::run/seed0/general/result.json,operator,general,,5077
0,,0,,frozen_test,AND,,,0,accuracy,,experiment_v1_4/phase_archives/P4/v1_4_frozen_test_evidence_20260922T033233833147.zip::run/seed0/general/result.json,operator,general,,1.0
0,,0,,frozen_test,AND,,,0,answer_ce,,experiment_v1_4/phase_archives/P4/v1_4_frozen_test_evidence_20260922T033233833147.zip::run/seed0/general/result.json,operator,general,,0.000633451581482956
0,,0,,frozen_test,OR,,,0,count,,experiment_v1_4/phase_archives/P4/v1_4_frozen_test_evidence_20260922T033233833147.zip::run/seed0/general/result.json,operator,general,,5091
0,,0,,frozen_test,OR,,,0,accuracy,,experiment_v1_4/phase_archives/P4/v1_4_frozen_test_evidence_20260922T033233833147.zip::run/seed0/general/result.json,operator,general,,0.9990178746808093
0,,0,,frozen_test,OR,,,0,answer_ce,,experiment_v1_4/phase_archives/P4/v1_4_frozen_test_evidence_20260922T033233833147.zip::run/seed0/general/result.json,operator,general,,0.002126405661539313
0,,0,,frozen_test,XOR,,,0,count,,experiment_v1_4/phase_archives/P4/v1_4_frozen_test_evidence_20260922T033233833147.zip::run/seed0/general/result.json,operator,general,,5117
0,,0,,frozen_test,XOR,,,0,accuracy,,experiment_v1_4/phase_archives/P4/v1_4_frozen_test_evidence_20260922T033233833147.zip::run/seed0/general/result.json,operator,general,,0.9976548759038499
0,,0,,frozen_test,XOR,,,0,answer_ce,,experiment_v1_4/phase_archives/P4/v1_4_frozen_test_evidence_20260922T033233833147.zip::run/seed0/general/result.json,operator,general,,0.005940695134992067
0,,0,,frozen_test,macro,,,0,coverage,,experiment_v1_4/phase_archives/P4/v1_4_frozen_test_evidence_20260922T033233833147.zip::run/seed0/general/result.json,query_var,general,,1.0
0,,0,,frozen_test,macro,,,0,macro_accuracy,,experiment_v1_4/phase_archives/P4/v1_4_frozen_test_evidence_20260922T033233833147.zip::run/seed0/general/result.json,query_var,general,,0.9994099769623315
0,,0,,frozen_test,macro,,,0,macro_answer_ce,,experiment_v1_4/phase_archives/P4/v1_4_frozen_test_evidence_20260922T033233833147.zip::run/seed0/general/result.json,query_var,general,,0.0015189439039203182
0,,0,,frozen_test,A,,,0,count,,experiment_v1_4/phase_archives/P4/v1_4_frozen_test_evidence_20260922T033233833147.zip::run/seed0/general/result.json,query_var,general,,8088
0,,0,,frozen_test,A,,,0,accuracy,,experiment_v1_4/phase_archives/P4/v1_4_frozen_test_evidence_20260922T033233833147.zip::run/seed0/general/result.json,query_var,general,,0.9992581602373887
0,,0,,frozen_test,A,,,0,answer_ce,,experiment_v1_4/phase_archives/P4/v1_4_frozen_test_evidence_20260922T033233833147.zip::run/seed0/general/result.json,query_var,general,,0.0014892193507027075
0,,0,,frozen_test,B,,,0,count,,experiment_v1_4/phase_archives/P4/v1_4_frozen_test_evidence_20260922T033233833147.zip::run/seed0/general/result.json,query_var,general,,8023
0,,0,,frozen_test,B,,,0,accuracy,,experiment_v1_4/phase_archives/P4/v1_4_frozen_test_evidence_20260922T033233833147.zip::run/seed0/general/result.json,query_var,general,,0.9995014333790353
0,,0,,frozen_test,B,,,0,answer_ce,,experiment_v1_4/phase_archives/P4/v1_4_frozen_test_evidence_20260922T033233833147.zip::run/seed0/general/result.json,query_var,general,,0.0013344938337530314
0,,0,,frozen_test,C,,,0,count,,experiment_v1_4/phase_archives/P4/v1_4_frozen_test_evidence_20260922T033233833147.zip::run/seed0/general/result.json,query_var,general,,8000
0,,0,,frozen_test,C,,,0,accuracy,,experiment_v1_4/phase_archives/P4/v1_4_frozen_test_evidence_20260922T033233833147.zip::run/seed0/general/result.json,query_var,general,,0.99925
0,,0,,frozen_test,C,,,0,answer_ce,,experiment_v1_4/phase_archives/P4/v1_4_frozen_test_evidence_20260922T033233833147.zip::run/seed0/general/result.json,query_var,general,,0.002425447310713707
0,,0,,frozen_test,D,,,0,count,,experiment_v1_4/phase_archives/P4/v1_4_frozen_test_evidence_20260922T033233833147.zip::run/seed0/general/result.json,query_var,general,,8115
0,,0,,frozen_test,D,,,0,accuracy,,experiment_v1_4/phase_archives/P4/v1_4_frozen_test_evidence_20260922T033233833147.zip::run/seed0/general/result.json,query_var,general,,0.999630314232902
0,,0,,frozen_test,D,,,0,answer_ce,,experiment_v1_4/phase_archives/P4/v1_4_frozen_test_evidence_20260922T033233833147.zip::run/seed0/general/result.json,query_var,general,,0.0008266151205118269
0,,0,,frozen_test,macro,,,0,coverage,,experiment_v1_4/phase_archives/P4/v1_4_frozen_test_evidence_20260922T033233833147.zip::run/seed0/general/result.json,answer,general,,1.0
0,,0,,frozen_test,macro,,,0,macro_accuracy,,experiment_v1_4/phase_archives/P4/v1_4_frozen_test_evidence_20260922T033233833147.zip::run/seed0/general/result.json,answer,general,,0.9994076694807761
0,,0,,frozen_test,macro,,,0,macro_answer_ce,,experiment_v1_4/phase_archives/P4/v1_4_frozen_test_evidence_20260922T033233833147.zip::run/seed0/general/result.json,answer,general,,0.0015193546150869522
0,,0,,frozen_test,0,,,0,count,,experiment_v1_4/phase_archives/P4/v1_4_frozen_test_evidence_20260922T033233833147.zip::run/seed0/general/result.json,answer,general,,16381
0,,0,,frozen_test,0,,,0,accuracy,,experiment_v1_4/phase_archives/P4/v1_4_frozen_test_evidence_20260922T033233833147.zip::run/seed0/general/result.json,answer,general,,0.9995726756608265
0,,0,,frozen_test,0,,,0,answer_ce,,experiment_v1_4/phase_archives/P4/v1_4_frozen_test_evidence_20260922T033233833147.zip::run/seed0/general/result.json,answer,general,,0.0013333256963464343
0,,0,,frozen_test,1,,,0,count,,experiment_v1_4/phase_archives/P4/v1_4_frozen_test_evidence_20260922T033233833147.zip::run/seed0/general/result.json,answer,general,,15845
0,,0,,frozen_test,1,,,0,accuracy,,experiment_v1_4/phase_archives/P4/v1_4_frozen_test_evidence_20260922T033233833147.zip::run/seed0/general/result.json,answer,general,,0.9992426633007258
0,,0,,frozen_test,1,,,0,answer_ce,,experiment_v1_4/phase_archives/P4/v1_4_frozen_test_evidence_20260922T033233833147.zip::run/seed0/general/result.json,answer,general,,0.00170538353382747
0,,0,,frozen_test,macro,,,0,coverage,,experiment_v1_4/phase_archives/P4/v1_4_frozen_test_evidence_20260922T033233833147.zip::run/seed0/general/result.json,blocks,general,,1.0
0,,0,,frozen_test,macro,,,0,macro_accuracy,,experiment_v1_4/phase_archives/P4/v1_4_frozen_test_evidence_20260922T033233833147.zip::run/seed0/general/result.json,blocks,general,,0.9994901016391692
0,,0,,frozen_test,macro,,,0,macro_answer_ce,,experiment_v1_4/phase_archives/P4/v1_4_frozen_test_evidence_20260922T033233833147.zip::run/seed0/general/result.json,blocks,general,,0.0013200087095795023
0,,0,,frozen_test,8,,,0,count,,experiment_v1_4/phase_archives/P4/v1_4_frozen_test_evidence_20260922T033233833147.zip::run/seed0/general/result.json,blocks,general,,1056
0,,0,,frozen_test,8,,,0,accuracy,,experiment_v1_4/phase_archives/P4/v1_4_frozen_test_evidence_20260922T033233833147.zip::run/seed0/general/result.json,blocks,general,,1.0
0,,0,,frozen_test,8,,,0,answer_ce,,experiment_v1_4/phase_archives/P4/v1_4_frozen_test_evidence_20260922T033233833147.zip::run/seed0/general/result.json,blocks,general,,0.0005815469738836775
0,,0,,frozen_test,9,,,0,count,,experiment_v1_4/phase_archives/P4/v1_4_frozen_test_evidence_20260922T033233833147.zip::run/seed0/general/result.json,blocks,general,,1152
0,,0,,frozen_test,9,,,0,accuracy,,experiment_v1_4/phase_archives/P4/v1_4_frozen_test_evidence_20260922T033233833147.zip::run/seed0/general/result.json,blocks,general,,0.9991319444444444
0,,0,,frozen_test,9,,,0,answer_ce,,experiment_v1_4/phase_archives/P4/v1_4_frozen_test_evidence_20260922T033233833147.zip::run/seed0/general/result.json,blocks,general,,0.0008607347875893999
0,,0,,frozen_test,10,,,0,count,,experiment_v1_4/phase_archives/P4/v1_4_frozen_test_evidence_20260922T033233833147.zip::run/seed0/general/result.json,blocks,general,,1320
0,,0,,frozen_test,10,,,0,accuracy,,experiment_v1_4/phase_archives/P4/v1_4_frozen_test_evidence_20260922T033233833147.zip::run/seed0/general/result.json,blocks,general,,1.0
0,,0,,frozen_test,10,,,0,answer_ce,,experiment_v1_4/phase_archives/P4/v1_4_frozen_test_evidence_20260922T033233833147.zip::run/seed0/general/result.json,blocks,general,,0.0001737336646459825
0,,0,,frozen_test,11,,,0,count,,experiment_v1_4/phase_archives/P4/v1_4_frozen_test_evidence_20260922T033233833147.zip::run/seed0/general/result.json,blocks,general,,1331
0,,0,,frozen_test,11,,,0,accuracy,,experiment_v1_4/phase_archives/P4/v1_4_frozen_test_evidence_20260922T033233833147.zip::run/seed0/general/result.json,blocks,general,,1.0
0,,0,,frozen_test,11,,,0,answer_ce,,experiment_v1_4/phase_archives/P4/v1_4_frozen_test_evidence_20260922T033233833147.zip::run/seed0/general/result.json,blocks,general,,0.00017424220342616414
0,,0,,frozen_test,12,,,0,count,,experiment_v1_4/phase_archives/P4/v1_4_frozen_test_evidence_20260922T033233833147.zip::run/seed0/general/result.json,blocks,general,,1416
0,,0,,frozen_test,12,,,0,accuracy,,experiment_v1_4/phase_archives/P4/v1_4_frozen_test_evidence_20260922T033233833147.zip::run/seed0/general/result.json,blocks,general,,1.0
0,,0,,frozen_test,12,,,0,answer_ce,,experiment_v1_4/phase_archives/P4/v1_4_frozen_test_evidence_20260922T033233833147.zip::run/seed0/general/result.json,blocks,general,,0.00030895917868291317
0,,0,,frozen_test,13,,,0,count,,experiment_v1_4/phase_archives/P4/v1_4_frozen_test_evidence_20260922T033233833147.zip::run/seed0/general/result.json,blocks,general,,1729
0,,0,,frozen_test,13,,,0,accuracy,,experiment_v1_4/phase_archives/P4/v1_4_frozen_test_evidence_20260922T033233833147.zip::run/seed0/general/result.json,blocks,general,,1.0
0,,0,,frozen_test,13,,,0,answer_ce,,experiment_v1_4/phase_archives/P4/v1_4_frozen_test_evidence_20260922T033233833147.zip::run/seed0/general/result.json,blocks,general,,0.00014996533038825788
0,,0,,frozen_test,14,,,0,count,,experiment_v1_4/phase_archives/P4/v1_4_frozen_test_evidence_20260922T033233833147.zip::run/seed0/general/result.json,blocks,general,,1834
0,,0,,frozen_test,14,,,0,accuracy,,experiment_v1_4/phase_archives/P4/v1_4_frozen_test_evidence_20260922T033233833147.zip::run/seed0/general/result.json,blocks,general,,0.9994547437295529
0,,0,,frozen_test,14,,,0,answer_ce,,experiment_v1_4/phase_archives/P4/v1_4_frozen_test_evidence_20260922T033233833147.zip::run/seed0/general/result.json,blocks,general,,0.001403222273846719
0,,0,,frozen_test,15,,,0,count,,experiment_v1_4/phase_archives/P4/v1_4_frozen_test_evidence_20260922T033233833147.zip::run/seed0/general/result.json,blocks,general,,1740
0,,0,,frozen_test,15,,,0,accuracy,,experiment_v1_4/phase_archives/P4/v1_4_frozen_test_evidence_20260922T033233833147.zip::run/seed0/general/result.json,blocks,general,,1.0
0,,0,,frozen_test,15,,,0,answer_ce,,experiment_v1_4/phase_archives/P4/v1_4_frozen_test_evidence_20260922T033233833147.zip::run/seed0/general/result.json,blocks,general,,0.00021560677481092765
0,,0,,frozen_test,16,,,0,count,,experiment_v1_4/phase_archives/P4/v1_4_frozen_test_evidence_20260922T033233833147.zip::run/seed0/general/result.json,blocks,general,,1904
0,,0,,frozen_test,16,,,0,accuracy,,experiment_v1_4/phase_archives/P4/v1_4_frozen_test_evidence_20260922T033233833147.zip::run/seed0/general/result.json,blocks,general,,0.9994747899159664
0,,0,,frozen_test,16,,,0,answer_ce,,experiment_v1_4/phase_archives/P4/v1_4_frozen_test_evidence_20260922T033233833147.zip::run/seed0/general/result.json,blocks,general,,0.0008478196130704132
0,,0,,frozen_test,17,,,0,count,,experiment_v1_4/phase_archives/P4/v1_4_frozen_test_evidence_20260922T033233833147.zip::run/seed0/general/result.json,blocks,general,,2176
0,,0,,frozen_test,17,,,0,accuracy,,experiment_v1_4/phase_archives/P4/v1_4_frozen_test_evidence_20260922T033233833147.zip::run/seed0/general/result.json,blocks,general,,0.9990808823529411
0,,0,,frozen_test,17,,,0,answer_ce,,experiment_v1_4/phase_archives/P4/v1_4_frozen_test_evidence_20260922T033233833147.zip::run/seed0/general/result.json,blocks,general,,0.002804607486034799
0,,0,,frozen_test,18,,,0,count,,experiment_v1_4/phase_archives/P4/v1_4_frozen_test_evidence_20260922T033233833147.zip::run/seed0/general/result.json,blocks,general,,2034
0,,0,,frozen_test,18,,,0,accuracy,,experiment_v1_4/phase_archives/P4/v1_4_frozen_test_evidence_20260922T033233833147.zip::run/seed0/general/result.json,blocks,general,,1.0
0,,0,,frozen_test,18,,,0,answer_ce,,experiment_v1_4/phase_archives/P4/v1_4_frozen_test_evidence_20260922T033233833147.zip::run/seed0/general/result.json,blocks,general,,0.0003234693572249247
0,,0,,frozen_test,19,,,0,count,,experiment_v1_4/phase_archives/P4/v1_4_frozen_test_evidence_20260922T033233833147.zip::run/seed0/general/result.json,blocks,general,,2033
0,,0,,frozen_test,19,,,0,accuracy,,experiment_v1_4/phase_archives/P4/v1_4_frozen_test_evidence_20260922T033233833147.zip::run/seed0/general/result.json,blocks,general,,0.9985243482538121
0,,0,,frozen_test,19,,,0,answer_ce,,experiment_v1_4/phase_archives/P4/v1_4_frozen_test_evidence_20260922T033233833147.zip::run/seed0/general/result.json,blocks,general,,0.0026925338788347884
0,,0,,frozen_test,20,,,0,count,,experiment_v1_4/phase_archives/P4/v1_4_frozen_test_evidence_20260922T033233833147.zip::run/seed0/general/result.json,blocks,general,,2600
0,,0,,frozen_test,20,,,0,accuracy,,experiment_v1_4/phase_archives/P4/v1_4_frozen_test_evidence_20260922T033233833147.zip::run/seed0/general/result.json,blocks,general,,0.9988461538461538
0,,0,,frozen_test,20,,,0,answer_ce,,experiment_v1_4/phase_archives/P4/v1_4_frozen_test_evidence_20260922T033233833147.zip::run/seed0/general/result.json,blocks,general,,0.0015599259567592035
0,,0,,frozen_test,21,,,0,count,,experiment_v1_4/phase_archives/P4/v1_4_frozen_test_evidence_20260922T033233833147.zip::run/seed0/general/result.json,blocks,general,,2205
0,,0,,frozen_test,21,,,0,accuracy,,experiment_v1_4/phase_archives/P4/v1_4_frozen_test_evidence_20260922T033233833147.zip::run/seed0/general/result.json,blocks,general,,0.999546485260771
0,,0,,frozen_test,21,,,0,answer_ce,,experiment_v1_4/phase_archives/P4/v1_4_frozen_test_evidence_20260922T033233833147.zip::run/seed0/general/result.json,blocks,general,,0.003674034863017942
0,,0,,frozen_test,22,,,0,count,,experiment_v1_4/phase_archives/P4/v1_4_frozen_test_evidence_20260922T033233833147.zip::run/seed0/general/result.json,blocks,general,,2574
0,,0,,frozen_test,22,,,0,accuracy,,experiment_v1_4/phase_archives/P4/v1_4_frozen_test_evidence_20260922T033233833147.zip::run/seed0/general/result.json,blocks,general,,0.9988344988344988
0,,0,,frozen_test,22,,,0,answer_ce,,experiment_v1_4/phase_archives/P4/v1_4_frozen_test_evidence_20260922T033233833147.zip::run/seed0/general/result.json,blocks,general,,0.0034517318989071228
0,,0,,frozen_test,23,,,0,count,,experiment_v1_4/phase_archives/P4/v1_4_frozen_test_evidence_20260922T033233833147.zip::run/seed0/general/result.json,blocks,general,,2530
0,,0,,frozen_test,23,,,0,accuracy,,experiment_v1_4/phase_archives/P4/v1_4_frozen_test_evidence_20260922T033233833147.zip::run/seed0/general/result.json,blocks,general,,0.9992094861660079
0,,0,,frozen_test,23,,,0,answer_ce,,experiment_v1_4/phase_archives/P4/v1_4_frozen_test_evidence_20260922T033233833147.zip::run/seed0/general/result.json,blocks,general,,0.0013095617988978544
0,,0,,frozen_test,24,,,0,count,,experiment_v1_4/phase_archives/P4/v1_4_frozen_test_evidence_20260922T033233833147.zip::run/seed0/general/result.json,blocks,general,,2592
0,,0,,frozen_test,24,,,0,accuracy,,experiment_v1_4/phase_archives/P4/v1_4_frozen_test_evidence_20260922T033233833147.zip::run/seed0/general/result.json,blocks,general,,0.9992283950617284
0,,0,,frozen_test,24,,,0,answer_ce,,experiment_v1_4/phase_archives/P4/v1_4_frozen_test_evidence_20260922T033233833147.zip::run/seed0/general/result.json,blocks,general,,0.0019084520228304488
0,,0,,frozen_test,macro,,,0,coverage,,experiment_v1_4/phase_archives/P4/v1_4_frozen_test_evidence_20260922T033233833147.zip::run/seed0/general/result.json,distance,general,,1.0
0,,0,,frozen_test,macro,,,0,macro_accuracy,,experiment_v1_4/phase_archives/P4/v1_4_frozen_test_evidence_20260922T033233833147.zip::run/seed0/general/result.json,distance,general,,0.9995196254858564
0,,0,,frozen_test,macro,,,0,macro_answer_ce,,experiment_v1_4/phase_archives/P4/v1_4_frozen_test_evidence_20260922T033233833147.zip::run/seed0/general/result.json,distance,general,,0.0012503421375917093
0,,0,,frozen_test,0,,,0,count,,experiment_v1_4/phase_archives/P4/v1_4_frozen_test_evidence_20260922T033233833147.zip::run/seed0/general/result.json,distance,general,,15758
0,,0,,frozen_test,0,,,0,accuracy,,experiment_v1_4/phase_archives/P4/v1_4_frozen_test_evidence_20260922T033233833147.zip::run/seed0/general/result.json,distance,general,,0.9990481025510851
0,,0,,frozen_test,0,,,0,answer_ce,,experiment_v1_4/phase_archives/P4/v1_4_frozen_test_evidence_20260922T033233833147.zip::run/seed0/general/result.json,distance,general,,0.002409231269243746
0,,0,,frozen_test,1-2,,,0,count,,experiment_v1_4/phase_archives/P4/v1_4_frozen_test_evidence_20260922T033233833147.zip::run/seed0/general/result.json,distance,general,,7544
0,,0,,frozen_test,1-2,,,0,accuracy,,experiment_v1_4/phase_archives/P4/v1_4_frozen_test_evidence_20260922T033233833147.zip::run/seed0/general/result.json,distance,general,,0.9997348886532343
0,,0,,frozen_test,1-2,,,0,answer_ce,,experiment_v1_4/phase_archives/P4/v1_4_frozen_test_evidence_20260922T033233833147.zip::run/seed0/general/result.json,distance,general,,0.0007795912146882598
0,,0,,frozen_test,3+,,,0,count,,experiment_v1_4/phase_archives/P4/v1_4_frozen_test_evidence_20260922T033233833147.zip::run/seed0/general/result.json,distance,general,,8924
0,,0,,frozen_test,3+,,,0,accuracy,,experiment_v1_4/phase_archives/P4/v1_4_frozen_test_evidence_20260922T033233833147.zip::run/seed0/general/result.json,distance,general,,0.9997758852532497
0,,0,,frozen_test,3+,,,0,answer_ce,,experiment_v1_4/phase_archives/P4/v1_4_frozen_test_evidence_20260922T033233833147.zip::run/seed0/general/result.json,distance,general,,0.0005622039288431219
0,,0,,frozen_test,macro,,,0,coverage,,experiment_v1_4/phase_archives/P4/v1_4_frozen_test_evidence_20260922T033233833147.zip::run/seed0/general/result.json,truth_table,general,,1.0
0,,0,,frozen_test,macro,,,0,macro_accuracy,,experiment_v1_4/phase_archives/P4/v1_4_frozen_test_evidence_20260922T033233833147.zip::run/seed0/general/result.json,truth_table,general,,0.9988633841422527
0,,0,,frozen_test,macro,,,0,macro_answer_ce,,experiment_v1_4/phase_archives/P4/v1_4_frozen_test_evidence_20260922T033233833147.zip::run/seed0/general/result.json,truth_table,general,,0.0029214797260130785
0,,0,,frozen_test,AND:00,,,0,count,,experiment_v1_4/phase_archives/P4/v1_4_frozen_test_evidence_20260922T033233833147.zip::run/seed0/general/result.json,truth_table,general,,1342
0,,0,,frozen_test,AND:00,,,0,accuracy,,experiment_v1_4/phase_archives/P4/v1_4_frozen_test_evidence_20260922T033233833147.zip::run/seed0/general/result.json,truth_table,general,,1.0
0,,0,,frozen_test,AND:00,,,0,answer_ce,,experiment_v1_4/phase_archives/P4/v1_4_frozen_test_evidence_20260922T033233833147.zip::run/seed0/general/result.json,truth_table,general,,1.4816643229685985e-05
0,,0,,frozen_test,AND:01,,,0,count,,experiment_v1_4/phase_archives/P4/v1_4_frozen_test_evidence_20260922T033233833147.zip::run/seed0/general/result.json,truth_table,general,,1127
0,,0,,frozen_test,AND:01,,,0,accuracy,,experiment_v1_4/phase_archives/P4/v1_4_frozen_test_evidence_20260922T033233833147.zip::run/seed0/general/result.json,truth_table,general,,1.0
0,,0,,frozen_test,AND:01,,,0,answer_ce,,experiment_v1_4/phase_archives/P4/v1_4_frozen_test_evidence_20260922T033233833147.zip::run/seed0/general/result.json,truth_table,general,,0.0006704904490582988
0,,0,,frozen_test,AND:10,,,0,count,,experiment_v1_4/phase_archives/P4/v1_4_frozen_test_evidence_20260922T033233833147.zip::run/seed0/general/result.json,truth_table,general,,1208
0,,0,,frozen_test,AND:10,,,0,accuracy,,experiment_v1_4/phase_archives/P4/v1_4_frozen_test_evidence_20260922T033233833147.zip::run/seed0/general/result.json,truth_table,general,,1.0
0,,0,,frozen_test,AND:10,,,0,answer_ce,,experiment_v1_4/phase_archives/P4/v1_4_frozen_test_evidence_20260922T033233833147.zip::run/seed0/general/result.json,truth_table,general,,0.0009123541337083568
0,,0,,frozen_test,AND:11,,,0,count,,experiment_v1_4/phase_archives/P4/v1_4_frozen_test_evidence_20260922T033233833147.zip::run/seed0/general/result.json,truth_table,general,,1400
0,,0,,frozen_test,AND:11,,,0,accuracy,,experiment_v1_4/phase_archives/P4/v1_4_frozen_test_evidence_20260922T033233833147.zip::run/seed0/general/result.json,truth_table,general,,1.0
0,,0,,frozen_test,AND:11,,,0,answer_ce,,experiment_v1_4/phase_archives/P4/v1_4_frozen_test_evidence_20260922T033233833147.zip::run/seed0/general/result.json,truth_table,general,,0.0009559880102616652
0,,0,,frozen_test,OR:00,,,0,count,,experiment_v1_4/phase_archives/P4/v1_4_frozen_test_evidence_20260922T033233833147.zip::run/seed0/general/result.json,truth_table,general,,1437
0,,0,,frozen_test,OR:00,,,0,accuracy,,experiment_v1_4/phase_archives/P4/v1_4_frozen_test_evidence_20260922T033233833147.zip::run/seed0/general/result.json,truth_table,general,,0.9986082115518441
0,,0,,frozen_test,OR:00,,,0,answer_ce,,experiment_v1_4/phase_archives/P4/v1_4_frozen_test_evidence_20260922T033233833147.zip::run/seed0/general/result.json,truth_table,general,,0.003057669314930903
0,,0,,frozen_test,OR:01,,,0,count,,experiment_v1_4/phase_archives/P4/v1_4_frozen_test_evidence_20260922T033233833147.zip::run/seed0/general/result.json,truth_table,general,,1155
0,,0,,frozen_test,OR:01,,,0,accuracy,,experiment_v1_4/phase_archives/P4/v1_4_frozen_test_evidence_20260922T033233833147.zip::run/seed0/general/result.json,truth_table,general,,0.9982683982683983
0,,0,,frozen_test,OR:01,,,0,answer_ce,,experiment_v1_4/phase_archives/P4/v1_4_frozen_test_evidence_20260922T033233833147.zip::run/seed0/general/result.json,truth_table,general,,0.0034267813265457187
0,,0,,frozen_test,OR:10,,,0,count,,experiment_v1_4/phase_archives/P4/v1_4_frozen_test_evidence_20260922T033233833147.zip::run/seed0/general/result.json,truth_table,general,,1145
0,,0,,frozen_test,OR:10,,,0,accuracy,,experiment_v1_4/phase_archives/P4/v1_4_frozen_test_evidence_20260922T033233833147.zip::run/seed0/general/result.json,truth_table,general,,0.9991266375545852
0,,0,,frozen_test,OR:10,,,0,answer_ce,,experiment_v1_4/phase_archives/P4/v1_4_frozen_test_evidence_20260922T033233833147.zip::run/seed0/general/result.json,truth_table,general,,0.00212175287329344
0,,0,,frozen_test,OR:11,,,0,count,,experiment_v1_4/phase_archives/P4/v1_4_frozen_test_evidence_20260922T033233833147.zip::run/seed0/general/result.json,truth_table,general,,1354
0,,0,,frozen_test,OR:11,,,0,accuracy,,experiment_v1_4/phase_archives/P4/v1_4_frozen_test_evidence_20260922T033233833147.zip::run/seed0/general/result.json,truth_table,general,,1.0
0,,0,,frozen_test,OR:11,,,0,answer_ce,,experiment_v1_4/phase_archives/P4/v1_4_frozen_test_evidence_20260922T033233833147.zip::run/seed0/general/result.json,truth_table,general,,3.273334214153769e-05
0,,0,,frozen_test,XOR:00,,,0,count,,experiment_v1_4/phase_archives/P4/v1_4_frozen_test_evidence_20260922T033233833147.zip::run/seed0/general/result.json,truth_table,general,,1420
0,,0,,frozen_test,XOR:00,,,0,accuracy,,experiment_v1_4/phase_archives/P4/v1_4_frozen_test_evidence_20260922T033233833147.zip::run/seed0/general/result.json,truth_table,general,,0.997887323943662
0,,0,,frozen_test,XOR:00,,,0,answer_ce,,experiment_v1_4/phase_archives/P4/v1_4_frozen_test_evidence_20260922T033233833147.zip::run/seed0/general/result.json,truth_table,general,,0.008179287883666815
0,,0,,frozen_test,XOR:01,,,0,count,,experiment_v1_4/phase_archives/P4/v1_4_frozen_test_evidence_20260922T033233833147.zip::run/seed0/general/result.json,truth_table,general,,1202
0,,0,,frozen_test,XOR:01,,,0,accuracy,,experiment_v1_4/phase_archives/P4/v1_4_frozen_test_evidence_20260922T033233833147.zip::run/seed0/general/result.json,truth_table,general,,0.9966722129783694
0,,0,,frozen_test,XOR:01,,,0,answer_ce,,experiment_v1_4/phase_archives/P4/v1_4_frozen_test_evidence_20260922T033233833147.zip::run/seed0/general/result.json,truth_table,general,,0.007451382100286587
0,,0,,frozen_test,XOR:10,,,0,count,,experiment_v1_4/phase_archives/P4/v1_4_frozen_test_evidence_20260922T033233833147.zip::run/seed0/general/result.json,truth_table,general,,1158
0,,0,,frozen_test,XOR:10,,,0,accuracy,,experiment_v1_4/phase_archives/P4/v1_4_frozen_test_evidence_20260922T033233833147.zip::run/seed0/general/result.json,truth_table,general,,0.9965457685664939
0,,0,,frozen_test,XOR:10,,,0,answer_ce,,experiment_v1_4/phase_archives/P4/v1_4_frozen_test_evidence_20260922T033233833147.zip::run/seed0/general/result.json,truth_table,general,,0.006604136439314603
0,,0,,frozen_test,XOR:11,,,0,count,,experiment_v1_4/phase_archives/P4/v1_4_frozen_test_evidence_20260922T033233833147.zip::run/seed0/general/result.json,truth_table,general,,1337
0,,0,,frozen_test,XOR:11,,,0,accuracy,,experiment_v1_4/phase_archives/P4/v1_4_frozen_test_evidence_20260922T033233833147.zip::run/seed0/general/result.json,truth_table,general,,0.9992520568436799
0,,0,,frozen_test,XOR:11,,,0,answer_ce,,experiment_v1_4/phase_archives/P4/v1_4_frozen_test_evidence_20260922T033233833147.zip::run/seed0/general/result.json,truth_table,general,,0.0016303641957193273
1000,10694216489911704542,1000,,frozen_test,,,,0,answer_count,,experiment_v1_4/phase_archives/P4/v1_4_frozen_test_evidence_20260922T033233833147.zip::run/seed0/other_variable/result.json,overall,other_variable,,2048
1000,10694216489911704542,1000,,frozen_test,,,,0,sequence_count,,experiment_v1_4/phase_archives/P4/v1_4_frozen_test_evidence_20260922T033233833147.zip::run/seed0/other_variable/result.json,overall,other_variable,,2048
1000,10694216489911704542,1000,,frozen_test,,0.008074601364885851,0.0006305775105240164,0,answer_ce,,experiment_v1_4/phase_archives/P4/v1_4_frozen_test_evidence_20260922T033233833147.zip::run/seed0/other_variable/result.json,overall,other_variable,,0.003302473832638597
1000,10694216489911704542,1000,,frozen_test,,1.0,0.99755859375,0,accuracy,,experiment_v1_4/phase_archives/P4/v1_4_frozen_test_evidence_20260922T033233833147.zip::run/seed0/other_variable/result.json,overall,other_variable,,0.9990234375
1000,10694216489911704542,1000,,frozen_test,,1.0,0.99755859375,0,binary_accuracy,,experiment_v1_4/phase_archives/P4/v1_4_frozen_test_evidence_20260922T033233833147.zip::run/seed0/other_variable/result.json,overall,other_variable,,0.9990234375
1000,10694216489911704542,1000,,frozen_test,,0.999990803701803,0.999990147389326,0,bit_mass,,experiment_v1_4/phase_archives/P4/v1_4_frozen_test_evidence_20260922T033233833147.zip::run/seed0/other_variable/result.json,overall,other_variable,,0.9999904959404375
1000,10694216489911704542,1000,,frozen_test,,,,0,all_token_ce,,experiment_v1_4/phase_archives/P4/v1_4_frozen_test_evidence_20260922T033233833147.zip::run/seed0/other_variable/result.json,overall,other_variable,,0.9586501565689368
1000,10694216489911704542,1000,,frozen_test,,,,0,prediction_tokens,,experiment_v1_4/phase_archives/P4/v1_4_frozen_test_evidence_20260922T033233833147.zip::run/seed0/other_variable/result.json,overall,other_variable,,244587
0,,0,,frozen_test,,,,0,count,,experiment_v1_4/phase_archives/P4/v1_4_frozen_test_evidence_20260922T033233833147.zip::run/seed0/other_variable/result.json,baselines,other_variable,,2048
0,,0,,frozen_test,,,,0,majority_prediction,,experiment_v1_4/phase_archives/P4/v1_4_frozen_test_evidence_20260922T033233833147.zip::run/seed0/other_variable/result.json,baselines,other_variable,,0
0,,0,,frozen_test,,,,0,split_majority_accuracy,,experiment_v1_4/phase_archives/P4/v1_4_frozen_test_evidence_20260922T033233833147.zip::run/seed0/other_variable/result.json,baselines,other_variable,,0.53173828125
0,,0,,frozen_test,,,,0,independent_bernoulli_expected_accuracy,,experiment_v1_4/phase_archives/P4/v1_4_frozen_test_evidence_20260922T033233833147.zip::run/seed0/other_variable/result.json,baselines,other_variable,,0.5
0,,0,,frozen_test,,,,0,latest_set_or_initialization_accuracy,,experiment_v1_4/phase_archives/P4/v1_4_frozen_test_evidence_20260922T033233833147.zip::run/seed0/other_variable/result.json,baselines,other_variable,,0.68017578125
0,,0,,frozen_test,,,,0,latest_read_copy_accuracy,,experiment_v1_4/phase_archives/P4/v1_4_frozen_test_evidence_20260922T033233833147.zip::run/seed0/other_variable/result.json,baselines,other_variable,,0.6357421875
0,,0,,frozen_test,macro,,,0,coverage,,experiment_v1_4/phase_archives/P4/v1_4_frozen_test_evidence_20260922T033233833147.zip::run/seed0/other_variable/result.json,operator,other_variable,,1.0
0,,0,,frozen_test,macro,,,0,macro_accuracy,,experiment_v1_4/phase_archives/P4/v1_4_frozen_test_evidence_20260922T033233833147.zip::run/seed0/other_variable/result.json,operator,other_variable,,0.9989592263528434
0,,0,,frozen_test,macro,,,0,macro_answer_ce,,experiment_v1_4/phase_archives/P4/v1_4_frozen_test_evidence_20260922T033233833147.zip::run/seed0/other_variable/result.json,operator,other_variable,,0.003518162829210985
0,,0,,frozen_test,initialization,,,0,count,,experiment_v1_4/phase_archives/P4/v1_4_frozen_test_evidence_20260922T033233833147.zip::run/seed0/other_variable/result.json,operator,other_variable,,332
0,,0,,frozen_test,initialization,,,0,accuracy,,experiment_v1_4/phase_archives/P4/v1_4_frozen_test_evidence_20260922T033233833147.zip::run/seed0/other_variable/result.json,operator,other_variable,,1.0
0,,0,,frozen_test,initialization,,,0,answer_ce,,experiment_v1_4/phase_archives/P4/v1_4_frozen_test_evidence_20260922T033233833147.zip::run/seed0/other_variable/result.json,operator,other_variable,,1.7426868160065026e-05
0,,0,,frozen_test,SET,,,0,count,,experiment_v1_4/phase_archives/P4/v1_4_frozen_test_evidence_20260922T033233833147.zip::run/seed0/other_variable/result.json,operator,other_variable,,414
0,,0,,frozen_test,SET,,,0,accuracy,,experiment_v1_4/phase_archives/P4/v1_4_frozen_test_evidence_20260922T033233833147.zip::run/seed0/other_variable/result.json,operator,other_variable,,1.0
0,,0,,frozen_test,SET,,,0,answer_ce,,experiment_v1_4/phase_archives/P4/v1_4_frozen_test_evidence_20260922T033233833147.zip::run/seed0/other_variable/result.json,operator,other_variable,,1.799797349271331e-05
0,,0,,frozen_test,NOT,,,0,count,,experiment_v1_4/phase_archives/P4/v1_4_frozen_test_evidence_20260922T033233833147.zip::run/seed0/other_variable/result.json,operator,other_variable,,403
0,,0,,frozen_test,NOT,,,0,accuracy,,experiment_v1_4/phase_archives/P4/v1_4_frozen_test_evidence_20260922T033233833147.zip::run/seed0/other_variable/result.json,operator,other_variable,,1.0
0,,0,,frozen_test,NOT,,,0,answer_ce,,experiment_v1_4/phase_archives/P4/v1_4_frozen_test_evidence_20260922T033233833147.zip::run/seed0/other_variable/result.json,operator,other_variable,,0.001362243525350197
0,,0,,frozen_test,AND,,,0,count,,experiment_v1_4/phase_archives/P4/v1_4_frozen_test_evidence_20260922T033233833147.zip::run/seed0/other_variable/result.json,operator,other_variable,,329
0,,0,,frozen_test,AND,,,0,accuracy,,experiment_v1_4/phase_archives/P4/v1_4_frozen_test_evidence_20260922T033233833147.zip::run/seed0/other_variable/result.json,operator,other_variable,,0.9969604863221885
0,,0,,frozen_test,AND,,,0,answer_ce,,experiment_v1_4/phase_archives/P4/v1_4_frozen_test_evidence_20260922T033233833147.zip::run/seed0/other_variable/result.json,operator,other_variable,,0.003676973403968923
0,,0,,frozen_test,OR,,,0,count,,experiment_v1_4/phase_archives/P4/v1_4_frozen_test_evidence_20260922T033233833147.zip::run/seed0/other_variable/result.json,operator,other_variable,,258
0,,0,,frozen_test,OR,,,0,accuracy,,experiment_v1_4/phase_archives/P4/v1_4_frozen_test_evidence_20260922T033233833147.zip::run/seed0/other_variable/result.json,operator,other_variable,,1.0
0,,0,,frozen_test,OR,,,0,answer_ce,,experiment_v1_4/phase_archives/P4/v1_4_frozen_test_evidence_20260922T033233833147.zip::run/seed0/other_variable/result.json,operator,other_variable,,0.00020724900690582626
0,,0,,frozen_test,XOR,,,0,count,,experiment_v1_4/phase_archives/P4/v1_4_frozen_test_evidence_20260922T033233833147.zip::run/seed0/other_variable/result.json,operator,other_variable,,312
0,,0,,frozen_test,XOR,,,0,accuracy,,experiment_v1_4/phase_archives/P4/v1_4_frozen_test_evidence_20260922T033233833147.zip::run/seed0/other_variable/result.json,operator,other_variable,,0.9967948717948718
0,,0,,frozen_test,XOR,,,0,answer_ce,,experiment_v1_4/phase_archives/P4/v1_4_frozen_test_evidence_20260922T033233833147.zip::run/seed0/other_variable/result.json,operator,other_variable,,0.015827086197388186
0,,0,,frozen_test,macro,,,0,coverage,,experiment_v1_4/phase_archives/P4/v1_4_frozen_test_evidence_20260922T033233833147.zip::run/seed0/other_variable/result.json,query_var,other_variable,,1.0
0,,0,,frozen_test,macro,,,0,macro_accuracy,,experiment_v1_4/phase_archives/P4/v1_4_frozen_test_evidence_20260922T033233833147.zip::run/seed0/other_variable/result.json,query_var,other_variable,,0.9990601503759399
0,,0,,frozen_test,macro,,,0,macro_answer_ce,,experiment_v1_4/phase_archives/P4/v1_4_frozen_test_evidence_20260922T033233833147.zip::run/seed0/other_variable/result.json,query_var,other_variable,,0.003217859159718863
0,,0,,frozen_test,A,,,0,count,,experiment_v1_4/phase_archives/P4/v1_4_frozen_test_evidence_20260922T033233833147.zip::run/seed0/other_variable/result.json,query_var,other_variable,,482
0,,0,,frozen_test,A,,,0,accuracy,,experiment_v1_4/phase_archives/P4/v1_4_frozen_test_evidence_20260922T033233833147.zip::run/seed0/other_variable/result.json,query_var,other_variable,,1.0
0,,0,,frozen_test,A,,,0,answer_ce,,experiment_v1_4/phase_archives/P4/v1_4_frozen_test_evidence_20260922T033233833147.zip::run/seed0/other_variable/result.json,query_var,other_variable,,0.002169030170612188
0,,0,,frozen_test,B,,,0,count,,experiment_v1_4/phase_archives/P4/v1_4_frozen_test_evidence_20260922T033233833147.zip::run/seed0/other_variable/result.json,query_var,other_variable,,532
0,,0,,frozen_test,B,,,0,accuracy,,experiment_v1_4/phase_archives/P4/v1_4_frozen_test_evidence_20260922T033233833147.zip::run/seed0/other_variable/result.json,query_var,other_variable,,0.9962406015037594
0,,0,,frozen_test,B,,,0,answer_ce,,experiment_v1_4/phase_archives/P4/v1_4_frozen_test_evidence_20260922T033233833147.zip::run/seed0/other_variable/result.json,query_var,other_variable,,0.009711043347779127
0,,0,,frozen_test,C,,,0,count,,experiment_v1_4/phase_archives/P4/v1_4_frozen_test_evidence_20260922T033233833147.zip::run/seed0/other_variable/result.json,query_var,other_variable,,474
0,,0,,frozen_test,C,,,0,accuracy,,experiment_v1_4/phase_archives/P4/v1_4_frozen_test_evidence_20260922T033233833147.zip::run/seed0/other_variable/result.json,query_var,other_variable,,1.0
0,,0,,frozen_test,C,,,0,answer_ce,,experiment_v1_4/phase_archives/P4/v1_4_frozen_test_evidence_20260922T033233833147.zip::run/seed0/other_variable/result.json,query_var,other_variable,,4.0052807916741465e-05
0,,0,,frozen_test,D,,,0,count,,experiment_v1_4/phase_archives/P4/v1_4_frozen_test_evidence_20260922T033233833147.zip::run/seed0/other_variable/result.json,query_var,other_variable,,560
0,,0,,frozen_test,D,,,0,accuracy,,experiment_v1_4/phase_archives/P4/v1_4_frozen_test_evidence_20260922T033233833147.zip::run/seed0/other_variable/result.json,query_var,other_variable,,1.0
0,,0,,frozen_test,D,,,0,answer_ce,,experiment_v1_4/phase_archives/P4/v1_4_frozen_test_evidence_20260922T033233833147.zip::run/seed0/other_variable/result.json,query_var,other_variable,,0.0009513103125673946
0,,0,,frozen_test,macro,,,0,coverage,,experiment_v1_4/phase_archives/P4/v1_4_frozen_test_evidence_20260922T033233833147.zip::run/seed0/other_variable/result.json,answer,other_variable,,1.0
0,,0,,frozen_test,macro,,,0,macro_accuracy,,experiment_v1_4/phase_archives/P4/v1_4_frozen_test_evidence_20260922T033233833147.zip::run/seed0/other_variable/result.json,answer,other_variable,,0.9990194867434417
0,,0,,frozen_test,macro,,,0,macro_answer_ce,,experiment_v1_4/phase_archives/P4/v1_4_frozen_test_evidence_20260922T033233833147.zip::run/seed0/other_variable/result.json,answer,other_variable,,0.0031868987655721565
0,,0,,frozen_test,0,,,0,count,,experiment_v1_4/phase_archives/P4/v1_4_frozen_test_evidence_20260922T033233833147.zip::run/seed0/other_variable/result.json,answer,other_variable,,1089
0,,0,,frozen_test,0,,,0,accuracy,,experiment_v1_4/phase_archives/P4/v1_4_frozen_test_evidence_20260922T033233833147.zip::run/seed0/other_variable/result.json,answer,other_variable,,0.9990817263544536
0,,0,,frozen_test,0,,,0,answer_ce,,experiment_v1_4/phase_archives/P4/v1_4_frozen_test_evidence_20260922T033233833147.zip::run/seed0/other_variable/result.json,answer,other_variable,,0.005007650591357315
0,,0,,frozen_test,1,,,0,count,,experiment_v1_4/phase_archives/P4/v1_4_frozen_test_evidence_20260922T033233833147.zip::run/seed0/other_variable/result.json,answer,other_variable,,959
0,,0,,frozen_test,1,,,0,accuracy,,experiment_v1_4/phase_archives/P4/v1_4_frozen_test_evidence_20260922T033233833147.zip::run/seed0/other_variable/result.json,answer,other_variable,,0.9989572471324296
0,,0,,frozen_test,1,,,0,answer_ce,,experiment_v1_4/phase_archives/P4/v1_4_frozen_test_evidence_20260922T033233833147.zip::run/seed0/other_variable/result.json,answer,other_variable,,0.0013661469397869973
0,,0,,frozen_test,macro,,,0,coverage,,experiment_v1_4/phase_archives/P4/v1_4_frozen_test_evidence_20260922T033233833147.zip::run/seed0/other_variable/result.json,blocks,other_variable,,1.0
0,,0,,frozen_test,macro,,,0,macro_accuracy,,experiment_v1_4/phase_archives/P4/v1_4_frozen_test_evidence_20260922T033233833147.zip::run/seed0/other_variable/result.json,blocks,other_variable,,0.9990300793214483
0,,0,,frozen_test,macro,,,0,macro_answer_ce,,experiment_v1_4/phase_archives/P4/v1_4_frozen_test_evidence_20260922T033233833147.zip::run/seed0/other_variable/result.json,blocks,other_variable,,0.003076538081958335
0,,0,,frozen_test,8,,,0,count,,experiment_v1_4/phase_archives/P4/v1_4_frozen_test_evidence_20260922T033233833147.zip::run/seed0/other_variable/result.json,blocks,other_variable,,138
0,,0,,frozen_test,8,,,0,accuracy,,experiment_v1_4/phase_archives/P4/v1_4_frozen_test_evidence_20260922T033233833147.zip::run/seed0/other_variable/result.json,blocks,other_variable,,1.0
0,,0,,frozen_test,8,,,0,answer_ce,,experiment_v1_4/phase_archives/P4/v1_4_frozen_test_evidence_20260922T033233833147.zip::run/seed0/other_variable/result.json,blocks,other_variable,,2.0739305573838266e-05
0,,0,,frozen_test,9,,,0,count,,experiment_v1_4/phase_archives/P4/v1_4_frozen_test_evidence_20260922T033233833147.zip::run/seed0/other_variable/result.json,blocks,other_variable,,138
0,,0,,frozen_test,9,,,0,accuracy,,experiment_v1_4/phase_archives/P4/v1_4_frozen_test_evidence_20260922T033233833147.zip::run/seed0/other_variable/result.json,blocks,other_variable,,1.0
0,,0,,frozen_test,9,,,0,answer_ce,,experiment_v1_4/phase_archives/P4/v1_4_frozen_test_evidence_20260922T033233833147.zip::run/seed0/other_variable/result.json,blocks,other_variable,,5.535634468155943e-05
0,,0,,frozen_test,10,,,0,count,,experiment_v1_4/phase_archives/P4/v1_4_frozen_test_evidence_20260922T033233833147.zip::run/seed0/other_variable/result.json,blocks,other_variable,,126
0,,0,,frozen_test,10,,,0,accuracy,,experiment_v1_4/phase_archives/P4/v1_4_frozen_test_evidence_20260922T033233833147.zip::run/seed0/other_variable/result.json,blocks,other_variable,,1.0
0,,0,,frozen_test,10,,,0,answer_ce,,experiment_v1_4/phase_archives/P4/v1_4_frozen_test_evidence_20260922T033233833147.zip::run/seed0/other_variable/result.json,blocks,other_variable,,0.0008195861507901431
0,,0,,frozen_test,11,,,0,count,,experiment_v1_4/phase_archives/P4/v1_4_frozen_test_evidence_20260922T033233833147.zip::run/seed0/other_variable/result.json,blocks,other_variable,,125
0,,0,,frozen_test,11,,,0,accuracy,,experiment_v1_4/phase_archives/P4/v1_4_frozen_test_evidence_20260922T033233833147.zip::run/seed0/other_variable/result.json,blocks,other_variable,,1.0
0,,0,,frozen_test,11,,,0,answer_ce,,experiment_v1_4/phase_archives/P4/v1_4_frozen_test_evidence_20260922T033233833147.zip::run/seed0/other_variable/result.json,blocks,other_variable,,1.969753985031275e-05
0,,0,,frozen_test,12,,,0,count,,experiment_v1_4/phase_archives/P4/v1_4_frozen_test_evidence_20260922T033233833147.zip::run/seed0/other_variable/result.json,blocks,other_variable,,114
0,,0,,frozen_test,12,,,0,accuracy,,experiment_v1_4/phase_archives/P4/v1_4_frozen_test_evidence_20260922T033233833147.zip::run/seed0/other_variable/result.json,blocks,other_variable,,1.0
0,,0,,frozen_test,12,,,0,answer_ce,,experiment_v1_4/phase_archives/P4/v1_4_frozen_test_evidence_20260922T033233833147.zip::run/seed0/other_variable/result.json,blocks,other_variable,,4.805963670294563e-05
0,,0,,frozen_test,13,,,0,count,,experiment_v1_4/phase_archives/P4/v1_4_frozen_test_evidence_20260922T033233833147.zip::run/seed0/other_variable/result.json,blocks,other_variable,,102
0,,0,,frozen_test,13,,,0,accuracy,,experiment_v1_4/phase_archives/P4/v1_4_frozen_test_evidence_20260922T033233833147.zip::run/seed0/other_variable/result.json,blocks,other_variable,,1.0
0,,0,,frozen_test,13,,,0,answer_ce,,experiment_v1_4/phase_archives/P4/v1_4_frozen_test_evidence_20260922T033233833147.zip::run/seed0/other_variable/result.json,blocks,other_variable,,9.906435612791421e-05
0,,0,,frozen_test,14,,,0,count,,experiment_v1_4/phase_archives/P4/v1_4_frozen_test_evidence_20260922T033233833147.zip::run/seed0/other_variable/result.json,blocks,other_variable,,120
0,,0,,frozen_test,14,,,0,accuracy,,experiment_v1_4/phase_archives/P4/v1_4_frozen_test_evidence_20260922T033233833147.zip::run/seed0/other_variable/result.json,blocks,other_variable,,1.0
0,,0,,frozen_test,14,,,0,answer_ce,,experiment_v1_4/phase_archives/P4/v1_4_frozen_test_evidence_20260922T033233833147.zip::run/seed0/other_variable/result.json,blocks,other_variable,,2.3616642041209466e-05
0,,0,,frozen_test,15,,,0,count,,experiment_v1_4/phase_archives/P4/v1_4_frozen_test_evidence_20260922T033233833147.zip::run/seed0/other_variable/result.json,blocks,other_variable,,106
0,,0,,frozen_test,15,,,0,accuracy,,experiment_v1_4/phase_archives/P4/v1_4_frozen_test_evidence_20260922T033233833147.zip::run/seed0/other_variable/result.json,blocks,other_variable,,1.0
0,,0,,frozen_test,15,,,0,answer_ce,,experiment_v1_4/phase_archives/P4/v1_4_frozen_test_evidence_20260922T033233833147.zip::run/seed0/other_variable/result.json,blocks,other_variable,,0.00022489596090654573
0,,0,,frozen_test,16,,,0,count,,experiment_v1_4/phase_archives/P4/v1_4_frozen_test_evidence_20260922T033233833147.zip::run/seed0/other_variable/result.json,blocks,other_variable,,114
0,,0,,frozen_test,16,,,0,accuracy,,experiment_v1_4/phase_archives/P4/v1_4_frozen_test_evidence_20260922T033233833147.zip::run/seed0/other_variable/result.json,blocks,other_variable,,1.0
0,,0,,frozen_test,16,,,0,answer_ce,,experiment_v1_4/phase_archives/P4/v1_4_frozen_test_evidence_20260922T033233833147.zip::run/seed0/other_variable/result.json,blocks,other_variable,,0.0016920194040179475
0,,0,,frozen_test,17,,,0,count,,experiment_v1_4/phase_archives/P4/v1_4_frozen_test_evidence_20260922T033233833147.zip::run/seed0/other_variable/result.json,blocks,other_variable,,117
0,,0,,frozen_test,17,,,0,accuracy,,experiment_v1_4/phase_archives/P4/v1_4_frozen_test_evidence_20260922T033233833147.zip::run/seed0/other_variable/result.json,blocks,other_variable,,1.0
0,,0,,frozen_test,17,,,0,answer_ce,,experiment_v1_4/phase_archives/P4/v1_4_frozen_test_evidence_20260922T033233833147.zip::run/seed0/other_variable/result.json,blocks,other_variable,,3.769688302206779e-05
0,,0,,frozen_test,18,,,0,count,,experiment_v1_4/phase_archives/P4/v1_4_frozen_test_evidence_20260922T033233833147.zip::run/seed0/other_variable/result.json,blocks,other_variable,,116
0,,0,,frozen_test,18,,,0,accuracy,,experiment_v1_4/phase_archives/P4/v1_4_frozen_test_evidence_20260922T033233833147.zip::run/seed0/other_variable/result.json,blocks,other_variable,,1.0
0,,0,,frozen_test,18,,,0,answer_ce,,experiment_v1_4/phase_archives/P4/v1_4_frozen_test_evidence_20260922T033233833147.zip::run/seed0/other_variable/result.json,blocks,other_variable,,0.00027503413754606423
0,,0,,frozen_test,19,,,0,count,,experiment_v1_4/phase_archives/P4/v1_4_frozen_test_evidence_20260922T033233833147.zip::run/seed0/other_variable/result.json,blocks,other_variable,,140
0,,0,,frozen_test,19,,,0,accuracy,,experiment_v1_4/phase_archives/P4/v1_4_frozen_test_evidence_20260922T033233833147.zip::run/seed0/other_variable/result.json,blocks,other_variable,,0.9928571428571429
0,,0,,frozen_test,19,,,0,answer_ce,,experiment_v1_4/phase_archives/P4/v1_4_frozen_test_evidence_20260922T033233833147.zip::run/seed0/other_variable/result.json,blocks,other_variable,,0.03123165691887542
0,,0,,frozen_test,20,,,0,count,,experiment_v1_4/phase_archives/P4/v1_4_frozen_test_evidence_20260922T033233833147.zip::run/seed0/other_variable/result.json,blocks,other_variable,,106
0,,0,,frozen_test,20,,,0,accuracy,,experiment_v1_4/phase_archives/P4/v1_4_frozen_test_evidence_20260922T033233833147.zip::run/seed0/other_variable/result.json,blocks,other_variable,,1.0
0,,0,,frozen_test,20,,,0,answer_ce,,experiment_v1_4/phase_archives/P4/v1_4_frozen_test_evidence_20260922T033233833147.zip::run/seed0/other_variable/result.json,blocks,other_variable,,0.001669161917291449
0,,0,,frozen_test,21,,,0,count,,experiment_v1_4/phase_archives/P4/v1_4_frozen_test_evidence_20260922T033233833147.zip::run/seed0/other_variable/result.json,blocks,other_variable,,137
0,,0,,frozen_test,21,,,0,accuracy,,experiment_v1_4/phase_archives/P4/v1_4_frozen_test_evidence_20260922T033233833147.zip::run/seed0/other_variable/result.json,blocks,other_variable,,1.0
0,,0,,frozen_test,21,,,0,answer_ce,,experiment_v1_4/phase_archives/P4/v1_4_frozen_test_evidence_20260922T033233833147.zip::run/seed0/other_variable/result.json,blocks,other_variable,,4.071293350713932e-05
0,,0,,frozen_test,22,,,0,count,,experiment_v1_4/phase_archives/P4/v1_4_frozen_test_evidence_20260922T033233833147.zip::run/seed0/other_variable/result.json,blocks,other_variable,,117
0,,0,,frozen_test,22,,,0,accuracy,,experiment_v1_4/phase_archives/P4/v1_4_frozen_test_evidence_20260922T033233833147.zip::run/seed0/other_variable/result.json,blocks,other_variable,,1.0
0,,0,,frozen_test,22,,,0,answer_ce,,experiment_v1_4/phase_archives/P4/v1_4_frozen_test_evidence_20260922T033233833147.zip::run/seed0/other_variable/result.json,blocks,other_variable,,0.00045870003558441094
0,,0,,frozen_test,23,,,0,count,,experiment_v1_4/phase_archives/P4/v1_4_frozen_test_evidence_20260922T033233833147.zip::run/seed0/other_variable/result.json,blocks,other_variable,,125
0,,0,,frozen_test,23,,,0,accuracy,,experiment_v1_4/phase_archives/P4/v1_4_frozen_test_evidence_20260922T033233833147.zip::run/seed0/other_variable/result.json,blocks,other_variable,,1.0
0,,0,,frozen_test,23,,,0,answer_ce,,experiment_v1_4/phase_archives/P4/v1_4_frozen_test_evidence_20260922T033233833147.zip::run/seed0/other_variable/result.json,blocks,other_variable,,0.005530802649809629
0,,0,,frozen_test,24,,,0,count,,experiment_v1_4/phase_archives/P4/v1_4_frozen_test_evidence_20260922T033233833147.zip::run/seed0/other_variable/result.json,blocks,other_variable,,107
0,,0,,frozen_test,24,,,0,accuracy,,experiment_v1_4/phase_archives/P4/v1_4_frozen_test_evidence_20260922T033233833147.zip::run/seed0/other_variable/result.json,blocks,other_variable,,0.9906542056074766
0,,0,,frozen_test,24,,,0,answer_ce,,experiment_v1_4/phase_archives/P4/v1_4_frozen_test_evidence_20260922T033233833147.zip::run/seed0/other_variable/result.json,blocks,other_variable,,0.010054346576963096
0,,0,,frozen_test,macro,,,0,coverage,,experiment_v1_4/phase_archives/P4/v1_4_frozen_test_evidence_20260922T033233833147.zip::run/seed0/other_variable/result.json,distance,other_variable,,0.6666666666666666
0,,0,,frozen_test,macro,,,0,macro_accuracy,,experiment_v1_4/phase_archives/P4/v1_4_frozen_test_evidence_20260922T033233833147.zip::run/seed0/other_variable/result.json,distance,other_variable,,0.9990156638261263
0,,0,,frozen_test,macro,,,0,macro_answer_ce,,experiment_v1_4/phase_archives/P4/v1_4_frozen_test_evidence_20260922T033233833147.zip::run/seed0/other_variable/result.json,distance,other_variable,,0.003472831733120612
0,,0,,frozen_test,0,,,0,count,,experiment_v1_4/phase_archives/P4/v1_4_frozen_test_evidence_20260922T033233833147.zip::run/seed0/other_variable/result.json,distance,other_variable,,0
0,,0,,frozen_test,0,,,0,accuracy,empty stratum or undefined metric; see count/coverage,experiment_v1_4/phase_archives/P4/v1_4_frozen_test_evidence_20260922T033233833147.zip::run/seed0/other_variable/result.json,distance,other_variable,,
0,,0,,frozen_test,0,,,0,answer_ce,empty stratum or undefined metric; see count/coverage,experiment_v1_4/phase_archives/P4/v1_4_frozen_test_evidence_20260922T033233833147.zip::run/seed0/other_variable/result.json,distance,other_variable,,
0,,0,,frozen_test,1-2,,,0,count,,experiment_v1_4/phase_archives/P4/v1_4_frozen_test_evidence_20260922T033233833147.zip::run/seed0/other_variable/result.json,distance,other_variable,,933
0,,0,,frozen_test,1-2,,,0,accuracy,,experiment_v1_4/phase_archives/P4/v1_4_frozen_test_evidence_20260922T033233833147.zip::run/seed0/other_variable/result.json,distance,other_variable,,0.9989281886387996
0,,0,,frozen_test,1-2,,,0,answer_ce,,experiment_v1_4/phase_archives/P4/v1_4_frozen_test_evidence_20260922T033233833147.zip::run/seed0/other_variable/result.json,distance,other_variable,,0.0053898261297533915
0,,0,,frozen_test,3+,,,0,count,,experiment_v1_4/phase_archives/P4/v1_4_frozen_test_evidence_20260922T033233833147.zip::run/seed0/other_variable/result.json,distance,other_variable,,1115
0,,0,,frozen_test,3+,,,0,accuracy,,experiment_v1_4/phase_archives/P4/v1_4_frozen_test_evidence_20260922T033233833147.zip::run/seed0/other_variable/result.json,distance,other_variable,,0.9991031390134529
0,,0,,frozen_test,3+,,,0,answer_ce,,experiment_v1_4/phase_archives/P4/v1_4_frozen_test_evidence_20260922T033233833147.zip::run/seed0/other_variable/result.json,distance,other_variable,,0.0015558373364878322
0,,0,,frozen_test,macro,,,0,coverage,,experiment_v1_4/phase_archives/P4/v1_4_frozen_test_evidence_20260922T033233833147.zip::run/seed0/other_variable/result.json,truth_table,other_variable,,1.0
0,,0,,frozen_test,macro,,,0,macro_accuracy,,experiment_v1_4/phase_archives/P4/v1_4_frozen_test_evidence_20260922T033233833147.zip::run/seed0/other_variable/result.json,truth_table,other_variable,,0.9980716069199215
0,,0,,frozen_test,macro,,,0,macro_answer_ce,,experiment_v1_4/phase_archives/P4/v1_4_frozen_test_evidence_20260922T033233833147.zip::run/seed0/other_variable/result.json,truth_table,other_variable,,0.005935692688764027
0,,0,,frozen_test,AND:00,,,0,count,,experiment_v1_4/phase_archives/P4/v1_4_frozen_test_evidence_20260922T033233833147.zip::run/seed0/other_variable/result.json,truth_table,other_variable,,87
0,,0,,frozen_test,AND:00,,,0,accuracy,,experiment_v1_4/phase_archives/P4/v1_4_frozen_test_evidence_20260922T033233833147.zip::run/seed0/other_variable/result.json,truth_table,other_variable,,1.0
0,,0,,frozen_test,AND:00,,,0,answer_ce,,experiment_v1_4/phase_archives/P4/v1_4_frozen_test_evidence_20260922T033233833147.zip::run/seed0/other_variable/result.json,truth_table,other_variable,,1.2203112231057684e-05
0,,0,,frozen_test,AND:01,,,0,count,,experiment_v1_4/phase_archives/P4/v1_4_frozen_test_evidence_20260922T033233833147.zip::run/seed0/other_variable/result.json,truth_table,other_variable,,80
0,,0,,frozen_test,AND:01,,,0,accuracy,,experiment_v1_4/phase_archives/P4/v1_4_frozen_test_evidence_20260922T033233833147.zip::run/seed0/other_variable/result.json,truth_table,other_variable,,1.0
0,,0,,frozen_test,AND:01,,,0,answer_ce,,experiment_v1_4/phase_archives/P4/v1_4_frozen_test_evidence_20260922T033233833147.zip::run/seed0/other_variable/result.json,truth_table,other_variable,,0.0019477183575872914
0,,0,,frozen_test,AND:10,,,0,count,,experiment_v1_4/phase_archives/P4/v1_4_frozen_test_evidence_20260922T033233833147.zip::run/seed0/other_variable/result.json,truth_table,other_variable,,78
0,,0,,frozen_test,AND:10,,,0,accuracy,,experiment_v1_4/phase_archives/P4/v1_4_frozen_test_evidence_20260922T033233833147.zip::run/seed0/other_variable/result.json,truth_table,other_variable,,1.0
0,,0,,frozen_test,AND:10,,,0,answer_ce,,experiment_v1_4/phase_archives/P4/v1_4_frozen_test_evidence_20260922T033233833147.zip::run/seed0/other_variable/result.json,truth_table,other_variable,,3.191153151559635e-05
0,,0,,frozen_test,AND:11,,,0,count,,experiment_v1_4/phase_archives/P4/v1_4_frozen_test_evidence_20260922T033233833147.zip::run/seed0/other_variable/result.json,truth_table,other_variable,,84
0,,0,,frozen_test,AND:11,,,0,accuracy,,experiment_v1_4/phase_archives/P4/v1_4_frozen_test_evidence_20260922T033233833147.zip::run/seed0/other_variable/result.json,truth_table,other_variable,,0.9880952380952381
0,,0,,frozen_test,AND:11,,,0,answer_ce,,experiment_v1_4/phase_archives/P4/v1_4_frozen_test_evidence_20260922T033233833147.zip::run/seed0/other_variable/result.json,truth_table,other_variable,,0.012504238227100879
0,,0,,frozen_test,OR:00,,,0,count,,experiment_v1_4/phase_archives/P4/v1_4_frozen_test_evidence_20260922T033233833147.zip::run/seed0/other_variable/result.json,truth_table,other_variable,,76
0,,0,,frozen_test,OR:00,,,0,accuracy,,experiment_v1_4/phase_archives/P4/v1_4_frozen_test_evidence_20260922T033233833147.zip::run/seed0/other_variable/result.json,truth_table,other_variable,,1.0
0,,0,,frozen_test,OR:00,,,0,answer_ce,,experiment_v1_4/phase_archives/P4/v1_4_frozen_test_evidence_20260922T033233833147.zip::run/seed0/other_variable/result.json,truth_table,other_variable,,0.0006338514502467182
0,,0,,frozen_test,OR:01,,,0,count,,experiment_v1_4/phase_archives/P4/v1_4_frozen_test_evidence_20260922T033233833147.zip::run/seed0/other_variable/result.json,truth_table,other_variable,,64
0,,0,,frozen_test,OR:01,,,0,accuracy,,experiment_v1_4/phase_archives/P4/v1_4_frozen_test_evidence_20260922T033233833147.zip::run/seed0/other_variable/result.json,truth_table,other_variable,,1.0
0,,0,,frozen_test,OR:01,,,0,answer_ce,,experiment_v1_4/phase_archives/P4/v1_4_frozen_test_evidence_20260922T033233833147.zip::run/seed0/other_variable/result.json,truth_table,other_variable,,3.856557646031433e-05
0,,0,,frozen_test,OR:10,,,0,count,,experiment_v1_4/phase_archives/P4/v1_4_frozen_test_evidence_20260922T033233833147.zip::run/seed0/other_variable/result.json,truth_table,other_variable,,65
0,,0,,frozen_test,OR:10,,,0,accuracy,,experiment_v1_4/phase_archives/P4/v1_4_frozen_test_evidence_20260922T033233833147.zip::run/seed0/other_variable/result.json,truth_table,other_variable,,1.0
0,,0,,frozen_test,OR:10,,,0,answer_ce,,experiment_v1_4/phase_archives/P4/v1_4_frozen_test_evidence_20260922T033233833147.zip::run/seed0/other_variable/result.json,truth_table,other_variable,,2.5445415723459937e-05
0,,0,,frozen_test,OR:11,,,0,count,,experiment_v1_4/phase_archives/P4/v1_4_frozen_test_evidence_20260922T033233833147.zip::run/seed0/other_variable/result.json,truth_table,other_variable,,53
0,,0,,frozen_test,OR:11,,,0,accuracy,,experiment_v1_4/phase_archives/P4/v1_4_frozen_test_evidence_20260922T033233833147.zip::run/seed0/other_variable/result.json,truth_table,other_variable,,1.0
0,,0,,frozen_test,OR:11,,,0,answer_ce,,experiment_v1_4/phase_archives/P4/v1_4_frozen_test_evidence_20260922T033233833147.zip::run/seed0/other_variable/result.json,truth_table,other_variable,,2.217706882014304e-05
0,,0,,frozen_test,XOR:00,,,0,count,,experiment_v1_4/phase_archives/P4/v1_4_frozen_test_evidence_20260922T033233833147.zip::run/seed0/other_variable/result.json,truth_table,other_variable,,89
0,,0,,frozen_test,XOR:00,,,0,accuracy,,experiment_v1_4/phase_archives/P4/v1_4_frozen_test_evidence_20260922T033233833147.zip::run/seed0/other_variable/result.json,truth_table,other_variable,,0.9887640449438202
0,,0,,frozen_test,XOR:00,,,0,answer_ce,,experiment_v1_4/phase_archives/P4/v1_4_frozen_test_evidence_20260922T033233833147.zip::run/seed0/other_variable/result.json,truth_table,other_variable,,0.05148843286125678
0,,0,,frozen_test,XOR:01,,,0,count,,experiment_v1_4/phase_archives/P4/v1_4_frozen_test_evidence_20260922T033233833147.zip::run/seed0/other_variable/result.json,truth_table,other_variable,,69
0,,0,,frozen_test,XOR:01,,,0,accuracy,,experiment_v1_4/phase_archives/P4/v1_4_frozen_test_evidence_20260922T033233833147.zip::run/seed0/other_variable/result.json,truth_table,other_variable,,1.0
0,,0,,frozen_test,XOR:01,,,0,answer_ce,,experiment_v1_4/phase_archives/P4/v1_4_frozen_test_evidence_20260922T033233833147.zip::run/seed0/other_variable/result.json,truth_table,other_variable,,0.00015160446185989818
0,,0,,frozen_test,XOR:10,,,0,count,,experiment_v1_4/phase_archives/P4/v1_4_frozen_test_evidence_20260922T033233833147.zip::run/seed0/other_variable/result.json,truth_table,other_variable,,75
0,,0,,frozen_test,XOR:10,,,0,accuracy,,experiment_v1_4/phase_archives/P4/v1_4_frozen_test_evidence_20260922T033233833147.zip::run/seed0/other_variable/result.json,truth_table,other_variable,,1.0
0,,0,,frozen_test,XOR:10,,,0,answer_ce,,experiment_v1_4/phase_archives/P4/v1_4_frozen_test_evidence_20260922T033233833147.zip::run/seed0/other_variable/result.json,truth_table,other_variable,,7.03277305001393e-05
0,,0,,frozen_test,XOR:11,,,0,count,,experiment_v1_4/phase_archives/P4/v1_4_frozen_test_evidence_20260922T033233833147.zip::run/seed0/other_variable/result.json,truth_table,other_variable,,79
0,,0,,frozen_test,XOR:11,,,0,accuracy,,experiment_v1_4/phase_archives/P4/v1_4_frozen_test_evidence_20260922T033233833147.zip::run/seed0/other_variable/result.json,truth_table,other_variable,,1.0
0,,0,,frozen_test,XOR:11,,,0,answer_ce,,experiment_v1_4/phase_archives/P4/v1_4_frozen_test_evidence_20260922T033233833147.zip::run/seed0/other_variable/result.json,truth_table,other_variable,,0.00430183647186604
1000,5787189008595488326,1000,,frozen_test,,,,0,answer_count,,experiment_v1_4/phase_archives/P4/v1_4_frozen_test_evidence_20260922T033233833147.zip::run/seed0/repeated_update/result.json,overall,repeated_update,,2048
1000,5787189008595488326,1000,,frozen_test,,,,0,sequence_count,,experiment_v1_4/phase_archives/P4/v1_4_frozen_test_evidence_20260922T033233833147.zip::run/seed0/repeated_update/result.json,overall,repeated_update,,2048
1000,5787189008595488326,1000,,frozen_test,,0.005353559527961142,0.00032523176671837015,0,answer_ce,,experiment_v1_4/phase_archives/P4/v1_4_frozen_test_evidence_20260922T033233833147.zip::run/seed0/repeated_update/result.json,overall,repeated_update,,0.002329701990191113
1000,5787189008595488326,1000,,frozen_test,,1.0,0.99755859375,0,accuracy,,experiment_v1_4/phase_archives/P4/v1_4_frozen_test_evidence_20260922T033233833147.zip::run/seed0/repeated_update/result.json,overall,repeated_update,,0.9990234375
1000,5787189008595488326,1000,,frozen_test,,1.0,0.99755859375,0,binary_accuracy,,experiment_v1_4/phase_archives/P4/v1_4_frozen_test_evidence_20260922T033233833147.zip::run/seed0/repeated_update/result.json,overall,repeated_update,,0.9990234375
1000,5787189008595488326,1000,,frozen_test,,0.9999903633695795,0.9999898172551184,0,bit_mass,,experiment_v1_4/phase_archives/P4/v1_4_frozen_test_evidence_20260922T033233833147.zip::run/seed0/repeated_update/result.json,overall,repeated_update,,0.9999900797847658
1000,5787189008595488326,1000,,frozen_test,,,,0,all_token_ce,,experiment_v1_4/phase_archives/P4/v1_4_frozen_test_evidence_20260922T033233833147.zip::run/seed0/repeated_update/result.json,overall,repeated_update,,0.9580647920769455
1000,5787189008595488326,1000,,frozen_test,,,,0,prediction_tokens,,experiment_v1_4/phase_archives/P4/v1_4_frozen_test_evidence_20260922T033233833147.zip::run/seed0/repeated_update/result.json,overall,repeated_update,,244181
0,,0,,frozen_test,,,,0,count,,experiment_v1_4/phase_archives/P4/v1_4_frozen_test_evidence_20260922T033233833147.zip::run/seed0/repeated_update/result.json,baselines,repeated_update,,2048
0,,0,,frozen_test,,,,0,majority_prediction,,experiment_v1_4/phase_archives/P4/v1_4_frozen_test_evidence_20260922T033233833147.zip::run/seed0/repeated_update/result.json,baselines,repeated_update,,1
0,,0,,frozen_test,,,,0,split_majority_accuracy,,experiment_v1_4/phase_archives/P4/v1_4_frozen_test_evidence_20260922T033233833147.zip::run/seed0/repeated_update/result.json,baselines,repeated_update,,0.5107421875
0,,0,,frozen_test,,,,0,independent_bernoulli_expected_accuracy,,experiment_v1_4/phase_archives/P4/v1_4_frozen_test_evidence_20260922T033233833147.zip::run/seed0/repeated_update/result.json,baselines,repeated_update,,0.5
0,,0,,frozen_test,,,,0,latest_set_or_initialization_accuracy,,experiment_v1_4/phase_archives/P4/v1_4_frozen_test_evidence_20260922T033233833147.zip::run/seed0/repeated_update/result.json,baselines,repeated_update,,0.6220703125
0,,0,,frozen_test,,,,0,latest_read_copy_accuracy,,experiment_v1_4/phase_archives/P4/v1_4_frozen_test_evidence_20260922T033233833147.zip::run/seed0/repeated_update/result.json,baselines,repeated_update,,0.580078125
0,,0,,frozen_test,macro,,,0,coverage,,experiment_v1_4/phase_archives/P4/v1_4_frozen_test_evidence_20260922T033233833147.zip::run/seed0/repeated_update/result.json,operator,repeated_update,,0.8333333333333334
0,,0,,frozen_test,macro,,,0,macro_accuracy,,experiment_v1_4/phase_archives/P4/v1_4_frozen_test_evidence_20260922T033233833147.zip::run/seed0/repeated_update/result.json,operator,repeated_update,,0.9988888888888889
0,,0,,frozen_test,macro,,,0,macro_answer_ce,,experiment_v1_4/phase_archives/P4/v1_4_frozen_test_evidence_20260922T033233833147.zip::run/seed0/repeated_update/result.json,operator,repeated_update,,0.002640967820010437
0,,0,,frozen_test,initialization,,,0,count,,experiment_v1_4/phase_archives/P4/v1_4_frozen_test_evidence_20260922T033233833147.zip::run/seed0/repeated_update/result.json,operator,repeated_update,,0
0,,0,,frozen_test,initialization,,,0,accuracy,empty stratum or undefined metric; see count/coverage,experiment_v1_4/phase_archives/P4/v1_4_frozen_test_evidence_20260922T033233833147.zip::run/seed0/repeated_update/result.json,operator,repeated_update,,
0,,0,,frozen_test,initialization,,,0,answer_ce,empty stratum or undefined metric; see count/coverage,experiment_v1_4/phase_archives/P4/v1_4_frozen_test_evidence_20260922T033233833147.zip::run/seed0/repeated_update/result.json,operator,repeated_update,,
0,,0,,frozen_test,SET,,,0,count,,experiment_v1_4/phase_archives/P4/v1_4_frozen_test_evidence_20260922T033233833147.zip::run/seed0/repeated_update/result.json,operator,repeated_update,,495
0,,0,,frozen_test,SET,,,0,accuracy,,experiment_v1_4/phase_archives/P4/v1_4_frozen_test_evidence_20260922T033233833147.zip::run/seed0/repeated_update/result.json,operator,repeated_update,,1.0
0,,0,,frozen_test,SET,,,0,answer_ce,,experiment_v1_4/phase_archives/P4/v1_4_frozen_test_evidence_20260922T033233833147.zip::run/seed0/repeated_update/result.json,operator,repeated_update,,2.044762377960124e-05
0,,0,,frozen_test,NOT,,,0,count,,experiment_v1_4/phase_archives/P4/v1_4_frozen_test_evidence_20260922T033233833147.zip::run/seed0/repeated_update/result.json,operator,repeated_update,,479
0,,0,,frozen_test,NOT,,,0,accuracy,,experiment_v1_4/phase_archives/P4/v1_4_frozen_test_evidence_20260922T033233833147.zip::run/seed0/repeated_update/result.json,operator,repeated_update,,1.0
0,,0,,frozen_test,NOT,,,0,answer_ce,,experiment_v1_4/phase_archives/P4/v1_4_frozen_test_evidence_20260922T033233833147.zip::run/seed0/repeated_update/result.json,operator,repeated_update,,0.00017144465254354988
0,,0,,frozen_test,AND,,,0,count,,experiment_v1_4/phase_archives/P4/v1_4_frozen_test_evidence_20260922T033233833147.zip::run/seed0/repeated_update/result.json,operator,repeated_update,,352
0,,0,,frozen_test,AND,,,0,accuracy,,experiment_v1_4/phase_archives/P4/v1_4_frozen_test_evidence_20260922T033233833147.zip::run/seed0/repeated_update/result.json,operator,repeated_update,,1.0
0,,0,,frozen_test,AND,,,0,answer_ce,,experiment_v1_4/phase_archives/P4/v1_4_frozen_test_evidence_20260922T033233833147.zip::run/seed0/repeated_update/result.json,operator,repeated_update,,0.0008122958984777349
0,,0,,frozen_test,OR,,,0,count,,experiment_v1_4/phase_archives/P4/v1_4_frozen_test_evidence_20260922T033233833147.zip::run/seed0/repeated_update/result.json,operator,repeated_update,,362
0,,0,,frozen_test,OR,,,0,accuracy,,experiment_v1_4/phase_archives/P4/v1_4_frozen_test_evidence_20260922T033233833147.zip::run/seed0/repeated_update/result.json,operator,repeated_update,,1.0
0,,0,,frozen_test,OR,,,0,answer_ce,,experiment_v1_4/phase_archives/P4/v1_4_frozen_test_evidence_20260922T033233833147.zip::run/seed0/repeated_update/result.json,operator,repeated_update,,0.0004118121087532465
0,,0,,frozen_test,XOR,,,0,count,,experiment_v1_4/phase_archives/P4/v1_4_frozen_test_evidence_20260922T033233833147.zip::run/seed0/repeated_update/result.json,operator,repeated_update,,360
0,,0,,frozen_test,XOR,,,0,accuracy,,experiment_v1_4/phase_archives/P4/v1_4_frozen_test_evidence_20260922T033233833147.zip::run/seed0/repeated_update/result.json,operator,repeated_update,,0.9944444444444445
0,,0,,frozen_test,XOR,,,0,answer_ce,,experiment_v1_4/phase_archives/P4/v1_4_frozen_test_evidence_20260922T033233833147.zip::run/seed0/repeated_update/result.json,operator,repeated_update,,0.011788838816498053
0,,0,,frozen_test,macro,,,0,coverage,,experiment_v1_4/phase_archives/P4/v1_4_frozen_test_evidence_20260922T033233833147.zip::run/seed0/repeated_update/result.json,query_var,repeated_update,,1.0
0,,0,,frozen_test,macro,,,0,macro_accuracy,,experiment_v1_4/phase_archives/P4/v1_4_frozen_test_evidence_20260922T033233833147.zip::run/seed0/repeated_update/result.json,query_var,repeated_update,,0.9990069503613241
0,,0,,frozen_test,macro,,,0,macro_answer_ce,,experiment_v1_4/phase_archives/P4/v1_4_frozen_test_evidence_20260922T033233833147.zip::run/seed0/repeated_update/result.json,query_var,repeated_update,,0.002353901333440002
0,,0,,frozen_test,A,,,0,count,,experiment_v1_4/phase_archives/P4/v1_4_frozen_test_evidence_20260922T033233833147.zip::run/seed0/repeated_update/result.json,query_var,repeated_update,,503
0,,0,,frozen_test,A,,,0,accuracy,,experiment_v1_4/phase_archives/P4/v1_4_frozen_test_evidence_20260922T033233833147.zip::run/seed0/repeated_update/result.json,query_var,repeated_update,,0.9980119284294234
0,,0,,frozen_test,A,,,0,answer_ce,,experiment_v1_4/phase_archives/P4/v1_4_frozen_test_evidence_20260922T033233833147.zip::run/seed0/repeated_update/result.json,query_var,repeated_update,,0.005566114016242578
0,,0,,frozen_test,B,,,0,count,,experiment_v1_4/phase_archives/P4/v1_4_frozen_test_evidence_20260922T033233833147.zip::run/seed0/repeated_update/result.json,query_var,repeated_update,,504
0,,0,,frozen_test,B,,,0,accuracy,,experiment_v1_4/phase_archives/P4/v1_4_frozen_test_evidence_20260922T033233833147.zip::run/seed0/repeated_update/result.json,query_var,repeated_update,,0.998015873015873
0,,0,,frozen_test,B,,,0,answer_ce,,experiment_v1_4/phase_archives/P4/v1_4_frozen_test_evidence_20260922T033233833147.zip::run/seed0/repeated_update/result.json,query_var,repeated_update,,0.0018904318447497976
0,,0,,frozen_test,C,,,0,count,,experiment_v1_4/phase_archives/P4/v1_4_frozen_test_evidence_20260922T033233833147.zip::run/seed0/repeated_update/result.json,query_var,repeated_update,,527
0,,0,,frozen_test,C,,,0,accuracy,,experiment_v1_4/phase_archives/P4/v1_4_frozen_test_evidence_20260922T033233833147.zip::run/seed0/repeated_update/result.json,query_var,repeated_update,,1.0
0,,0,,frozen_test,C,,,0,answer_ce,,experiment_v1_4/phase_archives/P4/v1_4_frozen_test_evidence_20260922T033233833147.zip::run/seed0/repeated_update/result.json,query_var,repeated_update,,0.000903085152686321
0,,0,,frozen_test,D,,,0,count,,experiment_v1_4/phase_archives/P4/v1_4_frozen_test_evidence_20260922T033233833147.zip::run/seed0/repeated_update/result.json,query_var,repeated_update,,514
0,,0,,frozen_test,D,,,0,accuracy,,experiment_v1_4/phase_archives/P4/v1_4_frozen_test_evidence_20260922T033233833147.zip::run/seed0/repeated_update/result.json,query_var,repeated_update,,1.0
0,,0,,frozen_test,D,,,0,answer_ce,,experiment_v1_4/phase_archives/P4/v1_4_frozen_test_evidence_20260922T033233833147.zip::run/seed0/repeated_update/result.json,query_var,repeated_update,,0.0010559743200813107
0,,0,,frozen_test,macro,,,0,coverage,,experiment_v1_4/phase_archives/P4/v1_4_frozen_test_evidence_20260922T033233833147.zip::run/seed0/repeated_update/result.json,answer,repeated_update,,1.0
0,,0,,frozen_test,macro,,,0,macro_accuracy,,experiment_v1_4/phase_archives/P4/v1_4_frozen_test_evidence_20260922T033233833147.zip::run/seed0/repeated_update/result.json,answer,repeated_update,,0.9990229865317166
0,,0,,frozen_test,macro,,,0,macro_answer_ce,,experiment_v1_4/phase_archives/P4/v1_4_frozen_test_evidence_20260922T033233833147.zip::run/seed0/repeated_update/result.json,answer,repeated_update,,0.0023574599015517726
0,,0,,frozen_test,0,,,0,count,,experiment_v1_4/phase_archives/P4/v1_4_frozen_test_evidence_20260922T033233833147.zip::run/seed0/repeated_update/result.json,answer,repeated_update,,1002
0,,0,,frozen_test,0,,,0,accuracy,,experiment_v1_4/phase_archives/P4/v1_4_frozen_test_evidence_20260922T033233833147.zip::run/seed0/repeated_update/result.json,answer,repeated_update,,0.999001996007984
0,,0,,frozen_test,0,,,0,answer_ce,,experiment_v1_4/phase_archives/P4/v1_4_frozen_test_evidence_20260922T033233833147.zip::run/seed0/repeated_update/result.json,answer,repeated_update,,0.003649464503066107
0,,0,,frozen_test,1,,,0,count,,experiment_v1_4/phase_archives/P4/v1_4_frozen_test_evidence_20260922T033233833147.zip::run/seed0/repeated_update/result.json,answer,repeated_update,,1046
0,,0,,frozen_test,1,,,0,accuracy,,experiment_v1_4/phase_archives/P4/v1_4_frozen_test_evidence_20260922T033233833147.zip::run/seed0/repeated_update/result.json,answer,repeated_update,,0.9990439770554493
0,,0,,frozen_test,1,,,0,answer_ce,,experiment_v1_4/phase_archives/P4/v1_4_frozen_test_evidence_20260922T033233833147.zip::run/seed0/repeated_update/result.json,answer,repeated_update,,0.0010654553000374383
0,,0,,frozen_test,macro,,,0,coverage,,experiment_v1_4/phase_archives/P4/v1_4_frozen_test_evidence_20260922T033233833147.zip::run/seed0/repeated_update/result.json,blocks,repeated_update,,1.0
0,,0,,frozen_test,macro,,,0,macro_accuracy,,experiment_v1_4/phase_archives/P4/v1_4_frozen_test_evidence_20260922T033233833147.zip::run/seed0/repeated_update/result.json,blocks,repeated_update,,0.9989701385141212
0,,0,,frozen_test,macro,,,0,macro_answer_ce,,experiment_v1_4/phase_archives/P4/v1_4_frozen_test_evidence_20260922T033233833147.zip::run/seed0/repeated_update/result.json,blocks,repeated_update,,0.002470426922448669
0,,0,,frozen_test,8,,,0,count,,experiment_v1_4/phase_archives/P4/v1_4_frozen_test_evidence_20260922T033233833147.zip::run/seed0/repeated_update/result.json,blocks,repeated_update,,106
0,,0,,frozen_test,8,,,0,accuracy,,experiment_v1_4/phase_archives/P4/v1_4_frozen_test_evidence_20260922T033233833147.zip::run/seed0/repeated_update/result.json,blocks,repeated_update,,1.0
0,,0,,frozen_test,8,,,0,answer_ce,,experiment_v1_4/phase_archives/P4/v1_4_frozen_test_evidence_20260922T033233833147.zip::run/seed0/repeated_update/result.json,blocks,repeated_update,,3.180768752192204e-05
0,,0,,frozen_test,9,,,0,count,,experiment_v1_4/phase_archives/P4/v1_4_frozen_test_evidence_20260922T033233833147.zip::run/seed0/repeated_update/result.json,blocks,repeated_update,,149
0,,0,,frozen_test,9,,,0,accuracy,,experiment_v1_4/phase_archives/P4/v1_4_frozen_test_evidence_20260922T033233833147.zip::run/seed0/repeated_update/result.json,blocks,repeated_update,,1.0
0,,0,,frozen_test,9,,,0,answer_ce,,experiment_v1_4/phase_archives/P4/v1_4_frozen_test_evidence_20260922T033233833147.zip::run/seed0/repeated_update/result.json,blocks,repeated_update,,8.15599275953699e-05
0,,0,,frozen_test,10,,,0,count,,experiment_v1_4/phase_archives/P4/v1_4_frozen_test_evidence_20260922T033233833147.zip::run/seed0/repeated_update/result.json,blocks,repeated_update,,120
0,,0,,frozen_test,10,,,0,accuracy,,experiment_v1_4/phase_archives/P4/v1_4_frozen_test_evidence_20260922T033233833147.zip::run/seed0/repeated_update/result.json,blocks,repeated_update,,0.9916666666666667
0,,0,,frozen_test,10,,,0,answer_ce,,experiment_v1_4/phase_archives/P4/v1_4_frozen_test_evidence_20260922T033233833147.zip::run/seed0/repeated_update/result.json,blocks,repeated_update,,0.008220597653382811
0,,0,,frozen_test,11,,,0,count,,experiment_v1_4/phase_archives/P4/v1_4_frozen_test_evidence_20260922T033233833147.zip::run/seed0/repeated_update/result.json,blocks,repeated_update,,125
0,,0,,frozen_test,11,,,0,accuracy,,experiment_v1_4/phase_archives/P4/v1_4_frozen_test_evidence_20260922T033233833147.zip::run/seed0/repeated_update/result.json,blocks,repeated_update,,1.0
0,,0,,frozen_test,11,,,0,answer_ce,,experiment_v1_4/phase_archives/P4/v1_4_frozen_test_evidence_20260922T033233833147.zip::run/seed0/repeated_update/result.json,blocks,repeated_update,,4.157917664633715e-05
0,,0,,frozen_test,12,,,0,count,,experiment_v1_4/phase_archives/P4/v1_4_frozen_test_evidence_20260922T033233833147.zip::run/seed0/repeated_update/result.json,blocks,repeated_update,,141
0,,0,,frozen_test,12,,,0,accuracy,,experiment_v1_4/phase_archives/P4/v1_4_frozen_test_evidence_20260922T033233833147.zip::run/seed0/repeated_update/result.json,blocks,repeated_update,,1.0
0,,0,,frozen_test,12,,,0,answer_ce,,experiment_v1_4/phase_archives/P4/v1_4_frozen_test_evidence_20260922T033233833147.zip::run/seed0/repeated_update/result.json,blocks,repeated_update,,7.949214719985372e-05
0,,0,,frozen_test,13,,,0,count,,experiment_v1_4/phase_archives/P4/v1_4_frozen_test_evidence_20260922T033233833147.zip::run/seed0/repeated_update/result.json,blocks,repeated_update,,139
0,,0,,frozen_test,13,,,0,accuracy,,experiment_v1_4/phase_archives/P4/v1_4_frozen_test_evidence_20260922T033233833147.zip::run/seed0/repeated_update/result.json,blocks,repeated_update,,1.0
0,,0,,frozen_test,13,,,0,answer_ce,,experiment_v1_4/phase_archives/P4/v1_4_frozen_test_evidence_20260922T033233833147.zip::run/seed0/repeated_update/result.json,blocks,repeated_update,,0.0014352535030437846
0,,0,,frozen_test,14,,,0,count,,experiment_v1_4/phase_archives/P4/v1_4_frozen_test_evidence_20260922T033233833147.zip::run/seed0/repeated_update/result.json,blocks,repeated_update,,100
0,,0,,frozen_test,14,,,0,accuracy,,experiment_v1_4/phase_archives/P4/v1_4_frozen_test_evidence_20260922T033233833147.zip::run/seed0/repeated_update/result.json,blocks,repeated_update,,1.0
0,,0,,frozen_test,14,,,0,answer_ce,,experiment_v1_4/phase_archives/P4/v1_4_frozen_test_evidence_20260922T033233833147.zip::run/seed0/repeated_update/result.json,blocks,repeated_update,,5.689786754373927e-05
0,,0,,frozen_test,15,,,0,count,,experiment_v1_4/phase_archives/P4/v1_4_frozen_test_evidence_20260922T033233833147.zip::run/seed0/repeated_update/result.json,blocks,repeated_update,,120
0,,0,,frozen_test,15,,,0,accuracy,,experiment_v1_4/phase_archives/P4/v1_4_frozen_test_evidence_20260922T033233833147.zip::run/seed0/repeated_update/result.json,blocks,repeated_update,,1.0
0,,0,,frozen_test,15,,,0,answer_ce,,experiment_v1_4/phase_archives/P4/v1_4_frozen_test_evidence_20260922T033233833147.zip::run/seed0/repeated_update/result.json,blocks,repeated_update,,7.258184919768003e-05
0,,0,,frozen_test,16,,,0,count,,experiment_v1_4/phase_archives/P4/v1_4_frozen_test_evidence_20260922T033233833147.zip::run/seed0/repeated_update/result.json,blocks,repeated_update,,115
0,,0,,frozen_test,16,,,0,accuracy,,experiment_v1_4/phase_archives/P4/v1_4_frozen_test_evidence_20260922T033233833147.zip::run/seed0/repeated_update/result.json,blocks,repeated_update,,1.0
0,,0,,frozen_test,16,,,0,answer_ce,,experiment_v1_4/phase_archives/P4/v1_4_frozen_test_evidence_20260922T033233833147.zip::run/seed0/repeated_update/result.json,blocks,repeated_update,,0.0022971791709926986
0,,0,,frozen_test,17,,,0,count,,experiment_v1_4/phase_archives/P4/v1_4_frozen_test_evidence_20260922T033233833147.zip::run/seed0/repeated_update/result.json,blocks,repeated_update,,109
0,,0,,frozen_test,17,,,0,accuracy,,experiment_v1_4/phase_archives/P4/v1_4_frozen_test_evidence_20260922T033233833147.zip::run/seed0/repeated_update/result.json,blocks,repeated_update,,0.9908256880733946
0,,0,,frozen_test,17,,,0,answer_ce,,experiment_v1_4/phase_archives/P4/v1_4_frozen_test_evidence_20260922T033233833147.zip::run/seed0/repeated_update/result.json,blocks,repeated_update,,0.02525983334003327
0,,0,,frozen_test,18,,,0,count,,experiment_v1_4/phase_archives/P4/v1_4_frozen_test_evidence_20260922T033233833147.zip::run/seed0/repeated_update/result.json,blocks,repeated_update,,106
0,,0,,frozen_test,18,,,0,accuracy,,experiment_v1_4/phase_archives/P4/v1_4_frozen_test_evidence_20260922T033233833147.zip::run/seed0/repeated_update/result.json,blocks,repeated_update,,1.0
0,,0,,frozen_test,18,,,0,answer_ce,,experiment_v1_4/phase_archives/P4/v1_4_frozen_test_evidence_20260922T033233833147.zip::run/seed0/repeated_update/result.json,blocks,repeated_update,,0.00017745186589291853
0,,0,,frozen_test,19,,,0,count,,experiment_v1_4/phase_archives/P4/v1_4_frozen_test_evidence_20260922T033233833147.zip::run/seed0/repeated_update/result.json,blocks,repeated_update,,124
0,,0,,frozen_test,19,,,0,accuracy,,experiment_v1_4/phase_archives/P4/v1_4_frozen_test_evidence_20260922T033233833147.zip::run/seed0/repeated_update/result.json,blocks,repeated_update,,1.0
0,,0,,frozen_test,19,,,0,answer_ce,,experiment_v1_4/phase_archives/P4/v1_4_frozen_test_evidence_20260922T033233833147.zip::run/seed0/repeated_update/result.json,blocks,repeated_update,,9.924106994995165e-05
0,,0,,frozen_test,20,,,0,count,,experiment_v1_4/phase_archives/P4/v1_4_frozen_test_evidence_20260922T033233833147.zip::run/seed0/repeated_update/result.json,blocks,repeated_update,,121
0,,0,,frozen_test,20,,,0,accuracy,,experiment_v1_4/phase_archives/P4/v1_4_frozen_test_evidence_20260922T033233833147.zip::run/seed0/repeated_update/result.json,blocks,repeated_update,,1.0
0,,0,,frozen_test,20,,,0,answer_ce,,experiment_v1_4/phase_archives/P4/v1_4_frozen_test_evidence_20260922T033233833147.zip::run/seed0/repeated_update/result.json,blocks,repeated_update,,0.00010936517663906647
0,,0,,frozen_test,21,,,0,count,,experiment_v1_4/phase_archives/P4/v1_4_frozen_test_evidence_20260922T033233833147.zip::run/seed0/repeated_update/result.json,blocks,repeated_update,,118
0,,0,,frozen_test,21,,,0,accuracy,,experiment_v1_4/phase_archives/P4/v1_4_frozen_test_evidence_20260922T033233833147.zip::run/seed0/repeated_update/result.json,blocks,repeated_update,,1.0
0,,0,,frozen_test,21,,,0,answer_ce,,experiment_v1_4/phase_archives/P4/v1_4_frozen_test_evidence_20260922T033233833147.zip::run/seed0/repeated_update/result.json,blocks,repeated_update,,0.00358331369816138
0,,0,,frozen_test,22,,,0,count,,experiment_v1_4/phase_archives/P4/v1_4_frozen_test_evidence_20260922T033233833147.zip::run/seed0/repeated_update/result.json,blocks,repeated_update,,124
0,,0,,frozen_test,22,,,0,accuracy,,experiment_v1_4/phase_archives/P4/v1_4_frozen_test_evidence_20260922T033233833147.zip::run/seed0/repeated_update/result.json,blocks,repeated_update,,1.0
0,,0,,frozen_test,22,,,0,answer_ce,,experiment_v1_4/phase_archives/P4/v1_4_frozen_test_evidence_20260922T033233833147.zip::run/seed0/repeated_update/result.json,blocks,repeated_update,,5.553189039493455e-05
0,,0,,frozen_test,23,,,0,count,,experiment_v1_4/phase_archives/P4/v1_4_frozen_test_evidence_20260922T033233833147.zip::run/seed0/repeated_update/result.json,blocks,repeated_update,,122
0,,0,,frozen_test,23,,,0,accuracy,,experiment_v1_4/phase_archives/P4/v1_4_frozen_test_evidence_20260922T033233833147.zip::run/seed0/repeated_update/result.json,blocks,repeated_update,,1.0
0,,0,,frozen_test,23,,,0,answer_ce,,experiment_v1_4/phase_archives/P4/v1_4_frozen_test_evidence_20260922T033233833147.zip::run/seed0/repeated_update/result.json,blocks,repeated_update,,0.0003267369990501974
0,,0,,frozen_test,24,,,0,count,,experiment_v1_4/phase_archives/P4/v1_4_frozen_test_evidence_20260922T033233833147.zip::run/seed0/repeated_update/result.json,blocks,repeated_update,,109
0,,0,,frozen_test,24,,,0,accuracy,,experiment_v1_4/phase_archives/P4/v1_4_frozen_test_evidence_20260922T033233833147.zip::run/seed0/repeated_update/result.json,blocks,repeated_update,,1.0
0,,0,,frozen_test,24,,,0,answer_ce,,experiment_v1_4/phase_archives/P4/v1_4_frozen_test_evidence_20260922T033233833147.zip::run/seed0/repeated_update/result.json,blocks,repeated_update,,6.883465838145973e-05
0,,0,,frozen_test,macro,,,0,coverage,,experiment_v1_4/phase_archives/P4/v1_4_frozen_test_evidence_20260922T033233833147.zip::run/seed0/repeated_update/result.json,distance,repeated_update,,1.0
0,,0,,frozen_test,macro,,,0,macro_accuracy,,experiment_v1_4/phase_archives/P4/v1_4_frozen_test_evidence_20260922T033233833147.zip::run/seed0/repeated_update/result.json,distance,repeated_update,,0.9985329871055613
0,,0,,frozen_test,macro,,,0,macro_answer_ce,,experiment_v1_4/phase_archives/P4/v1_4_frozen_test_evidence_20260922T033233833147.zip::run/seed0/repeated_update/result.json,distance,repeated_update,,0.003381472611235914
0,,0,,frozen_test,0,,,0,count,,experiment_v1_4/phase_archives/P4/v1_4_frozen_test_evidence_20260922T033233833147.zip::run/seed0/repeated_update/result.json,distance,repeated_update,,1126
0,,0,,frozen_test,0,,,0,accuracy,,experiment_v1_4/phase_archives/P4/v1_4_frozen_test_evidence_20260922T033233833147.zip::run/seed0/repeated_update/result.json,distance,repeated_update,,1.0
0,,0,,frozen_test,0,,,0,answer_ce,,experiment_v1_4/phase_archives/P4/v1_4_frozen_test_evidence_20260922T033233833147.zip::run/seed0/repeated_update/result.json,distance,repeated_update,,0.0005767094656913378
0,,0,,frozen_test,1-2,,,0,count,,experiment_v1_4/phase_archives/P4/v1_4_frozen_test_evidence_20260922T033233833147.zip::run/seed0/repeated_update/result.json,distance,repeated_update,,516
0,,0,,frozen_test,1-2,,,0,accuracy,,experiment_v1_4/phase_archives/P4/v1_4_frozen_test_evidence_20260922T033233833147.zip::run/seed0/repeated_update/result.json,distance,repeated_update,,0.998062015503876
0,,0,,frozen_test,1-2,,,0,answer_ce,,experiment_v1_4/phase_archives/P4/v1_4_frozen_test_evidence_20260922T033233833147.zip::run/seed0/repeated_update/result.json,distance,repeated_update,,0.0021578656375299413
0,,0,,frozen_test,3+,,,0,count,,experiment_v1_4/phase_archives/P4/v1_4_frozen_test_evidence_20260922T033233833147.zip::run/seed0/repeated_update/result.json,distance,repeated_update,,406
0,,0,,frozen_test,3+,,,0,accuracy,,experiment_v1_4/phase_archives/P4/v1_4_frozen_test_evidence_20260922T033233833147.zip::run/seed0/repeated_update/result.json,distance,repeated_update,,0.9975369458128078
0,,0,,frozen_test,3+,,,0,answer_ce,,experiment_v1_4/phase_archives/P4/v1_4_frozen_test_evidence_20260922T033233833147.zip::run/seed0/repeated_update/result.json,distance,repeated_update,,0.007409842730486462
0,,0,,frozen_test,macro,,,0,coverage,,experiment_v1_4/phase_archives/P4/v1_4_frozen_test_evidence_20260922T033233833147.zip::run/seed0/repeated_update/result.json,truth_table,repeated_update,,1.0
0,,0,,frozen_test,macro,,,0,macro_accuracy,,experiment_v1_4/phase_archives/P4/v1_4_frozen_test_evidence_20260922T033233833147.zip::run/seed0/repeated_update/result.json,truth_table,repeated_update,,0.9980779427359491
0,,0,,frozen_test,macro,,,0,macro_answer_ce,,experiment_v1_4/phase_archives/P4/v1_4_frozen_test_evidence_20260922T033233833147.zip::run/seed0/repeated_update/result.json,truth_table,repeated_update,,0.004540245659426083
0,,0,,frozen_test,AND:00,,,0,count,,experiment_v1_4/phase_archives/P4/v1_4_frozen_test_evidence_20260922T033233833147.zip::run/seed0/repeated_update/result.json,truth_table,repeated_update,,93
0,,0,,frozen_test,AND:00,,,0,accuracy,,experiment_v1_4/phase_archives/P4/v1_4_frozen_test_evidence_20260922T033233833147.zip::run/seed0/repeated_update/result.json,truth_table,repeated_update,,1.0
0,,0,,frozen_test,AND:00,,,0,answer_ce,,experiment_v1_4/phase_archives/P4/v1_4_frozen_test_evidence_20260922T033233833147.zip::run/seed0/repeated_update/result.json,truth_table,repeated_update,,1.4975370768590966e-05
0,,0,,frozen_test,AND:01,,,0,count,,experiment_v1_4/phase_archives/P4/v1_4_frozen_test_evidence_20260922T033233833147.zip::run/seed0/repeated_update/result.json,truth_table,repeated_update,,85
0,,0,,frozen_test,AND:01,,,0,accuracy,,experiment_v1_4/phase_archives/P4/v1_4_frozen_test_evidence_20260922T033233833147.zip::run/seed0/repeated_update/result.json,truth_table,repeated_update,,1.0
0,,0,,frozen_test,AND:01,,,0,answer_ce,,experiment_v1_4/phase_archives/P4/v1_4_frozen_test_evidence_20260922T033233833147.zip::run/seed0/repeated_update/result.json,truth_table,repeated_update,,1.562737968068926e-05
0,,0,,frozen_test,AND:10,,,0,count,,experiment_v1_4/phase_archives/P4/v1_4_frozen_test_evidence_20260922T033233833147.zip::run/seed0/repeated_update/result.json,truth_table,repeated_update,,87
0,,0,,frozen_test,AND:10,,,0,accuracy,,experiment_v1_4/phase_archives/P4/v1_4_frozen_test_evidence_20260922T033233833147.zip::run/seed0/repeated_update/result.json,truth_table,repeated_update,,1.0
0,,0,,frozen_test,AND:10,,,0,answer_ce,,experiment_v1_4/phase_archives/P4/v1_4_frozen_test_evidence_20260922T033233833147.zip::run/seed0/repeated_update/result.json,truth_table,repeated_update,,0.003000478948999297
0,,0,,frozen_test,AND:11,,,0,count,,experiment_v1_4/phase_archives/P4/v1_4_frozen_test_evidence_20260922T033233833147.zip::run/seed0/repeated_update/result.json,truth_table,repeated_update,,87
0,,0,,frozen_test,AND:11,,,0,accuracy,,experiment_v1_4/phase_archives/P4/v1_4_frozen_test_evidence_20260922T033233833147.zip::run/seed0/repeated_update/result.json,truth_table,repeated_update,,1.0
0,,0,,frozen_test,AND:11,,,0,answer_ce,,experiment_v1_4/phase_archives/P4/v1_4_frozen_test_evidence_20260922T033233833147.zip::run/seed0/repeated_update/result.json,truth_table,repeated_update,,0.000254775298240072
0,,0,,frozen_test,OR:00,,,0,count,,experiment_v1_4/phase_archives/P4/v1_4_frozen_test_evidence_20260922T033233833147.zip::run/seed0/repeated_update/result.json,truth_table,repeated_update,,96
0,,0,,frozen_test,OR:00,,,0,accuracy,,experiment_v1_4/phase_archives/P4/v1_4_frozen_test_evidence_20260922T033233833147.zip::run/seed0/repeated_update/result.json,truth_table,repeated_update,,1.0
0,,0,,frozen_test,OR:00,,,0,answer_ce,,experiment_v1_4/phase_archives/P4/v1_4_frozen_test_evidence_20260922T033233833147.zip::run/seed0/repeated_update/result.json,truth_table,repeated_update,,0.0002097986809227829
0,,0,,frozen_test,OR:01,,,0,count,,experiment_v1_4/phase_archives/P4/v1_4_frozen_test_evidence_20260922T033233833147.zip::run/seed0/repeated_update/result.json,truth_table,repeated_update,,84
0,,0,,frozen_test,OR:01,,,0,accuracy,,experiment_v1_4/phase_archives/P4/v1_4_frozen_test_evidence_20260922T033233833147.zip::run/seed0/repeated_update/result.json,truth_table,repeated_update,,1.0
0,,0,,frozen_test,OR:01,,,0,answer_ce,,experiment_v1_4/phase_archives/P4/v1_4_frozen_test_evidence_20260922T033233833147.zip::run/seed0/repeated_update/result.json,truth_table,repeated_update,,0.0013500559142314507
0,,0,,frozen_test,OR:10,,,0,count,,experiment_v1_4/phase_archives/P4/v1_4_frozen_test_evidence_20260922T033233833147.zip::run/seed0/repeated_update/result.json,truth_table,repeated_update,,90
0,,0,,frozen_test,OR:10,,,0,accuracy,,experiment_v1_4/phase_archives/P4/v1_4_frozen_test_evidence_20260922T033233833147.zip::run/seed0/repeated_update/result.json,truth_table,repeated_update,,1.0
0,,0,,frozen_test,OR:10,,,0,answer_ce,,experiment_v1_4/phase_archives/P4/v1_4_frozen_test_evidence_20260922T033233833147.zip::run/seed0/repeated_update/result.json,truth_table,repeated_update,,0.00012955822703588637
0,,0,,frozen_test,OR:11,,,0,count,,experiment_v1_4/phase_archives/P4/v1_4_frozen_test_evidence_20260922T033233833147.zip::run/seed0/repeated_update/result.json,truth_table,repeated_update,,92
0,,0,,frozen_test,OR:11,,,0,accuracy,,experiment_v1_4/phase_archives/P4/v1_4_frozen_test_evidence_20260922T033233833147.zip::run/seed0/repeated_update/result.json,truth_table,repeated_update,,1.0
0,,0,,frozen_test,OR:11,,,0,answer_ce,,experiment_v1_4/phase_archives/P4/v1_4_frozen_test_evidence_20260922T033233833147.zip::run/seed0/repeated_update/result.json,truth_table,repeated_update,,4.206926925452654e-05
0,,0,,frozen_test,XOR:00,,,0,count,,experiment_v1_4/phase_archives/P4/v1_4_frozen_test_evidence_20260922T033233833147.zip::run/seed0/repeated_update/result.json,truth_table,repeated_update,,82
0,,0,,frozen_test,XOR:00,,,0,accuracy,,experiment_v1_4/phase_archives/P4/v1_4_frozen_test_evidence_20260922T033233833147.zip::run/seed0/repeated_update/result.json,truth_table,repeated_update,,0.9878048780487805
0,,0,,frozen_test,XOR:00,,,0,answer_ce,,experiment_v1_4/phase_archives/P4/v1_4_frozen_test_evidence_20260922T033233833147.zip::run/seed0/repeated_update/result.json,truth_table,repeated_update,,0.03358070934324665
0,,0,,frozen_test,XOR:01,,,0,count,,experiment_v1_4/phase_archives/P4/v1_4_frozen_test_evidence_20260922T033233833147.zip::run/seed0/repeated_update/result.json,truth_table,repeated_update,,89
0,,0,,frozen_test,XOR:01,,,0,accuracy,,experiment_v1_4/phase_archives/P4/v1_4_frozen_test_evidence_20260922T033233833147.zip::run/seed0/repeated_update/result.json,truth_table,repeated_update,,1.0
0,,0,,frozen_test,XOR:01,,,0,answer_ce,,experiment_v1_4/phase_archives/P4/v1_4_frozen_test_evidence_20260922T033233833147.zip::run/seed0/repeated_update/result.json,truth_table,repeated_update,,0.0003226844333010867
0,,0,,frozen_test,XOR:10,,,0,count,,experiment_v1_4/phase_archives/P4/v1_4_frozen_test_evidence_20260922T033233833147.zip::run/seed0/repeated_update/result.json,truth_table,repeated_update,,92
0,,0,,frozen_test,XOR:10,,,0,accuracy,,experiment_v1_4/phase_archives/P4/v1_4_frozen_test_evidence_20260922T033233833147.zip::run/seed0/repeated_update/result.json,truth_table,repeated_update,,0.9891304347826086
0,,0,,frozen_test,XOR:10,,,0,answer_ce,,experiment_v1_4/phase_archives/P4/v1_4_frozen_test_evidence_20260922T033233833147.zip::run/seed0/repeated_update/result.json,truth_table,repeated_update,,0.009577993274324794
0,,0,,frozen_test,XOR:11,,,0,count,,experiment_v1_4/phase_archives/P4/v1_4_frozen_test_evidence_20260922T033233833147.zip::run/seed0/repeated_update/result.json,truth_table,repeated_update,,97
0,,0,,frozen_test,XOR:11,,,0,accuracy,,experiment_v1_4/phase_archives/P4/v1_4_frozen_test_evidence_20260922T033233833147.zip::run/seed0/repeated_update/result.json,truth_table,repeated_update,,1.0
0,,0,,frozen_test,XOR:11,,,0,answer_ce,,experiment_v1_4/phase_archives/P4/v1_4_frozen_test_evidence_20260922T033233833147.zip::run/seed0/repeated_update/result.json,truth_table,repeated_update,,0.005984221773107173
1000,4343558453173154992,1000,,frozen_test,,,,1,answer_count,,experiment_v1_4/phase_archives/P4/v1_4_frozen_test_evidence_20260922T033233833147.zip::run/seed1/composition_0/result.json,overall,composition_0,,1024
1000,4343558453173154992,1000,,frozen_test,,,,1,sequence_count,,experiment_v1_4/phase_archives/P4/v1_4_frozen_test_evidence_20260922T033233833147.zip::run/seed1/composition_0/result.json,overall,composition_0,,1024
1000,4343558453173154992,1000,,frozen_test,,0.00819010993546616,0.002498370612346856,1,answer_ce,,experiment_v1_4/phase_archives/P4/v1_4_frozen_test_evidence_20260922T033233833147.zip::run/seed1/composition_0/result.json,overall,composition_0,,0.00498309111897921
1000,4343558453173154992,1000,,frozen_test,,1.0,0.9970703125,1,accuracy,,experiment_v1_4/phase_archives/P4/v1_4_frozen_test_evidence_20260922T033233833147.zip::run/seed1/composition_0/result.json,overall,composition_0,,0.9990234375
1000,4343558453173154992,1000,,frozen_test,,1.0,0.9970703125,1,binary_accuracy,,experiment_v1_4/phase_archives/P4/v1_4_frozen_test_evidence_20260922T033233833147.zip::run/seed1/composition_0/result.json,overall,composition_0,,0.9990234375
1000,4343558453173154992,1000,,frozen_test,,0.9999898774607573,0.9999888043559622,1,bit_mass,,experiment_v1_4/phase_archives/P4/v1_4_frozen_test_evidence_20260922T033233833147.zip::run/seed1/composition_0/result.json,overall,composition_0,,0.9999893569620326
1000,4343558453173154992,1000,,frozen_test,,,,1,all_token_ce,,experiment_v1_4/phase_archives/P4/v1_4_frozen_test_evidence_20260922T033233833147.zip::run/seed1/composition_0/result.json,overall,composition_0,,0.9804369779665899
1000,4343558453173154992,1000,,frozen_test,,,,1,prediction_tokens,,experiment_v1_4/phase_archives/P4/v1_4_frozen_test_evidence_20260922T033233833147.zip::run/seed1/composition_0/result.json,overall,composition_0,,124775
0,,0,,frozen_test,,,,1,count,,experiment_v1_4/phase_archives/P4/v1_4_frozen_test_evidence_20260922T033233833147.zip::run/seed1/composition_0/result.json,baselines,composition_0,,1024
0,,0,,frozen_test,,,,1,majority_prediction,,experiment_v1_4/phase_archives/P4/v1_4_frozen_test_evidence_20260922T033233833147.zip::run/seed1/composition_0/result.json,baselines,composition_0,,1
0,,0,,frozen_test,,,,1,split_majority_accuracy,,experiment_v1_4/phase_archives/P4/v1_4_frozen_test_evidence_20260922T033233833147.zip::run/seed1/composition_0/result.json,baselines,composition_0,,0.595703125
0,,0,,frozen_test,,,,1,independent_bernoulli_expected_accuracy,,experiment_v1_4/phase_archives/P4/v1_4_frozen_test_evidence_20260922T033233833147.zip::run/seed1/composition_0/result.json,baselines,composition_0,,0.5
0,,0,,frozen_test,,,,1,latest_set_or_initialization_accuracy,,experiment_v1_4/phase_archives/P4/v1_4_frozen_test_evidence_20260922T033233833147.zip::run/seed1/composition_0/result.json,baselines,composition_0,,0.517578125
0,,0,,frozen_test,,,,1,latest_read_copy_accuracy,,experiment_v1_4/phase_archives/P4/v1_4_frozen_test_evidence_20260922T033233833147.zip::run/seed1/composition_0/result.json,baselines,composition_0,,0.5107421875
0,,0,,frozen_test,macro,,,1,coverage,,experiment_v1_4/phase_archives/P4/v1_4_frozen_test_evidence_20260922T033233833147.zip::run/seed1/composition_0/result.json,operator,composition_0,,0.16666666666666666
0,,0,,frozen_test,macro,,,1,macro_accuracy,,experiment_v1_4/phase_archives/P4/v1_4_frozen_test_evidence_20260922T033233833147.zip::run/seed1/composition_0/result.json,operator,composition_0,,0.9990234375
0,,0,,frozen_test,macro,,,1,macro_answer_ce,,experiment_v1_4/phase_archives/P4/v1_4_frozen_test_evidence_20260922T033233833147.zip::run/seed1/composition_0/result.json,operator,composition_0,,0.00498309111897921
0,,0,,frozen_test,initialization,,,1,count,,experiment_v1_4/phase_archives/P4/v1_4_frozen_test_evidence_20260922T033233833147.zip::run/seed1/composition_0/result.json,operator,composition_0,,0
0,,0,,frozen_test,initialization,,,1,accuracy,empty stratum or undefined metric; see count/coverage,experiment_v1_4/phase_archives/P4/v1_4_frozen_test_evidence_20260922T033233833147.zip::run/seed1/composition_0/result.json,operator,composition_0,,
0,,0,,frozen_test,initialization,,,1,answer_ce,empty stratum or undefined metric; see count/coverage,experiment_v1_4/phase_archives/P4/v1_4_frozen_test_evidence_20260922T033233833147.zip::run/seed1/composition_0/result.json,operator,composition_0,,
0,,0,,frozen_test,SET,,,1,count,,experiment_v1_4/phase_archives/P4/v1_4_frozen_test_evidence_20260922T033233833147.zip::run/seed1/composition_0/result.json,operator,composition_0,,0
0,,0,,frozen_test,SET,,,1,accuracy,empty stratum or undefined metric; see count/coverage,experiment_v1_4/phase_archives/P4/v1_4_frozen_test_evidence_20260922T033233833147.zip::run/seed1/composition_0/result.json,operator,composition_0,,
0,,0,,frozen_test,SET,,,1,answer_ce,empty stratum or undefined metric; see count/coverage,experiment_v1_4/phase_archives/P4/v1_4_frozen_test_evidence_20260922T033233833147.zip::run/seed1/composition_0/result.json,operator,composition_0,,
0,,0,,frozen_test,NOT,,,1,count,,experiment_v1_4/phase_archives/P4/v1_4_frozen_test_evidence_20260922T033233833147.zip::run/seed1/composition_0/result.json,operator,composition_0,,0
0,,0,,frozen_test,NOT,,,1,accuracy,empty stratum or undefined metric; see count/coverage,experiment_v1_4/phase_archives/P4/v1_4_frozen_test_evidence_20260922T033233833147.zip::run/seed1/composition_0/result.json,operator,composition_0,,
0,,0,,frozen_test,NOT,,,1,answer_ce,empty stratum or undefined metric; see count/coverage,experiment_v1_4/phase_archives/P4/v1_4_frozen_test_evidence_20260922T033233833147.zip::run/seed1/composition_0/result.json,operator,composition_0,,
0,,0,,frozen_test,AND,,,1,count,,experiment_v1_4/phase_archives/P4/v1_4_frozen_test_evidence_20260922T033233833147.zip::run/seed1/composition_0/result.json,operator,composition_0,,0
0,,0,,frozen_test,AND,,,1,accuracy,empty stratum or undefined metric; see count/coverage,experiment_v1_4/phase_archives/P4/v1_4_frozen_test_evidence_20260922T033233833147.zip::run/seed1/composition_0/result.json,operator,composition_0,,
0,,0,,frozen_test,AND,,,1,answer_ce,empty stratum or undefined metric; see count/coverage,experiment_v1_4/phase_archives/P4/v1_4_frozen_test_evidence_20260922T033233833147.zip::run/seed1/composition_0/result.json,operator,composition_0,,
0,,0,,frozen_test,OR,,,1,count,,experiment_v1_4/phase_archives/P4/v1_4_frozen_test_evidence_20260922T033233833147.zip::run/seed1/composition_0/result.json,operator,composition_0,,1024
0,,0,,frozen_test,OR,,,1,accuracy,,experiment_v1_4/phase_archives/P4/v1_4_frozen_test_evidence_20260922T033233833147.zip::run/seed1/composition_0/result.json,operator,composition_0,,0.9990234375
0,,0,,frozen_test,OR,,,1,answer_ce,,experiment_v1_4/phase_archives/P4/v1_4_frozen_test_evidence_20260922T033233833147.zip::run/seed1/composition_0/result.json,operator,composition_0,,0.00498309111897921
0,,0,,frozen_test,XOR,,,1,count,,experiment_v1_4/phase_archives/P4/v1_4_frozen_test_evidence_20260922T033233833147.zip::run/seed1/composition_0/result.json,operator,composition_0,,0
0,,0,,frozen_test,XOR,,,1,accuracy,empty stratum or undefined metric; see count/coverage,experiment_v1_4/phase_archives/P4/v1_4_frozen_test_evidence_20260922T033233833147.zip::run/seed1/composition_0/result.json,operator,composition_0,,
0,,0,,frozen_test,XOR,,,1,answer_ce,empty stratum or undefined metric; see count/coverage,experiment_v1_4/phase_archives/P4/v1_4_frozen_test_evidence_20260922T033233833147.zip::run/seed1/composition_0/result.json,operator,composition_0,,
0,,0,,frozen_test,macro,,,1,coverage,,experiment_v1_4/phase_archives/P4/v1_4_frozen_test_evidence_20260922T033233833147.zip::run/seed1/composition_0/result.json,query_var,composition_0,,1.0
0,,0,,frozen_test,macro,,,1,macro_accuracy,,experiment_v1_4/phase_archives/P4/v1_4_frozen_test_evidence_20260922T033233833147.zip::run/seed1/composition_0/result.json,query_var,composition_0,,0.9990196078431373
0,,0,,frozen_test,macro,,,1,macro_answer_ce,,experiment_v1_4/phase_archives/P4/v1_4_frozen_test_evidence_20260922T033233833147.zip::run/seed1/composition_0/result.json,query_var,composition_0,,0.00494427715375204
0,,0,,frozen_test,A,,,1,count,,experiment_v1_4/phase_archives/P4/v1_4_frozen_test_evidence_20260922T033233833147.zip::run/seed1/composition_0/result.json,query_var,composition_0,,267
0,,0,,frozen_test,A,,,1,accuracy,,experiment_v1_4/phase_archives/P4/v1_4_frozen_test_evidence_20260922T033233833147.zip::run/seed1/composition_0/result.json,query_var,composition_0,,1.0
0,,0,,frozen_test,A,,,1,answer_ce,,experiment_v1_4/phase_archives/P4/v1_4_frozen_test_evidence_20260922T033233833147.zip::run/seed1/composition_0/result.json,query_var,composition_0,,0.005419231076769491
0,,0,,frozen_test,B,,,1,count,,experiment_v1_4/phase_archives/P4/v1_4_frozen_test_evidence_20260922T033233833147.zip::run/seed1/composition_0/result.json,query_var,composition_0,,256
0,,0,,frozen_test,B,,,1,accuracy,,experiment_v1_4/phase_archives/P4/v1_4_frozen_test_evidence_20260922T033233833147.zip::run/seed1/composition_0/result.json,query_var,composition_0,,1.0
0,,0,,frozen_test,B,,,1,answer_ce,,experiment_v1_4/phase_archives/P4/v1_4_frozen_test_evidence_20260922T033233833147.zip::run/seed1/composition_0/result.json,query_var,composition_0,,0.0051023749959284714
0,,0,,frozen_test,C,,,1,count,,experiment_v1_4/phase_archives/P4/v1_4_frozen_test_evidence_20260922T033233833147.zip::run/seed1/composition_0/result.json,query_var,composition_0,,255
0,,0,,frozen_test,C,,,1,accuracy,,experiment_v1_4/phase_archives/P4/v1_4_frozen_test_evidence_20260922T033233833147.zip::run/seed1/composition_0/result.json,query_var,composition_0,,0.996078431372549
0,,0,,frozen_test,C,,,1,answer_ce,,experiment_v1_4/phase_archives/P4/v1_4_frozen_test_evidence_20260922T033233833147.zip::run/seed1/composition_0/result.json,query_var,composition_0,,0.008076553774584432
0,,0,,frozen_test,D,,,1,count,,experiment_v1_4/phase_archives/P4/v1_4_frozen_test_evidence_20260922T033233833147.zip::run/seed1/composition_0/result.json,query_var,composition_0,,246
0,,0,,frozen_test,D,,,1,accuracy,,experiment_v1_4/phase_archives/P4/v1_4_frozen_test_evidence_20260922T033233833147.zip::run/seed1/composition_0/result.json,query_var,composition_0,,1.0
0,,0,,frozen_test,D,,,1,answer_ce,,experiment_v1_4/phase_archives/P4/v1_4_frozen_test_evidence_20260922T033233833147.zip::run/seed1/composition_0/result.json,query_var,composition_0,,0.0011789487677257664
0,,0,,frozen_test,macro,,,1,coverage,,experiment_v1_4/phase_archives/P4/v1_4_frozen_test_evidence_20260922T033233833147.zip::run/seed1/composition_0/result.json,answer,composition_0,,1.0
0,,0,,frozen_test,macro,,,1,macro_accuracy,,experiment_v1_4/phase_archives/P4/v1_4_frozen_test_evidence_20260922T033233833147.zip::run/seed1/composition_0/result.json,answer,composition_0,,0.998792270531401
0,,0,,frozen_test,macro,,,1,macro_answer_ce,,experiment_v1_4/phase_archives/P4/v1_4_frozen_test_evidence_20260922T033233833147.zip::run/seed1/composition_0/result.json,answer,composition_0,,0.004963825752889206
0,,0,,frozen_test,0,,,1,count,,experiment_v1_4/phase_archives/P4/v1_4_frozen_test_evidence_20260922T033233833147.zip::run/seed1/composition_0/result.json,answer,composition_0,,414
0,,0,,frozen_test,0,,,1,accuracy,,experiment_v1_4/phase_archives/P4/v1_4_frozen_test_evidence_20260922T033233833147.zip::run/seed1/composition_0/result.json,answer,composition_0,,0.9975845410628019
0,,0,,frozen_test,0,,,1,answer_ce,,experiment_v1_4/phase_archives/P4/v1_4_frozen_test_evidence_20260922T033233833147.zip::run/seed1/composition_0/result.json,answer,composition_0,,0.004863174044337341
0,,0,,frozen_test,1,,,1,count,,experiment_v1_4/phase_archives/P4/v1_4_frozen_test_evidence_20260922T033233833147.zip::run/seed1/composition_0/result.json,answer,composition_0,,610
0,,0,,frozen_test,1,,,1,accuracy,,experiment_v1_4/phase_archives/P4/v1_4_frozen_test_evidence_20260922T033233833147.zip::run/seed1/composition_0/result.json,answer,composition_0,,1.0
0,,0,,frozen_test,1,,,1,answer_ce,,experiment_v1_4/phase_archives/P4/v1_4_frozen_test_evidence_20260922T033233833147.zip::run/seed1/composition_0/result.json,answer,composition_0,,0.00506447746144107
0,,0,,frozen_test,macro,,,1,coverage,,experiment_v1_4/phase_archives/P4/v1_4_frozen_test_evidence_20260922T033233833147.zip::run/seed1/composition_0/result.json,blocks,composition_0,,1.0
0,,0,,frozen_test,macro,,,1,macro_accuracy,,experiment_v1_4/phase_archives/P4/v1_4_frozen_test_evidence_20260922T033233833147.zip::run/seed1/composition_0/result.json,blocks,composition_0,,0.9988235294117648
0,,0,,frozen_test,macro,,,1,macro_answer_ce,,experiment_v1_4/phase_archives/P4/v1_4_frozen_test_evidence_20260922T033233833147.zip::run/seed1/composition_0/result.json,blocks,composition_0,,0.005294698827580498
0,,0,,frozen_test,8,,,1,count,,experiment_v1_4/phase_archives/P4/v1_4_frozen_test_evidence_20260922T033233833147.zip::run/seed1/composition_0/result.json,blocks,composition_0,,70
0,,0,,frozen_test,8,,,1,accuracy,,experiment_v1_4/phase_archives/P4/v1_4_frozen_test_evidence_20260922T033233833147.zip::run/seed1/composition_0/result.json,blocks,composition_0,,1.0
0,,0,,frozen_test,8,,,1,answer_ce,,experiment_v1_4/phase_archives/P4/v1_4_frozen_test_evidence_20260922T033233833147.zip::run/seed1/composition_0/result.json,blocks,composition_0,,0.0007385839952413724
0,,0,,frozen_test,9,,,1,count,,experiment_v1_4/phase_archives/P4/v1_4_frozen_test_evidence_20260922T033233833147.zip::run/seed1/composition_0/result.json,blocks,composition_0,,70
0,,0,,frozen_test,9,,,1,accuracy,,experiment_v1_4/phase_archives/P4/v1_4_frozen_test_evidence_20260922T033233833147.zip::run/seed1/composition_0/result.json,blocks,composition_0,,1.0
0,,0,,frozen_test,9,,,1,answer_ce,,experiment_v1_4/phase_archives/P4/v1_4_frozen_test_evidence_20260922T033233833147.zip::run/seed1/composition_0/result.json,blocks,composition_0,,0.0005319677170388916
0,,0,,frozen_test,10,,,1,count,,experiment_v1_4/phase_archives/P4/v1_4_frozen_test_evidence_20260922T033233833147.zip::run/seed1/composition_0/result.json,blocks,composition_0,,65
0,,0,,frozen_test,10,,,1,accuracy,,experiment_v1_4/phase_archives/P4/v1_4_frozen_test_evidence_20260922T033233833147.zip::run/seed1/composition_0/result.json,blocks,composition_0,,1.0
0,,0,,frozen_test,10,,,1,answer_ce,,experiment_v1_4/phase_archives/P4/v1_4_frozen_test_evidence_20260922T033233833147.zip::run/seed1/composition_0/result.json,blocks,composition_0,,0.0002562451568127681
0,,0,,frozen_test,11,,,1,count,,experiment_v1_4/phase_archives/P4/v1_4_frozen_test_evidence_20260922T033233833147.zip::run/seed1/composition_0/result.json,blocks,composition_0,,66
0,,0,,frozen_test,11,,,1,accuracy,,experiment_v1_4/phase_archives/P4/v1_4_frozen_test_evidence_20260922T033233833147.zip::run/seed1/composition_0/result.json,blocks,composition_0,,1.0
0,,0,,frozen_test,11,,,1,answer_ce,,experiment_v1_4/phase_archives/P4/v1_4_frozen_test_evidence_20260922T033233833147.zip::run/seed1/composition_0/result.json,blocks,composition_0,,0.002317636689964054
0,,0,,frozen_test,12,,,1,count,,experiment_v1_4/phase_archives/P4/v1_4_frozen_test_evidence_20260922T033233833147.zip::run/seed1/composition_0/result.json,blocks,composition_0,,56
0,,0,,frozen_test,12,,,1,accuracy,,experiment_v1_4/phase_archives/P4/v1_4_frozen_test_evidence_20260922T033233833147.zip::run/seed1/composition_0/result.json,blocks,composition_0,,1.0
0,,0,,frozen_test,12,,,1,answer_ce,,experiment_v1_4/phase_archives/P4/v1_4_frozen_test_evidence_20260922T033233833147.zip::run/seed1/composition_0/result.json,blocks,composition_0,,0.010213100917716085
0,,0,,frozen_test,13,,,1,count,,experiment_v1_4/phase_archives/P4/v1_4_frozen_test_evidence_20260922T033233833147.zip::run/seed1/composition_0/result.json,blocks,composition_0,,65
0,,0,,frozen_test,13,,,1,accuracy,,experiment_v1_4/phase_archives/P4/v1_4_frozen_test_evidence_20260922T033233833147.zip::run/seed1/composition_0/result.json,blocks,composition_0,,1.0
0,,0,,frozen_test,13,,,1,answer_ce,,experiment_v1_4/phase_archives/P4/v1_4_frozen_test_evidence_20260922T033233833147.zip::run/seed1/composition_0/result.json,blocks,composition_0,,0.0034282575058918715
0,,0,,frozen_test,14,,,1,count,,experiment_v1_4/phase_archives/P4/v1_4_frozen_test_evidence_20260922T033233833147.zip::run/seed1/composition_0/result.json,blocks,composition_0,,55
0,,0,,frozen_test,14,,,1,accuracy,,experiment_v1_4/phase_archives/P4/v1_4_frozen_test_evidence_20260922T033233833147.zip::run/seed1/composition_0/result.json,blocks,composition_0,,1.0
0,,0,,frozen_test,14,,,1,answer_ce,,experiment_v1_4/phase_archives/P4/v1_4_frozen_test_evidence_20260922T033233833147.zip::run/seed1/composition_0/result.json,blocks,composition_0,,0.00404800090000208
0,,0,,frozen_test,15,,,1,count,,experiment_v1_4/phase_archives/P4/v1_4_frozen_test_evidence_20260922T033233833147.zip::run/seed1/composition_0/result.json,blocks,composition_0,,56
0,,0,,frozen_test,15,,,1,accuracy,,experiment_v1_4/phase_archives/P4/v1_4_frozen_test_evidence_20260922T033233833147.zip::run/seed1/composition_0/result.json,blocks,composition_0,,1.0
0,,0,,frozen_test,15,,,1,answer_ce,,experiment_v1_4/phase_archives/P4/v1_4_frozen_test_evidence_20260922T033233833147.zip::run/seed1/composition_0/result.json,blocks,composition_0,,0.01078662892720266
0,,0,,frozen_test,16,,,1,count,,experiment_v1_4/phase_archives/P4/v1_4_frozen_test_evidence_20260922T033233833147.zip::run/seed1/composition_0/result.json,blocks,composition_0,,59
0,,0,,frozen_test,16,,,1,accuracy,,experiment_v1_4/phase_archives/P4/v1_4_frozen_test_evidence_20260922T033233833147.zip::run/seed1/composition_0/result.json,blocks,composition_0,,1.0
0,,0,,frozen_test,16,,,1,answer_ce,,experiment_v1_4/phase_archives/P4/v1_4_frozen_test_evidence_20260922T033233833147.zip::run/seed1/composition_0/result.json,blocks,composition_0,,0.0004393791458192104
0,,0,,frozen_test,17,,,1,count,,experiment_v1_4/phase_archives/P4/v1_4_frozen_test_evidence_20260922T033233833147.zip::run/seed1/composition_0/result.json,blocks,composition_0,,72
0,,0,,frozen_test,17,,,1,accuracy,,experiment_v1_4/phase_archives/P4/v1_4_frozen_test_evidence_20260922T033233833147.zip::run/seed1/composition_0/result.json,blocks,composition_0,,1.0
0,,0,,frozen_test,17,,,1,answer_ce,,experiment_v1_4/phase_archives/P4/v1_4_frozen_test_evidence_20260922T033233833147.zip::run/seed1/composition_0/result.json,blocks,composition_0,,0.0019555064512183484
0,,0,,frozen_test,18,,,1,count,,experiment_v1_4/phase_archives/P4/v1_4_frozen_test_evidence_20260922T033233833147.zip::run/seed1/composition_0/result.json,blocks,composition_0,,59
0,,0,,frozen_test,18,,,1,accuracy,,experiment_v1_4/phase_archives/P4/v1_4_frozen_test_evidence_20260922T033233833147.zip::run/seed1/composition_0/result.json,blocks,composition_0,,1.0
0,,0,,frozen_test,18,,,1,answer_ce,,experiment_v1_4/phase_archives/P4/v1_4_frozen_test_evidence_20260922T033233833147.zip::run/seed1/composition_0/result.json,blocks,composition_0,,0.012148291477434075
0,,0,,frozen_test,19,,,1,count,,experiment_v1_4/phase_archives/P4/v1_4_frozen_test_evidence_20260922T033233833147.zip::run/seed1/composition_0/result.json,blocks,composition_0,,56
0,,0,,frozen_test,19,,,1,accuracy,,experiment_v1_4/phase_archives/P4/v1_4_frozen_test_evidence_20260922T033233833147.zip::run/seed1/composition_0/result.json,blocks,composition_0,,1.0
0,,0,,frozen_test,19,,,1,answer_ce,,experiment_v1_4/phase_archives/P4/v1_4_frozen_test_evidence_20260922T033233833147.zip::run/seed1/composition_0/result.json,blocks,composition_0,,0.0004388344817211224
0,,0,,frozen_test,20,,,1,count,,experiment_v1_4/phase_archives/P4/v1_4_frozen_test_evidence_20260922T033233833147.zip::run/seed1/composition_0/result.json,blocks,composition_0,,60
0,,0,,frozen_test,20,,,1,accuracy,,experiment_v1_4/phase_archives/P4/v1_4_frozen_test_evidence_20260922T033233833147.zip::run/seed1/composition_0/result.json,blocks,composition_0,,1.0
0,,0,,frozen_test,20,,,1,answer_ce,,experiment_v1_4/phase_archives/P4/v1_4_frozen_test_evidence_20260922T033233833147.zip::run/seed1/composition_0/result.json,blocks,composition_0,,0.010968206994463495
0,,0,,frozen_test,21,,,1,count,,experiment_v1_4/phase_archives/P4/v1_4_frozen_test_evidence_20260922T033233833147.zip::run/seed1/composition_0/result.json,blocks,composition_0,,50
0,,0,,frozen_test,21,,,1,accuracy,,experiment_v1_4/phase_archives/P4/v1_4_frozen_test_evidence_20260922T033233833147.zip::run/seed1/composition_0/result.json,blocks,composition_0,,0.98
0,,0,,frozen_test,21,,,1,answer_ce,,experiment_v1_4/phase_archives/P4/v1_4_frozen_test_evidence_20260922T033233833147.zip::run/seed1/composition_0/result.json,blocks,composition_0,,0.019890438174043082
0,,0,,frozen_test,22,,,1,count,,experiment_v1_4/phase_archives/P4/v1_4_frozen_test_evidence_20260922T033233833147.zip::run/seed1/composition_0/result.json,blocks,composition_0,,49
0,,0,,frozen_test,22,,,1,accuracy,,experiment_v1_4/phase_archives/P4/v1_4_frozen_test_evidence_20260922T033233833147.zip::run/seed1/composition_0/result.json,blocks,composition_0,,1.0
0,,0,,frozen_test,22,,,1,answer_ce,,experiment_v1_4/phase_archives/P4/v1_4_frozen_test_evidence_20260922T033233833147.zip::run/seed1/composition_0/result.json,blocks,composition_0,,0.0013148178250605492
0,,0,,frozen_test,23,,,1,count,,experiment_v1_4/phase_archives/P4/v1_4_frozen_test_evidence_20260922T033233833147.zip::run/seed1/composition_0/result.json,blocks,composition_0,,51
0,,0,,frozen_test,23,,,1,accuracy,,experiment_v1_4/phase_archives/P4/v1_4_frozen_test_evidence_20260922T033233833147.zip::run/seed1/composition_0/result.json,blocks,composition_0,,1.0
0,,0,,frozen_test,23,,,1,answer_ce,,experiment_v1_4/phase_archives/P4/v1_4_frozen_test_evidence_20260922T033233833147.zip::run/seed1/composition_0/result.json,blocks,composition_0,,0.006223431042028596
0,,0,,frozen_test,24,,,1,count,,experiment_v1_4/phase_archives/P4/v1_4_frozen_test_evidence_20260922T033233833147.zip::run/seed1/composition_0/result.json,blocks,composition_0,,65
0,,0,,frozen_test,24,,,1,accuracy,,experiment_v1_4/phase_archives/P4/v1_4_frozen_test_evidence_20260922T033233833147.zip::run/seed1/composition_0/result.json,blocks,composition_0,,1.0
0,,0,,frozen_test,24,,,1,answer_ce,,experiment_v1_4/phase_archives/P4/v1_4_frozen_test_evidence_20260922T033233833147.zip::run/seed1/composition_0/result.json,blocks,composition_0,,0.004310552667210196
0,,0,,frozen_test,macro,,,1,coverage,,experiment_v1_4/phase_archives/P4/v1_4_frozen_test_evidence_20260922T033233833147.zip::run/seed1/composition_0/result.json,distance,composition_0,,0.3333333333333333
0,,0,,frozen_test,macro,,,1,macro_accuracy,,experiment_v1_4/phase_archives/P4/v1_4_frozen_test_evidence_20260922T033233833147.zip::run/seed1/composition_0/result.json,distance,composition_0,,0.9990234375
0,,0,,frozen_test,macro,,,1,macro_answer_ce,,experiment_v1_4/phase_archives/P4/v1_4_frozen_test_evidence_20260922T033233833147.zip::run/seed1/composition_0/result.json,distance,composition_0,,0.00498309111897921
0,,0,,frozen_test,0,,,1,count,,experiment_v1_4/phase_archives/P4/v1_4_frozen_test_evidence_20260922T033233833147.zip::run/seed1/composition_0/result.json,distance,composition_0,,1024
0,,0,,frozen_test,0,,,1,accuracy,,experiment_v1_4/phase_archives/P4/v1_4_frozen_test_evidence_20260922T033233833147.zip::run/seed1/composition_0/result.json,distance,composition_0,,0.9990234375
0,,0,,frozen_test,0,,,1,answer_ce,,experiment_v1_4/phase_archives/P4/v1_4_frozen_test_evidence_20260922T033233833147.zip::run/seed1/composition_0/result.json,distance,composition_0,,0.00498309111897921
0,,0,,frozen_test,1-2,,,1,count,,experiment_v1_4/phase_archives/P4/v1_4_frozen_test_evidence_20260922T033233833147.zip::run/seed1/composition_0/result.json,distance,composition_0,,0
0,,0,,frozen_test,1-2,,,1,accuracy,empty stratum or undefined metric; see count/coverage,experiment_v1_4/phase_archives/P4/v1_4_frozen_test_evidence_20260922T033233833147.zip::run/seed1/composition_0/result.json,distance,composition_0,,
0,,0,,frozen_test,1-2,,,1,answer_ce,empty stratum or undefined metric; see count/coverage,experiment_v1_4/phase_archives/P4/v1_4_frozen_test_evidence_20260922T033233833147.zip::run/seed1/composition_0/result.json,distance,composition_0,,
0,,0,,frozen_test,3+,,,1,count,,experiment_v1_4/phase_archives/P4/v1_4_frozen_test_evidence_20260922T033233833147.zip::run/seed1/composition_0/result.json,distance,composition_0,,0
0,,0,,frozen_test,3+,,,1,accuracy,empty stratum or undefined metric; see count/coverage,experiment_v1_4/phase_archives/P4/v1_4_frozen_test_evidence_20260922T033233833147.zip::run/seed1/composition_0/result.json,distance,composition_0,,
0,,0,,frozen_test,3+,,,1,answer_ce,empty stratum or undefined metric; see count/coverage,experiment_v1_4/phase_archives/P4/v1_4_frozen_test_evidence_20260922T033233833147.zip::run/seed1/composition_0/result.json,distance,composition_0,,
0,,0,,frozen_test,macro,,,1,coverage,,experiment_v1_4/phase_archives/P4/v1_4_frozen_test_evidence_20260922T033233833147.zip::run/seed1/composition_0/result.json,truth_table,composition_0,,0.3333333333333333
0,,0,,frozen_test,macro,,,1,macro_accuracy,,experiment_v1_4/phase_archives/P4/v1_4_frozen_test_evidence_20260922T033233833147.zip::run/seed1/composition_0/result.json,truth_table,composition_0,,0.9993961352657005
0,,0,,frozen_test,macro,,,1,macro_answer_ce,,experiment_v1_4/phase_archives/P4/v1_4_frozen_test_evidence_20260922T033233833147.zip::run/seed1/composition_0/result.json,truth_table,composition_0,,0.004304740523981422
0,,0,,frozen_test,AND:00,,,1,count,,experiment_v1_4/phase_archives/P4/v1_4_frozen_test_evidence_20260922T033233833147.zip::run/seed1/composition_0/result.json,truth_table,composition_0,,0
0,,0,,frozen_test,AND:00,,,1,accuracy,empty stratum or undefined metric; see count/coverage,experiment_v1_4/phase_archives/P4/v1_4_frozen_test_evidence_20260922T033233833147.zip::run/seed1/composition_0/result.json,truth_table,composition_0,,
0,,0,,frozen_test,AND:00,,,1,answer_ce,empty stratum or undefined metric; see count/coverage,experiment_v1_4/phase_archives/P4/v1_4_frozen_test_evidence_20260922T033233833147.zip::run/seed1/composition_0/result.json,truth_table,composition_0,,
0,,0,,frozen_test,AND:01,,,1,count,,experiment_v1_4/phase_archives/P4/v1_4_frozen_test_evidence_20260922T033233833147.zip::run/seed1/composition_0/result.json,truth_table,composition_0,,0
0,,0,,frozen_test,AND:01,,,1,accuracy,empty stratum or undefined metric; see count/coverage,experiment_v1_4/phase_archives/P4/v1_4_frozen_test_evidence_20260922T033233833147.zip::run/seed1/composition_0/result.json,truth_table,composition_0,,
0,,0,,frozen_test,AND:01,,,1,answer_ce,empty stratum or undefined metric; see count/coverage,experiment_v1_4/phase_archives/P4/v1_4_frozen_test_evidence_20260922T033233833147.zip::run/seed1/composition_0/result.json,truth_table,composition_0,,
0,,0,,frozen_test,AND:10,,,1,count,,experiment_v1_4/phase_archives/P4/v1_4_frozen_test_evidence_20260922T033233833147.zip::run/seed1/composition_0/result.json,truth_table,composition_0,,0
0,,0,,frozen_test,AND:10,,,1,accuracy,empty stratum or undefined metric; see count/coverage,experiment_v1_4/phase_archives/P4/v1_4_frozen_test_evidence_20260922T033233833147.zip::run/seed1/composition_0/result.json,truth_table,composition_0,,
0,,0,,frozen_test,AND:10,,,1,answer_ce,empty stratum or undefined metric; see count/coverage,experiment_v1_4/phase_archives/P4/v1_4_frozen_test_evidence_20260922T033233833147.zip::run/seed1/composition_0/result.json,truth_table,composition_0,,
0,,0,,frozen_test,AND:11,,,1,count,,experiment_v1_4/phase_archives/P4/v1_4_frozen_test_evidence_20260922T033233833147.zip::run/seed1/composition_0/result.json,truth_table,composition_0,,0
0,,0,,frozen_test,AND:11,,,1,accuracy,empty stratum or undefined metric; see count/coverage,experiment_v1_4/phase_archives/P4/v1_4_frozen_test_evidence_20260922T033233833147.zip::run/seed1/composition_0/result.json,truth_table,composition_0,,
0,,0,,frozen_test,AND:11,,,1,answer_ce,empty stratum or undefined metric; see count/coverage,experiment_v1_4/phase_archives/P4/v1_4_frozen_test_evidence_20260922T033233833147.zip::run/seed1/composition_0/result.json,truth_table,composition_0,,
0,,0,,frozen_test,OR:00,,,1,count,,experiment_v1_4/phase_archives/P4/v1_4_frozen_test_evidence_20260922T033233833147.zip::run/seed1/composition_0/result.json,truth_table,composition_0,,414
0,,0,,frozen_test,OR:00,,,1,accuracy,,experiment_v1_4/phase_archives/P4/v1_4_frozen_test_evidence_20260922T033233833147.zip::run/seed1/composition_0/result.json,truth_table,composition_0,,0.9975845410628019
0,,0,,frozen_test,OR:00,,,1,answer_ce,,experiment_v1_4/phase_archives/P4/v1_4_frozen_test_evidence_20260922T033233833147.zip::run/seed1/composition_0/result.json,truth_table,composition_0,,0.004863174044337341
0,,0,,frozen_test,OR:01,,,1,count,,experiment_v1_4/phase_archives/P4/v1_4_frozen_test_evidence_20260922T033233833147.zip::run/seed1/composition_0/result.json,truth_table,composition_0,,349
0,,0,,frozen_test,OR:01,,,1,accuracy,,experiment_v1_4/phase_archives/P4/v1_4_frozen_test_evidence_20260922T033233833147.zip::run/seed1/composition_0/result.json,truth_table,composition_0,,1.0
0,,0,,frozen_test,OR:01,,,1,answer_ce,,experiment_v1_4/phase_archives/P4/v1_4_frozen_test_evidence_20260922T033233833147.zip::run/seed1/composition_0/result.json,truth_table,composition_0,,0.0062217326442578925
0,,0,,frozen_test,OR:10,,,1,count,,experiment_v1_4/phase_archives/P4/v1_4_frozen_test_evidence_20260922T033233833147.zip::run/seed1/composition_0/result.json,truth_table,composition_0,,84
0,,0,,frozen_test,OR:10,,,1,accuracy,,experiment_v1_4/phase_archives/P4/v1_4_frozen_test_evidence_20260922T033233833147.zip::run/seed1/composition_0/result.json,truth_table,composition_0,,1.0
0,,0,,frozen_test,OR:10,,,1,answer_ce,,experiment_v1_4/phase_archives/P4/v1_4_frozen_test_evidence_20260922T033233833147.zip::run/seed1/composition_0/result.json,truth_table,composition_0,,0.0018040994458542194
0,,0,,frozen_test,OR:11,,,1,count,,experiment_v1_4/phase_archives/P4/v1_4_frozen_test_evidence_20260922T033233833147.zip::run/seed1/composition_0/result.json,truth_table,composition_0,,177
0,,0,,frozen_test,OR:11,,,1,accuracy,,experiment_v1_4/phase_archives/P4/v1_4_frozen_test_evidence_20260922T033233833147.zip::run/seed1/composition_0/result.json,truth_table,composition_0,,1.0
0,,0,,frozen_test,OR:11,,,1,answer_ce,,experiment_v1_4/phase_archives/P4/v1_4_frozen_test_evidence_20260922T033233833147.zip::run/seed1/composition_0/result.json,truth_table,composition_0,,0.0043299559614762345
0,,0,,frozen_test,XOR:00,,,1,count,,experiment_v1_4/phase_archives/P4/v1_4_frozen_test_evidence_20260922T033233833147.zip::run/seed1/composition_0/result.json,truth_table,composition_0,,0
0,,0,,frozen_test,XOR:00,,,1,accuracy,empty stratum or undefined metric; see count/coverage,experiment_v1_4/phase_archives/P4/v1_4_frozen_test_evidence_20260922T033233833147.zip::run/seed1/composition_0/result.json,truth_table,composition_0,,
0,,0,,frozen_test,XOR:00,,,1,answer_ce,empty stratum or undefined metric; see count/coverage,experiment_v1_4/phase_archives/P4/v1_4_frozen_test_evidence_20260922T033233833147.zip::run/seed1/composition_0/result.json,truth_table,composition_0,,
0,,0,,frozen_test,XOR:01,,,1,count,,experiment_v1_4/phase_archives/P4/v1_4_frozen_test_evidence_20260922T033233833147.zip::run/seed1/composition_0/result.json,truth_table,composition_0,,0
0,,0,,frozen_test,XOR:01,,,1,accuracy,empty stratum or undefined metric; see count/coverage,experiment_v1_4/phase_archives/P4/v1_4_frozen_test_evidence_20260922T033233833147.zip::run/seed1/composition_0/result.json,truth_table,composition_0,,
0,,0,,frozen_test,XOR:01,,,1,answer_ce,empty stratum or undefined metric; see count/coverage,experiment_v1_4/phase_archives/P4/v1_4_frozen_test_evidence_20260922T033233833147.zip::run/seed1/composition_0/result.json,truth_table,composition_0,,
0,,0,,frozen_test,XOR:10,,,1,count,,experiment_v1_4/phase_archives/P4/v1_4_frozen_test_evidence_20260922T033233833147.zip::run/seed1/composition_0/result.json,truth_table,composition_0,,0
0,,0,,frozen_test,XOR:10,,,1,accuracy,empty stratum or undefined metric; see count/coverage,experiment_v1_4/phase_archives/P4/v1_4_frozen_test_evidence_20260922T033233833147.zip::run/seed1/composition_0/result.json,truth_table,composition_0,,
0,,0,,frozen_test,XOR:10,,,1,answer_ce,empty stratum or undefined metric; see count/coverage,experiment_v1_4/phase_archives/P4/v1_4_frozen_test_evidence_20260922T033233833147.zip::run/seed1/composition_0/result.json,truth_table,composition_0,,
0,,0,,frozen_test,XOR:11,,,1,count,,experiment_v1_4/phase_archives/P4/v1_4_frozen_test_evidence_20260922T033233833147.zip::run/seed1/composition_0/result.json,truth_table,composition_0,,0
0,,0,,frozen_test,XOR:11,,,1,accuracy,empty stratum or undefined metric; see count/coverage,experiment_v1_4/phase_archives/P4/v1_4_frozen_test_evidence_20260922T033233833147.zip::run/seed1/composition_0/result.json,truth_table,composition_0,,
0,,0,,frozen_test,XOR:11,,,1,answer_ce,empty stratum or undefined metric; see count/coverage,experiment_v1_4/phase_archives/P4/v1_4_frozen_test_evidence_20260922T033233833147.zip::run/seed1/composition_0/result.json,truth_table,composition_0,,
1000,13600637376954341196,1000,,frozen_test,,,,1,answer_count,,experiment_v1_4/phase_archives/P4/v1_4_frozen_test_evidence_20260922T033233833147.zip::run/seed1/composition_1/result.json,overall,composition_1,,1024
1000,13600637376954341196,1000,,frozen_test,,,,1,sequence_count,,experiment_v1_4/phase_archives/P4/v1_4_frozen_test_evidence_20260922T033233833147.zip::run/seed1/composition_1/result.json,overall,composition_1,,1024
1000,13600637376954341196,1000,,frozen_test,,0.0028311097263150394,0.0007001169344817093,1,answer_ce,,experiment_v1_4/phase_archives/P4/v1_4_frozen_test_evidence_20260922T033233833147.zip::run/seed1/composition_1/result.json,overall,composition_1,,0.0016101307835132417
1000,13600637376954341196,1000,,frozen_test,,1.0,1.0,1,accuracy,,experiment_v1_4/phase_archives/P4/v1_4_frozen_test_evidence_20260922T033233833147.zip::run/seed1/composition_1/result.json,overall,composition_1,,1.0
1000,13600637376954341196,1000,,frozen_test,,1.0,1.0,1,binary_accuracy,,experiment_v1_4/phase_archives/P4/v1_4_frozen_test_evidence_20260922T033233833147.zip::run/seed1/composition_1/result.json,overall,composition_1,,1.0
1000,13600637376954341196,1000,,frozen_test,,0.9999867776918109,0.9999850178835914,1,bit_mass,,experiment_v1_4/phase_archives/P4/v1_4_frozen_test_evidence_20260922T033233833147.zip::run/seed1/composition_1/result.json,overall,composition_1,,0.9999860425014049
1000,13600637376954341196,1000,,frozen_test,,,,1,all_token_ce,,experiment_v1_4/phase_archives/P4/v1_4_frozen_test_evidence_20260922T033233833147.zip::run/seed1/composition_1/result.json,overall,composition_1,,0.9804185599190706
1000,13600637376954341196,1000,,frozen_test,,,,1,prediction_tokens,,experiment_v1_4/phase_archives/P4/v1_4_frozen_test_evidence_20260922T033233833147.zip::run/seed1/composition_1/result.json,overall,composition_1,,122379
0,,0,,frozen_test,,,,1,count,,experiment_v1_4/phase_archives/P4/v1_4_frozen_test_evidence_20260922T033233833147.zip::run/seed1/composition_1/result.json,baselines,composition_1,,1024
0,,0,,frozen_test,,,,1,majority_prediction,,experiment_v1_4/phase_archives/P4/v1_4_frozen_test_evidence_20260922T033233833147.zip::run/seed1/composition_1/result.json,baselines,composition_1,,0
0,,0,,frozen_test,,,,1,split_majority_accuracy,,experiment_v1_4/phase_archives/P4/v1_4_frozen_test_evidence_20260922T033233833147.zip::run/seed1/composition_1/result.json,baselines,composition_1,,0.826171875
0,,0,,frozen_test,,,,1,independent_bernoulli_expected_accuracy,,experiment_v1_4/phase_archives/P4/v1_4_frozen_test_evidence_20260922T033233833147.zip::run/seed1/composition_1/result.json,baselines,composition_1,,0.5
0,,0,,frozen_test,,,,1,latest_set_or_initialization_accuracy,,experiment_v1_4/phase_archives/P4/v1_4_frozen_test_evidence_20260922T033233833147.zip::run/seed1/composition_1/result.json,baselines,composition_1,,0.5244140625
0,,0,,frozen_test,,,,1,latest_read_copy_accuracy,,experiment_v1_4/phase_archives/P4/v1_4_frozen_test_evidence_20260922T033233833147.zip::run/seed1/composition_1/result.json,baselines,composition_1,,0.6533203125
0,,0,,frozen_test,macro,,,1,coverage,,experiment_v1_4/phase_archives/P4/v1_4_frozen_test_evidence_20260922T033233833147.zip::run/seed1/composition_1/result.json,operator,composition_1,,0.16666666666666666
0,,0,,frozen_test,macro,,,1,macro_accuracy,,experiment_v1_4/phase_archives/P4/v1_4_frozen_test_evidence_20260922T033233833147.zip::run/seed1/composition_1/result.json,operator,composition_1,,1.0
0,,0,,frozen_test,macro,,,1,macro_answer_ce,,experiment_v1_4/phase_archives/P4/v1_4_frozen_test_evidence_20260922T033233833147.zip::run/seed1/composition_1/result.json,operator,composition_1,,0.0016101307835132417
0,,0,,frozen_test,initialization,,,1,count,,experiment_v1_4/phase_archives/P4/v1_4_frozen_test_evidence_20260922T033233833147.zip::run/seed1/composition_1/result.json,operator,composition_1,,0
0,,0,,frozen_test,initialization,,,1,accuracy,empty stratum or undefined metric; see count/coverage,experiment_v1_4/phase_archives/P4/v1_4_frozen_test_evidence_20260922T033233833147.zip::run/seed1/composition_1/result.json,operator,composition_1,,
0,,0,,frozen_test,initialization,,,1,answer_ce,empty stratum or undefined metric; see count/coverage,experiment_v1_4/phase_archives/P4/v1_4_frozen_test_evidence_20260922T033233833147.zip::run/seed1/composition_1/result.json,operator,composition_1,,
0,,0,,frozen_test,SET,,,1,count,,experiment_v1_4/phase_archives/P4/v1_4_frozen_test_evidence_20260922T033233833147.zip::run/seed1/composition_1/result.json,operator,composition_1,,0
0,,0,,frozen_test,SET,,,1,accuracy,empty stratum or undefined metric; see count/coverage,experiment_v1_4/phase_archives/P4/v1_4_frozen_test_evidence_20260922T033233833147.zip::run/seed1/composition_1/result.json,operator,composition_1,,
0,,0,,frozen_test,SET,,,1,answer_ce,empty stratum or undefined metric; see count/coverage,experiment_v1_4/phase_archives/P4/v1_4_frozen_test_evidence_20260922T033233833147.zip::run/seed1/composition_1/result.json,operator,composition_1,,
0,,0,,frozen_test,NOT,,,1,count,,experiment_v1_4/phase_archives/P4/v1_4_frozen_test_evidence_20260922T033233833147.zip::run/seed1/composition_1/result.json,operator,composition_1,,0
0,,0,,frozen_test,NOT,,,1,accuracy,empty stratum or undefined metric; see count/coverage,experiment_v1_4/phase_archives/P4/v1_4_frozen_test_evidence_20260922T033233833147.zip::run/seed1/composition_1/result.json,operator,composition_1,,
0,,0,,frozen_test,NOT,,,1,answer_ce,empty stratum or undefined metric; see count/coverage,experiment_v1_4/phase_archives/P4/v1_4_frozen_test_evidence_20260922T033233833147.zip::run/seed1/composition_1/result.json,operator,composition_1,,
0,,0,,frozen_test,AND,,,1,count,,experiment_v1_4/phase_archives/P4/v1_4_frozen_test_evidence_20260922T033233833147.zip::run/seed1/composition_1/result.json,operator,composition_1,,1024
0,,0,,frozen_test,AND,,,1,accuracy,,experiment_v1_4/phase_archives/P4/v1_4_frozen_test_evidence_20260922T033233833147.zip::run/seed1/composition_1/result.json,operator,composition_1,,1.0
0,,0,,frozen_test,AND,,,1,answer_ce,,experiment_v1_4/phase_archives/P4/v1_4_frozen_test_evidence_20260922T033233833147.zip::run/seed1/composition_1/result.json,operator,composition_1,,0.0016101307835132417
0,,0,,frozen_test,OR,,,1,count,,experiment_v1_4/phase_archives/P4/v1_4_frozen_test_evidence_20260922T033233833147.zip::run/seed1/composition_1/result.json,operator,composition_1,,0
0,,0,,frozen_test,OR,,,1,accuracy,empty stratum or undefined metric; see count/coverage,experiment_v1_4/phase_archives/P4/v1_4_frozen_test_evidence_20260922T033233833147.zip::run/seed1/composition_1/result.json,operator,composition_1,,
0,,0,,frozen_test,OR,,,1,answer_ce,empty stratum or undefined metric; see count/coverage,experiment_v1_4/phase_archives/P4/v1_4_frozen_test_evidence_20260922T033233833147.zip::run/seed1/composition_1/result.json,operator,composition_1,,
0,,0,,frozen_test,XOR,,,1,count,,experiment_v1_4/phase_archives/P4/v1_4_frozen_test_evidence_20260922T033233833147.zip::run/seed1/composition_1/result.json,operator,composition_1,,0
0,,0,,frozen_test,XOR,,,1,accuracy,empty stratum or undefined metric; see count/coverage,experiment_v1_4/phase_archives/P4/v1_4_frozen_test_evidence_20260922T033233833147.zip::run/seed1/composition_1/result.json,operator,composition_1,,
0,,0,,frozen_test,XOR,,,1,answer_ce,empty stratum or undefined metric; see count/coverage,experiment_v1_4/phase_archives/P4/v1_4_frozen_test_evidence_20260922T033233833147.zip::run/seed1/composition_1/result.json,operator,composition_1,,
0,,0,,frozen_test,macro,,,1,coverage,,experiment_v1_4/phase_archives/P4/v1_4_frozen_test_evidence_20260922T033233833147.zip::run/seed1/composition_1/result.json,query_var,composition_1,,1.0
0,,0,,frozen_test,macro,,,1,macro_accuracy,,experiment_v1_4/phase_archives/P4/v1_4_frozen_test_evidence_20260922T033233833147.zip::run/seed1/composition_1/result.json,query_var,composition_1,,1.0
0,,0,,frozen_test,macro,,,1,macro_answer_ce,,experiment_v1_4/phase_archives/P4/v1_4_frozen_test_evidence_20260922T033233833147.zip::run/seed1/composition_1/result.json,query_var,composition_1,,0.0016183859459049754
0,,0,,frozen_test,A,,,1,count,,experiment_v1_4/phase_archives/P4/v1_4_frozen_test_evidence_20260922T033233833147.zip::run/seed1/composition_1/result.json,query_var,composition_1,,268
0,,0,,frozen_test,A,,,1,accuracy,,experiment_v1_4/phase_archives/P4/v1_4_frozen_test_evidence_20260922T033233833147.zip::run/seed1/composition_1/result.json,query_var,composition_1,,1.0
0,,0,,frozen_test,A,,,1,answer_ce,,experiment_v1_4/phase_archives/P4/v1_4_frozen_test_evidence_20260922T033233833147.zip::run/seed1/composition_1/result.json,query_var,composition_1,,0.0009475862558627259
0,,0,,frozen_test,B,,,1,count,,experiment_v1_4/phase_archives/P4/v1_4_frozen_test_evidence_20260922T033233833147.zip::run/seed1/composition_1/result.json,query_var,composition_1,,236
0,,0,,frozen_test,B,,,1,accuracy,,experiment_v1_4/phase_archives/P4/v1_4_frozen_test_evidence_20260922T033233833147.zip::run/seed1/composition_1/result.json,query_var,composition_1,,1.0
0,,0,,frozen_test,B,,,1,answer_ce,,experiment_v1_4/phase_archives/P4/v1_4_frozen_test_evidence_20260922T033233833147.zip::run/seed1/composition_1/result.json,query_var,composition_1,,0.0018855076803724919
0,,0,,frozen_test,C,,,1,count,,experiment_v1_4/phase_archives/P4/v1_4_frozen_test_evidence_20260922T033233833147.zip::run/seed1/composition_1/result.json,query_var,composition_1,,262
0,,0,,frozen_test,C,,,1,accuracy,,experiment_v1_4/phase_archives/P4/v1_4_frozen_test_evidence_20260922T033233833147.zip::run/seed1/composition_1/result.json,query_var,composition_1,,1.0
0,,0,,frozen_test,C,,,1,answer_ce,,experiment_v1_4/phase_archives/P4/v1_4_frozen_test_evidence_20260922T033233833147.zip::run/seed1/composition_1/result.json,query_var,composition_1,,0.0026512331382980998
0,,0,,frozen_test,D,,,1,count,,experiment_v1_4/phase_archives/P4/v1_4_frozen_test_evidence_20260922T033233833147.zip::run/seed1/composition_1/result.json,query_var,composition_1,,258
0,,0,,frozen_test,D,,,1,accuracy,,experiment_v1_4/phase_archives/P4/v1_4_frozen_test_evidence_20260922T033233833147.zip::run/seed1/composition_1/result.json,query_var,composition_1,,1.0
0,,0,,frozen_test,D,,,1,answer_ce,,experiment_v1_4/phase_archives/P4/v1_4_frozen_test_evidence_20260922T033233833147.zip::run/seed1/composition_1/result.json,query_var,composition_1,,0.000989216709086584
0,,0,,frozen_test,macro,,,1,coverage,,experiment_v1_4/phase_archives/P4/v1_4_frozen_test_evidence_20260922T033233833147.zip::run/seed1/composition_1/result.json,answer,composition_1,,1.0
0,,0,,frozen_test,macro,,,1,macro_accuracy,,experiment_v1_4/phase_archives/P4/v1_4_frozen_test_evidence_20260922T033233833147.zip::run/seed1/composition_1/result.json,answer,composition_1,,1.0
0,,0,,frozen_test,macro,,,1,macro_answer_ce,,experiment_v1_4/phase_archives/P4/v1_4_frozen_test_evidence_20260922T033233833147.zip::run/seed1/composition_1/result.json,answer,composition_1,,0.0019832908171735757
0,,0,,frozen_test,0,,,1,count,,experiment_v1_4/phase_archives/P4/v1_4_frozen_test_evidence_20260922T033233833147.zip::run/seed1/composition_1/result.json,answer,composition_1,,846
0,,0,,frozen_test,0,,,1,accuracy,,experiment_v1_4/phase_archives/P4/v1_4_frozen_test_evidence_20260922T033233833147.zip::run/seed1/composition_1/result.json,answer,composition_1,,1.0
0,,0,,frozen_test,0,,,1,answer_ce,,experiment_v1_4/phase_archives/P4/v1_4_frozen_test_evidence_20260922T033233833147.zip::run/seed1/composition_1/result.json,answer,composition_1,,0.0014112610649756985
0,,0,,frozen_test,1,,,1,count,,experiment_v1_4/phase_archives/P4/v1_4_frozen_test_evidence_20260922T033233833147.zip::run/seed1/composition_1/result.json,answer,composition_1,,178
0,,0,,frozen_test,1,,,1,accuracy,,experiment_v1_4/phase_archives/P4/v1_4_frozen_test_evidence_20260922T033233833147.zip::run/seed1/composition_1/result.json,answer,composition_1,,1.0
0,,0,,frozen_test,1,,,1,answer_ce,,experiment_v1_4/phase_archives/P4/v1_4_frozen_test_evidence_20260922T033233833147.zip::run/seed1/composition_1/result.json,answer,composition_1,,0.0025553205693714526
0,,0,,frozen_test,macro,,,1,coverage,,experiment_v1_4/phase_archives/P4/v1_4_frozen_test_evidence_20260922T033233833147.zip::run/seed1/composition_1/result.json,blocks,composition_1,,1.0
0,,0,,frozen_test,macro,,,1,macro_accuracy,,experiment_v1_4/phase_archives/P4/v1_4_frozen_test_evidence_20260922T033233833147.zip::run/seed1/composition_1/result.json,blocks,composition_1,,1.0
0,,0,,frozen_test,macro,,,1,macro_answer_ce,,experiment_v1_4/phase_archives/P4/v1_4_frozen_test_evidence_20260922T033233833147.zip::run/seed1/composition_1/result.json,blocks,composition_1,,0.0018698563425370083
0,,0,,frozen_test,8,,,1,count,,experiment_v1_4/phase_archives/P4/v1_4_frozen_test_evidence_20260922T033233833147.zip::run/seed1/composition_1/result.json,blocks,composition_1,,85
0,,0,,frozen_test,8,,,1,accuracy,,experiment_v1_4/phase_archives/P4/v1_4_frozen_test_evidence_20260922T033233833147.zip::run/seed1/composition_1/result.json,blocks,composition_1,,1.0
0,,0,,frozen_test,8,,,1,answer_ce,,experiment_v1_4/phase_archives/P4/v1_4_frozen_test_evidence_20260922T033233833147.zip::run/seed1/composition_1/result.json,blocks,composition_1,,7.133455726622796e-05
0,,0,,frozen_test,9,,,1,count,,experiment_v1_4/phase_archives/P4/v1_4_frozen_test_evidence_20260922T033233833147.zip::run/seed1/composition_1/result.json,blocks,composition_1,,63
0,,0,,frozen_test,9,,,1,accuracy,,experiment_v1_4/phase_archives/P4/v1_4_frozen_test_evidence_20260922T033233833147.zip::run/seed1/composition_1/result.json,blocks,composition_1,,1.0
0,,0,,frozen_test,9,,,1,answer_ce,,experiment_v1_4/phase_archives/P4/v1_4_frozen_test_evidence_20260922T033233833147.zip::run/seed1/composition_1/result.json,blocks,composition_1,,0.0003460189318358307
0,,0,,frozen_test,10,,,1,count,,experiment_v1_4/phase_archives/P4/v1_4_frozen_test_evidence_20260922T033233833147.zip::run/seed1/composition_1/result.json,blocks,composition_1,,76
0,,0,,frozen_test,10,,,1,accuracy,,experiment_v1_4/phase_archives/P4/v1_4_frozen_test_evidence_20260922T033233833147.zip::run/seed1/composition_1/result.json,blocks,composition_1,,1.0
0,,0,,frozen_test,10,,,1,answer_ce,,experiment_v1_4/phase_archives/P4/v1_4_frozen_test_evidence_20260922T033233833147.zip::run/seed1/composition_1/result.json,blocks,composition_1,,0.00022254976257547816
0,,0,,frozen_test,11,,,1,count,,experiment_v1_4/phase_archives/P4/v1_4_frozen_test_evidence_20260922T033233833147.zip::run/seed1/composition_1/result.json,blocks,composition_1,,71
0,,0,,frozen_test,11,,,1,accuracy,,experiment_v1_4/phase_archives/P4/v1_4_frozen_test_evidence_20260922T033233833147.zip::run/seed1/composition_1/result.json,blocks,composition_1,,1.0
0,,0,,frozen_test,11,,,1,answer_ce,,experiment_v1_4/phase_archives/P4/v1_4_frozen_test_evidence_20260922T033233833147.zip::run/seed1/composition_1/result.json,blocks,composition_1,,0.0010544355554628338
0,,0,,frozen_test,12,,,1,count,,experiment_v1_4/phase_archives/P4/v1_4_frozen_test_evidence_20260922T033233833147.zip::run/seed1/composition_1/result.json,blocks,composition_1,,80
0,,0,,frozen_test,12,,,1,accuracy,,experiment_v1_4/phase_archives/P4/v1_4_frozen_test_evidence_20260922T033233833147.zip::run/seed1/composition_1/result.json,blocks,composition_1,,1.0
0,,0,,frozen_test,12,,,1,answer_ce,,experiment_v1_4/phase_archives/P4/v1_4_frozen_test_evidence_20260922T033233833147.zip::run/seed1/composition_1/result.json,blocks,composition_1,,6.951686445972882e-05
0,,0,,frozen_test,13,,,1,count,,experiment_v1_4/phase_archives/P4/v1_4_frozen_test_evidence_20260922T033233833147.zip::run/seed1/composition_1/result.json,blocks,composition_1,,69
0,,0,,frozen_test,13,,,1,accuracy,,experiment_v1_4/phase_archives/P4/v1_4_frozen_test_evidence_20260922T033233833147.zip::run/seed1/composition_1/result.json,blocks,composition_1,,1.0
0,,0,,frozen_test,13,,,1,answer_ce,,experiment_v1_4/phase_archives/P4/v1_4_frozen_test_evidence_20260922T033233833147.zip::run/seed1/composition_1/result.json,blocks,composition_1,,0.0059632340540649266
0,,0,,frozen_test,14,,,1,count,,experiment_v1_4/phase_archives/P4/v1_4_frozen_test_evidence_20260922T033233833147.zip::run/seed1/composition_1/result.json,blocks,composition_1,,61
0,,0,,frozen_test,14,,,1,accuracy,,experiment_v1_4/phase_archives/P4/v1_4_frozen_test_evidence_20260922T033233833147.zip::run/seed1/composition_1/result.json,blocks,composition_1,,1.0
0,,0,,frozen_test,14,,,1,answer_ce,,experiment_v1_4/phase_archives/P4/v1_4_frozen_test_evidence_20260922T033233833147.zip::run/seed1/composition_1/result.json,blocks,composition_1,,0.0007410371347715063
0,,0,,frozen_test,15,,,1,count,,experiment_v1_4/phase_archives/P4/v1_4_frozen_test_evidence_20260922T033233833147.zip::run/seed1/composition_1/result.json,blocks,composition_1,,42
0,,0,,frozen_test,15,,,1,accuracy,,experiment_v1_4/phase_archives/P4/v1_4_frozen_test_evidence_20260922T033233833147.zip::run/seed1/composition_1/result.json,blocks,composition_1,,1.0
0,,0,,frozen_test,15,,,1,answer_ce,,experiment_v1_4/phase_archives/P4/v1_4_frozen_test_evidence_20260922T033233833147.zip::run/seed1/composition_1/result.json,blocks,composition_1,,0.013112295469086564
0,,0,,frozen_test,16,,,1,count,,experiment_v1_4/phase_archives/P4/v1_4_frozen_test_evidence_20260922T033233833147.zip::run/seed1/composition_1/result.json,blocks,composition_1,,53
0,,0,,frozen_test,16,,,1,accuracy,,experiment_v1_4/phase_archives/P4/v1_4_frozen_test_evidence_20260922T033233833147.zip::run/seed1/composition_1/result.json,blocks,composition_1,,1.0
0,,0,,frozen_test,16,,,1,answer_ce,,experiment_v1_4/phase_archives/P4/v1_4_frozen_test_evidence_20260922T033233833147.zip::run/seed1/composition_1/result.json,blocks,composition_1,,0.0013409879045626302
0,,0,,frozen_test,17,,,1,count,,experiment_v1_4/phase_archives/P4/v1_4_frozen_test_evidence_20260922T033233833147.zip::run/seed1/composition_1/result.json,blocks,composition_1,,54
0,,0,,frozen_test,17,,,1,accuracy,,experiment_v1_4/phase_archives/P4/v1_4_frozen_test_evidence_20260922T033233833147.zip::run/seed1/composition_1/result.json,blocks,composition_1,,1.0
0,,0,,frozen_test,17,,,1,answer_ce,,experiment_v1_4/phase_archives/P4/v1_4_frozen_test_evidence_20260922T033233833147.zip::run/seed1/composition_1/result.json,blocks,composition_1,,0.00014296090928298696
0,,0,,frozen_test,18,,,1,count,,experiment_v1_4/phase_archives/P4/v1_4_frozen_test_evidence_20260922T033233833147.zip::run/seed1/composition_1/result.json,blocks,composition_1,,62
0,,0,,frozen_test,18,,,1,accuracy,,experiment_v1_4/phase_archives/P4/v1_4_frozen_test_evidence_20260922T033233833147.zip::run/seed1/composition_1/result.json,blocks,composition_1,,1.0
0,,0,,frozen_test,18,,,1,answer_ce,,experiment_v1_4/phase_archives/P4/v1_4_frozen_test_evidence_20260922T033233833147.zip::run/seed1/composition_1/result.json,blocks,composition_1,,0.00022886051714698214
0,,0,,frozen_test,19,,,1,count,,experiment_v1_4/phase_archives/P4/v1_4_frozen_test_evidence_20260922T033233833147.zip::run/seed1/composition_1/result.json,blocks,composition_1,,49
0,,0,,frozen_test,19,,,1,accuracy,,experiment_v1_4/phase_archives/P4/v1_4_frozen_test_evidence_20260922T033233833147.zip::run/seed1/composition_1/result.json,blocks,composition_1,,1.0
0,,0,,frozen_test,19,,,1,answer_ce,,experiment_v1_4/phase_archives/P4/v1_4_frozen_test_evidence_20260922T033233833147.zip::run/seed1/composition_1/result.json,blocks,composition_1,,0.00034394468921349546
0,,0,,frozen_test,20,,,1,count,,experiment_v1_4/phase_archives/P4/v1_4_frozen_test_evidence_20260922T033233833147.zip::run/seed1/composition_1/result.json,blocks,composition_1,,50
0,,0,,frozen_test,20,,,1,accuracy,,experiment_v1_4/phase_archives/P4/v1_4_frozen_test_evidence_20260922T033233833147.zip::run/seed1/composition_1/result.json,blocks,composition_1,,1.0
0,,0,,frozen_test,20,,,1,answer_ce,,experiment_v1_4/phase_archives/P4/v1_4_frozen_test_evidence_20260922T033233833147.zip::run/seed1/composition_1/result.json,blocks,composition_1,,0.0002716248057186021
0,,0,,frozen_test,21,,,1,count,,experiment_v1_4/phase_archives/P4/v1_4_frozen_test_evidence_20260922T033233833147.zip::run/seed1/composition_1/result.json,blocks,composition_1,,44
0,,0,,frozen_test,21,,,1,accuracy,,experiment_v1_4/phase_archives/P4/v1_4_frozen_test_evidence_20260922T033233833147.zip::run/seed1/composition_1/result.json,blocks,composition_1,,1.0
0,,0,,frozen_test,21,,,1,answer_ce,,experiment_v1_4/phase_archives/P4/v1_4_frozen_test_evidence_20260922T033233833147.zip::run/seed1/composition_1/result.json,blocks,composition_1,,0.0002682169542822521
0,,0,,frozen_test,22,,,1,count,,experiment_v1_4/phase_archives/P4/v1_4_frozen_test_evidence_20260922T033233833147.zip::run/seed1/composition_1/result.json,blocks,composition_1,,55
0,,0,,frozen_test,22,,,1,accuracy,,experiment_v1_4/phase_archives/P4/v1_4_frozen_test_evidence_20260922T033233833147.zip::run/seed1/composition_1/result.json,blocks,composition_1,,1.0
0,,0,,frozen_test,22,,,1,answer_ce,,experiment_v1_4/phase_archives/P4/v1_4_frozen_test_evidence_20260922T033233833147.zip::run/seed1/composition_1/result.json,blocks,composition_1,,0.0001340244739946105
0,,0,,frozen_test,23,,,1,count,,experiment_v1_4/phase_archives/P4/v1_4_frozen_test_evidence_20260922T033233833147.zip::run/seed1/composition_1/result.json,blocks,composition_1,,44
0,,0,,frozen_test,23,,,1,accuracy,,experiment_v1_4/phase_archives/P4/v1_4_frozen_test_evidence_20260922T033233833147.zip::run/seed1/composition_1/result.json,blocks,composition_1,,1.0
0,,0,,frozen_test,23,,,1,answer_ce,,experiment_v1_4/phase_archives/P4/v1_4_frozen_test_evidence_20260922T033233833147.zip::run/seed1/composition_1/result.json,blocks,composition_1,,0.005447755271895651
0,,0,,frozen_test,24,,,1,count,,experiment_v1_4/phase_archives/P4/v1_4_frozen_test_evidence_20260922T033233833147.zip::run/seed1/composition_1/result.json,blocks,composition_1,,66
0,,0,,frozen_test,24,,,1,accuracy,,experiment_v1_4/phase_archives/P4/v1_4_frozen_test_evidence_20260922T033233833147.zip::run/seed1/composition_1/result.json,blocks,composition_1,,1.0
0,,0,,frozen_test,24,,,1,answer_ce,,experiment_v1_4/phase_archives/P4/v1_4_frozen_test_evidence_20260922T033233833147.zip::run/seed1/composition_1/result.json,blocks,composition_1,,0.002028759967508835
0,,0,,frozen_test,macro,,,1,coverage,,experiment_v1_4/phase_archives/P4/v1_4_frozen_test_evidence_20260922T033233833147.zip::run/seed1/composition_1/result.json,distance,composition_1,,0.3333333333333333
0,,0,,frozen_test,macro,,,1,macro_accuracy,,experiment_v1_4/phase_archives/P4/v1_4_frozen_test_evidence_20260922T033233833147.zip::run/seed1/composition_1/result.json,distance,composition_1,,1.0
0,,0,,frozen_test,macro,,,1,macro_answer_ce,,experiment_v1_4/phase_archives/P4/v1_4_frozen_test_evidence_20260922T033233833147.zip::run/seed1/composition_1/result.json,distance,composition_1,,0.0016101307835132417
0,,0,,frozen_test,0,,,1,count,,experiment_v1_4/phase_archives/P4/v1_4_frozen_test_evidence_20260922T033233833147.zip::run/seed1/composition_1/result.json,distance,composition_1,,1024
0,,0,,frozen_test,0,,,1,accuracy,,experiment_v1_4/phase_archives/P4/v1_4_frozen_test_evidence_20260922T033233833147.zip::run/seed1/composition_1/result.json,distance,composition_1,,1.0
0,,0,,frozen_test,0,,,1,answer_ce,,experiment_v1_4/phase_archives/P4/v1_4_frozen_test_evidence_20260922T033233833147.zip::run/seed1/composition_1/result.json,distance,composition_1,,0.0016101307835132417
0,,0,,frozen_test,1-2,,,1,count,,experiment_v1_4/phase_archives/P4/v1_4_frozen_test_evidence_20260922T033233833147.zip::run/seed1/composition_1/result.json,distance,composition_1,,0
0,,0,,frozen_test,1-2,,,1,accuracy,empty stratum or undefined metric; see count/coverage,experiment_v1_4/phase_archives/P4/v1_4_frozen_test_evidence_20260922T033233833147.zip::run/seed1/composition_1/result.json,distance,composition_1,,
0,,0,,frozen_test,1-2,,,1,answer_ce,empty stratum or undefined metric; see count/coverage,experiment_v1_4/phase_archives/P4/v1_4_frozen_test_evidence_20260922T033233833147.zip::run/seed1/composition_1/result.json,distance,composition_1,,
0,,0,,frozen_test,3+,,,1,count,,experiment_v1_4/phase_archives/P4/v1_4_frozen_test_evidence_20260922T033233833147.zip::run/seed1/composition_1/result.json,distance,composition_1,,0
0,,0,,frozen_test,3+,,,1,accuracy,empty stratum or undefined metric; see count/coverage,experiment_v1_4/phase_archives/P4/v1_4_frozen_test_evidence_20260922T033233833147.zip::run/seed1/composition_1/result.json,distance,composition_1,,
0,,0,,frozen_test,3+,,,1,answer_ce,empty stratum or undefined metric; see count/coverage,experiment_v1_4/phase_archives/P4/v1_4_frozen_test_evidence_20260922T033233833147.zip::run/seed1/composition_1/result.json,distance,composition_1,,
0,,0,,frozen_test,macro,,,1,coverage,,experiment_v1_4/phase_archives/P4/v1_4_frozen_test_evidence_20260922T033233833147.zip::run/seed1/composition_1/result.json,truth_table,composition_1,,0.3333333333333333
0,,0,,frozen_test,macro,,,1,macro_accuracy,,experiment_v1_4/phase_archives/P4/v1_4_frozen_test_evidence_20260922T033233833147.zip::run/seed1/composition_1/result.json,truth_table,composition_1,,1.0
0,,0,,frozen_test,macro,,,1,macro_answer_ce,,experiment_v1_4/phase_archives/P4/v1_4_frozen_test_evidence_20260922T033233833147.zip::run/seed1/composition_1/result.json,truth_table,composition_1,,0.0017559571085752838
0,,0,,frozen_test,AND:00,,,1,count,,experiment_v1_4/phase_archives/P4/v1_4_frozen_test_evidence_20260922T033233833147.zip::run/seed1/composition_1/result.json,truth_table,composition_1,,273
0,,0,,frozen_test,AND:00,,,1,accuracy,,experiment_v1_4/phase_archives/P4/v1_4_frozen_test_evidence_20260922T033233833147.zip::run/seed1/composition_1/result.json,truth_table,composition_1,,1.0
0,,0,,frozen_test,AND:00,,,1,answer_ce,,experiment_v1_4/phase_archives/P4/v1_4_frozen_test_evidence_20260922T033233833147.zip::run/seed1/composition_1/result.json,truth_table,composition_1,,0.00044019415790132833
0,,0,,frozen_test,AND:01,,,1,count,,experiment_v1_4/phase_archives/P4/v1_4_frozen_test_evidence_20260922T033233833147.zip::run/seed1/composition_1/result.json,truth_table,composition_1,,332
0,,0,,frozen_test,AND:01,,,1,accuracy,,experiment_v1_4/phase_archives/P4/v1_4_frozen_test_evidence_20260922T033233833147.zip::run/seed1/composition_1/result.json,truth_table,composition_1,,1.0
0,,0,,frozen_test,AND:01,,,1,answer_ce,,experiment_v1_4/phase_archives/P4/v1_4_frozen_test_evidence_20260922T033233833147.zip::run/seed1/composition_1/result.json,truth_table,composition_1,,0.0011311016754785143
0,,0,,frozen_test,AND:10,,,1,count,,experiment_v1_4/phase_archives/P4/v1_4_frozen_test_evidence_20260922T033233833147.zip::run/seed1/composition_1/result.json,truth_table,composition_1,,241
0,,0,,frozen_test,AND:10,,,1,accuracy,,experiment_v1_4/phase_archives/P4/v1_4_frozen_test_evidence_20260922T033233833147.zip::run/seed1/composition_1/result.json,truth_table,composition_1,,1.0
0,,0,,frozen_test,AND:10,,,1,answer_ce,,experiment_v1_4/phase_archives/P4/v1_4_frozen_test_evidence_20260922T033233833147.zip::run/seed1/composition_1/result.json,truth_table,composition_1,,0.00289721203154984
0,,0,,frozen_test,AND:11,,,1,count,,experiment_v1_4/phase_archives/P4/v1_4_frozen_test_evidence_20260922T033233833147.zip::run/seed1/composition_1/result.json,truth_table,composition_1,,178
0,,0,,frozen_test,AND:11,,,1,accuracy,,experiment_v1_4/phase_archives/P4/v1_4_frozen_test_evidence_20260922T033233833147.zip::run/seed1/composition_1/result.json,truth_table,composition_1,,1.0
0,,0,,frozen_test,AND:11,,,1,answer_ce,,experiment_v1_4/phase_archives/P4/v1_4_frozen_test_evidence_20260922T033233833147.zip::run/seed1/composition_1/result.json,truth_table,composition_1,,0.0025553205693714526
0,,0,,frozen_test,OR:00,,,1,count,,experiment_v1_4/phase_archives/P4/v1_4_frozen_test_evidence_20260922T033233833147.zip::run/seed1/composition_1/result.json,truth_table,composition_1,,0
0,,0,,frozen_test,OR:00,,,1,accuracy,empty stratum or undefined metric; see count/coverage,experiment_v1_4/phase_archives/P4/v1_4_frozen_test_evidence_20260922T033233833147.zip::run/seed1/composition_1/result.json,truth_table,composition_1,,
0,,0,,frozen_test,OR:00,,,1,answer_ce,empty stratum or undefined metric; see count/coverage,experiment_v1_4/phase_archives/P4/v1_4_frozen_test_evidence_20260922T033233833147.zip::run/seed1/composition_1/result.json,truth_table,composition_1,,
0,,0,,frozen_test,OR:01,,,1,count,,experiment_v1_4/phase_archives/P4/v1_4_frozen_test_evidence_20260922T033233833147.zip::run/seed1/composition_1/result.json,truth_table,composition_1,,0
0,,0,,frozen_test,OR:01,,,1,accuracy,empty stratum or undefined metric; see count/coverage,experiment_v1_4/phase_archives/P4/v1_4_frozen_test_evidence_20260922T033233833147.zip::run/seed1/composition_1/result.json,truth_table,composition_1,,
0,,0,,frozen_test,OR:01,,,1,answer_ce,empty stratum or undefined metric; see count/coverage,experiment_v1_4/phase_archives/P4/v1_4_frozen_test_evidence_20260922T033233833147.zip::run/seed1/composition_1/result.json,truth_table,composition_1,,
0,,0,,frozen_test,OR:10,,,1,count,,experiment_v1_4/phase_archives/P4/v1_4_frozen_test_evidence_20260922T033233833147.zip::run/seed1/composition_1/result.json,truth_table,composition_1,,0
0,,0,,frozen_test,OR:10,,,1,accuracy,empty stratum or undefined metric; see count/coverage,experiment_v1_4/phase_archives/P4/v1_4_frozen_test_evidence_20260922T033233833147.zip::run/seed1/composition_1/result.json,truth_table,composition_1,,
0,,0,,frozen_test,OR:10,,,1,answer_ce,empty stratum or undefined metric; see count/coverage,experiment_v1_4/phase_archives/P4/v1_4_frozen_test_evidence_20260922T033233833147.zip::run/seed1/composition_1/result.json,truth_table,composition_1,,
0,,0,,frozen_test,OR:11,,,1,count,,experiment_v1_4/phase_archives/P4/v1_4_frozen_test_evidence_20260922T033233833147.zip::run/seed1/composition_1/result.json,truth_table,composition_1,,0
0,,0,,frozen_test,OR:11,,,1,accuracy,empty stratum or undefined metric; see count/coverage,experiment_v1_4/phase_archives/P4/v1_4_frozen_test_evidence_20260922T033233833147.zip::run/seed1/composition_1/result.json,truth_table,composition_1,,
0,,0,,frozen_test,OR:11,,,1,answer_ce,empty stratum or undefined metric; see count/coverage,experiment_v1_4/phase_archives/P4/v1_4_frozen_test_evidence_20260922T033233833147.zip::run/seed1/composition_1/result.json,truth_table,composition_1,,
0,,0,,frozen_test,XOR:00,,,1,count,,experiment_v1_4/phase_archives/P4/v1_4_frozen_test_evidence_20260922T033233833147.zip::run/seed1/composition_1/result.json,truth_table,composition_1,,0
0,,0,,frozen_test,XOR:00,,,1,accuracy,empty stratum or undefined metric; see count/coverage,experiment_v1_4/phase_archives/P4/v1_4_frozen_test_evidence_20260922T033233833147.zip::run/seed1/composition_1/result.json,truth_table,composition_1,,
0,,0,,frozen_test,XOR:00,,,1,answer_ce,empty stratum or undefined metric; see count/coverage,experiment_v1_4/phase_archives/P4/v1_4_frozen_test_evidence_20260922T033233833147.zip::run/seed1/composition_1/result.json,truth_table,composition_1,,
0,,0,,frozen_test,XOR:01,,,1,count,,experiment_v1_4/phase_archives/P4/v1_4_frozen_test_evidence_20260922T033233833147.zip::run/seed1/composition_1/result.json,truth_table,composition_1,,0
0,,0,,frozen_test,XOR:01,,,1,accuracy,empty stratum or undefined metric; see count/coverage,experiment_v1_4/phase_archives/P4/v1_4_frozen_test_evidence_20260922T033233833147.zip::run/seed1/composition_1/result.json,truth_table,composition_1,,
0,,0,,frozen_test,XOR:01,,,1,answer_ce,empty stratum or undefined metric; see count/coverage,experiment_v1_4/phase_archives/P4/v1_4_frozen_test_evidence_20260922T033233833147.zip::run/seed1/composition_1/result.json,truth_table,composition_1,,
0,,0,,frozen_test,XOR:10,,,1,count,,experiment_v1_4/phase_archives/P4/v1_4_frozen_test_evidence_20260922T033233833147.zip::run/seed1/composition_1/result.json,truth_table,composition_1,,0
0,,0,,frozen_test,XOR:10,,,1,accuracy,empty stratum or undefined metric; see count/coverage,experiment_v1_4/phase_archives/P4/v1_4_frozen_test_evidence_20260922T033233833147.zip::run/seed1/composition_1/result.json,truth_table,composition_1,,
0,,0,,frozen_test,XOR:10,,,1,answer_ce,empty stratum or undefined metric; see count/coverage,experiment_v1_4/phase_archives/P4/v1_4_frozen_test_evidence_20260922T033233833147.zip::run/seed1/composition_1/result.json,truth_table,composition_1,,
0,,0,,frozen_test,XOR:11,,,1,count,,experiment_v1_4/phase_archives/P4/v1_4_frozen_test_evidence_20260922T033233833147.zip::run/seed1/composition_1/result.json,truth_table,composition_1,,0
0,,0,,frozen_test,XOR:11,,,1,accuracy,empty stratum or undefined metric; see count/coverage,experiment_v1_4/phase_archives/P4/v1_4_frozen_test_evidence_20260922T033233833147.zip::run/seed1/composition_1/result.json,truth_table,composition_1,,
0,,0,,frozen_test,XOR:11,,,1,answer_ce,empty stratum or undefined metric; see count/coverage,experiment_v1_4/phase_archives/P4/v1_4_frozen_test_evidence_20260922T033233833147.zip::run/seed1/composition_1/result.json,truth_table,composition_1,,
1000,10398098330003467232,1000,,frozen_test,,,,1,answer_count,,experiment_v1_4/phase_archives/P4/v1_4_frozen_test_evidence_20260922T033233833147.zip::run/seed1/first_read_after_set/result.json,overall,first_read_after_set,,2048
1000,10398098330003467232,1000,,frozen_test,,,,1,sequence_count,,experiment_v1_4/phase_archives/P4/v1_4_frozen_test_evidence_20260922T033233833147.zip::run/seed1/first_read_after_set/result.json,overall,first_read_after_set,,2048
1000,10398098330003467232,1000,,frozen_test,,0.00133754456086963,0.00010318391370711666,1,answer_ce,,experiment_v1_4/phase_archives/P4/v1_4_frozen_test_evidence_20260922T033233833147.zip::run/seed1/first_read_after_set/result.json,overall,first_read_after_set,,0.0005702045362592223
1000,10398098330003467232,1000,,frozen_test,,1.0,1.0,1,accuracy,,experiment_v1_4/phase_archives/P4/v1_4_frozen_test_evidence_20260922T033233833147.zip::run/seed1/first_read_after_set/result.json,overall,first_read_after_set,,1.0
1000,10398098330003467232,1000,,frozen_test,,1.0,1.0,1,binary_accuracy,,experiment_v1_4/phase_archives/P4/v1_4_frozen_test_evidence_20260922T033233833147.zip::run/seed1/first_read_after_set/result.json,overall,first_read_after_set,,1.0
1000,10398098330003467232,1000,,frozen_test,,0.9999921808863291,0.999991792239598,1,bit_mass,,experiment_v1_4/phase_archives/P4/v1_4_frozen_test_evidence_20260922T033233833147.zip::run/seed1/first_read_after_set/result.json,overall,first_read_after_set,,0.9999920003465377
1000,10398098330003467232,1000,,frozen_test,,,,1,all_token_ce,,experiment_v1_4/phase_archives/P4/v1_4_frozen_test_evidence_20260922T033233833147.zip::run/seed1/first_read_after_set/result.json,overall,first_read_after_set,,0.9574060261518097
1000,10398098330003467232,1000,,frozen_test,,,,1,prediction_tokens,,experiment_v1_4/phase_archives/P4/v1_4_frozen_test_evidence_20260922T033233833147.zip::run/seed1/first_read_after_set/result.json,overall,first_read_after_set,,245916
0,,0,,frozen_test,,,,1,count,,experiment_v1_4/phase_archives/P4/v1_4_frozen_test_evidence_20260922T033233833147.zip::run/seed1/first_read_after_set/result.json,baselines,first_read_after_set,,2048
0,,0,,frozen_test,,,,1,majority_prediction,,experiment_v1_4/phase_archives/P4/v1_4_frozen_test_evidence_20260922T033233833147.zip::run/seed1/first_read_after_set/result.json,baselines,first_read_after_set,,0
0,,0,,frozen_test,,,,1,split_majority_accuracy,,experiment_v1_4/phase_archives/P4/v1_4_frozen_test_evidence_20260922T033233833147.zip::run/seed1/first_read_after_set/result.json,baselines,first_read_after_set,,0.5
0,,0,,frozen_test,,,,1,independent_bernoulli_expected_accuracy,,experiment_v1_4/phase_archives/P4/v1_4_frozen_test_evidence_20260922T033233833147.zip::run/seed1/first_read_after_set/result.json,baselines,first_read_after_set,,0.5
0,,0,,frozen_test,,,,1,latest_set_or_initialization_accuracy,,experiment_v1_4/phase_archives/P4/v1_4_frozen_test_evidence_20260922T033233833147.zip::run/seed1/first_read_after_set/result.json,baselines,first_read_after_set,,0.755859375
0,,0,,frozen_test,,,,1,latest_read_copy_accuracy,,experiment_v1_4/phase_archives/P4/v1_4_frozen_test_evidence_20260922T033233833147.zip::run/seed1/first_read_after_set/result.json,baselines,first_read_after_set,,0.5029296875
0,,0,,frozen_test,macro,,,1,coverage,,experiment_v1_4/phase_archives/P4/v1_4_frozen_test_evidence_20260922T033233833147.zip::run/seed1/first_read_after_set/result.json,operator,first_read_after_set,,1.0
0,,0,,frozen_test,macro,,,1,macro_accuracy,,experiment_v1_4/phase_archives/P4/v1_4_frozen_test_evidence_20260922T033233833147.zip::run/seed1/first_read_after_set/result.json,operator,first_read_after_set,,1.0
0,,0,,frozen_test,macro,,,1,macro_answer_ce,,experiment_v1_4/phase_archives/P4/v1_4_frozen_test_evidence_20260922T033233833147.zip::run/seed1/first_read_after_set/result.json,operator,first_read_after_set,,0.0008457702318097403
0,,0,,frozen_test,initialization,,,1,count,,experiment_v1_4/phase_archives/P4/v1_4_frozen_test_evidence_20260922T033233833147.zip::run/seed1/first_read_after_set/result.json,operator,first_read_after_set,,265
0,,0,,frozen_test,initialization,,,1,accuracy,,experiment_v1_4/phase_archives/P4/v1_4_frozen_test_evidence_20260922T033233833147.zip::run/seed1/first_read_after_set/result.json,operator,first_read_after_set,,1.0
0,,0,,frozen_test,initialization,,,1,answer_ce,,experiment_v1_4/phase_archives/P4/v1_4_frozen_test_evidence_20260922T033233833147.zip::run/seed1/first_read_after_set/result.json,operator,first_read_after_set,,2.2582178867453894e-05
0,,0,,frozen_test,SET,,,1,count,,experiment_v1_4/phase_archives/P4/v1_4_frozen_test_evidence_20260922T033233833147.zip::run/seed1/first_read_after_set/result.json,operator,first_read_after_set,,789
0,,0,,frozen_test,SET,,,1,accuracy,,experiment_v1_4/phase_archives/P4/v1_4_frozen_test_evidence_20260922T033233833147.zip::run/seed1/first_read_after_set/result.json,operator,first_read_after_set,,1.0
0,,0,,frozen_test,SET,,,1,answer_ce,,experiment_v1_4/phase_archives/P4/v1_4_frozen_test_evidence_20260922T033233833147.zip::run/seed1/first_read_after_set/result.json,operator,first_read_after_set,,1.7021626991676333e-05
0,,0,,frozen_test,NOT,,,1,count,,experiment_v1_4/phase_archives/P4/v1_4_frozen_test_evidence_20260922T033233833147.zip::run/seed1/first_read_after_set/result.json,operator,first_read_after_set,,319
0,,0,,frozen_test,NOT,,,1,accuracy,,experiment_v1_4/phase_archives/P4/v1_4_frozen_test_evidence_20260922T033233833147.zip::run/seed1/first_read_after_set/result.json,operator,first_read_after_set,,1.0
0,,0,,frozen_test,NOT,,,1,answer_ce,,experiment_v1_4/phase_archives/P4/v1_4_frozen_test_evidence_20260922T033233833147.zip::run/seed1/first_read_after_set/result.json,operator,first_read_after_set,,0.00042030555005255103
0,,0,,frozen_test,AND,,,1,count,,experiment_v1_4/phase_archives/P4/v1_4_frozen_test_evidence_20260922T033233833147.zip::run/seed1/first_read_after_set/result.json,operator,first_read_after_set,,221
0,,0,,frozen_test,AND,,,1,accuracy,,experiment_v1_4/phase_archives/P4/v1_4_frozen_test_evidence_20260922T033233833147.zip::run/seed1/first_read_after_set/result.json,operator,first_read_after_set,,1.0
0,,0,,frozen_test,AND,,,1,answer_ce,,experiment_v1_4/phase_archives/P4/v1_4_frozen_test_evidence_20260922T033233833147.zip::run/seed1/first_read_after_set/result.json,operator,first_read_after_set,,0.001242964771788809
0,,0,,frozen_test,OR,,,1,count,,experiment_v1_4/phase_archives/P4/v1_4_frozen_test_evidence_20260922T033233833147.zip::run/seed1/first_read_after_set/result.json,operator,first_read_after_set,,235
0,,0,,frozen_test,OR,,,1,accuracy,,experiment_v1_4/phase_archives/P4/v1_4_frozen_test_evidence_20260922T033233833147.zip::run/seed1/first_read_after_set/result.json,operator,first_read_after_set,,1.0
0,,0,,frozen_test,OR,,,1,answer_ce,,experiment_v1_4/phase_archives/P4/v1_4_frozen_test_evidence_20260922T033233833147.zip::run/seed1/first_read_after_set/result.json,operator,first_read_after_set,,7.370084368108593e-05
0,,0,,frozen_test,XOR,,,1,count,,experiment_v1_4/phase_archives/P4/v1_4_frozen_test_evidence_20260922T033233833147.zip::run/seed1/first_read_after_set/result.json,operator,first_read_after_set,,219
0,,0,,frozen_test,XOR,,,1,accuracy,,experiment_v1_4/phase_archives/P4/v1_4_frozen_test_evidence_20260922T033233833147.zip::run/seed1/first_read_after_set/result.json,operator,first_read_after_set,,1.0
0,,0,,frozen_test,XOR,,,1,answer_ce,,experiment_v1_4/phase_archives/P4/v1_4_frozen_test_evidence_20260922T033233833147.zip::run/seed1/first_read_after_set/result.json,operator,first_read_after_set,,0.003298046419476866
0,,0,,frozen_test,macro,,,1,coverage,,experiment_v1_4/phase_archives/P4/v1_4_frozen_test_evidence_20260922T033233833147.zip::run/seed1/first_read_after_set/result.json,query_var,first_read_after_set,,1.0
0,,0,,frozen_test,macro,,,1,macro_accuracy,,experiment_v1_4/phase_archives/P4/v1_4_frozen_test_evidence_20260922T033233833147.zip::run/seed1/first_read_after_set/result.json,query_var,first_read_after_set,,1.0
0,,0,,frozen_test,macro,,,1,macro_answer_ce,,experiment_v1_4/phase_archives/P4/v1_4_frozen_test_evidence_20260922T033233833147.zip::run/seed1/first_read_after_set/result.json,query_var,first_read_after_set,,0.0005792523407073759
0,,0,,frozen_test,A,,,1,count,,experiment_v1_4/phase_archives/P4/v1_4_frozen_test_evidence_20260922T033233833147.zip::run/seed1/first_read_after_set/result.json,query_var,first_read_after_set,,502
0,,0,,frozen_test,A,,,1,accuracy,,experiment_v1_4/phase_archives/P4/v1_4_frozen_test_evidence_20260922T033233833147.zip::run/seed1/first_read_after_set/result.json,query_var,first_read_after_set,,1.0
0,,0,,frozen_test,A,,,1,answer_ce,,experiment_v1_4/phase_archives/P4/v1_4_frozen_test_evidence_20260922T033233833147.zip::run/seed1/first_read_after_set/result.json,query_var,first_read_after_set,,0.000493252520872813
0,,0,,frozen_test,B,,,1,count,,experiment_v1_4/phase_archives/P4/v1_4_frozen_test_evidence_20260922T033233833147.zip::run/seed1/first_read_after_set/result.json,query_var,first_read_after_set,,501
0,,0,,frozen_test,B,,,1,accuracy,,experiment_v1_4/phase_archives/P4/v1_4_frozen_test_evidence_20260922T033233833147.zip::run/seed1/first_read_after_set/result.json,query_var,first_read_after_set,,1.0
0,,0,,frozen_test,B,,,1,answer_ce,,experiment_v1_4/phase_archives/P4/v1_4_frozen_test_evidence_20260922T033233833147.zip::run/seed1/first_read_after_set/result.json,query_var,first_read_after_set,,0.0015026384222444889
0,,0,,frozen_test,C,,,1,count,,experiment_v1_4/phase_archives/P4/v1_4_frozen_test_evidence_20260922T033233833147.zip::run/seed1/first_read_after_set/result.json,query_var,first_read_after_set,,533
0,,0,,frozen_test,C,,,1,accuracy,,experiment_v1_4/phase_archives/P4/v1_4_frozen_test_evidence_20260922T033233833147.zip::run/seed1/first_read_after_set/result.json,query_var,first_read_after_set,,1.0
0,,0,,frozen_test,C,,,1,answer_ce,,experiment_v1_4/phase_archives/P4/v1_4_frozen_test_evidence_20260922T033233833147.zip::run/seed1/first_read_after_set/result.json,query_var,first_read_after_set,,0.00013960211159995097
0,,0,,frozen_test,D,,,1,count,,experiment_v1_4/phase_archives/P4/v1_4_frozen_test_evidence_20260922T033233833147.zip::run/seed1/first_read_after_set/result.json,query_var,first_read_after_set,,512
0,,0,,frozen_test,D,,,1,accuracy,,experiment_v1_4/phase_archives/P4/v1_4_frozen_test_evidence_20260922T033233833147.zip::run/seed1/first_read_after_set/result.json,query_var,first_read_after_set,,1.0
0,,0,,frozen_test,D,,,1,answer_ce,,experiment_v1_4/phase_archives/P4/v1_4_frozen_test_evidence_20260922T033233833147.zip::run/seed1/first_read_after_set/result.json,query_var,first_read_after_set,,0.0001815163081122506
0,,0,,frozen_test,macro,,,1,coverage,,experiment_v1_4/phase_archives/P4/v1_4_frozen_test_evidence_20260922T033233833147.zip::run/seed1/first_read_after_set/result.json,answer,first_read_after_set,,1.0
0,,0,,frozen_test,macro,,,1,macro_accuracy,,experiment_v1_4/phase_archives/P4/v1_4_frozen_test_evidence_20260922T033233833147.zip::run/seed1/first_read_after_set/result.json,answer,first_read_after_set,,1.0
0,,0,,frozen_test,macro,,,1,macro_answer_ce,,experiment_v1_4/phase_archives/P4/v1_4_frozen_test_evidence_20260922T033233833147.zip::run/seed1/first_read_after_set/result.json,answer,first_read_after_set,,0.0005702045362592223
0,,0,,frozen_test,0,,,1,count,,experiment_v1_4/phase_archives/P4/v1_4_frozen_test_evidence_20260922T033233833147.zip::run/seed1/first_read_after_set/result.json,answer,first_read_after_set,,1024
0,,0,,frozen_test,0,,,1,accuracy,,experiment_v1_4/phase_archives/P4/v1_4_frozen_test_evidence_20260922T033233833147.zip::run/seed1/first_read_after_set/result.json,answer,first_read_after_set,,1.0
0,,0,,frozen_test,0,,,1,answer_ce,,experiment_v1_4/phase_archives/P4/v1_4_frozen_test_evidence_20260922T033233833147.zip::run/seed1/first_read_after_set/result.json,answer,first_read_after_set,,0.0008133043395011086
0,,0,,frozen_test,1,,,1,count,,experiment_v1_4/phase_archives/P4/v1_4_frozen_test_evidence_20260922T033233833147.zip::run/seed1/first_read_after_set/result.json,answer,first_read_after_set,,1024
0,,0,,frozen_test,1,,,1,accuracy,,experiment_v1_4/phase_archives/P4/v1_4_frozen_test_evidence_20260922T033233833147.zip::run/seed1/first_read_after_set/result.json,answer,first_read_after_set,,1.0
0,,0,,frozen_test,1,,,1,answer_ce,,experiment_v1_4/phase_archives/P4/v1_4_frozen_test_evidence_20260922T033233833147.zip::run/seed1/first_read_after_set/result.json,answer,first_read_after_set,,0.000327104733017336
0,,0,,frozen_test,macro,,,1,coverage,,experiment_v1_4/phase_archives/P4/v1_4_frozen_test_evidence_20260922T033233833147.zip::run/seed1/first_read_after_set/result.json,blocks,first_read_after_set,,1.0
0,,0,,frozen_test,macro,,,1,macro_accuracy,,experiment_v1_4/phase_archives/P4/v1_4_frozen_test_evidence_20260922T033233833147.zip::run/seed1/first_read_after_set/result.json,blocks,first_read_after_set,,1.0
0,,0,,frozen_test,macro,,,1,macro_answer_ce,,experiment_v1_4/phase_archives/P4/v1_4_frozen_test_evidence_20260922T033233833147.zip::run/seed1/first_read_after_set/result.json,blocks,first_read_after_set,,0.0005260566886894391
0,,0,,frozen_test,8,,,1,count,,experiment_v1_4/phase_archives/P4/v1_4_frozen_test_evidence_20260922T033233833147.zip::run/seed1/first_read_after_set/result.json,blocks,first_read_after_set,,125
0,,0,,frozen_test,8,,,1,accuracy,,experiment_v1_4/phase_archives/P4/v1_4_frozen_test_evidence_20260922T033233833147.zip::run/seed1/first_read_after_set/result.json,blocks,first_read_after_set,,1.0
0,,0,,frozen_test,8,,,1,answer_ce,,experiment_v1_4/phase_archives/P4/v1_4_frozen_test_evidence_20260922T033233833147.zip::run/seed1/first_read_after_set/result.json,blocks,first_read_after_set,,2.7558450085052754e-05
0,,0,,frozen_test,9,,,1,count,,experiment_v1_4/phase_archives/P4/v1_4_frozen_test_evidence_20260922T033233833147.zip::run/seed1/first_read_after_set/result.json,blocks,first_read_after_set,,120
0,,0,,frozen_test,9,,,1,accuracy,,experiment_v1_4/phase_archives/P4/v1_4_frozen_test_evidence_20260922T033233833147.zip::run/seed1/first_read_after_set/result.json,blocks,first_read_after_set,,1.0
0,,0,,frozen_test,9,,,1,answer_ce,,experiment_v1_4/phase_archives/P4/v1_4_frozen_test_evidence_20260922T033233833147.zip::run/seed1/first_read_after_set/result.json,blocks,first_read_after_set,,0.00020368612921780975
0,,0,,frozen_test,10,,,1,count,,experiment_v1_4/phase_archives/P4/v1_4_frozen_test_evidence_20260922T033233833147.zip::run/seed1/first_read_after_set/result.json,blocks,first_read_after_set,,105
0,,0,,frozen_test,10,,,1,accuracy,,experiment_v1_4/phase_archives/P4/v1_4_frozen_test_evidence_20260922T033233833147.zip::run/seed1/first_read_after_set/result.json,blocks,first_read_after_set,,1.0
0,,0,,frozen_test,10,,,1,answer_ce,,experiment_v1_4/phase_archives/P4/v1_4_frozen_test_evidence_20260922T033233833147.zip::run/seed1/first_read_after_set/result.json,blocks,first_read_after_set,,2.8363240848453383e-05
0,,0,,frozen_test,11,,,1,count,,experiment_v1_4/phase_archives/P4/v1_4_frozen_test_evidence_20260922T033233833147.zip::run/seed1/first_read_after_set/result.json,blocks,first_read_after_set,,130
0,,0,,frozen_test,11,,,1,accuracy,,experiment_v1_4/phase_archives/P4/v1_4_frozen_test_evidence_20260922T033233833147.zip::run/seed1/first_read_after_set/result.json,blocks,first_read_after_set,,1.0
0,,0,,frozen_test,11,,,1,answer_ce,,experiment_v1_4/phase_archives/P4/v1_4_frozen_test_evidence_20260922T033233833147.zip::run/seed1/first_read_after_set/result.json,blocks,first_read_after_set,,0.0001561957081041608
0,,0,,frozen_test,12,,,1,count,,experiment_v1_4/phase_archives/P4/v1_4_frozen_test_evidence_20260922T033233833147.zip::run/seed1/first_read_after_set/result.json,blocks,first_read_after_set,,120
0,,0,,frozen_test,12,,,1,accuracy,,experiment_v1_4/phase_archives/P4/v1_4_frozen_test_evidence_20260922T033233833147.zip::run/seed1/first_read_after_set/result.json,blocks,first_read_after_set,,1.0
0,,0,,frozen_test,12,,,1,answer_ce,,experiment_v1_4/phase_archives/P4/v1_4_frozen_test_evidence_20260922T033233833147.zip::run/seed1/first_read_after_set/result.json,blocks,first_read_after_set,,2.4050037010662586e-05
0,,0,,frozen_test,13,,,1,count,,experiment_v1_4/phase_archives/P4/v1_4_frozen_test_evidence_20260922T033233833147.zip::run/seed1/first_read_after_set/result.json,blocks,first_read_after_set,,143
0,,0,,frozen_test,13,,,1,accuracy,,experiment_v1_4/phase_archives/P4/v1_4_frozen_test_evidence_20260922T033233833147.zip::run/seed1/first_read_after_set/result.json,blocks,first_read_after_set,,1.0
0,,0,,frozen_test,13,,,1,answer_ce,,experiment_v1_4/phase_archives/P4/v1_4_frozen_test_evidence_20260922T033233833147.zip::run/seed1/first_read_after_set/result.json,blocks,first_read_after_set,,0.004793245239006801
0,,0,,frozen_test,14,,,1,count,,experiment_v1_4/phase_archives/P4/v1_4_frozen_test_evidence_20260922T033233833147.zip::run/seed1/first_read_after_set/result.json,blocks,first_read_after_set,,122
0,,0,,frozen_test,14,,,1,accuracy,,experiment_v1_4/phase_archives/P4/v1_4_frozen_test_evidence_20260922T033233833147.zip::run/seed1/first_read_after_set/result.json,blocks,first_read_after_set,,1.0
0,,0,,frozen_test,14,,,1,answer_ce,,experiment_v1_4/phase_archives/P4/v1_4_frozen_test_evidence_20260922T033233833147.zip::run/seed1/first_read_after_set/result.json,blocks,first_read_after_set,,4.4273520557669786e-05
0,,0,,frozen_test,15,,,1,count,,experiment_v1_4/phase_archives/P4/v1_4_frozen_test_evidence_20260922T033233833147.zip::run/seed1/first_read_after_set/result.json,blocks,first_read_after_set,,115
0,,0,,frozen_test,15,,,1,accuracy,,experiment_v1_4/phase_archives/P4/v1_4_frozen_test_evidence_20260922T033233833147.zip::run/seed1/first_read_after_set/result.json,blocks,first_read_after_set,,1.0
0,,0,,frozen_test,15,,,1,answer_ce,,experiment_v1_4/phase_archives/P4/v1_4_frozen_test_evidence_20260922T033233833147.zip::run/seed1/first_read_after_set/result.json,blocks,first_read_after_set,,0.0004432318500023583
0,,0,,frozen_test,16,,,1,count,,experiment_v1_4/phase_archives/P4/v1_4_frozen_test_evidence_20260922T033233833147.zip::run/seed1/first_read_after_set/result.json,blocks,first_read_after_set,,112
0,,0,,frozen_test,16,,,1,accuracy,,experiment_v1_4/phase_archives/P4/v1_4_frozen_test_evidence_20260922T033233833147.zip::run/seed1/first_read_after_set/result.json,blocks,first_read_after_set,,1.0
0,,0,,frozen_test,16,,,1,answer_ce,,experiment_v1_4/phase_archives/P4/v1_4_frozen_test_evidence_20260922T033233833147.zip::run/seed1/first_read_after_set/result.json,blocks,first_read_after_set,,0.0002521780843462044
0,,0,,frozen_test,17,,,1,count,,experiment_v1_4/phase_archives/P4/v1_4_frozen_test_evidence_20260922T033233833147.zip::run/seed1/first_read_after_set/result.json,blocks,first_read_after_set,,115
0,,0,,frozen_test,17,,,1,accuracy,,experiment_v1_4/phase_archives/P4/v1_4_frozen_test_evidence_20260922T033233833147.zip::run/seed1/first_read_after_set/result.json,blocks,first_read_after_set,,1.0
0,,0,,frozen_test,17,,,1,answer_ce,,experiment_v1_4/phase_archives/P4/v1_4_frozen_test_evidence_20260922T033233833147.zip::run/seed1/first_read_after_set/result.json,blocks,first_read_after_set,,0.00044679687373149054
0,,0,,frozen_test,18,,,1,count,,experiment_v1_4/phase_archives/P4/v1_4_frozen_test_evidence_20260922T033233833147.zip::run/seed1/first_read_after_set/result.json,blocks,first_read_after_set,,111
0,,0,,frozen_test,18,,,1,accuracy,,experiment_v1_4/phase_archives/P4/v1_4_frozen_test_evidence_20260922T033233833147.zip::run/seed1/first_read_after_set/result.json,blocks,first_read_after_set,,1.0
0,,0,,frozen_test,18,,,1,answer_ce,,experiment_v1_4/phase_archives/P4/v1_4_frozen_test_evidence_20260922T033233833147.zip::run/seed1/first_read_after_set/result.json,blocks,first_read_after_set,,6.330972068557917e-05
0,,0,,frozen_test,19,,,1,count,,experiment_v1_4/phase_archives/P4/v1_4_frozen_test_evidence_20260922T033233833147.zip::run/seed1/first_read_after_set/result.json,blocks,first_read_after_set,,114
0,,0,,frozen_test,19,,,1,accuracy,,experiment_v1_4/phase_archives/P4/v1_4_frozen_test_evidence_20260922T033233833147.zip::run/seed1/first_read_after_set/result.json,blocks,first_read_after_set,,1.0
0,,0,,frozen_test,19,,,1,answer_ce,,experiment_v1_4/phase_archives/P4/v1_4_frozen_test_evidence_20260922T033233833147.zip::run/seed1/first_read_after_set/result.json,blocks,first_read_after_set,,0.002048271747897065
0,,0,,frozen_test,20,,,1,count,,experiment_v1_4/phase_archives/P4/v1_4_frozen_test_evidence_20260922T033233833147.zip::run/seed1/first_read_after_set/result.json,blocks,first_read_after_set,,116
0,,0,,frozen_test,20,,,1,accuracy,,experiment_v1_4/phase_archives/P4/v1_4_frozen_test_evidence_20260922T033233833147.zip::run/seed1/first_read_after_set/result.json,blocks,first_read_after_set,,1.0
0,,0,,frozen_test,20,,,1,answer_ce,,experiment_v1_4/phase_archives/P4/v1_4_frozen_test_evidence_20260922T033233833147.zip::run/seed1/first_read_after_set/result.json,blocks,first_read_after_set,,3.439128295212868e-05
0,,0,,frozen_test,21,,,1,count,,experiment_v1_4/phase_archives/P4/v1_4_frozen_test_evidence_20260922T033233833147.zip::run/seed1/first_read_after_set/result.json,blocks,first_read_after_set,,134
0,,0,,frozen_test,21,,,1,accuracy,,experiment_v1_4/phase_archives/P4/v1_4_frozen_test_evidence_20260922T033233833147.zip::run/seed1/first_read_after_set/result.json,blocks,first_read_after_set,,1.0
0,,0,,frozen_test,21,,,1,answer_ce,,experiment_v1_4/phase_archives/P4/v1_4_frozen_test_evidence_20260922T033233833147.zip::run/seed1/first_read_after_set/result.json,blocks,first_read_after_set,,0.0001654608755456844
0,,0,,frozen_test,22,,,1,count,,experiment_v1_4/phase_archives/P4/v1_4_frozen_test_evidence_20260922T033233833147.zip::run/seed1/first_read_after_set/result.json,blocks,first_read_after_set,,118
0,,0,,frozen_test,22,,,1,accuracy,,experiment_v1_4/phase_archives/P4/v1_4_frozen_test_evidence_20260922T033233833147.zip::run/seed1/first_read_after_set/result.json,blocks,first_read_after_set,,1.0
0,,0,,frozen_test,22,,,1,answer_ce,,experiment_v1_4/phase_archives/P4/v1_4_frozen_test_evidence_20260922T033233833147.zip::run/seed1/first_read_after_set/result.json,blocks,first_read_after_set,,4.0574930022496306e-05
0,,0,,frozen_test,23,,,1,count,,experiment_v1_4/phase_archives/P4/v1_4_frozen_test_evidence_20260922T033233833147.zip::run/seed1/first_read_after_set/result.json,blocks,first_read_after_set,,128
0,,0,,frozen_test,23,,,1,accuracy,,experiment_v1_4/phase_archives/P4/v1_4_frozen_test_evidence_20260922T033233833147.zip::run/seed1/first_read_after_set/result.json,blocks,first_read_after_set,,1.0
0,,0,,frozen_test,23,,,1,answer_ce,,experiment_v1_4/phase_archives/P4/v1_4_frozen_test_evidence_20260922T033233833147.zip::run/seed1/first_read_after_set/result.json,blocks,first_read_after_set,,3.0625759578128964e-05
0,,0,,frozen_test,24,,,1,count,,experiment_v1_4/phase_archives/P4/v1_4_frozen_test_evidence_20260922T033233833147.zip::run/seed1/first_read_after_set/result.json,blocks,first_read_after_set,,120
0,,0,,frozen_test,24,,,1,accuracy,,experiment_v1_4/phase_archives/P4/v1_4_frozen_test_evidence_20260922T033233833147.zip::run/seed1/first_read_after_set/result.json,blocks,first_read_after_set,,1.0
0,,0,,frozen_test,24,,,1,answer_ce,,experiment_v1_4/phase_archives/P4/v1_4_frozen_test_evidence_20260922T033233833147.zip::run/seed1/first_read_after_set/result.json,blocks,first_read_after_set,,0.000140750258128719
0,,0,,frozen_test,macro,,,1,coverage,,experiment_v1_4/phase_archives/P4/v1_4_frozen_test_evidence_20260922T033233833147.zip::run/seed1/first_read_after_set/result.json,distance,first_read_after_set,,1.0
0,,0,,frozen_test,macro,,,1,macro_accuracy,,experiment_v1_4/phase_archives/P4/v1_4_frozen_test_evidence_20260922T033233833147.zip::run/seed1/first_read_after_set/result.json,distance,first_read_after_set,,1.0
0,,0,,frozen_test,macro,,,1,macro_answer_ce,,experiment_v1_4/phase_archives/P4/v1_4_frozen_test_evidence_20260922T033233833147.zip::run/seed1/first_read_after_set/result.json,distance,first_read_after_set,,0.0004962431269943979
0,,0,,frozen_test,0,,,1,count,,experiment_v1_4/phase_archives/P4/v1_4_frozen_test_evidence_20260922T033233833147.zip::run/seed1/first_read_after_set/result.json,distance,first_read_after_set,,1183
0,,0,,frozen_test,0,,,1,accuracy,,experiment_v1_4/phase_archives/P4/v1_4_frozen_test_evidence_20260922T033233833147.zip::run/seed1/first_read_after_set/result.json,distance,first_read_after_set,,1.0
0,,0,,frozen_test,0,,,1,answer_ce,,experiment_v1_4/phase_archives/P4/v1_4_frozen_test_evidence_20260922T033233833147.zip::run/seed1/first_read_after_set/result.json,distance,first_read_after_set,,0.0006942156465682263
0,,0,,frozen_test,1-2,,,1,count,,experiment_v1_4/phase_archives/P4/v1_4_frozen_test_evidence_20260922T033233833147.zip::run/seed1/first_read_after_set/result.json,distance,first_read_after_set,,437
0,,0,,frozen_test,1-2,,,1,accuracy,,experiment_v1_4/phase_archives/P4/v1_4_frozen_test_evidence_20260922T033233833147.zip::run/seed1/first_read_after_set/result.json,distance,first_read_after_set,,1.0
0,,0,,frozen_test,1-2,,,1,answer_ce,,experiment_v1_4/phase_archives/P4/v1_4_frozen_test_evidence_20260922T033233833147.zip::run/seed1/first_read_after_set/result.json,distance,first_read_after_set,,0.0007188780043410592
0,,0,,frozen_test,3+,,,1,count,,experiment_v1_4/phase_archives/P4/v1_4_frozen_test_evidence_20260922T033233833147.zip::run/seed1/first_read_after_set/result.json,distance,first_read_after_set,,428
0,,0,,frozen_test,3+,,,1,accuracy,,experiment_v1_4/phase_archives/P4/v1_4_frozen_test_evidence_20260922T033233833147.zip::run/seed1/first_read_after_set/result.json,distance,first_read_after_set,,1.0
0,,0,,frozen_test,3+,,,1,answer_ce,,experiment_v1_4/phase_archives/P4/v1_4_frozen_test_evidence_20260922T033233833147.zip::run/seed1/first_read_after_set/result.json,distance,first_read_after_set,,7.563573007390804e-05
0,,0,,frozen_test,macro,,,1,coverage,,experiment_v1_4/phase_archives/P4/v1_4_frozen_test_evidence_20260922T033233833147.zip::run/seed1/first_read_after_set/result.json,truth_table,first_read_after_set,,1.0
0,,0,,frozen_test,macro,,,1,macro_accuracy,,experiment_v1_4/phase_archives/P4/v1_4_frozen_test_evidence_20260922T033233833147.zip::run/seed1/first_read_after_set/result.json,truth_table,first_read_after_set,,1.0
0,,0,,frozen_test,macro,,,1,macro_answer_ce,,experiment_v1_4/phase_archives/P4/v1_4_frozen_test_evidence_20260922T033233833147.zip::run/seed1/first_read_after_set/result.json,truth_table,first_read_after_set,,0.0013306273241707048
0,,0,,frozen_test,AND:00,,,1,count,,experiment_v1_4/phase_archives/P4/v1_4_frozen_test_evidence_20260922T033233833147.zip::run/seed1/first_read_after_set/result.json,truth_table,first_read_after_set,,54
0,,0,,frozen_test,AND:00,,,1,accuracy,,experiment_v1_4/phase_archives/P4/v1_4_frozen_test_evidence_20260922T033233833147.zip::run/seed1/first_read_after_set/result.json,truth_table,first_read_after_set,,1.0
0,,0,,frozen_test,AND:00,,,1,answer_ce,,experiment_v1_4/phase_archives/P4/v1_4_frozen_test_evidence_20260922T033233833147.zip::run/seed1/first_read_after_set/result.json,truth_table,first_read_after_set,,1.85964481210653e-05
0,,0,,frozen_test,AND:01,,,1,count,,experiment_v1_4/phase_archives/P4/v1_4_frozen_test_evidence_20260922T033233833147.zip::run/seed1/first_read_after_set/result.json,truth_table,first_read_after_set,,63
0,,0,,frozen_test,AND:01,,,1,accuracy,,experiment_v1_4/phase_archives/P4/v1_4_frozen_test_evidence_20260922T033233833147.zip::run/seed1/first_read_after_set/result.json,truth_table,first_read_after_set,,1.0
0,,0,,frozen_test,AND:01,,,1,answer_ce,,experiment_v1_4/phase_archives/P4/v1_4_frozen_test_evidence_20260922T033233833147.zip::run/seed1/first_read_after_set/result.json,truth_table,first_read_after_set,,8.073733234985931e-05
0,,0,,frozen_test,AND:10,,,1,count,,experiment_v1_4/phase_archives/P4/v1_4_frozen_test_evidence_20260922T033233833147.zip::run/seed1/first_read_after_set/result.json,truth_table,first_read_after_set,,47
0,,0,,frozen_test,AND:10,,,1,accuracy,,experiment_v1_4/phase_archives/P4/v1_4_frozen_test_evidence_20260922T033233833147.zip::run/seed1/first_read_after_set/result.json,truth_table,first_read_after_set,,1.0
0,,0,,frozen_test,AND:10,,,1,answer_ce,,experiment_v1_4/phase_archives/P4/v1_4_frozen_test_evidence_20260922T033233833147.zip::run/seed1/first_read_after_set/result.json,truth_table,first_read_after_set,,2.2010314112660437e-05
0,,0,,frozen_test,AND:11,,,1,count,,experiment_v1_4/phase_archives/P4/v1_4_frozen_test_evidence_20260922T033233833147.zip::run/seed1/first_read_after_set/result.json,truth_table,first_read_after_set,,57
0,,0,,frozen_test,AND:11,,,1,accuracy,,experiment_v1_4/phase_archives/P4/v1_4_frozen_test_evidence_20260922T033233833147.zip::run/seed1/first_read_after_set/result.json,truth_table,first_read_after_set,,1.0
0,,0,,frozen_test,AND:11,,,1,answer_ce,,experiment_v1_4/phase_archives/P4/v1_4_frozen_test_evidence_20260922T033233833147.zip::run/seed1/first_read_after_set/result.json,truth_table,first_read_after_set,,0.00469421174851672
0,,0,,frozen_test,OR:00,,,1,count,,experiment_v1_4/phase_archives/P4/v1_4_frozen_test_evidence_20260922T033233833147.zip::run/seed1/first_read_after_set/result.json,truth_table,first_read_after_set,,59
0,,0,,frozen_test,OR:00,,,1,accuracy,,experiment_v1_4/phase_archives/P4/v1_4_frozen_test_evidence_20260922T033233833147.zip::run/seed1/first_read_after_set/result.json,truth_table,first_read_after_set,,1.0
0,,0,,frozen_test,OR:00,,,1,answer_ce,,experiment_v1_4/phase_archives/P4/v1_4_frozen_test_evidence_20260922T033233833147.zip::run/seed1/first_read_after_set/result.json,truth_table,first_read_after_set,,0.00017895846098850844
0,,0,,frozen_test,OR:01,,,1,count,,experiment_v1_4/phase_archives/P4/v1_4_frozen_test_evidence_20260922T033233833147.zip::run/seed1/first_read_after_set/result.json,truth_table,first_read_after_set,,58
0,,0,,frozen_test,OR:01,,,1,accuracy,,experiment_v1_4/phase_archives/P4/v1_4_frozen_test_evidence_20260922T033233833147.zip::run/seed1/first_read_after_set/result.json,truth_table,first_read_after_set,,1.0
0,,0,,frozen_test,OR:01,,,1,answer_ce,,experiment_v1_4/phase_archives/P4/v1_4_frozen_test_evidence_20260922T033233833147.zip::run/seed1/first_read_after_set/result.json,truth_table,first_read_after_set,,3.713641542068719e-05
0,,0,,frozen_test,OR:10,,,1,count,,experiment_v1_4/phase_archives/P4/v1_4_frozen_test_evidence_20260922T033233833147.zip::run/seed1/first_read_after_set/result.json,truth_table,first_read_after_set,,57
0,,0,,frozen_test,OR:10,,,1,accuracy,,experiment_v1_4/phase_archives/P4/v1_4_frozen_test_evidence_20260922T033233833147.zip::run/seed1/first_read_after_set/result.json,truth_table,first_read_after_set,,1.0
0,,0,,frozen_test,OR:10,,,1,answer_ce,,experiment_v1_4/phase_archives/P4/v1_4_frozen_test_evidence_20260922T033233833147.zip::run/seed1/first_read_after_set/result.json,truth_table,first_read_after_set,,4.8687108143272586e-05
0,,0,,frozen_test,OR:11,,,1,count,,experiment_v1_4/phase_archives/P4/v1_4_frozen_test_evidence_20260922T033233833147.zip::run/seed1/first_read_after_set/result.json,truth_table,first_read_after_set,,61
0,,0,,frozen_test,OR:11,,,1,accuracy,,experiment_v1_4/phase_archives/P4/v1_4_frozen_test_evidence_20260922T033233833147.zip::run/seed1/first_read_after_set/result.json,truth_table,first_read_after_set,,1.0
0,,0,,frozen_test,OR:11,,,1,answer_ce,,experiment_v1_4/phase_archives/P4/v1_4_frozen_test_evidence_20260922T033233833147.zip::run/seed1/first_read_after_set/result.json,truth_table,first_read_after_set,,3.003396406830823e-05
0,,0,,frozen_test,XOR:00,,,1,count,,experiment_v1_4/phase_archives/P4/v1_4_frozen_test_evidence_20260922T033233833147.zip::run/seed1/first_read_after_set/result.json,truth_table,first_read_after_set,,67
0,,0,,frozen_test,XOR:00,,,1,accuracy,,experiment_v1_4/phase_archives/P4/v1_4_frozen_test_evidence_20260922T033233833147.zip::run/seed1/first_read_after_set/result.json,truth_table,first_read_after_set,,1.0
0,,0,,frozen_test,XOR:00,,,1,answer_ce,,experiment_v1_4/phase_archives/P4/v1_4_frozen_test_evidence_20260922T033233833147.zip::run/seed1/first_read_after_set/result.json,truth_table,first_read_after_set,,0.010506037157490449
0,,0,,frozen_test,XOR:01,,,1,count,,experiment_v1_4/phase_archives/P4/v1_4_frozen_test_evidence_20260922T033233833147.zip::run/seed1/first_read_after_set/result.json,truth_table,first_read_after_set,,59
0,,0,,frozen_test,XOR:01,,,1,accuracy,,experiment_v1_4/phase_archives/P4/v1_4_frozen_test_evidence_20260922T033233833147.zip::run/seed1/first_read_after_set/result.json,truth_table,first_read_after_set,,1.0
0,,0,,frozen_test,XOR:01,,,1,answer_ce,,experiment_v1_4/phase_archives/P4/v1_4_frozen_test_evidence_20260922T033233833147.zip::run/seed1/first_read_after_set/result.json,truth_table,first_read_after_set,,0.00015325240904422895
0,,0,,frozen_test,XOR:10,,,1,count,,experiment_v1_4/phase_archives/P4/v1_4_frozen_test_evidence_20260922T033233833147.zip::run/seed1/first_read_after_set/result.json,truth_table,first_read_after_set,,51
0,,0,,frozen_test,XOR:10,,,1,accuracy,,experiment_v1_4/phase_archives/P4/v1_4_frozen_test_evidence_20260922T033233833147.zip::run/seed1/first_read_after_set/result.json,truth_table,first_read_after_set,,1.0
0,,0,,frozen_test,XOR:10,,,1,answer_ce,,experiment_v1_4/phase_archives/P4/v1_4_frozen_test_evidence_20260922T033233833147.zip::run/seed1/first_read_after_set/result.json,truth_table,first_read_after_set,,0.00011282109385230761
0,,0,,frozen_test,XOR:11,,,1,count,,experiment_v1_4/phase_archives/P4/v1_4_frozen_test_evidence_20260922T033233833147.zip::run/seed1/first_read_after_set/result.json,truth_table,first_read_after_set,,42
0,,0,,frozen_test,XOR:11,,,1,accuracy,,experiment_v1_4/phase_archives/P4/v1_4_frozen_test_evidence_20260922T033233833147.zip::run/seed1/first_read_after_set/result.json,truth_table,first_read_after_set,,1.0
0,,0,,frozen_test,XOR:11,,,1,answer_ce,,experiment_v1_4/phase_archives/P4/v1_4_frozen_test_evidence_20260922T033233833147.zip::run/seed1/first_read_after_set/result.json,truth_table,first_read_after_set,,8.504543794039083e-05
1000,,1000,,frozen_test,,0.0,-0.0013020833333333703,1,accuracy,,experiment_v1_4/phase_archives/P4/v1_4_frozen_test_evidence_20260922T033233833147.zip::run/seed1/first_repeat/result.json,paired 42-cell macro gap,first_minus_repeat,,-0.0005580357142857143
1000,,1000,,frozen_test,,0.004684926123320214,0.0013269917365474363,1,answer_ce,,experiment_v1_4/phase_archives/P4/v1_4_frozen_test_evidence_20260922T033233833147.zip::run/seed1/first_repeat/result.json,paired 42-cell macro gap,first_minus_repeat,,0.002767472846674562
0,,0,,frozen_test,,,,1,answer_count,,experiment_v1_4/phase_archives/P4/v1_4_frozen_test_evidence_20260922T033233833147.zip::run/seed1/first_repeat/result.json,micro,first,,5376
0,,0,,frozen_test,,,,1,sequence_count,,experiment_v1_4/phase_archives/P4/v1_4_frozen_test_evidence_20260922T033233833147.zip::run/seed1/first_repeat/result.json,micro,first,,5376
0,,0,,frozen_test,,,,1,answer_ce,,experiment_v1_4/phase_archives/P4/v1_4_frozen_test_evidence_20260922T033233833147.zip::run/seed1/first_repeat/result.json,micro,first,,0.0028106863892154656
0,,0,,frozen_test,,,,1,accuracy,,experiment_v1_4/phase_archives/P4/v1_4_frozen_test_evidence_20260922T033233833147.zip::run/seed1/first_repeat/result.json,micro,first,,0.9994419642857143
0,,0,,frozen_test,,,,1,binary_accuracy,,experiment_v1_4/phase_archives/P4/v1_4_frozen_test_evidence_20260922T033233833147.zip::run/seed1/first_repeat/result.json,micro,first,,0.9994419642857143
0,,0,,frozen_test,,,,1,bit_mass,,experiment_v1_4/phase_archives/P4/v1_4_frozen_test_evidence_20260922T033233833147.zip::run/seed1/first_repeat/result.json,micro,first,,0.9999915425488282
0,,0,,frozen_test,,,,1,all_token_ce,,experiment_v1_4/phase_archives/P4/v1_4_frozen_test_evidence_20260922T033233833147.zip::run/seed1/first_repeat/result.json,all-token,first,,0.9826305181189958
0,,0,,frozen_test,,,,1,prediction_tokens,,experiment_v1_4/phase_archives/P4/v1_4_frozen_test_evidence_20260922T033233833147.zip::run/seed1/first_repeat/result.json,all-token,first,,694861
1000,,1000,,frozen_test,,1.0,0.9986979166666666,1,accuracy,,experiment_v1_4/phase_archives/P4/v1_4_frozen_test_evidence_20260922T033233833147.zip::run/seed1/first_repeat/result.json,42-cell macro,first,,0.9994419642857143
1000,,1000,,frozen_test,,0.004722764120466377,0.0013853943940282541,1,answer_ce,,experiment_v1_4/phase_archives/P4/v1_4_frozen_test_evidence_20260922T033233833147.zip::run/seed1/first_repeat/result.json,42-cell macro,first,,0.0028106863892154656
0,10311999479118765961,0,,frozen_test,AND:00:depth_1,,,1,count,,experiment_v1_4/phase_archives/P4/v1_4_frozen_test_evidence_20260922T033233833147.zip::run/seed1/first_repeat/result.json,cell,first,,128
1000,10311999479118765961,1000,,frozen_test,AND:00:depth_1,1.69381211120978e-05,1.3821541277536652e-05,1,answer_ce,,experiment_v1_4/phase_archives/P4/v1_4_frozen_test_evidence_20260922T033233833147.zip::run/seed1/first_repeat/result.json,cell,first,,1.5061191398046958e-05
1000,10311999479118765961,1000,,frozen_test,AND:00:depth_1,1.0,1.0,1,accuracy,,experiment_v1_4/phase_archives/P4/v1_4_frozen_test_evidence_20260922T033233833147.zip::run/seed1/first_repeat/result.json,cell,first,,1.0
0,1797238313058616685,0,,frozen_test,AND:00:depth_2-3,,,1,count,,experiment_v1_4/phase_archives/P4/v1_4_frozen_test_evidence_20260922T033233833147.zip::run/seed1/first_repeat/result.json,cell,first,,128
1000,1797238313058616685,1000,,frozen_test,AND:00:depth_2-3,2.1258667455903436e-05,1.4769613343190714e-05,1,answer_ce,,experiment_v1_4/phase_archives/P4/v1_4_frozen_test_evidence_20260922T033233833147.zip::run/seed1/first_repeat/result.json,cell,first,,1.7173224442501578e-05
1000,1797238313058616685,1000,,frozen_test,AND:00:depth_2-3,1.0,1.0,1,accuracy,,experiment_v1_4/phase_archives/P4/v1_4_frozen_test_evidence_20260922T033233833147.zip::run/seed1/first_repeat/result.json,cell,first,,1.0
0,15050479850033334881,0,,frozen_test,AND:00:depth_4+,,,1,count,,experiment_v1_4/phase_archives/P4/v1_4_frozen_test_evidence_20260922T033233833147.zip::run/seed1/first_repeat/result.json,cell,first,,128
1000,15050479850033334881,1000,,frozen_test,AND:00:depth_4+,9.834071130754295e-05,2.7836042588447186e-05,1,answer_ce,,experiment_v1_4/phase_archives/P4/v1_4_frozen_test_evidence_20260922T033233833147.zip::run/seed1/first_repeat/result.json,cell,first,,5.755279726571416e-05
1000,15050479850033334881,1000,,frozen_test,AND:00:depth_4+,1.0,1.0,1,accuracy,,experiment_v1_4/phase_archives/P4/v1_4_frozen_test_evidence_20260922T033233833147.zip::run/seed1/first_repeat/result.json,cell,first,,1.0
0,9595157224390385396,0,,frozen_test,AND:01:depth_1,,,1,count,,experiment_v1_4/phase_archives/P4/v1_4_frozen_test_evidence_20260922T033233833147.zip::run/seed1/first_repeat/result.json,cell,first,,128
1000,9595157224390385396,1000,,frozen_test,AND:01:depth_1,0.0004806830937591044,5.0740984653430134e-05,1,answer_ce,,experiment_v1_4/phase_archives/P4/v1_4_frozen_test_evidence_20260922T033233833147.zip::run/seed1/first_repeat/result.json,cell,first,,0.0002194377325537289
1000,9595157224390385396,1000,,frozen_test,AND:01:depth_1,1.0,1.0,1,accuracy,,experiment_v1_4/phase_archives/P4/v1_4_frozen_test_evidence_20260922T033233833147.zip::run/seed1/first_repeat/result.json,cell,first,,1.0
0,9253305300452515370,0,,frozen_test,AND:01:depth_2-3,,,1,count,,experiment_v1_4/phase_archives/P4/v1_4_frozen_test_evidence_20260922T033233833147.zip::run/seed1/first_repeat/result.json,cell,first,,128
1000,9253305300452515370,1000,,frozen_test,AND:01:depth_2-3,0.00015541518292696562,7.31139177895912e-05,1,answer_ce,,experiment_v1_4/phase_archives/P4/v1_4_frozen_test_evidence_20260922T033233833147.zip::run/seed1/first_repeat/result.json,cell,first,,0.00011251817165458533
1000,9253305300452515370,1000,,frozen_test,AND:01:depth_2-3,1.0,1.0,1,accuracy,,experiment_v1_4/phase_archives/P4/v1_4_frozen_test_evidence_20260922T033233833147.zip::run/seed1/first_repeat/result.json,cell,first,,1.0
0,4289539398359864338,0,,frozen_test,AND:01:depth_4+,,,1,count,,experiment_v1_4/phase_archives/P4/v1_4_frozen_test_evidence_20260922T033233833147.zip::run/seed1/first_repeat/result.json,cell,first,,128
1000,4289539398359864338,1000,,frozen_test,AND:01:depth_4+,0.00047353041348898725,0.00016489815008817742,1,answer_ce,,experiment_v1_4/phase_archives/P4/v1_4_frozen_test_evidence_20260922T033233833147.zip::run/seed1/first_repeat/result.json,cell,first,,0.0003040592945993126
1000,4289539398359864338,1000,,frozen_test,AND:01:depth_4+,1.0,1.0,1,accuracy,,experiment_v1_4/phase_archives/P4/v1_4_frozen_test_evidence_20260922T033233833147.zip::run/seed1/first_repeat/result.json,cell,first,,1.0
0,5853864252199468095,0,,frozen_test,AND:10:depth_1,,,1,count,,experiment_v1_4/phase_archives/P4/v1_4_frozen_test_evidence_20260922T033233833147.zip::run/seed1/first_repeat/result.json,cell,first,,128
1000,5853864252199468095,1000,,frozen_test,AND:10:depth_1,5.743733715597443e-05,3.154531836475627e-05,1,answer_ce,,experiment_v1_4/phase_archives/P4/v1_4_frozen_test_evidence_20260922T033233833147.zip::run/seed1/first_repeat/result.json,cell,first,,4.2116339855624574e-05
1000,5853864252199468095,1000,,frozen_test,AND:10:depth_1,1.0,1.0,1,accuracy,,experiment_v1_4/phase_archives/P4/v1_4_frozen_test_evidence_20260922T033233833147.zip::run/seed1/first_repeat/result.json,cell,first,,1.0
0,1721696109249432584,0,,frozen_test,AND:10:depth_2-3,,,1,count,,experiment_v1_4/phase_archives/P4/v1_4_frozen_test_evidence_20260922T033233833147.zip::run/seed1/first_repeat/result.json,cell,first,,128
1000,1721696109249432584,1000,,frozen_test,AND:10:depth_2-3,0.0002369954713556055,5.8957213536103836e-05,1,answer_ce,,experiment_v1_4/phase_archives/P4/v1_4_frozen_test_evidence_20260922T033233833147.zip::run/seed1/first_repeat/result.json,cell,first,,0.00012290243245161037
1000,1721696109249432584,1000,,frozen_test,AND:10:depth_2-3,1.0,1.0,1,accuracy,,experiment_v1_4/phase_archives/P4/v1_4_frozen_test_evidence_20260922T033233833147.zip::run/seed1/first_repeat/result.json,cell,first,,1.0
0,14663433551668054719,0,,frozen_test,AND:10:depth_4+,,,1,count,,experiment_v1_4/phase_archives/P4/v1_4_frozen_test_evidence_20260922T033233833147.zip::run/seed1/first_repeat/result.json,cell,first,,128
1000,14663433551668054719,1000,,frozen_test,AND:10:depth_4+,0.008427124194545143,0.00022435112394472156,1,answer_ce,,experiment_v1_4/phase_archives/P4/v1_4_frozen_test_evidence_20260922T033233833147.zip::run/seed1/first_repeat/result.json,cell,first,,0.0039032073731632977
1000,14663433551668054719,1000,,frozen_test,AND:10:depth_4+,1.0,1.0,1,accuracy,,experiment_v1_4/phase_archives/P4/v1_4_frozen_test_evidence_20260922T033233833147.zip::run/seed1/first_repeat/result.json,cell,first,,1.0
0,4821655781141206001,0,,frozen_test,AND:11:depth_1,,,1,count,,experiment_v1_4/phase_archives/P4/v1_4_frozen_test_evidence_20260922T033233833147.zip::run/seed1/first_repeat/result.json,cell,first,,128
1000,4821655781141206001,1000,,frozen_test,AND:11:depth_1,0.0001012949099965965,3.9808964582555006e-05,1,answer_ce,,experiment_v1_4/phase_archives/P4/v1_4_frozen_test_evidence_20260922T033233833147.zip::run/seed1/first_repeat/result.json,cell,first,,6.514319665029689e-05
1000,4821655781141206001,1000,,frozen_test,AND:11:depth_1,1.0,1.0,1,accuracy,,experiment_v1_4/phase_archives/P4/v1_4_frozen_test_evidence_20260922T033233833147.zip::run/seed1/first_repeat/result.json,cell,first,,1.0
0,8017124935831212171,0,,frozen_test,AND:11:depth_2-3,,,1,count,,experiment_v1_4/phase_archives/P4/v1_4_frozen_test_evidence_20260922T033233833147.zip::run/seed1/first_repeat/result.json,cell,first,,128
1000,8017124935831212171,1000,,frozen_test,AND:11:depth_2-3,0.0003944638471876871,0.00011714988189552855,1,answer_ce,,experiment_v1_4/phase_archives/P4/v1_4_frozen_test_evidence_20260922T033233833147.zip::run/seed1/first_repeat/result.json,cell,first,,0.00023887692905333324
1000,8017124935831212171,1000,,frozen_test,AND:11:depth_2-3,1.0,1.0,1,accuracy,,experiment_v1_4/phase_archives/P4/v1_4_frozen_test_evidence_20260922T033233833147.zip::run/seed1/first_repeat/result.json,cell,first,,1.0
0,4666887975899531446,0,,frozen_test,AND:11:depth_4+,,,1,count,,experiment_v1_4/phase_archives/P4/v1_4_frozen_test_evidence_20260922T033233833147.zip::run/seed1/first_repeat/result.json,cell,first,,128
1000,4666887975899531446,1000,,frozen_test,AND:11:depth_4+,0.011012029999251277,0.001178403412647988,1,answer_ce,,experiment_v1_4/phase_archives/P4/v1_4_frozen_test_evidence_20260922T033233833147.zip::run/seed1/first_repeat/result.json,cell,first,,0.005122392999460601
1000,4666887975899531446,1000,,frozen_test,AND:11:depth_4+,1.0,1.0,1,accuracy,,experiment_v1_4/phase_archives/P4/v1_4_frozen_test_evidence_20260922T033233833147.zip::run/seed1/first_repeat/result.json,cell,first,,1.0
0,17525701494058279652,0,,frozen_test,NOT:0:depth_1,,,1,count,,experiment_v1_4/phase_archives/P4/v1_4_frozen_test_evidence_20260922T033233833147.zip::run/seed1/first_repeat/result.json,cell,first,,128
1000,17525701494058279652,1000,,frozen_test,NOT:0:depth_1,0.004199297803735291,4.122597857261212e-05,1,answer_ce,,experiment_v1_4/phase_archives/P4/v1_4_frozen_test_evidence_20260922T033233833147.zip::run/seed1/first_repeat/result.json,cell,first,,0.0014380284182422542
1000,17525701494058279652,1000,,frozen_test,NOT:0:depth_1,1.0,1.0,1,accuracy,,experiment_v1_4/phase_archives/P4/v1_4_frozen_test_evidence_20260922T033233833147.zip::run/seed1/first_repeat/result.json,cell,first,,1.0
0,1491923965194303036,0,,frozen_test,NOT:0:depth_2-3,,,1,count,,experiment_v1_4/phase_archives/P4/v1_4_frozen_test_evidence_20260922T033233833147.zip::run/seed1/first_repeat/result.json,cell,first,,128
1000,1491923965194303036,1000,,frozen_test,NOT:0:depth_2-3,0.010326437506623987,5.528333563304955e-05,1,answer_ce,,experiment_v1_4/phase_archives/P4/v1_4_frozen_test_evidence_20260922T033233833147.zip::run/seed1/first_repeat/result.json,cell,first,,0.0034350507659368645
1000,1491923965194303036,1000,,frozen_test,NOT:0:depth_2-3,1.0,1.0,1,accuracy,,experiment_v1_4/phase_archives/P4/v1_4_frozen_test_evidence_20260922T033233833147.zip::run/seed1/first_repeat/result.json,cell,first,,1.0
0,71363753576176977,0,,frozen_test,NOT:0:depth_4+,,,1,count,,experiment_v1_4/phase_archives/P4/v1_4_frozen_test_evidence_20260922T033233833147.zip::run/seed1/first_repeat/result.json,cell,first,,128
1000,71363753576176977,1000,,frozen_test,NOT:0:depth_4+,0.0172736794241084,0.000285432778469108,1,answer_ce,,experiment_v1_4/phase_archives/P4/v1_4_frozen_test_evidence_20260922T033233833147.zip::run/seed1/first_repeat/result.json,cell,first,,0.006072642877740009
1000,71363753576176977,1000,,frozen_test,NOT:0:depth_4+,1.0,1.0,1,accuracy,,experiment_v1_4/phase_archives/P4/v1_4_frozen_test_evidence_20260922T033233833147.zip::run/seed1/first_repeat/result.json,cell,first,,1.0
0,3944455037814680919,0,,frozen_test,NOT:1:depth_1,,,1,count,,experiment_v1_4/phase_archives/P4/v1_4_frozen_test_evidence_20260922T033233833147.zip::run/seed1/first_repeat/result.json,cell,first,,128
1000,3944455037814680919,1000,,frozen_test,NOT:1:depth_1,2.136285931584325e-05,1.7235675278293173e-05,1,answer_ce,,experiment_v1_4/phase_archives/P4/v1_4_frozen_test_evidence_20260922T033233833147.zip::run/seed1/first_repeat/result.json,cell,first,,1.925855642781471e-05
1000,3944455037814680919,1000,,frozen_test,NOT:1:depth_1,1.0,1.0,1,accuracy,,experiment_v1_4/phase_archives/P4/v1_4_frozen_test_evidence_20260922T033233833147.zip::run/seed1/first_repeat/result.json,cell,first,,1.0
0,18290201537775393194,0,,frozen_test,NOT:1:depth_2-3,,,1,count,,experiment_v1_4/phase_archives/P4/v1_4_frozen_test_evidence_20260922T033233833147.zip::run/seed1/first_repeat/result.json,cell,first,,128
1000,18290201537775393194,1000,,frozen_test,NOT:1:depth_2-3,0.0004766084655905443,4.03248033732595e-05,1,answer_ce,,experiment_v1_4/phase_archives/P4/v1_4_frozen_test_evidence_20260922T033233833147.zip::run/seed1/first_repeat/result.json,cell,first,,0.00019123539821208624
1000,18290201537775393194,1000,,frozen_test,NOT:1:depth_2-3,1.0,1.0,1,accuracy,,experiment_v1_4/phase_archives/P4/v1_4_frozen_test_evidence_20260922T033233833147.zip::run/seed1/first_repeat/result.json,cell,first,,1.0
0,10928038736295640481,0,,frozen_test,NOT:1:depth_4+,,,1,count,,experiment_v1_4/phase_archives/P4/v1_4_frozen_test_evidence_20260922T033233833147.zip::run/seed1/first_repeat/result.json,cell,first,,128
1000,10928038736295640481,1000,,frozen_test,NOT:1:depth_4+,0.00041364741770628656,7.434096631460107e-05,1,answer_ce,,experiment_v1_4/phase_archives/P4/v1_4_frozen_test_evidence_20260922T033233833147.zip::run/seed1/first_repeat/result.json,cell,first,,0.00022473063148709116
1000,10928038736295640481,1000,,frozen_test,NOT:1:depth_4+,1.0,1.0,1,accuracy,,experiment_v1_4/phase_archives/P4/v1_4_frozen_test_evidence_20260922T033233833147.zip::run/seed1/first_repeat/result.json,cell,first,,1.0
0,11954405002550950950,0,,frozen_test,OR:00:depth_1,,,1,count,,experiment_v1_4/phase_archives/P4/v1_4_frozen_test_evidence_20260922T033233833147.zip::run/seed1/first_repeat/result.json,cell,first,,128
1000,11954405002550950950,1000,,frozen_test,OR:00:depth_1,0.00024223889313006451,4.971839983625159e-05,1,answer_ce,,experiment_v1_4/phase_archives/P4/v1_4_frozen_test_evidence_20260922T033233833147.zip::run/seed1/first_repeat/result.json,cell,first,,0.00012196673499431654
1000,11954405002550950950,1000,,frozen_test,OR:00:depth_1,1.0,1.0,1,accuracy,,experiment_v1_4/phase_archives/P4/v1_4_frozen_test_evidence_20260922T033233833147.zip::run/seed1/first_repeat/result.json,cell,first,,1.0
0,12555180566618781213,0,,frozen_test,OR:00:depth_2-3,,,1,count,,experiment_v1_4/phase_archives/P4/v1_4_frozen_test_evidence_20260922T033233833147.zip::run/seed1/first_repeat/result.json,cell,first,,128
1000,12555180566618781213,1000,,frozen_test,OR:00:depth_2-3,0.0002545014915945387,6.337386677497392e-05,1,answer_ce,,experiment_v1_4/phase_archives/P4/v1_4_frozen_test_evidence_20260922T033233833147.zip::run/seed1/first_repeat/result.json,cell,first,,0.0001364800581882264
1000,12555180566618781213,1000,,frozen_test,OR:00:depth_2-3,1.0,1.0,1,accuracy,,experiment_v1_4/phase_archives/P4/v1_4_frozen_test_evidence_20260922T033233833147.zip::run/seed1/first_repeat/result.json,cell,first,,1.0
0,9811347820197213676,0,,frozen_test,OR:00:depth_4+,,,1,count,,experiment_v1_4/phase_archives/P4/v1_4_frozen_test_evidence_20260922T033233833147.zip::run/seed1/first_repeat/result.json,cell,first,,128
1000,9811347820197213676,1000,,frozen_test,OR:00:depth_4+,0.009800533770244257,0.0008297230939167122,1,answer_ce,,experiment_v1_4/phase_archives/P4/v1_4_frozen_test_evidence_20260922T033233833147.zip::run/seed1/first_repeat/result.json,cell,first,,0.0041578673261142285
1000,9811347820197213676,1000,,frozen_test,OR:00:depth_4+,1.0,1.0,1,accuracy,,experiment_v1_4/phase_archives/P4/v1_4_frozen_test_evidence_20260922T033233833147.zip::run/seed1/first_repeat/result.json,cell,first,,1.0
0,7072010969808072804,0,,frozen_test,OR:01:depth_1,,,1,count,,experiment_v1_4/phase_archives/P4/v1_4_frozen_test_evidence_20260922T033233833147.zip::run/seed1/first_repeat/result.json,cell,first,,128
1000,7072010969808072804,1000,,frozen_test,OR:01:depth_1,6.879991332571222e-05,2.3899483586475866e-05,1,answer_ce,,experiment_v1_4/phase_archives/P4/v1_4_frozen_test_evidence_20260922T033233833147.zip::run/seed1/first_repeat/result.json,cell,first,,4.107570133271565e-05
1000,7072010969808072804,1000,,frozen_test,OR:01:depth_1,1.0,1.0,1,accuracy,,experiment_v1_4/phase_archives/P4/v1_4_frozen_test_evidence_20260922T033233833147.zip::run/seed1/first_repeat/result.json,cell,first,,1.0
0,13865522717301008725,0,,frozen_test,OR:01:depth_2-3,,,1,count,,experiment_v1_4/phase_archives/P4/v1_4_frozen_test_evidence_20260922T033233833147.zip::run/seed1/first_repeat/result.json,cell,first,,128
1000,13865522717301008725,1000,,frozen_test,OR:01:depth_2-3,0.0007204090196180956,7.484006470352967e-05,1,answer_ce,,experiment_v1_4/phase_archives/P4/v1_4_frozen_test_evidence_20260922T033233833147.zip::run/seed1/first_repeat/result.json,cell,first,,0.0003139682025619095
1000,13865522717301008725,1000,,frozen_test,OR:01:depth_2-3,1.0,1.0,1,accuracy,,experiment_v1_4/phase_archives/P4/v1_4_frozen_test_evidence_20260922T033233833147.zip::run/seed1/first_repeat/result.json,cell,first,,1.0
0,8458431508761387055,0,,frozen_test,OR:01:depth_4+,,,1,count,,experiment_v1_4/phase_archives/P4/v1_4_frozen_test_evidence_20260922T033233833147.zip::run/seed1/first_repeat/result.json,cell,first,,128
1000,8458431508761387055,1000,,frozen_test,OR:01:depth_4+,0.008179840310995163,0.0008195458901653297,1,answer_ce,,experiment_v1_4/phase_archives/P4/v1_4_frozen_test_evidence_20260922T033233833147.zip::run/seed1/first_repeat/result.json,cell,first,,0.0038079827312316183
1000,8458431508761387055,1000,,frozen_test,OR:01:depth_4+,1.0,1.0,1,accuracy,,experiment_v1_4/phase_archives/P4/v1_4_frozen_test_evidence_20260922T033233833147.zip::run/seed1/first_repeat/result.json,cell,first,,1.0
0,9637555764635799866,0,,frozen_test,OR:10:depth_1,,,1,count,,experiment_v1_4/phase_archives/P4/v1_4_frozen_test_evidence_20260922T033233833147.zip::run/seed1/first_repeat/result.json,cell,first,,128
1000,9637555764635799866,1000,,frozen_test,OR:10:depth_1,1.8108624380275273e-05,1.659224998711295e-05,1,answer_ce,,experiment_v1_4/phase_archives/P4/v1_4_frozen_test_evidence_20260922T033233833147.zip::run/seed1/first_repeat/result.json,cell,first,,1.7321509780288125e-05
1000,9637555764635799866,1000,,frozen_test,OR:10:depth_1,1.0,1.0,1,accuracy,,experiment_v1_4/phase_archives/P4/v1_4_frozen_test_evidence_20260922T033233833147.zip::run/seed1/first_repeat/result.json,cell,first,,1.0
0,3464314395223524946,0,,frozen_test,OR:10:depth_2-3,,,1,count,,experiment_v1_4/phase_archives/P4/v1_4_frozen_test_evidence_20260922T033233833147.zip::run/seed1/first_repeat/result.json,cell,first,,128
1000,3464314395223524946,1000,,frozen_test,OR:10:depth_2-3,8.765610727365924e-05,3.315743808567362e-05,1,answer_ce,,experiment_v1_4/phase_archives/P4/v1_4_frozen_test_evidence_20260922T033233833147.zip::run/seed1/first_repeat/result.json,cell,first,,5.6686160235130956e-05
1000,3464314395223524946,1000,,frozen_test,OR:10:depth_2-3,1.0,1.0,1,accuracy,,experiment_v1_4/phase_archives/P4/v1_4_frozen_test_evidence_20260922T033233833147.zip::run/seed1/first_repeat/result.json,cell,first,,1.0
0,4856104488888968904,0,,frozen_test,OR:10:depth_4+,,,1,count,,experiment_v1_4/phase_archives/P4/v1_4_frozen_test_evidence_20260922T033233833147.zip::run/seed1/first_repeat/result.json,cell,first,,128
1000,4856104488888968904,1000,,frozen_test,OR:10:depth_4+,0.00215818392625291,0.0002586520135567483,1,answer_ce,,experiment_v1_4/phase_archives/P4/v1_4_frozen_test_evidence_20260922T033233833147.zip::run/seed1/first_repeat/result.json,cell,first,,0.0009524839504209126
1000,4856104488888968904,1000,,frozen_test,OR:10:depth_4+,1.0,1.0,1,accuracy,,experiment_v1_4/phase_archives/P4/v1_4_frozen_test_evidence_20260922T033233833147.zip::run/seed1/first_repeat/result.json,cell,first,,1.0
0,560240673836393561,0,,frozen_test,OR:11:depth_1,,,1,count,,experiment_v1_4/phase_archives/P4/v1_4_frozen_test_evidence_20260922T033233833147.zip::run/seed1/first_repeat/result.json,cell,first,,128
1000,560240673836393561,1000,,frozen_test,OR:11:depth_1,2.0155583573355783e-05,1.785510441010274e-05,1,answer_ce,,experiment_v1_4/phase_archives/P4/v1_4_frozen_test_evidence_20260922T033233833147.zip::run/seed1/first_repeat/result.json,cell,first,,1.893451918277833e-05
1000,560240673836393561,1000,,frozen_test,OR:11:depth_1,1.0,1.0,1,accuracy,,experiment_v1_4/phase_archives/P4/v1_4_frozen_test_evidence_20260922T033233833147.zip::run/seed1/first_repeat/result.json,cell,first,,1.0
0,9413004231091997271,0,,frozen_test,OR:11:depth_2-3,,,1,count,,experiment_v1_4/phase_archives/P4/v1_4_frozen_test_evidence_20260922T033233833147.zip::run/seed1/first_repeat/result.json,cell,first,,128
1000,9413004231091997271,1000,,frozen_test,OR:11:depth_2-3,0.0001916938247257249,1.9027489637402085e-05,1,answer_ce,,experiment_v1_4/phase_archives/P4/v1_4_frozen_test_evidence_20260922T033233833147.zip::run/seed1/first_repeat/result.json,cell,first,,6.617702025124572e-05
1000,9413004231091997271,1000,,frozen_test,OR:11:depth_2-3,1.0,1.0,1,accuracy,,experiment_v1_4/phase_archives/P4/v1_4_frozen_test_evidence_20260922T033233833147.zip::run/seed1/first_repeat/result.json,cell,first,,1.0
0,3980627975894782013,0,,frozen_test,OR:11:depth_4+,,,1,count,,experiment_v1_4/phase_archives/P4/v1_4_frozen_test_evidence_20260922T033233833147.zip::run/seed1/first_repeat/result.json,cell,first,,128
1000,3980627975894782013,1000,,frozen_test,OR:11:depth_4+,0.004464335928802932,2.3405312028224046e-05,1,answer_ce,,experiment_v1_4/phase_archives/P4/v1_4_frozen_test_evidence_20260922T033233833147.zip::run/seed1/first_repeat/result.json,cell,first,,0.0015755278975433384
1000,3980627975894782013,1000,,frozen_test,OR:11:depth_4+,1.0,1.0,1,accuracy,,experiment_v1_4/phase_archives/P4/v1_4_frozen_test_evidence_20260922T033233833147.zip::run/seed1/first_repeat/result.json,cell,first,,1.0
0,15697172166103227080,0,,frozen_test,XOR:00:depth_1,,,1,count,,experiment_v1_4/phase_archives/P4/v1_4_frozen_test_evidence_20260922T033233833147.zip::run/seed1/first_repeat/result.json,cell,first,,128
1000,15697172166103227080,1000,,frozen_test,XOR:00:depth_1,0.0003362152884468728,2.862877106988293e-05,1,answer_ce,,experiment_v1_4/phase_archives/P4/v1_4_frozen_test_evidence_20260922T033233833147.zip::run/seed1/first_repeat/result.json,cell,first,,0.00013366699612760158
1000,15697172166103227080,1000,,frozen_test,XOR:00:depth_1,1.0,1.0,1,accuracy,,experiment_v1_4/phase_archives/P4/v1_4_frozen_test_evidence_20260922T033233833147.zip::run/seed1/first_repeat/result.json,cell,first,,1.0
0,2697477680545144508,0,,frozen_test,XOR:00:depth_2-3,,,1,count,,experiment_v1_4/phase_archives/P4/v1_4_frozen_test_evidence_20260922T033233833147.zip::run/seed1/first_repeat/result.json,cell,first,,128
1000,2697477680545144508,1000,,frozen_test,XOR:00:depth_2-3,0.0009902441041800712,6.840106626899711e-05,1,answer_ce,,experiment_v1_4/phase_archives/P4/v1_4_frozen_test_evidence_20260922T033233833147.zip::run/seed1/first_repeat/result.json,cell,first,,0.0003825611760746028
1000,2697477680545144508,1000,,frozen_test,XOR:00:depth_2-3,1.0,1.0,1,accuracy,,experiment_v1_4/phase_archives/P4/v1_4_frozen_test_evidence_20260922T033233833147.zip::run/seed1/first_repeat/result.json,cell,first,,1.0
0,11009974996667487289,0,,frozen_test,XOR:00:depth_4+,,,1,count,,experiment_v1_4/phase_archives/P4/v1_4_frozen_test_evidence_20260922T033233833147.zip::run/seed1/first_repeat/result.json,cell,first,,128
1000,11009974996667487289,1000,,frozen_test,XOR:00:depth_4+,0.006475855759774518,0.0005925843597442082,1,answer_ce,,experiment_v1_4/phase_archives/P4/v1_4_frozen_test_evidence_20260922T033233833147.zip::run/seed1/first_repeat/result.json,cell,first,,0.0028231960509543796
1000,11009974996667487289,1000,,frozen_test,XOR:00:depth_4+,1.0,1.0,1,accuracy,,experiment_v1_4/phase_archives/P4/v1_4_frozen_test_evidence_20260922T033233833147.zip::run/seed1/first_repeat/result.json,cell,first,,1.0
0,2024862555603111071,0,,frozen_test,XOR:01:depth_1,,,1,count,,experiment_v1_4/phase_archives/P4/v1_4_frozen_test_evidence_20260922T033233833147.zip::run/seed1/first_repeat/result.json,cell,first,,128
1000,2024862555603111071,1000,,frozen_test,XOR:01:depth_1,0.00033103280628559155,3.788559711548345e-05,1,answer_ce,,experiment_v1_4/phase_archives/P4/v1_4_frozen_test_evidence_20260922T033233833147.zip::run/seed1/first_repeat/result.json,cell,first,,0.00014469778042069947
1000,2024862555603111071,1000,,frozen_test,XOR:01:depth_1,1.0,1.0,1,accuracy,,experiment_v1_4/phase_archives/P4/v1_4_frozen_test_evidence_20260922T033233833147.zip::run/seed1/first_repeat/result.json,cell,first,,1.0
0,11739967716255686708,0,,frozen_test,XOR:01:depth_2-3,,,1,count,,experiment_v1_4/phase_archives/P4/v1_4_frozen_test_evidence_20260922T033233833147.zip::run/seed1/first_repeat/result.json,cell,first,,128
1000,11739967716255686708,1000,,frozen_test,XOR:01:depth_2-3,0.0009872272161512538,0.0001425958552829343,1,answer_ce,,experiment_v1_4/phase_archives/P4/v1_4_frozen_test_evidence_20260922T033233833147.zip::run/seed1/first_repeat/result.json,cell,first,,0.0004877279897428366
1000,11739967716255686708,1000,,frozen_test,XOR:01:depth_2-3,1.0,1.0,1,accuracy,,experiment_v1_4/phase_archives/P4/v1_4_frozen_test_evidence_20260922T033233833147.zip::run/seed1/first_repeat/result.json,cell,first,,1.0
0,11284487643142736647,0,,frozen_test,XOR:01:depth_4+,,,1,count,,experiment_v1_4/phase_archives/P4/v1_4_frozen_test_evidence_20260922T033233833147.zip::run/seed1/first_repeat/result.json,cell,first,,128
1000,11284487643142736647,1000,,frozen_test,XOR:01:depth_4+,0.12327052849189248,0.006385595525808085,1,answer_ce,,experiment_v1_4/phase_archives/P4/v1_4_frozen_test_evidence_20260922T033233833147.zip::run/seed1/first_repeat/result.json,cell,first,,0.05084142410721881
1000,11284487643142736647,1000,,frozen_test,XOR:01:depth_4+,1.0,0.9609375,1,accuracy,,experiment_v1_4/phase_archives/P4/v1_4_frozen_test_evidence_20260922T033233833147.zip::run/seed1/first_repeat/result.json,cell,first,,0.984375
0,13969558708191940981,0,,frozen_test,XOR:10:depth_1,,,1,count,,experiment_v1_4/phase_archives/P4/v1_4_frozen_test_evidence_20260922T033233833147.zip::run/seed1/first_repeat/result.json,cell,first,,128
1000,13969558708191940981,1000,,frozen_test,XOR:10:depth_1,0.0001774294536797782,3.1251159279932494e-05,1,answer_ce,,experiment_v1_4/phase_archives/P4/v1_4_frozen_test_evidence_20260922T033233833147.zip::run/seed1/first_repeat/result.json,cell,first,,8.6668647995225e-05
1000,13969558708191940981,1000,,frozen_test,XOR:10:depth_1,1.0,1.0,1,accuracy,,experiment_v1_4/phase_archives/P4/v1_4_frozen_test_evidence_20260922T033233833147.zip::run/seed1/first_repeat/result.json,cell,first,,1.0
0,5674516347392591261,0,,frozen_test,XOR:10:depth_2-3,,,1,count,,experiment_v1_4/phase_archives/P4/v1_4_frozen_test_evidence_20260922T033233833147.zip::run/seed1/first_repeat/result.json,cell,first,,128
1000,5674516347392591261,1000,,frozen_test,XOR:10:depth_2-3,0.0003122861204204241,7.959837641529078e-05,1,answer_ce,,experiment_v1_4/phase_archives/P4/v1_4_frozen_test_evidence_20260922T033233833147.zip::run/seed1/first_repeat/result.json,cell,first,,0.00017877541227306892
1000,5674516347392591261,1000,,frozen_test,XOR:10:depth_2-3,1.0,1.0,1,accuracy,,experiment_v1_4/phase_archives/P4/v1_4_frozen_test_evidence_20260922T033233833147.zip::run/seed1/first_repeat/result.json,cell,first,,1.0
0,13413398733392984991,0,,frozen_test,XOR:10:depth_4+,,,1,count,,experiment_v1_4/phase_archives/P4/v1_4_frozen_test_evidence_20260922T033233833147.zip::run/seed1/first_repeat/result.json,cell,first,,128
1000,13413398733392984991,1000,,frozen_test,XOR:10:depth_4+,0.013536746535577389,0.0008256924165934265,1,answer_ce,,experiment_v1_4/phase_archives/P4/v1_4_frozen_test_evidence_20260922T033233833147.zip::run/seed1/first_repeat/result.json,cell,first,,0.005822743895151916
1000,13413398733392984991,1000,,frozen_test,XOR:10:depth_4+,1.0,1.0,1,accuracy,,experiment_v1_4/phase_archives/P4/v1_4_frozen_test_evidence_20260922T033233833147.zip::run/seed1/first_repeat/result.json,cell,first,,1.0
0,16546498869412242525,0,,frozen_test,XOR:11:depth_1,,,1,count,,experiment_v1_4/phase_archives/P4/v1_4_frozen_test_evidence_20260922T033233833147.zip::run/seed1/first_repeat/result.json,cell,first,,128
1000,16546498869412242525,1000,,frozen_test,XOR:11:depth_1,0.00040375405794854655,9.172726033206402e-05,1,answer_ce,,experiment_v1_4/phase_archives/P4/v1_4_frozen_test_evidence_20260922T033233833147.zip::run/seed1/first_repeat/result.json,cell,first,,0.00020793799708940242
1000,16546498869412242525,1000,,frozen_test,XOR:11:depth_1,1.0,1.0,1,accuracy,,experiment_v1_4/phase_archives/P4/v1_4_frozen_test_evidence_20260922T033233833147.zip::run/seed1/first_repeat/result.json,cell,first,,1.0
0,3276581050681624842,0,,frozen_test,XOR:11:depth_2-3,,,1,count,,experiment_v1_4/phase_archives/P4/v1_4_frozen_test_evidence_20260922T033233833147.zip::run/seed1/first_repeat/result.json,cell,first,,128
1000,3276581050681624842,1000,,frozen_test,XOR:11:depth_2-3,0.006342379504876304,0.0001019165196684213,1,answer_ce,,experiment_v1_4/phase_archives/P4/v1_4_frozen_test_evidence_20260922T033233833147.zip::run/seed1/first_repeat/result.json,cell,first,,0.002190043784317197
1000,3276581050681624842,1000,,frozen_test,XOR:11:depth_2-3,1.0,1.0,1,accuracy,,experiment_v1_4/phase_archives/P4/v1_4_frozen_test_evidence_20260922T033233833147.zip::run/seed1/first_repeat/result.json,cell,first,,1.0
0,9398399215392196211,0,,frozen_test,XOR:11:depth_4+,,,1,count,,experiment_v1_4/phase_archives/P4/v1_4_frozen_test_evidence_20260922T033233833147.zip::run/seed1/first_repeat/result.json,cell,first,,128
1000,9398399215392196211,1000,,frozen_test,XOR:11:depth_4+,0.06060893167942732,0.0009243204828045748,1,answer_ce,,experiment_v1_4/phase_archives/P4/v1_4_frozen_test_evidence_20260922T033233833147.zip::run/seed1/first_repeat/result.json,cell,first,,0.021881524367252325
1000,9398399215392196211,1000,,frozen_test,XOR:11:depth_4+,1.0,0.9765625,1,accuracy,,experiment_v1_4/phase_archives/P4/v1_4_frozen_test_evidence_20260922T033233833147.zip::run/seed1/first_repeat/result.json,cell,first,,0.9921875
0,,0,,frozen_test,,,,1,count,,experiment_v1_4/phase_archives/P4/v1_4_frozen_test_evidence_20260922T033233833147.zip::run/seed1/first_repeat/result.json,baselines,first,,5376
0,,0,,frozen_test,,,,1,majority_prediction,,experiment_v1_4/phase_archives/P4/v1_4_frozen_test_evidence_20260922T033233833147.zip::run/seed1/first_repeat/result.json,baselines,first,,0
0,,0,,frozen_test,,,,1,split_majority_accuracy,,experiment_v1_4/phase_archives/P4/v1_4_frozen_test_evidence_20260922T033233833147.zip::run/seed1/first_repeat/result.json,baselines,first,,0.5
0,,0,,frozen_test,,,,1,independent_bernoulli_expected_accuracy,,experiment_v1_4/phase_archives/P4/v1_4_frozen_test_evidence_20260922T033233833147.zip::run/seed1/first_repeat/result.json,baselines,first,,0.5
0,,0,,frozen_test,,,,1,latest_set_or_initialization_accuracy,,experiment_v1_4/phase_archives/P4/v1_4_frozen_test_evidence_20260922T033233833147.zip::run/seed1/first_repeat/result.json,baselines,first,,0.5491071428571429
0,,0,,frozen_test,,,,1,latest_read_copy_accuracy,,experiment_v1_4/phase_archives/P4/v1_4_frozen_test_evidence_20260922T033233833147.zip::run/seed1/first_repeat/result.json,baselines,first,,0.5284598214285714
0,,0,,frozen_test,,,,1,answer_count,,experiment_v1_4/phase_archives/P4/v1_4_frozen_test_evidence_20260922T033233833147.zip::run/seed1/first_repeat/result.json,micro,repeat,,5376
0,,0,,frozen_test,,,,1,sequence_count,,experiment_v1_4/phase_archives/P4/v1_4_frozen_test_evidence_20260922T033233833147.zip::run/seed1/first_repeat/result.json,micro,repeat,,5376
0,,0,,frozen_test,,,,1,answer_ce,,experiment_v1_4/phase_archives/P4/v1_4_frozen_test_evidence_20260922T033233833147.zip::run/seed1/first_repeat/result.json,micro,repeat,,4.321354254090336e-05
0,,0,,frozen_test,,,,1,accuracy,,experiment_v1_4/phase_archives/P4/v1_4_frozen_test_evidence_20260922T033233833147.zip::run/seed1/first_repeat/result.json,micro,repeat,,1.0
0,,0,,frozen_test,,,,1,binary_accuracy,,experiment_v1_4/phase_archives/P4/v1_4_frozen_test_evidence_20260922T033233833147.zip::run/seed1/first_repeat/result.json,micro,repeat,,1.0
0,,0,,frozen_test,,,,1,bit_mass,,experiment_v1_4/phase_archives/P4/v1_4_frozen_test_evidence_20260922T033233833147.zip::run/seed1/first_repeat/result.json,micro,repeat,,0.9999944983560237
0,,0,,frozen_test,,,,1,all_token_ce,,experiment_v1_4/phase_archives/P4/v1_4_frozen_test_evidence_20260922T033233833147.zip::run/seed1/first_repeat/result.json,all-token,repeat,,0.9569241468220803
0,,0,,frozen_test,,,,1,prediction_tokens,,experiment_v1_4/phase_archives/P4/v1_4_frozen_test_evidence_20260922T033233833147.zip::run/seed1/first_repeat/result.json,all-token,repeat,,710989
1000,,1000,,frozen_test,,1.0,1.0,1,accuracy,,experiment_v1_4/phase_archives/P4/v1_4_frozen_test_evidence_20260922T033233833147.zip::run/seed1/first_repeat/result.json,42-cell macro,repeat,,1.0
1000,,1000,,frozen_test,,6.860188527606291e-05,2.727716538350493e-05,1,answer_ce,,experiment_v1_4/phase_archives/P4/v1_4_frozen_test_evidence_20260922T033233833147.zip::run/seed1/first_repeat/result.json,42-cell macro,repeat,,4.321354254090336e-05
0,10311999479118765961,0,,frozen_test,AND:00:depth_1,,,1,count,,experiment_v1_4/phase_archives/P4/v1_4_frozen_test_evidence_20260922T033233833147.zip::run/seed1/first_repeat/result.json,cell,repeat,,128
1000,10311999479118765961,1000,,frozen_test,AND:00:depth_1,2.1162243333705533e-05,1.2271860138035607e-05,1,answer_ce,,experiment_v1_4/phase_archives/P4/v1_4_frozen_test_evidence_20260922T033233833147.zip::run/seed1/first_repeat/result.json,cell,repeat,,1.5463105704327518e-05
1000,10311999479118765961,1000,,frozen_test,AND:00:depth_1,1.0,1.0,1,accuracy,,experiment_v1_4/phase_archives/P4/v1_4_frozen_test_evidence_20260922T033233833147.zip::run/seed1/first_repeat/result.json,cell,repeat,,1.0
0,1797238313058616685,0,,frozen_test,AND:00:depth_2-3,,,1,count,,experiment_v1_4/phase_archives/P4/v1_4_frozen_test_evidence_20260922T033233833147.zip::run/seed1/first_repeat/result.json,cell,repeat,,128
1000,1797238313058616685,1000,,frozen_test,AND:00:depth_2-3,1.4069369356306538e-05,1.22213862823628e-05,1,answer_ce,,experiment_v1_4/phase_archives/P4/v1_4_frozen_test_evidence_20260922T033233833147.zip::run/seed1/first_repeat/result.json,cell,repeat,,1.3074738269835962e-05
1000,1797238313058616685,1000,,frozen_test,AND:00:depth_2-3,1.0,1.0,1,accuracy,,experiment_v1_4/phase_archives/P4/v1_4_frozen_test_evidence_20260922T033233833147.zip::run/seed1/first_repeat/result.json,cell,repeat,,1.0
0,15050479850033334881,0,,frozen_test,AND:00:depth_4+,,,1,count,,experiment_v1_4/phase_archives/P4/v1_4_frozen_test_evidence_20260922T033233833147.zip::run/seed1/first_repeat/result.json,cell,repeat,,128
1000,15050479850033334881,1000,,frozen_test,AND:00:depth_4+,2.2841944765694677e-05,1.5310520172384656e-05,1,answer_ce,,experiment_v1_4/phase_archives/P4/v1_4_frozen_test_evidence_20260922T033233833147.zip::run/seed1/first_repeat/result.json,cell,repeat,,1.8876549745527882e-05
1000,15050479850033334881,1000,,frozen_test,AND:00:depth_4+,1.0,1.0,1,accuracy,,experiment_v1_4/phase_archives/P4/v1_4_frozen_test_evidence_20260922T033233833147.zip::run/seed1/first_repeat/result.json,cell,repeat,,1.0
0,9595157224390385396,0,,frozen_test,AND:01:depth_1,,,1,count,,experiment_v1_4/phase_archives/P4/v1_4_frozen_test_evidence_20260922T033233833147.zip::run/seed1/first_repeat/result.json,cell,repeat,,128
1000,9595157224390385396,1000,,frozen_test,AND:01:depth_1,4.1477584667681805e-05,1.5775242103366337e-05,1,answer_ce,,experiment_v1_4/phase_archives/P4/v1_4_frozen_test_evidence_20260922T033233833147.zip::run/seed1/first_repeat/result.json,cell,repeat,,2.591153526054768e-05
1000,9595157224390385396,1000,,frozen_test,AND:01:depth_1,1.0,1.0,1,accuracy,,experiment_v1_4/phase_archives/P4/v1_4_frozen_test_evidence_20260922T033233833147.zip::run/seed1/first_repeat/result.json,cell,repeat,,1.0
0,9253305300452515370,0,,frozen_test,AND:01:depth_2-3,,,1,count,,experiment_v1_4/phase_archives/P4/v1_4_frozen_test_evidence_20260922T033233833147.zip::run/seed1/first_repeat/result.json,cell,repeat,,128
1000,9253305300452515370,1000,,frozen_test,AND:01:depth_2-3,3.34280823270916e-05,1.993116435663467e-05,1,answer_ce,,experiment_v1_4/phase_archives/P4/v1_4_frozen_test_evidence_20260922T033233833147.zip::run/seed1/first_repeat/result.json,cell,repeat,,2.5917542537001736e-05
1000,9253305300452515370,1000,,frozen_test,AND:01:depth_2-3,1.0,1.0,1,accuracy,,experiment_v1_4/phase_archives/P4/v1_4_frozen_test_evidence_20260922T033233833147.zip::run/seed1/first_repeat/result.json,cell,repeat,,1.0
0,4289539398359864338,0,,frozen_test,AND:01:depth_4+,,,1,count,,experiment_v1_4/phase_archives/P4/v1_4_frozen_test_evidence_20260922T033233833147.zip::run/seed1/first_repeat/result.json,cell,repeat,,128
1000,4289539398359864338,1000,,frozen_test,AND:01:depth_4+,2.9902855511565455e-05,1.8824739043132865e-05,1,answer_ce,,experiment_v1_4/phase_archives/P4/v1_4_frozen_test_evidence_20260922T033233833147.zip::run/seed1/first_repeat/result.json,cell,repeat,,2.3700413379401652e-05
1000,4289539398359864338,1000,,frozen_test,AND:01:depth_4+,1.0,1.0,1,accuracy,,experiment_v1_4/phase_archives/P4/v1_4_frozen_test_evidence_20260922T033233833147.zip::run/seed1/first_repeat/result.json,cell,repeat,,1.0
0,5853864252199468095,0,,frozen_test,AND:10:depth_1,,,1,count,,experiment_v1_4/phase_archives/P4/v1_4_frozen_test_evidence_20260922T033233833147.zip::run/seed1/first_repeat/result.json,cell,repeat,,128
1000,5853864252199468095,1000,,frozen_test,AND:10:depth_1,2.1701241463567556e-05,1.3076437004500008e-05,1,answer_ce,,experiment_v1_4/phase_archives/P4/v1_4_frozen_test_evidence_20260922T033233833147.zip::run/seed1/first_repeat/result.json,cell,repeat,,1.6576178751392945e-05
1000,5853864252199468095,1000,,frozen_test,AND:10:depth_1,1.0,1.0,1,accuracy,,experiment_v1_4/phase_archives/P4/v1_4_frozen_test_evidence_20260922T033233833147.zip::run/seed1/first_repeat/result.json,cell,repeat,,1.0
0,1721696109249432584,0,,frozen_test,AND:10:depth_2-3,,,1,count,,experiment_v1_4/phase_archives/P4/v1_4_frozen_test_evidence_20260922T033233833147.zip::run/seed1/first_repeat/result.json,cell,repeat,,128
1000,1721696109249432584,1000,,frozen_test,AND:10:depth_2-3,2.923461313724118e-05,1.7105613250123496e-05,1,answer_ce,,experiment_v1_4/phase_archives/P4/v1_4_frozen_test_evidence_20260922T033233833147.zip::run/seed1/first_repeat/result.json,cell,repeat,,2.284350040326899e-05
1000,1721696109249432584,1000,,frozen_test,AND:10:depth_2-3,1.0,1.0,1,accuracy,,experiment_v1_4/phase_archives/P4/v1_4_frozen_test_evidence_20260922T033233833147.zip::run/seed1/first_repeat/result.json,cell,repeat,,1.0
0,14663433551668054719,0,,frozen_test,AND:10:depth_4+,,,1,count,,experiment_v1_4/phase_archives/P4/v1_4_frozen_test_evidence_20260922T033233833147.zip::run/seed1/first_repeat/result.json,cell,repeat,,128
1000,14663433551668054719,1000,,frozen_test,AND:10:depth_4+,0.00010299183969504354,2.0692921602005754e-05,1,answer_ce,,experiment_v1_4/phase_archives/P4/v1_4_frozen_test_evidence_20260922T033233833147.zip::run/seed1/first_repeat/result.json,cell,repeat,,5.461648504478944e-05
1000,14663433551668054719,1000,,frozen_test,AND:10:depth_4+,1.0,1.0,1,accuracy,,experiment_v1_4/phase_archives/P4/v1_4_frozen_test_evidence_20260922T033233833147.zip::run/seed1/first_repeat/result.json,cell,repeat,,1.0
0,4821655781141206001,0,,frozen_test,AND:11:depth_1,,,1,count,,experiment_v1_4/phase_archives/P4/v1_4_frozen_test_evidence_20260922T033233833147.zip::run/seed1/first_repeat/result.json,cell,repeat,,128
1000,4821655781141206001,1000,,frozen_test,AND:11:depth_1,1.301723148241507e-05,1.1691635410926438e-05,1,answer_ce,,experiment_v1_4/phase_archives/P4/v1_4_frozen_test_evidence_20260922T033233833147.zip::run/seed1/first_repeat/result.json,cell,repeat,,1.2282199577384745e-05
1000,4821655781141206001,1000,,frozen_test,AND:11:depth_1,1.0,1.0,1,accuracy,,experiment_v1_4/phase_archives/P4/v1_4_frozen_test_evidence_20260922T033233833147.zip::run/seed1/first_repeat/result.json,cell,repeat,,1.0
0,8017124935831212171,0,,frozen_test,AND:11:depth_2-3,,,1,count,,experiment_v1_4/phase_archives/P4/v1_4_frozen_test_evidence_20260922T033233833147.zip::run/seed1/first_repeat/result.json,cell,repeat,,128
1000,8017124935831212171,1000,,frozen_test,AND:11:depth_2-3,1.5227570334275242e-05,1.1734499018700717e-05,1,answer_ce,,experiment_v1_4/phase_archives/P4/v1_4_frozen_test_evidence_20260922T033233833147.zip::run/seed1/first_repeat/result.json,cell,repeat,,1.3106358267123142e-05
1000,8017124935831212171,1000,,frozen_test,AND:11:depth_2-3,1.0,1.0,1,accuracy,,experiment_v1_4/phase_archives/P4/v1_4_frozen_test_evidence_20260922T033233833147.zip::run/seed1/first_repeat/result.json,cell,repeat,,1.0
0,4666887975899531446,0,,frozen_test,AND:11:depth_4+,,,1,count,,experiment_v1_4/phase_archives/P4/v1_4_frozen_test_evidence_20260922T033233833147.zip::run/seed1/first_repeat/result.json,cell,repeat,,128
1000,4666887975899531446,1000,,frozen_test,AND:11:depth_4+,0.00022865180665494476,1.5799983427022822e-05,1,answer_ce,,experiment_v1_4/phase_archives/P4/v1_4_frozen_test_evidence_20260922T033233833147.zip::run/seed1/first_repeat/result.json,cell,repeat,,9.707793930857633e-05
1000,4666887975899531446,1000,,frozen_test,AND:11:depth_4+,1.0,1.0,1,accuracy,,experiment_v1_4/phase_archives/P4/v1_4_frozen_test_evidence_20260922T033233833147.zip::run/seed1/first_repeat/result.json,cell,repeat,,1.0
0,17525701494058279652,0,,frozen_test,NOT:0:depth_1,,,1,count,,experiment_v1_4/phase_archives/P4/v1_4_frozen_test_evidence_20260922T033233833147.zip::run/seed1/first_repeat/result.json,cell,repeat,,128
1000,17525701494058279652,1000,,frozen_test,NOT:0:depth_1,3.733172485826938e-05,1.29908305815718e-05,1,answer_ce,,experiment_v1_4/phase_archives/P4/v1_4_frozen_test_evidence_20260922T033233833147.zip::run/seed1/first_repeat/result.json,cell,repeat,,2.126563855142649e-05
1000,17525701494058279652,1000,,frozen_test,NOT:0:depth_1,1.0,1.0,1,accuracy,,experiment_v1_4/phase_archives/P4/v1_4_frozen_test_evidence_20260922T033233833147.zip::run/seed1/first_repeat/result.json,cell,repeat,,1.0
0,1491923965194303036,0,,frozen_test,NOT:0:depth_2-3,,,1,count,,experiment_v1_4/phase_archives/P4/v1_4_frozen_test_evidence_20260922T033233833147.zip::run/seed1/first_repeat/result.json,cell,repeat,,128
1000,1491923965194303036,1000,,frozen_test,NOT:0:depth_2-3,8.42642481316602e-05,1.4130143265767004e-05,1,answer_ce,,experiment_v1_4/phase_archives/P4/v1_4_frozen_test_evidence_20260922T033233833147.zip::run/seed1/first_repeat/result.json,cell,repeat,,4.045328355317679e-05
1000,1491923965194303036,1000,,frozen_test,NOT:0:depth_2-3,1.0,1.0,1,accuracy,,experiment_v1_4/phase_archives/P4/v1_4_frozen_test_evidence_20260922T033233833147.zip::run/seed1/first_repeat/result.json,cell,repeat,,1.0
0,71363753576176977,0,,frozen_test,NOT:0:depth_4+,,,1,count,,experiment_v1_4/phase_archives/P4/v1_4_frozen_test_evidence_20260922T033233833147.zip::run/seed1/first_repeat/result.json,cell,repeat,,128
1000,71363753576176977,1000,,frozen_test,NOT:0:depth_4+,2.3171689730538958e-05,1.5604873463281875e-05,1,answer_ce,,experiment_v1_4/phase_archives/P4/v1_4_frozen_test_evidence_20260922T033233833147.zip::run/seed1/first_repeat/result.json,cell,repeat,,1.9150357417174746e-05
1000,71363753576176977,1000,,frozen_test,NOT:0:depth_4+,1.0,1.0,1,accuracy,,experiment_v1_4/phase_archives/P4/v1_4_frozen_test_evidence_20260922T033233833147.zip::run/seed1/first_repeat/result.json,cell,repeat,,1.0
0,3944455037814680919,0,,frozen_test,NOT:1:depth_1,,,1,count,,experiment_v1_4/phase_archives/P4/v1_4_frozen_test_evidence_20260922T033233833147.zip::run/seed1/first_repeat/result.json,cell,repeat,,128
1000,3944455037814680919,1000,,frozen_test,NOT:1:depth_1,1.5345694561474944e-05,1.3012994440941838e-05,1,answer_ce,,experiment_v1_4/phase_archives/P4/v1_4_frozen_test_evidence_20260922T033233833147.zip::run/seed1/first_repeat/result.json,cell,repeat,,1.4181125614243228e-05
1000,3944455037814680919,1000,,frozen_test,NOT:1:depth_1,1.0,1.0,1,accuracy,,experiment_v1_4/phase_archives/P4/v1_4_frozen_test_evidence_20260922T033233833147.zip::run/seed1/first_repeat/result.json,cell,repeat,,1.0
0,18290201537775393194,0,,frozen_test,NOT:1:depth_2-3,,,1,count,,experiment_v1_4/phase_archives/P4/v1_4_frozen_test_evidence_20260922T033233833147.zip::run/seed1/first_repeat/result.json,cell,repeat,,128
1000,18290201537775393194,1000,,frozen_test,NOT:1:depth_2-3,1.8971051042093734e-05,1.4296538018143678e-05,1,answer_ce,,experiment_v1_4/phase_archives/P4/v1_4_frozen_test_evidence_20260922T033233833147.zip::run/seed1/first_repeat/result.json,cell,repeat,,1.6339826480304964e-05
1000,18290201537775393194,1000,,frozen_test,NOT:1:depth_2-3,1.0,1.0,1,accuracy,,experiment_v1_4/phase_archives/P4/v1_4_frozen_test_evidence_20260922T033233833147.zip::run/seed1/first_repeat/result.json,cell,repeat,,1.0
0,10928038736295640481,0,,frozen_test,NOT:1:depth_4+,,,1,count,,experiment_v1_4/phase_archives/P4/v1_4_frozen_test_evidence_20260922T033233833147.zip::run/seed1/first_repeat/result.json,cell,repeat,,128
1000,10928038736295640481,1000,,frozen_test,NOT:1:depth_4+,2.1362052136630892e-05,1.7015030084266413e-05,1,answer_ce,,experiment_v1_4/phase_archives/P4/v1_4_frozen_test_evidence_20260922T033233833147.zip::run/seed1/first_repeat/result.json,cell,repeat,,1.9089985279663324e-05
1000,10928038736295640481,1000,,frozen_test,NOT:1:depth_4+,1.0,1.0,1,accuracy,,experiment_v1_4/phase_archives/P4/v1_4_frozen_test_evidence_20260922T033233833147.zip::run/seed1/first_repeat/result.json,cell,repeat,,1.0
0,11954405002550950950,0,,frozen_test,OR:00:depth_1,,,1,count,,experiment_v1_4/phase_archives/P4/v1_4_frozen_test_evidence_20260922T033233833147.zip::run/seed1/first_repeat/result.json,cell,repeat,,128
1000,11954405002550950950,1000,,frozen_test,OR:00:depth_1,3.752985765643757e-05,2.0055872456659073e-05,1,answer_ce,,experiment_v1_4/phase_archives/P4/v1_4_frozen_test_evidence_20260922T033233833147.zip::run/seed1/first_repeat/result.json,cell,repeat,,2.769201149988021e-05
1000,11954405002550950950,1000,,frozen_test,OR:00:depth_1,1.0,1.0,1,accuracy,,experiment_v1_4/phase_archives/P4/v1_4_frozen_test_evidence_20260922T033233833147.zip::run/seed1/first_repeat/result.json,cell,repeat,,1.0
0,12555180566618781213,0,,frozen_test,OR:00:depth_2-3,,,1,count,,experiment_v1_4/phase_archives/P4/v1_4_frozen_test_evidence_20260922T033233833147.zip::run/seed1/first_repeat/result.json,cell,repeat,,128
1000,12555180566618781213,1000,,frozen_test,OR:00:depth_2-3,2.448355606237129e-05,1.7798623289166927e-05,1,answer_ce,,experiment_v1_4/phase_archives/P4/v1_4_frozen_test_evidence_20260922T033233833147.zip::run/seed1/first_repeat/result.json,cell,repeat,,2.0970192444735858e-05
1000,12555180566618781213,1000,,frozen_test,OR:00:depth_2-3,1.0,1.0,1,accuracy,,experiment_v1_4/phase_archives/P4/v1_4_frozen_test_evidence_20260922T033233833147.zip::run/seed1/first_repeat/result.json,cell,repeat,,1.0
0,9811347820197213676,0,,frozen_test,OR:00:depth_4+,,,1,count,,experiment_v1_4/phase_archives/P4/v1_4_frozen_test_evidence_20260922T033233833147.zip::run/seed1/first_repeat/result.json,cell,repeat,,128
1000,9811347820197213676,1000,,frozen_test,OR:00:depth_4+,3.0548176906641794e-05,1.9713464855364294e-05,1,answer_ce,,experiment_v1_4/phase_archives/P4/v1_4_frozen_test_evidence_20260922T033233833147.zip::run/seed1/first_repeat/result.json,cell,repeat,,2.4047861501230727e-05
1000,9811347820197213676,1000,,frozen_test,OR:00:depth_4+,1.0,1.0,1,accuracy,,experiment_v1_4/phase_archives/P4/v1_4_frozen_test_evidence_20260922T033233833147.zip::run/seed1/first_repeat/result.json,cell,repeat,,1.0
0,7072010969808072804,0,,frozen_test,OR:01:depth_1,,,1,count,,experiment_v1_4/phase_archives/P4/v1_4_frozen_test_evidence_20260922T033233833147.zip::run/seed1/first_repeat/result.json,cell,repeat,,128
1000,7072010969808072804,1000,,frozen_test,OR:01:depth_1,1.9220508285222592e-05,1.2968448481842643e-05,1,answer_ce,,experiment_v1_4/phase_archives/P4/v1_4_frozen_test_evidence_20260922T033233833147.zip::run/seed1/first_repeat/result.json,cell,repeat,,1.5572331399482664e-05
1000,7072010969808072804,1000,,frozen_test,OR:01:depth_1,1.0,1.0,1,accuracy,,experiment_v1_4/phase_archives/P4/v1_4_frozen_test_evidence_20260922T033233833147.zip::run/seed1/first_repeat/result.json,cell,repeat,,1.0
0,13865522717301008725,0,,frozen_test,OR:01:depth_2-3,,,1,count,,experiment_v1_4/phase_archives/P4/v1_4_frozen_test_evidence_20260922T033233833147.zip::run/seed1/first_repeat/result.json,cell,repeat,,128
1000,13865522717301008725,1000,,frozen_test,OR:01:depth_2-3,5.3498111900651676e-05,1.3365140160637167e-05,1,answer_ce,,experiment_v1_4/phase_archives/P4/v1_4_frozen_test_evidence_20260922T033233833147.zip::run/seed1/first_repeat/result.json,cell,repeat,,2.7313430081221668e-05
1000,13865522717301008725,1000,,frozen_test,OR:01:depth_2-3,1.0,1.0,1,accuracy,,experiment_v1_4/phase_archives/P4/v1_4_frozen_test_evidence_20260922T033233833147.zip::run/seed1/first_repeat/result.json,cell,repeat,,1.0
0,8458431508761387055,0,,frozen_test,OR:01:depth_4+,,,1,count,,experiment_v1_4/phase_archives/P4/v1_4_frozen_test_evidence_20260922T033233833147.zip::run/seed1/first_repeat/result.json,cell,repeat,,128
1000,8458431508761387055,1000,,frozen_test,OR:01:depth_4+,0.00013582401071356997,1.64827495515496e-05,1,answer_ce,,experiment_v1_4/phase_archives/P4/v1_4_frozen_test_evidence_20260922T033233833147.zip::run/seed1/first_repeat/result.json,cell,repeat,,5.8213879540858215e-05
1000,8458431508761387055,1000,,frozen_test,OR:01:depth_4+,1.0,1.0,1,accuracy,,experiment_v1_4/phase_archives/P4/v1_4_frozen_test_evidence_20260922T033233833147.zip::run/seed1/first_repeat/result.json,cell,repeat,,1.0
0,9637555764635799866,0,,frozen_test,OR:10:depth_1,,,1,count,,experiment_v1_4/phase_archives/P4/v1_4_frozen_test_evidence_20260922T033233833147.zip::run/seed1/first_repeat/result.json,cell,repeat,,128
1000,9637555764635799866,1000,,frozen_test,OR:10:depth_1,1.2777644886519112e-05,1.1493360089254167e-05,1,answer_ce,,experiment_v1_4/phase_archives/P4/v1_4_frozen_test_evidence_20260922T033233833147.zip::run/seed1/first_repeat/result.json,cell,repeat,,1.2042852446825236e-05
1000,9637555764635799866,1000,,frozen_test,OR:10:depth_1,1.0,1.0,1,accuracy,,experiment_v1_4/phase_archives/P4/v1_4_frozen_test_evidence_20260922T033233833147.zip::run/seed1/first_repeat/result.json,cell,repeat,,1.0
0,3464314395223524946,0,,frozen_test,OR:10:depth_2-3,,,1,count,,experiment_v1_4/phase_archives/P4/v1_4_frozen_test_evidence_20260922T033233833147.zip::run/seed1/first_repeat/result.json,cell,repeat,,128
1000,3464314395223524946,1000,,frozen_test,OR:10:depth_2-3,1.5124248560205444e-05,1.2225086205575053e-05,1,answer_ce,,experiment_v1_4/phase_archives/P4/v1_4_frozen_test_evidence_20260922T033233833147.zip::run/seed1/first_repeat/result.json,cell,repeat,,1.3554337868981747e-05
1000,3464314395223524946,1000,,frozen_test,OR:10:depth_2-3,1.0,1.0,1,accuracy,,experiment_v1_4/phase_archives/P4/v1_4_frozen_test_evidence_20260922T033233833147.zip::run/seed1/first_repeat/result.json,cell,repeat,,1.0
0,4856104488888968904,0,,frozen_test,OR:10:depth_4+,,,1,count,,experiment_v1_4/phase_archives/P4/v1_4_frozen_test_evidence_20260922T033233833147.zip::run/seed1/first_repeat/result.json,cell,repeat,,128
1000,4856104488888968904,1000,,frozen_test,OR:10:depth_4+,0.00025737909584364613,1.2734644700174158e-05,1,answer_ce,,experiment_v1_4/phase_archives/P4/v1_4_frozen_test_evidence_20260922T033233833147.zip::run/seed1/first_repeat/result.json,cell,repeat,,9.46385971616337e-05
1000,4856104488888968904,1000,,frozen_test,OR:10:depth_4+,1.0,1.0,1,accuracy,,experiment_v1_4/phase_archives/P4/v1_4_frozen_test_evidence_20260922T033233833147.zip::run/seed1/first_repeat/result.json,cell,repeat,,1.0
0,560240673836393561,0,,frozen_test,OR:11:depth_1,,,1,count,,experiment_v1_4/phase_archives/P4/v1_4_frozen_test_evidence_20260922T033233833147.zip::run/seed1/first_repeat/result.json,cell,repeat,,128
1000,560240673836393561,1000,,frozen_test,OR:11:depth_1,1.562130689958252e-05,1.2343600570297043e-05,1,answer_ce,,experiment_v1_4/phase_archives/P4/v1_4_frozen_test_evidence_20260922T033233833147.zip::run/seed1/first_repeat/result.json,cell,repeat,,1.3746184187368726e-05
1000,560240673836393561,1000,,frozen_test,OR:11:depth_1,1.0,1.0,1,accuracy,,experiment_v1_4/phase_archives/P4/v1_4_frozen_test_evidence_20260922T033233833147.zip::run/seed1/first_repeat/result.json,cell,repeat,,1.0
0,9413004231091997271,0,,frozen_test,OR:11:depth_2-3,,,1,count,,experiment_v1_4/phase_archives/P4/v1_4_frozen_test_evidence_20260922T033233833147.zip::run/seed1/first_repeat/result.json,cell,repeat,,128
1000,9413004231091997271,1000,,frozen_test,OR:11:depth_2-3,6.840380921318001e-05,1.1989746690233006e-05,1,answer_ce,,experiment_v1_4/phase_archives/P4/v1_4_frozen_test_evidence_20260922T033233833147.zip::run/seed1/first_repeat/result.json,cell,repeat,,2.6639513443171836e-05
1000,9413004231091997271,1000,,frozen_test,OR:11:depth_2-3,1.0,1.0,1,accuracy,,experiment_v1_4/phase_archives/P4/v1_4_frozen_test_evidence_20260922T033233833147.zip::run/seed1/first_repeat/result.json,cell,repeat,,1.0
0,3980627975894782013,0,,frozen_test,OR:11:depth_4+,,,1,count,,experiment_v1_4/phase_archives/P4/v1_4_frozen_test_evidence_20260922T033233833147.zip::run/seed1/first_repeat/result.json,cell,repeat,,128
1000,3980627975894782013,1000,,frozen_test,OR:11:depth_4+,2.139836981722709e-05,1.1561275432114826e-05,1,answer_ce,,experiment_v1_4/phase_archives/P4/v1_4_frozen_test_evidence_20260922T033233833147.zip::run/seed1/first_repeat/result.json,cell,repeat,,1.5042050385716266e-05
1000,3980627975894782013,1000,,frozen_test,OR:11:depth_4+,1.0,1.0,1,accuracy,,experiment_v1_4/phase_archives/P4/v1_4_frozen_test_evidence_20260922T033233833147.zip::run/seed1/first_repeat/result.json,cell,repeat,,1.0
0,15697172166103227080,0,,frozen_test,XOR:00:depth_1,,,1,count,,experiment_v1_4/phase_archives/P4/v1_4_frozen_test_evidence_20260922T033233833147.zip::run/seed1/first_repeat/result.json,cell,repeat,,128
1000,15697172166103227080,1000,,frozen_test,XOR:00:depth_1,4.741282325859686e-05,1.5102203187566943e-05,1,answer_ce,,experiment_v1_4/phase_archives/P4/v1_4_frozen_test_evidence_20260922T033233833147.zip::run/seed1/first_repeat/result.json,cell,repeat,,2.674811499758789e-05
1000,15697172166103227080,1000,,frozen_test,XOR:00:depth_1,1.0,1.0,1,accuracy,,experiment_v1_4/phase_archives/P4/v1_4_frozen_test_evidence_20260922T033233833147.zip::run/seed1/first_repeat/result.json,cell,repeat,,1.0
0,2697477680545144508,0,,frozen_test,XOR:00:depth_2-3,,,1,count,,experiment_v1_4/phase_archives/P4/v1_4_frozen_test_evidence_20260922T033233833147.zip::run/seed1/first_repeat/result.json,cell,repeat,,128
1000,2697477680545144508,1000,,frozen_test,XOR:00:depth_2-3,2.4143345253690995e-05,1.607796337808054e-05,1,answer_ce,,experiment_v1_4/phase_archives/P4/v1_4_frozen_test_evidence_20260922T033233833147.zip::run/seed1/first_repeat/result.json,cell,repeat,,1.979199080892613e-05
1000,2697477680545144508,1000,,frozen_test,XOR:00:depth_2-3,1.0,1.0,1,accuracy,,experiment_v1_4/phase_archives/P4/v1_4_frozen_test_evidence_20260922T033233833147.zip::run/seed1/first_repeat/result.json,cell,repeat,,1.0
0,11009974996667487289,0,,frozen_test,XOR:00:depth_4+,,,1,count,,experiment_v1_4/phase_archives/P4/v1_4_frozen_test_evidence_20260922T033233833147.zip::run/seed1/first_repeat/result.json,cell,repeat,,128
1000,11009974996667487289,1000,,frozen_test,XOR:00:depth_4+,5.0868682335192256e-05,2.073605682237911e-05,1,answer_ce,,experiment_v1_4/phase_archives/P4/v1_4_frozen_test_evidence_20260922T033233833147.zip::run/seed1/first_repeat/result.json,cell,repeat,,3.2193775759026266e-05
1000,11009974996667487289,1000,,frozen_test,XOR:00:depth_4+,1.0,1.0,1,accuracy,,experiment_v1_4/phase_archives/P4/v1_4_frozen_test_evidence_20260922T033233833147.zip::run/seed1/first_repeat/result.json,cell,repeat,,1.0
0,2024862555603111071,0,,frozen_test,XOR:01:depth_1,,,1,count,,experiment_v1_4/phase_archives/P4/v1_4_frozen_test_evidence_20260922T033233833147.zip::run/seed1/first_repeat/result.json,cell,repeat,,128
1000,2024862555603111071,1000,,frozen_test,XOR:01:depth_1,0.00017197107978450532,1.3418553331590033e-05,1,answer_ce,,experiment_v1_4/phase_archives/P4/v1_4_frozen_test_evidence_20260922T033233833147.zip::run/seed1/first_repeat/result.json,cell,repeat,,6.687016171724736e-05
1000,2024862555603111071,1000,,frozen_test,XOR:01:depth_1,1.0,1.0,1,accuracy,,experiment_v1_4/phase_archives/P4/v1_4_frozen_test_evidence_20260922T033233833147.zip::run/seed1/first_repeat/result.json,cell,repeat,,1.0
0,11739967716255686708,0,,frozen_test,XOR:01:depth_2-3,,,1,count,,experiment_v1_4/phase_archives/P4/v1_4_frozen_test_evidence_20260922T033233833147.zip::run/seed1/first_repeat/result.json,cell,repeat,,128
1000,11739967716255686708,1000,,frozen_test,XOR:01:depth_2-3,3.1801995213065484e-05,1.2575234612555163e-05,1,answer_ce,,experiment_v1_4/phase_archives/P4/v1_4_frozen_test_evidence_20260922T033233833147.zip::run/seed1/first_repeat/result.json,cell,repeat,,2.0572136492091886e-05
1000,11739967716255686708,1000,,frozen_test,XOR:01:depth_2-3,1.0,1.0,1,accuracy,,experiment_v1_4/phase_archives/P4/v1_4_frozen_test_evidence_20260922T033233833147.zip::run/seed1/first_repeat/result.json,cell,repeat,,1.0
0,11284487643142736647,0,,frozen_test,XOR:01:depth_4+,,,1,count,,experiment_v1_4/phase_archives/P4/v1_4_frozen_test_evidence_20260922T033233833147.zip::run/seed1/first_repeat/result.json,cell,repeat,,128
1000,11284487643142736647,1000,,frozen_test,XOR:01:depth_4+,2.7053864906356746e-05,1.4927890503990681e-05,1,answer_ce,,experiment_v1_4/phase_archives/P4/v1_4_frozen_test_evidence_20260922T033233833147.zip::run/seed1/first_repeat/result.json,cell,repeat,,1.9453559353621586e-05
1000,11284487643142736647,1000,,frozen_test,XOR:01:depth_4+,1.0,1.0,1,accuracy,,experiment_v1_4/phase_archives/P4/v1_4_frozen_test_evidence_20260922T033233833147.zip::run/seed1/first_repeat/result.json,cell,repeat,,1.0
0,13969558708191940981,0,,frozen_test,XOR:10:depth_1,,,1,count,,experiment_v1_4/phase_archives/P4/v1_4_frozen_test_evidence_20260922T033233833147.zip::run/seed1/first_repeat/result.json,cell,repeat,,128
1000,13969558708191940981,1000,,frozen_test,XOR:10:depth_1,1.8271623911303435e-05,1.1941156799899489e-05,1,answer_ce,,experiment_v1_4/phase_archives/P4/v1_4_frozen_test_evidence_20260922T033233833147.zip::run/seed1/first_repeat/result.json,cell,repeat,,1.4538586626144934e-05
1000,13969558708191940981,1000,,frozen_test,XOR:10:depth_1,1.0,1.0,1,accuracy,,experiment_v1_4/phase_archives/P4/v1_4_frozen_test_evidence_20260922T033233833147.zip::run/seed1/first_repeat/result.json,cell,repeat,,1.0
0,5674516347392591261,0,,frozen_test,XOR:10:depth_2-3,,,1,count,,experiment_v1_4/phase_archives/P4/v1_4_frozen_test_evidence_20260922T033233833147.zip::run/seed1/first_repeat/result.json,cell,repeat,,128
1000,5674516347392591261,1000,,frozen_test,XOR:10:depth_2-3,2.467110281862972e-05,1.2421867309697631e-05,1,answer_ce,,experiment_v1_4/phase_archives/P4/v1_4_frozen_test_evidence_20260922T033233833147.zip::run/seed1/first_repeat/result.json,cell,repeat,,1.6743365833349344e-05
1000,5674516347392591261,1000,,frozen_test,XOR:10:depth_2-3,1.0,1.0,1,accuracy,,experiment_v1_4/phase_archives/P4/v1_4_frozen_test_evidence_20260922T033233833147.zip::run/seed1/first_repeat/result.json,cell,repeat,,1.0
0,13413398733392984991,0,,frozen_test,XOR:10:depth_4+,,,1,count,,experiment_v1_4/phase_archives/P4/v1_4_frozen_test_evidence_20260922T033233833147.zip::run/seed1/first_repeat/result.json,cell,repeat,,128
1000,13413398733392984991,1000,,frozen_test,XOR:10:depth_4+,0.0014516924088825434,1.5205633063075653e-05,1,answer_ce,,experiment_v1_4/phase_archives/P4/v1_4_frozen_test_evidence_20260922T033233833147.zip::run/seed1/first_repeat/result.json,cell,repeat,,0.0005177680189873968
1000,13413398733392984991,1000,,frozen_test,XOR:10:depth_4+,1.0,1.0,1,accuracy,,experiment_v1_4/phase_archives/P4/v1_4_frozen_test_evidence_20260922T033233833147.zip::run/seed1/first_repeat/result.json,cell,repeat,,1.0
0,16546498869412242525,0,,frozen_test,XOR:11:depth_1,,,1,count,,experiment_v1_4/phase_archives/P4/v1_4_frozen_test_evidence_20260922T033233833147.zip::run/seed1/first_repeat/result.json,cell,repeat,,128
1000,16546498869412242525,1000,,frozen_test,XOR:11:depth_1,7.207544599356905e-05,2.5224044174976256e-05,1,answer_ce,,experiment_v1_4/phase_archives/P4/v1_4_frozen_test_evidence_20260922T033233833147.zip::run/seed1/first_repeat/result.json,cell,repeat,,4.426055740935908e-05
1000,16546498869412242525,1000,,frozen_test,XOR:11:depth_1,1.0,1.0,1,accuracy,,experiment_v1_4/phase_archives/P4/v1_4_frozen_test_evidence_20260922T033233833147.zip::run/seed1/first_repeat/result.json,cell,repeat,,1.0
0,3276581050681624842,0,,frozen_test,XOR:11:depth_2-3,,,1,count,,experiment_v1_4/phase_archives/P4/v1_4_frozen_test_evidence_20260922T033233833147.zip::run/seed1/first_repeat/result.json,cell,repeat,,128
1000,3276581050681624842,1000,,frozen_test,XOR:11:depth_2-3,3.985086566586915e-05,2.2820189665395675e-05,1,answer_ce,,experiment_v1_4/phase_archives/P4/v1_4_frozen_test_evidence_20260922T033233833147.zip::run/seed1/first_repeat/result.json,cell,repeat,,3.0276654953809157e-05
1000,3276581050681624842,1000,,frozen_test,XOR:11:depth_2-3,1.0,1.0,1,accuracy,,experiment_v1_4/phase_archives/P4/v1_4_frozen_test_evidence_20260922T033233833147.zip::run/seed1/first_repeat/result.json,cell,repeat,,1.0
0,9398399215392196211,0,,frozen_test,XOR:11:depth_4+,,,1,count,,experiment_v1_4/phase_archives/P4/v1_4_frozen_test_evidence_20260922T033233833147.zip::run/seed1/first_repeat/result.json,cell,repeat,,128
1000,9398399215392196211,1000,,frozen_test,XOR:11:depth_4+,0.0004320920202962597,2.9286213602830458e-05,1,answer_ce,,experiment_v1_4/phase_archives/P4/v1_4_frozen_test_evidence_20260922T033233833147.zip::run/seed1/first_repeat/result.json,cell,repeat,,0.0001863518586731061
1000,9398399215392196211,1000,,frozen_test,XOR:11:depth_4+,1.0,1.0,1,accuracy,,experiment_v1_4/phase_archives/P4/v1_4_frozen_test_evidence_20260922T033233833147.zip::run/seed1/first_repeat/result.json,cell,repeat,,1.0
0,,0,,frozen_test,,,,1,count,,experiment_v1_4/phase_archives/P4/v1_4_frozen_test_evidence_20260922T033233833147.zip::run/seed1/first_repeat/result.json,baselines,repeat,,5376
0,,0,,frozen_test,,,,1,majority_prediction,,experiment_v1_4/phase_archives/P4/v1_4_frozen_test_evidence_20260922T033233833147.zip::run/seed1/first_repeat/result.json,baselines,repeat,,0
0,,0,,frozen_test,,,,1,split_majority_accuracy,,experiment_v1_4/phase_archives/P4/v1_4_frozen_test_evidence_20260922T033233833147.zip::run/seed1/first_repeat/result.json,baselines,repeat,,0.5
0,,0,,frozen_test,,,,1,independent_bernoulli_expected_accuracy,,experiment_v1_4/phase_archives/P4/v1_4_frozen_test_evidence_20260922T033233833147.zip::run/seed1/first_repeat/result.json,baselines,repeat,,0.5
0,,0,,frozen_test,,,,1,latest_set_or_initialization_accuracy,,experiment_v1_4/phase_archives/P4/v1_4_frozen_test_evidence_20260922T033233833147.zip::run/seed1/first_repeat/result.json,baselines,repeat,,0.5491071428571429
0,,0,,frozen_test,,,,1,latest_read_copy_accuracy,,experiment_v1_4/phase_archives/P4/v1_4_frozen_test_evidence_20260922T033233833147.zip::run/seed1/first_repeat/result.json,baselines,repeat,,0.5284598214285714
1000,12742739153283488394,1000,,frozen_test,,,,1,answer_count,,experiment_v1_4/phase_archives/P4/v1_4_frozen_test_evidence_20260922T033233833147.zip::run/seed1/general/result.json,overall,general,,32226
1000,12742739153283488394,1000,,frozen_test,,,,1,sequence_count,,experiment_v1_4/phase_archives/P4/v1_4_frozen_test_evidence_20260922T033233833147.zip::run/seed1/general/result.json,overall,general,,2048
1000,12742739153283488394,1000,,frozen_test,,0.0016636858128554015,0.0008561773225844843,1,answer_ce,,experiment_v1_4/phase_archives/P4/v1_4_frozen_test_evidence_20260922T033233833147.zip::run/seed1/general/result.json,overall,general,,0.001223164605679639
1000,12742739153283488394,1000,,frozen_test,,0.9997478501800918,0.9991619549379139,1,accuracy,,experiment_v1_4/phase_archives/P4/v1_4_frozen_test_evidence_20260922T033233833147.zip::run/seed1/general/result.json,overall,general,,0.9994724756407869
1000,12742739153283488394,1000,,frozen_test,,0.9997478501800918,0.9991619549379139,1,binary_accuracy,,experiment_v1_4/phase_archives/P4/v1_4_frozen_test_evidence_20260922T033233833147.zip::run/seed1/general/result.json,overall,general,,0.9994724756407869
1000,12742739153283488394,1000,,frozen_test,,0.9999924670636698,0.9999923223936052,1,bit_mass,,experiment_v1_4/phase_archives/P4/v1_4_frozen_test_evidence_20260922T033233833147.zip::run/seed1/general/result.json,overall,general,,0.9999923967696625
1000,12742739153283488394,1000,,frozen_test,,,,1,all_token_ce,,experiment_v1_4/phase_archives/P4/v1_4_frozen_test_evidence_20260922T033233833147.zip::run/seed1/general/result.json,overall,general,,0.9607020464048609
1000,12742739153283488394,1000,,frozen_test,,,,1,prediction_tokens,,experiment_v1_4/phase_archives/P4/v1_4_frozen_test_evidence_20260922T033233833147.zip::run/seed1/general/result.json,overall,general,,242847
0,,0,,frozen_test,,,,1,count,,experiment_v1_4/phase_archives/P4/v1_4_frozen_test_evidence_20260922T033233833147.zip::run/seed1/general/result.json,baselines,general,,32226
0,,0,,frozen_test,,,,1,majority_prediction,,experiment_v1_4/phase_archives/P4/v1_4_frozen_test_evidence_20260922T033233833147.zip::run/seed1/general/result.json,baselines,general,,0
0,,0,,frozen_test,,,,1,split_majority_accuracy,,experiment_v1_4/phase_archives/P4/v1_4_frozen_test_evidence_20260922T033233833147.zip::run/seed1/general/result.json,baselines,general,,0.5083162663687706
0,,0,,frozen_test,,,,1,independent_bernoulli_expected_accuracy,,experiment_v1_4/phase_archives/P4/v1_4_frozen_test_evidence_20260922T033233833147.zip::run/seed1/general/result.json,baselines,general,,0.5
0,,0,,frozen_test,,,,1,latest_set_or_initialization_accuracy,,experiment_v1_4/phase_archives/P4/v1_4_frozen_test_evidence_20260922T033233833147.zip::run/seed1/general/result.json,baselines,general,,0.6399491094147582
0,,0,,frozen_test,,,,1,latest_read_copy_accuracy,,experiment_v1_4/phase_archives/P4/v1_4_frozen_test_evidence_20260922T033233833147.zip::run/seed1/general/result.json,baselines,general,,0.5779494817848941
0,,0,,frozen_test,macro,,,1,coverage,,experiment_v1_4/phase_archives/P4/v1_4_frozen_test_evidence_20260922T033233833147.zip::run/seed1/general/result.json,operator,general,,1.0
0,,0,,frozen_test,macro,,,1,macro_accuracy,,experiment_v1_4/phase_archives/P4/v1_4_frozen_test_evidence_20260922T033233833147.zip::run/seed1/general/result.json,operator,general,,0.9994549113636815
0,,0,,frozen_test,macro,,,1,macro_answer_ce,,experiment_v1_4/phase_archives/P4/v1_4_frozen_test_evidence_20260922T033233833147.zip::run/seed1/general/result.json,operator,general,,0.0012364363079448266
0,,0,,frozen_test,initialization,,,1,count,,experiment_v1_4/phase_archives/P4/v1_4_frozen_test_evidence_20260922T033233833147.zip::run/seed1/general/result.json,operator,general,,2247
0,,0,,frozen_test,initialization,,,1,accuracy,,experiment_v1_4/phase_archives/P4/v1_4_frozen_test_evidence_20260922T033233833147.zip::run/seed1/general/result.json,operator,general,,1.0
0,,0,,frozen_test,initialization,,,1,answer_ce,,experiment_v1_4/phase_archives/P4/v1_4_frozen_test_evidence_20260922T033233833147.zip::run/seed1/general/result.json,operator,general,,2.283074494804714e-05
0,,0,,frozen_test,SET,,,1,count,,experiment_v1_4/phase_archives/P4/v1_4_frozen_test_evidence_20260922T033233833147.zip::run/seed1/general/result.json,operator,general,,7321
0,,0,,frozen_test,SET,,,1,accuracy,,experiment_v1_4/phase_archives/P4/v1_4_frozen_test_evidence_20260922T033233833147.zip::run/seed1/general/result.json,operator,general,,1.0
0,,0,,frozen_test,SET,,,1,answer_ce,,experiment_v1_4/phase_archives/P4/v1_4_frozen_test_evidence_20260922T033233833147.zip::run/seed1/general/result.json,operator,general,,3.454482655088509e-05
0,,0,,frozen_test,NOT,,,1,count,,experiment_v1_4/phase_archives/P4/v1_4_frozen_test_evidence_20260922T033233833147.zip::run/seed1/general/result.json,operator,general,,7373
0,,0,,frozen_test,NOT,,,1,accuracy,,experiment_v1_4/phase_archives/P4/v1_4_frozen_test_evidence_20260922T033233833147.zip::run/seed1/general/result.json,operator,general,,0.9998643699986437
0,,0,,frozen_test,NOT,,,1,answer_ce,,experiment_v1_4/phase_archives/P4/v1_4_frozen_test_evidence_20260922T033233833147.zip::run/seed1/general/result.json,operator,general,,0.0006814286556427307
0,,0,,frozen_test,AND,,,1,count,,experiment_v1_4/phase_archives/P4/v1_4_frozen_test_evidence_20260922T033233833147.zip::run/seed1/general/result.json,operator,general,,5077
0,,0,,frozen_test,AND,,,1,accuracy,,experiment_v1_4/phase_archives/P4/v1_4_frozen_test_evidence_20260922T033233833147.zip::run/seed1/general/result.json,operator,general,,0.9996060665747488
0,,0,,frozen_test,AND,,,1,answer_ce,,experiment_v1_4/phase_archives/P4/v1_4_frozen_test_evidence_20260922T033233833147.zip::run/seed1/general/result.json,operator,general,,0.0011533229210500962
0,,0,,frozen_test,OR,,,1,count,,experiment_v1_4/phase_archives/P4/v1_4_frozen_test_evidence_20260922T033233833147.zip::run/seed1/general/result.json,operator,general,,5091
0,,0,,frozen_test,OR,,,1,accuracy,,experiment_v1_4/phase_archives/P4/v1_4_frozen_test_evidence_20260922T033233833147.zip::run/seed1/general/result.json,operator,general,,0.9990178746808093
0,,0,,frozen_test,OR,,,1,answer_ce,,experiment_v1_4/phase_archives/P4/v1_4_frozen_test_evidence_20260922T033233833147.zip::run/seed1/general/result.json,operator,general,,0.0017364474575105313
0,,0,,frozen_test,XOR,,,1,count,,experiment_v1_4/phase_archives/P4/v1_4_frozen_test_evidence_20260922T033233833147.zip::run/seed1/general/result.json,operator,general,,5117
0,,0,,frozen_test,XOR,,,1,accuracy,,experiment_v1_4/phase_archives/P4/v1_4_frozen_test_evidence_20260922T033233833147.zip::run/seed1/general/result.json,operator,general,,0.9982411569278874
0,,0,,frozen_test,XOR,,,1,answer_ce,,experiment_v1_4/phase_archives/P4/v1_4_frozen_test_evidence_20260922T033233833147.zip::run/seed1/general/result.json,operator,general,,0.0037900432419666692
0,,0,,frozen_test,macro,,,1,coverage,,experiment_v1_4/phase_archives/P4/v1_4_frozen_test_evidence_20260922T033233833147.zip::run/seed1/general/result.json,query_var,general,,1.0
0,,0,,frozen_test,macro,,,1,macro_accuracy,,experiment_v1_4/phase_archives/P4/v1_4_frozen_test_evidence_20260922T033233833147.zip::run/seed1/general/result.json,query_var,general,,0.999473009401263
0,,0,,frozen_test,macro,,,1,macro_answer_ce,,experiment_v1_4/phase_archives/P4/v1_4_frozen_test_evidence_20260922T033233833147.zip::run/seed1/general/result.json,query_var,general,,0.0012221559839203163
0,,0,,frozen_test,A,,,1,count,,experiment_v1_4/phase_archives/P4/v1_4_frozen_test_evidence_20260922T033233833147.zip::run/seed1/general/result.json,query_var,general,,8088
0,,0,,frozen_test,A,,,1,accuracy,,experiment_v1_4/phase_archives/P4/v1_4_frozen_test_evidence_20260922T033233833147.zip::run/seed1/general/result.json,query_var,general,,0.9992581602373887
0,,0,,frozen_test,A,,,1,answer_ce,,experiment_v1_4/phase_archives/P4/v1_4_frozen_test_evidence_20260922T033233833147.zip::run/seed1/general/result.json,query_var,general,,0.0015993582335491444
0,,0,,frozen_test,B,,,1,count,,experiment_v1_4/phase_archives/P4/v1_4_frozen_test_evidence_20260922T033233833147.zip::run/seed1/general/result.json,query_var,general,,8023
0,,0,,frozen_test,B,,,1,accuracy,,experiment_v1_4/phase_archives/P4/v1_4_frozen_test_evidence_20260922T033233833147.zip::run/seed1/general/result.json,query_var,general,,0.9993767917237941
0,,0,,frozen_test,B,,,1,answer_ce,,experiment_v1_4/phase_archives/P4/v1_4_frozen_test_evidence_20260922T033233833147.zip::run/seed1/general/result.json,query_var,general,,0.0013472864013371081
0,,0,,frozen_test,C,,,1,count,,experiment_v1_4/phase_archives/P4/v1_4_frozen_test_evidence_20260922T033233833147.zip::run/seed1/general/result.json,query_var,general,,8000
0,,0,,frozen_test,C,,,1,accuracy,,experiment_v1_4/phase_archives/P4/v1_4_frozen_test_evidence_20260922T033233833147.zip::run/seed1/general/result.json,query_var,general,,0.99975
0,,0,,frozen_test,C,,,1,answer_ce,,experiment_v1_4/phase_archives/P4/v1_4_frozen_test_evidence_20260922T033233833147.zip::run/seed1/general/result.json,query_var,general,,0.0007508489929789448
0,,0,,frozen_test,D,,,1,count,,experiment_v1_4/phase_archives/P4/v1_4_frozen_test_evidence_20260922T033233833147.zip::run/seed1/general/result.json,query_var,general,,8115
0,,0,,frozen_test,D,,,1,accuracy,,experiment_v1_4/phase_archives/P4/v1_4_frozen_test_evidence_20260922T033233833147.zip::run/seed1/general/result.json,query_var,general,,0.9995070856438694
0,,0,,frozen_test,D,,,1,answer_ce,,experiment_v1_4/phase_archives/P4/v1_4_frozen_test_evidence_20260922T033233833147.zip::run/seed1/general/result.json,query_var,general,,0.0011911303078160677
0,,0,,frozen_test,macro,,,1,coverage,,experiment_v1_4/phase_archives/P4/v1_4_frozen_test_evidence_20260922T033233833147.zip::run/seed1/general/result.json,answer,general,,1.0
0,,0,,frozen_test,macro,,,1,macro_accuracy,,experiment_v1_4/phase_archives/P4/v1_4_frozen_test_evidence_20260922T033233833147.zip::run/seed1/general/result.json,answer,general,,0.9994707808723824
0,,0,,frozen_test,macro,,,1,macro_answer_ce,,experiment_v1_4/phase_archives/P4/v1_4_frozen_test_evidence_20260922T033233833147.zip::run/seed1/general/result.json,answer,general,,0.001227327329109116
0,,0,,frozen_test,0,,,1,count,,experiment_v1_4/phase_archives/P4/v1_4_frozen_test_evidence_20260922T033233833147.zip::run/seed1/general/result.json,answer,general,,16381
0,,0,,frozen_test,0,,,1,accuracy,,experiment_v1_4/phase_archives/P4/v1_4_frozen_test_evidence_20260922T033233833147.zip::run/seed1/general/result.json,answer,general,,0.9995726756608265
0,,0,,frozen_test,0,,,1,answer_ce,,experiment_v1_4/phase_archives/P4/v1_4_frozen_test_evidence_20260922T033233833147.zip::run/seed1/general/result.json,answer,general,,0.0009770513491868579
0,,0,,frozen_test,1,,,1,count,,experiment_v1_4/phase_archives/P4/v1_4_frozen_test_evidence_20260922T033233833147.zip::run/seed1/general/result.json,answer,general,,15845
0,,0,,frozen_test,1,,,1,accuracy,,experiment_v1_4/phase_archives/P4/v1_4_frozen_test_evidence_20260922T033233833147.zip::run/seed1/general/result.json,answer,general,,0.9993688860839381
0,,0,,frozen_test,1,,,1,answer_ce,,experiment_v1_4/phase_archives/P4/v1_4_frozen_test_evidence_20260922T033233833147.zip::run/seed1/general/result.json,answer,general,,0.0014776033090313744
0,,0,,frozen_test,macro,,,1,coverage,,experiment_v1_4/phase_archives/P4/v1_4_frozen_test_evidence_20260922T033233833147.zip::run/seed1/general/result.json,blocks,general,,1.0
0,,0,,frozen_test,macro,,,1,macro_accuracy,,experiment_v1_4/phase_archives/P4/v1_4_frozen_test_evidence_20260922T033233833147.zip::run/seed1/general/result.json,blocks,general,,0.9995619481394518
0,,0,,frozen_test,macro,,,1,macro_answer_ce,,experiment_v1_4/phase_archives/P4/v1_4_frozen_test_evidence_20260922T033233833147.zip::run/seed1/general/result.json,blocks,general,,0.001079248531854043
0,,0,,frozen_test,8,,,1,count,,experiment_v1_4/phase_archives/P4/v1_4_frozen_test_evidence_20260922T033233833147.zip::run/seed1/general/result.json,blocks,general,,1056
0,,0,,frozen_test,8,,,1,accuracy,,experiment_v1_4/phase_archives/P4/v1_4_frozen_test_evidence_20260922T033233833147.zip::run/seed1/general/result.json,blocks,general,,1.0
0,,0,,frozen_test,8,,,1,answer_ce,,experiment_v1_4/phase_archives/P4/v1_4_frozen_test_evidence_20260922T033233833147.zip::run/seed1/general/result.json,blocks,general,,0.00016204229928524165
0,,0,,frozen_test,9,,,1,count,,experiment_v1_4/phase_archives/P4/v1_4_frozen_test_evidence_20260922T033233833147.zip::run/seed1/general/result.json,blocks,general,,1152
0,,0,,frozen_test,9,,,1,accuracy,,experiment_v1_4/phase_archives/P4/v1_4_frozen_test_evidence_20260922T033233833147.zip::run/seed1/general/result.json,blocks,general,,1.0
0,,0,,frozen_test,9,,,1,answer_ce,,experiment_v1_4/phase_archives/P4/v1_4_frozen_test_evidence_20260922T033233833147.zip::run/seed1/general/result.json,blocks,general,,0.00020661712363947673
0,,0,,frozen_test,10,,,1,count,,experiment_v1_4/phase_archives/P4/v1_4_frozen_test_evidence_20260922T033233833147.zip::run/seed1/general/result.json,blocks,general,,1320
0,,0,,frozen_test,10,,,1,accuracy,,experiment_v1_4/phase_archives/P4/v1_4_frozen_test_evidence_20260922T033233833147.zip::run/seed1/general/result.json,blocks,general,,1.0
0,,0,,frozen_test,10,,,1,answer_ce,,experiment_v1_4/phase_archives/P4/v1_4_frozen_test_evidence_20260922T033233833147.zip::run/seed1/general/result.json,blocks,general,,0.0001543536412651575
0,,0,,frozen_test,11,,,1,count,,experiment_v1_4/phase_archives/P4/v1_4_frozen_test_evidence_20260922T033233833147.zip::run/seed1/general/result.json,blocks,general,,1331
0,,0,,frozen_test,11,,,1,accuracy,,experiment_v1_4/phase_archives/P4/v1_4_frozen_test_evidence_20260922T033233833147.zip::run/seed1/general/result.json,blocks,general,,1.0
0,,0,,frozen_test,11,,,1,answer_ce,,experiment_v1_4/phase_archives/P4/v1_4_frozen_test_evidence_20260922T033233833147.zip::run/seed1/general/result.json,blocks,general,,0.0003816924749278142
0,,0,,frozen_test,12,,,1,count,,experiment_v1_4/phase_archives/P4/v1_4_frozen_test_evidence_20260922T033233833147.zip::run/seed1/general/result.json,blocks,general,,1416
0,,0,,frozen_test,12,,,1,accuracy,,experiment_v1_4/phase_archives/P4/v1_4_frozen_test_evidence_20260922T033233833147.zip::run/seed1/general/result.json,blocks,general,,1.0
0,,0,,frozen_test,12,,,1,answer_ce,,experiment_v1_4/phase_archives/P4/v1_4_frozen_test_evidence_20260922T033233833147.zip::run/seed1/general/result.json,blocks,general,,0.0001761493630052212
0,,0,,frozen_test,13,,,1,count,,experiment_v1_4/phase_archives/P4/v1_4_frozen_test_evidence_20260922T033233833147.zip::run/seed1/general/result.json,blocks,general,,1729
0,,0,,frozen_test,13,,,1,accuracy,,experiment_v1_4/phase_archives/P4/v1_4_frozen_test_evidence_20260922T033233833147.zip::run/seed1/general/result.json,blocks,general,,1.0
0,,0,,frozen_test,13,,,1,answer_ce,,experiment_v1_4/phase_archives/P4/v1_4_frozen_test_evidence_20260922T033233833147.zip::run/seed1/general/result.json,blocks,general,,0.00136392642986193
0,,0,,frozen_test,14,,,1,count,,experiment_v1_4/phase_archives/P4/v1_4_frozen_test_evidence_20260922T033233833147.zip::run/seed1/general/result.json,blocks,general,,1834
0,,0,,frozen_test,14,,,1,accuracy,,experiment_v1_4/phase_archives/P4/v1_4_frozen_test_evidence_20260922T033233833147.zip::run/seed1/general/result.json,blocks,general,,1.0
0,,0,,frozen_test,14,,,1,answer_ce,,experiment_v1_4/phase_archives/P4/v1_4_frozen_test_evidence_20260922T033233833147.zip::run/seed1/general/result.json,blocks,general,,0.0009610365879305068
0,,0,,frozen_test,15,,,1,count,,experiment_v1_4/phase_archives/P4/v1_4_frozen_test_evidence_20260922T033233833147.zip::run/seed1/general/result.json,blocks,general,,1740
0,,0,,frozen_test,15,,,1,accuracy,,experiment_v1_4/phase_archives/P4/v1_4_frozen_test_evidence_20260922T033233833147.zip::run/seed1/general/result.json,blocks,general,,1.0
0,,0,,frozen_test,15,,,1,answer_ce,,experiment_v1_4/phase_archives/P4/v1_4_frozen_test_evidence_20260922T033233833147.zip::run/seed1/general/result.json,blocks,general,,0.00020784456262312045
0,,0,,frozen_test,16,,,1,count,,experiment_v1_4/phase_archives/P4/v1_4_frozen_test_evidence_20260922T033233833147.zip::run/seed1/general/result.json,blocks,general,,1904
0,,0,,frozen_test,16,,,1,accuracy,,experiment_v1_4/phase_archives/P4/v1_4_frozen_test_evidence_20260922T033233833147.zip::run/seed1/general/result.json,blocks,general,,0.9989495798319328
0,,0,,frozen_test,16,,,1,answer_ce,,experiment_v1_4/phase_archives/P4/v1_4_frozen_test_evidence_20260922T033233833147.zip::run/seed1/general/result.json,blocks,general,,0.002073102427361693
0,,0,,frozen_test,17,,,1,count,,experiment_v1_4/phase_archives/P4/v1_4_frozen_test_evidence_20260922T033233833147.zip::run/seed1/general/result.json,blocks,general,,2176
0,,0,,frozen_test,17,,,1,accuracy,,experiment_v1_4/phase_archives/P4/v1_4_frozen_test_evidence_20260922T033233833147.zip::run/seed1/general/result.json,blocks,general,,0.9977022058823529
0,,0,,frozen_test,17,,,1,answer_ce,,experiment_v1_4/phase_archives/P4/v1_4_frozen_test_evidence_20260922T033233833147.zip::run/seed1/general/result.json,blocks,general,,0.004168973759411354
0,,0,,frozen_test,18,,,1,count,,experiment_v1_4/phase_archives/P4/v1_4_frozen_test_evidence_20260922T033233833147.zip::run/seed1/general/result.json,blocks,general,,2034
0,,0,,frozen_test,18,,,1,accuracy,,experiment_v1_4/phase_archives/P4/v1_4_frozen_test_evidence_20260922T033233833147.zip::run/seed1/general/result.json,blocks,general,,1.0
0,,0,,frozen_test,18,,,1,answer_ce,,experiment_v1_4/phase_archives/P4/v1_4_frozen_test_evidence_20260922T033233833147.zip::run/seed1/general/result.json,blocks,general,,0.0004905750493767564
0,,0,,frozen_test,19,,,1,count,,experiment_v1_4/phase_archives/P4/v1_4_frozen_test_evidence_20260922T033233833147.zip::run/seed1/general/result.json,blocks,general,,2033
0,,0,,frozen_test,19,,,1,accuracy,,experiment_v1_4/phase_archives/P4/v1_4_frozen_test_evidence_20260922T033233833147.zip::run/seed1/general/result.json,blocks,general,,0.999508116084604
0,,0,,frozen_test,19,,,1,answer_ce,,experiment_v1_4/phase_archives/P4/v1_4_frozen_test_evidence_20260922T033233833147.zip::run/seed1/general/result.json,blocks,general,,0.0009272210196354323
0,,0,,frozen_test,20,,,1,count,,experiment_v1_4/phase_archives/P4/v1_4_frozen_test_evidence_20260922T033233833147.zip::run/seed1/general/result.json,blocks,general,,2600
0,,0,,frozen_test,20,,,1,accuracy,,experiment_v1_4/phase_archives/P4/v1_4_frozen_test_evidence_20260922T033233833147.zip::run/seed1/general/result.json,blocks,general,,0.9988461538461538
0,,0,,frozen_test,20,,,1,answer_ce,,experiment_v1_4/phase_archives/P4/v1_4_frozen_test_evidence_20260922T033233833147.zip::run/seed1/general/result.json,blocks,general,,0.0026244033512442073
0,,0,,frozen_test,21,,,1,count,,experiment_v1_4/phase_archives/P4/v1_4_frozen_test_evidence_20260922T033233833147.zip::run/seed1/general/result.json,blocks,general,,2205
0,,0,,frozen_test,21,,,1,accuracy,,experiment_v1_4/phase_archives/P4/v1_4_frozen_test_evidence_20260922T033233833147.zip::run/seed1/general/result.json,blocks,general,,0.999092970521542
0,,0,,frozen_test,21,,,1,answer_ce,,experiment_v1_4/phase_archives/P4/v1_4_frozen_test_evidence_20260922T033233833147.zip::run/seed1/general/result.json,blocks,general,,0.0017108961827430333
0,,0,,frozen_test,22,,,1,count,,experiment_v1_4/phase_archives/P4/v1_4_frozen_test_evidence_20260922T033233833147.zip::run/seed1/general/result.json,blocks,general,,2574
0,,0,,frozen_test,22,,,1,accuracy,,experiment_v1_4/phase_archives/P4/v1_4_frozen_test_evidence_20260922T033233833147.zip::run/seed1/general/result.json,blocks,general,,0.9996114996114996
0,,0,,frozen_test,22,,,1,answer_ce,,experiment_v1_4/phase_archives/P4/v1_4_frozen_test_evidence_20260922T033233833147.zip::run/seed1/general/result.json,blocks,general,,0.0009362879561828042
0,,0,,frozen_test,23,,,1,count,,experiment_v1_4/phase_archives/P4/v1_4_frozen_test_evidence_20260922T033233833147.zip::run/seed1/general/result.json,blocks,general,,2530
0,,0,,frozen_test,23,,,1,accuracy,,experiment_v1_4/phase_archives/P4/v1_4_frozen_test_evidence_20260922T033233833147.zip::run/seed1/general/result.json,blocks,general,,1.0
0,,0,,frozen_test,23,,,1,answer_ce,,experiment_v1_4/phase_archives/P4/v1_4_frozen_test_evidence_20260922T033233833147.zip::run/seed1/general/result.json,blocks,general,,0.00022319082589940814
0,,0,,frozen_test,24,,,1,count,,experiment_v1_4/phase_archives/P4/v1_4_frozen_test_evidence_20260922T033233833147.zip::run/seed1/general/result.json,blocks,general,,2592
0,,0,,frozen_test,24,,,1,accuracy,,experiment_v1_4/phase_archives/P4/v1_4_frozen_test_evidence_20260922T033233833147.zip::run/seed1/general/result.json,blocks,general,,0.9988425925925926
0,,0,,frozen_test,24,,,1,answer_ce,,experiment_v1_4/phase_archives/P4/v1_4_frozen_test_evidence_20260922T033233833147.zip::run/seed1/general/result.json,blocks,general,,0.001578911987125571
0,,0,,frozen_test,macro,,,1,coverage,,experiment_v1_4/phase_archives/P4/v1_4_frozen_test_evidence_20260922T033233833147.zip::run/seed1/general/result.json,distance,general,,1.0
0,,0,,frozen_test,macro,,,1,macro_accuracy,,experiment_v1_4/phase_archives/P4/v1_4_frozen_test_evidence_20260922T033233833147.zip::run/seed1/general/result.json,distance,general,,0.9994928361956864
0,,0,,frozen_test,macro,,,1,macro_answer_ce,,experiment_v1_4/phase_archives/P4/v1_4_frozen_test_evidence_20260922T033233833147.zip::run/seed1/general/result.json,distance,general,,0.0011876104431683212
0,,0,,frozen_test,0,,,1,count,,experiment_v1_4/phase_archives/P4/v1_4_frozen_test_evidence_20260922T033233833147.zip::run/seed1/general/result.json,distance,general,,15758
0,,0,,frozen_test,0,,,1,accuracy,,experiment_v1_4/phase_archives/P4/v1_4_frozen_test_evidence_20260922T033233833147.zip::run/seed1/general/result.json,distance,general,,0.9993654017007234
0,,0,,frozen_test,0,,,1,answer_ce,,experiment_v1_4/phase_archives/P4/v1_4_frozen_test_evidence_20260922T033233833147.zip::run/seed1/general/result.json,distance,general,,0.0013709280633002678
0,,0,,frozen_test,1-2,,,1,count,,experiment_v1_4/phase_archives/P4/v1_4_frozen_test_evidence_20260922T033233833147.zip::run/seed1/general/result.json,distance,general,,7544
0,,0,,frozen_test,1-2,,,1,accuracy,,experiment_v1_4/phase_archives/P4/v1_4_frozen_test_evidence_20260922T033233833147.zip::run/seed1/general/result.json,distance,general,,0.9993372216330859
0,,0,,frozen_test,1-2,,,1,answer_ce,,experiment_v1_4/phase_archives/P4/v1_4_frozen_test_evidence_20260922T033233833147.zip::run/seed1/general/result.json,distance,general,,0.0012651641930900553
0,,0,,frozen_test,3+,,,1,count,,experiment_v1_4/phase_archives/P4/v1_4_frozen_test_evidence_20260922T033233833147.zip::run/seed1/general/result.json,distance,general,,8924
0,,0,,frozen_test,3+,,,1,accuracy,,experiment_v1_4/phase_archives/P4/v1_4_frozen_test_evidence_20260922T033233833147.zip::run/seed1/general/result.json,distance,general,,0.9997758852532497
0,,0,,frozen_test,3+,,,1,answer_ce,,experiment_v1_4/phase_archives/P4/v1_4_frozen_test_evidence_20260922T033233833147.zip::run/seed1/general/result.json,distance,general,,0.0009267390731146403
0,,0,,frozen_test,macro,,,1,coverage,,experiment_v1_4/phase_archives/P4/v1_4_frozen_test_evidence_20260922T033233833147.zip::run/seed1/general/result.json,truth_table,general,,1.0
0,,0,,frozen_test,macro,,,1,macro_accuracy,,experiment_v1_4/phase_archives/P4/v1_4_frozen_test_evidence_20260922T033233833147.zip::run/seed1/general/result.json,truth_table,general,,0.9989453690188852
0,,0,,frozen_test,macro,,,1,macro_answer_ce,,experiment_v1_4/phase_archives/P4/v1_4_frozen_test_evidence_20260922T033233833147.zip::run/seed1/general/result.json,truth_table,general,,0.0022413131505425623
0,,0,,frozen_test,AND:00,,,1,count,,experiment_v1_4/phase_archives/P4/v1_4_frozen_test_evidence_20260922T033233833147.zip::run/seed1/general/result.json,truth_table,general,,1342
0,,0,,frozen_test,AND:00,,,1,accuracy,,experiment_v1_4/phase_archives/P4/v1_4_frozen_test_evidence_20260922T033233833147.zip::run/seed1/general/result.json,truth_table,general,,1.0
0,,0,,frozen_test,AND:00,,,1,answer_ce,,experiment_v1_4/phase_archives/P4/v1_4_frozen_test_evidence_20260922T033233833147.zip::run/seed1/general/result.json,truth_table,general,,2.678068748795931e-05
0,,0,,frozen_test,AND:01,,,1,count,,experiment_v1_4/phase_archives/P4/v1_4_frozen_test_evidence_20260922T033233833147.zip::run/seed1/general/result.json,truth_table,general,,1127
0,,0,,frozen_test,AND:01,,,1,accuracy,,experiment_v1_4/phase_archives/P4/v1_4_frozen_test_evidence_20260922T033233833147.zip::run/seed1/general/result.json,truth_table,general,,1.0
0,,0,,frozen_test,AND:01,,,1,answer_ce,,experiment_v1_4/phase_archives/P4/v1_4_frozen_test_evidence_20260922T033233833147.zip::run/seed1/general/result.json,truth_table,general,,0.0007447521390080504
0,,0,,frozen_test,AND:10,,,1,count,,experiment_v1_4/phase_archives/P4/v1_4_frozen_test_evidence_20260922T033233833147.zip::run/seed1/general/result.json,truth_table,general,,1208
0,,0,,frozen_test,AND:10,,,1,accuracy,,experiment_v1_4/phase_archives/P4/v1_4_frozen_test_evidence_20260922T033233833147.zip::run/seed1/general/result.json,truth_table,general,,0.9991721854304636
0,,0,,frozen_test,AND:10,,,1,answer_ce,,experiment_v1_4/phase_archives/P4/v1_4_frozen_test_evidence_20260922T033233833147.zip::run/seed1/general/result.json,truth_table,general,,0.0011296026396940754
0,,0,,frozen_test,AND:11,,,1,count,,experiment_v1_4/phase_archives/P4/v1_4_frozen_test_evidence_20260922T033233833147.zip::run/seed1/general/result.json,truth_table,general,,1400
0,,0,,frozen_test,AND:11,,,1,accuracy,,experiment_v1_4/phase_archives/P4/v1_4_frozen_test_evidence_20260922T033233833147.zip::run/seed1/general/result.json,truth_table,general,,0.9992857142857143
0,,0,,frozen_test,AND:11,,,1,answer_ce,,experiment_v1_4/phase_archives/P4/v1_4_frozen_test_evidence_20260922T033233833147.zip::run/seed1/general/result.json,truth_table,general,,0.0025825608129642725
0,,0,,frozen_test,OR:00,,,1,count,,experiment_v1_4/phase_archives/P4/v1_4_frozen_test_evidence_20260922T033233833147.zip::run/seed1/general/result.json,truth_table,general,,1437
0,,0,,frozen_test,OR:00,,,1,accuracy,,experiment_v1_4/phase_archives/P4/v1_4_frozen_test_evidence_20260922T033233833147.zip::run/seed1/general/result.json,truth_table,general,,0.9979123173277662
0,,0,,frozen_test,OR:00,,,1,answer_ce,,experiment_v1_4/phase_archives/P4/v1_4_frozen_test_evidence_20260922T033233833147.zip::run/seed1/general/result.json,truth_table,general,,0.0034022450927124834
0,,0,,frozen_test,OR:01,,,1,count,,experiment_v1_4/phase_archives/P4/v1_4_frozen_test_evidence_20260922T033233833147.zip::run/seed1/general/result.json,truth_table,general,,1155
0,,0,,frozen_test,OR:01,,,1,accuracy,,experiment_v1_4/phase_archives/P4/v1_4_frozen_test_evidence_20260922T033233833147.zip::run/seed1/general/result.json,truth_table,general,,0.9991341991341991
0,,0,,frozen_test,OR:01,,,1,answer_ce,,experiment_v1_4/phase_archives/P4/v1_4_frozen_test_evidence_20260922T033233833147.zip::run/seed1/general/result.json,truth_table,general,,0.001813798278482895
0,,0,,frozen_test,OR:10,,,1,count,,experiment_v1_4/phase_archives/P4/v1_4_frozen_test_evidence_20260922T033233833147.zip::run/seed1/general/result.json,truth_table,general,,1145
0,,0,,frozen_test,OR:10,,,1,accuracy,,experiment_v1_4/phase_archives/P4/v1_4_frozen_test_evidence_20260922T033233833147.zip::run/seed1/general/result.json,truth_table,general,,0.9991266375545852
0,,0,,frozen_test,OR:10,,,1,answer_ce,,experiment_v1_4/phase_archives/P4/v1_4_frozen_test_evidence_20260922T033233833147.zip::run/seed1/general/result.json,truth_table,general,,0.0014228182086958342
0,,0,,frozen_test,OR:11,,,1,count,,experiment_v1_4/phase_archives/P4/v1_4_frozen_test_evidence_20260922T033233833147.zip::run/seed1/general/result.json,truth_table,general,,1354
0,,0,,frozen_test,OR:11,,,1,accuracy,,experiment_v1_4/phase_archives/P4/v1_4_frozen_test_evidence_20260922T033233833147.zip::run/seed1/general/result.json,truth_table,general,,1.0
0,,0,,frozen_test,OR:11,,,1,answer_ce,,experiment_v1_4/phase_archives/P4/v1_4_frozen_test_evidence_20260922T033233833147.zip::run/seed1/general/result.json,truth_table,general,,0.00016777248696735718
0,,0,,frozen_test,XOR:00,,,1,count,,experiment_v1_4/phase_archives/P4/v1_4_frozen_test_evidence_20260922T033233833147.zip::run/seed1/general/result.json,truth_table,general,,1420
0,,0,,frozen_test,XOR:00,,,1,accuracy,,experiment_v1_4/phase_archives/P4/v1_4_frozen_test_evidence_20260922T033233833147.zip::run/seed1/general/result.json,truth_table,general,,0.9992957746478873
0,,0,,frozen_test,XOR:00,,,1,answer_ce,,experiment_v1_4/phase_archives/P4/v1_4_frozen_test_evidence_20260922T033233833147.zip::run/seed1/general/result.json,truth_table,general,,0.002328523460480835
0,,0,,frozen_test,XOR:01,,,1,count,,experiment_v1_4/phase_archives/P4/v1_4_frozen_test_evidence_20260922T033233833147.zip::run/seed1/general/result.json,truth_table,general,,1202
0,,0,,frozen_test,XOR:01,,,1,accuracy,,experiment_v1_4/phase_archives/P4/v1_4_frozen_test_evidence_20260922T033233833147.zip::run/seed1/general/result.json,truth_table,general,,0.997504159733777
0,,0,,frozen_test,XOR:01,,,1,answer_ce,,experiment_v1_4/phase_archives/P4/v1_4_frozen_test_evidence_20260922T033233833147.zip::run/seed1/general/result.json,truth_table,general,,0.004476478065078727
0,,0,,frozen_test,XOR:10,,,1,count,,experiment_v1_4/phase_archives/P4/v1_4_frozen_test_evidence_20260922T033233833147.zip::run/seed1/general/result.json,truth_table,general,,1158
0,,0,,frozen_test,XOR:10,,,1,accuracy,,experiment_v1_4/phase_archives/P4/v1_4_frozen_test_evidence_20260922T033233833147.zip::run/seed1/general/result.json,truth_table,general,,0.9974093264248705
0,,0,,frozen_test,XOR:10,,,1,answer_ce,,experiment_v1_4/phase_archives/P4/v1_4_frozen_test_evidence_20260922T033233833147.zip::run/seed1/general/result.json,truth_table,general,,0.0059203807484715975
0,,0,,frozen_test,XOR:11,,,1,count,,experiment_v1_4/phase_archives/P4/v1_4_frozen_test_evidence_20260922T033233833147.zip::run/seed1/general/result.json,truth_table,general,,1337
0,,0,,frozen_test,XOR:11,,,1,accuracy,,experiment_v1_4/phase_archives/P4/v1_4_frozen_test_evidence_20260922T033233833147.zip::run/seed1/general/result.json,truth_table,general,,0.9985041136873598
0,,0,,frozen_test,XOR:11,,,1,answer_ce,,experiment_v1_4/phase_archives/P4/v1_4_frozen_test_evidence_20260922T033233833147.zip::run/seed1/general/result.json,truth_table,general,,0.0028800451864666584
1000,10694216489911704542,1000,,frozen_test,,,,1,answer_count,,experiment_v1_4/phase_archives/P4/v1_4_frozen_test_evidence_20260922T033233833147.zip::run/seed1/other_variable/result.json,overall,other_variable,,2048
1000,10694216489911704542,1000,,frozen_test,,,,1,sequence_count,,experiment_v1_4/phase_archives/P4/v1_4_frozen_test_evidence_20260922T033233833147.zip::run/seed1/other_variable/result.json,overall,other_variable,,2048
1000,10694216489911704542,1000,,frozen_test,,0.0010944477777000024,0.00015027776079623578,1,answer_ce,,experiment_v1_4/phase_archives/P4/v1_4_frozen_test_evidence_20260922T033233833147.zip::run/seed1/other_variable/result.json,overall,other_variable,,0.0005339624864837411
1000,10694216489911704542,1000,,frozen_test,,1.0,1.0,1,accuracy,,experiment_v1_4/phase_archives/P4/v1_4_frozen_test_evidence_20260922T033233833147.zip::run/seed1/other_variable/result.json,overall,other_variable,,1.0
1000,10694216489911704542,1000,,frozen_test,,1.0,1.0,1,binary_accuracy,,experiment_v1_4/phase_archives/P4/v1_4_frozen_test_evidence_20260922T033233833147.zip::run/seed1/other_variable/result.json,overall,other_variable,,1.0
1000,10694216489911704542,1000,,frozen_test,,0.9999934073828627,0.999993040352274,1,bit_mass,,experiment_v1_4/phase_archives/P4/v1_4_frozen_test_evidence_20260922T033233833147.zip::run/seed1/other_variable/result.json,overall,other_variable,,0.9999932329228614
1000,10694216489911704542,1000,,frozen_test,,,,1,all_token_ce,,experiment_v1_4/phase_archives/P4/v1_4_frozen_test_evidence_20260922T033233833147.zip::run/seed1/other_variable/result.json,overall,other_variable,,0.9586078289587077
1000,10694216489911704542,1000,,frozen_test,,,,1,prediction_tokens,,experiment_v1_4/phase_archives/P4/v1_4_frozen_test_evidence_20260922T033233833147.zip::run/seed1/other_variable/result.json,overall,other_variable,,244587
0,,0,,frozen_test,,,,1,count,,experiment_v1_4/phase_archives/P4/v1_4_frozen_test_evidence_20260922T033233833147.zip::run/seed1/other_variable/result.json,baselines,other_variable,,2048
0,,0,,frozen_test,,,,1,majority_prediction,,experiment_v1_4/phase_archives/P4/v1_4_frozen_test_evidence_20260922T033233833147.zip::run/seed1/other_variable/result.json,baselines,other_variable,,0
0,,0,,frozen_test,,,,1,split_majority_accuracy,,experiment_v1_4/phase_archives/P4/v1_4_frozen_test_evidence_20260922T033233833147.zip::run/seed1/other_variable/result.json,baselines,other_variable,,0.53173828125
0,,0,,frozen_test,,,,1,independent_bernoulli_expected_accuracy,,experiment_v1_4/phase_archives/P4/v1_4_frozen_test_evidence_20260922T033233833147.zip::run/seed1/other_variable/result.json,baselines,other_variable,,0.5
0,,0,,frozen_test,,,,1,latest_set_or_initialization_accuracy,,experiment_v1_4/phase_archives/P4/v1_4_frozen_test_evidence_20260922T033233833147.zip::run/seed1/other_variable/result.json,baselines,other_variable,,0.68017578125
0,,0,,frozen_test,,,,1,latest_read_copy_accuracy,,experiment_v1_4/phase_archives/P4/v1_4_frozen_test_evidence_20260922T033233833147.zip::run/seed1/other_variable/result.json,baselines,other_variable,,0.6357421875
0,,0,,frozen_test,macro,,,1,coverage,,experiment_v1_4/phase_archives/P4/v1_4_frozen_test_evidence_20260922T033233833147.zip::run/seed1/other_variable/result.json,operator,other_variable,,1.0
0,,0,,frozen_test,macro,,,1,macro_accuracy,,experiment_v1_4/phase_archives/P4/v1_4_frozen_test_evidence_20260922T033233833147.zip::run/seed1/other_variable/result.json,operator,other_variable,,1.0
0,,0,,frozen_test,macro,,,1,macro_answer_ce,,experiment_v1_4/phase_archives/P4/v1_4_frozen_test_evidence_20260922T033233833147.zip::run/seed1/other_variable/result.json,operator,other_variable,,0.00054923830257376
0,,0,,frozen_test,initialization,,,1,count,,experiment_v1_4/phase_archives/P4/v1_4_frozen_test_evidence_20260922T033233833147.zip::run/seed1/other_variable/result.json,operator,other_variable,,332
0,,0,,frozen_test,initialization,,,1,accuracy,,experiment_v1_4/phase_archives/P4/v1_4_frozen_test_evidence_20260922T033233833147.zip::run/seed1/other_variable/result.json,operator,other_variable,,1.0
0,,0,,frozen_test,initialization,,,1,answer_ce,,experiment_v1_4/phase_archives/P4/v1_4_frozen_test_evidence_20260922T033233833147.zip::run/seed1/other_variable/result.json,operator,other_variable,,2.8872839345557983e-05
0,,0,,frozen_test,SET,,,1,count,,experiment_v1_4/phase_archives/P4/v1_4_frozen_test_evidence_20260922T033233833147.zip::run/seed1/other_variable/result.json,operator,other_variable,,414
0,,0,,frozen_test,SET,,,1,accuracy,,experiment_v1_4/phase_archives/P4/v1_4_frozen_test_evidence_20260922T033233833147.zip::run/seed1/other_variable/result.json,operator,other_variable,,1.0
0,,0,,frozen_test,SET,,,1,answer_ce,,experiment_v1_4/phase_archives/P4/v1_4_frozen_test_evidence_20260922T033233833147.zip::run/seed1/other_variable/result.json,operator,other_variable,,1.4930960515342205e-05
0,,0,,frozen_test,NOT,,,1,count,,experiment_v1_4/phase_archives/P4/v1_4_frozen_test_evidence_20260922T033233833147.zip::run/seed1/other_variable/result.json,operator,other_variable,,403
0,,0,,frozen_test,NOT,,,1,accuracy,,experiment_v1_4/phase_archives/P4/v1_4_frozen_test_evidence_20260922T033233833147.zip::run/seed1/other_variable/result.json,operator,other_variable,,1.0
0,,0,,frozen_test,NOT,,,1,answer_ce,,experiment_v1_4/phase_archives/P4/v1_4_frozen_test_evidence_20260922T033233833147.zip::run/seed1/other_variable/result.json,operator,other_variable,,0.0003291992949043358
0,,0,,frozen_test,AND,,,1,count,,experiment_v1_4/phase_archives/P4/v1_4_frozen_test_evidence_20260922T033233833147.zip::run/seed1/other_variable/result.json,operator,other_variable,,329
0,,0,,frozen_test,AND,,,1,accuracy,,experiment_v1_4/phase_archives/P4/v1_4_frozen_test_evidence_20260922T033233833147.zip::run/seed1/other_variable/result.json,operator,other_variable,,1.0
0,,0,,frozen_test,AND,,,1,answer_ce,,experiment_v1_4/phase_archives/P4/v1_4_frozen_test_evidence_20260922T033233833147.zip::run/seed1/other_variable/result.json,operator,other_variable,,0.002491635739671772
0,,0,,frozen_test,OR,,,1,count,,experiment_v1_4/phase_archives/P4/v1_4_frozen_test_evidence_20260922T033233833147.zip::run/seed1/other_variable/result.json,operator,other_variable,,258
0,,0,,frozen_test,OR,,,1,accuracy,,experiment_v1_4/phase_archives/P4/v1_4_frozen_test_evidence_20260922T033233833147.zip::run/seed1/other_variable/result.json,operator,other_variable,,1.0
0,,0,,frozen_test,OR,,,1,answer_ce,,experiment_v1_4/phase_archives/P4/v1_4_frozen_test_evidence_20260922T033233833147.zip::run/seed1/other_variable/result.json,operator,other_variable,,0.00016730163462162008
0,,0,,frozen_test,XOR,,,1,count,,experiment_v1_4/phase_archives/P4/v1_4_frozen_test_evidence_20260922T033233833147.zip::run/seed1/other_variable/result.json,operator,other_variable,,312
0,,0,,frozen_test,XOR,,,1,accuracy,,experiment_v1_4/phase_archives/P4/v1_4_frozen_test_evidence_20260922T033233833147.zip::run/seed1/other_variable/result.json,operator,other_variable,,1.0
0,,0,,frozen_test,XOR,,,1,answer_ce,,experiment_v1_4/phase_archives/P4/v1_4_frozen_test_evidence_20260922T033233833147.zip::run/seed1/other_variable/result.json,operator,other_variable,,0.00026348934638393146
0,,0,,frozen_test,macro,,,1,coverage,,experiment_v1_4/phase_archives/P4/v1_4_frozen_test_evidence_20260922T033233833147.zip::run/seed1/other_variable/result.json,query_var,other_variable,,1.0
0,,0,,frozen_test,macro,,,1,macro_accuracy,,experiment_v1_4/phase_archives/P4/v1_4_frozen_test_evidence_20260922T033233833147.zip::run/seed1/other_variable/result.json,query_var,other_variable,,1.0
0,,0,,frozen_test,macro,,,1,macro_answer_ce,,experiment_v1_4/phase_archives/P4/v1_4_frozen_test_evidence_20260922T033233833147.zip::run/seed1/other_variable/result.json,query_var,other_variable,,0.0005268724040646064
0,,0,,frozen_test,A,,,1,count,,experiment_v1_4/phase_archives/P4/v1_4_frozen_test_evidence_20260922T033233833147.zip::run/seed1/other_variable/result.json,query_var,other_variable,,482
0,,0,,frozen_test,A,,,1,accuracy,,experiment_v1_4/phase_archives/P4/v1_4_frozen_test_evidence_20260922T033233833147.zip::run/seed1/other_variable/result.json,query_var,other_variable,,1.0
0,,0,,frozen_test,A,,,1,answer_ce,,experiment_v1_4/phase_archives/P4/v1_4_frozen_test_evidence_20260922T033233833147.zip::run/seed1/other_variable/result.json,query_var,other_variable,,0.0006602926640997457
0,,0,,frozen_test,B,,,1,count,,experiment_v1_4/phase_archives/P4/v1_4_frozen_test_evidence_20260922T033233833147.zip::run/seed1/other_variable/result.json,query_var,other_variable,,532
0,,0,,frozen_test,B,,,1,accuracy,,experiment_v1_4/phase_archives/P4/v1_4_frozen_test_evidence_20260922T033233833147.zip::run/seed1/other_variable/result.json,query_var,other_variable,,1.0
0,,0,,frozen_test,B,,,1,answer_ce,,experiment_v1_4/phase_archives/P4/v1_4_frozen_test_evidence_20260922T033233833147.zip::run/seed1/other_variable/result.json,query_var,other_variable,,0.0011503473752778738
0,,0,,frozen_test,C,,,1,count,,experiment_v1_4/phase_archives/P4/v1_4_frozen_test_evidence_20260922T033233833147.zip::run/seed1/other_variable/result.json,query_var,other_variable,,474
0,,0,,frozen_test,C,,,1,accuracy,,experiment_v1_4/phase_archives/P4/v1_4_frozen_test_evidence_20260922T033233833147.zip::run/seed1/other_variable/result.json,query_var,other_variable,,1.0
0,,0,,frozen_test,C,,,1,answer_ce,,experiment_v1_4/phase_archives/P4/v1_4_frozen_test_evidence_20260922T033233833147.zip::run/seed1/other_variable/result.json,query_var,other_variable,,3.402858695878848e-05
0,,0,,frozen_test,D,,,1,count,,experiment_v1_4/phase_archives/P4/v1_4_frozen_test_evidence_20260922T033233833147.zip::run/seed1/other_variable/result.json,query_var,other_variable,,560
0,,0,,frozen_test,D,,,1,accuracy,,experiment_v1_4/phase_archives/P4/v1_4_frozen_test_evidence_20260922T033233833147.zip::run/seed1/other_variable/result.json,query_var,other_variable,,1.0
0,,0,,frozen_test,D,,,1,answer_ce,,experiment_v1_4/phase_archives/P4/v1_4_frozen_test_evidence_20260922T033233833147.zip::run/seed1/other_variable/result.json,query_var,other_variable,,0.0002628209899220175
0,,0,,frozen_test,macro,,,1,coverage,,experiment_v1_4/phase_archives/P4/v1_4_frozen_test_evidence_20260922T033233833147.zip::run/seed1/other_variable/result.json,answer,other_variable,,1.0
0,,0,,frozen_test,macro,,,1,macro_accuracy,,experiment_v1_4/phase_archives/P4/v1_4_frozen_test_evidence_20260922T033233833147.zip::run/seed1/other_variable/result.json,answer,other_variable,,1.0
0,,0,,frozen_test,macro,,,1,macro_answer_ce,,experiment_v1_4/phase_archives/P4/v1_4_frozen_test_evidence_20260922T033233833147.zip::run/seed1/other_variable/result.json,answer,other_variable,,0.0005453867686641272
0,,0,,frozen_test,0,,,1,count,,experiment_v1_4/phase_archives/P4/v1_4_frozen_test_evidence_20260922T033233833147.zip::run/seed1/other_variable/result.json,answer,other_variable,,1089
0,,0,,frozen_test,0,,,1,accuracy,,experiment_v1_4/phase_archives/P4/v1_4_frozen_test_evidence_20260922T033233833147.zip::run/seed1/other_variable/result.json,answer,other_variable,,1.0
0,,0,,frozen_test,0,,,1,answer_ce,,experiment_v1_4/phase_archives/P4/v1_4_frozen_test_evidence_20260922T033233833147.zip::run/seed1/other_variable/result.json,answer,other_variable,,0.00036541038477619944
0,,0,,frozen_test,1,,,1,count,,experiment_v1_4/phase_archives/P4/v1_4_frozen_test_evidence_20260922T033233833147.zip::run/seed1/other_variable/result.json,answer,other_variable,,959
0,,0,,frozen_test,1,,,1,accuracy,,experiment_v1_4/phase_archives/P4/v1_4_frozen_test_evidence_20260922T033233833147.zip::run/seed1/other_variable/result.json,answer,other_variable,,1.0
0,,0,,frozen_test,1,,,1,answer_ce,,experiment_v1_4/phase_archives/P4/v1_4_frozen_test_evidence_20260922T033233833147.zip::run/seed1/other_variable/result.json,answer,other_variable,,0.0007253631525520549
0,,0,,frozen_test,macro,,,1,coverage,,experiment_v1_4/phase_archives/P4/v1_4_frozen_test_evidence_20260922T033233833147.zip::run/seed1/other_variable/result.json,blocks,other_variable,,1.0
0,,0,,frozen_test,macro,,,1,macro_accuracy,,experiment_v1_4/phase_archives/P4/v1_4_frozen_test_evidence_20260922T033233833147.zip::run/seed1/other_variable/result.json,blocks,other_variable,,1.0
0,,0,,frozen_test,macro,,,1,macro_answer_ce,,experiment_v1_4/phase_archives/P4/v1_4_frozen_test_evidence_20260922T033233833147.zip::run/seed1/other_variable/result.json,blocks,other_variable,,0.000524407592997951
0,,0,,frozen_test,8,,,1,count,,experiment_v1_4/phase_archives/P4/v1_4_frozen_test_evidence_20260922T033233833147.zip::run/seed1/other_variable/result.json,blocks,other_variable,,138
0,,0,,frozen_test,8,,,1,accuracy,,experiment_v1_4/phase_archives/P4/v1_4_frozen_test_evidence_20260922T033233833147.zip::run/seed1/other_variable/result.json,blocks,other_variable,,1.0
0,,0,,frozen_test,8,,,1,answer_ce,,experiment_v1_4/phase_archives/P4/v1_4_frozen_test_evidence_20260922T033233833147.zip::run/seed1/other_variable/result.json,blocks,other_variable,,2.166110551484778e-05
0,,0,,frozen_test,9,,,1,count,,experiment_v1_4/phase_archives/P4/v1_4_frozen_test_evidence_20260922T033233833147.zip::run/seed1/other_variable/result.json,blocks,other_variable,,138
0,,0,,frozen_test,9,,,1,accuracy,,experiment_v1_4/phase_archives/P4/v1_4_frozen_test_evidence_20260922T033233833147.zip::run/seed1/other_variable/result.json,blocks,other_variable,,1.0
0,,0,,frozen_test,9,,,1,answer_ce,,experiment_v1_4/phase_archives/P4/v1_4_frozen_test_evidence_20260922T033233833147.zip::run/seed1/other_variable/result.json,blocks,other_variable,,2.2585808213646658e-05
0,,0,,frozen_test,10,,,1,count,,experiment_v1_4/phase_archives/P4/v1_4_frozen_test_evidence_20260922T033233833147.zip::run/seed1/other_variable/result.json,blocks,other_variable,,126
0,,0,,frozen_test,10,,,1,accuracy,,experiment_v1_4/phase_archives/P4/v1_4_frozen_test_evidence_20260922T033233833147.zip::run/seed1/other_variable/result.json,blocks,other_variable,,1.0
0,,0,,frozen_test,10,,,1,answer_ce,,experiment_v1_4/phase_archives/P4/v1_4_frozen_test_evidence_20260922T033233833147.zip::run/seed1/other_variable/result.json,blocks,other_variable,,0.0036087471361396536
0,,0,,frozen_test,11,,,1,count,,experiment_v1_4/phase_archives/P4/v1_4_frozen_test_evidence_20260922T033233833147.zip::run/seed1/other_variable/result.json,blocks,other_variable,,125
0,,0,,frozen_test,11,,,1,accuracy,,experiment_v1_4/phase_archives/P4/v1_4_frozen_test_evidence_20260922T033233833147.zip::run/seed1/other_variable/result.json,blocks,other_variable,,1.0
0,,0,,frozen_test,11,,,1,answer_ce,,experiment_v1_4/phase_archives/P4/v1_4_frozen_test_evidence_20260922T033233833147.zip::run/seed1/other_variable/result.json,blocks,other_variable,,1.747300702118082e-05
0,,0,,frozen_test,12,,,1,count,,experiment_v1_4/phase_archives/P4/v1_4_frozen_test_evidence_20260922T033233833147.zip::run/seed1/other_variable/result.json,blocks,other_variable,,114
0,,0,,frozen_test,12,,,1,accuracy,,experiment_v1_4/phase_archives/P4/v1_4_frozen_test_evidence_20260922T033233833147.zip::run/seed1/other_variable/result.json,blocks,other_variable,,1.0
0,,0,,frozen_test,12,,,1,answer_ce,,experiment_v1_4/phase_archives/P4/v1_4_frozen_test_evidence_20260922T033233833147.zip::run/seed1/other_variable/result.json,blocks,other_variable,,2.5853391546485926e-05
0,,0,,frozen_test,13,,,1,count,,experiment_v1_4/phase_archives/P4/v1_4_frozen_test_evidence_20260922T033233833147.zip::run/seed1/other_variable/result.json,blocks,other_variable,,102
0,,0,,frozen_test,13,,,1,accuracy,,experiment_v1_4/phase_archives/P4/v1_4_frozen_test_evidence_20260922T033233833147.zip::run/seed1/other_variable/result.json,blocks,other_variable,,1.0
0,,0,,frozen_test,13,,,1,answer_ce,,experiment_v1_4/phase_archives/P4/v1_4_frozen_test_evidence_20260922T033233833147.zip::run/seed1/other_variable/result.json,blocks,other_variable,,2.4660176722154218e-05
0,,0,,frozen_test,14,,,1,count,,experiment_v1_4/phase_archives/P4/v1_4_frozen_test_evidence_20260922T033233833147.zip::run/seed1/other_variable/result.json,blocks,other_variable,,120
0,,0,,frozen_test,14,,,1,accuracy,,experiment_v1_4/phase_archives/P4/v1_4_frozen_test_evidence_20260922T033233833147.zip::run/seed1/other_variable/result.json,blocks,other_variable,,1.0
0,,0,,frozen_test,14,,,1,answer_ce,,experiment_v1_4/phase_archives/P4/v1_4_frozen_test_evidence_20260922T033233833147.zip::run/seed1/other_variable/result.json,blocks,other_variable,,2.3742424067071017e-05
0,,0,,frozen_test,15,,,1,count,,experiment_v1_4/phase_archives/P4/v1_4_frozen_test_evidence_20260922T033233833147.zip::run/seed1/other_variable/result.json,blocks,other_variable,,106
0,,0,,frozen_test,15,,,1,accuracy,,experiment_v1_4/phase_archives/P4/v1_4_frozen_test_evidence_20260922T033233833147.zip::run/seed1/other_variable/result.json,blocks,other_variable,,1.0
0,,0,,frozen_test,15,,,1,answer_ce,,experiment_v1_4/phase_archives/P4/v1_4_frozen_test_evidence_20260922T033233833147.zip::run/seed1/other_variable/result.json,blocks,other_variable,,0.000615505554575958
0,,0,,frozen_test,16,,,1,count,,experiment_v1_4/phase_archives/P4/v1_4_frozen_test_evidence_20260922T033233833147.zip::run/seed1/other_variable/result.json,blocks,other_variable,,114
0,,0,,frozen_test,16,,,1,accuracy,,experiment_v1_4/phase_archives/P4/v1_4_frozen_test_evidence_20260922T033233833147.zip::run/seed1/other_variable/result.json,blocks,other_variable,,1.0
0,,0,,frozen_test,16,,,1,answer_ce,,experiment_v1_4/phase_archives/P4/v1_4_frozen_test_evidence_20260922T033233833147.zip::run/seed1/other_variable/result.json,blocks,other_variable,,0.00019708153341094944
0,,0,,frozen_test,17,,,1,count,,experiment_v1_4/phase_archives/P4/v1_4_frozen_test_evidence_20260922T033233833147.zip::run/seed1/other_variable/result.json,blocks,other_variable,,117
0,,0,,frozen_test,17,,,1,accuracy,,experiment_v1_4/phase_archives/P4/v1_4_frozen_test_evidence_20260922T033233833147.zip::run/seed1/other_variable/result.json,blocks,other_variable,,1.0
0,,0,,frozen_test,17,,,1,answer_ce,,experiment_v1_4/phase_archives/P4/v1_4_frozen_test_evidence_20260922T033233833147.zip::run/seed1/other_variable/result.json,blocks,other_variable,,0.0004597031299384141
0,,0,,frozen_test,18,,,1,count,,experiment_v1_4/phase_archives/P4/v1_4_frozen_test_evidence_20260922T033233833147.zip::run/seed1/other_variable/result.json,blocks,other_variable,,116
0,,0,,frozen_test,18,,,1,accuracy,,experiment_v1_4/phase_archives/P4/v1_4_frozen_test_evidence_20260922T033233833147.zip::run/seed1/other_variable/result.json,blocks,other_variable,,1.0
0,,0,,frozen_test,18,,,1,answer_ce,,experiment_v1_4/phase_archives/P4/v1_4_frozen_test_evidence_20260922T033233833147.zip::run/seed1/other_variable/result.json,blocks,other_variable,,0.000747594451781722
0,,0,,frozen_test,19,,,1,count,,experiment_v1_4/phase_archives/P4/v1_4_frozen_test_evidence_20260922T033233833147.zip::run/seed1/other_variable/result.json,blocks,other_variable,,140
0,,0,,frozen_test,19,,,1,accuracy,,experiment_v1_4/phase_archives/P4/v1_4_frozen_test_evidence_20260922T033233833147.zip::run/seed1/other_variable/result.json,blocks,other_variable,,1.0
0,,0,,frozen_test,19,,,1,answer_ce,,experiment_v1_4/phase_archives/P4/v1_4_frozen_test_evidence_20260922T033233833147.zip::run/seed1/other_variable/result.json,blocks,other_variable,,0.0015528565634667757
0,,0,,frozen_test,20,,,1,count,,experiment_v1_4/phase_archives/P4/v1_4_frozen_test_evidence_20260922T033233833147.zip::run/seed1/other_variable/result.json,blocks,other_variable,,106
0,,0,,frozen_test,20,,,1,accuracy,,experiment_v1_4/phase_archives/P4/v1_4_frozen_test_evidence_20260922T033233833147.zip::run/seed1/other_variable/result.json,blocks,other_variable,,1.0
0,,0,,frozen_test,20,,,1,answer_ce,,experiment_v1_4/phase_archives/P4/v1_4_frozen_test_evidence_20260922T033233833147.zip::run/seed1/other_variable/result.json,blocks,other_variable,,0.0010103683343484864
0,,0,,frozen_test,21,,,1,count,,experiment_v1_4/phase_archives/P4/v1_4_frozen_test_evidence_20260922T033233833147.zip::run/seed1/other_variable/result.json,blocks,other_variable,,137
0,,0,,frozen_test,21,,,1,accuracy,,experiment_v1_4/phase_archives/P4/v1_4_frozen_test_evidence_20260922T033233833147.zip::run/seed1/other_variable/result.json,blocks,other_variable,,1.0
0,,0,,frozen_test,21,,,1,answer_ce,,experiment_v1_4/phase_archives/P4/v1_4_frozen_test_evidence_20260922T033233833147.zip::run/seed1/other_variable/result.json,blocks,other_variable,,5.182535720570183e-05
0,,0,,frozen_test,22,,,1,count,,experiment_v1_4/phase_archives/P4/v1_4_frozen_test_evidence_20260922T033233833147.zip::run/seed1/other_variable/result.json,blocks,other_variable,,117
0,,0,,frozen_test,22,,,1,accuracy,,experiment_v1_4/phase_archives/P4/v1_4_frozen_test_evidence_20260922T033233833147.zip::run/seed1/other_variable/result.json,blocks,other_variable,,1.0
0,,0,,frozen_test,22,,,1,answer_ce,,experiment_v1_4/phase_archives/P4/v1_4_frozen_test_evidence_20260922T033233833147.zip::run/seed1/other_variable/result.json,blocks,other_variable,,0.0002507381787237937
0,,0,,frozen_test,23,,,1,count,,experiment_v1_4/phase_archives/P4/v1_4_frozen_test_evidence_20260922T033233833147.zip::run/seed1/other_variable/result.json,blocks,other_variable,,125
0,,0,,frozen_test,23,,,1,accuracy,,experiment_v1_4/phase_archives/P4/v1_4_frozen_test_evidence_20260922T033233833147.zip::run/seed1/other_variable/result.json,blocks,other_variable,,1.0
0,,0,,frozen_test,23,,,1,answer_ce,,experiment_v1_4/phase_archives/P4/v1_4_frozen_test_evidence_20260922T033233833147.zip::run/seed1/other_variable/result.json,blocks,other_variable,,0.00014742138547444483
0,,0,,frozen_test,24,,,1,count,,experiment_v1_4/phase_archives/P4/v1_4_frozen_test_evidence_20260922T033233833147.zip::run/seed1/other_variable/result.json,blocks,other_variable,,107
0,,0,,frozen_test,24,,,1,accuracy,,experiment_v1_4/phase_archives/P4/v1_4_frozen_test_evidence_20260922T033233833147.zip::run/seed1/other_variable/result.json,blocks,other_variable,,1.0
0,,0,,frozen_test,24,,,1,answer_ce,,experiment_v1_4/phase_archives/P4/v1_4_frozen_test_evidence_20260922T033233833147.zip::run/seed1/other_variable/result.json,blocks,other_variable,,0.00013711154281388028
0,,0,,frozen_test,macro,,,1,coverage,,experiment_v1_4/phase_archives/P4/v1_4_frozen_test_evidence_20260922T033233833147.zip::run/seed1/other_variable/result.json,distance,other_variable,,0.6666666666666666
0,,0,,frozen_test,macro,,,1,macro_accuracy,,experiment_v1_4/phase_archives/P4/v1_4_frozen_test_evidence_20260922T033233833147.zip::run/seed1/other_variable/result.json,distance,other_variable,,1.0
0,,0,,frozen_test,macro,,,1,macro_answer_ce,,experiment_v1_4/phase_archives/P4/v1_4_frozen_test_evidence_20260922T033233833147.zip::run/seed1/other_variable/result.json,distance,other_variable,,0.0005213730327720394
0,,0,,frozen_test,0,,,1,count,,experiment_v1_4/phase_archives/P4/v1_4_frozen_test_evidence_20260922T033233833147.zip::run/seed1/other_variable/result.json,distance,other_variable,,0
0,,0,,frozen_test,0,,,1,accuracy,empty stratum or undefined metric; see count/coverage,experiment_v1_4/phase_archives/P4/v1_4_frozen_test_evidence_20260922T033233833147.zip::run/seed1/other_variable/result.json,distance,other_variable,,
0,,0,,frozen_test,0,,,1,answer_ce,empty stratum or undefined metric; see count/coverage,experiment_v1_4/phase_archives/P4/v1_4_frozen_test_evidence_20260922T033233833147.zip::run/seed1/other_variable/result.json,distance,other_variable,,
0,,0,,frozen_test,1-2,,,1,count,,experiment_v1_4/phase_archives/P4/v1_4_frozen_test_evidence_20260922T033233833147.zip::run/seed1/other_variable/result.json,distance,other_variable,,933
0,,0,,frozen_test,1-2,,,1,accuracy,,experiment_v1_4/phase_archives/P4/v1_4_frozen_test_evidence_20260922T033233833147.zip::run/seed1/other_variable/result.json,distance,other_variable,,1.0
0,,0,,frozen_test,1-2,,,1,answer_ce,,experiment_v1_4/phase_archives/P4/v1_4_frozen_test_evidence_20260922T033233833147.zip::run/seed1/other_variable/result.json,distance,other_variable,,0.00037970709210409997
0,,0,,frozen_test,3+,,,1,count,,experiment_v1_4/phase_archives/P4/v1_4_frozen_test_evidence_20260922T033233833147.zip::run/seed1/other_variable/result.json,distance,other_variable,,1115
0,,0,,frozen_test,3+,,,1,accuracy,,experiment_v1_4/phase_archives/P4/v1_4_frozen_test_evidence_20260922T033233833147.zip::run/seed1/other_variable/result.json,distance,other_variable,,1.0
0,,0,,frozen_test,3+,,,1,answer_ce,,experiment_v1_4/phase_archives/P4/v1_4_frozen_test_evidence_20260922T033233833147.zip::run/seed1/other_variable/result.json,distance,other_variable,,0.0006630389734399789
0,,0,,frozen_test,macro,,,1,coverage,,experiment_v1_4/phase_archives/P4/v1_4_frozen_test_evidence_20260922T033233833147.zip::run/seed1/other_variable/result.json,truth_table,other_variable,,1.0
0,,0,,frozen_test,macro,,,1,macro_accuracy,,experiment_v1_4/phase_archives/P4/v1_4_frozen_test_evidence_20260922T033233833147.zip::run/seed1/other_variable/result.json,truth_table,other_variable,,1.0
0,,0,,frozen_test,macro,,,1,macro_answer_ce,,experiment_v1_4/phase_archives/P4/v1_4_frozen_test_evidence_20260922T033233833147.zip::run/seed1/other_variable/result.json,truth_table,other_variable,,0.0009613676008641869
0,,0,,frozen_test,AND:00,,,1,count,,experiment_v1_4/phase_archives/P4/v1_4_frozen_test_evidence_20260922T033233833147.zip::run/seed1/other_variable/result.json,truth_table,other_variable,,87
0,,0,,frozen_test,AND:00,,,1,accuracy,,experiment_v1_4/phase_archives/P4/v1_4_frozen_test_evidence_20260922T033233833147.zip::run/seed1/other_variable/result.json,truth_table,other_variable,,1.0
0,,0,,frozen_test,AND:00,,,1,answer_ce,,experiment_v1_4/phase_archives/P4/v1_4_frozen_test_evidence_20260922T033233833147.zip::run/seed1/other_variable/result.json,truth_table,other_variable,,1.3314348590896791e-05
0,,0,,frozen_test,AND:01,,,1,count,,experiment_v1_4/phase_archives/P4/v1_4_frozen_test_evidence_20260922T033233833147.zip::run/seed1/other_variable/result.json,truth_table,other_variable,,80
0,,0,,frozen_test,AND:01,,,1,accuracy,,experiment_v1_4/phase_archives/P4/v1_4_frozen_test_evidence_20260922T033233833147.zip::run/seed1/other_variable/result.json,truth_table,other_variable,,1.0
0,,0,,frozen_test,AND:01,,,1,answer_ce,,experiment_v1_4/phase_archives/P4/v1_4_frozen_test_evidence_20260922T033233833147.zip::run/seed1/other_variable/result.json,truth_table,other_variable,,0.0024066229723075593
0,,0,,frozen_test,AND:10,,,1,count,,experiment_v1_4/phase_archives/P4/v1_4_frozen_test_evidence_20260922T033233833147.zip::run/seed1/other_variable/result.json,truth_table,other_variable,,78
0,,0,,frozen_test,AND:10,,,1,accuracy,,experiment_v1_4/phase_archives/P4/v1_4_frozen_test_evidence_20260922T033233833147.zip::run/seed1/other_variable/result.json,truth_table,other_variable,,1.0
0,,0,,frozen_test,AND:10,,,1,answer_ce,,experiment_v1_4/phase_archives/P4/v1_4_frozen_test_evidence_20260922T033233833147.zip::run/seed1/other_variable/result.json,truth_table,other_variable,,0.0008322703103938414
0,,0,,frozen_test,AND:11,,,1,count,,experiment_v1_4/phase_archives/P4/v1_4_frozen_test_evidence_20260922T033233833147.zip::run/seed1/other_variable/result.json,truth_table,other_variable,,84
0,,0,,frozen_test,AND:11,,,1,accuracy,,experiment_v1_4/phase_archives/P4/v1_4_frozen_test_evidence_20260922T033233833147.zip::run/seed1/other_variable/result.json,truth_table,other_variable,,1.0
0,,0,,frozen_test,AND:11,,,1,answer_ce,,experiment_v1_4/phase_archives/P4/v1_4_frozen_test_evidence_20260922T033233833147.zip::run/seed1/other_variable/result.json,truth_table,other_variable,,0.006680272476539055
0,,0,,frozen_test,OR:00,,,1,count,,experiment_v1_4/phase_archives/P4/v1_4_frozen_test_evidence_20260922T033233833147.zip::run/seed1/other_variable/result.json,truth_table,other_variable,,76
0,,0,,frozen_test,OR:00,,,1,accuracy,,experiment_v1_4/phase_archives/P4/v1_4_frozen_test_evidence_20260922T033233833147.zip::run/seed1/other_variable/result.json,truth_table,other_variable,,1.0
0,,0,,frozen_test,OR:00,,,1,answer_ce,,experiment_v1_4/phase_archives/P4/v1_4_frozen_test_evidence_20260922T033233833147.zip::run/seed1/other_variable/result.json,truth_table,other_variable,,0.0004978323570891295
0,,0,,frozen_test,OR:01,,,1,count,,experiment_v1_4/phase_archives/P4/v1_4_frozen_test_evidence_20260922T033233833147.zip::run/seed1/other_variable/result.json,truth_table,other_variable,,64
0,,0,,frozen_test,OR:01,,,1,accuracy,,experiment_v1_4/phase_archives/P4/v1_4_frozen_test_evidence_20260922T033233833147.zip::run/seed1/other_variable/result.json,truth_table,other_variable,,1.0
0,,0,,frozen_test,OR:01,,,1,answer_ce,,experiment_v1_4/phase_archives/P4/v1_4_frozen_test_evidence_20260922T033233833147.zip::run/seed1/other_variable/result.json,truth_table,other_variable,,4.825502675487314e-05
0,,0,,frozen_test,OR:10,,,1,count,,experiment_v1_4/phase_archives/P4/v1_4_frozen_test_evidence_20260922T033233833147.zip::run/seed1/other_variable/result.json,truth_table,other_variable,,65
0,,0,,frozen_test,OR:10,,,1,accuracy,,experiment_v1_4/phase_archives/P4/v1_4_frozen_test_evidence_20260922T033233833147.zip::run/seed1/other_variable/result.json,truth_table,other_variable,,1.0
0,,0,,frozen_test,OR:10,,,1,answer_ce,,experiment_v1_4/phase_archives/P4/v1_4_frozen_test_evidence_20260922T033233833147.zip::run/seed1/other_variable/result.json,truth_table,other_variable,,2.066831485325775e-05
0,,0,,frozen_test,OR:11,,,1,count,,experiment_v1_4/phase_archives/P4/v1_4_frozen_test_evidence_20260922T033233833147.zip::run/seed1/other_variable/result.json,truth_table,other_variable,,53
0,,0,,frozen_test,OR:11,,,1,accuracy,,experiment_v1_4/phase_archives/P4/v1_4_frozen_test_evidence_20260922T033233833147.zip::run/seed1/other_variable/result.json,truth_table,other_variable,,1.0
0,,0,,frozen_test,OR:11,,,1,answer_ce,,experiment_v1_4/phase_archives/P4/v1_4_frozen_test_evidence_20260922T033233833147.zip::run/seed1/other_variable/result.json,truth_table,other_variable,,1.692076256283985e-05
0,,0,,frozen_test,XOR:00,,,1,count,,experiment_v1_4/phase_archives/P4/v1_4_frozen_test_evidence_20260922T033233833147.zip::run/seed1/other_variable/result.json,truth_table,other_variable,,89
0,,0,,frozen_test,XOR:00,,,1,accuracy,,experiment_v1_4/phase_archives/P4/v1_4_frozen_test_evidence_20260922T033233833147.zip::run/seed1/other_variable/result.json,truth_table,other_variable,,1.0
0,,0,,frozen_test,XOR:00,,,1,answer_ce,,experiment_v1_4/phase_archives/P4/v1_4_frozen_test_evidence_20260922T033233833147.zip::run/seed1/other_variable/result.json,truth_table,other_variable,,0.00044156408256732107
0,,0,,frozen_test,XOR:01,,,1,count,,experiment_v1_4/phase_archives/P4/v1_4_frozen_test_evidence_20260922T033233833147.zip::run/seed1/other_variable/result.json,truth_table,other_variable,,69
0,,0,,frozen_test,XOR:01,,,1,accuracy,,experiment_v1_4/phase_archives/P4/v1_4_frozen_test_evidence_20260922T033233833147.zip::run/seed1/other_variable/result.json,truth_table,other_variable,,1.0
0,,0,,frozen_test,XOR:01,,,1,answer_ce,,experiment_v1_4/phase_archives/P4/v1_4_frozen_test_evidence_20260922T033233833147.zip::run/seed1/other_variable/result.json,truth_table,other_variable,,0.00026798300368155003
0,,0,,frozen_test,XOR:10,,,1,count,,experiment_v1_4/phase_archives/P4/v1_4_frozen_test_evidence_20260922T033233833147.zip::run/seed1/other_variable/result.json,truth_table,other_variable,,75
0,,0,,frozen_test,XOR:10,,,1,accuracy,,experiment_v1_4/phase_archives/P4/v1_4_frozen_test_evidence_20260922T033233833147.zip::run/seed1/other_variable/result.json,truth_table,other_variable,,1.0
0,,0,,frozen_test,XOR:10,,,1,answer_ce,,experiment_v1_4/phase_archives/P4/v1_4_frozen_test_evidence_20260922T033233833147.zip::run/seed1/other_variable/result.json,truth_table,other_variable,,3.1812844523907796e-05
0,,0,,frozen_test,XOR:11,,,1,count,,experiment_v1_4/phase_archives/P4/v1_4_frozen_test_evidence_20260922T033233833147.zip::run/seed1/other_variable/result.json,truth_table,other_variable,,79
0,,0,,frozen_test,XOR:11,,,1,accuracy,,experiment_v1_4/phase_archives/P4/v1_4_frozen_test_evidence_20260922T033233833147.zip::run/seed1/other_variable/result.json,truth_table,other_variable,,1.0
0,,0,,frozen_test,XOR:11,,,1,answer_ce,,experiment_v1_4/phase_archives/P4/v1_4_frozen_test_evidence_20260922T033233833147.zip::run/seed1/other_variable/result.json,truth_table,other_variable,,0.00027889471050601266
1000,5787189008595488326,1000,,frozen_test,,,,1,answer_count,,experiment_v1_4/phase_archives/P4/v1_4_frozen_test_evidence_20260922T033233833147.zip::run/seed1/repeated_update/result.json,overall,repeated_update,,2048
1000,5787189008595488326,1000,,frozen_test,,,,1,sequence_count,,experiment_v1_4/phase_archives/P4/v1_4_frozen_test_evidence_20260922T033233833147.zip::run/seed1/repeated_update/result.json,overall,repeated_update,,2048
1000,5787189008595488326,1000,,frozen_test,,0.003507792762840189,0.00042846972756596104,1,answer_ce,,experiment_v1_4/phase_archives/P4/v1_4_frozen_test_evidence_20260922T033233833147.zip::run/seed1/repeated_update/result.json,overall,repeated_update,,0.0017472044482520488
1000,5787189008595488326,1000,,frozen_test,,1.0,0.99755859375,1,accuracy,,experiment_v1_4/phase_archives/P4/v1_4_frozen_test_evidence_20260922T033233833147.zip::run/seed1/repeated_update/result.json,overall,repeated_update,,0.9990234375
1000,5787189008595488326,1000,,frozen_test,,1.0,0.99755859375,1,binary_accuracy,,experiment_v1_4/phase_archives/P4/v1_4_frozen_test_evidence_20260922T033233833147.zip::run/seed1/repeated_update/result.json,overall,repeated_update,,0.9990234375
1000,5787189008595488326,1000,,frozen_test,,0.9999924685718724,0.9999918693050859,1,bit_mass,,experiment_v1_4/phase_archives/P4/v1_4_frozen_test_evidence_20260922T033233833147.zip::run/seed1/repeated_update/result.json,overall,repeated_update,,0.9999921714479569
1000,5787189008595488326,1000,,frozen_test,,,,1,all_token_ce,,experiment_v1_4/phase_archives/P4/v1_4_frozen_test_evidence_20260922T033233833147.zip::run/seed1/repeated_update/result.json,overall,repeated_update,,0.958099498337363
1000,5787189008595488326,1000,,frozen_test,,,,1,prediction_tokens,,experiment_v1_4/phase_archives/P4/v1_4_frozen_test_evidence_20260922T033233833147.zip::run/seed1/repeated_update/result.json,overall,repeated_update,,244181
0,,0,,frozen_test,,,,1,count,,experiment_v1_4/phase_archives/P4/v1_4_frozen_test_evidence_20260922T033233833147.zip::run/seed1/repeated_update/result.json,baselines,repeated_update,,2048
0,,0,,frozen_test,,,,1,majority_prediction,,experiment_v1_4/phase_archives/P4/v1_4_frozen_test_evidence_20260922T033233833147.zip::run/seed1/repeated_update/result.json,baselines,repeated_update,,1
0,,0,,frozen_test,,,,1,split_majority_accuracy,,experiment_v1_4/phase_archives/P4/v1_4_frozen_test_evidence_20260922T033233833147.zip::run/seed1/repeated_update/result.json,baselines,repeated_update,,0.5107421875
0,,0,,frozen_test,,,,1,independent_bernoulli_expected_accuracy,,experiment_v1_4/phase_archives/P4/v1_4_frozen_test_evidence_20260922T033233833147.zip::run/seed1/repeated_update/result.json,baselines,repeated_update,,0.5
0,,0,,frozen_test,,,,1,latest_set_or_initialization_accuracy,,experiment_v1_4/phase_archives/P4/v1_4_frozen_test_evidence_20260922T033233833147.zip::run/seed1/repeated_update/result.json,baselines,repeated_update,,0.6220703125
0,,0,,frozen_test,,,,1,latest_read_copy_accuracy,,experiment_v1_4/phase_archives/P4/v1_4_frozen_test_evidence_20260922T033233833147.zip::run/seed1/repeated_update/result.json,baselines,repeated_update,,0.580078125
0,,0,,frozen_test,macro,,,1,coverage,,experiment_v1_4/phase_archives/P4/v1_4_frozen_test_evidence_20260922T033233833147.zip::run/seed1/repeated_update/result.json,operator,repeated_update,,0.8333333333333334
0,,0,,frozen_test,macro,,,1,macro_accuracy,,experiment_v1_4/phase_archives/P4/v1_4_frozen_test_evidence_20260922T033233833147.zip::run/seed1/repeated_update/result.json,operator,repeated_update,,0.9988919582565992
0,,0,,frozen_test,macro,,,1,macro_answer_ce,,experiment_v1_4/phase_archives/P4/v1_4_frozen_test_evidence_20260922T033233833147.zip::run/seed1/repeated_update/result.json,operator,repeated_update,,0.0018459816007241395
0,,0,,frozen_test,initialization,,,1,count,,experiment_v1_4/phase_archives/P4/v1_4_frozen_test_evidence_20260922T033233833147.zip::run/seed1/repeated_update/result.json,operator,repeated_update,,0
0,,0,,frozen_test,initialization,,,1,accuracy,empty stratum or undefined metric; see count/coverage,experiment_v1_4/phase_archives/P4/v1_4_frozen_test_evidence_20260922T033233833147.zip::run/seed1/repeated_update/result.json,operator,repeated_update,,
0,,0,,frozen_test,initialization,,,1,answer_ce,empty stratum or undefined metric; see count/coverage,experiment_v1_4/phase_archives/P4/v1_4_frozen_test_evidence_20260922T033233833147.zip::run/seed1/repeated_update/result.json,operator,repeated_update,,
0,,0,,frozen_test,SET,,,1,count,,experiment_v1_4/phase_archives/P4/v1_4_frozen_test_evidence_20260922T033233833147.zip::run/seed1/repeated_update/result.json,operator,repeated_update,,495
0,,0,,frozen_test,SET,,,1,accuracy,,experiment_v1_4/phase_archives/P4/v1_4_frozen_test_evidence_20260922T033233833147.zip::run/seed1/repeated_update/result.json,operator,repeated_update,,1.0
0,,0,,frozen_test,SET,,,1,answer_ce,,experiment_v1_4/phase_archives/P4/v1_4_frozen_test_evidence_20260922T033233833147.zip::run/seed1/repeated_update/result.json,operator,repeated_update,,1.6551750447222435e-05
0,,0,,frozen_test,NOT,,,1,count,,experiment_v1_4/phase_archives/P4/v1_4_frozen_test_evidence_20260922T033233833147.zip::run/seed1/repeated_update/result.json,operator,repeated_update,,479
0,,0,,frozen_test,NOT,,,1,accuracy,,experiment_v1_4/phase_archives/P4/v1_4_frozen_test_evidence_20260922T033233833147.zip::run/seed1/repeated_update/result.json,operator,repeated_update,,1.0
0,,0,,frozen_test,NOT,,,1,answer_ce,,experiment_v1_4/phase_archives/P4/v1_4_frozen_test_evidence_20260922T033233833147.zip::run/seed1/repeated_update/result.json,operator,repeated_update,,0.0021017932308068587
0,,0,,frozen_test,AND,,,1,count,,experiment_v1_4/phase_archives/P4/v1_4_frozen_test_evidence_20260922T033233833147.zip::run/seed1/repeated_update/result.json,operator,repeated_update,,352
0,,0,,frozen_test,AND,,,1,accuracy,,experiment_v1_4/phase_archives/P4/v1_4_frozen_test_evidence_20260922T033233833147.zip::run/seed1/repeated_update/result.json,operator,repeated_update,,1.0
0,,0,,frozen_test,AND,,,1,answer_ce,,experiment_v1_4/phase_archives/P4/v1_4_frozen_test_evidence_20260922T033233833147.zip::run/seed1/repeated_update/result.json,operator,repeated_update,,0.0003307156129970033
0,,0,,frozen_test,OR,,,1,count,,experiment_v1_4/phase_archives/P4/v1_4_frozen_test_evidence_20260922T033233833147.zip::run/seed1/repeated_update/result.json,operator,repeated_update,,362
0,,0,,frozen_test,OR,,,1,accuracy,,experiment_v1_4/phase_archives/P4/v1_4_frozen_test_evidence_20260922T033233833147.zip::run/seed1/repeated_update/result.json,operator,repeated_update,,0.9972375690607734
0,,0,,frozen_test,OR,,,1,answer_ce,,experiment_v1_4/phase_archives/P4/v1_4_frozen_test_evidence_20260922T033233833147.zip::run/seed1/repeated_update/result.json,operator,repeated_update,,0.002902836422164598
0,,0,,frozen_test,XOR,,,1,count,,experiment_v1_4/phase_archives/P4/v1_4_frozen_test_evidence_20260922T033233833147.zip::run/seed1/repeated_update/result.json,operator,repeated_update,,360
0,,0,,frozen_test,XOR,,,1,accuracy,,experiment_v1_4/phase_archives/P4/v1_4_frozen_test_evidence_20260922T033233833147.zip::run/seed1/repeated_update/result.json,operator,repeated_update,,0.9972222222222222
0,,0,,frozen_test,XOR,,,1,answer_ce,,experiment_v1_4/phase_archives/P4/v1_4_frozen_test_evidence_20260922T033233833147.zip::run/seed1/repeated_update/result.json,operator,repeated_update,,0.003878010987205016
0,,0,,frozen_test,macro,,,1,coverage,,experiment_v1_4/phase_archives/P4/v1_4_frozen_test_evidence_20260922T033233833147.zip::run/seed1/repeated_update/result.json,query_var,repeated_update,,1.0
0,,0,,frozen_test,macro,,,1,macro_accuracy,,experiment_v1_4/phase_archives/P4/v1_4_frozen_test_evidence_20260922T033233833147.zip::run/seed1/repeated_update/result.json,query_var,repeated_update,,0.999039235375335
0,,0,,frozen_test,macro,,,1,macro_answer_ce,,experiment_v1_4/phase_archives/P4/v1_4_frozen_test_evidence_20260922T033233833147.zip::run/seed1/repeated_update/result.json,query_var,repeated_update,,0.0017328282192406203
0,,0,,frozen_test,A,,,1,count,,experiment_v1_4/phase_archives/P4/v1_4_frozen_test_evidence_20260922T033233833147.zip::run/seed1/repeated_update/result.json,query_var,repeated_update,,503
0,,0,,frozen_test,A,,,1,accuracy,,experiment_v1_4/phase_archives/P4/v1_4_frozen_test_evidence_20260922T033233833147.zip::run/seed1/repeated_update/result.json,query_var,repeated_update,,1.0
0,,0,,frozen_test,A,,,1,answer_ce,,experiment_v1_4/phase_archives/P4/v1_4_frozen_test_evidence_20260922T033233833147.zip::run/seed1/repeated_update/result.json,query_var,repeated_update,,0.00019515111982895843
0,,0,,frozen_test,B,,,1,count,,experiment_v1_4/phase_archives/P4/v1_4_frozen_test_evidence_20260922T033233833147.zip::run/seed1/repeated_update/result.json,query_var,repeated_update,,504
0,,0,,frozen_test,B,,,1,accuracy,,experiment_v1_4/phase_archives/P4/v1_4_frozen_test_evidence_20260922T033233833147.zip::run/seed1/repeated_update/result.json,query_var,repeated_update,,1.0
0,,0,,frozen_test,B,,,1,answer_ce,,experiment_v1_4/phase_archives/P4/v1_4_frozen_test_evidence_20260922T033233833147.zip::run/seed1/repeated_update/result.json,query_var,repeated_update,,0.0011948981594084923
0,,0,,frozen_test,C,,,1,count,,experiment_v1_4/phase_archives/P4/v1_4_frozen_test_evidence_20260922T033233833147.zip::run/seed1/repeated_update/result.json,query_var,repeated_update,,527
0,,0,,frozen_test,C,,,1,accuracy,,experiment_v1_4/phase_archives/P4/v1_4_frozen_test_evidence_20260922T033233833147.zip::run/seed1/repeated_update/result.json,query_var,repeated_update,,0.9981024667931688
0,,0,,frozen_test,C,,,1,answer_ce,,experiment_v1_4/phase_archives/P4/v1_4_frozen_test_evidence_20260922T033233833147.zip::run/seed1/repeated_update/result.json,query_var,repeated_update,,0.0022827334748987647
0,,0,,frozen_test,D,,,1,count,,experiment_v1_4/phase_archives/P4/v1_4_frozen_test_evidence_20260922T033233833147.zip::run/seed1/repeated_update/result.json,query_var,repeated_update,,514
0,,0,,frozen_test,D,,,1,accuracy,,experiment_v1_4/phase_archives/P4/v1_4_frozen_test_evidence_20260922T033233833147.zip::run/seed1/repeated_update/result.json,query_var,repeated_update,,0.9980544747081712
0,,0,,frozen_test,D,,,1,answer_ce,,experiment_v1_4/phase_archives/P4/v1_4_frozen_test_evidence_20260922T033233833147.zip::run/seed1/repeated_update/result.json,query_var,repeated_update,,0.0032585301228262656
0,,0,,frozen_test,macro,,,1,coverage,,experiment_v1_4/phase_archives/P4/v1_4_frozen_test_evidence_20260922T033233833147.zip::run/seed1/repeated_update/result.json,answer,repeated_update,,1.0
0,,0,,frozen_test,macro,,,1,macro_accuracy,,experiment_v1_4/phase_archives/P4/v1_4_frozen_test_evidence_20260922T033233833147.zip::run/seed1/repeated_update/result.json,answer,repeated_update,,0.999001996007984
0,,0,,frozen_test,macro,,,1,macro_answer_ce,,experiment_v1_4/phase_archives/P4/v1_4_frozen_test_evidence_20260922T033233833147.zip::run/seed1/repeated_update/result.json,answer,repeated_update,,0.0017615679703956225
0,,0,,frozen_test,0,,,1,count,,experiment_v1_4/phase_archives/P4/v1_4_frozen_test_evidence_20260922T033233833147.zip::run/seed1/repeated_update/result.json,answer,repeated_update,,1002
0,,0,,frozen_test,0,,,1,accuracy,,experiment_v1_4/phase_archives/P4/v1_4_frozen_test_evidence_20260922T033233833147.zip::run/seed1/repeated_update/result.json,answer,repeated_update,,0.998003992015968
0,,0,,frozen_test,0,,,1,answer_ce,,experiment_v1_4/phase_archives/P4/v1_4_frozen_test_evidence_20260922T033233833147.zip::run/seed1/repeated_update/result.json,answer,repeated_update,,0.0024301246374419634
0,,0,,frozen_test,1,,,1,count,,experiment_v1_4/phase_archives/P4/v1_4_frozen_test_evidence_20260922T033233833147.zip::run/seed1/repeated_update/result.json,answer,repeated_update,,1046
0,,0,,frozen_test,1,,,1,accuracy,,experiment_v1_4/phase_archives/P4/v1_4_frozen_test_evidence_20260922T033233833147.zip::run/seed1/repeated_update/result.json,answer,repeated_update,,1.0
0,,0,,frozen_test,1,,,1,answer_ce,,experiment_v1_4/phase_archives/P4/v1_4_frozen_test_evidence_20260922T033233833147.zip::run/seed1/repeated_update/result.json,answer,repeated_update,,0.0010930113033492815
0,,0,,frozen_test,macro,,,1,coverage,,experiment_v1_4/phase_archives/P4/v1_4_frozen_test_evidence_20260922T033233833147.zip::run/seed1/repeated_update/result.json,blocks,repeated_update,,1.0
0,,0,,frozen_test,macro,,,1,macro_accuracy,,experiment_v1_4/phase_archives/P4/v1_4_frozen_test_evidence_20260922T033233833147.zip::run/seed1/repeated_update/result.json,blocks,repeated_update,,0.9990653001895159
0,,0,,frozen_test,macro,,,1,macro_answer_ce,,experiment_v1_4/phase_archives/P4/v1_4_frozen_test_evidence_20260922T033233833147.zip::run/seed1/repeated_update/result.json,blocks,repeated_update,,0.0017148965176399928
0,,0,,frozen_test,8,,,1,count,,experiment_v1_4/phase_archives/P4/v1_4_frozen_test_evidence_20260922T033233833147.zip::run/seed1/repeated_update/result.json,blocks,repeated_update,,106
0,,0,,frozen_test,8,,,1,accuracy,,experiment_v1_4/phase_archives/P4/v1_4_frozen_test_evidence_20260922T033233833147.zip::run/seed1/repeated_update/result.json,blocks,repeated_update,,1.0
0,,0,,frozen_test,8,,,1,answer_ce,,experiment_v1_4/phase_archives/P4/v1_4_frozen_test_evidence_20260922T033233833147.zip::run/seed1/repeated_update/result.json,blocks,repeated_update,,2.810509912929122e-05
0,,0,,frozen_test,9,,,1,count,,experiment_v1_4/phase_archives/P4/v1_4_frozen_test_evidence_20260922T033233833147.zip::run/seed1/repeated_update/result.json,blocks,repeated_update,,149
0,,0,,frozen_test,9,,,1,accuracy,,experiment_v1_4/phase_archives/P4/v1_4_frozen_test_evidence_20260922T033233833147.zip::run/seed1/repeated_update/result.json,blocks,repeated_update,,1.0
0,,0,,frozen_test,9,,,1,answer_ce,,experiment_v1_4/phase_archives/P4/v1_4_frozen_test_evidence_20260922T033233833147.zip::run/seed1/repeated_update/result.json,blocks,repeated_update,,0.000665098738564794
0,,0,,frozen_test,10,,,1,count,,experiment_v1_4/phase_archives/P4/v1_4_frozen_test_evidence_20260922T033233833147.zip::run/seed1/repeated_update/result.json,blocks,repeated_update,,120
0,,0,,frozen_test,10,,,1,accuracy,,experiment_v1_4/phase_archives/P4/v1_4_frozen_test_evidence_20260922T033233833147.zip::run/seed1/repeated_update/result.json,blocks,repeated_update,,1.0
0,,0,,frozen_test,10,,,1,answer_ce,,experiment_v1_4/phase_archives/P4/v1_4_frozen_test_evidence_20260922T033233833147.zip::run/seed1/repeated_update/result.json,blocks,repeated_update,,0.0017743457607139134
0,,0,,frozen_test,11,,,1,count,,experiment_v1_4/phase_archives/P4/v1_4_frozen_test_evidence_20260922T033233833147.zip::run/seed1/repeated_update/result.json,blocks,repeated_update,,125
0,,0,,frozen_test,11,,,1,accuracy,,experiment_v1_4/phase_archives/P4/v1_4_frozen_test_evidence_20260922T033233833147.zip::run/seed1/repeated_update/result.json,blocks,repeated_update,,1.0
0,,0,,frozen_test,11,,,1,answer_ce,,experiment_v1_4/phase_archives/P4/v1_4_frozen_test_evidence_20260922T033233833147.zip::run/seed1/repeated_update/result.json,blocks,repeated_update,,7.168533500953345e-05
0,,0,,frozen_test,12,,,1,count,,experiment_v1_4/phase_archives/P4/v1_4_frozen_test_evidence_20260922T033233833147.zip::run/seed1/repeated_update/result.json,blocks,repeated_update,,141
0,,0,,frozen_test,12,,,1,accuracy,,experiment_v1_4/phase_archives/P4/v1_4_frozen_test_evidence_20260922T033233833147.zip::run/seed1/repeated_update/result.json,blocks,repeated_update,,1.0
0,,0,,frozen_test,12,,,1,answer_ce,,experiment_v1_4/phase_archives/P4/v1_4_frozen_test_evidence_20260922T033233833147.zip::run/seed1/repeated_update/result.json,blocks,repeated_update,,5.917176174808827e-05
0,,0,,frozen_test,13,,,1,count,,experiment_v1_4/phase_archives/P4/v1_4_frozen_test_evidence_20260922T033233833147.zip::run/seed1/repeated_update/result.json,blocks,repeated_update,,139
0,,0,,frozen_test,13,,,1,accuracy,,experiment_v1_4/phase_archives/P4/v1_4_frozen_test_evidence_20260922T033233833147.zip::run/seed1/repeated_update/result.json,blocks,repeated_update,,0.9928057553956835
0,,0,,frozen_test,13,,,1,answer_ce,,experiment_v1_4/phase_archives/P4/v1_4_frozen_test_evidence_20260922T033233833147.zip::run/seed1/repeated_update/result.json,blocks,repeated_update,,0.006940311656422545
0,,0,,frozen_test,14,,,1,count,,experiment_v1_4/phase_archives/P4/v1_4_frozen_test_evidence_20260922T033233833147.zip::run/seed1/repeated_update/result.json,blocks,repeated_update,,100
0,,0,,frozen_test,14,,,1,accuracy,,experiment_v1_4/phase_archives/P4/v1_4_frozen_test_evidence_20260922T033233833147.zip::run/seed1/repeated_update/result.json,blocks,repeated_update,,1.0
0,,0,,frozen_test,14,,,1,answer_ce,,experiment_v1_4/phase_archives/P4/v1_4_frozen_test_evidence_20260922T033233833147.zip::run/seed1/repeated_update/result.json,blocks,repeated_update,,6.209946416674939e-05
0,,0,,frozen_test,15,,,1,count,,experiment_v1_4/phase_archives/P4/v1_4_frozen_test_evidence_20260922T033233833147.zip::run/seed1/repeated_update/result.json,blocks,repeated_update,,120
0,,0,,frozen_test,15,,,1,accuracy,,experiment_v1_4/phase_archives/P4/v1_4_frozen_test_evidence_20260922T033233833147.zip::run/seed1/repeated_update/result.json,blocks,repeated_update,,1.0
0,,0,,frozen_test,15,,,1,answer_ce,,experiment_v1_4/phase_archives/P4/v1_4_frozen_test_evidence_20260922T033233833147.zip::run/seed1/repeated_update/result.json,blocks,repeated_update,,0.0002511089010946913
0,,0,,frozen_test,16,,,1,count,,experiment_v1_4/phase_archives/P4/v1_4_frozen_test_evidence_20260922T033233833147.zip::run/seed1/repeated_update/result.json,blocks,repeated_update,,115
0,,0,,frozen_test,16,,,1,accuracy,,experiment_v1_4/phase_archives/P4/v1_4_frozen_test_evidence_20260922T033233833147.zip::run/seed1/repeated_update/result.json,blocks,repeated_update,,0.991304347826087
0,,0,,frozen_test,16,,,1,answer_ce,,experiment_v1_4/phase_archives/P4/v1_4_frozen_test_evidence_20260922T033233833147.zip::run/seed1/repeated_update/result.json,blocks,repeated_update,,0.008489696391876824
0,,0,,frozen_test,17,,,1,count,,experiment_v1_4/phase_archives/P4/v1_4_frozen_test_evidence_20260922T033233833147.zip::run/seed1/repeated_update/result.json,blocks,repeated_update,,109
0,,0,,frozen_test,17,,,1,accuracy,,experiment_v1_4/phase_archives/P4/v1_4_frozen_test_evidence_20260922T033233833147.zip::run/seed1/repeated_update/result.json,blocks,repeated_update,,1.0
0,,0,,frozen_test,17,,,1,answer_ce,,experiment_v1_4/phase_archives/P4/v1_4_frozen_test_evidence_20260922T033233833147.zip::run/seed1/repeated_update/result.json,blocks,repeated_update,,0.000380793652357587
0,,0,,frozen_test,18,,,1,count,,experiment_v1_4/phase_archives/P4/v1_4_frozen_test_evidence_20260922T033233833147.zip::run/seed1/repeated_update/result.json,blocks,repeated_update,,106
0,,0,,frozen_test,18,,,1,accuracy,,experiment_v1_4/phase_archives/P4/v1_4_frozen_test_evidence_20260922T033233833147.zip::run/seed1/repeated_update/result.json,blocks,repeated_update,,1.0
0,,0,,frozen_test,18,,,1,answer_ce,,experiment_v1_4/phase_archives/P4/v1_4_frozen_test_evidence_20260922T033233833147.zip::run/seed1/repeated_update/result.json,blocks,repeated_update,,0.0011133118117919916
0,,0,,frozen_test,19,,,1,count,,experiment_v1_4/phase_archives/P4/v1_4_frozen_test_evidence_20260922T033233833147.zip::run/seed1/repeated_update/result.json,blocks,repeated_update,,124
0,,0,,frozen_test,19,,,1,accuracy,,experiment_v1_4/phase_archives/P4/v1_4_frozen_test_evidence_20260922T033233833147.zip::run/seed1/repeated_update/result.json,blocks,repeated_update,,1.0
0,,0,,frozen_test,19,,,1,answer_ce,,experiment_v1_4/phase_archives/P4/v1_4_frozen_test_evidence_20260922T033233833147.zip::run/seed1/repeated_update/result.json,blocks,repeated_update,,0.00016130497103785597
0,,0,,frozen_test,20,,,1,count,,experiment_v1_4/phase_archives/P4/v1_4_frozen_test_evidence_20260922T033233833147.zip::run/seed1/repeated_update/result.json,blocks,repeated_update,,121
0,,0,,frozen_test,20,,,1,accuracy,,experiment_v1_4/phase_archives/P4/v1_4_frozen_test_evidence_20260922T033233833147.zip::run/seed1/repeated_update/result.json,blocks,repeated_update,,1.0
0,,0,,frozen_test,20,,,1,answer_ce,,experiment_v1_4/phase_archives/P4/v1_4_frozen_test_evidence_20260922T033233833147.zip::run/seed1/repeated_update/result.json,blocks,repeated_update,,0.00012415483484230118
0,,0,,frozen_test,21,,,1,count,,experiment_v1_4/phase_archives/P4/v1_4_frozen_test_evidence_20260922T033233833147.zip::run/seed1/repeated_update/result.json,blocks,repeated_update,,118
0,,0,,frozen_test,21,,,1,accuracy,,experiment_v1_4/phase_archives/P4/v1_4_frozen_test_evidence_20260922T033233833147.zip::run/seed1/repeated_update/result.json,blocks,repeated_update,,1.0
0,,0,,frozen_test,21,,,1,answer_ce,,experiment_v1_4/phase_archives/P4/v1_4_frozen_test_evidence_20260922T033233833147.zip::run/seed1/repeated_update/result.json,blocks,repeated_update,,0.006329559062647851
0,,0,,frozen_test,22,,,1,count,,experiment_v1_4/phase_archives/P4/v1_4_frozen_test_evidence_20260922T033233833147.zip::run/seed1/repeated_update/result.json,blocks,repeated_update,,124
0,,0,,frozen_test,22,,,1,accuracy,,experiment_v1_4/phase_archives/P4/v1_4_frozen_test_evidence_20260922T033233833147.zip::run/seed1/repeated_update/result.json,blocks,repeated_update,,1.0
0,,0,,frozen_test,22,,,1,answer_ce,,experiment_v1_4/phase_archives/P4/v1_4_frozen_test_evidence_20260922T033233833147.zip::run/seed1/repeated_update/result.json,blocks,repeated_update,,0.00019809312644728408
0,,0,,frozen_test,23,,,1,count,,experiment_v1_4/phase_archives/P4/v1_4_frozen_test_evidence_20260922T033233833147.zip::run/seed1/repeated_update/result.json,blocks,repeated_update,,122
0,,0,,frozen_test,23,,,1,accuracy,,experiment_v1_4/phase_archives/P4/v1_4_frozen_test_evidence_20260922T033233833147.zip::run/seed1/repeated_update/result.json,blocks,repeated_update,,1.0
0,,0,,frozen_test,23,,,1,answer_ce,,experiment_v1_4/phase_archives/P4/v1_4_frozen_test_evidence_20260922T033233833147.zip::run/seed1/repeated_update/result.json,blocks,repeated_update,,0.0022796774689864
0,,0,,frozen_test,24,,,1,count,,experiment_v1_4/phase_archives/P4/v1_4_frozen_test_evidence_20260922T033233833147.zip::run/seed1/repeated_update/result.json,blocks,repeated_update,,109
0,,0,,frozen_test,24,,,1,accuracy,,experiment_v1_4/phase_archives/P4/v1_4_frozen_test_evidence_20260922T033233833147.zip::run/seed1/repeated_update/result.json,blocks,repeated_update,,1.0
0,,0,,frozen_test,24,,,1,answer_ce,,experiment_v1_4/phase_archives/P4/v1_4_frozen_test_evidence_20260922T033233833147.zip::run/seed1/repeated_update/result.json,blocks,repeated_update,,0.0002247227630421782
0,,0,,frozen_test,macro,,,1,coverage,,experiment_v1_4/phase_archives/P4/v1_4_frozen_test_evidence_20260922T033233833147.zip::run/seed1/repeated_update/result.json,distance,repeated_update,,1.0
0,,0,,frozen_test,macro,,,1,macro_accuracy,,experiment_v1_4/phase_archives/P4/v1_4_frozen_test_evidence_20260922T033233833147.zip::run/seed1/repeated_update/result.json,distance,repeated_update,,0.9990579720122451
0,,0,,frozen_test,macro,,,1,macro_answer_ce,,experiment_v1_4/phase_archives/P4/v1_4_frozen_test_evidence_20260922T033233833147.zip::run/seed1/repeated_update/result.json,distance,repeated_update,,0.0016781838240925101
0,,0,,frozen_test,0,,,1,count,,experiment_v1_4/phase_archives/P4/v1_4_frozen_test_evidence_20260922T033233833147.zip::run/seed1/repeated_update/result.json,distance,repeated_update,,1126
0,,0,,frozen_test,0,,,1,accuracy,,experiment_v1_4/phase_archives/P4/v1_4_frozen_test_evidence_20260922T033233833147.zip::run/seed1/repeated_update/result.json,distance,repeated_update,,0.9991119005328597
0,,0,,frozen_test,0,,,1,answer_ce,,experiment_v1_4/phase_archives/P4/v1_4_frozen_test_evidence_20260922T033233833147.zip::run/seed1/repeated_update/result.json,distance,repeated_update,,0.0017602610112833832
0,,0,,frozen_test,1-2,,,1,count,,experiment_v1_4/phase_archives/P4/v1_4_frozen_test_evidence_20260922T033233833147.zip::run/seed1/repeated_update/result.json,distance,repeated_update,,516
0,,0,,frozen_test,1-2,,,1,accuracy,,experiment_v1_4/phase_archives/P4/v1_4_frozen_test_evidence_20260922T033233833147.zip::run/seed1/repeated_update/result.json,distance,repeated_update,,0.998062015503876
0,,0,,frozen_test,1-2,,,1,answer_ce,,experiment_v1_4/phase_archives/P4/v1_4_frozen_test_evidence_20260922T033233833147.zip::run/seed1/repeated_update/result.json,distance,repeated_update,,0.0024259898559225697
0,,0,,frozen_test,3+,,,1,count,,experiment_v1_4/phase_archives/P4/v1_4_frozen_test_evidence_20260922T033233833147.zip::run/seed1/repeated_update/result.json,distance,repeated_update,,406
0,,0,,frozen_test,3+,,,1,accuracy,,experiment_v1_4/phase_archives/P4/v1_4_frozen_test_evidence_20260922T033233833147.zip::run/seed1/repeated_update/result.json,distance,repeated_update,,1.0
0,,0,,frozen_test,3+,,,1,answer_ce,,experiment_v1_4/phase_archives/P4/v1_4_frozen_test_evidence_20260922T033233833147.zip::run/seed1/repeated_update/result.json,distance,repeated_update,,0.0008483006050715773
0,,0,,frozen_test,macro,,,1,coverage,,experiment_v1_4/phase_archives/P4/v1_4_frozen_test_evidence_20260922T033233833147.zip::run/seed1/repeated_update/result.json,truth_table,repeated_update,,1.0
0,,0,,frozen_test,macro,,,1,macro_accuracy,,experiment_v1_4/phase_archives/P4/v1_4_frozen_test_evidence_20260922T033233833147.zip::run/seed1/repeated_update/result.json,truth_table,repeated_update,,0.9982728379152349
0,,0,,frozen_test,macro,,,1,macro_answer_ce,,experiment_v1_4/phase_archives/P4/v1_4_frozen_test_evidence_20260922T033233833147.zip::run/seed1/repeated_update/result.json,truth_table,repeated_update,,0.0022587155593583345
0,,0,,frozen_test,AND:00,,,1,count,,experiment_v1_4/phase_archives/P4/v1_4_frozen_test_evidence_20260922T033233833147.zip::run/seed1/repeated_update/result.json,truth_table,repeated_update,,93
0,,0,,frozen_test,AND:00,,,1,accuracy,,experiment_v1_4/phase_archives/P4/v1_4_frozen_test_evidence_20260922T033233833147.zip::run/seed1/repeated_update/result.json,truth_table,repeated_update,,1.0
0,,0,,frozen_test,AND:00,,,1,answer_ce,,experiment_v1_4/phase_archives/P4/v1_4_frozen_test_evidence_20260922T033233833147.zip::run/seed1/repeated_update/result.json,truth_table,repeated_update,,1.774786531274903e-05
0,,0,,frozen_test,AND:01,,,1,count,,experiment_v1_4/phase_archives/P4/v1_4_frozen_test_evidence_20260922T033233833147.zip::run/seed1/repeated_update/result.json,truth_table,repeated_update,,85
0,,0,,frozen_test,AND:01,,,1,accuracy,,experiment_v1_4/phase_archives/P4/v1_4_frozen_test_evidence_20260922T033233833147.zip::run/seed1/repeated_update/result.json,truth_table,repeated_update,,1.0
0,,0,,frozen_test,AND:01,,,1,answer_ce,,experiment_v1_4/phase_archives/P4/v1_4_frozen_test_evidence_20260922T033233833147.zip::run/seed1/repeated_update/result.json,truth_table,repeated_update,,6.947367028795484e-05
0,,0,,frozen_test,AND:10,,,1,count,,experiment_v1_4/phase_archives/P4/v1_4_frozen_test_evidence_20260922T033233833147.zip::run/seed1/repeated_update/result.json,truth_table,repeated_update,,87
0,,0,,frozen_test,AND:10,,,1,accuracy,,experiment_v1_4/phase_archives/P4/v1_4_frozen_test_evidence_20260922T033233833147.zip::run/seed1/repeated_update/result.json,truth_table,repeated_update,,1.0
0,,0,,frozen_test,AND:10,,,1,answer_ce,,experiment_v1_4/phase_archives/P4/v1_4_frozen_test_evidence_20260922T033233833147.zip::run/seed1/repeated_update/result.json,truth_table,repeated_update,,0.0006435829919118778
0,,0,,frozen_test,AND:11,,,1,count,,experiment_v1_4/phase_archives/P4/v1_4_frozen_test_evidence_20260922T033233833147.zip::run/seed1/repeated_update/result.json,truth_table,repeated_update,,87
0,,0,,frozen_test,AND:11,,,1,accuracy,,experiment_v1_4/phase_archives/P4/v1_4_frozen_test_evidence_20260922T033233833147.zip::run/seed1/repeated_update/result.json,truth_table,repeated_update,,1.0
0,,0,,frozen_test,AND:11,,,1,answer_ce,,experiment_v1_4/phase_archives/P4/v1_4_frozen_test_evidence_20260922T033233833147.zip::run/seed1/repeated_update/result.json,truth_table,repeated_update,,0.000607636345172988
0,,0,,frozen_test,OR:00,,,1,count,,experiment_v1_4/phase_archives/P4/v1_4_frozen_test_evidence_20260922T033233833147.zip::run/seed1/repeated_update/result.json,truth_table,repeated_update,,96
0,,0,,frozen_test,OR:00,,,1,accuracy,,experiment_v1_4/phase_archives/P4/v1_4_frozen_test_evidence_20260922T033233833147.zip::run/seed1/repeated_update/result.json,truth_table,repeated_update,,0.9895833333333334
0,,0,,frozen_test,OR:00,,,1,answer_ce,,experiment_v1_4/phase_archives/P4/v1_4_frozen_test_evidence_20260922T033233833147.zip::run/seed1/repeated_update/result.json,truth_table,repeated_update,,0.009841227592479148
0,,0,,frozen_test,OR:01,,,1,count,,experiment_v1_4/phase_archives/P4/v1_4_frozen_test_evidence_20260922T033233833147.zip::run/seed1/repeated_update/result.json,truth_table,repeated_update,,84
0,,0,,frozen_test,OR:01,,,1,accuracy,,experiment_v1_4/phase_archives/P4/v1_4_frozen_test_evidence_20260922T033233833147.zip::run/seed1/repeated_update/result.json,truth_table,repeated_update,,1.0
0,,0,,frozen_test,OR:01,,,1,answer_ce,,experiment_v1_4/phase_archives/P4/v1_4_frozen_test_evidence_20260922T033233833147.zip::run/seed1/repeated_update/result.json,truth_table,repeated_update,,0.0011172777071156556
0,,0,,frozen_test,OR:10,,,1,count,,experiment_v1_4/phase_archives/P4/v1_4_frozen_test_evidence_20260922T033233833147.zip::run/seed1/repeated_update/result.json,truth_table,repeated_update,,90
0,,0,,frozen_test,OR:10,,,1,accuracy,,experiment_v1_4/phase_archives/P4/v1_4_frozen_test_evidence_20260922T033233833147.zip::run/seed1/repeated_update/result.json,truth_table,repeated_update,,1.0
0,,0,,frozen_test,OR:10,,,1,answer_ce,,experiment_v1_4/phase_archives/P4/v1_4_frozen_test_evidence_20260922T033233833147.zip::run/seed1/repeated_update/result.json,truth_table,repeated_update,,7.820925444927222e-05
0,,0,,frozen_test,OR:11,,,1,count,,experiment_v1_4/phase_archives/P4/v1_4_frozen_test_evidence_20260922T033233833147.zip::run/seed1/repeated_update/result.json,truth_table,repeated_update,,92
0,,0,,frozen_test,OR:11,,,1,accuracy,,experiment_v1_4/phase_archives/P4/v1_4_frozen_test_evidence_20260922T033233833147.zip::run/seed1/repeated_update/result.json,truth_table,repeated_update,,1.0
0,,0,,frozen_test,OR:11,,,1,answer_ce,,experiment_v1_4/phase_archives/P4/v1_4_frozen_test_evidence_20260922T033233833147.zip::run/seed1/repeated_update/result.json,truth_table,repeated_update,,5.6291039646052724e-05
0,,0,,frozen_test,XOR:00,,,1,count,,experiment_v1_4/phase_archives/P4/v1_4_frozen_test_evidence_20260922T033233833147.zip::run/seed1/repeated_update/result.json,truth_table,repeated_update,,82
0,,0,,frozen_test,XOR:00,,,1,accuracy,,experiment_v1_4/phase_archives/P4/v1_4_frozen_test_evidence_20260922T033233833147.zip::run/seed1/repeated_update/result.json,truth_table,repeated_update,,1.0
0,,0,,frozen_test,XOR:00,,,1,answer_ce,,experiment_v1_4/phase_archives/P4/v1_4_frozen_test_evidence_20260922T033233833147.zip::run/seed1/repeated_update/result.json,truth_table,repeated_update,,0.000522789090654242
0,,0,,frozen_test,XOR:01,,,1,count,,experiment_v1_4/phase_archives/P4/v1_4_frozen_test_evidence_20260922T033233833147.zip::run/seed1/repeated_update/result.json,truth_table,repeated_update,,89
0,,0,,frozen_test,XOR:01,,,1,accuracy,,experiment_v1_4/phase_archives/P4/v1_4_frozen_test_evidence_20260922T033233833147.zip::run/seed1/repeated_update/result.json,truth_table,repeated_update,,1.0
0,,0,,frozen_test,XOR:01,,,1,answer_ce,,experiment_v1_4/phase_archives/P4/v1_4_frozen_test_evidence_20260922T033233833147.zip::run/seed1/repeated_update/result.json,truth_table,repeated_update,,0.0011163882546610326
0,,0,,frozen_test,XOR:10,,,1,count,,experiment_v1_4/phase_archives/P4/v1_4_frozen_test_evidence_20260922T033233833147.zip::run/seed1/repeated_update/result.json,truth_table,repeated_update,,92
0,,0,,frozen_test,XOR:10,,,1,accuracy,,experiment_v1_4/phase_archives/P4/v1_4_frozen_test_evidence_20260922T033233833147.zip::run/seed1/repeated_update/result.json,truth_table,repeated_update,,1.0
0,,0,,frozen_test,XOR:10,,,1,answer_ce,,experiment_v1_4/phase_archives/P4/v1_4_frozen_test_evidence_20260922T033233833147.zip::run/seed1/repeated_update/result.json,truth_table,repeated_update,,0.0020875412127501795
0,,0,,frozen_test,XOR:11,,,1,count,,experiment_v1_4/phase_archives/P4/v1_4_frozen_test_evidence_20260922T033233833147.zip::run/seed1/repeated_update/result.json,truth_table,repeated_update,,97
0,,0,,frozen_test,XOR:11,,,1,accuracy,,experiment_v1_4/phase_archives/P4/v1_4_frozen_test_evidence_20260922T033233833147.zip::run/seed1/repeated_update/result.json,truth_table,repeated_update,,0.9896907216494846
0,,0,,frozen_test,XOR:11,,,1,answer_ce,,experiment_v1_4/phase_archives/P4/v1_4_frozen_test_evidence_20260922T033233833147.zip::run/seed1/repeated_update/result.json,truth_table,repeated_update,,0.010946421687858861
1000,4343558453173154992,1000,,frozen_test,,,,2,answer_count,,experiment_v1_4/phase_archives/P4/v1_4_frozen_test_evidence_20260922T033233833147.zip::run/seed2/composition_0/result.json,overall,composition_0,,1024
1000,4343558453173154992,1000,,frozen_test,,,,2,sequence_count,,experiment_v1_4/phase_archives/P4/v1_4_frozen_test_evidence_20260922T033233833147.zip::run/seed2/composition_0/result.json,overall,composition_0,,1024
1000,4343558453173154992,1000,,frozen_test,,0.006631548056769397,0.0005484022851116599,2,answer_ce,,experiment_v1_4/phase_archives/P4/v1_4_frozen_test_evidence_20260922T033233833147.zip::run/seed2/composition_0/result.json,overall,composition_0,,0.002754623604059425
1000,4343558453173154992,1000,,frozen_test,,1.0,0.9970703125,2,accuracy,,experiment_v1_4/phase_archives/P4/v1_4_frozen_test_evidence_20260922T033233833147.zip::run/seed2/composition_0/result.json,overall,composition_0,,0.9990234375
1000,4343558453173154992,1000,,frozen_test,,1.0,0.9970703125,2,binary_accuracy,,experiment_v1_4/phase_archives/P4/v1_4_frozen_test_evidence_20260922T033233833147.zip::run/seed2/composition_0/result.json,overall,composition_0,,0.9990234375
1000,4343558453173154992,1000,,frozen_test,,0.9999904266238445,0.9999898331676377,2,bit_mass,,experiment_v1_4/phase_archives/P4/v1_4_frozen_test_evidence_20260922T033233833147.zip::run/seed2/composition_0/result.json,overall,composition_0,,0.9999901311821304
1000,4343558453173154992,1000,,frozen_test,,,,2,all_token_ce,,experiment_v1_4/phase_archives/P4/v1_4_frozen_test_evidence_20260922T033233833147.zip::run/seed2/composition_0/result.json,overall,composition_0,,0.9811594845330971
1000,4343558453173154992,1000,,frozen_test,,,,2,prediction_tokens,,experiment_v1_4/phase_archives/P4/v1_4_frozen_test_evidence_20260922T033233833147.zip::run/seed2/composition_0/result.json,overall,composition_0,,124775
0,,0,,frozen_test,,,,2,count,,experiment_v1_4/phase_archives/P4/v1_4_frozen_test_evidence_20260922T033233833147.zip::run/seed2/composition_0/result.json,baselines,composition_0,,1024
0,,0,,frozen_test,,,,2,majority_prediction,,experiment_v1_4/phase_archives/P4/v1_4_frozen_test_evidence_20260922T033233833147.zip::run/seed2/composition_0/result.json,baselines,composition_0,,1
0,,0,,frozen_test,,,,2,split_majority_accuracy,,experiment_v1_4/phase_archives/P4/v1_4_frozen_test_evidence_20260922T033233833147.zip::run/seed2/composition_0/result.json,baselines,composition_0,,0.595703125
0,,0,,frozen_test,,,,2,independent_bernoulli_expected_accuracy,,experiment_v1_4/phase_archives/P4/v1_4_frozen_test_evidence_20260922T033233833147.zip::run/seed2/composition_0/result.json,baselines,composition_0,,0.5
0,,0,,frozen_test,,,,2,latest_set_or_initialization_accuracy,,experiment_v1_4/phase_archives/P4/v1_4_frozen_test_evidence_20260922T033233833147.zip::run/seed2/composition_0/result.json,baselines,composition_0,,0.517578125
0,,0,,frozen_test,,,,2,latest_read_copy_accuracy,,experiment_v1_4/phase_archives/P4/v1_4_frozen_test_evidence_20260922T033233833147.zip::run/seed2/composition_0/result.json,baselines,composition_0,,0.5107421875
0,,0,,frozen_test,macro,,,2,coverage,,experiment_v1_4/phase_archives/P4/v1_4_frozen_test_evidence_20260922T033233833147.zip::run/seed2/composition_0/result.json,operator,composition_0,,0.16666666666666666
0,,0,,frozen_test,macro,,,2,macro_accuracy,,experiment_v1_4/phase_archives/P4/v1_4_frozen_test_evidence_20260922T033233833147.zip::run/seed2/composition_0/result.json,operator,composition_0,,0.9990234375
0,,0,,frozen_test,macro,,,2,macro_answer_ce,,experiment_v1_4/phase_archives/P4/v1_4_frozen_test_evidence_20260922T033233833147.zip::run/seed2/composition_0/result.json,operator,composition_0,,0.002754623604059425
0,,0,,frozen_test,initialization,,,2,count,,experiment_v1_4/phase_archives/P4/v1_4_frozen_test_evidence_20260922T033233833147.zip::run/seed2/composition_0/result.json,operator,composition_0,,0
0,,0,,frozen_test,initialization,,,2,accuracy,empty stratum or undefined metric; see count/coverage,experiment_v1_4/phase_archives/P4/v1_4_frozen_test_evidence_20260922T033233833147.zip::run/seed2/composition_0/result.json,operator,composition_0,,
0,,0,,frozen_test,initialization,,,2,answer_ce,empty stratum or undefined metric; see count/coverage,experiment_v1_4/phase_archives/P4/v1_4_frozen_test_evidence_20260922T033233833147.zip::run/seed2/composition_0/result.json,operator,composition_0,,
0,,0,,frozen_test,SET,,,2,count,,experiment_v1_4/phase_archives/P4/v1_4_frozen_test_evidence_20260922T033233833147.zip::run/seed2/composition_0/result.json,operator,composition_0,,0
0,,0,,frozen_test,SET,,,2,accuracy,empty stratum or undefined metric; see count/coverage,experiment_v1_4/phase_archives/P4/v1_4_frozen_test_evidence_20260922T033233833147.zip::run/seed2/composition_0/result.json,operator,composition_0,,
0,,0,,frozen_test,SET,,,2,answer_ce,empty stratum or undefined metric; see count/coverage,experiment_v1_4/phase_archives/P4/v1_4_frozen_test_evidence_20260922T033233833147.zip::run/seed2/composition_0/result.json,operator,composition_0,,
0,,0,,frozen_test,NOT,,,2,count,,experiment_v1_4/phase_archives/P4/v1_4_frozen_test_evidence_20260922T033233833147.zip::run/seed2/composition_0/result.json,operator,composition_0,,0
0,,0,,frozen_test,NOT,,,2,accuracy,empty stratum or undefined metric; see count/coverage,experiment_v1_4/phase_archives/P4/v1_4_frozen_test_evidence_20260922T033233833147.zip::run/seed2/composition_0/result.json,operator,composition_0,,
0,,0,,frozen_test,NOT,,,2,answer_ce,empty stratum or undefined metric; see count/coverage,experiment_v1_4/phase_archives/P4/v1_4_frozen_test_evidence_20260922T033233833147.zip::run/seed2/composition_0/result.json,operator,composition_0,,
0,,0,,frozen_test,AND,,,2,count,,experiment_v1_4/phase_archives/P4/v1_4_frozen_test_evidence_20260922T033233833147.zip::run/seed2/composition_0/result.json,operator,composition_0,,0
0,,0,,frozen_test,AND,,,2,accuracy,empty stratum or undefined metric; see count/coverage,experiment_v1_4/phase_archives/P4/v1_4_frozen_test_evidence_20260922T033233833147.zip::run/seed2/composition_0/result.json,operator,composition_0,,
0,,0,,frozen_test,AND,,,2,answer_ce,empty stratum or undefined metric; see count/coverage,experiment_v1_4/phase_archives/P4/v1_4_frozen_test_evidence_20260922T033233833147.zip::run/seed2/composition_0/result.json,operator,composition_0,,
0,,0,,frozen_test,OR,,,2,count,,experiment_v1_4/phase_archives/P4/v1_4_frozen_test_evidence_20260922T033233833147.zip::run/seed2/composition_0/result.json,operator,composition_0,,1024
0,,0,,frozen_test,OR,,,2,accuracy,,experiment_v1_4/phase_archives/P4/v1_4_frozen_test_evidence_20260922T033233833147.zip::run/seed2/composition_0/result.json,operator,composition_0,,0.9990234375
0,,0,,frozen_test,OR,,,2,answer_ce,,experiment_v1_4/phase_archives/P4/v1_4_frozen_test_evidence_20260922T033233833147.zip::run/seed2/composition_0/result.json,operator,composition_0,,0.002754623604059425
0,,0,,frozen_test,XOR,,,2,count,,experiment_v1_4/phase_archives/P4/v1_4_frozen_test_evidence_20260922T033233833147.zip::run/seed2/composition_0/result.json,operator,composition_0,,0
0,,0,,frozen_test,XOR,,,2,accuracy,empty stratum or undefined metric; see count/coverage,experiment_v1_4/phase_archives/P4/v1_4_frozen_test_evidence_20260922T033233833147.zip::run/seed2/composition_0/result.json,operator,composition_0,,
0,,0,,frozen_test,XOR,,,2,answer_ce,empty stratum or undefined metric; see count/coverage,experiment_v1_4/phase_archives/P4/v1_4_frozen_test_evidence_20260922T033233833147.zip::run/seed2/composition_0/result.json,operator,composition_0,,
0,,0,,frozen_test,macro,,,2,coverage,,experiment_v1_4/phase_archives/P4/v1_4_frozen_test_evidence_20260922T033233833147.zip::run/seed2/composition_0/result.json,query_var,composition_0,,1.0
0,,0,,frozen_test,macro,,,2,macro_accuracy,,experiment_v1_4/phase_archives/P4/v1_4_frozen_test_evidence_20260922T033233833147.zip::run/seed2/composition_0/result.json,query_var,composition_0,,0.9990234375
0,,0,,frozen_test,macro,,,2,macro_answer_ce,,experiment_v1_4/phase_archives/P4/v1_4_frozen_test_evidence_20260922T033233833147.zip::run/seed2/composition_0/result.json,query_var,composition_0,,0.0027557874504040895
0,,0,,frozen_test,A,,,2,count,,experiment_v1_4/phase_archives/P4/v1_4_frozen_test_evidence_20260922T033233833147.zip::run/seed2/composition_0/result.json,query_var,composition_0,,267
0,,0,,frozen_test,A,,,2,accuracy,,experiment_v1_4/phase_archives/P4/v1_4_frozen_test_evidence_20260922T033233833147.zip::run/seed2/composition_0/result.json,query_var,composition_0,,1.0
0,,0,,frozen_test,A,,,2,answer_ce,,experiment_v1_4/phase_archives/P4/v1_4_frozen_test_evidence_20260922T033233833147.zip::run/seed2/composition_0/result.json,query_var,composition_0,,0.0009808012415162646
0,,0,,frozen_test,B,,,2,count,,experiment_v1_4/phase_archives/P4/v1_4_frozen_test_evidence_20260922T033233833147.zip::run/seed2/composition_0/result.json,query_var,composition_0,,256
0,,0,,frozen_test,B,,,2,accuracy,,experiment_v1_4/phase_archives/P4/v1_4_frozen_test_evidence_20260922T033233833147.zip::run/seed2/composition_0/result.json,query_var,composition_0,,0.99609375
0,,0,,frozen_test,B,,,2,answer_ce,,experiment_v1_4/phase_archives/P4/v1_4_frozen_test_evidence_20260922T033233833147.zip::run/seed2/composition_0/result.json,query_var,composition_0,,0.007787171629452416
0,,0,,frozen_test,C,,,2,count,,experiment_v1_4/phase_archives/P4/v1_4_frozen_test_evidence_20260922T033233833147.zip::run/seed2/composition_0/result.json,query_var,composition_0,,255
0,,0,,frozen_test,C,,,2,accuracy,,experiment_v1_4/phase_archives/P4/v1_4_frozen_test_evidence_20260922T033233833147.zip::run/seed2/composition_0/result.json,query_var,composition_0,,1.0
0,,0,,frozen_test,C,,,2,answer_ce,,experiment_v1_4/phase_archives/P4/v1_4_frozen_test_evidence_20260922T033233833147.zip::run/seed2/composition_0/result.json,query_var,composition_0,,0.001174575221429062
0,,0,,frozen_test,D,,,2,count,,experiment_v1_4/phase_archives/P4/v1_4_frozen_test_evidence_20260922T033233833147.zip::run/seed2/composition_0/result.json,query_var,composition_0,,246
0,,0,,frozen_test,D,,,2,accuracy,,experiment_v1_4/phase_archives/P4/v1_4_frozen_test_evidence_20260922T033233833147.zip::run/seed2/composition_0/result.json,query_var,composition_0,,1.0
0,,0,,frozen_test,D,,,2,answer_ce,,experiment_v1_4/phase_archives/P4/v1_4_frozen_test_evidence_20260922T033233833147.zip::run/seed2/composition_0/result.json,query_var,composition_0,,0.0010806017092186155
0,,0,,frozen_test,macro,,,2,coverage,,experiment_v1_4/phase_archives/P4/v1_4_frozen_test_evidence_20260922T033233833147.zip::run/seed2/composition_0/result.json,answer,composition_0,,1.0
0,,0,,frozen_test,macro,,,2,macro_accuracy,,experiment_v1_4/phase_archives/P4/v1_4_frozen_test_evidence_20260922T033233833147.zip::run/seed2/composition_0/result.json,answer,composition_0,,0.998792270531401
0,,0,,frozen_test,macro,,,2,macro_answer_ce,,experiment_v1_4/phase_archives/P4/v1_4_frozen_test_evidence_20260922T033233833147.zip::run/seed2/composition_0/result.json,answer,composition_0,,0.003096435983008822
0,,0,,frozen_test,0,,,2,count,,experiment_v1_4/phase_archives/P4/v1_4_frozen_test_evidence_20260922T033233833147.zip::run/seed2/composition_0/result.json,answer,composition_0,,414
0,,0,,frozen_test,0,,,2,accuracy,,experiment_v1_4/phase_archives/P4/v1_4_frozen_test_evidence_20260922T033233833147.zip::run/seed2/composition_0/result.json,answer,composition_0,,0.9975845410628019
0,,0,,frozen_test,0,,,2,answer_ce,,experiment_v1_4/phase_archives/P4/v1_4_frozen_test_evidence_20260922T033233833147.zip::run/seed2/composition_0/result.json,answer,composition_0,,0.004882231268948529
0,,0,,frozen_test,1,,,2,count,,experiment_v1_4/phase_archives/P4/v1_4_frozen_test_evidence_20260922T033233833147.zip::run/seed2/composition_0/result.json,answer,composition_0,,610
0,,0,,frozen_test,1,,,2,accuracy,,experiment_v1_4/phase_archives/P4/v1_4_frozen_test_evidence_20260922T033233833147.zip::run/seed2/composition_0/result.json,answer,composition_0,,1.0
0,,0,,frozen_test,1,,,2,answer_ce,,experiment_v1_4/phase_archives/P4/v1_4_frozen_test_evidence_20260922T033233833147.zip::run/seed2/composition_0/result.json,answer,composition_0,,0.0013106406970691154
0,,0,,frozen_test,macro,,,2,coverage,,experiment_v1_4/phase_archives/P4/v1_4_frozen_test_evidence_20260922T033233833147.zip::run/seed2/composition_0/result.json,blocks,composition_0,,1.0
0,,0,,frozen_test,macro,,,2,macro_accuracy,,experiment_v1_4/phase_archives/P4/v1_4_frozen_test_evidence_20260922T033233833147.zip::run/seed2/composition_0/result.json,blocks,composition_0,,0.9989495798319328
0,,0,,frozen_test,macro,,,2,macro_answer_ce,,experiment_v1_4/phase_archives/P4/v1_4_frozen_test_evidence_20260922T033233833147.zip::run/seed2/composition_0/result.json,blocks,composition_0,,0.00292225822369509
0,,0,,frozen_test,8,,,2,count,,experiment_v1_4/phase_archives/P4/v1_4_frozen_test_evidence_20260922T033233833147.zip::run/seed2/composition_0/result.json,blocks,composition_0,,70
0,,0,,frozen_test,8,,,2,accuracy,,experiment_v1_4/phase_archives/P4/v1_4_frozen_test_evidence_20260922T033233833147.zip::run/seed2/composition_0/result.json,blocks,composition_0,,1.0
0,,0,,frozen_test,8,,,2,answer_ce,,experiment_v1_4/phase_archives/P4/v1_4_frozen_test_evidence_20260922T033233833147.zip::run/seed2/composition_0/result.json,blocks,composition_0,,0.00010269259528286056
0,,0,,frozen_test,9,,,2,count,,experiment_v1_4/phase_archives/P4/v1_4_frozen_test_evidence_20260922T033233833147.zip::run/seed2/composition_0/result.json,blocks,composition_0,,70
0,,0,,frozen_test,9,,,2,accuracy,,experiment_v1_4/phase_archives/P4/v1_4_frozen_test_evidence_20260922T033233833147.zip::run/seed2/composition_0/result.json,blocks,composition_0,,1.0
0,,0,,frozen_test,9,,,2,answer_ce,,experiment_v1_4/phase_archives/P4/v1_4_frozen_test_evidence_20260922T033233833147.zip::run/seed2/composition_0/result.json,blocks,composition_0,,8.262349253657573e-05
0,,0,,frozen_test,10,,,2,count,,experiment_v1_4/phase_archives/P4/v1_4_frozen_test_evidence_20260922T033233833147.zip::run/seed2/composition_0/result.json,blocks,composition_0,,65
0,,0,,frozen_test,10,,,2,accuracy,,experiment_v1_4/phase_archives/P4/v1_4_frozen_test_evidence_20260922T033233833147.zip::run/seed2/composition_0/result.json,blocks,composition_0,,1.0
0,,0,,frozen_test,10,,,2,answer_ce,,experiment_v1_4/phase_archives/P4/v1_4_frozen_test_evidence_20260922T033233833147.zip::run/seed2/composition_0/result.json,blocks,composition_0,,0.00011150448321691678
0,,0,,frozen_test,11,,,2,count,,experiment_v1_4/phase_archives/P4/v1_4_frozen_test_evidence_20260922T033233833147.zip::run/seed2/composition_0/result.json,blocks,composition_0,,66
0,,0,,frozen_test,11,,,2,accuracy,,experiment_v1_4/phase_archives/P4/v1_4_frozen_test_evidence_20260922T033233833147.zip::run/seed2/composition_0/result.json,blocks,composition_0,,1.0
0,,0,,frozen_test,11,,,2,answer_ce,,experiment_v1_4/phase_archives/P4/v1_4_frozen_test_evidence_20260922T033233833147.zip::run/seed2/composition_0/result.json,blocks,composition_0,,0.0005649073511421827
0,,0,,frozen_test,12,,,2,count,,experiment_v1_4/phase_archives/P4/v1_4_frozen_test_evidence_20260922T033233833147.zip::run/seed2/composition_0/result.json,blocks,composition_0,,56
0,,0,,frozen_test,12,,,2,accuracy,,experiment_v1_4/phase_archives/P4/v1_4_frozen_test_evidence_20260922T033233833147.zip::run/seed2/composition_0/result.json,blocks,composition_0,,0.9821428571428571
0,,0,,frozen_test,12,,,2,answer_ce,,experiment_v1_4/phase_archives/P4/v1_4_frozen_test_evidence_20260922T033233833147.zip::run/seed2/composition_0/result.json,blocks,composition_0,,0.0326175981071596
0,,0,,frozen_test,13,,,2,count,,experiment_v1_4/phase_archives/P4/v1_4_frozen_test_evidence_20260922T033233833147.zip::run/seed2/composition_0/result.json,blocks,composition_0,,65
0,,0,,frozen_test,13,,,2,accuracy,,experiment_v1_4/phase_archives/P4/v1_4_frozen_test_evidence_20260922T033233833147.zip::run/seed2/composition_0/result.json,blocks,composition_0,,1.0
0,,0,,frozen_test,13,,,2,answer_ce,,experiment_v1_4/phase_archives/P4/v1_4_frozen_test_evidence_20260922T033233833147.zip::run/seed2/composition_0/result.json,blocks,composition_0,,0.00016889408994197417
0,,0,,frozen_test,14,,,2,count,,experiment_v1_4/phase_archives/P4/v1_4_frozen_test_evidence_20260922T033233833147.zip::run/seed2/composition_0/result.json,blocks,composition_0,,55
0,,0,,frozen_test,14,,,2,accuracy,,experiment_v1_4/phase_archives/P4/v1_4_frozen_test_evidence_20260922T033233833147.zip::run/seed2/composition_0/result.json,blocks,composition_0,,1.0
0,,0,,frozen_test,14,,,2,answer_ce,,experiment_v1_4/phase_archives/P4/v1_4_frozen_test_evidence_20260922T033233833147.zip::run/seed2/composition_0/result.json,blocks,composition_0,,0.0020510700333695488
0,,0,,frozen_test,15,,,2,count,,experiment_v1_4/phase_archives/P4/v1_4_frozen_test_evidence_20260922T033233833147.zip::run/seed2/composition_0/result.json,blocks,composition_0,,56
0,,0,,frozen_test,15,,,2,accuracy,,experiment_v1_4/phase_archives/P4/v1_4_frozen_test_evidence_20260922T033233833147.zip::run/seed2/composition_0/result.json,blocks,composition_0,,1.0
0,,0,,frozen_test,15,,,2,answer_ce,,experiment_v1_4/phase_archives/P4/v1_4_frozen_test_evidence_20260922T033233833147.zip::run/seed2/composition_0/result.json,blocks,composition_0,,5.9405283975268374e-05
0,,0,,frozen_test,16,,,2,count,,experiment_v1_4/phase_archives/P4/v1_4_frozen_test_evidence_20260922T033233833147.zip::run/seed2/composition_0/result.json,blocks,composition_0,,59
0,,0,,frozen_test,16,,,2,accuracy,,experiment_v1_4/phase_archives/P4/v1_4_frozen_test_evidence_20260922T033233833147.zip::run/seed2/composition_0/result.json,blocks,composition_0,,1.0
0,,0,,frozen_test,16,,,2,answer_ce,,experiment_v1_4/phase_archives/P4/v1_4_frozen_test_evidence_20260922T033233833147.zip::run/seed2/composition_0/result.json,blocks,composition_0,,0.0022791668027867533
0,,0,,frozen_test,17,,,2,count,,experiment_v1_4/phase_archives/P4/v1_4_frozen_test_evidence_20260922T033233833147.zip::run/seed2/composition_0/result.json,blocks,composition_0,,72
0,,0,,frozen_test,17,,,2,accuracy,,experiment_v1_4/phase_archives/P4/v1_4_frozen_test_evidence_20260922T033233833147.zip::run/seed2/composition_0/result.json,blocks,composition_0,,1.0
0,,0,,frozen_test,17,,,2,answer_ce,,experiment_v1_4/phase_archives/P4/v1_4_frozen_test_evidence_20260922T033233833147.zip::run/seed2/composition_0/result.json,blocks,composition_0,,0.00012981212383541182
0,,0,,frozen_test,18,,,2,count,,experiment_v1_4/phase_archives/P4/v1_4_frozen_test_evidence_20260922T033233833147.zip::run/seed2/composition_0/result.json,blocks,composition_0,,59
0,,0,,frozen_test,18,,,2,accuracy,,experiment_v1_4/phase_archives/P4/v1_4_frozen_test_evidence_20260922T033233833147.zip::run/seed2/composition_0/result.json,blocks,composition_0,,1.0
0,,0,,frozen_test,18,,,2,answer_ce,,experiment_v1_4/phase_archives/P4/v1_4_frozen_test_evidence_20260922T033233833147.zip::run/seed2/composition_0/result.json,blocks,composition_0,,0.0004980061028895838
0,,0,,frozen_test,19,,,2,count,,experiment_v1_4/phase_archives/P4/v1_4_frozen_test_evidence_20260922T033233833147.zip::run/seed2/composition_0/result.json,blocks,composition_0,,56
0,,0,,frozen_test,19,,,2,accuracy,,experiment_v1_4/phase_archives/P4/v1_4_frozen_test_evidence_20260922T033233833147.zip::run/seed2/composition_0/result.json,blocks,composition_0,,1.0
0,,0,,frozen_test,19,,,2,answer_ce,,experiment_v1_4/phase_archives/P4/v1_4_frozen_test_evidence_20260922T033233833147.zip::run/seed2/composition_0/result.json,blocks,composition_0,,0.00022837403983950417
0,,0,,frozen_test,20,,,2,count,,experiment_v1_4/phase_archives/P4/v1_4_frozen_test_evidence_20260922T033233833147.zip::run/seed2/composition_0/result.json,blocks,composition_0,,60
0,,0,,frozen_test,20,,,2,accuracy,,experiment_v1_4/phase_archives/P4/v1_4_frozen_test_evidence_20260922T033233833147.zip::run/seed2/composition_0/result.json,blocks,composition_0,,1.0
0,,0,,frozen_test,20,,,2,answer_ce,,experiment_v1_4/phase_archives/P4/v1_4_frozen_test_evidence_20260922T033233833147.zip::run/seed2/composition_0/result.json,blocks,composition_0,,0.003868858102032391
0,,0,,frozen_test,21,,,2,count,,experiment_v1_4/phase_archives/P4/v1_4_frozen_test_evidence_20260922T033233833147.zip::run/seed2/composition_0/result.json,blocks,composition_0,,50
0,,0,,frozen_test,21,,,2,accuracy,,experiment_v1_4/phase_archives/P4/v1_4_frozen_test_evidence_20260922T033233833147.zip::run/seed2/composition_0/result.json,blocks,composition_0,,1.0
0,,0,,frozen_test,21,,,2,answer_ce,,experiment_v1_4/phase_archives/P4/v1_4_frozen_test_evidence_20260922T033233833147.zip::run/seed2/composition_0/result.json,blocks,composition_0,,0.0002300523960184364
0,,0,,frozen_test,22,,,2,count,,experiment_v1_4/phase_archives/P4/v1_4_frozen_test_evidence_20260922T033233833147.zip::run/seed2/composition_0/result.json,blocks,composition_0,,49
0,,0,,frozen_test,22,,,2,accuracy,,experiment_v1_4/phase_archives/P4/v1_4_frozen_test_evidence_20260922T033233833147.zip::run/seed2/composition_0/result.json,blocks,composition_0,,1.0
0,,0,,frozen_test,22,,,2,answer_ce,,experiment_v1_4/phase_archives/P4/v1_4_frozen_test_evidence_20260922T033233833147.zip::run/seed2/composition_0/result.json,blocks,composition_0,,0.000522143436683109
0,,0,,frozen_test,23,,,2,count,,experiment_v1_4/phase_archives/P4/v1_4_frozen_test_evidence_20260922T033233833147.zip::run/seed2/composition_0/result.json,blocks,composition_0,,51
0,,0,,frozen_test,23,,,2,accuracy,,experiment_v1_4/phase_archives/P4/v1_4_frozen_test_evidence_20260922T033233833147.zip::run/seed2/composition_0/result.json,blocks,composition_0,,1.0
0,,0,,frozen_test,23,,,2,answer_ce,,experiment_v1_4/phase_archives/P4/v1_4_frozen_test_evidence_20260922T033233833147.zip::run/seed2/composition_0/result.json,blocks,composition_0,,0.0033063880856727835
0,,0,,frozen_test,24,,,2,count,,experiment_v1_4/phase_archives/P4/v1_4_frozen_test_evidence_20260922T033233833147.zip::run/seed2/composition_0/result.json,blocks,composition_0,,65
0,,0,,frozen_test,24,,,2,accuracy,,experiment_v1_4/phase_archives/P4/v1_4_frozen_test_evidence_20260922T033233833147.zip::run/seed2/composition_0/result.json,blocks,composition_0,,1.0
0,,0,,frozen_test,24,,,2,answer_ce,,experiment_v1_4/phase_archives/P4/v1_4_frozen_test_evidence_20260922T033233833147.zip::run/seed2/composition_0/result.json,blocks,composition_0,,0.002856893276433626
0,,0,,frozen_test,macro,,,2,coverage,,experiment_v1_4/phase_archives/P4/v1_4_frozen_test_evidence_20260922T033233833147.zip::run/seed2/composition_0/result.json,distance,composition_0,,0.3333333333333333
0,,0,,frozen_test,macro,,,2,macro_accuracy,,experiment_v1_4/phase_archives/P4/v1_4_frozen_test_evidence_20260922T033233833147.zip::run/seed2/composition_0/result.json,distance,composition_0,,0.9990234375
0,,0,,frozen_test,macro,,,2,macro_answer_ce,,experiment_v1_4/phase_archives/P4/v1_4_frozen_test_evidence_20260922T033233833147.zip::run/seed2/composition_0/result.json,distance,composition_0,,0.002754623604059425
0,,0,,frozen_test,0,,,2,count,,experiment_v1_4/phase_archives/P4/v1_4_frozen_test_evidence_20260922T033233833147.zip::run/seed2/composition_0/result.json,distance,composition_0,,1024
0,,0,,frozen_test,0,,,2,accuracy,,experiment_v1_4/phase_archives/P4/v1_4_frozen_test_evidence_20260922T033233833147.zip::run/seed2/composition_0/result.json,distance,composition_0,,0.9990234375
0,,0,,frozen_test,0,,,2,answer_ce,,experiment_v1_4/phase_archives/P4/v1_4_frozen_test_evidence_20260922T033233833147.zip::run/seed2/composition_0/result.json,distance,composition_0,,0.002754623604059425
0,,0,,frozen_test,1-2,,,2,count,,experiment_v1_4/phase_archives/P4/v1_4_frozen_test_evidence_20260922T033233833147.zip::run/seed2/composition_0/result.json,distance,composition_0,,0
0,,0,,frozen_test,1-2,,,2,accuracy,empty stratum or undefined metric; see count/coverage,experiment_v1_4/phase_archives/P4/v1_4_frozen_test_evidence_20260922T033233833147.zip::run/seed2/composition_0/result.json,distance,composition_0,,
0,,0,,frozen_test,1-2,,,2,answer_ce,empty stratum or undefined metric; see count/coverage,experiment_v1_4/phase_archives/P4/v1_4_frozen_test_evidence_20260922T033233833147.zip::run/seed2/composition_0/result.json,distance,composition_0,,
0,,0,,frozen_test,3+,,,2,count,,experiment_v1_4/phase_archives/P4/v1_4_frozen_test_evidence_20260922T033233833147.zip::run/seed2/composition_0/result.json,distance,composition_0,,0
0,,0,,frozen_test,3+,,,2,accuracy,empty stratum or undefined metric; see count/coverage,experiment_v1_4/phase_archives/P4/v1_4_frozen_test_evidence_20260922T033233833147.zip::run/seed2/composition_0/result.json,distance,composition_0,,
0,,0,,frozen_test,3+,,,2,answer_ce,empty stratum or undefined metric; see count/coverage,experiment_v1_4/phase_archives/P4/v1_4_frozen_test_evidence_20260922T033233833147.zip::run/seed2/composition_0/result.json,distance,composition_0,,
0,,0,,frozen_test,macro,,,2,coverage,,experiment_v1_4/phase_archives/P4/v1_4_frozen_test_evidence_20260922T033233833147.zip::run/seed2/composition_0/result.json,truth_table,composition_0,,0.3333333333333333
0,,0,,frozen_test,macro,,,2,macro_accuracy,,experiment_v1_4/phase_archives/P4/v1_4_frozen_test_evidence_20260922T033233833147.zip::run/seed2/composition_0/result.json,truth_table,composition_0,,0.9993961352657005
0,,0,,frozen_test,macro,,,2,macro_answer_ce,,experiment_v1_4/phase_archives/P4/v1_4_frozen_test_evidence_20260922T033233833147.zip::run/seed2/composition_0/result.json,truth_table,composition_0,,0.0025838349125941996
0,,0,,frozen_test,AND:00,,,2,count,,experiment_v1_4/phase_archives/P4/v1_4_frozen_test_evidence_20260922T033233833147.zip::run/seed2/composition_0/result.json,truth_table,composition_0,,0
0,,0,,frozen_test,AND:00,,,2,accuracy,empty stratum or undefined metric; see count/coverage,experiment_v1_4/phase_archives/P4/v1_4_frozen_test_evidence_20260922T033233833147.zip::run/seed2/composition_0/result.json,truth_table,composition_0,,
0,,0,,frozen_test,AND:00,,,2,answer_ce,empty stratum or undefined metric; see count/coverage,experiment_v1_4/phase_archives/P4/v1_4_frozen_test_evidence_20260922T033233833147.zip::run/seed2/composition_0/result.json,truth_table,composition_0,,
0,,0,,frozen_test,AND:01,,,2,count,,experiment_v1_4/phase_archives/P4/v1_4_frozen_test_evidence_20260922T033233833147.zip::run/seed2/composition_0/result.json,truth_table,composition_0,,0
0,,0,,frozen_test,AND:01,,,2,accuracy,empty stratum or undefined metric; see count/coverage,experiment_v1_4/phase_archives/P4/v1_4_frozen_test_evidence_20260922T033233833147.zip::run/seed2/composition_0/result.json,truth_table,composition_0,,
0,,0,,frozen_test,AND:01,,,2,answer_ce,empty stratum or undefined metric; see count/coverage,experiment_v1_4/phase_archives/P4/v1_4_frozen_test_evidence_20260922T033233833147.zip::run/seed2/composition_0/result.json,truth_table,composition_0,,
0,,0,,frozen_test,AND:10,,,2,count,,experiment_v1_4/phase_archives/P4/v1_4_frozen_test_evidence_20260922T033233833147.zip::run/seed2/composition_0/result.json,truth_table,composition_0,,0
0,,0,,frozen_test,AND:10,,,2,accuracy,empty stratum or undefined metric; see count/coverage,experiment_v1_4/phase_archives/P4/v1_4_frozen_test_evidence_20260922T033233833147.zip::run/seed2/composition_0/result.json,truth_table,composition_0,,
0,,0,,frozen_test,AND:10,,,2,answer_ce,empty stratum or undefined metric; see count/coverage,experiment_v1_4/phase_archives/P4/v1_4_frozen_test_evidence_20260922T033233833147.zip::run/seed2/composition_0/result.json,truth_table,composition_0,,
0,,0,,frozen_test,AND:11,,,2,count,,experiment_v1_4/phase_archives/P4/v1_4_frozen_test_evidence_20260922T033233833147.zip::run/seed2/composition_0/result.json,truth_table,composition_0,,0
0,,0,,frozen_test,AND:11,,,2,accuracy,empty stratum or undefined metric; see count/coverage,experiment_v1_4/phase_archives/P4/v1_4_frozen_test_evidence_20260922T033233833147.zip::run/seed2/composition_0/result.json,truth_table,composition_0,,
0,,0,,frozen_test,AND:11,,,2,answer_ce,empty stratum or undefined metric; see count/coverage,experiment_v1_4/phase_archives/P4/v1_4_frozen_test_evidence_20260922T033233833147.zip::run/seed2/composition_0/result.json,truth_table,composition_0,,
0,,0,,frozen_test,OR:00,,,2,count,,experiment_v1_4/phase_archives/P4/v1_4_frozen_test_evidence_20260922T033233833147.zip::run/seed2/composition_0/result.json,truth_table,composition_0,,414
0,,0,,frozen_test,OR:00,,,2,accuracy,,experiment_v1_4/phase_archives/P4/v1_4_frozen_test_evidence_20260922T033233833147.zip::run/seed2/composition_0/result.json,truth_table,composition_0,,0.9975845410628019
0,,0,,frozen_test,OR:00,,,2,answer_ce,,experiment_v1_4/phase_archives/P4/v1_4_frozen_test_evidence_20260922T033233833147.zip::run/seed2/composition_0/result.json,truth_table,composition_0,,0.004882231268948529
0,,0,,frozen_test,OR:01,,,2,count,,experiment_v1_4/phase_archives/P4/v1_4_frozen_test_evidence_20260922T033233833147.zip::run/seed2/composition_0/result.json,truth_table,composition_0,,349
0,,0,,frozen_test,OR:01,,,2,accuracy,,experiment_v1_4/phase_archives/P4/v1_4_frozen_test_evidence_20260922T033233833147.zip::run/seed2/composition_0/result.json,truth_table,composition_0,,1.0
0,,0,,frozen_test,OR:01,,,2,answer_ce,,experiment_v1_4/phase_archives/P4/v1_4_frozen_test_evidence_20260922T033233833147.zip::run/seed2/composition_0/result.json,truth_table,composition_0,,0.0009156580062281501
0,,0,,frozen_test,OR:10,,,2,count,,experiment_v1_4/phase_archives/P4/v1_4_frozen_test_evidence_20260922T033233833147.zip::run/seed2/composition_0/result.json,truth_table,composition_0,,84
0,,0,,frozen_test,OR:10,,,2,accuracy,,experiment_v1_4/phase_archives/P4/v1_4_frozen_test_evidence_20260922T033233833147.zip::run/seed2/composition_0/result.json,truth_table,composition_0,,1.0
0,,0,,frozen_test,OR:10,,,2,answer_ce,,experiment_v1_4/phase_archives/P4/v1_4_frozen_test_evidence_20260922T033233833147.zip::run/seed2/composition_0/result.json,truth_table,composition_0,,0.00347529607926758
0,,0,,frozen_test,OR:11,,,2,count,,experiment_v1_4/phase_archives/P4/v1_4_frozen_test_evidence_20260922T033233833147.zip::run/seed2/composition_0/result.json,truth_table,composition_0,,177
0,,0,,frozen_test,OR:11,,,2,accuracy,,experiment_v1_4/phase_archives/P4/v1_4_frozen_test_evidence_20260922T033233833147.zip::run/seed2/composition_0/result.json,truth_table,composition_0,,1.0
0,,0,,frozen_test,OR:11,,,2,answer_ce,,experiment_v1_4/phase_archives/P4/v1_4_frozen_test_evidence_20260922T033233833147.zip::run/seed2/composition_0/result.json,truth_table,composition_0,,0.0010621542959325383
0,,0,,frozen_test,XOR:00,,,2,count,,experiment_v1_4/phase_archives/P4/v1_4_frozen_test_evidence_20260922T033233833147.zip::run/seed2/composition_0/result.json,truth_table,composition_0,,0
0,,0,,frozen_test,XOR:00,,,2,accuracy,empty stratum or undefined metric; see count/coverage,experiment_v1_4/phase_archives/P4/v1_4_frozen_test_evidence_20260922T033233833147.zip::run/seed2/composition_0/result.json,truth_table,composition_0,,
0,,0,,frozen_test,XOR:00,,,2,answer_ce,empty stratum or undefined metric; see count/coverage,experiment_v1_4/phase_archives/P4/v1_4_frozen_test_evidence_20260922T033233833147.zip::run/seed2/composition_0/result.json,truth_table,composition_0,,
0,,0,,frozen_test,XOR:01,,,2,count,,experiment_v1_4/phase_archives/P4/v1_4_frozen_test_evidence_20260922T033233833147.zip::run/seed2/composition_0/result.json,truth_table,composition_0,,0
0,,0,,frozen_test,XOR:01,,,2,accuracy,empty stratum or undefined metric; see count/coverage,experiment_v1_4/phase_archives/P4/v1_4_frozen_test_evidence_20260922T033233833147.zip::run/seed2/composition_0/result.json,truth_table,composition_0,,
0,,0,,frozen_test,XOR:01,,,2,answer_ce,empty stratum or undefined metric; see count/coverage,experiment_v1_4/phase_archives/P4/v1_4_frozen_test_evidence_20260922T033233833147.zip::run/seed2/composition_0/result.json,truth_table,composition_0,,
0,,0,,frozen_test,XOR:10,,,2,count,,experiment_v1_4/phase_archives/P4/v1_4_frozen_test_evidence_20260922T033233833147.zip::run/seed2/composition_0/result.json,truth_table,composition_0,,0
0,,0,,frozen_test,XOR:10,,,2,accuracy,empty stratum or undefined metric; see count/coverage,experiment_v1_4/phase_archives/P4/v1_4_frozen_test_evidence_20260922T033233833147.zip::run/seed2/composition_0/result.json,truth_table,composition_0,,
0,,0,,frozen_test,XOR:10,,,2,answer_ce,empty stratum or undefined metric; see count/coverage,experiment_v1_4/phase_archives/P4/v1_4_frozen_test_evidence_20260922T033233833147.zip::run/seed2/composition_0/result.json,truth_table,composition_0,,
0,,0,,frozen_test,XOR:11,,,2,count,,experiment_v1_4/phase_archives/P4/v1_4_frozen_test_evidence_20260922T033233833147.zip::run/seed2/composition_0/result.json,truth_table,composition_0,,0
0,,0,,frozen_test,XOR:11,,,2,accuracy,empty stratum or undefined metric; see count/coverage,experiment_v1_4/phase_archives/P4/v1_4_frozen_test_evidence_20260922T033233833147.zip::run/seed2/composition_0/result.json,truth_table,composition_0,,
0,,0,,frozen_test,XOR:11,,,2,answer_ce,empty stratum or undefined metric; see count/coverage,experiment_v1_4/phase_archives/P4/v1_4_frozen_test_evidence_20260922T033233833147.zip::run/seed2/composition_0/result.json,truth_table,composition_0,,
1000,13600637376954341196,1000,,frozen_test,,,,2,answer_count,,experiment_v1_4/phase_archives/P4/v1_4_frozen_test_evidence_20260922T033233833147.zip::run/seed2/composition_1/result.json,overall,composition_1,,1024
1000,13600637376954341196,1000,,frozen_test,,,,2,sequence_count,,experiment_v1_4/phase_archives/P4/v1_4_frozen_test_evidence_20260922T033233833147.zip::run/seed2/composition_1/result.json,overall,composition_1,,1024
1000,13600637376954341196,1000,,frozen_test,,0.011232602183254857,0.0009186680131695324,2,answer_ce,,experiment_v1_4/phase_archives/P4/v1_4_frozen_test_evidence_20260922T033233833147.zip::run/seed2/composition_1/result.json,overall,composition_1,,0.004507380735683242
1000,13600637376954341196,1000,,frozen_test,,1.0,0.99609375,2,accuracy,,experiment_v1_4/phase_archives/P4/v1_4_frozen_test_evidence_20260922T033233833147.zip::run/seed2/composition_1/result.json,overall,composition_1,,0.9990234375
1000,13600637376954341196,1000,,frozen_test,,1.0,0.99609375,2,binary_accuracy,,experiment_v1_4/phase_archives/P4/v1_4_frozen_test_evidence_20260922T033233833147.zip::run/seed2/composition_1/result.json,overall,composition_1,,0.9990234375
1000,13600637376954341196,1000,,frozen_test,,0.9999868216022151,0.9999858052324271,2,bit_mass,,experiment_v1_4/phase_archives/P4/v1_4_frozen_test_evidence_20260922T033233833147.zip::run/seed2/composition_1/result.json,overall,composition_1,,0.9999863196862862
1000,13600637376954341196,1000,,frozen_test,,,,2,all_token_ce,,experiment_v1_4/phase_archives/P4/v1_4_frozen_test_evidence_20260922T033233833147.zip::run/seed2/composition_1/result.json,overall,composition_1,,0.9805681805631736
1000,13600637376954341196,1000,,frozen_test,,,,2,prediction_tokens,,experiment_v1_4/phase_archives/P4/v1_4_frozen_test_evidence_20260922T033233833147.zip::run/seed2/composition_1/result.json,overall,composition_1,,122379
0,,0,,frozen_test,,,,2,count,,experiment_v1_4/phase_archives/P4/v1_4_frozen_test_evidence_20260922T033233833147.zip::run/seed2/composition_1/result.json,baselines,composition_1,,1024
0,,0,,frozen_test,,,,2,majority_prediction,,experiment_v1_4/phase_archives/P4/v1_4_frozen_test_evidence_20260922T033233833147.zip::run/seed2/composition_1/result.json,baselines,composition_1,,0
0,,0,,frozen_test,,,,2,split_majority_accuracy,,experiment_v1_4/phase_archives/P4/v1_4_frozen_test_evidence_20260922T033233833147.zip::run/seed2/composition_1/result.json,baselines,composition_1,,0.826171875
0,,0,,frozen_test,,,,2,independent_bernoulli_expected_accuracy,,experiment_v1_4/phase_archives/P4/v1_4_frozen_test_evidence_20260922T033233833147.zip::run/seed2/composition_1/result.json,baselines,composition_1,,0.5
0,,0,,frozen_test,,,,2,latest_set_or_initialization_accuracy,,experiment_v1_4/phase_archives/P4/v1_4_frozen_test_evidence_20260922T033233833147.zip::run/seed2/composition_1/result.json,baselines,composition_1,,0.5244140625
0,,0,,frozen_test,,,,2,latest_read_copy_accuracy,,experiment_v1_4/phase_archives/P4/v1_4_frozen_test_evidence_20260922T033233833147.zip::run/seed2/composition_1/result.json,baselines,composition_1,,0.6533203125
0,,0,,frozen_test,macro,,,2,coverage,,experiment_v1_4/phase_archives/P4/v1_4_frozen_test_evidence_20260922T033233833147.zip::run/seed2/composition_1/result.json,operator,composition_1,,0.16666666666666666
0,,0,,frozen_test,macro,,,2,macro_accuracy,,experiment_v1_4/phase_archives/P4/v1_4_frozen_test_evidence_20260922T033233833147.zip::run/seed2/composition_1/result.json,operator,composition_1,,0.9990234375
0,,0,,frozen_test,macro,,,2,macro_answer_ce,,experiment_v1_4/phase_archives/P4/v1_4_frozen_test_evidence_20260922T033233833147.zip::run/seed2/composition_1/result.json,operator,composition_1,,0.004507380735683242
0,,0,,frozen_test,initialization,,,2,count,,experiment_v1_4/phase_archives/P4/v1_4_frozen_test_evidence_20260922T033233833147.zip::run/seed2/composition_1/result.json,operator,composition_1,,0
0,,0,,frozen_test,initialization,,,2,accuracy,empty stratum or undefined metric; see count/coverage,experiment_v1_4/phase_archives/P4/v1_4_frozen_test_evidence_20260922T033233833147.zip::run/seed2/composition_1/result.json,operator,composition_1,,
0,,0,,frozen_test,initialization,,,2,answer_ce,empty stratum or undefined metric; see count/coverage,experiment_v1_4/phase_archives/P4/v1_4_frozen_test_evidence_20260922T033233833147.zip::run/seed2/composition_1/result.json,operator,composition_1,,
0,,0,,frozen_test,SET,,,2,count,,experiment_v1_4/phase_archives/P4/v1_4_frozen_test_evidence_20260922T033233833147.zip::run/seed2/composition_1/result.json,operator,composition_1,,0
0,,0,,frozen_test,SET,,,2,accuracy,empty stratum or undefined metric; see count/coverage,experiment_v1_4/phase_archives/P4/v1_4_frozen_test_evidence_20260922T033233833147.zip::run/seed2/composition_1/result.json,operator,composition_1,,
0,,0,,frozen_test,SET,,,2,answer_ce,empty stratum or undefined metric; see count/coverage,experiment_v1_4/phase_archives/P4/v1_4_frozen_test_evidence_20260922T033233833147.zip::run/seed2/composition_1/result.json,operator,composition_1,,
0,,0,,frozen_test,NOT,,,2,count,,experiment_v1_4/phase_archives/P4/v1_4_frozen_test_evidence_20260922T033233833147.zip::run/seed2/composition_1/result.json,operator,composition_1,,0
0,,0,,frozen_test,NOT,,,2,accuracy,empty stratum or undefined metric; see count/coverage,experiment_v1_4/phase_archives/P4/v1_4_frozen_test_evidence_20260922T033233833147.zip::run/seed2/composition_1/result.json,operator,composition_1,,
0,,0,,frozen_test,NOT,,,2,answer_ce,empty stratum or undefined metric; see count/coverage,experiment_v1_4/phase_archives/P4/v1_4_frozen_test_evidence_20260922T033233833147.zip::run/seed2/composition_1/result.json,operator,composition_1,,
0,,0,,frozen_test,AND,,,2,count,,experiment_v1_4/phase_archives/P4/v1_4_frozen_test_evidence_20260922T033233833147.zip::run/seed2/composition_1/result.json,operator,composition_1,,1024
0,,0,,frozen_test,AND,,,2,accuracy,,experiment_v1_4/phase_archives/P4/v1_4_frozen_test_evidence_20260922T033233833147.zip::run/seed2/composition_1/result.json,operator,composition_1,,0.9990234375
0,,0,,frozen_test,AND,,,2,answer_ce,,experiment_v1_4/phase_archives/P4/v1_4_frozen_test_evidence_20260922T033233833147.zip::run/seed2/composition_1/result.json,operator,composition_1,,0.004507380735683242
0,,0,,frozen_test,OR,,,2,count,,experiment_v1_4/phase_archives/P4/v1_4_frozen_test_evidence_20260922T033233833147.zip::run/seed2/composition_1/result.json,operator,composition_1,,0
0,,0,,frozen_test,OR,,,2,accuracy,empty stratum or undefined metric; see count/coverage,experiment_v1_4/phase_archives/P4/v1_4_frozen_test_evidence_20260922T033233833147.zip::run/seed2/composition_1/result.json,operator,composition_1,,
0,,0,,frozen_test,OR,,,2,answer_ce,empty stratum or undefined metric; see count/coverage,experiment_v1_4/phase_archives/P4/v1_4_frozen_test_evidence_20260922T033233833147.zip::run/seed2/composition_1/result.json,operator,composition_1,,
0,,0,,frozen_test,XOR,,,2,count,,experiment_v1_4/phase_archives/P4/v1_4_frozen_test_evidence_20260922T033233833147.zip::run/seed2/composition_1/result.json,operator,composition_1,,0
0,,0,,frozen_test,XOR,,,2,accuracy,empty stratum or undefined metric; see count/coverage,experiment_v1_4/phase_archives/P4/v1_4_frozen_test_evidence_20260922T033233833147.zip::run/seed2/composition_1/result.json,operator,composition_1,,
0,,0,,frozen_test,XOR,,,2,answer_ce,empty stratum or undefined metric; see count/coverage,experiment_v1_4/phase_archives/P4/v1_4_frozen_test_evidence_20260922T033233833147.zip::run/seed2/composition_1/result.json,operator,composition_1,,
0,,0,,frozen_test,macro,,,2,coverage,,experiment_v1_4/phase_archives/P4/v1_4_frozen_test_evidence_20260922T033233833147.zip::run/seed2/composition_1/result.json,query_var,composition_1,,1.0
0,,0,,frozen_test,macro,,,2,macro_accuracy,,experiment_v1_4/phase_archives/P4/v1_4_frozen_test_evidence_20260922T033233833147.zip::run/seed2/composition_1/result.json,query_var,composition_1,,0.9989406779661016
0,,0,,frozen_test,macro,,,2,macro_answer_ce,,experiment_v1_4/phase_archives/P4/v1_4_frozen_test_evidence_20260922T033233833147.zip::run/seed2/composition_1/result.json,query_var,composition_1,,0.004721344957602559
0,,0,,frozen_test,A,,,2,count,,experiment_v1_4/phase_archives/P4/v1_4_frozen_test_evidence_20260922T033233833147.zip::run/seed2/composition_1/result.json,query_var,composition_1,,268
0,,0,,frozen_test,A,,,2,accuracy,,experiment_v1_4/phase_archives/P4/v1_4_frozen_test_evidence_20260922T033233833147.zip::run/seed2/composition_1/result.json,query_var,composition_1,,1.0
0,,0,,frozen_test,A,,,2,answer_ce,,experiment_v1_4/phase_archives/P4/v1_4_frozen_test_evidence_20260922T033233833147.zip::run/seed2/composition_1/result.json,query_var,composition_1,,0.002475344684782287
0,,0,,frozen_test,B,,,2,count,,experiment_v1_4/phase_archives/P4/v1_4_frozen_test_evidence_20260922T033233833147.zip::run/seed2/composition_1/result.json,query_var,composition_1,,236
0,,0,,frozen_test,B,,,2,accuracy,,experiment_v1_4/phase_archives/P4/v1_4_frozen_test_evidence_20260922T033233833147.zip::run/seed2/composition_1/result.json,query_var,composition_1,,0.9957627118644068
0,,0,,frozen_test,B,,,2,answer_ce,,experiment_v1_4/phase_archives/P4/v1_4_frozen_test_evidence_20260922T033233833147.zip::run/seed2/composition_1/result.json,query_var,composition_1,,0.01327434030615947
0,,0,,frozen_test,C,,,2,count,,experiment_v1_4/phase_archives/P4/v1_4_frozen_test_evidence_20260922T033233833147.zip::run/seed2/composition_1/result.json,query_var,composition_1,,262
0,,0,,frozen_test,C,,,2,accuracy,,experiment_v1_4/phase_archives/P4/v1_4_frozen_test_evidence_20260922T033233833147.zip::run/seed2/composition_1/result.json,query_var,composition_1,,1.0
0,,0,,frozen_test,C,,,2,answer_ce,,experiment_v1_4/phase_archives/P4/v1_4_frozen_test_evidence_20260922T033233833147.zip::run/seed2/composition_1/result.json,query_var,composition_1,,0.0026029792453710235
0,,0,,frozen_test,D,,,2,count,,experiment_v1_4/phase_archives/P4/v1_4_frozen_test_evidence_20260922T033233833147.zip::run/seed2/composition_1/result.json,query_var,composition_1,,258
0,,0,,frozen_test,D,,,2,accuracy,,experiment_v1_4/phase_archives/P4/v1_4_frozen_test_evidence_20260922T033233833147.zip::run/seed2/composition_1/result.json,query_var,composition_1,,1.0
0,,0,,frozen_test,D,,,2,answer_ce,,experiment_v1_4/phase_archives/P4/v1_4_frozen_test_evidence_20260922T033233833147.zip::run/seed2/composition_1/result.json,query_var,composition_1,,0.0005327155940974553
0,,0,,frozen_test,macro,,,2,coverage,,experiment_v1_4/phase_archives/P4/v1_4_frozen_test_evidence_20260922T033233833147.zip::run/seed2/composition_1/result.json,answer,composition_1,,1.0
0,,0,,frozen_test,macro,,,2,macro_accuracy,,experiment_v1_4/phase_archives/P4/v1_4_frozen_test_evidence_20260922T033233833147.zip::run/seed2/composition_1/result.json,answer,composition_1,,0.9994089834515367
0,,0,,frozen_test,macro,,,2,macro_answer_ce,,experiment_v1_4/phase_archives/P4/v1_4_frozen_test_evidence_20260922T033233833147.zip::run/seed2/composition_1/result.json,answer,composition_1,,0.004953419584841199
0,,0,,frozen_test,0,,,2,count,,experiment_v1_4/phase_archives/P4/v1_4_frozen_test_evidence_20260922T033233833147.zip::run/seed2/composition_1/result.json,answer,composition_1,,846
0,,0,,frozen_test,0,,,2,accuracy,,experiment_v1_4/phase_archives/P4/v1_4_frozen_test_evidence_20260922T033233833147.zip::run/seed2/composition_1/result.json,answer,composition_1,,0.9988179669030733
0,,0,,frozen_test,0,,,2,answer_ce,,experiment_v1_4/phase_archives/P4/v1_4_frozen_test_evidence_20260922T033233833147.zip::run/seed2/composition_1/result.json,answer,composition_1,,0.004269671408886486
0,,0,,frozen_test,1,,,2,count,,experiment_v1_4/phase_archives/P4/v1_4_frozen_test_evidence_20260922T033233833147.zip::run/seed2/composition_1/result.json,answer,composition_1,,178
0,,0,,frozen_test,1,,,2,accuracy,,experiment_v1_4/phase_archives/P4/v1_4_frozen_test_evidence_20260922T033233833147.zip::run/seed2/composition_1/result.json,answer,composition_1,,1.0
0,,0,,frozen_test,1,,,2,answer_ce,,experiment_v1_4/phase_archives/P4/v1_4_frozen_test_evidence_20260922T033233833147.zip::run/seed2/composition_1/result.json,answer,composition_1,,0.005637167760795911
0,,0,,frozen_test,macro,,,2,coverage,,experiment_v1_4/phase_archives/P4/v1_4_frozen_test_evidence_20260922T033233833147.zip::run/seed2/composition_1/result.json,blocks,composition_1,,1.0
0,,0,,frozen_test,macro,,,2,macro_accuracy,,experiment_v1_4/phase_archives/P4/v1_4_frozen_test_evidence_20260922T033233833147.zip::run/seed2/composition_1/result.json,blocks,composition_1,,0.9989304812834224
0,,0,,frozen_test,macro,,,2,macro_answer_ce,,experiment_v1_4/phase_archives/P4/v1_4_frozen_test_evidence_20260922T033233833147.zip::run/seed2/composition_1/result.json,blocks,composition_1,,0.004804091972906646
0,,0,,frozen_test,8,,,2,count,,experiment_v1_4/phase_archives/P4/v1_4_frozen_test_evidence_20260922T033233833147.zip::run/seed2/composition_1/result.json,blocks,composition_1,,85
0,,0,,frozen_test,8,,,2,accuracy,,experiment_v1_4/phase_archives/P4/v1_4_frozen_test_evidence_20260922T033233833147.zip::run/seed2/composition_1/result.json,blocks,composition_1,,1.0
0,,0,,frozen_test,8,,,2,answer_ce,,experiment_v1_4/phase_archives/P4/v1_4_frozen_test_evidence_20260922T033233833147.zip::run/seed2/composition_1/result.json,blocks,composition_1,,0.0003279659614824649
0,,0,,frozen_test,9,,,2,count,,experiment_v1_4/phase_archives/P4/v1_4_frozen_test_evidence_20260922T033233833147.zip::run/seed2/composition_1/result.json,blocks,composition_1,,63
0,,0,,frozen_test,9,,,2,accuracy,,experiment_v1_4/phase_archives/P4/v1_4_frozen_test_evidence_20260922T033233833147.zip::run/seed2/composition_1/result.json,blocks,composition_1,,1.0
0,,0,,frozen_test,9,,,2,answer_ce,,experiment_v1_4/phase_archives/P4/v1_4_frozen_test_evidence_20260922T033233833147.zip::run/seed2/composition_1/result.json,blocks,composition_1,,0.0001097716816123769
0,,0,,frozen_test,10,,,2,count,,experiment_v1_4/phase_archives/P4/v1_4_frozen_test_evidence_20260922T033233833147.zip::run/seed2/composition_1/result.json,blocks,composition_1,,76
0,,0,,frozen_test,10,,,2,accuracy,,experiment_v1_4/phase_archives/P4/v1_4_frozen_test_evidence_20260922T033233833147.zip::run/seed2/composition_1/result.json,blocks,composition_1,,1.0
0,,0,,frozen_test,10,,,2,answer_ce,,experiment_v1_4/phase_archives/P4/v1_4_frozen_test_evidence_20260922T033233833147.zip::run/seed2/composition_1/result.json,blocks,composition_1,,0.00012706041386416857
0,,0,,frozen_test,11,,,2,count,,experiment_v1_4/phase_archives/P4/v1_4_frozen_test_evidence_20260922T033233833147.zip::run/seed2/composition_1/result.json,blocks,composition_1,,71
0,,0,,frozen_test,11,,,2,accuracy,,experiment_v1_4/phase_archives/P4/v1_4_frozen_test_evidence_20260922T033233833147.zip::run/seed2/composition_1/result.json,blocks,composition_1,,1.0
0,,0,,frozen_test,11,,,2,answer_ce,,experiment_v1_4/phase_archives/P4/v1_4_frozen_test_evidence_20260922T033233833147.zip::run/seed2/composition_1/result.json,blocks,composition_1,,0.001020298744971486
0,,0,,frozen_test,12,,,2,count,,experiment_v1_4/phase_archives/P4/v1_4_frozen_test_evidence_20260922T033233833147.zip::run/seed2/composition_1/result.json,blocks,composition_1,,80
0,,0,,frozen_test,12,,,2,accuracy,,experiment_v1_4/phase_archives/P4/v1_4_frozen_test_evidence_20260922T033233833147.zip::run/seed2/composition_1/result.json,blocks,composition_1,,1.0
0,,0,,frozen_test,12,,,2,answer_ce,,experiment_v1_4/phase_archives/P4/v1_4_frozen_test_evidence_20260922T033233833147.zip::run/seed2/composition_1/result.json,blocks,composition_1,,0.0014203940594484266
0,,0,,frozen_test,13,,,2,count,,experiment_v1_4/phase_archives/P4/v1_4_frozen_test_evidence_20260922T033233833147.zip::run/seed2/composition_1/result.json,blocks,composition_1,,69
0,,0,,frozen_test,13,,,2,accuracy,,experiment_v1_4/phase_archives/P4/v1_4_frozen_test_evidence_20260922T033233833147.zip::run/seed2/composition_1/result.json,blocks,composition_1,,1.0
0,,0,,frozen_test,13,,,2,answer_ce,,experiment_v1_4/phase_archives/P4/v1_4_frozen_test_evidence_20260922T033233833147.zip::run/seed2/composition_1/result.json,blocks,composition_1,,0.007001519262738167
0,,0,,frozen_test,14,,,2,count,,experiment_v1_4/phase_archives/P4/v1_4_frozen_test_evidence_20260922T033233833147.zip::run/seed2/composition_1/result.json,blocks,composition_1,,61
0,,0,,frozen_test,14,,,2,accuracy,,experiment_v1_4/phase_archives/P4/v1_4_frozen_test_evidence_20260922T033233833147.zip::run/seed2/composition_1/result.json,blocks,composition_1,,1.0
0,,0,,frozen_test,14,,,2,answer_ce,,experiment_v1_4/phase_archives/P4/v1_4_frozen_test_evidence_20260922T033233833147.zip::run/seed2/composition_1/result.json,blocks,composition_1,,0.0008200610861168854
0,,0,,frozen_test,15,,,2,count,,experiment_v1_4/phase_archives/P4/v1_4_frozen_test_evidence_20260922T033233833147.zip::run/seed2/composition_1/result.json,blocks,composition_1,,42
0,,0,,frozen_test,15,,,2,accuracy,,experiment_v1_4/phase_archives/P4/v1_4_frozen_test_evidence_20260922T033233833147.zip::run/seed2/composition_1/result.json,blocks,composition_1,,1.0
0,,0,,frozen_test,15,,,2,answer_ce,,experiment_v1_4/phase_archives/P4/v1_4_frozen_test_evidence_20260922T033233833147.zip::run/seed2/composition_1/result.json,blocks,composition_1,,0.00010927911647567747
0,,0,,frozen_test,16,,,2,count,,experiment_v1_4/phase_archives/P4/v1_4_frozen_test_evidence_20260922T033233833147.zip::run/seed2/composition_1/result.json,blocks,composition_1,,53
0,,0,,frozen_test,16,,,2,accuracy,,experiment_v1_4/phase_archives/P4/v1_4_frozen_test_evidence_20260922T033233833147.zip::run/seed2/composition_1/result.json,blocks,composition_1,,1.0
0,,0,,frozen_test,16,,,2,answer_ce,,experiment_v1_4/phase_archives/P4/v1_4_frozen_test_evidence_20260922T033233833147.zip::run/seed2/composition_1/result.json,blocks,composition_1,,0.004291116279726442
0,,0,,frozen_test,17,,,2,count,,experiment_v1_4/phase_archives/P4/v1_4_frozen_test_evidence_20260922T033233833147.zip::run/seed2/composition_1/result.json,blocks,composition_1,,54
0,,0,,frozen_test,17,,,2,accuracy,,experiment_v1_4/phase_archives/P4/v1_4_frozen_test_evidence_20260922T033233833147.zip::run/seed2/composition_1/result.json,blocks,composition_1,,1.0
0,,0,,frozen_test,17,,,2,answer_ce,,experiment_v1_4/phase_archives/P4/v1_4_frozen_test_evidence_20260922T033233833147.zip::run/seed2/composition_1/result.json,blocks,composition_1,,0.0006424979418861094
0,,0,,frozen_test,18,,,2,count,,experiment_v1_4/phase_archives/P4/v1_4_frozen_test_evidence_20260922T033233833147.zip::run/seed2/composition_1/result.json,blocks,composition_1,,62
0,,0,,frozen_test,18,,,2,accuracy,,experiment_v1_4/phase_archives/P4/v1_4_frozen_test_evidence_20260922T033233833147.zip::run/seed2/composition_1/result.json,blocks,composition_1,,1.0
0,,0,,frozen_test,18,,,2,answer_ce,,experiment_v1_4/phase_archives/P4/v1_4_frozen_test_evidence_20260922T033233833147.zip::run/seed2/composition_1/result.json,blocks,composition_1,,0.0002862003673931946
0,,0,,frozen_test,19,,,2,count,,experiment_v1_4/phase_archives/P4/v1_4_frozen_test_evidence_20260922T033233833147.zip::run/seed2/composition_1/result.json,blocks,composition_1,,49
0,,0,,frozen_test,19,,,2,accuracy,,experiment_v1_4/phase_archives/P4/v1_4_frozen_test_evidence_20260922T033233833147.zip::run/seed2/composition_1/result.json,blocks,composition_1,,1.0
0,,0,,frozen_test,19,,,2,answer_ce,,experiment_v1_4/phase_archives/P4/v1_4_frozen_test_evidence_20260922T033233833147.zip::run/seed2/composition_1/result.json,blocks,composition_1,,0.0006172061210941602
0,,0,,frozen_test,20,,,2,count,,experiment_v1_4/phase_archives/P4/v1_4_frozen_test_evidence_20260922T033233833147.zip::run/seed2/composition_1/result.json,blocks,composition_1,,50
0,,0,,frozen_test,20,,,2,accuracy,,experiment_v1_4/phase_archives/P4/v1_4_frozen_test_evidence_20260922T033233833147.zip::run/seed2/composition_1/result.json,blocks,composition_1,,1.0
0,,0,,frozen_test,20,,,2,answer_ce,,experiment_v1_4/phase_archives/P4/v1_4_frozen_test_evidence_20260922T033233833147.zip::run/seed2/composition_1/result.json,blocks,composition_1,,0.0010281021205992148
0,,0,,frozen_test,21,,,2,count,,experiment_v1_4/phase_archives/P4/v1_4_frozen_test_evidence_20260922T033233833147.zip::run/seed2/composition_1/result.json,blocks,composition_1,,44
0,,0,,frozen_test,21,,,2,accuracy,,experiment_v1_4/phase_archives/P4/v1_4_frozen_test_evidence_20260922T033233833147.zip::run/seed2/composition_1/result.json,blocks,composition_1,,1.0
0,,0,,frozen_test,21,,,2,answer_ce,,experiment_v1_4/phase_archives/P4/v1_4_frozen_test_evidence_20260922T033233833147.zip::run/seed2/composition_1/result.json,blocks,composition_1,,0.008438000249394794
0,,0,,frozen_test,22,,,2,count,,experiment_v1_4/phase_archives/P4/v1_4_frozen_test_evidence_20260922T033233833147.zip::run/seed2/composition_1/result.json,blocks,composition_1,,55
0,,0,,frozen_test,22,,,2,accuracy,,experiment_v1_4/phase_archives/P4/v1_4_frozen_test_evidence_20260922T033233833147.zip::run/seed2/composition_1/result.json,blocks,composition_1,,0.9818181818181818
0,,0,,frozen_test,22,,,2,answer_ce,,experiment_v1_4/phase_archives/P4/v1_4_frozen_test_evidence_20260922T033233833147.zip::run/seed2/composition_1/result.json,blocks,composition_1,,0.04804257621852395
0,,0,,frozen_test,23,,,2,count,,experiment_v1_4/phase_archives/P4/v1_4_frozen_test_evidence_20260922T033233833147.zip::run/seed2/composition_1/result.json,blocks,composition_1,,44
0,,0,,frozen_test,23,,,2,accuracy,,experiment_v1_4/phase_archives/P4/v1_4_frozen_test_evidence_20260922T033233833147.zip::run/seed2/composition_1/result.json,blocks,composition_1,,1.0
0,,0,,frozen_test,23,,,2,answer_ce,,experiment_v1_4/phase_archives/P4/v1_4_frozen_test_evidence_20260922T033233833147.zip::run/seed2/composition_1/result.json,blocks,composition_1,,0.0006994889298022662
0,,0,,frozen_test,24,,,2,count,,experiment_v1_4/phase_archives/P4/v1_4_frozen_test_evidence_20260922T033233833147.zip::run/seed2/composition_1/result.json,blocks,composition_1,,66
0,,0,,frozen_test,24,,,2,accuracy,,experiment_v1_4/phase_archives/P4/v1_4_frozen_test_evidence_20260922T033233833147.zip::run/seed2/composition_1/result.json,blocks,composition_1,,1.0
0,,0,,frozen_test,24,,,2,answer_ce,,experiment_v1_4/phase_archives/P4/v1_4_frozen_test_evidence_20260922T033233833147.zip::run/seed2/composition_1/result.json,blocks,composition_1,,0.006688024984283182
0,,0,,frozen_test,macro,,,2,coverage,,experiment_v1_4/phase_archives/P4/v1_4_frozen_test_evidence_20260922T033233833147.zip::run/seed2/composition_1/result.json,distance,composition_1,,0.3333333333333333
0,,0,,frozen_test,macro,,,2,macro_accuracy,,experiment_v1_4/phase_archives/P4/v1_4_frozen_test_evidence_20260922T033233833147.zip::run/seed2/composition_1/result.json,distance,composition_1,,0.9990234375
0,,0,,frozen_test,macro,,,2,macro_answer_ce,,experiment_v1_4/phase_archives/P4/v1_4_frozen_test_evidence_20260922T033233833147.zip::run/seed2/composition_1/result.json,distance,composition_1,,0.004507380735683242
0,,0,,frozen_test,0,,,2,count,,experiment_v1_4/phase_archives/P4/v1_4_frozen_test_evidence_20260922T033233833147.zip::run/seed2/composition_1/result.json,distance,composition_1,,1024
0,,0,,frozen_test,0,,,2,accuracy,,experiment_v1_4/phase_archives/P4/v1_4_frozen_test_evidence_20260922T033233833147.zip::run/seed2/composition_1/result.json,distance,composition_1,,0.9990234375
0,,0,,frozen_test,0,,,2,answer_ce,,experiment_v1_4/phase_archives/P4/v1_4_frozen_test_evidence_20260922T033233833147.zip::run/seed2/composition_1/result.json,distance,composition_1,,0.004507380735683242
0,,0,,frozen_test,1-2,,,2,count,,experiment_v1_4/phase_archives/P4/v1_4_frozen_test_evidence_20260922T033233833147.zip::run/seed2/composition_1/result.json,distance,composition_1,,0
0,,0,,frozen_test,1-2,,,2,accuracy,empty stratum or undefined metric; see count/coverage,experiment_v1_4/phase_archives/P4/v1_4_frozen_test_evidence_20260922T033233833147.zip::run/seed2/composition_1/result.json,distance,composition_1,,
0,,0,,frozen_test,1-2,,,2,answer_ce,empty stratum or undefined metric; see count/coverage,experiment_v1_4/phase_archives/P4/v1_4_frozen_test_evidence_20260922T033233833147.zip::run/seed2/composition_1/result.json,distance,composition_1,,
0,,0,,frozen_test,3+,,,2,count,,experiment_v1_4/phase_archives/P4/v1_4_frozen_test_evidence_20260922T033233833147.zip::run/seed2/composition_1/result.json,distance,composition_1,,0
0,,0,,frozen_test,3+,,,2,accuracy,empty stratum or undefined metric; see count/coverage,experiment_v1_4/phase_archives/P4/v1_4_frozen_test_evidence_20260922T033233833147.zip::run/seed2/composition_1/result.json,distance,composition_1,,
0,,0,,frozen_test,3+,,,2,answer_ce,empty stratum or undefined metric; see count/coverage,experiment_v1_4/phase_archives/P4/v1_4_frozen_test_evidence_20260922T033233833147.zip::run/seed2/composition_1/result.json,distance,composition_1,,
0,,0,,frozen_test,macro,,,2,coverage,,experiment_v1_4/phase_archives/P4/v1_4_frozen_test_evidence_20260922T033233833147.zip::run/seed2/composition_1/result.json,truth_table,composition_1,,0.3333333333333333
0,,0,,frozen_test,macro,,,2,macro_accuracy,,experiment_v1_4/phase_archives/P4/v1_4_frozen_test_evidence_20260922T033233833147.zip::run/seed2/composition_1/result.json,truth_table,composition_1,,0.9992469879518072
0,,0,,frozen_test,macro,,,2,macro_answer_ce,,experiment_v1_4/phase_archives/P4/v1_4_frozen_test_evidence_20260922T033233833147.zip::run/seed2/composition_1/result.json,truth_table,composition_1,,0.00420881346534133
0,,0,,frozen_test,AND:00,,,2,count,,experiment_v1_4/phase_archives/P4/v1_4_frozen_test_evidence_20260922T033233833147.zip::run/seed2/composition_1/result.json,truth_table,composition_1,,273
0,,0,,frozen_test,AND:00,,,2,accuracy,,experiment_v1_4/phase_archives/P4/v1_4_frozen_test_evidence_20260922T033233833147.zip::run/seed2/composition_1/result.json,truth_table,composition_1,,1.0
0,,0,,frozen_test,AND:00,,,2,answer_ce,,experiment_v1_4/phase_archives/P4/v1_4_frozen_test_evidence_20260922T033233833147.zip::run/seed2/composition_1/result.json,truth_table,composition_1,,0.0016637927554409996
0,,0,,frozen_test,AND:01,,,2,count,,experiment_v1_4/phase_archives/P4/v1_4_frozen_test_evidence_20260922T033233833147.zip::run/seed2/composition_1/result.json,truth_table,composition_1,,332
0,,0,,frozen_test,AND:01,,,2,accuracy,,experiment_v1_4/phase_archives/P4/v1_4_frozen_test_evidence_20260922T033233833147.zip::run/seed2/composition_1/result.json,truth_table,composition_1,,0.9969879518072289
0,,0,,frozen_test,AND:01,,,2,answer_ce,,experiment_v1_4/phase_archives/P4/v1_4_frozen_test_evidence_20260922T033233833147.zip::run/seed2/composition_1/result.json,truth_table,composition_1,,0.00945232850007283
0,,0,,frozen_test,AND:10,,,2,count,,experiment_v1_4/phase_archives/P4/v1_4_frozen_test_evidence_20260922T033233833147.zip::run/seed2/composition_1/result.json,truth_table,composition_1,,241
0,,0,,frozen_test,AND:10,,,2,accuracy,,experiment_v1_4/phase_archives/P4/v1_4_frozen_test_evidence_20260922T033233833147.zip::run/seed2/composition_1/result.json,truth_table,composition_1,,1.0
0,,0,,frozen_test,AND:10,,,2,answer_ce,,experiment_v1_4/phase_archives/P4/v1_4_frozen_test_evidence_20260922T033233833147.zip::run/seed2/composition_1/result.json,truth_table,composition_1,,8.196484505558045e-05
0,,0,,frozen_test,AND:11,,,2,count,,experiment_v1_4/phase_archives/P4/v1_4_frozen_test_evidence_20260922T033233833147.zip::run/seed2/composition_1/result.json,truth_table,composition_1,,178
0,,0,,frozen_test,AND:11,,,2,accuracy,,experiment_v1_4/phase_archives/P4/v1_4_frozen_test_evidence_20260922T033233833147.zip::run/seed2/composition_1/result.json,truth_table,composition_1,,1.0
0,,0,,frozen_test,AND:11,,,2,answer_ce,,experiment_v1_4/phase_archives/P4/v1_4_frozen_test_evidence_20260922T033233833147.zip::run/seed2/composition_1/result.json,truth_table,composition_1,,0.005637167760795911
0,,0,,frozen_test,OR:00,,,2,count,,experiment_v1_4/phase_archives/P4/v1_4_frozen_test_evidence_20260922T033233833147.zip::run/seed2/composition_1/result.json,truth_table,composition_1,,0
0,,0,,frozen_test,OR:00,,,2,accuracy,empty stratum or undefined metric; see count/coverage,experiment_v1_4/phase_archives/P4/v1_4_frozen_test_evidence_20260922T033233833147.zip::run/seed2/composition_1/result.json,truth_table,composition_1,,
0,,0,,frozen_test,OR:00,,,2,answer_ce,empty stratum or undefined metric; see count/coverage,experiment_v1_4/phase_archives/P4/v1_4_frozen_test_evidence_20260922T033233833147.zip::run/seed2/composition_1/result.json,truth_table,composition_1,,
0,,0,,frozen_test,OR:01,,,2,count,,experiment_v1_4/phase_archives/P4/v1_4_frozen_test_evidence_20260922T033233833147.zip::run/seed2/composition_1/result.json,truth_table,composition_1,,0
0,,0,,frozen_test,OR:01,,,2,accuracy,empty stratum or undefined metric; see count/coverage,experiment_v1_4/phase_archives/P4/v1_4_frozen_test_evidence_20260922T033233833147.zip::run/seed2/composition_1/result.json,truth_table,composition_1,,
0,,0,,frozen_test,OR:01,,,2,answer_ce,empty stratum or undefined metric; see count/coverage,experiment_v1_4/phase_archives/P4/v1_4_frozen_test_evidence_20260922T033233833147.zip::run/seed2/composition_1/result.json,truth_table,composition_1,,
0,,0,,frozen_test,OR:10,,,2,count,,experiment_v1_4/phase_archives/P4/v1_4_frozen_test_evidence_20260922T033233833147.zip::run/seed2/composition_1/result.json,truth_table,composition_1,,0
0,,0,,frozen_test,OR:10,,,2,accuracy,empty stratum or undefined metric; see count/coverage,experiment_v1_4/phase_archives/P4/v1_4_frozen_test_evidence_20260922T033233833147.zip::run/seed2/composition_1/result.json,truth_table,composition_1,,
0,,0,,frozen_test,OR:10,,,2,answer_ce,empty stratum or undefined metric; see count/coverage,experiment_v1_4/phase_archives/P4/v1_4_frozen_test_evidence_20260922T033233833147.zip::run/seed2/composition_1/result.json,truth_table,composition_1,,
0,,0,,frozen_test,OR:11,,,2,count,,experiment_v1_4/phase_archives/P4/v1_4_frozen_test_evidence_20260922T033233833147.zip::run/seed2/composition_1/result.json,truth_table,composition_1,,0
0,,0,,frozen_test,OR:11,,,2,accuracy,empty stratum or undefined metric; see count/coverage,experiment_v1_4/phase_archives/P4/v1_4_frozen_test_evidence_20260922T033233833147.zip::run/seed2/composition_1/result.json,truth_table,composition_1,,
0,,0,,frozen_test,OR:11,,,2,answer_ce,empty stratum or undefined metric; see count/coverage,experiment_v1_4/phase_archives/P4/v1_4_frozen_test_evidence_20260922T033233833147.zip::run/seed2/composition_1/result.json,truth_table,composition_1,,
0,,0,,frozen_test,XOR:00,,,2,count,,experiment_v1_4/phase_archives/P4/v1_4_frozen_test_evidence_20260922T033233833147.zip::run/seed2/composition_1/result.json,truth_table,composition_1,,0
0,,0,,frozen_test,XOR:00,,,2,accuracy,empty stratum or undefined metric; see count/coverage,experiment_v1_4/phase_archives/P4/v1_4_frozen_test_evidence_20260922T033233833147.zip::run/seed2/composition_1/result.json,truth_table,composition_1,,
0,,0,,frozen_test,XOR:00,,,2,answer_ce,empty stratum or undefined metric; see count/coverage,experiment_v1_4/phase_archives/P4/v1_4_frozen_test_evidence_20260922T033233833147.zip::run/seed2/composition_1/result.json,truth_table,composition_1,,
0,,0,,frozen_test,XOR:01,,,2,count,,experiment_v1_4/phase_archives/P4/v1_4_frozen_test_evidence_20260922T033233833147.zip::run/seed2/composition_1/result.json,truth_table,composition_1,,0
0,,0,,frozen_test,XOR:01,,,2,accuracy,empty stratum or undefined metric; see count/coverage,experiment_v1_4/phase_archives/P4/v1_4_frozen_test_evidence_20260922T033233833147.zip::run/seed2/composition_1/result.json,truth_table,composition_1,,
0,,0,,frozen_test,XOR:01,,,2,answer_ce,empty stratum or undefined metric; see count/coverage,experiment_v1_4/phase_archives/P4/v1_4_frozen_test_evidence_20260922T033233833147.zip::run/seed2/composition_1/result.json,truth_table,composition_1,,
0,,0,,frozen_test,XOR:10,,,2,count,,experiment_v1_4/phase_archives/P4/v1_4_frozen_test_evidence_20260922T033233833147.zip::run/seed2/composition_1/result.json,truth_table,composition_1,,0
0,,0,,frozen_test,XOR:10,,,2,accuracy,empty stratum or undefined metric; see count/coverage,experiment_v1_4/phase_archives/P4/v1_4_frozen_test_evidence_20260922T033233833147.zip::run/seed2/composition_1/result.json,truth_table,composition_1,,
0,,0,,frozen_test,XOR:10,,,2,answer_ce,empty stratum or undefined metric; see count/coverage,experiment_v1_4/phase_archives/P4/v1_4_frozen_test_evidence_20260922T033233833147.zip::run/seed2/composition_1/result.json,truth_table,composition_1,,
0,,0,,frozen_test,XOR:11,,,2,count,,experiment_v1_4/phase_archives/P4/v1_4_frozen_test_evidence_20260922T033233833147.zip::run/seed2/composition_1/result.json,truth_table,composition_1,,0
0,,0,,frozen_test,XOR:11,,,2,accuracy,empty stratum or undefined metric; see count/coverage,experiment_v1_4/phase_archives/P4/v1_4_frozen_test_evidence_20260922T033233833147.zip::run/seed2/composition_1/result.json,truth_table,composition_1,,
0,,0,,frozen_test,XOR:11,,,2,answer_ce,empty stratum or undefined metric; see count/coverage,experiment_v1_4/phase_archives/P4/v1_4_frozen_test_evidence_20260922T033233833147.zip::run/seed2/composition_1/result.json,truth_table,composition_1,,
1000,10398098330003467232,1000,,frozen_test,,,,2,answer_count,,experiment_v1_4/phase_archives/P4/v1_4_frozen_test_evidence_20260922T033233833147.zip::run/seed2/first_read_after_set/result.json,overall,first_read_after_set,,2048
1000,10398098330003467232,1000,,frozen_test,,,,2,sequence_count,,experiment_v1_4/phase_archives/P4/v1_4_frozen_test_evidence_20260922T033233833147.zip::run/seed2/first_read_after_set/result.json,overall,first_read_after_set,,2048
1000,10398098330003467232,1000,,frozen_test,,4.673006935700385e-05,2.7010839246754957e-05,2,answer_ce,,experiment_v1_4/phase_archives/P4/v1_4_frozen_test_evidence_20260922T033233833147.zip::run/seed2/first_read_after_set/result.json,overall,first_read_after_set,,3.5862266520414465e-05
1000,10398098330003467232,1000,,frozen_test,,1.0,1.0,2,accuracy,,experiment_v1_4/phase_archives/P4/v1_4_frozen_test_evidence_20260922T033233833147.zip::run/seed2/first_read_after_set/result.json,overall,first_read_after_set,,1.0
1000,10398098330003467232,1000,,frozen_test,,1.0,1.0,2,binary_accuracy,,experiment_v1_4/phase_archives/P4/v1_4_frozen_test_evidence_20260922T033233833147.zip::run/seed2/first_read_after_set/result.json,overall,first_read_after_set,,1.0
1000,10398098330003467232,1000,,frozen_test,,0.9999904352305748,0.9999895533175731,2,bit_mass,,experiment_v1_4/phase_archives/P4/v1_4_frozen_test_evidence_20260922T033233833147.zip::run/seed2/first_read_after_set/result.json,overall,first_read_after_set,,0.9999900161928963
1000,10398098330003467232,1000,,frozen_test,,,,2,all_token_ce,,experiment_v1_4/phase_archives/P4/v1_4_frozen_test_evidence_20260922T033233833147.zip::run/seed2/first_read_after_set/result.json,overall,first_read_after_set,,0.9575838564810367
1000,10398098330003467232,1000,,frozen_test,,,,2,prediction_tokens,,experiment_v1_4/phase_archives/P4/v1_4_frozen_test_evidence_20260922T033233833147.zip::run/seed2/first_read_after_set/result.json,overall,first_read_after_set,,245916
0,,0,,frozen_test,,,,2,count,,experiment_v1_4/phase_archives/P4/v1_4_frozen_test_evidence_20260922T033233833147.zip::run/seed2/first_read_after_set/result.json,baselines,first_read_after_set,,2048
0,,0,,frozen_test,,,,2,majority_prediction,,experiment_v1_4/phase_archives/P4/v1_4_frozen_test_evidence_20260922T033233833147.zip::run/seed2/first_read_after_set/result.json,baselines,first_read_after_set,,0
0,,0,,frozen_test,,,,2,split_majority_accuracy,,experiment_v1_4/phase_archives/P4/v1_4_frozen_test_evidence_20260922T033233833147.zip::run/seed2/first_read_after_set/result.json,baselines,first_read_after_set,,0.5
0,,0,,frozen_test,,,,2,independent_bernoulli_expected_accuracy,,experiment_v1_4/phase_archives/P4/v1_4_frozen_test_evidence_20260922T033233833147.zip::run/seed2/first_read_after_set/result.json,baselines,first_read_after_set,,0.5
0,,0,,frozen_test,,,,2,latest_set_or_initialization_accuracy,,experiment_v1_4/phase_archives/P4/v1_4_frozen_test_evidence_20260922T033233833147.zip::run/seed2/first_read_after_set/result.json,baselines,first_read_after_set,,0.755859375
0,,0,,frozen_test,,,,2,latest_read_copy_accuracy,,experiment_v1_4/phase_archives/P4/v1_4_frozen_test_evidence_20260922T033233833147.zip::run/seed2/first_read_after_set/result.json,baselines,first_read_after_set,,0.5029296875
0,,0,,frozen_test,macro,,,2,coverage,,experiment_v1_4/phase_archives/P4/v1_4_frozen_test_evidence_20260922T033233833147.zip::run/seed2/first_read_after_set/result.json,operator,first_read_after_set,,1.0
0,,0,,frozen_test,macro,,,2,macro_accuracy,,experiment_v1_4/phase_archives/P4/v1_4_frozen_test_evidence_20260922T033233833147.zip::run/seed2/first_read_after_set/result.json,operator,first_read_after_set,,1.0
0,,0,,frozen_test,macro,,,2,macro_answer_ce,,experiment_v1_4/phase_archives/P4/v1_4_frozen_test_evidence_20260922T033233833147.zip::run/seed2/first_read_after_set/result.json,operator,first_read_after_set,,4.6857589738972834e-05
0,,0,,frozen_test,initialization,,,2,count,,experiment_v1_4/phase_archives/P4/v1_4_frozen_test_evidence_20260922T033233833147.zip::run/seed2/first_read_after_set/result.json,operator,first_read_after_set,,265
0,,0,,frozen_test,initialization,,,2,accuracy,,experiment_v1_4/phase_archives/P4/v1_4_frozen_test_evidence_20260922T033233833147.zip::run/seed2/first_read_after_set/result.json,operator,first_read_after_set,,1.0
0,,0,,frozen_test,initialization,,,2,answer_ce,,experiment_v1_4/phase_archives/P4/v1_4_frozen_test_evidence_20260922T033233833147.zip::run/seed2/first_read_after_set/result.json,operator,first_read_after_set,,1.64590946505481e-05
0,,0,,frozen_test,SET,,,2,count,,experiment_v1_4/phase_archives/P4/v1_4_frozen_test_evidence_20260922T033233833147.zip::run/seed2/first_read_after_set/result.json,operator,first_read_after_set,,789
0,,0,,frozen_test,SET,,,2,accuracy,,experiment_v1_4/phase_archives/P4/v1_4_frozen_test_evidence_20260922T033233833147.zip::run/seed2/first_read_after_set/result.json,operator,first_read_after_set,,1.0
0,,0,,frozen_test,SET,,,2,answer_ce,,experiment_v1_4/phase_archives/P4/v1_4_frozen_test_evidence_20260922T033233833147.zip::run/seed2/first_read_after_set/result.json,operator,first_read_after_set,,1.2813171417271574e-05
0,,0,,frozen_test,NOT,,,2,count,,experiment_v1_4/phase_archives/P4/v1_4_frozen_test_evidence_20260922T033233833147.zip::run/seed2/first_read_after_set/result.json,operator,first_read_after_set,,319
0,,0,,frozen_test,NOT,,,2,accuracy,,experiment_v1_4/phase_archives/P4/v1_4_frozen_test_evidence_20260922T033233833147.zip::run/seed2/first_read_after_set/result.json,operator,first_read_after_set,,1.0
0,,0,,frozen_test,NOT,,,2,answer_ce,,experiment_v1_4/phase_archives/P4/v1_4_frozen_test_evidence_20260922T033233833147.zip::run/seed2/first_read_after_set/result.json,operator,first_read_after_set,,3.1729580221616854e-05
0,,0,,frozen_test,AND,,,2,count,,experiment_v1_4/phase_archives/P4/v1_4_frozen_test_evidence_20260922T033233833147.zip::run/seed2/first_read_after_set/result.json,operator,first_read_after_set,,221
0,,0,,frozen_test,AND,,,2,accuracy,,experiment_v1_4/phase_archives/P4/v1_4_frozen_test_evidence_20260922T033233833147.zip::run/seed2/first_read_after_set/result.json,operator,first_read_after_set,,1.0
0,,0,,frozen_test,AND,,,2,answer_ce,,experiment_v1_4/phase_archives/P4/v1_4_frozen_test_evidence_20260922T033233833147.zip::run/seed2/first_read_after_set/result.json,operator,first_read_after_set,,9.751132660625346e-05
0,,0,,frozen_test,OR,,,2,count,,experiment_v1_4/phase_archives/P4/v1_4_frozen_test_evidence_20260922T033233833147.zip::run/seed2/first_read_after_set/result.json,operator,first_read_after_set,,235
0,,0,,frozen_test,OR,,,2,accuracy,,experiment_v1_4/phase_archives/P4/v1_4_frozen_test_evidence_20260922T033233833147.zip::run/seed2/first_read_after_set/result.json,operator,first_read_after_set,,1.0
0,,0,,frozen_test,OR,,,2,answer_ce,,experiment_v1_4/phase_archives/P4/v1_4_frozen_test_evidence_20260922T033233833147.zip::run/seed2/first_read_after_set/result.json,operator,first_read_after_set,,2.7902636228394297e-05
0,,0,,frozen_test,XOR,,,2,count,,experiment_v1_4/phase_archives/P4/v1_4_frozen_test_evidence_20260922T033233833147.zip::run/seed2/first_read_after_set/result.json,operator,first_read_after_set,,219
0,,0,,frozen_test,XOR,,,2,accuracy,,experiment_v1_4/phase_archives/P4/v1_4_frozen_test_evidence_20260922T033233833147.zip::run/seed2/first_read_after_set/result.json,operator,first_read_after_set,,1.0
0,,0,,frozen_test,XOR,,,2,answer_ce,,experiment_v1_4/phase_archives/P4/v1_4_frozen_test_evidence_20260922T033233833147.zip::run/seed2/first_read_after_set/result.json,operator,first_read_after_set,,9.472972930975276e-05
0,,0,,frozen_test,macro,,,2,coverage,,experiment_v1_4/phase_archives/P4/v1_4_frozen_test_evidence_20260922T033233833147.zip::run/seed2/first_read_after_set/result.json,query_var,first_read_after_set,,1.0
0,,0,,frozen_test,macro,,,2,macro_accuracy,,experiment_v1_4/phase_archives/P4/v1_4_frozen_test_evidence_20260922T033233833147.zip::run/seed2/first_read_after_set/result.json,query_var,first_read_after_set,,1.0
0,,0,,frozen_test,macro,,,2,macro_answer_ce,,experiment_v1_4/phase_archives/P4/v1_4_frozen_test_evidence_20260922T033233833147.zip::run/seed2/first_read_after_set/result.json,query_var,first_read_after_set,,3.5886076495814486e-05
0,,0,,frozen_test,A,,,2,count,,experiment_v1_4/phase_archives/P4/v1_4_frozen_test_evidence_20260922T033233833147.zip::run/seed2/first_read_after_set/result.json,query_var,first_read_after_set,,502
0,,0,,frozen_test,A,,,2,accuracy,,experiment_v1_4/phase_archives/P4/v1_4_frozen_test_evidence_20260922T033233833147.zip::run/seed2/first_read_after_set/result.json,query_var,first_read_after_set,,1.0
0,,0,,frozen_test,A,,,2,answer_ce,,experiment_v1_4/phase_archives/P4/v1_4_frozen_test_evidence_20260922T033233833147.zip::run/seed2/first_read_after_set/result.json,query_var,first_read_after_set,,3.0108216449379362e-05
0,,0,,frozen_test,B,,,2,count,,experiment_v1_4/phase_archives/P4/v1_4_frozen_test_evidence_20260922T033233833147.zip::run/seed2/first_read_after_set/result.json,query_var,first_read_after_set,,501
0,,0,,frozen_test,B,,,2,accuracy,,experiment_v1_4/phase_archives/P4/v1_4_frozen_test_evidence_20260922T033233833147.zip::run/seed2/first_read_after_set/result.json,query_var,first_read_after_set,,1.0
0,,0,,frozen_test,B,,,2,answer_ce,,experiment_v1_4/phase_archives/P4/v1_4_frozen_test_evidence_20260922T033233833147.zip::run/seed2/first_read_after_set/result.json,query_var,first_read_after_set,,4.4994337275024075e-05
0,,0,,frozen_test,C,,,2,count,,experiment_v1_4/phase_archives/P4/v1_4_frozen_test_evidence_20260922T033233833147.zip::run/seed2/first_read_after_set/result.json,query_var,first_read_after_set,,533
0,,0,,frozen_test,C,,,2,accuracy,,experiment_v1_4/phase_archives/P4/v1_4_frozen_test_evidence_20260922T033233833147.zip::run/seed2/first_read_after_set/result.json,query_var,first_read_after_set,,1.0
0,,0,,frozen_test,C,,,2,answer_ce,,experiment_v1_4/phase_archives/P4/v1_4_frozen_test_evidence_20260922T033233833147.zip::run/seed2/first_read_after_set/result.json,query_var,first_read_after_set,,3.558366880475305e-05
0,,0,,frozen_test,D,,,2,count,,experiment_v1_4/phase_archives/P4/v1_4_frozen_test_evidence_20260922T033233833147.zip::run/seed2/first_read_after_set/result.json,query_var,first_read_after_set,,512
0,,0,,frozen_test,D,,,2,accuracy,,experiment_v1_4/phase_archives/P4/v1_4_frozen_test_evidence_20260922T033233833147.zip::run/seed2/first_read_after_set/result.json,query_var,first_read_after_set,,1.0
0,,0,,frozen_test,D,,,2,answer_ce,,experiment_v1_4/phase_archives/P4/v1_4_frozen_test_evidence_20260922T033233833147.zip::run/seed2/first_read_after_set/result.json,query_var,first_read_after_set,,3.285808345410146e-05
0,,0,,frozen_test,macro,,,2,coverage,,experiment_v1_4/phase_archives/P4/v1_4_frozen_test_evidence_20260922T033233833147.zip::run/seed2/first_read_after_set/result.json,answer,first_read_after_set,,1.0
0,,0,,frozen_test,macro,,,2,macro_accuracy,,experiment_v1_4/phase_archives/P4/v1_4_frozen_test_evidence_20260922T033233833147.zip::run/seed2/first_read_after_set/result.json,answer,first_read_after_set,,1.0
0,,0,,frozen_test,macro,,,2,macro_answer_ce,,experiment_v1_4/phase_archives/P4/v1_4_frozen_test_evidence_20260922T033233833147.zip::run/seed2/first_read_after_set/result.json,answer,first_read_after_set,,3.5862266520414465e-05
0,,0,,frozen_test,0,,,2,count,,experiment_v1_4/phase_archives/P4/v1_4_frozen_test_evidence_20260922T033233833147.zip::run/seed2/first_read_after_set/result.json,answer,first_read_after_set,,1024
0,,0,,frozen_test,0,,,2,accuracy,,experiment_v1_4/phase_archives/P4/v1_4_frozen_test_evidence_20260922T033233833147.zip::run/seed2/first_read_after_set/result.json,answer,first_read_after_set,,1.0
0,,0,,frozen_test,0,,,2,answer_ce,,experiment_v1_4/phase_archives/P4/v1_4_frozen_test_evidence_20260922T033233833147.zip::run/seed2/first_read_after_set/result.json,answer,first_read_after_set,,3.173190736927012e-05
0,,0,,frozen_test,1,,,2,count,,experiment_v1_4/phase_archives/P4/v1_4_frozen_test_evidence_20260922T033233833147.zip::run/seed2/first_read_after_set/result.json,answer,first_read_after_set,,1024
0,,0,,frozen_test,1,,,2,accuracy,,experiment_v1_4/phase_archives/P4/v1_4_frozen_test_evidence_20260922T033233833147.zip::run/seed2/first_read_after_set/result.json,answer,first_read_after_set,,1.0
0,,0,,frozen_test,1,,,2,answer_ce,,experiment_v1_4/phase_archives/P4/v1_4_frozen_test_evidence_20260922T033233833147.zip::run/seed2/first_read_after_set/result.json,answer,first_read_after_set,,3.999262567155881e-05
0,,0,,frozen_test,macro,,,2,coverage,,experiment_v1_4/phase_archives/P4/v1_4_frozen_test_evidence_20260922T033233833147.zip::run/seed2/first_read_after_set/result.json,blocks,first_read_after_set,,1.0
0,,0,,frozen_test,macro,,,2,macro_accuracy,,experiment_v1_4/phase_archives/P4/v1_4_frozen_test_evidence_20260922T033233833147.zip::run/seed2/first_read_after_set/result.json,blocks,first_read_after_set,,1.0
0,,0,,frozen_test,macro,,,2,macro_answer_ce,,experiment_v1_4/phase_archives/P4/v1_4_frozen_test_evidence_20260922T033233833147.zip::run/seed2/first_read_after_set/result.json,blocks,first_read_after_set,,3.583285500908319e-05
0,,0,,frozen_test,8,,,2,count,,experiment_v1_4/phase_archives/P4/v1_4_frozen_test_evidence_20260922T033233833147.zip::run/seed2/first_read_after_set/result.json,blocks,first_read_after_set,,125
0,,0,,frozen_test,8,,,2,accuracy,,experiment_v1_4/phase_archives/P4/v1_4_frozen_test_evidence_20260922T033233833147.zip::run/seed2/first_read_after_set/result.json,blocks,first_read_after_set,,1.0
0,,0,,frozen_test,8,,,2,answer_ce,,experiment_v1_4/phase_archives/P4/v1_4_frozen_test_evidence_20260922T033233833147.zip::run/seed2/first_read_after_set/result.json,blocks,first_read_after_set,,1.7940225035999903e-05
0,,0,,frozen_test,9,,,2,count,,experiment_v1_4/phase_archives/P4/v1_4_frozen_test_evidence_20260922T033233833147.zip::run/seed2/first_read_after_set/result.json,blocks,first_read_after_set,,120
0,,0,,frozen_test,9,,,2,accuracy,,experiment_v1_4/phase_archives/P4/v1_4_frozen_test_evidence_20260922T033233833147.zip::run/seed2/first_read_after_set/result.json,blocks,first_read_after_set,,1.0
0,,0,,frozen_test,9,,,2,answer_ce,,experiment_v1_4/phase_archives/P4/v1_4_frozen_test_evidence_20260922T033233833147.zip::run/seed2/first_read_after_set/result.json,blocks,first_read_after_set,,5.074094281856863e-05
0,,0,,frozen_test,10,,,2,count,,experiment_v1_4/phase_archives/P4/v1_4_frozen_test_evidence_20260922T033233833147.zip::run/seed2/first_read_after_set/result.json,blocks,first_read_after_set,,105
0,,0,,frozen_test,10,,,2,accuracy,,experiment_v1_4/phase_archives/P4/v1_4_frozen_test_evidence_20260922T033233833147.zip::run/seed2/first_read_after_set/result.json,blocks,first_read_after_set,,1.0
0,,0,,frozen_test,10,,,2,answer_ce,,experiment_v1_4/phase_archives/P4/v1_4_frozen_test_evidence_20260922T033233833147.zip::run/seed2/first_read_after_set/result.json,blocks,first_read_after_set,,2.0064275096436695e-05
0,,0,,frozen_test,11,,,2,count,,experiment_v1_4/phase_archives/P4/v1_4_frozen_test_evidence_20260922T033233833147.zip::run/seed2/first_read_after_set/result.json,blocks,first_read_after_set,,130
0,,0,,frozen_test,11,,,2,accuracy,,experiment_v1_4/phase_archives/P4/v1_4_frozen_test_evidence_20260922T033233833147.zip::run/seed2/first_read_after_set/result.json,blocks,first_read_after_set,,1.0
0,,0,,frozen_test,11,,,2,answer_ce,,experiment_v1_4/phase_archives/P4/v1_4_frozen_test_evidence_20260922T033233833147.zip::run/seed2/first_read_after_set/result.json,blocks,first_read_after_set,,7.523413489532406e-05
0,,0,,frozen_test,12,,,2,count,,experiment_v1_4/phase_archives/P4/v1_4_frozen_test_evidence_20260922T033233833147.zip::run/seed2/first_read_after_set/result.json,blocks,first_read_after_set,,120
0,,0,,frozen_test,12,,,2,accuracy,,experiment_v1_4/phase_archives/P4/v1_4_frozen_test_evidence_20260922T033233833147.zip::run/seed2/first_read_after_set/result.json,blocks,first_read_after_set,,1.0
0,,0,,frozen_test,12,,,2,answer_ce,,experiment_v1_4/phase_archives/P4/v1_4_frozen_test_evidence_20260922T033233833147.zip::run/seed2/first_read_after_set/result.json,blocks,first_read_after_set,,1.9007644399001342e-05
0,,0,,frozen_test,13,,,2,count,,experiment_v1_4/phase_archives/P4/v1_4_frozen_test_evidence_20260922T033233833147.zip::run/seed2/first_read_after_set/result.json,blocks,first_read_after_set,,143
0,,0,,frozen_test,13,,,2,accuracy,,experiment_v1_4/phase_archives/P4/v1_4_frozen_test_evidence_20260922T033233833147.zip::run/seed2/first_read_after_set/result.json,blocks,first_read_after_set,,1.0
0,,0,,frozen_test,13,,,2,answer_ce,,experiment_v1_4/phase_archives/P4/v1_4_frozen_test_evidence_20260922T033233833147.zip::run/seed2/first_read_after_set/result.json,blocks,first_read_after_set,,2.3816504734087984e-05
0,,0,,frozen_test,14,,,2,count,,experiment_v1_4/phase_archives/P4/v1_4_frozen_test_evidence_20260922T033233833147.zip::run/seed2/first_read_after_set/result.json,blocks,first_read_after_set,,122
0,,0,,frozen_test,14,,,2,accuracy,,experiment_v1_4/phase_archives/P4/v1_4_frozen_test_evidence_20260922T033233833147.zip::run/seed2/first_read_after_set/result.json,blocks,first_read_after_set,,1.0
0,,0,,frozen_test,14,,,2,answer_ce,,experiment_v1_4/phase_archives/P4/v1_4_frozen_test_evidence_20260922T033233833147.zip::run/seed2/first_read_after_set/result.json,blocks,first_read_after_set,,2.315273446792624e-05
0,,0,,frozen_test,15,,,2,count,,experiment_v1_4/phase_archives/P4/v1_4_frozen_test_evidence_20260922T033233833147.zip::run/seed2/first_read_after_set/result.json,blocks,first_read_after_set,,115
0,,0,,frozen_test,15,,,2,accuracy,,experiment_v1_4/phase_archives/P4/v1_4_frozen_test_evidence_20260922T033233833147.zip::run/seed2/first_read_after_set/result.json,blocks,first_read_after_set,,1.0
0,,0,,frozen_test,15,,,2,answer_ce,,experiment_v1_4/phase_archives/P4/v1_4_frozen_test_evidence_20260922T033233833147.zip::run/seed2/first_read_after_set/result.json,blocks,first_read_after_set,,3.407651713686114e-05
0,,0,,frozen_test,16,,,2,count,,experiment_v1_4/phase_archives/P4/v1_4_frozen_test_evidence_20260922T033233833147.zip::run/seed2/first_read_after_set/result.json,blocks,first_read_after_set,,112
0,,0,,frozen_test,16,,,2,accuracy,,experiment_v1_4/phase_archives/P4/v1_4_frozen_test_evidence_20260922T033233833147.zip::run/seed2/first_read_after_set/result.json,blocks,first_read_after_set,,1.0
0,,0,,frozen_test,16,,,2,answer_ce,,experiment_v1_4/phase_archives/P4/v1_4_frozen_test_evidence_20260922T033233833147.zip::run/seed2/first_read_after_set/result.json,blocks,first_read_after_set,,2.871961304760719e-05
0,,0,,frozen_test,17,,,2,count,,experiment_v1_4/phase_archives/P4/v1_4_frozen_test_evidence_20260922T033233833147.zip::run/seed2/first_read_after_set/result.json,blocks,first_read_after_set,,115
0,,0,,frozen_test,17,,,2,accuracy,,experiment_v1_4/phase_archives/P4/v1_4_frozen_test_evidence_20260922T033233833147.zip::run/seed2/first_read_after_set/result.json,blocks,first_read_after_set,,1.0
0,,0,,frozen_test,17,,,2,answer_ce,,experiment_v1_4/phase_archives/P4/v1_4_frozen_test_evidence_20260922T033233833147.zip::run/seed2/first_read_after_set/result.json,blocks,first_read_after_set,,6.996603253513889e-05
0,,0,,frozen_test,18,,,2,count,,experiment_v1_4/phase_archives/P4/v1_4_frozen_test_evidence_20260922T033233833147.zip::run/seed2/first_read_after_set/result.json,blocks,first_read_after_set,,111
0,,0,,frozen_test,18,,,2,accuracy,,experiment_v1_4/phase_archives/P4/v1_4_frozen_test_evidence_20260922T033233833147.zip::run/seed2/first_read_after_set/result.json,blocks,first_read_after_set,,1.0
0,,0,,frozen_test,18,,,2,answer_ce,,experiment_v1_4/phase_archives/P4/v1_4_frozen_test_evidence_20260922T033233833147.zip::run/seed2/first_read_after_set/result.json,blocks,first_read_after_set,,3.0010869850557685e-05
0,,0,,frozen_test,19,,,2,count,,experiment_v1_4/phase_archives/P4/v1_4_frozen_test_evidence_20260922T033233833147.zip::run/seed2/first_read_after_set/result.json,blocks,first_read_after_set,,114
0,,0,,frozen_test,19,,,2,accuracy,,experiment_v1_4/phase_archives/P4/v1_4_frozen_test_evidence_20260922T033233833147.zip::run/seed2/first_read_after_set/result.json,blocks,first_read_after_set,,1.0
0,,0,,frozen_test,19,,,2,answer_ce,,experiment_v1_4/phase_archives/P4/v1_4_frozen_test_evidence_20260922T033233833147.zip::run/seed2/first_read_after_set/result.json,blocks,first_read_after_set,,6.43734683922447e-05
0,,0,,frozen_test,20,,,2,count,,experiment_v1_4/phase_archives/P4/v1_4_frozen_test_evidence_20260922T033233833147.zip::run/seed2/first_read_after_set/result.json,blocks,first_read_after_set,,116
0,,0,,frozen_test,20,,,2,accuracy,,experiment_v1_4/phase_archives/P4/v1_4_frozen_test_evidence_20260922T033233833147.zip::run/seed2/first_read_after_set/result.json,blocks,first_read_after_set,,1.0
0,,0,,frozen_test,20,,,2,answer_ce,,experiment_v1_4/phase_archives/P4/v1_4_frozen_test_evidence_20260922T033233833147.zip::run/seed2/first_read_after_set/result.json,blocks,first_read_after_set,,2.359756126679713e-05
0,,0,,frozen_test,21,,,2,count,,experiment_v1_4/phase_archives/P4/v1_4_frozen_test_evidence_20260922T033233833147.zip::run/seed2/first_read_after_set/result.json,blocks,first_read_after_set,,134
0,,0,,frozen_test,21,,,2,accuracy,,experiment_v1_4/phase_archives/P4/v1_4_frozen_test_evidence_20260922T033233833147.zip::run/seed2/first_read_after_set/result.json,blocks,first_read_after_set,,1.0
0,,0,,frozen_test,21,,,2,answer_ce,,experiment_v1_4/phase_archives/P4/v1_4_frozen_test_evidence_20260922T033233833147.zip::run/seed2/first_read_after_set/result.json,blocks,first_read_after_set,,4.3835769159145524e-05
0,,0,,frozen_test,22,,,2,count,,experiment_v1_4/phase_archives/P4/v1_4_frozen_test_evidence_20260922T033233833147.zip::run/seed2/first_read_after_set/result.json,blocks,first_read_after_set,,118
0,,0,,frozen_test,22,,,2,accuracy,,experiment_v1_4/phase_archives/P4/v1_4_frozen_test_evidence_20260922T033233833147.zip::run/seed2/first_read_after_set/result.json,blocks,first_read_after_set,,1.0
0,,0,,frozen_test,22,,,2,answer_ce,,experiment_v1_4/phase_archives/P4/v1_4_frozen_test_evidence_20260922T033233833147.zip::run/seed2/first_read_after_set/result.json,blocks,first_read_after_set,,4.071194697937275e-05
0,,0,,frozen_test,23,,,2,count,,experiment_v1_4/phase_archives/P4/v1_4_frozen_test_evidence_20260922T033233833147.zip::run/seed2/first_read_after_set/result.json,blocks,first_read_after_set,,128
0,,0,,frozen_test,23,,,2,accuracy,,experiment_v1_4/phase_archives/P4/v1_4_frozen_test_evidence_20260922T033233833147.zip::run/seed2/first_read_after_set/result.json,blocks,first_read_after_set,,1.0
0,,0,,frozen_test,23,,,2,answer_ce,,experiment_v1_4/phase_archives/P4/v1_4_frozen_test_evidence_20260922T033233833147.zip::run/seed2/first_read_after_set/result.json,blocks,first_read_after_set,,2.2519481539973185e-05
0,,0,,frozen_test,24,,,2,count,,experiment_v1_4/phase_archives/P4/v1_4_frozen_test_evidence_20260922T033233833147.zip::run/seed2/first_read_after_set/result.json,blocks,first_read_after_set,,120
0,,0,,frozen_test,24,,,2,accuracy,,experiment_v1_4/phase_archives/P4/v1_4_frozen_test_evidence_20260922T033233833147.zip::run/seed2/first_read_after_set/result.json,blocks,first_read_after_set,,1.0
0,,0,,frozen_test,24,,,2,answer_ce,,experiment_v1_4/phase_archives/P4/v1_4_frozen_test_evidence_20260922T033233833147.zip::run/seed2/first_read_after_set/result.json,blocks,first_read_after_set,,2.1390813799371244e-05
0,,0,,frozen_test,macro,,,2,coverage,,experiment_v1_4/phase_archives/P4/v1_4_frozen_test_evidence_20260922T033233833147.zip::run/seed2/first_read_after_set/result.json,distance,first_read_after_set,,1.0
0,,0,,frozen_test,macro,,,2,macro_accuracy,,experiment_v1_4/phase_archives/P4/v1_4_frozen_test_evidence_20260922T033233833147.zip::run/seed2/first_read_after_set/result.json,distance,first_read_after_set,,1.0
0,,0,,frozen_test,macro,,,2,macro_answer_ce,,experiment_v1_4/phase_archives/P4/v1_4_frozen_test_evidence_20260922T033233833147.zip::run/seed2/first_read_after_set/result.json,distance,first_read_after_set,,3.36204361051985e-05
0,,0,,frozen_test,0,,,2,count,,experiment_v1_4/phase_archives/P4/v1_4_frozen_test_evidence_20260922T033233833147.zip::run/seed2/first_read_after_set/result.json,distance,first_read_after_set,,1183
0,,0,,frozen_test,0,,,2,accuracy,,experiment_v1_4/phase_archives/P4/v1_4_frozen_test_evidence_20260922T033233833147.zip::run/seed2/first_read_after_set/result.json,distance,first_read_after_set,,1.0
0,,0,,frozen_test,0,,,2,answer_ce,,experiment_v1_4/phase_archives/P4/v1_4_frozen_test_evidence_20260922T033233833147.zip::run/seed2/first_read_after_set/result.json,distance,first_read_after_set,,3.970075642923238e-05
0,,0,,frozen_test,1-2,,,2,count,,experiment_v1_4/phase_archives/P4/v1_4_frozen_test_evidence_20260922T033233833147.zip::run/seed2/first_read_after_set/result.json,distance,first_read_after_set,,437
0,,0,,frozen_test,1-2,,,2,accuracy,,experiment_v1_4/phase_archives/P4/v1_4_frozen_test_evidence_20260922T033233833147.zip::run/seed2/first_read_after_set/result.json,distance,first_read_after_set,,1.0
0,,0,,frozen_test,1-2,,,2,answer_ce,,experiment_v1_4/phase_archives/P4/v1_4_frozen_test_evidence_20260922T033233833147.zip::run/seed2/first_read_after_set/result.json,distance,first_read_after_set,,3.369008562927791e-05
0,,0,,frozen_test,3+,,,2,count,,experiment_v1_4/phase_archives/P4/v1_4_frozen_test_evidence_20260922T033233833147.zip::run/seed2/first_read_after_set/result.json,distance,first_read_after_set,,428
0,,0,,frozen_test,3+,,,2,accuracy,,experiment_v1_4/phase_archives/P4/v1_4_frozen_test_evidence_20260922T033233833147.zip::run/seed2/first_read_after_set/result.json,distance,first_read_after_set,,1.0
0,,0,,frozen_test,3+,,,2,answer_ce,,experiment_v1_4/phase_archives/P4/v1_4_frozen_test_evidence_20260922T033233833147.zip::run/seed2/first_read_after_set/result.json,distance,first_read_after_set,,2.7470466257085224e-05
0,,0,,frozen_test,macro,,,2,coverage,,experiment_v1_4/phase_archives/P4/v1_4_frozen_test_evidence_20260922T033233833147.zip::run/seed2/first_read_after_set/result.json,truth_table,first_read_after_set,,1.0
0,,0,,frozen_test,macro,,,2,macro_accuracy,,experiment_v1_4/phase_archives/P4/v1_4_frozen_test_evidence_20260922T033233833147.zip::run/seed2/first_read_after_set/result.json,truth_table,first_read_after_set,,1.0
0,,0,,frozen_test,macro,,,2,macro_answer_ce,,experiment_v1_4/phase_archives/P4/v1_4_frozen_test_evidence_20260922T033233833147.zip::run/seed2/first_read_after_set/result.json,truth_table,first_read_after_set,,7.144831172685529e-05
0,,0,,frozen_test,AND:00,,,2,count,,experiment_v1_4/phase_archives/P4/v1_4_frozen_test_evidence_20260922T033233833147.zip::run/seed2/first_read_after_set/result.json,truth_table,first_read_after_set,,54
0,,0,,frozen_test,AND:00,,,2,accuracy,,experiment_v1_4/phase_archives/P4/v1_4_frozen_test_evidence_20260922T033233833147.zip::run/seed2/first_read_after_set/result.json,truth_table,first_read_after_set,,1.0
0,,0,,frozen_test,AND:00,,,2,answer_ce,,experiment_v1_4/phase_archives/P4/v1_4_frozen_test_evidence_20260922T033233833147.zip::run/seed2/first_read_after_set/result.json,truth_table,first_read_after_set,,1.577080343782587e-05
0,,0,,frozen_test,AND:01,,,2,count,,experiment_v1_4/phase_archives/P4/v1_4_frozen_test_evidence_20260922T033233833147.zip::run/seed2/first_read_after_set/result.json,truth_table,first_read_after_set,,63
0,,0,,frozen_test,AND:01,,,2,accuracy,,experiment_v1_4/phase_archives/P4/v1_4_frozen_test_evidence_20260922T033233833147.zip::run/seed2/first_read_after_set/result.json,truth_table,first_read_after_set,,1.0
0,,0,,frozen_test,AND:01,,,2,answer_ce,,experiment_v1_4/phase_archives/P4/v1_4_frozen_test_evidence_20260922T033233833147.zip::run/seed2/first_read_after_set/result.json,truth_table,first_read_after_set,,2.589471304894514e-05
0,,0,,frozen_test,AND:10,,,2,count,,experiment_v1_4/phase_archives/P4/v1_4_frozen_test_evidence_20260922T033233833147.zip::run/seed2/first_read_after_set/result.json,truth_table,first_read_after_set,,47
0,,0,,frozen_test,AND:10,,,2,accuracy,,experiment_v1_4/phase_archives/P4/v1_4_frozen_test_evidence_20260922T033233833147.zip::run/seed2/first_read_after_set/result.json,truth_table,first_read_after_set,,1.0
0,,0,,frozen_test,AND:10,,,2,answer_ce,,experiment_v1_4/phase_archives/P4/v1_4_frozen_test_evidence_20260922T033233833147.zip::run/seed2/first_read_after_set/result.json,truth_table,first_read_after_set,,8.999047785185579e-05
0,,0,,frozen_test,AND:11,,,2,count,,experiment_v1_4/phase_archives/P4/v1_4_frozen_test_evidence_20260922T033233833147.zip::run/seed2/first_read_after_set/result.json,truth_table,first_read_after_set,,57
0,,0,,frozen_test,AND:11,,,2,accuracy,,experiment_v1_4/phase_archives/P4/v1_4_frozen_test_evidence_20260922T033233833147.zip::run/seed2/first_read_after_set/result.json,truth_table,first_read_after_set,,1.0
0,,0,,frozen_test,AND:11,,,2,answer_ce,,experiment_v1_4/phase_archives/P4/v1_4_frozen_test_evidence_20260922T033233833147.zip::run/seed2/first_read_after_set/result.json,truth_table,first_read_after_set,,0.0002603063230389237
0,,0,,frozen_test,OR:00,,,2,count,,experiment_v1_4/phase_archives/P4/v1_4_frozen_test_evidence_20260922T033233833147.zip::run/seed2/first_read_after_set/result.json,truth_table,first_read_after_set,,59
0,,0,,frozen_test,OR:00,,,2,accuracy,,experiment_v1_4/phase_archives/P4/v1_4_frozen_test_evidence_20260922T033233833147.zip::run/seed2/first_read_after_set/result.json,truth_table,first_read_after_set,,1.0
0,,0,,frozen_test,OR:00,,,2,answer_ce,,experiment_v1_4/phase_archives/P4/v1_4_frozen_test_evidence_20260922T033233833147.zip::run/seed2/first_read_after_set/result.json,truth_table,first_read_after_set,,2.6490111279491754e-05
0,,0,,frozen_test,OR:01,,,2,count,,experiment_v1_4/phase_archives/P4/v1_4_frozen_test_evidence_20260922T033233833147.zip::run/seed2/first_read_after_set/result.json,truth_table,first_read_after_set,,58
0,,0,,frozen_test,OR:01,,,2,accuracy,,experiment_v1_4/phase_archives/P4/v1_4_frozen_test_evidence_20260922T033233833147.zip::run/seed2/first_read_after_set/result.json,truth_table,first_read_after_set,,1.0
0,,0,,frozen_test,OR:01,,,2,answer_ce,,experiment_v1_4/phase_archives/P4/v1_4_frozen_test_evidence_20260922T033233833147.zip::run/seed2/first_read_after_set/result.json,truth_table,first_read_after_set,,4.25079428607895e-05
0,,0,,frozen_test,OR:10,,,2,count,,experiment_v1_4/phase_archives/P4/v1_4_frozen_test_evidence_20260922T033233833147.zip::run/seed2/first_read_after_set/result.json,truth_table,first_read_after_set,,57
0,,0,,frozen_test,OR:10,,,2,accuracy,,experiment_v1_4/phase_archives/P4/v1_4_frozen_test_evidence_20260922T033233833147.zip::run/seed2/first_read_after_set/result.json,truth_table,first_read_after_set,,1.0
0,,0,,frozen_test,OR:10,,,2,answer_ce,,experiment_v1_4/phase_archives/P4/v1_4_frozen_test_evidence_20260922T033233833147.zip::run/seed2/first_read_after_set/result.json,truth_table,first_read_after_set,,2.3345725454865923e-05
0,,0,,frozen_test,OR:11,,,2,count,,experiment_v1_4/phase_archives/P4/v1_4_frozen_test_evidence_20260922T033233833147.zip::run/seed2/first_read_after_set/result.json,truth_table,first_read_after_set,,61
0,,0,,frozen_test,OR:11,,,2,accuracy,,experiment_v1_4/phase_archives/P4/v1_4_frozen_test_evidence_20260922T033233833147.zip::run/seed2/first_read_after_set/result.json,truth_table,first_read_after_set,,1.0
0,,0,,frozen_test,OR:11,,,2,answer_ce,,experiment_v1_4/phase_archives/P4/v1_4_frozen_test_evidence_20260922T033233833147.zip::run/seed2/first_read_after_set/result.json,truth_table,first_read_after_set,,1.9639932972614722e-05
0,,0,,frozen_test,XOR:00,,,2,count,,experiment_v1_4/phase_archives/P4/v1_4_frozen_test_evidence_20260922T033233833147.zip::run/seed2/first_read_after_set/result.json,truth_table,first_read_after_set,,67
0,,0,,frozen_test,XOR:00,,,2,accuracy,,experiment_v1_4/phase_archives/P4/v1_4_frozen_test_evidence_20260922T033233833147.zip::run/seed2/first_read_after_set/result.json,truth_table,first_read_after_set,,1.0
0,,0,,frozen_test,XOR:00,,,2,answer_ce,,experiment_v1_4/phase_archives/P4/v1_4_frozen_test_evidence_20260922T033233833147.zip::run/seed2/first_read_after_set/result.json,truth_table,first_read_after_set,,0.0001517579086468496
0,,0,,frozen_test,XOR:01,,,2,count,,experiment_v1_4/phase_archives/P4/v1_4_frozen_test_evidence_20260922T033233833147.zip::run/seed2/first_read_after_set/result.json,truth_table,first_read_after_set,,59
0,,0,,frozen_test,XOR:01,,,2,accuracy,,experiment_v1_4/phase_archives/P4/v1_4_frozen_test_evidence_20260922T033233833147.zip::run/seed2/first_read_after_set/result.json,truth_table,first_read_after_set,,1.0
0,,0,,frozen_test,XOR:01,,,2,answer_ce,,experiment_v1_4/phase_archives/P4/v1_4_frozen_test_evidence_20260922T033233833147.zip::run/seed2/first_read_after_set/result.json,truth_table,first_read_after_set,,8.150140758701482e-05
0,,0,,frozen_test,XOR:10,,,2,count,,experiment_v1_4/phase_archives/P4/v1_4_frozen_test_evidence_20260922T033233833147.zip::run/seed2/first_read_after_set/result.json,truth_table,first_read_after_set,,51
0,,0,,frozen_test,XOR:10,,,2,accuracy,,experiment_v1_4/phase_archives/P4/v1_4_frozen_test_evidence_20260922T033233833147.zip::run/seed2/first_read_after_set/result.json,truth_table,first_read_after_set,,1.0
0,,0,,frozen_test,XOR:10,,,2,answer_ce,,experiment_v1_4/phase_archives/P4/v1_4_frozen_test_evidence_20260922T033233833147.zip::run/seed2/first_read_after_set/result.json,truth_table,first_read_after_set,,8.023591345038e-05
0,,0,,frozen_test,XOR:11,,,2,count,,experiment_v1_4/phase_archives/P4/v1_4_frozen_test_evidence_20260922T033233833147.zip::run/seed2/first_read_after_set/result.json,truth_table,first_read_after_set,,42
0,,0,,frozen_test,XOR:11,,,2,accuracy,,experiment_v1_4/phase_archives/P4/v1_4_frozen_test_evidence_20260922T033233833147.zip::run/seed2/first_read_after_set/result.json,truth_table,first_read_after_set,,1.0
0,,0,,frozen_test,XOR:11,,,2,answer_ce,,experiment_v1_4/phase_archives/P4/v1_4_frozen_test_evidence_20260922T033233833147.zip::run/seed2/first_read_after_set/result.json,truth_table,first_read_after_set,,3.993848109270662e-05
1000,,1000,,frozen_test,,0.0,-0.0009300595238095344,2,accuracy,,experiment_v1_4/phase_archives/P4/v1_4_frozen_test_evidence_20260922T033233833147.zip::run/seed2/first_repeat/result.json,paired 42-cell macro gap,first_minus_repeat,,-0.0003720238095238095
1000,,1000,,frozen_test,,0.0020004120853524994,0.00024095910952405634,2,answer_ce,,experiment_v1_4/phase_archives/P4/v1_4_frozen_test_evidence_20260922T033233833147.zip::run/seed2/first_repeat/result.json,paired 42-cell macro gap,first_minus_repeat,,0.0009734000205519912
0,,0,,frozen_test,,,,2,answer_count,,experiment_v1_4/phase_archives/P4/v1_4_frozen_test_evidence_20260922T033233833147.zip::run/seed2/first_repeat/result.json,micro,first,,5376
0,,0,,frozen_test,,,,2,sequence_count,,experiment_v1_4/phase_archives/P4/v1_4_frozen_test_evidence_20260922T033233833147.zip::run/seed2/first_repeat/result.json,micro,first,,5376
0,,0,,frozen_test,,,,2,answer_ce,,experiment_v1_4/phase_archives/P4/v1_4_frozen_test_evidence_20260922T033233833147.zip::run/seed2/first_repeat/result.json,micro,first,,0.0009889219413806874
0,,0,,frozen_test,,,,2,accuracy,,experiment_v1_4/phase_archives/P4/v1_4_frozen_test_evidence_20260922T033233833147.zip::run/seed2/first_repeat/result.json,micro,first,,0.9996279761904762
0,,0,,frozen_test,,,,2,binary_accuracy,,experiment_v1_4/phase_archives/P4/v1_4_frozen_test_evidence_20260922T033233833147.zip::run/seed2/first_repeat/result.json,micro,first,,0.9996279761904762
0,,0,,frozen_test,,,,2,bit_mass,,experiment_v1_4/phase_archives/P4/v1_4_frozen_test_evidence_20260922T033233833147.zip::run/seed2/first_repeat/result.json,micro,first,,0.9999855876611989
0,,0,,frozen_test,,,,2,all_token_ce,,experiment_v1_4/phase_archives/P4/v1_4_frozen_test_evidence_20260922T033233833147.zip::run/seed2/first_repeat/result.json,all-token,first,,0.9832973235788103
0,,0,,frozen_test,,,,2,prediction_tokens,,experiment_v1_4/phase_archives/P4/v1_4_frozen_test_evidence_20260922T033233833147.zip::run/seed2/first_repeat/result.json,all-token,first,,694861
1000,,1000,,frozen_test,,1.0,0.9990699404761905,2,accuracy,,experiment_v1_4/phase_archives/P4/v1_4_frozen_test_evidence_20260922T033233833147.zip::run/seed2/first_repeat/result.json,42-cell macro,first,,0.9996279761904762
1000,,1000,,frozen_test,,0.0020155205249491864,0.0002561695806213952,2,answer_ce,,experiment_v1_4/phase_archives/P4/v1_4_frozen_test_evidence_20260922T033233833147.zip::run/seed2/first_repeat/result.json,42-cell macro,first,,0.0009889219413806874
0,10311999479118765961,0,,frozen_test,AND:00:depth_1,,,2,count,,experiment_v1_4/phase_archives/P4/v1_4_frozen_test_evidence_20260922T033233833147.zip::run/seed2/first_repeat/result.json,cell,first,,128
1000,10311999479118765961,1000,,frozen_test,AND:00:depth_1,1.437855006738431e-05,1.2088419290279261e-05,2,answer_ce,,experiment_v1_4/phase_archives/P4/v1_4_frozen_test_evidence_20260922T033233833147.zip::run/seed2/first_repeat/result.json,cell,first,,1.2968559808257396e-05
1000,10311999479118765961,1000,,frozen_test,AND:00:depth_1,1.0,1.0,2,accuracy,,experiment_v1_4/phase_archives/P4/v1_4_frozen_test_evidence_20260922T033233833147.zip::run/seed2/first_repeat/result.json,cell,first,,1.0
0,1797238313058616685,0,,frozen_test,AND:00:depth_2-3,,,2,count,,experiment_v1_4/phase_archives/P4/v1_4_frozen_test_evidence_20260922T033233833147.zip::run/seed2/first_repeat/result.json,cell,first,,128
1000,1797238313058616685,1000,,frozen_test,AND:00:depth_2-3,1.6821395657018457e-05,1.4384998193328612e-05,2,answer_ce,,experiment_v1_4/phase_archives/P4/v1_4_frozen_test_evidence_20260922T033233833147.zip::run/seed2/first_repeat/result.json,cell,first,,1.5565980120868517e-05
1000,1797238313058616685,1000,,frozen_test,AND:00:depth_2-3,1.0,1.0,2,accuracy,,experiment_v1_4/phase_archives/P4/v1_4_frozen_test_evidence_20260922T033233833147.zip::run/seed2/first_repeat/result.json,cell,first,,1.0
0,15050479850033334881,0,,frozen_test,AND:00:depth_4+,,,2,count,,experiment_v1_4/phase_archives/P4/v1_4_frozen_test_evidence_20260922T033233833147.zip::run/seed2/first_repeat/result.json,cell,first,,128
1000,15050479850033334881,1000,,frozen_test,AND:00:depth_4+,6.893697612788685e-05,1.4028577743729897e-05,2,answer_ce,,experiment_v1_4/phase_archives/P4/v1_4_frozen_test_evidence_20260922T033233833147.zip::run/seed2/first_repeat/result.json,cell,first,,3.3005928678164764e-05
1000,15050479850033334881,1000,,frozen_test,AND:00:depth_4+,1.0,1.0,2,accuracy,,experiment_v1_4/phase_archives/P4/v1_4_frozen_test_evidence_20260922T033233833147.zip::run/seed2/first_repeat/result.json,cell,first,,1.0
0,9595157224390385396,0,,frozen_test,AND:01:depth_1,,,2,count,,experiment_v1_4/phase_archives/P4/v1_4_frozen_test_evidence_20260922T033233833147.zip::run/seed2/first_repeat/result.json,cell,first,,128
1000,9595157224390385396,1000,,frozen_test,AND:01:depth_1,1.5331282400055102e-05,1.3132460827058878e-05,2,answer_ce,,experiment_v1_4/phase_archives/P4/v1_4_frozen_test_evidence_20260922T033233833147.zip::run/seed2/first_repeat/result.json,cell,first,,1.4175540897554129e-05
1000,9595157224390385396,1000,,frozen_test,AND:01:depth_1,1.0,1.0,2,accuracy,,experiment_v1_4/phase_archives/P4/v1_4_frozen_test_evidence_20260922T033233833147.zip::run/seed2/first_repeat/result.json,cell,first,,1.0
0,9253305300452515370,0,,frozen_test,AND:01:depth_2-3,,,2,count,,experiment_v1_4/phase_archives/P4/v1_4_frozen_test_evidence_20260922T033233833147.zip::run/seed2/first_repeat/result.json,cell,first,,128
1000,9253305300452515370,1000,,frozen_test,AND:01:depth_2-3,3.0122672330001873e-05,1.6960686680533853e-05,2,answer_ce,,experiment_v1_4/phase_archives/P4/v1_4_frozen_test_evidence_20260922T033233833147.zip::run/seed2/first_repeat/result.json,cell,first,,2.212345646768199e-05
1000,9253305300452515370,1000,,frozen_test,AND:01:depth_2-3,1.0,1.0,2,accuracy,,experiment_v1_4/phase_archives/P4/v1_4_frozen_test_evidence_20260922T033233833147.zip::run/seed2/first_repeat/result.json,cell,first,,1.0
0,4289539398359864338,0,,frozen_test,AND:01:depth_4+,,,2,count,,experiment_v1_4/phase_archives/P4/v1_4_frozen_test_evidence_20260922T033233833147.zip::run/seed2/first_repeat/result.json,cell,first,,128
1000,4289539398359864338,1000,,frozen_test,AND:01:depth_4+,4.436511830663292e-05,2.217508879374108e-05,2,answer_ce,,experiment_v1_4/phase_archives/P4/v1_4_frozen_test_evidence_20260922T033233833147.zip::run/seed2/first_repeat/result.json,cell,first,,3.157200220371692e-05
1000,4289539398359864338,1000,,frozen_test,AND:01:depth_4+,1.0,1.0,2,accuracy,,experiment_v1_4/phase_archives/P4/v1_4_frozen_test_evidence_20260922T033233833147.zip::run/seed2/first_repeat/result.json,cell,first,,1.0
0,5853864252199468095,0,,frozen_test,AND:10:depth_1,,,2,count,,experiment_v1_4/phase_archives/P4/v1_4_frozen_test_evidence_20260922T033233833147.zip::run/seed2/first_repeat/result.json,cell,first,,128
1000,5853864252199468095,1000,,frozen_test,AND:10:depth_1,2.1949628026618482e-05,1.739025110900627e-05,2,answer_ce,,experiment_v1_4/phase_archives/P4/v1_4_frozen_test_evidence_20260922T033233833147.zip::run/seed2/first_repeat/result.json,cell,first,,1.9527685019227192e-05
1000,5853864252199468095,1000,,frozen_test,AND:10:depth_1,1.0,1.0,2,accuracy,,experiment_v1_4/phase_archives/P4/v1_4_frozen_test_evidence_20260922T033233833147.zip::run/seed2/first_repeat/result.json,cell,first,,1.0
0,1721696109249432584,0,,frozen_test,AND:10:depth_2-3,,,2,count,,experiment_v1_4/phase_archives/P4/v1_4_frozen_test_evidence_20260922T033233833147.zip::run/seed2/first_repeat/result.json,cell,first,,128
1000,1721696109249432584,1000,,frozen_test,AND:10:depth_2-3,6.0811936550919646e-05,2.798249812432374e-05,2,answer_ce,,experiment_v1_4/phase_archives/P4/v1_4_frozen_test_evidence_20260922T033233833147.zip::run/seed2/first_repeat/result.json,cell,first,,4.2322220927815124e-05
1000,1721696109249432584,1000,,frozen_test,AND:10:depth_2-3,1.0,1.0,2,accuracy,,experiment_v1_4/phase_archives/P4/v1_4_frozen_test_evidence_20260922T033233833147.zip::run/seed2/first_repeat/result.json,cell,first,,1.0
0,14663433551668054719,0,,frozen_test,AND:10:depth_4+,,,2,count,,experiment_v1_4/phase_archives/P4/v1_4_frozen_test_evidence_20260922T033233833147.zip::run/seed2/first_repeat/result.json,cell,first,,128
1000,14663433551668054719,1000,,frozen_test,AND:10:depth_4+,0.0003186739487404111,6.100847816803423e-05,2,answer_ce,,experiment_v1_4/phase_archives/P4/v1_4_frozen_test_evidence_20260922T033233833147.zip::run/seed2/first_repeat/result.json,cell,first,,0.0001758773119249213
1000,14663433551668054719,1000,,frozen_test,AND:10:depth_4+,1.0,1.0,2,accuracy,,experiment_v1_4/phase_archives/P4/v1_4_frozen_test_evidence_20260922T033233833147.zip::run/seed2/first_repeat/result.json,cell,first,,1.0
0,4821655781141206001,0,,frozen_test,AND:11:depth_1,,,2,count,,experiment_v1_4/phase_archives/P4/v1_4_frozen_test_evidence_20260922T033233833147.zip::run/seed2/first_repeat/result.json,cell,first,,128
1000,4821655781141206001,1000,,frozen_test,AND:11:depth_1,9.855996258778532e-05,4.890156246624144e-05,2,answer_ce,,experiment_v1_4/phase_archives/P4/v1_4_frozen_test_evidence_20260922T033233833147.zip::run/seed2/first_repeat/result.json,cell,first,,7.198243896766598e-05
1000,4821655781141206001,1000,,frozen_test,AND:11:depth_1,1.0,1.0,2,accuracy,,experiment_v1_4/phase_archives/P4/v1_4_frozen_test_evidence_20260922T033233833147.zip::run/seed2/first_repeat/result.json,cell,first,,1.0
0,8017124935831212171,0,,frozen_test,AND:11:depth_2-3,,,2,count,,experiment_v1_4/phase_archives/P4/v1_4_frozen_test_evidence_20260922T033233833147.zip::run/seed2/first_repeat/result.json,cell,first,,128
1000,8017124935831212171,1000,,frozen_test,AND:11:depth_2-3,0.0003679835356269478,9.83115588102379e-05,2,answer_ce,,experiment_v1_4/phase_archives/P4/v1_4_frozen_test_evidence_20260922T033233833147.zip::run/seed2/first_repeat/result.json,cell,first,,0.00021308858948287934
1000,8017124935831212171,1000,,frozen_test,AND:11:depth_2-3,1.0,1.0,2,accuracy,,experiment_v1_4/phase_archives/P4/v1_4_frozen_test_evidence_20260922T033233833147.zip::run/seed2/first_repeat/result.json,cell,first,,1.0
0,4666887975899531446,0,,frozen_test,AND:11:depth_4+,,,2,count,,experiment_v1_4/phase_archives/P4/v1_4_frozen_test_evidence_20260922T033233833147.zip::run/seed2/first_repeat/result.json,cell,first,,128
1000,4666887975899531446,1000,,frozen_test,AND:11:depth_4+,0.003553643111543891,0.000628916265726609,2,answer_ce,,experiment_v1_4/phase_archives/P4/v1_4_frozen_test_evidence_20260922T033233833147.zip::run/seed2/first_repeat/result.json,cell,first,,0.0018366905401236977
1000,4666887975899531446,1000,,frozen_test,AND:11:depth_4+,1.0,1.0,2,accuracy,,experiment_v1_4/phase_archives/P4/v1_4_frozen_test_evidence_20260922T033233833147.zip::run/seed2/first_repeat/result.json,cell,first,,1.0
0,17525701494058279652,0,,frozen_test,NOT:0:depth_1,,,2,count,,experiment_v1_4/phase_archives/P4/v1_4_frozen_test_evidence_20260922T033233833147.zip::run/seed2/first_repeat/result.json,cell,first,,128
1000,17525701494058279652,1000,,frozen_test,NOT:0:depth_1,3.116135181784329e-05,1.625958360484958e-05,2,answer_ce,,experiment_v1_4/phase_archives/P4/v1_4_frozen_test_evidence_20260922T033233833147.zip::run/seed2/first_repeat/result.json,cell,first,,2.2300170336109204e-05
1000,17525701494058279652,1000,,frozen_test,NOT:0:depth_1,1.0,1.0,2,accuracy,,experiment_v1_4/phase_archives/P4/v1_4_frozen_test_evidence_20260922T033233833147.zip::run/seed2/first_repeat/result.json,cell,first,,1.0
0,1491923965194303036,0,,frozen_test,NOT:0:depth_2-3,,,2,count,,experiment_v1_4/phase_archives/P4/v1_4_frozen_test_evidence_20260922T033233833147.zip::run/seed2/first_repeat/result.json,cell,first,,128
1000,1491923965194303036,1000,,frozen_test,NOT:0:depth_2-3,5.002321693687861e-05,2.4728747251145934e-05,2,answer_ce,,experiment_v1_4/phase_archives/P4/v1_4_frozen_test_evidence_20260922T033233833147.zip::run/seed2/first_repeat/result.json,cell,first,,3.5200585230654724e-05
1000,1491923965194303036,1000,,frozen_test,NOT:0:depth_2-3,1.0,1.0,2,accuracy,,experiment_v1_4/phase_archives/P4/v1_4_frozen_test_evidence_20260922T033233833147.zip::run/seed2/first_repeat/result.json,cell,first,,1.0
0,71363753576176977,0,,frozen_test,NOT:0:depth_4+,,,2,count,,experiment_v1_4/phase_archives/P4/v1_4_frozen_test_evidence_20260922T033233833147.zip::run/seed2/first_repeat/result.json,cell,first,,128
1000,71363753576176977,1000,,frozen_test,NOT:0:depth_4+,0.0008891780134504756,3.282333691387862e-05,2,answer_ce,,experiment_v1_4/phase_archives/P4/v1_4_frozen_test_evidence_20260922T033233833147.zip::run/seed2/first_repeat/result.json,cell,first,,0.00032198514873016393
1000,71363753576176977,1000,,frozen_test,NOT:0:depth_4+,1.0,1.0,2,accuracy,,experiment_v1_4/phase_archives/P4/v1_4_frozen_test_evidence_20260922T033233833147.zip::run/seed2/first_repeat/result.json,cell,first,,1.0
0,3944455037814680919,0,,frozen_test,NOT:1:depth_1,,,2,count,,experiment_v1_4/phase_archives/P4/v1_4_frozen_test_evidence_20260922T033233833147.zip::run/seed2/first_repeat/result.json,cell,first,,128
1000,3944455037814680919,1000,,frozen_test,NOT:1:depth_1,1.6849719449929523e-05,1.4912170618330833e-05,2,answer_ce,,experiment_v1_4/phase_archives/P4/v1_4_frozen_test_evidence_20260922T033233833147.zip::run/seed2/first_repeat/result.json,cell,first,,1.5887289876559407e-05
1000,3944455037814680919,1000,,frozen_test,NOT:1:depth_1,1.0,1.0,2,accuracy,,experiment_v1_4/phase_archives/P4/v1_4_frozen_test_evidence_20260922T033233833147.zip::run/seed2/first_repeat/result.json,cell,first,,1.0
0,18290201537775393194,0,,frozen_test,NOT:1:depth_2-3,,,2,count,,experiment_v1_4/phase_archives/P4/v1_4_frozen_test_evidence_20260922T033233833147.zip::run/seed2/first_repeat/result.json,cell,first,,128
1000,18290201537775393194,1000,,frozen_test,NOT:1:depth_2-3,4.001442238941166e-05,1.9177415782323237e-05,2,answer_ce,,experiment_v1_4/phase_archives/P4/v1_4_frozen_test_evidence_20260922T033233833147.zip::run/seed2/first_repeat/result.json,cell,first,,2.6744738860884354e-05
1000,18290201537775393194,1000,,frozen_test,NOT:1:depth_2-3,1.0,1.0,2,accuracy,,experiment_v1_4/phase_archives/P4/v1_4_frozen_test_evidence_20260922T033233833147.zip::run/seed2/first_repeat/result.json,cell,first,,1.0
0,10928038736295640481,0,,frozen_test,NOT:1:depth_4+,,,2,count,,experiment_v1_4/phase_archives/P4/v1_4_frozen_test_evidence_20260922T033233833147.zip::run/seed2/first_repeat/result.json,cell,first,,128
1000,10928038736295640481,1000,,frozen_test,NOT:1:depth_4+,0.0014526324958604065,2.4832638654892492e-05,2,answer_ce,,experiment_v1_4/phase_archives/P4/v1_4_frozen_test_evidence_20260922T033233833147.zip::run/seed2/first_repeat/result.json,cell,first,,0.0005028461109404248
1000,10928038736295640481,1000,,frozen_test,NOT:1:depth_4+,1.0,1.0,2,accuracy,,experiment_v1_4/phase_archives/P4/v1_4_frozen_test_evidence_20260922T033233833147.zip::run/seed2/first_repeat/result.json,cell,first,,1.0
0,11954405002550950950,0,,frozen_test,OR:00:depth_1,,,2,count,,experiment_v1_4/phase_archives/P4/v1_4_frozen_test_evidence_20260922T033233833147.zip::run/seed2/first_repeat/result.json,cell,first,,128
1000,11954405002550950950,1000,,frozen_test,OR:00:depth_1,2.1164405109175276e-05,1.8181447180509735e-05,2,answer_ce,,experiment_v1_4/phase_archives/P4/v1_4_frozen_test_evidence_20260922T033233833147.zip::run/seed2/first_repeat/result.json,cell,first,,1.9632046303286188e-05
1000,11954405002550950950,1000,,frozen_test,OR:00:depth_1,1.0,1.0,2,accuracy,,experiment_v1_4/phase_archives/P4/v1_4_frozen_test_evidence_20260922T033233833147.zip::run/seed2/first_repeat/result.json,cell,first,,1.0
0,12555180566618781213,0,,frozen_test,OR:00:depth_2-3,,,2,count,,experiment_v1_4/phase_archives/P4/v1_4_frozen_test_evidence_20260922T033233833147.zip::run/seed2/first_repeat/result.json,cell,first,,128
1000,12555180566618781213,1000,,frozen_test,OR:00:depth_2-3,4.938362758295511e-05,2.74792232390908e-05,2,answer_ce,,experiment_v1_4/phase_archives/P4/v1_4_frozen_test_evidence_20260922T033233833147.zip::run/seed2/first_repeat/result.json,cell,first,,3.670819199186326e-05
1000,12555180566618781213,1000,,frozen_test,OR:00:depth_2-3,1.0,1.0,2,accuracy,,experiment_v1_4/phase_archives/P4/v1_4_frozen_test_evidence_20260922T033233833147.zip::run/seed2/first_repeat/result.json,cell,first,,1.0
0,9811347820197213676,0,,frozen_test,OR:00:depth_4+,,,2,count,,experiment_v1_4/phase_archives/P4/v1_4_frozen_test_evidence_20260922T033233833147.zip::run/seed2/first_repeat/result.json,cell,first,,128
1000,9811347820197213676,1000,,frozen_test,OR:00:depth_4+,0.0002970083881843166,0.0001025934607570278,2,answer_ce,,experiment_v1_4/phase_archives/P4/v1_4_frozen_test_evidence_20260922T033233833147.zip::run/seed2/first_repeat/result.json,cell,first,,0.0001908872941953632
1000,9811347820197213676,1000,,frozen_test,OR:00:depth_4+,1.0,1.0,2,accuracy,,experiment_v1_4/phase_archives/P4/v1_4_frozen_test_evidence_20260922T033233833147.zip::run/seed2/first_repeat/result.json,cell,first,,1.0
0,7072010969808072804,0,,frozen_test,OR:01:depth_1,,,2,count,,experiment_v1_4/phase_archives/P4/v1_4_frozen_test_evidence_20260922T033233833147.zip::run/seed2/first_repeat/result.json,cell,first,,128
1000,7072010969808072804,1000,,frozen_test,OR:01:depth_1,0.004062047676855585,1.8993534192546235e-05,2,answer_ce,,experiment_v1_4/phase_archives/P4/v1_4_frozen_test_evidence_20260922T033233833147.zip::run/seed2/first_repeat/result.json,cell,first,,0.0010311700978036242
1000,7072010969808072804,1000,,frozen_test,OR:01:depth_1,1.0,1.0,2,accuracy,,experiment_v1_4/phase_archives/P4/v1_4_frozen_test_evidence_20260922T033233833147.zip::run/seed2/first_repeat/result.json,cell,first,,1.0
0,13865522717301008725,0,,frozen_test,OR:01:depth_2-3,,,2,count,,experiment_v1_4/phase_archives/P4/v1_4_frozen_test_evidence_20260922T033233833147.zip::run/seed2/first_repeat/result.json,cell,first,,128
1000,13865522717301008725,1000,,frozen_test,OR:01:depth_2-3,6.806380576716006e-05,2.5517327813950884e-05,2,answer_ce,,experiment_v1_4/phase_archives/P4/v1_4_frozen_test_evidence_20260922T033233833147.zip::run/seed2/first_repeat/result.json,cell,first,,4.299892439263431e-05
1000,13865522717301008725,1000,,frozen_test,OR:01:depth_2-3,1.0,1.0,2,accuracy,,experiment_v1_4/phase_archives/P4/v1_4_frozen_test_evidence_20260922T033233833147.zip::run/seed2/first_repeat/result.json,cell,first,,1.0
0,8458431508761387055,0,,frozen_test,OR:01:depth_4+,,,2,count,,experiment_v1_4/phase_archives/P4/v1_4_frozen_test_evidence_20260922T033233833147.zip::run/seed2/first_repeat/result.json,cell,first,,128
1000,8458431508761387055,1000,,frozen_test,OR:01:depth_4+,0.0003012379116071884,0.00010172496100615546,2,answer_ce,,experiment_v1_4/phase_archives/P4/v1_4_frozen_test_evidence_20260922T033233833147.zip::run/seed2/first_repeat/result.json,cell,first,,0.0001902862837681596
1000,8458431508761387055,1000,,frozen_test,OR:01:depth_4+,1.0,1.0,2,accuracy,,experiment_v1_4/phase_archives/P4/v1_4_frozen_test_evidence_20260922T033233833147.zip::run/seed2/first_repeat/result.json,cell,first,,1.0
0,9637555764635799866,0,,frozen_test,OR:10:depth_1,,,2,count,,experiment_v1_4/phase_archives/P4/v1_4_frozen_test_evidence_20260922T033233833147.zip::run/seed2/first_repeat/result.json,cell,first,,128
1000,9637555764635799866,1000,,frozen_test,OR:10:depth_1,2.568094628436768e-05,1.9771606295826415e-05,2,answer_ce,,experiment_v1_4/phase_archives/P4/v1_4_frozen_test_evidence_20260922T033233833147.zip::run/seed2/first_repeat/result.json,cell,first,,2.2520853249829997e-05
1000,9637555764635799866,1000,,frozen_test,OR:10:depth_1,1.0,1.0,2,accuracy,,experiment_v1_4/phase_archives/P4/v1_4_frozen_test_evidence_20260922T033233833147.zip::run/seed2/first_repeat/result.json,cell,first,,1.0
0,3464314395223524946,0,,frozen_test,OR:10:depth_2-3,,,2,count,,experiment_v1_4/phase_archives/P4/v1_4_frozen_test_evidence_20260922T033233833147.zip::run/seed2/first_repeat/result.json,cell,first,,128
1000,3464314395223524946,1000,,frozen_test,OR:10:depth_2-3,4.869988238240807e-05,2.6817202505924343e-05,2,answer_ce,,experiment_v1_4/phase_archives/P4/v1_4_frozen_test_evidence_20260922T033233833147.zip::run/seed2/first_repeat/result.json,cell,first,,3.709239494043004e-05
1000,3464314395223524946,1000,,frozen_test,OR:10:depth_2-3,1.0,1.0,2,accuracy,,experiment_v1_4/phase_archives/P4/v1_4_frozen_test_evidence_20260922T033233833147.zip::run/seed2/first_repeat/result.json,cell,first,,1.0
0,4856104488888968904,0,,frozen_test,OR:10:depth_4+,,,2,count,,experiment_v1_4/phase_archives/P4/v1_4_frozen_test_evidence_20260922T033233833147.zip::run/seed2/first_repeat/result.json,cell,first,,128
1000,4856104488888968904,1000,,frozen_test,OR:10:depth_4+,0.0013293583414103693,8.524922884802778e-05,2,answer_ce,,experiment_v1_4/phase_archives/P4/v1_4_frozen_test_evidence_20260922T033233833147.zip::run/seed2/first_repeat/result.json,cell,first,,0.0005626916974179608
1000,4856104488888968904,1000,,frozen_test,OR:10:depth_4+,1.0,1.0,2,accuracy,,experiment_v1_4/phase_archives/P4/v1_4_frozen_test_evidence_20260922T033233833147.zip::run/seed2/first_repeat/result.json,cell,first,,1.0
0,560240673836393561,0,,frozen_test,OR:11:depth_1,,,2,count,,experiment_v1_4/phase_archives/P4/v1_4_frozen_test_evidence_20260922T033233833147.zip::run/seed2/first_repeat/result.json,cell,first,,128
1000,560240673836393561,1000,,frozen_test,OR:11:depth_1,1.788235184569942e-05,1.5123435115249606e-05,2,answer_ce,,experiment_v1_4/phase_archives/P4/v1_4_frozen_test_evidence_20260922T033233833147.zip::run/seed2/first_repeat/result.json,cell,first,,1.6399491769902852e-05
1000,560240673836393561,1000,,frozen_test,OR:11:depth_1,1.0,1.0,2,accuracy,,experiment_v1_4/phase_archives/P4/v1_4_frozen_test_evidence_20260922T033233833147.zip::run/seed2/first_repeat/result.json,cell,first,,1.0
0,9413004231091997271,0,,frozen_test,OR:11:depth_2-3,,,2,count,,experiment_v1_4/phase_archives/P4/v1_4_frozen_test_evidence_20260922T033233833147.zip::run/seed2/first_repeat/result.json,cell,first,,128
1000,9413004231091997271,1000,,frozen_test,OR:11:depth_2-3,8.420863117724052e-05,1.8349288241203966e-05,2,answer_ce,,experiment_v1_4/phase_archives/P4/v1_4_frozen_test_evidence_20260922T033233833147.zip::run/seed2/first_repeat/result.json,cell,first,,4.0937052290246356e-05
1000,9413004231091997271,1000,,frozen_test,OR:11:depth_2-3,1.0,1.0,2,accuracy,,experiment_v1_4/phase_archives/P4/v1_4_frozen_test_evidence_20260922T033233833147.zip::run/seed2/first_repeat/result.json,cell,first,,1.0
0,3980627975894782013,0,,frozen_test,OR:11:depth_4+,,,2,count,,experiment_v1_4/phase_archives/P4/v1_4_frozen_test_evidence_20260922T033233833147.zip::run/seed2/first_repeat/result.json,cell,first,,128
1000,3980627975894782013,1000,,frozen_test,OR:11:depth_4+,0.0001359134930746464,3.1557824647876484e-05,2,answer_ce,,experiment_v1_4/phase_archives/P4/v1_4_frozen_test_evidence_20260922T033233833147.zip::run/seed2/first_repeat/result.json,cell,first,,7.657008277561772e-05
1000,3980627975894782013,1000,,frozen_test,OR:11:depth_4+,1.0,1.0,2,accuracy,,experiment_v1_4/phase_archives/P4/v1_4_frozen_test_evidence_20260922T033233833147.zip::run/seed2/first_repeat/result.json,cell,first,,1.0
0,15697172166103227080,0,,frozen_test,XOR:00:depth_1,,,2,count,,experiment_v1_4/phase_archives/P4/v1_4_frozen_test_evidence_20260922T033233833147.zip::run/seed2/first_repeat/result.json,cell,first,,128
1000,15697172166103227080,1000,,frozen_test,XOR:00:depth_1,2.2683321905248022e-05,1.861962047975396e-05,2,answer_ce,,experiment_v1_4/phase_archives/P4/v1_4_frozen_test_evidence_20260922T033233833147.zip::run/seed2/first_repeat/result.json,cell,first,,2.0500921635857594e-05
1000,15697172166103227080,1000,,frozen_test,XOR:00:depth_1,1.0,1.0,2,accuracy,,experiment_v1_4/phase_archives/P4/v1_4_frozen_test_evidence_20260922T033233833147.zip::run/seed2/first_repeat/result.json,cell,first,,1.0
0,2697477680545144508,0,,frozen_test,XOR:00:depth_2-3,,,2,count,,experiment_v1_4/phase_archives/P4/v1_4_frozen_test_evidence_20260922T033233833147.zip::run/seed2/first_repeat/result.json,cell,first,,128
1000,2697477680545144508,1000,,frozen_test,XOR:00:depth_2-3,0.00013674631217650555,4.47793091590043e-05,2,answer_ce,,experiment_v1_4/phase_archives/P4/v1_4_frozen_test_evidence_20260922T033233833147.zip::run/seed2/first_repeat/result.json,cell,first,,8.010453413476171e-05
1000,2697477680545144508,1000,,frozen_test,XOR:00:depth_2-3,1.0,1.0,2,accuracy,,experiment_v1_4/phase_archives/P4/v1_4_frozen_test_evidence_20260922T033233833147.zip::run/seed2/first_repeat/result.json,cell,first,,1.0
0,11009974996667487289,0,,frozen_test,XOR:00:depth_4+,,,2,count,,experiment_v1_4/phase_archives/P4/v1_4_frozen_test_evidence_20260922T033233833147.zip::run/seed2/first_repeat/result.json,cell,first,,128
1000,11009974996667487289,1000,,frozen_test,XOR:00:depth_4+,0.00044923367787053076,0.00012315424637332484,2,answer_ce,,experiment_v1_4/phase_archives/P4/v1_4_frozen_test_evidence_20260922T033233833147.zip::run/seed2/first_repeat/result.json,cell,first,,0.0002537860445883666
1000,11009974996667487289,1000,,frozen_test,XOR:00:depth_4+,1.0,1.0,2,accuracy,,experiment_v1_4/phase_archives/P4/v1_4_frozen_test_evidence_20260922T033233833147.zip::run/seed2/first_repeat/result.json,cell,first,,1.0
0,2024862555603111071,0,,frozen_test,XOR:01:depth_1,,,2,count,,experiment_v1_4/phase_archives/P4/v1_4_frozen_test_evidence_20260922T033233833147.zip::run/seed2/first_repeat/result.json,cell,first,,128
1000,2024862555603111071,1000,,frozen_test,XOR:01:depth_1,3.880256027652962e-05,2.196534423912766e-05,2,answer_ce,,experiment_v1_4/phase_archives/P4/v1_4_frozen_test_evidence_20260922T033233833147.zip::run/seed2/first_repeat/result.json,cell,first,,2.8920461581094514e-05
1000,2024862555603111071,1000,,frozen_test,XOR:01:depth_1,1.0,1.0,2,accuracy,,experiment_v1_4/phase_archives/P4/v1_4_frozen_test_evidence_20260922T033233833147.zip::run/seed2/first_repeat/result.json,cell,first,,1.0
0,11739967716255686708,0,,frozen_test,XOR:01:depth_2-3,,,2,count,,experiment_v1_4/phase_archives/P4/v1_4_frozen_test_evidence_20260922T033233833147.zip::run/seed2/first_repeat/result.json,cell,first,,128
1000,11739967716255686708,1000,,frozen_test,XOR:01:depth_2-3,0.00018199210074865135,5.9033935781727107e-05,2,answer_ce,,experiment_v1_4/phase_archives/P4/v1_4_frozen_test_evidence_20260922T033233833147.zip::run/seed2/first_repeat/result.json,cell,first,,0.00010892140964102737
1000,11739967716255686708,1000,,frozen_test,XOR:01:depth_2-3,1.0,1.0,2,accuracy,,experiment_v1_4/phase_archives/P4/v1_4_frozen_test_evidence_20260922T033233833147.zip::run/seed2/first_repeat/result.json,cell,first,,1.0
0,11284487643142736647,0,,frozen_test,XOR:01:depth_4+,,,2,count,,experiment_v1_4/phase_archives/P4/v1_4_frozen_test_evidence_20260922T033233833147.zip::run/seed2/first_repeat/result.json,cell,first,,128
1000,11284487643142736647,1000,,frozen_test,XOR:01:depth_4+,0.07044200892966099,0.0011856799153736831,2,answer_ce,,experiment_v1_4/phase_archives/P4/v1_4_frozen_test_evidence_20260922T033233833147.zip::run/seed2/first_repeat/result.json,cell,first,,0.029949795817621805
1000,11284487643142736647,1000,,frozen_test,XOR:01:depth_4+,1.0,0.9609375,2,accuracy,,experiment_v1_4/phase_archives/P4/v1_4_frozen_test_evidence_20260922T033233833147.zip::run/seed2/first_repeat/result.json,cell,first,,0.984375
0,13969558708191940981,0,,frozen_test,XOR:10:depth_1,,,2,count,,experiment_v1_4/phase_archives/P4/v1_4_frozen_test_evidence_20260922T033233833147.zip::run/seed2/first_repeat/result.json,cell,first,,128
1000,13969558708191940981,1000,,frozen_test,XOR:10:depth_1,0.00011152658093678269,7.443346630111591e-05,2,answer_ce,,experiment_v1_4/phase_archives/P4/v1_4_frozen_test_evidence_20260922T033233833147.zip::run/seed2/first_repeat/result.json,cell,first,,9.20150791046126e-05
1000,13969558708191940981,1000,,frozen_test,XOR:10:depth_1,1.0,1.0,2,accuracy,,experiment_v1_4/phase_archives/P4/v1_4_frozen_test_evidence_20260922T033233833147.zip::run/seed2/first_repeat/result.json,cell,first,,1.0
0,5674516347392591261,0,,frozen_test,XOR:10:depth_2-3,,,2,count,,experiment_v1_4/phase_archives/P4/v1_4_frozen_test_evidence_20260922T033233833147.zip::run/seed2/first_repeat/result.json,cell,first,,128
1000,5674516347392591261,1000,,frozen_test,XOR:10:depth_2-3,0.0002083068457309878,8.002507622855149e-05,2,answer_ce,,experiment_v1_4/phase_archives/P4/v1_4_frozen_test_evidence_20260922T033233833147.zip::run/seed2/first_repeat/result.json,cell,first,,0.00013537203908242645
1000,5674516347392591261,1000,,frozen_test,XOR:10:depth_2-3,1.0,1.0,2,accuracy,,experiment_v1_4/phase_archives/P4/v1_4_frozen_test_evidence_20260922T033233833147.zip::run/seed2/first_repeat/result.json,cell,first,,1.0
0,13413398733392984991,0,,frozen_test,XOR:10:depth_4+,,,2,count,,experiment_v1_4/phase_archives/P4/v1_4_frozen_test_evidence_20260922T033233833147.zip::run/seed2/first_repeat/result.json,cell,first,,128
1000,13413398733392984991,1000,,frozen_test,XOR:10:depth_4+,0.0007274251526840913,0.0001172837102270563,2,answer_ce,,experiment_v1_4/phase_archives/P4/v1_4_frozen_test_evidence_20260922T033233833147.zip::run/seed2/first_repeat/result.json,cell,first,,0.00033403322612457487
1000,13413398733392984991,1000,,frozen_test,XOR:10:depth_4+,1.0,1.0,2,accuracy,,experiment_v1_4/phase_archives/P4/v1_4_frozen_test_evidence_20260922T033233833147.zip::run/seed2/first_repeat/result.json,cell,first,,1.0
0,16546498869412242525,0,,frozen_test,XOR:11:depth_1,,,2,count,,experiment_v1_4/phase_archives/P4/v1_4_frozen_test_evidence_20260922T033233833147.zip::run/seed2/first_repeat/result.json,cell,first,,128
1000,16546498869412242525,1000,,frozen_test,XOR:11:depth_1,0.0008614303956797186,2.3410909559196113e-05,2,answer_ce,,experiment_v1_4/phase_archives/P4/v1_4_frozen_test_evidence_20260922T033233833147.zip::run/seed2/first_repeat/result.json,cell,first,,0.00030363575087477557
1000,16546498869412242525,1000,,frozen_test,XOR:11:depth_1,1.0,1.0,2,accuracy,,experiment_v1_4/phase_archives/P4/v1_4_frozen_test_evidence_20260922T033233833147.zip::run/seed2/first_repeat/result.json,cell,first,,1.0
0,3276581050681624842,0,,frozen_test,XOR:11:depth_2-3,,,2,count,,experiment_v1_4/phase_archives/P4/v1_4_frozen_test_evidence_20260922T033233833147.zip::run/seed2/first_repeat/result.json,cell,first,,128
1000,3276581050681624842,1000,,frozen_test,XOR:11:depth_2-3,6.184382134275524e-05,3.9218017388265025e-05,2,answer_ce,,experiment_v1_4/phase_archives/P4/v1_4_frozen_test_evidence_20260922T033233833147.zip::run/seed2/first_repeat/result.json,cell,first,,4.942748332581459e-05
1000,3276581050681624842,1000,,frozen_test,XOR:11:depth_2-3,1.0,1.0,2,accuracy,,experiment_v1_4/phase_archives/P4/v1_4_frozen_test_evidence_20260922T033233833147.zip::run/seed2/first_repeat/result.json,cell,first,,1.0
0,9398399215392196211,0,,frozen_test,XOR:11:depth_4+,,,2,count,,experiment_v1_4/phase_archives/P4/v1_4_frozen_test_evidence_20260922T033233833147.zip::run/seed2/first_repeat/result.json,cell,first,,128
1000,9398399215392196211,1000,,frozen_test,XOR:11:depth_4+,0.01295720262077662,0.0001549137137613954,2,answer_ce,,experiment_v1_4/phase_archives/P4/v1_4_frozen_test_evidence_20260922T033233833147.zip::run/seed2/first_repeat/result.json,cell,first,,0.00449645006077759
1000,9398399215392196211,1000,,frozen_test,XOR:11:depth_4+,1.0,1.0,2,accuracy,,experiment_v1_4/phase_archives/P4/v1_4_frozen_test_evidence_20260922T033233833147.zip::run/seed2/first_repeat/result.json,cell,first,,1.0
0,,0,,frozen_test,,,,2,count,,experiment_v1_4/phase_archives/P4/v1_4_frozen_test_evidence_20260922T033233833147.zip::run/seed2/first_repeat/result.json,baselines,first,,5376
0,,0,,frozen_test,,,,2,majority_prediction,,experiment_v1_4/phase_archives/P4/v1_4_frozen_test_evidence_20260922T033233833147.zip::run/seed2/first_repeat/result.json,baselines,first,,0
0,,0,,frozen_test,,,,2,split_majority_accuracy,,experiment_v1_4/phase_archives/P4/v1_4_frozen_test_evidence_20260922T033233833147.zip::run/seed2/first_repeat/result.json,baselines,first,,0.5
0,,0,,frozen_test,,,,2,independent_bernoulli_expected_accuracy,,experiment_v1_4/phase_archives/P4/v1_4_frozen_test_evidence_20260922T033233833147.zip::run/seed2/first_repeat/result.json,baselines,first,,0.5
0,,0,,frozen_test,,,,2,latest_set_or_initialization_accuracy,,experiment_v1_4/phase_archives/P4/v1_4_frozen_test_evidence_20260922T033233833147.zip::run/seed2/first_repeat/result.json,baselines,first,,0.5491071428571429
0,,0,,frozen_test,,,,2,latest_read_copy_accuracy,,experiment_v1_4/phase_archives/P4/v1_4_frozen_test_evidence_20260922T033233833147.zip::run/seed2/first_repeat/result.json,baselines,first,,0.5284598214285714
0,,0,,frozen_test,,,,2,answer_count,,experiment_v1_4/phase_archives/P4/v1_4_frozen_test_evidence_20260922T033233833147.zip::run/seed2/first_repeat/result.json,micro,repeat,,5376
0,,0,,frozen_test,,,,2,sequence_count,,experiment_v1_4/phase_archives/P4/v1_4_frozen_test_evidence_20260922T033233833147.zip::run/seed2/first_repeat/result.json,micro,repeat,,5376
0,,0,,frozen_test,,,,2,answer_ce,,experiment_v1_4/phase_archives/P4/v1_4_frozen_test_evidence_20260922T033233833147.zip::run/seed2/first_repeat/result.json,micro,repeat,,1.5521920828696184e-05
0,,0,,frozen_test,,,,2,accuracy,,experiment_v1_4/phase_archives/P4/v1_4_frozen_test_evidence_20260922T033233833147.zip::run/seed2/first_repeat/result.json,micro,repeat,,1.0
0,,0,,frozen_test,,,,2,binary_accuracy,,experiment_v1_4/phase_archives/P4/v1_4_frozen_test_evidence_20260922T033233833147.zip::run/seed2/first_repeat/result.json,micro,repeat,,1.0
0,,0,,frozen_test,,,,2,bit_mass,,experiment_v1_4/phase_archives/P4/v1_4_frozen_test_evidence_20260922T033233833147.zip::run/seed2/first_repeat/result.json,micro,repeat,,0.9999921827444008
0,,0,,frozen_test,,,,2,all_token_ce,,experiment_v1_4/phase_archives/P4/v1_4_frozen_test_evidence_20260922T033233833147.zip::run/seed2/first_repeat/result.json,all-token,repeat,,0.9577878202104837
0,,0,,frozen_test,,,,2,prediction_tokens,,experiment_v1_4/phase_archives/P4/v1_4_frozen_test_evidence_20260922T033233833147.zip::run/seed2/first_repeat/result.json,all-token,repeat,,710989
1000,,1000,,frozen_test,,1.0,1.0,2,accuracy,,experiment_v1_4/phase_archives/P4/v1_4_frozen_test_evidence_20260922T033233833147.zip::run/seed2/first_repeat/result.json,42-cell macro,repeat,,1.0
1000,,1000,,frozen_test,,1.717008108476874e-05,1.4207467033217334e-05,2,answer_ce,,experiment_v1_4/phase_archives/P4/v1_4_frozen_test_evidence_20260922T033233833147.zip::run/seed2/first_repeat/result.json,42-cell macro,repeat,,1.5521920828696184e-05
0,10311999479118765961,0,,frozen_test,AND:00:depth_1,,,2,count,,experiment_v1_4/phase_archives/P4/v1_4_frozen_test_evidence_20260922T033233833147.zip::run/seed2/first_repeat/result.json,cell,repeat,,128
1000,10311999479118765961,1000,,frozen_test,AND:00:depth_1,1.3642971871874466e-05,1.2027925257385163e-05,2,answer_ce,,experiment_v1_4/phase_archives/P4/v1_4_frozen_test_evidence_20260922T033233833147.zip::run/seed2/first_repeat/result.json,cell,repeat,,1.274226290348679e-05
1000,10311999479118765961,1000,,frozen_test,AND:00:depth_1,1.0,1.0,2,accuracy,,experiment_v1_4/phase_archives/P4/v1_4_frozen_test_evidence_20260922T033233833147.zip::run/seed2/first_repeat/result.json,cell,repeat,,1.0
0,1797238313058616685,0,,frozen_test,AND:00:depth_2-3,,,2,count,,experiment_v1_4/phase_archives/P4/v1_4_frozen_test_evidence_20260922T033233833147.zip::run/seed2/first_repeat/result.json,cell,repeat,,128
1000,1797238313058616685,1000,,frozen_test,AND:00:depth_2-3,1.3690389783782565e-05,1.1983157641815012e-05,2,answer_ce,,experiment_v1_4/phase_archives/P4/v1_4_frozen_test_evidence_20260922T033233833147.zip::run/seed2/first_repeat/result.json,cell,repeat,,1.2752506904689653e-05
1000,1797238313058616685,1000,,frozen_test,AND:00:depth_2-3,1.0,1.0,2,accuracy,,experiment_v1_4/phase_archives/P4/v1_4_frozen_test_evidence_20260922T033233833147.zip::run/seed2/first_repeat/result.json,cell,repeat,,1.0
0,15050479850033334881,0,,frozen_test,AND:00:depth_4+,,,2,count,,experiment_v1_4/phase_archives/P4/v1_4_frozen_test_evidence_20260922T033233833147.zip::run/seed2/first_repeat/result.json,cell,repeat,,128
1000,15050479850033334881,1000,,frozen_test,AND:00:depth_4+,1.2553209121435316e-05,1.1252054531940558e-05,2,answer_ce,,experiment_v1_4/phase_archives/P4/v1_4_frozen_test_evidence_20260922T033233833147.zip::run/seed2/first_repeat/result.json,cell,repeat,,1.1891980822298365e-05
1000,15050479850033334881,1000,,frozen_test,AND:00:depth_4+,1.0,1.0,2,accuracy,,experiment_v1_4/phase_archives/P4/v1_4_frozen_test_evidence_20260922T033233833147.zip::run/seed2/first_repeat/result.json,cell,repeat,,1.0
0,9595157224390385396,0,,frozen_test,AND:01:depth_1,,,2,count,,experiment_v1_4/phase_archives/P4/v1_4_frozen_test_evidence_20260922T033233833147.zip::run/seed2/first_repeat/result.json,cell,repeat,,128
1000,9595157224390385396,1000,,frozen_test,AND:01:depth_1,1.4301498709734517e-05,1.2269835810307938e-05,2,answer_ce,,experiment_v1_4/phase_archives/P4/v1_4_frozen_test_evidence_20260922T033233833147.zip::run/seed2/first_repeat/result.json,cell,repeat,,1.3190218872694004e-05
1000,9595157224390385396,1000,,frozen_test,AND:01:depth_1,1.0,1.0,2,accuracy,,experiment_v1_4/phase_archives/P4/v1_4_frozen_test_evidence_20260922T033233833147.zip::run/seed2/first_repeat/result.json,cell,repeat,,1.0
0,9253305300452515370,0,,frozen_test,AND:01:depth_2-3,,,2,count,,experiment_v1_4/phase_archives/P4/v1_4_frozen_test_evidence_20260922T033233833147.zip::run/seed2/first_repeat/result.json,cell,repeat,,128
1000,9253305300452515370,1000,,frozen_test,AND:01:depth_2-3,1.3196813523030926e-05,1.1914241833288487e-05,2,answer_ce,,experiment_v1_4/phase_archives/P4/v1_4_frozen_test_evidence_20260922T033233833147.zip::run/seed2/first_repeat/result.json,cell,repeat,,1.2537378424326562e-05
1000,9253305300452515370,1000,,frozen_test,AND:01:depth_2-3,1.0,1.0,2,accuracy,,experiment_v1_4/phase_archives/P4/v1_4_frozen_test_evidence_20260922T033233833147.zip::run/seed2/first_repeat/result.json,cell,repeat,,1.0
0,4289539398359864338,0,,frozen_test,AND:01:depth_4+,,,2,count,,experiment_v1_4/phase_archives/P4/v1_4_frozen_test_evidence_20260922T033233833147.zip::run/seed2/first_repeat/result.json,cell,repeat,,128
1000,4289539398359864338,1000,,frozen_test,AND:01:depth_4+,1.3978462125940892e-05,1.1648675089048766e-05,2,answer_ce,,experiment_v1_4/phase_archives/P4/v1_4_frozen_test_evidence_20260922T033233833147.zip::run/seed2/first_repeat/result.json,cell,repeat,,1.2755287393417802e-05
1000,4289539398359864338,1000,,frozen_test,AND:01:depth_4+,1.0,1.0,2,accuracy,,experiment_v1_4/phase_archives/P4/v1_4_frozen_test_evidence_20260922T033233833147.zip::run/seed2/first_repeat/result.json,cell,repeat,,1.0
0,5853864252199468095,0,,frozen_test,AND:10:depth_1,,,2,count,,experiment_v1_4/phase_archives/P4/v1_4_frozen_test_evidence_20260922T033233833147.zip::run/seed2/first_repeat/result.json,cell,repeat,,128
1000,5853864252199468095,1000,,frozen_test,AND:10:depth_1,1.221610114310323e-05,1.1122627636694915e-05,2,answer_ce,,experiment_v1_4/phase_archives/P4/v1_4_frozen_test_evidence_20260922T033233833147.zip::run/seed2/first_repeat/result.json,cell,repeat,,1.1671262036827557e-05
1000,5853864252199468095,1000,,frozen_test,AND:10:depth_1,1.0,1.0,2,accuracy,,experiment_v1_4/phase_archives/P4/v1_4_frozen_test_evidence_20260922T033233833147.zip::run/seed2/first_repeat/result.json,cell,repeat,,1.0
0,1721696109249432584,0,,frozen_test,AND:10:depth_2-3,,,2,count,,experiment_v1_4/phase_archives/P4/v1_4_frozen_test_evidence_20260922T033233833147.zip::run/seed2/first_repeat/result.json,cell,repeat,,128
1000,1721696109249432584,1000,,frozen_test,AND:10:depth_2-3,1.2693209407110828e-05,1.1463555098778499e-05,2,answer_ce,,experiment_v1_4/phase_archives/P4/v1_4_frozen_test_evidence_20260922T033233833147.zip::run/seed2/first_repeat/result.json,cell,repeat,,1.203447112629874e-05
1000,1721696109249432584,1000,,frozen_test,AND:10:depth_2-3,1.0,1.0,2,accuracy,,experiment_v1_4/phase_archives/P4/v1_4_frozen_test_evidence_20260922T033233833147.zip::run/seed2/first_repeat/result.json,cell,repeat,,1.0
0,14663433551668054719,0,,frozen_test,AND:10:depth_4+,,,2,count,,experiment_v1_4/phase_archives/P4/v1_4_frozen_test_evidence_20260922T033233833147.zip::run/seed2/first_repeat/result.json,cell,repeat,,128
1000,14663433551668054719,1000,,frozen_test,AND:10:depth_4+,1.2840069678254907e-05,1.1247444934880945e-05,2,answer_ce,,experiment_v1_4/phase_archives/P4/v1_4_frozen_test_evidence_20260922T033233833147.zip::run/seed2/first_repeat/result.json,cell,repeat,,1.202049668336258e-05
1000,14663433551668054719,1000,,frozen_test,AND:10:depth_4+,1.0,1.0,2,accuracy,,experiment_v1_4/phase_archives/P4/v1_4_frozen_test_evidence_20260922T033233833147.zip::run/seed2/first_repeat/result.json,cell,repeat,,1.0
0,4821655781141206001,0,,frozen_test,AND:11:depth_1,,,2,count,,experiment_v1_4/phase_archives/P4/v1_4_frozen_test_evidence_20260922T033233833147.zip::run/seed2/first_repeat/result.json,cell,repeat,,128
1000,4821655781141206001,1000,,frozen_test,AND:11:depth_1,1.916335922498291e-05,1.2429549133763373e-05,2,answer_ce,,experiment_v1_4/phase_archives/P4/v1_4_frozen_test_evidence_20260922T033233833147.zip::run/seed2/first_repeat/result.json,cell,repeat,,1.5151390996948066e-05
1000,4821655781141206001,1000,,frozen_test,AND:11:depth_1,1.0,1.0,2,accuracy,,experiment_v1_4/phase_archives/P4/v1_4_frozen_test_evidence_20260922T033233833147.zip::run/seed2/first_repeat/result.json,cell,repeat,,1.0
0,8017124935831212171,0,,frozen_test,AND:11:depth_2-3,,,2,count,,experiment_v1_4/phase_archives/P4/v1_4_frozen_test_evidence_20260922T033233833147.zip::run/seed2/first_repeat/result.json,cell,repeat,,128
1000,8017124935831212171,1000,,frozen_test,AND:11:depth_2-3,1.7947177520305502e-05,1.2838091095268567e-05,2,answer_ce,,experiment_v1_4/phase_archives/P4/v1_4_frozen_test_evidence_20260922T033233833147.zip::run/seed2/first_repeat/result.json,cell,repeat,,1.527344119267582e-05
1000,8017124935831212171,1000,,frozen_test,AND:11:depth_2-3,1.0,1.0,2,accuracy,,experiment_v1_4/phase_archives/P4/v1_4_frozen_test_evidence_20260922T033233833147.zip::run/seed2/first_repeat/result.json,cell,repeat,,1.0
0,4666887975899531446,0,,frozen_test,AND:11:depth_4+,,,2,count,,experiment_v1_4/phase_archives/P4/v1_4_frozen_test_evidence_20260922T033233833147.zip::run/seed2/first_repeat/result.json,cell,repeat,,128
1000,4666887975899531446,1000,,frozen_test,AND:11:depth_4+,8.39919290561042e-05,1.5904771504615668e-05,2,answer_ce,,experiment_v1_4/phase_archives/P4/v1_4_frozen_test_evidence_20260922T033233833147.zip::run/seed2/first_repeat/result.json,cell,repeat,,4.015172924454191e-05
1000,4666887975899531446,1000,,frozen_test,AND:11:depth_4+,1.0,1.0,2,accuracy,,experiment_v1_4/phase_archives/P4/v1_4_frozen_test_evidence_20260922T033233833147.zip::run/seed2/first_repeat/result.json,cell,repeat,,1.0
0,17525701494058279652,0,,frozen_test,NOT:0:depth_1,,,2,count,,experiment_v1_4/phase_archives/P4/v1_4_frozen_test_evidence_20260922T033233833147.zip::run/seed2/first_repeat/result.json,cell,repeat,,128
1000,17525701494058279652,1000,,frozen_test,NOT:0:depth_1,1.574530970991361e-05,1.3135229130156745e-05,2,answer_ce,,experiment_v1_4/phase_archives/P4/v1_4_frozen_test_evidence_20260922T033233833147.zip::run/seed2/first_repeat/result.json,cell,repeat,,1.430032715887819e-05
1000,17525701494058279652,1000,,frozen_test,NOT:0:depth_1,1.0,1.0,2,accuracy,,experiment_v1_4/phase_archives/P4/v1_4_frozen_test_evidence_20260922T033233833147.zip::run/seed2/first_repeat/result.json,cell,repeat,,1.0
0,1491923965194303036,0,,frozen_test,NOT:0:depth_2-3,,,2,count,,experiment_v1_4/phase_archives/P4/v1_4_frozen_test_evidence_20260922T033233833147.zip::run/seed2/first_repeat/result.json,cell,repeat,,128
1000,1491923965194303036,1000,,frozen_test,NOT:0:depth_2-3,1.4726898572448021e-05,1.2954536193632294e-05,2,answer_ce,,experiment_v1_4/phase_archives/P4/v1_4_frozen_test_evidence_20260922T033233833147.zip::run/seed2/first_repeat/result.json,cell,repeat,,1.3789053781465554e-05
1000,1491923965194303036,1000,,frozen_test,NOT:0:depth_2-3,1.0,1.0,2,accuracy,,experiment_v1_4/phase_archives/P4/v1_4_frozen_test_evidence_20260922T033233833147.zip::run/seed2/first_repeat/result.json,cell,repeat,,1.0
0,71363753576176977,0,,frozen_test,NOT:0:depth_4+,,,2,count,,experiment_v1_4/phase_archives/P4/v1_4_frozen_test_evidence_20260922T033233833147.zip::run/seed2/first_repeat/result.json,cell,repeat,,128
1000,71363753576176977,1000,,frozen_test,NOT:0:depth_4+,1.3121400137272588e-05,1.1823041698200143e-05,2,answer_ce,,experiment_v1_4/phase_archives/P4/v1_4_frozen_test_evidence_20260922T033233833147.zip::run/seed2/first_repeat/result.json,cell,repeat,,1.243679655260621e-05
1000,71363753576176977,1000,,frozen_test,NOT:0:depth_4+,1.0,1.0,2,accuracy,,experiment_v1_4/phase_archives/P4/v1_4_frozen_test_evidence_20260922T033233833147.zip::run/seed2/first_repeat/result.json,cell,repeat,,1.0
0,3944455037814680919,0,,frozen_test,NOT:1:depth_1,,,2,count,,experiment_v1_4/phase_archives/P4/v1_4_frozen_test_evidence_20260922T033233833147.zip::run/seed2/first_repeat/result.json,cell,repeat,,128
1000,3944455037814680919,1000,,frozen_test,NOT:1:depth_1,1.3845458464167848e-05,1.2083801584594766e-05,2,answer_ce,,experiment_v1_4/phase_archives/P4/v1_4_frozen_test_evidence_20260922T033233833147.zip::run/seed2/first_repeat/result.json,cell,repeat,,1.2943423996603087e-05
1000,3944455037814680919,1000,,frozen_test,NOT:1:depth_1,1.0,1.0,2,accuracy,,experiment_v1_4/phase_archives/P4/v1_4_frozen_test_evidence_20260922T033233833147.zip::run/seed2/first_repeat/result.json,cell,repeat,,1.0
0,18290201537775393194,0,,frozen_test,NOT:1:depth_2-3,,,2,count,,experiment_v1_4/phase_archives/P4/v1_4_frozen_test_evidence_20260922T033233833147.zip::run/seed2/first_repeat/result.json,cell,repeat,,128
1000,18290201537775393194,1000,,frozen_test,NOT:1:depth_2-3,1.4091042590180792e-05,1.2399382290517735e-05,2,answer_ce,,experiment_v1_4/phase_archives/P4/v1_4_frozen_test_evidence_20260922T033233833147.zip::run/seed2/first_repeat/result.json,cell,repeat,,1.3226542669997343e-05
1000,18290201537775393194,1000,,frozen_test,NOT:1:depth_2-3,1.0,1.0,2,accuracy,,experiment_v1_4/phase_archives/P4/v1_4_frozen_test_evidence_20260922T033233833147.zip::run/seed2/first_repeat/result.json,cell,repeat,,1.0
0,10928038736295640481,0,,frozen_test,NOT:1:depth_4+,,,2,count,,experiment_v1_4/phase_archives/P4/v1_4_frozen_test_evidence_20260922T033233833147.zip::run/seed2/first_repeat/result.json,cell,repeat,,128
1000,10928038736295640481,1000,,frozen_test,NOT:1:depth_4+,1.3261967504440974e-05,1.1431844774278943e-05,2,answer_ce,,experiment_v1_4/phase_archives/P4/v1_4_frozen_test_evidence_20260922T033233833147.zip::run/seed2/first_repeat/result.json,cell,repeat,,1.2284986460997516e-05
1000,10928038736295640481,1000,,frozen_test,NOT:1:depth_4+,1.0,1.0,2,accuracy,,experiment_v1_4/phase_archives/P4/v1_4_frozen_test_evidence_20260922T033233833147.zip::run/seed2/first_repeat/result.json,cell,repeat,,1.0
0,11954405002550950950,0,,frozen_test,OR:00:depth_1,,,2,count,,experiment_v1_4/phase_archives/P4/v1_4_frozen_test_evidence_20260922T033233833147.zip::run/seed2/first_repeat/result.json,cell,repeat,,128
1000,11954405002550950950,1000,,frozen_test,OR:00:depth_1,1.2290606789555624e-05,1.1332894742643873e-05,2,answer_ce,,experiment_v1_4/phase_archives/P4/v1_4_frozen_test_evidence_20260922T033233833147.zip::run/seed2/first_repeat/result.json,cell,repeat,,1.1798852312949748e-05
1000,11954405002550950950,1000,,frozen_test,OR:00:depth_1,1.0,1.0,2,accuracy,,experiment_v1_4/phase_archives/P4/v1_4_frozen_test_evidence_20260922T033233833147.zip::run/seed2/first_repeat/result.json,cell,repeat,,1.0
0,12555180566618781213,0,,frozen_test,OR:00:depth_2-3,,,2,count,,experiment_v1_4/phase_archives/P4/v1_4_frozen_test_evidence_20260922T033233833147.zip::run/seed2/first_repeat/result.json,cell,repeat,,128
1000,12555180566618781213,1000,,frozen_test,OR:00:depth_2-3,1.7379998148037145e-05,1.1604022003730563e-05,2,answer_ce,,experiment_v1_4/phase_archives/P4/v1_4_frozen_test_evidence_20260922T033233833147.zip::run/seed2/first_repeat/result.json,cell,repeat,,1.365293871913309e-05
1000,12555180566618781213,1000,,frozen_test,OR:00:depth_2-3,1.0,1.0,2,accuracy,,experiment_v1_4/phase_archives/P4/v1_4_frozen_test_evidence_20260922T033233833147.zip::run/seed2/first_repeat/result.json,cell,repeat,,1.0
0,9811347820197213676,0,,frozen_test,OR:00:depth_4+,,,2,count,,experiment_v1_4/phase_archives/P4/v1_4_frozen_test_evidence_20260922T033233833147.zip::run/seed2/first_repeat/result.json,cell,repeat,,128
1000,9811347820197213676,1000,,frozen_test,OR:00:depth_4+,1.6019731519634205e-05,1.1505176774306846e-05,2,answer_ce,,experiment_v1_4/phase_archives/P4/v1_4_frozen_test_evidence_20260922T033233833147.zip::run/seed2/first_repeat/result.json,cell,repeat,,1.3449985377889107e-05
1000,9811347820197213676,1000,,frozen_test,OR:00:depth_4+,1.0,1.0,2,accuracy,,experiment_v1_4/phase_archives/P4/v1_4_frozen_test_evidence_20260922T033233833147.zip::run/seed2/first_repeat/result.json,cell,repeat,,1.0
0,7072010969808072804,0,,frozen_test,OR:01:depth_1,,,2,count,,experiment_v1_4/phase_archives/P4/v1_4_frozen_test_evidence_20260922T033233833147.zip::run/seed2/first_repeat/result.json,cell,repeat,,128
1000,7072010969808072804,1000,,frozen_test,OR:01:depth_1,1.3124201049841133e-05,1.2155498468757742e-05,2,answer_ce,,experiment_v1_4/phase_archives/P4/v1_4_frozen_test_evidence_20260922T033233833147.zip::run/seed2/first_repeat/result.json,cell,repeat,,1.2610955536729307e-05
1000,7072010969808072804,1000,,frozen_test,OR:01:depth_1,1.0,1.0,2,accuracy,,experiment_v1_4/phase_archives/P4/v1_4_frozen_test_evidence_20260922T033233833147.zip::run/seed2/first_repeat/result.json,cell,repeat,,1.0
0,13865522717301008725,0,,frozen_test,OR:01:depth_2-3,,,2,count,,experiment_v1_4/phase_archives/P4/v1_4_frozen_test_evidence_20260922T033233833147.zip::run/seed2/first_repeat/result.json,cell,repeat,,128
1000,13865522717301008725,1000,,frozen_test,OR:01:depth_2-3,2.7400702599145176e-05,1.2901428048017749e-05,2,answer_ce,,experiment_v1_4/phase_archives/P4/v1_4_frozen_test_evidence_20260922T033233833147.zip::run/seed2/first_repeat/result.json,cell,repeat,,1.8079216800970244e-05
1000,13865522717301008725,1000,,frozen_test,OR:01:depth_2-3,1.0,1.0,2,accuracy,,experiment_v1_4/phase_archives/P4/v1_4_frozen_test_evidence_20260922T033233833147.zip::run/seed2/first_repeat/result.json,cell,repeat,,1.0
0,8458431508761387055,0,,frozen_test,OR:01:depth_4+,,,2,count,,experiment_v1_4/phase_archives/P4/v1_4_frozen_test_evidence_20260922T033233833147.zip::run/seed2/first_repeat/result.json,cell,repeat,,128
1000,8458431508761387055,1000,,frozen_test,OR:01:depth_4+,1.9980050624290863e-05,1.2518312736986558e-05,2,answer_ce,,experiment_v1_4/phase_archives/P4/v1_4_frozen_test_evidence_20260922T033233833147.zip::run/seed2/first_repeat/result.json,cell,repeat,,1.553223956562988e-05
1000,8458431508761387055,1000,,frozen_test,OR:01:depth_4+,1.0,1.0,2,accuracy,,experiment_v1_4/phase_archives/P4/v1_4_frozen_test_evidence_20260922T033233833147.zip::run/seed2/first_repeat/result.json,cell,repeat,,1.0
0,9637555764635799866,0,,frozen_test,OR:10:depth_1,,,2,count,,experiment_v1_4/phase_archives/P4/v1_4_frozen_test_evidence_20260922T033233833147.zip::run/seed2/first_repeat/result.json,cell,repeat,,128
1000,9637555764635799866,1000,,frozen_test,OR:10:depth_1,1.4514828881928565e-05,1.2550230846208877e-05,2,answer_ce,,experiment_v1_4/phase_archives/P4/v1_4_frozen_test_evidence_20260922T033233833147.zip::run/seed2/first_repeat/result.json,cell,repeat,,1.3471474893833602e-05
1000,9637555764635799866,1000,,frozen_test,OR:10:depth_1,1.0,1.0,2,accuracy,,experiment_v1_4/phase_archives/P4/v1_4_frozen_test_evidence_20260922T033233833147.zip::run/seed2/first_repeat/result.json,cell,repeat,,1.0
0,3464314395223524946,0,,frozen_test,OR:10:depth_2-3,,,2,count,,experiment_v1_4/phase_archives/P4/v1_4_frozen_test_evidence_20260922T033233833147.zip::run/seed2/first_repeat/result.json,cell,repeat,,128
1000,3464314395223524946,1000,,frozen_test,OR:10:depth_2-3,2.219957936713257e-05,1.2551114923375906e-05,2,answer_ce,,experiment_v1_4/phase_archives/P4/v1_4_frozen_test_evidence_20260922T033233833147.zip::run/seed2/first_repeat/result.json,cell,repeat,,1.6116837485924407e-05
1000,3464314395223524946,1000,,frozen_test,OR:10:depth_2-3,1.0,1.0,2,accuracy,,experiment_v1_4/phase_archives/P4/v1_4_frozen_test_evidence_20260922T033233833147.zip::run/seed2/first_repeat/result.json,cell,repeat,,1.0
0,4856104488888968904,0,,frozen_test,OR:10:depth_4+,,,2,count,,experiment_v1_4/phase_archives/P4/v1_4_frozen_test_evidence_20260922T033233833147.zip::run/seed2/first_repeat/result.json,cell,repeat,,128
1000,4856104488888968904,1000,,frozen_test,OR:10:depth_4+,1.8425374411101814e-05,1.3448768525314846e-05,2,answer_ce,,experiment_v1_4/phase_archives/P4/v1_4_frozen_test_evidence_20260922T033233833147.zip::run/seed2/first_repeat/result.json,cell,repeat,,1.5476485110355043e-05
1000,4856104488888968904,1000,,frozen_test,OR:10:depth_4+,1.0,1.0,2,accuracy,,experiment_v1_4/phase_archives/P4/v1_4_frozen_test_evidence_20260922T033233833147.zip::run/seed2/first_repeat/result.json,cell,repeat,,1.0
0,560240673836393561,0,,frozen_test,OR:11:depth_1,,,2,count,,experiment_v1_4/phase_archives/P4/v1_4_frozen_test_evidence_20260922T033233833147.zip::run/seed2/first_repeat/result.json,cell,repeat,,128
1000,560240673836393561,1000,,frozen_test,OR:11:depth_1,1.3227527092851688e-05,1.2163809050491636e-05,2,answer_ce,,experiment_v1_4/phase_archives/P4/v1_4_frozen_test_evidence_20260922T033233833147.zip::run/seed2/first_repeat/result.json,cell,repeat,,1.2680802726094953e-05
1000,560240673836393561,1000,,frozen_test,OR:11:depth_1,1.0,1.0,2,accuracy,,experiment_v1_4/phase_archives/P4/v1_4_frozen_test_evidence_20260922T033233833147.zip::run/seed2/first_repeat/result.json,cell,repeat,,1.0
0,9413004231091997271,0,,frozen_test,OR:11:depth_2-3,,,2,count,,experiment_v1_4/phase_archives/P4/v1_4_frozen_test_evidence_20260922T033233833147.zip::run/seed2/first_repeat/result.json,cell,repeat,,128
1000,9413004231091997271,1000,,frozen_test,OR:11:depth_2-3,1.609791649279657e-05,1.2321103372414655e-05,2,answer_ce,,experiment_v1_4/phase_archives/P4/v1_4_frozen_test_evidence_20260922T033233833147.zip::run/seed2/first_repeat/result.json,cell,repeat,,1.3763864807003756e-05
1000,9413004231091997271,1000,,frozen_test,OR:11:depth_2-3,1.0,1.0,2,accuracy,,experiment_v1_4/phase_archives/P4/v1_4_frozen_test_evidence_20260922T033233833147.zip::run/seed2/first_repeat/result.json,cell,repeat,,1.0
0,3980627975894782013,0,,frozen_test,OR:11:depth_4+,,,2,count,,experiment_v1_4/phase_archives/P4/v1_4_frozen_test_evidence_20260922T033233833147.zip::run/seed2/first_repeat/result.json,cell,repeat,,128
1000,3980627975894782013,1000,,frozen_test,OR:11:depth_4+,1.429419465441839e-05,1.177640707030747e-05,2,answer_ce,,experiment_v1_4/phase_archives/P4/v1_4_frozen_test_evidence_20260922T033233833147.zip::run/seed2/first_repeat/result.json,cell,repeat,,1.2860523220581399e-05
1000,3980627975894782013,1000,,frozen_test,OR:11:depth_4+,1.0,1.0,2,accuracy,,experiment_v1_4/phase_archives/P4/v1_4_frozen_test_evidence_20260922T033233833147.zip::run/seed2/first_repeat/result.json,cell,repeat,,1.0
0,15697172166103227080,0,,frozen_test,XOR:00:depth_1,,,2,count,,experiment_v1_4/phase_archives/P4/v1_4_frozen_test_evidence_20260922T033233833147.zip::run/seed2/first_repeat/result.json,cell,repeat,,128
1000,15697172166103227080,1000,,frozen_test,XOR:00:depth_1,1.230829859579785e-05,1.1236294306549155e-05,2,answer_ce,,experiment_v1_4/phase_archives/P4/v1_4_frozen_test_evidence_20260922T033233833147.zip::run/seed2/first_repeat/result.json,cell,repeat,,1.1769049223175898e-05
1000,15697172166103227080,1000,,frozen_test,XOR:00:depth_1,1.0,1.0,2,accuracy,,experiment_v1_4/phase_archives/P4/v1_4_frozen_test_evidence_20260922T033233833147.zip::run/seed2/first_repeat/result.json,cell,repeat,,1.0
0,2697477680545144508,0,,frozen_test,XOR:00:depth_2-3,,,2,count,,experiment_v1_4/phase_archives/P4/v1_4_frozen_test_evidence_20260922T033233833147.zip::run/seed2/first_repeat/result.json,cell,repeat,,128
1000,2697477680545144508,1000,,frozen_test,XOR:00:depth_2-3,1.3248892991768458e-05,1.191428553557472e-05,2,answer_ce,,experiment_v1_4/phase_archives/P4/v1_4_frozen_test_evidence_20260922T033233833147.zip::run/seed2/first_repeat/result.json,cell,repeat,,1.2590462304729044e-05
1000,2697477680545144508,1000,,frozen_test,XOR:00:depth_2-3,1.0,1.0,2,accuracy,,experiment_v1_4/phase_archives/P4/v1_4_frozen_test_evidence_20260922T033233833147.zip::run/seed2/first_repeat/result.json,cell,repeat,,1.0
0,11009974996667487289,0,,frozen_test,XOR:00:depth_4+,,,2,count,,experiment_v1_4/phase_archives/P4/v1_4_frozen_test_evidence_20260922T033233833147.zip::run/seed2/first_repeat/result.json,cell,repeat,,128
1000,11009974996667487289,1000,,frozen_test,XOR:00:depth_4+,2.5617002958533418e-05,1.0723953385749496e-05,2,answer_ce,,experiment_v1_4/phase_archives/P4/v1_4_frozen_test_evidence_20260922T033233833147.zip::run/seed2/first_repeat/result.json,cell,repeat,,1.5876600066633273e-05
1000,11009974996667487289,1000,,frozen_test,XOR:00:depth_4+,1.0,1.0,2,accuracy,,experiment_v1_4/phase_archives/P4/v1_4_frozen_test_evidence_20260922T033233833147.zip::run/seed2/first_repeat/result.json,cell,repeat,,1.0
0,2024862555603111071,0,,frozen_test,XOR:01:depth_1,,,2,count,,experiment_v1_4/phase_archives/P4/v1_4_frozen_test_evidence_20260922T033233833147.zip::run/seed2/first_repeat/result.json,cell,repeat,,128
1000,2024862555603111071,1000,,frozen_test,XOR:01:depth_1,1.272382810331152e-05,1.1604138381393625e-05,2,answer_ce,,experiment_v1_4/phase_archives/P4/v1_4_frozen_test_evidence_20260922T033233833147.zip::run/seed2/first_repeat/result.json,cell,repeat,,1.2177894213039053e-05
1000,2024862555603111071,1000,,frozen_test,XOR:01:depth_1,1.0,1.0,2,accuracy,,experiment_v1_4/phase_archives/P4/v1_4_frozen_test_evidence_20260922T033233833147.zip::run/seed2/first_repeat/result.json,cell,repeat,,1.0
0,11739967716255686708,0,,frozen_test,XOR:01:depth_2-3,,,2,count,,experiment_v1_4/phase_archives/P4/v1_4_frozen_test_evidence_20260922T033233833147.zip::run/seed2/first_repeat/result.json,cell,repeat,,128
1000,11739967716255686708,1000,,frozen_test,XOR:01:depth_2-3,1.7517109180964496e-05,1.2124671601299042e-05,2,answer_ce,,experiment_v1_4/phase_archives/P4/v1_4_frozen_test_evidence_20260922T033233833147.zip::run/seed2/first_repeat/result.json,cell,repeat,,1.4176353040795675e-05
1000,11739967716255686708,1000,,frozen_test,XOR:01:depth_2-3,1.0,1.0,2,accuracy,,experiment_v1_4/phase_archives/P4/v1_4_frozen_test_evidence_20260922T033233833147.zip::run/seed2/first_repeat/result.json,cell,repeat,,1.0
0,11284487643142736647,0,,frozen_test,XOR:01:depth_4+,,,2,count,,experiment_v1_4/phase_archives/P4/v1_4_frozen_test_evidence_20260922T033233833147.zip::run/seed2/first_repeat/result.json,cell,repeat,,128
1000,11284487643142736647,1000,,frozen_test,XOR:01:depth_4+,5.090855393579117e-05,1.2289617323801849e-05,2,answer_ce,,experiment_v1_4/phase_archives/P4/v1_4_frozen_test_evidence_20260922T033233833147.zip::run/seed2/first_repeat/result.json,cell,repeat,,2.5572145069929775e-05
1000,11284487643142736647,1000,,frozen_test,XOR:01:depth_4+,1.0,1.0,2,accuracy,,experiment_v1_4/phase_archives/P4/v1_4_frozen_test_evidence_20260922T033233833147.zip::run/seed2/first_repeat/result.json,cell,repeat,,1.0
0,13969558708191940981,0,,frozen_test,XOR:10:depth_1,,,2,count,,experiment_v1_4/phase_archives/P4/v1_4_frozen_test_evidence_20260922T033233833147.zip::run/seed2/first_repeat/result.json,cell,repeat,,128
1000,13969558708191940981,1000,,frozen_test,XOR:10:depth_1,2.3999240085004203e-05,1.327583764769713e-05,2,answer_ce,,experiment_v1_4/phase_archives/P4/v1_4_frozen_test_evidence_20260922T033233833147.zip::run/seed2/first_repeat/result.json,cell,repeat,,1.7300371737860587e-05
1000,13969558708191940981,1000,,frozen_test,XOR:10:depth_1,1.0,1.0,2,accuracy,,experiment_v1_4/phase_archives/P4/v1_4_frozen_test_evidence_20260922T033233833147.zip::run/seed2/first_repeat/result.json,cell,repeat,,1.0
0,5674516347392591261,0,,frozen_test,XOR:10:depth_2-3,,,2,count,,experiment_v1_4/phase_archives/P4/v1_4_frozen_test_evidence_20260922T033233833147.zip::run/seed2/first_repeat/result.json,cell,repeat,,128
1000,5674516347392591261,1000,,frozen_test,XOR:10:depth_2-3,4.762434140133109e-05,1.538842085544445e-05,2,answer_ce,,experiment_v1_4/phase_archives/P4/v1_4_frozen_test_evidence_20260922T033233833147.zip::run/seed2/first_repeat/result.json,cell,repeat,,2.8445041998281795e-05
1000,5674516347392591261,1000,,frozen_test,XOR:10:depth_2-3,1.0,1.0,2,accuracy,,experiment_v1_4/phase_archives/P4/v1_4_frozen_test_evidence_20260922T033233833147.zip::run/seed2/first_repeat/result.json,cell,repeat,,1.0
0,13413398733392984991,0,,frozen_test,XOR:10:depth_4+,,,2,count,,experiment_v1_4/phase_archives/P4/v1_4_frozen_test_evidence_20260922T033233833147.zip::run/seed2/first_repeat/result.json,cell,repeat,,128
1000,13413398733392984991,1000,,frozen_test,XOR:10:depth_4+,2.6901094276965407e-05,1.4607340695071968e-05,2,answer_ce,,experiment_v1_4/phase_archives/P4/v1_4_frozen_test_evidence_20260922T033233833147.zip::run/seed2/first_repeat/result.json,cell,repeat,,2.0011452967594323e-05
1000,13413398733392984991,1000,,frozen_test,XOR:10:depth_4+,1.0,1.0,2,accuracy,,experiment_v1_4/phase_archives/P4/v1_4_frozen_test_evidence_20260922T033233833147.zip::run/seed2/first_repeat/result.json,cell,repeat,,1.0
0,16546498869412242525,0,,frozen_test,XOR:11:depth_1,,,2,count,,experiment_v1_4/phase_archives/P4/v1_4_frozen_test_evidence_20260922T033233833147.zip::run/seed2/first_repeat/result.json,cell,repeat,,128
1000,16546498869412242525,1000,,frozen_test,XOR:11:depth_1,1.3748219385512072e-05,1.235654258611163e-05,2,answer_ce,,experiment_v1_4/phase_archives/P4/v1_4_frozen_test_evidence_20260922T033233833147.zip::run/seed2/first_repeat/result.json,cell,repeat,,1.3081262785874515e-05
1000,16546498869412242525,1000,,frozen_test,XOR:11:depth_1,1.0,1.0,2,accuracy,,experiment_v1_4/phase_archives/P4/v1_4_frozen_test_evidence_20260922T033233833147.zip::run/seed2/first_repeat/result.json,cell,repeat,,1.0
0,3276581050681624842,0,,frozen_test,XOR:11:depth_2-3,,,2,count,,experiment_v1_4/phase_archives/P4/v1_4_frozen_test_evidence_20260922T033233833147.zip::run/seed2/first_repeat/result.json,cell,repeat,,128
1000,3276581050681624842,1000,,frozen_test,XOR:11:depth_2-3,1.4056593006017692e-05,1.24106508970101e-05,2,answer_ce,,experiment_v1_4/phase_archives/P4/v1_4_frozen_test_evidence_20260922T033233833147.zip::run/seed2/first_repeat/result.json,cell,repeat,,1.3133414128674303e-05
1000,3276581050681624842,1000,,frozen_test,XOR:11:depth_2-3,1.0,1.0,2,accuracy,,experiment_v1_4/phase_archives/P4/v1_4_frozen_test_evidence_20260922T033233833147.zip::run/seed2/first_repeat/result.json,cell,repeat,,1.0
0,9398399215392196211,0,,frozen_test,XOR:11:depth_4+,,,2,count,,experiment_v1_4/phase_archives/P4/v1_4_frozen_test_evidence_20260922T033233833147.zip::run/seed2/first_repeat/result.json,cell,repeat,,128
1000,9398399215392196211,1000,,frozen_test,XOR:11:depth_4+,7.807513187501059e-05,1.2190882267049118e-05,2,answer_ce,,experiment_v1_4/phase_archives/P4/v1_4_frozen_test_evidence_20260922T033233833147.zip::run/seed2/first_repeat/result.json,cell,repeat,,3.7138893489441216e-05
1000,9398399215392196211,1000,,frozen_test,XOR:11:depth_4+,1.0,1.0,2,accuracy,,experiment_v1_4/phase_archives/P4/v1_4_frozen_test_evidence_20260922T033233833147.zip::run/seed2/first_repeat/result.json,cell,repeat,,1.0
0,,0,,frozen_test,,,,2,count,,experiment_v1_4/phase_archives/P4/v1_4_frozen_test_evidence_20260922T033233833147.zip::run/seed2/first_repeat/result.json,baselines,repeat,,5376
0,,0,,frozen_test,,,,2,majority_prediction,,experiment_v1_4/phase_archives/P4/v1_4_frozen_test_evidence_20260922T033233833147.zip::run/seed2/first_repeat/result.json,baselines,repeat,,0
0,,0,,frozen_test,,,,2,split_majority_accuracy,,experiment_v1_4/phase_archives/P4/v1_4_frozen_test_evidence_20260922T033233833147.zip::run/seed2/first_repeat/result.json,baselines,repeat,,0.5
0,,0,,frozen_test,,,,2,independent_bernoulli_expected_accuracy,,experiment_v1_4/phase_archives/P4/v1_4_frozen_test_evidence_20260922T033233833147.zip::run/seed2/first_repeat/result.json,baselines,repeat,,0.5
0,,0,,frozen_test,,,,2,latest_set_or_initialization_accuracy,,experiment_v1_4/phase_archives/P4/v1_4_frozen_test_evidence_20260922T033233833147.zip::run/seed2/first_repeat/result.json,baselines,repeat,,0.5491071428571429
0,,0,,frozen_test,,,,2,latest_read_copy_accuracy,,experiment_v1_4/phase_archives/P4/v1_4_frozen_test_evidence_20260922T033233833147.zip::run/seed2/first_repeat/result.json,baselines,repeat,,0.5284598214285714
1000,12742739153283488394,1000,,frozen_test,,,,2,answer_count,,experiment_v1_4/phase_archives/P4/v1_4_frozen_test_evidence_20260922T033233833147.zip::run/seed2/general/result.json,overall,general,,32226
1000,12742739153283488394,1000,,frozen_test,,,,2,sequence_count,,experiment_v1_4/phase_archives/P4/v1_4_frozen_test_evidence_20260922T033233833147.zip::run/seed2/general/result.json,overall,general,,2048
1000,12742739153283488394,1000,,frozen_test,,0.0010953136205664662,0.0003587431516226956,2,answer_ce,,experiment_v1_4/phase_archives/P4/v1_4_frozen_test_evidence_20260922T033233833147.zip::run/seed2/general/result.json,overall,general,,0.0006920241701193925
1000,12742739153283488394,1000,,frozen_test,,0.999845188526608,0.9994418401001207,2,accuracy,,experiment_v1_4/phase_archives/P4/v1_4_frozen_test_evidence_20260922T033233833147.zip::run/seed2/general/result.json,overall,general,,0.9996586607087445
1000,12742739153283488394,1000,,frozen_test,,0.999845188526608,0.9994418401001207,2,binary_accuracy,,experiment_v1_4/phase_archives/P4/v1_4_frozen_test_evidence_20260922T033233833147.zip::run/seed2/general/result.json,overall,general,,0.9996586607087445
1000,12742739153283488394,1000,,frozen_test,,0.99999061850955,0.9999904294331635,2,bit_mass,,experiment_v1_4/phase_archives/P4/v1_4_frozen_test_evidence_20260922T033233833147.zip::run/seed2/general/result.json,overall,general,,0.9999905267178602
1000,12742739153283488394,1000,,frozen_test,,,,2,all_token_ce,,experiment_v1_4/phase_archives/P4/v1_4_frozen_test_evidence_20260922T033233833147.zip::run/seed2/general/result.json,overall,general,,0.9609820450302171
1000,12742739153283488394,1000,,frozen_test,,,,2,prediction_tokens,,experiment_v1_4/phase_archives/P4/v1_4_frozen_test_evidence_20260922T033233833147.zip::run/seed2/general/result.json,overall,general,,242847
0,,0,,frozen_test,,,,2,count,,experiment_v1_4/phase_archives/P4/v1_4_frozen_test_evidence_20260922T033233833147.zip::run/seed2/general/result.json,baselines,general,,32226
0,,0,,frozen_test,,,,2,majority_prediction,,experiment_v1_4/phase_archives/P4/v1_4_frozen_test_evidence_20260922T033233833147.zip::run/seed2/general/result.json,baselines,general,,0
0,,0,,frozen_test,,,,2,split_majority_accuracy,,experiment_v1_4/phase_archives/P4/v1_4_frozen_test_evidence_20260922T033233833147.zip::run/seed2/general/result.json,baselines,general,,0.5083162663687706
0,,0,,frozen_test,,,,2,independent_bernoulli_expected_accuracy,,experiment_v1_4/phase_archives/P4/v1_4_frozen_test_evidence_20260922T033233833147.zip::run/seed2/general/result.json,baselines,general,,0.5
0,,0,,frozen_test,,,,2,latest_set_or_initialization_accuracy,,experiment_v1_4/phase_archives/P4/v1_4_frozen_test_evidence_20260922T033233833147.zip::run/seed2/general/result.json,baselines,general,,0.6399491094147582
0,,0,,frozen_test,,,,2,latest_read_copy_accuracy,,experiment_v1_4/phase_archives/P4/v1_4_frozen_test_evidence_20260922T033233833147.zip::run/seed2/general/result.json,baselines,general,,0.5779494817848941
0,,0,,frozen_test,macro,,,2,coverage,,experiment_v1_4/phase_archives/P4/v1_4_frozen_test_evidence_20260922T033233833147.zip::run/seed2/general/result.json,operator,general,,1.0
0,,0,,frozen_test,macro,,,2,macro_accuracy,,experiment_v1_4/phase_archives/P4/v1_4_frozen_test_evidence_20260922T033233833147.zip::run/seed2/general/result.json,operator,general,,0.999660713292585
0,,0,,frozen_test,macro,,,2,macro_answer_ce,,experiment_v1_4/phase_archives/P4/v1_4_frozen_test_evidence_20260922T033233833147.zip::run/seed2/general/result.json,operator,general,,0.0006981443927024453
0,,0,,frozen_test,initialization,,,2,count,,experiment_v1_4/phase_archives/P4/v1_4_frozen_test_evidence_20260922T033233833147.zip::run/seed2/general/result.json,operator,general,,2247
0,,0,,frozen_test,initialization,,,2,accuracy,,experiment_v1_4/phase_archives/P4/v1_4_frozen_test_evidence_20260922T033233833147.zip::run/seed2/general/result.json,operator,general,,1.0
0,,0,,frozen_test,initialization,,,2,answer_ce,,experiment_v1_4/phase_archives/P4/v1_4_frozen_test_evidence_20260922T033233833147.zip::run/seed2/general/result.json,operator,general,,1.5365575538824172e-05
0,,0,,frozen_test,SET,,,2,count,,experiment_v1_4/phase_archives/P4/v1_4_frozen_test_evidence_20260922T033233833147.zip::run/seed2/general/result.json,operator,general,,7321
0,,0,,frozen_test,SET,,,2,accuracy,,experiment_v1_4/phase_archives/P4/v1_4_frozen_test_evidence_20260922T033233833147.zip::run/seed2/general/result.json,operator,general,,1.0
0,,0,,frozen_test,SET,,,2,answer_ce,,experiment_v1_4/phase_archives/P4/v1_4_frozen_test_evidence_20260922T033233833147.zip::run/seed2/general/result.json,operator,general,,1.319331622782608e-05
0,,0,,frozen_test,NOT,,,2,count,,experiment_v1_4/phase_archives/P4/v1_4_frozen_test_evidence_20260922T033233833147.zip::run/seed2/general/result.json,operator,general,,7373
0,,0,,frozen_test,NOT,,,2,accuracy,,experiment_v1_4/phase_archives/P4/v1_4_frozen_test_evidence_20260922T033233833147.zip::run/seed2/general/result.json,operator,general,,0.9997287399972874
0,,0,,frozen_test,NOT,,,2,answer_ce,,experiment_v1_4/phase_archives/P4/v1_4_frozen_test_evidence_20260922T033233833147.zip::run/seed2/general/result.json,operator,general,,0.0004245757386168483
0,,0,,frozen_test,AND,,,2,count,,experiment_v1_4/phase_archives/P4/v1_4_frozen_test_evidence_20260922T033233833147.zip::run/seed2/general/result.json,operator,general,,5077
0,,0,,frozen_test,AND,,,2,accuracy,,experiment_v1_4/phase_archives/P4/v1_4_frozen_test_evidence_20260922T033233833147.zip::run/seed2/general/result.json,operator,general,,0.9994090998621233
0,,0,,frozen_test,AND,,,2,answer_ce,,experiment_v1_4/phase_archives/P4/v1_4_frozen_test_evidence_20260922T033233833147.zip::run/seed2/general/result.json,operator,general,,0.001638146823818794
0,,0,,frozen_test,OR,,,2,count,,experiment_v1_4/phase_archives/P4/v1_4_frozen_test_evidence_20260922T033233833147.zip::run/seed2/general/result.json,operator,general,,5091
0,,0,,frozen_test,OR,,,2,accuracy,,experiment_v1_4/phase_archives/P4/v1_4_frozen_test_evidence_20260922T033233833147.zip::run/seed2/general/result.json,operator,general,,0.9998035749361619
0,,0,,frozen_test,OR,,,2,answer_ce,,experiment_v1_4/phase_archives/P4/v1_4_frozen_test_evidence_20260922T033233833147.zip::run/seed2/general/result.json,operator,general,,0.0004059268853651314
0,,0,,frozen_test,XOR,,,2,count,,experiment_v1_4/phase_archives/P4/v1_4_frozen_test_evidence_20260922T033233833147.zip::run/seed2/general/result.json,operator,general,,5117
0,,0,,frozen_test,XOR,,,2,accuracy,,experiment_v1_4/phase_archives/P4/v1_4_frozen_test_evidence_20260922T033233833147.zip::run/seed2/general/result.json,operator,general,,0.9990228649599374
0,,0,,frozen_test,XOR,,,2,answer_ce,,experiment_v1_4/phase_archives/P4/v1_4_frozen_test_evidence_20260922T033233833147.zip::run/seed2/general/result.json,operator,general,,0.001691658016647248
0,,0,,frozen_test,macro,,,2,coverage,,experiment_v1_4/phase_archives/P4/v1_4_frozen_test_evidence_20260922T033233833147.zip::run/seed2/general/result.json,query_var,general,,1.0
0,,0,,frozen_test,macro,,,2,macro_accuracy,,experiment_v1_4/phase_archives/P4/v1_4_frozen_test_evidence_20260922T033233833147.zip::run/seed2/general/result.json,query_var,general,,0.9996591626183592
0,,0,,frozen_test,macro,,,2,macro_answer_ce,,experiment_v1_4/phase_archives/P4/v1_4_frozen_test_evidence_20260922T033233833147.zip::run/seed2/general/result.json,query_var,general,,0.0006907241836057702
0,,0,,frozen_test,A,,,2,count,,experiment_v1_4/phase_archives/P4/v1_4_frozen_test_evidence_20260922T033233833147.zip::run/seed2/general/result.json,query_var,general,,8088
0,,0,,frozen_test,A,,,2,accuracy,,experiment_v1_4/phase_archives/P4/v1_4_frozen_test_evidence_20260922T033233833147.zip::run/seed2/general/result.json,query_var,general,,0.9998763600395648
0,,0,,frozen_test,A,,,2,answer_ce,,experiment_v1_4/phase_archives/P4/v1_4_frozen_test_evidence_20260922T033233833147.zip::run/seed2/general/result.json,query_var,general,,0.0003584184011581286
0,,0,,frozen_test,B,,,2,count,,experiment_v1_4/phase_archives/P4/v1_4_frozen_test_evidence_20260922T033233833147.zip::run/seed2/general/result.json,query_var,general,,8023
0,,0,,frozen_test,B,,,2,accuracy,,experiment_v1_4/phase_archives/P4/v1_4_frozen_test_evidence_20260922T033233833147.zip::run/seed2/general/result.json,query_var,general,,0.9995014333790353
0,,0,,frozen_test,B,,,2,answer_ce,,experiment_v1_4/phase_archives/P4/v1_4_frozen_test_evidence_20260922T033233833147.zip::run/seed2/general/result.json,query_var,general,,0.000896807052379796
0,,0,,frozen_test,C,,,2,count,,experiment_v1_4/phase_archives/P4/v1_4_frozen_test_evidence_20260922T033233833147.zip::run/seed2/general/result.json,query_var,general,,8000
0,,0,,frozen_test,C,,,2,accuracy,,experiment_v1_4/phase_archives/P4/v1_4_frozen_test_evidence_20260922T033233833147.zip::run/seed2/general/result.json,query_var,general,,0.999875
0,,0,,frozen_test,C,,,2,answer_ce,,experiment_v1_4/phase_archives/P4/v1_4_frozen_test_evidence_20260922T033233833147.zip::run/seed2/general/result.json,query_var,general,,0.0002395873732656355
0,,0,,frozen_test,D,,,2,count,,experiment_v1_4/phase_archives/P4/v1_4_frozen_test_evidence_20260922T033233833147.zip::run/seed2/general/result.json,query_var,general,,8115
0,,0,,frozen_test,D,,,2,accuracy,,experiment_v1_4/phase_archives/P4/v1_4_frozen_test_evidence_20260922T033233833147.zip::run/seed2/general/result.json,query_var,general,,0.9993838570548367
0,,0,,frozen_test,D,,,2,answer_ce,,experiment_v1_4/phase_archives/P4/v1_4_frozen_test_evidence_20260922T033233833147.zip::run/seed2/general/result.json,query_var,general,,0.001268083907619521
0,,0,,frozen_test,macro,,,2,coverage,,experiment_v1_4/phase_archives/P4/v1_4_frozen_test_evidence_20260922T033233833147.zip::run/seed2/general/result.json,answer,general,,1.0
0,,0,,frozen_test,macro,,,2,macro_accuracy,,experiment_v1_4/phase_archives/P4/v1_4_frozen_test_evidence_20260922T033233833147.zip::run/seed2/general/result.json,answer,general,,0.9996570174610431
0,,0,,frozen_test,macro,,,2,macro_answer_ce,,experiment_v1_4/phase_archives/P4/v1_4_frozen_test_evidence_20260922T033233833147.zip::run/seed2/general/result.json,answer,general,,0.00069763726882397
0,,0,,frozen_test,0,,,2,count,,experiment_v1_4/phase_archives/P4/v1_4_frozen_test_evidence_20260922T033233833147.zip::run/seed2/general/result.json,answer,general,,16381
0,,0,,frozen_test,0,,,2,accuracy,,experiment_v1_4/phase_archives/P4/v1_4_frozen_test_evidence_20260922T033233833147.zip::run/seed2/general/result.json,answer,general,,0.9997558146633294
0,,0,,frozen_test,0,,,2,answer_ce,,experiment_v1_4/phase_archives/P4/v1_4_frozen_test_evidence_20260922T033233833147.zip::run/seed2/general/result.json,answer,general,,0.00036016018141032767
0,,0,,frozen_test,1,,,2,count,,experiment_v1_4/phase_archives/P4/v1_4_frozen_test_evidence_20260922T033233833147.zip::run/seed2/general/result.json,answer,general,,15845
0,,0,,frozen_test,1,,,2,accuracy,,experiment_v1_4/phase_archives/P4/v1_4_frozen_test_evidence_20260922T033233833147.zip::run/seed2/general/result.json,answer,general,,0.9995582202587567
0,,0,,frozen_test,1,,,2,answer_ce,,experiment_v1_4/phase_archives/P4/v1_4_frozen_test_evidence_20260922T033233833147.zip::run/seed2/general/result.json,answer,general,,0.0010351143562376123
0,,0,,frozen_test,macro,,,2,coverage,,experiment_v1_4/phase_archives/P4/v1_4_frozen_test_evidence_20260922T033233833147.zip::run/seed2/general/result.json,blocks,general,,1.0
0,,0,,frozen_test,macro,,,2,macro_accuracy,,experiment_v1_4/phase_archives/P4/v1_4_frozen_test_evidence_20260922T033233833147.zip::run/seed2/general/result.json,blocks,general,,0.999685358812584
0,,0,,frozen_test,macro,,,2,macro_answer_ce,,experiment_v1_4/phase_archives/P4/v1_4_frozen_test_evidence_20260922T033233833147.zip::run/seed2/general/result.json,blocks,general,,0.0006598141027578114
0,,0,,frozen_test,8,,,2,count,,experiment_v1_4/phase_archives/P4/v1_4_frozen_test_evidence_20260922T033233833147.zip::run/seed2/general/result.json,blocks,general,,1056
0,,0,,frozen_test,8,,,2,accuracy,,experiment_v1_4/phase_archives/P4/v1_4_frozen_test_evidence_20260922T033233833147.zip::run/seed2/general/result.json,blocks,general,,0.9990530303030303
0,,0,,frozen_test,8,,,2,answer_ce,,experiment_v1_4/phase_archives/P4/v1_4_frozen_test_evidence_20260922T033233833147.zip::run/seed2/general/result.json,blocks,general,,0.0011916284712418185
0,,0,,frozen_test,9,,,2,count,,experiment_v1_4/phase_archives/P4/v1_4_frozen_test_evidence_20260922T033233833147.zip::run/seed2/general/result.json,blocks,general,,1152
0,,0,,frozen_test,9,,,2,accuracy,,experiment_v1_4/phase_archives/P4/v1_4_frozen_test_evidence_20260922T033233833147.zip::run/seed2/general/result.json,blocks,general,,1.0
0,,0,,frozen_test,9,,,2,answer_ce,,experiment_v1_4/phase_archives/P4/v1_4_frozen_test_evidence_20260922T033233833147.zip::run/seed2/general/result.json,blocks,general,,6.372885116847884e-05
0,,0,,frozen_test,10,,,2,count,,experiment_v1_4/phase_archives/P4/v1_4_frozen_test_evidence_20260922T033233833147.zip::run/seed2/general/result.json,blocks,general,,1320
0,,0,,frozen_test,10,,,2,accuracy,,experiment_v1_4/phase_archives/P4/v1_4_frozen_test_evidence_20260922T033233833147.zip::run/seed2/general/result.json,blocks,general,,1.0
0,,0,,frozen_test,10,,,2,answer_ce,,experiment_v1_4/phase_archives/P4/v1_4_frozen_test_evidence_20260922T033233833147.zip::run/seed2/general/result.json,blocks,general,,6.892569286705883e-05
0,,0,,frozen_test,11,,,2,count,,experiment_v1_4/phase_archives/P4/v1_4_frozen_test_evidence_20260922T033233833147.zip::run/seed2/general/result.json,blocks,general,,1331
0,,0,,frozen_test,11,,,2,accuracy,,experiment_v1_4/phase_archives/P4/v1_4_frozen_test_evidence_20260922T033233833147.zip::run/seed2/general/result.json,blocks,general,,1.0
0,,0,,frozen_test,11,,,2,answer_ce,,experiment_v1_4/phase_archives/P4/v1_4_frozen_test_evidence_20260922T033233833147.zip::run/seed2/general/result.json,blocks,general,,0.00021713596165740329
0,,0,,frozen_test,12,,,2,count,,experiment_v1_4/phase_archives/P4/v1_4_frozen_test_evidence_20260922T033233833147.zip::run/seed2/general/result.json,blocks,general,,1416
0,,0,,frozen_test,12,,,2,accuracy,,experiment_v1_4/phase_archives/P4/v1_4_frozen_test_evidence_20260922T033233833147.zip::run/seed2/general/result.json,blocks,general,,1.0
0,,0,,frozen_test,12,,,2,answer_ce,,experiment_v1_4/phase_archives/P4/v1_4_frozen_test_evidence_20260922T033233833147.zip::run/seed2/general/result.json,blocks,general,,0.0001308894742999907
0,,0,,frozen_test,13,,,2,count,,experiment_v1_4/phase_archives/P4/v1_4_frozen_test_evidence_20260922T033233833147.zip::run/seed2/general/result.json,blocks,general,,1729
0,,0,,frozen_test,13,,,2,accuracy,,experiment_v1_4/phase_archives/P4/v1_4_frozen_test_evidence_20260922T033233833147.zip::run/seed2/general/result.json,blocks,general,,0.9994216310005783
0,,0,,frozen_test,13,,,2,answer_ce,,experiment_v1_4/phase_archives/P4/v1_4_frozen_test_evidence_20260922T033233833147.zip::run/seed2/general/result.json,blocks,general,,0.0019489189515249372
0,,0,,frozen_test,14,,,2,count,,experiment_v1_4/phase_archives/P4/v1_4_frozen_test_evidence_20260922T033233833147.zip::run/seed2/general/result.json,blocks,general,,1834
0,,0,,frozen_test,14,,,2,accuracy,,experiment_v1_4/phase_archives/P4/v1_4_frozen_test_evidence_20260922T033233833147.zip::run/seed2/general/result.json,blocks,general,,1.0
0,,0,,frozen_test,14,,,2,answer_ce,,experiment_v1_4/phase_archives/P4/v1_4_frozen_test_evidence_20260922T033233833147.zip::run/seed2/general/result.json,blocks,general,,0.0001320299204193145
0,,0,,frozen_test,15,,,2,count,,experiment_v1_4/phase_archives/P4/v1_4_frozen_test_evidence_20260922T033233833147.zip::run/seed2/general/result.json,blocks,general,,1740
0,,0,,frozen_test,15,,,2,accuracy,,experiment_v1_4/phase_archives/P4/v1_4_frozen_test_evidence_20260922T033233833147.zip::run/seed2/general/result.json,blocks,general,,1.0
0,,0,,frozen_test,15,,,2,answer_ce,,experiment_v1_4/phase_archives/P4/v1_4_frozen_test_evidence_20260922T033233833147.zip::run/seed2/general/result.json,blocks,general,,0.00010760621707593328
0,,0,,frozen_test,16,,,2,count,,experiment_v1_4/phase_archives/P4/v1_4_frozen_test_evidence_20260922T033233833147.zip::run/seed2/general/result.json,blocks,general,,1904
0,,0,,frozen_test,16,,,2,accuracy,,experiment_v1_4/phase_archives/P4/v1_4_frozen_test_evidence_20260922T033233833147.zip::run/seed2/general/result.json,blocks,general,,1.0
0,,0,,frozen_test,16,,,2,answer_ce,,experiment_v1_4/phase_archives/P4/v1_4_frozen_test_evidence_20260922T033233833147.zip::run/seed2/general/result.json,blocks,general,,0.00022909598226736024
0,,0,,frozen_test,17,,,2,count,,experiment_v1_4/phase_archives/P4/v1_4_frozen_test_evidence_20260922T033233833147.zip::run/seed2/general/result.json,blocks,general,,2176
0,,0,,frozen_test,17,,,2,accuracy,,experiment_v1_4/phase_archives/P4/v1_4_frozen_test_evidence_20260922T033233833147.zip::run/seed2/general/result.json,blocks,general,,0.9995404411764706
0,,0,,frozen_test,17,,,2,answer_ce,,experiment_v1_4/phase_archives/P4/v1_4_frozen_test_evidence_20260922T033233833147.zip::run/seed2/general/result.json,blocks,general,,0.0006403305203636143
0,,0,,frozen_test,18,,,2,count,,experiment_v1_4/phase_archives/P4/v1_4_frozen_test_evidence_20260922T033233833147.zip::run/seed2/general/result.json,blocks,general,,2034
0,,0,,frozen_test,18,,,2,accuracy,,experiment_v1_4/phase_archives/P4/v1_4_frozen_test_evidence_20260922T033233833147.zip::run/seed2/general/result.json,blocks,general,,0.9995083579154376
0,,0,,frozen_test,18,,,2,answer_ce,,experiment_v1_4/phase_archives/P4/v1_4_frozen_test_evidence_20260922T033233833147.zip::run/seed2/general/result.json,blocks,general,,0.0014962097382132276
0,,0,,frozen_test,19,,,2,count,,experiment_v1_4/phase_archives/P4/v1_4_frozen_test_evidence_20260922T033233833147.zip::run/seed2/general/result.json,blocks,general,,2033
0,,0,,frozen_test,19,,,2,accuracy,,experiment_v1_4/phase_archives/P4/v1_4_frozen_test_evidence_20260922T033233833147.zip::run/seed2/general/result.json,blocks,general,,0.999508116084604
0,,0,,frozen_test,19,,,2,answer_ce,,experiment_v1_4/phase_archives/P4/v1_4_frozen_test_evidence_20260922T033233833147.zip::run/seed2/general/result.json,blocks,general,,0.0017807634906281543
0,,0,,frozen_test,20,,,2,count,,experiment_v1_4/phase_archives/P4/v1_4_frozen_test_evidence_20260922T033233833147.zip::run/seed2/general/result.json,blocks,general,,2600
0,,0,,frozen_test,20,,,2,accuracy,,experiment_v1_4/phase_archives/P4/v1_4_frozen_test_evidence_20260922T033233833147.zip::run/seed2/general/result.json,blocks,general,,0.9984615384615385
0,,0,,frozen_test,20,,,2,answer_ce,,experiment_v1_4/phase_archives/P4/v1_4_frozen_test_evidence_20260922T033233833147.zip::run/seed2/general/result.json,blocks,general,,0.001826813097978944
0,,0,,frozen_test,21,,,2,count,,experiment_v1_4/phase_archives/P4/v1_4_frozen_test_evidence_20260922T033233833147.zip::run/seed2/general/result.json,blocks,general,,2205
0,,0,,frozen_test,21,,,2,accuracy,,experiment_v1_4/phase_archives/P4/v1_4_frozen_test_evidence_20260922T033233833147.zip::run/seed2/general/result.json,blocks,general,,0.999546485260771
0,,0,,frozen_test,21,,,2,answer_ce,,experiment_v1_4/phase_archives/P4/v1_4_frozen_test_evidence_20260922T033233833147.zip::run/seed2/general/result.json,blocks,general,,0.00052417829432827
0,,0,,frozen_test,22,,,2,count,,experiment_v1_4/phase_archives/P4/v1_4_frozen_test_evidence_20260922T033233833147.zip::run/seed2/general/result.json,blocks,general,,2574
0,,0,,frozen_test,22,,,2,accuracy,,experiment_v1_4/phase_archives/P4/v1_4_frozen_test_evidence_20260922T033233833147.zip::run/seed2/general/result.json,blocks,general,,0.9996114996114996
0,,0,,frozen_test,22,,,2,answer_ce,,experiment_v1_4/phase_archives/P4/v1_4_frozen_test_evidence_20260922T033233833147.zip::run/seed2/general/result.json,blocks,general,,0.0004920224134775248
0,,0,,frozen_test,23,,,2,count,,experiment_v1_4/phase_archives/P4/v1_4_frozen_test_evidence_20260922T033233833147.zip::run/seed2/general/result.json,blocks,general,,2530
0,,0,,frozen_test,23,,,2,accuracy,,experiment_v1_4/phase_archives/P4/v1_4_frozen_test_evidence_20260922T033233833147.zip::run/seed2/general/result.json,blocks,general,,1.0
0,,0,,frozen_test,23,,,2,answer_ce,,experiment_v1_4/phase_archives/P4/v1_4_frozen_test_evidence_20260922T033233833147.zip::run/seed2/general/result.json,blocks,general,,0.00016542583189112906
0,,0,,frozen_test,24,,,2,count,,experiment_v1_4/phase_archives/P4/v1_4_frozen_test_evidence_20260922T033233833147.zip::run/seed2/general/result.json,blocks,general,,2592
0,,0,,frozen_test,24,,,2,accuracy,,experiment_v1_4/phase_archives/P4/v1_4_frozen_test_evidence_20260922T033233833147.zip::run/seed2/general/result.json,blocks,general,,1.0
0,,0,,frozen_test,24,,,2,answer_ce,,experiment_v1_4/phase_archives/P4/v1_4_frozen_test_evidence_20260922T033233833147.zip::run/seed2/general/result.json,blocks,general,,0.00020113683747963252
0,,0,,frozen_test,macro,,,2,coverage,,experiment_v1_4/phase_archives/P4/v1_4_frozen_test_evidence_20260922T033233833147.zip::run/seed2/general/result.json,distance,general,,1.0
0,,0,,frozen_test,macro,,,2,macro_accuracy,,experiment_v1_4/phase_archives/P4/v1_4_frozen_test_evidence_20260922T033233833147.zip::run/seed2/general/result.json,distance,general,,0.9997187164134843
0,,0,,frozen_test,macro,,,2,macro_answer_ce,,experiment_v1_4/phase_archives/P4/v1_4_frozen_test_evidence_20260922T033233833147.zip::run/seed2/general/result.json,distance,general,,0.0005731407603679684
0,,0,,frozen_test,0,,,2,count,,experiment_v1_4/phase_archives/P4/v1_4_frozen_test_evidence_20260922T033233833147.zip::run/seed2/general/result.json,distance,general,,15758
0,,0,,frozen_test,0,,,2,accuracy,,experiment_v1_4/phase_archives/P4/v1_4_frozen_test_evidence_20260922T033233833147.zip::run/seed2/general/result.json,distance,general,,0.9994923213605788
0,,0,,frozen_test,0,,,2,answer_ce,,experiment_v1_4/phase_archives/P4/v1_4_frozen_test_evidence_20260922T033233833147.zip::run/seed2/general/result.json,distance,general,,0.001066176387011097
0,,0,,frozen_test,1-2,,,2,count,,experiment_v1_4/phase_archives/P4/v1_4_frozen_test_evidence_20260922T033233833147.zip::run/seed2/general/result.json,distance,general,,7544
0,,0,,frozen_test,1-2,,,2,accuracy,,experiment_v1_4/phase_archives/P4/v1_4_frozen_test_evidence_20260922T033233833147.zip::run/seed2/general/result.json,distance,general,,1.0
0,,0,,frozen_test,1-2,,,2,answer_ce,,experiment_v1_4/phase_archives/P4/v1_4_frozen_test_evidence_20260922T033233833147.zip::run/seed2/general/result.json,distance,general,,0.00023855286894025124
0,,0,,frozen_test,3+,,,2,count,,experiment_v1_4/phase_archives/P4/v1_4_frozen_test_evidence_20260922T033233833147.zip::run/seed2/general/result.json,distance,general,,8924
0,,0,,frozen_test,3+,,,2,accuracy,,experiment_v1_4/phase_archives/P4/v1_4_frozen_test_evidence_20260922T033233833147.zip::run/seed2/general/result.json,distance,general,,0.9996638278798745
0,,0,,frozen_test,3+,,,2,answer_ce,,experiment_v1_4/phase_archives/P4/v1_4_frozen_test_evidence_20260922T033233833147.zip::run/seed2/general/result.json,distance,general,,0.0004146930251525571
0,,0,,frozen_test,macro,,,2,coverage,,experiment_v1_4/phase_archives/P4/v1_4_frozen_test_evidence_20260922T033233833147.zip::run/seed2/general/result.json,truth_table,general,,1.0
0,,0,,frozen_test,macro,,,2,macro_accuracy,,experiment_v1_4/phase_archives/P4/v1_4_frozen_test_evidence_20260922T033233833147.zip::run/seed2/general/result.json,truth_table,general,,0.9994276568281165
0,,0,,frozen_test,macro,,,2,macro_answer_ce,,experiment_v1_4/phase_archives/P4/v1_4_frozen_test_evidence_20260922T033233833147.zip::run/seed2/general/result.json,truth_table,general,,0.001223051182238214
0,,0,,frozen_test,AND:00,,,2,count,,experiment_v1_4/phase_archives/P4/v1_4_frozen_test_evidence_20260922T033233833147.zip::run/seed2/general/result.json,truth_table,general,,1342
0,,0,,frozen_test,AND:00,,,2,accuracy,,experiment_v1_4/phase_archives/P4/v1_4_frozen_test_evidence_20260922T033233833147.zip::run/seed2/general/result.json,truth_table,general,,1.0
0,,0,,frozen_test,AND:00,,,2,answer_ce,,experiment_v1_4/phase_archives/P4/v1_4_frozen_test_evidence_20260922T033233833147.zip::run/seed2/general/result.json,truth_table,general,,1.7043554230230258e-05
0,,0,,frozen_test,AND:01,,,2,count,,experiment_v1_4/phase_archives/P4/v1_4_frozen_test_evidence_20260922T033233833147.zip::run/seed2/general/result.json,truth_table,general,,1127
0,,0,,frozen_test,AND:01,,,2,accuracy,,experiment_v1_4/phase_archives/P4/v1_4_frozen_test_evidence_20260922T033233833147.zip::run/seed2/general/result.json,truth_table,general,,1.0
0,,0,,frozen_test,AND:01,,,2,answer_ce,,experiment_v1_4/phase_archives/P4/v1_4_frozen_test_evidence_20260922T033233833147.zip::run/seed2/general/result.json,truth_table,general,,8.203012650092697e-05
0,,0,,frozen_test,AND:10,,,2,count,,experiment_v1_4/phase_archives/P4/v1_4_frozen_test_evidence_20260922T033233833147.zip::run/seed2/general/result.json,truth_table,general,,1208
0,,0,,frozen_test,AND:10,,,2,accuracy,,experiment_v1_4/phase_archives/P4/v1_4_frozen_test_evidence_20260922T033233833147.zip::run/seed2/general/result.json,truth_table,general,,1.0
0,,0,,frozen_test,AND:10,,,2,answer_ce,,experiment_v1_4/phase_archives/P4/v1_4_frozen_test_evidence_20260922T033233833147.zip::run/seed2/general/result.json,truth_table,general,,0.000365883863688751
0,,0,,frozen_test,AND:11,,,2,count,,experiment_v1_4/phase_archives/P4/v1_4_frozen_test_evidence_20260922T033233833147.zip::run/seed2/general/result.json,truth_table,general,,1400
0,,0,,frozen_test,AND:11,,,2,accuracy,,experiment_v1_4/phase_archives/P4/v1_4_frozen_test_evidence_20260922T033233833147.zip::run/seed2/general/result.json,truth_table,general,,0.9978571428571429
0,,0,,frozen_test,AND:11,,,2,answer_ce,,experiment_v1_4/phase_archives/P4/v1_4_frozen_test_evidence_20260922T033233833147.zip::run/seed2/general/result.json,truth_table,general,,0.00554254522489178
0,,0,,frozen_test,OR:00,,,2,count,,experiment_v1_4/phase_archives/P4/v1_4_frozen_test_evidence_20260922T033233833147.zip::run/seed2/general/result.json,truth_table,general,,1437
0,,0,,frozen_test,OR:00,,,2,accuracy,,experiment_v1_4/phase_archives/P4/v1_4_frozen_test_evidence_20260922T033233833147.zip::run/seed2/general/result.json,truth_table,general,,1.0
0,,0,,frozen_test,OR:00,,,2,answer_ce,,experiment_v1_4/phase_archives/P4/v1_4_frozen_test_evidence_20260922T033233833147.zip::run/seed2/general/result.json,truth_table,general,,0.0002231043362410806
0,,0,,frozen_test,OR:01,,,2,count,,experiment_v1_4/phase_archives/P4/v1_4_frozen_test_evidence_20260922T033233833147.zip::run/seed2/general/result.json,truth_table,general,,1155
0,,0,,frozen_test,OR:01,,,2,accuracy,,experiment_v1_4/phase_archives/P4/v1_4_frozen_test_evidence_20260922T033233833147.zip::run/seed2/general/result.json,truth_table,general,,1.0
0,,0,,frozen_test,OR:01,,,2,answer_ce,,experiment_v1_4/phase_archives/P4/v1_4_frozen_test_evidence_20260922T033233833147.zip::run/seed2/general/result.json,truth_table,general,,0.00037762686845099855
0,,0,,frozen_test,OR:10,,,2,count,,experiment_v1_4/phase_archives/P4/v1_4_frozen_test_evidence_20260922T033233833147.zip::run/seed2/general/result.json,truth_table,general,,1145
0,,0,,frozen_test,OR:10,,,2,accuracy,,experiment_v1_4/phase_archives/P4/v1_4_frozen_test_evidence_20260922T033233833147.zip::run/seed2/general/result.json,truth_table,general,,0.9991266375545852
0,,0,,frozen_test,OR:10,,,2,answer_ce,,experiment_v1_4/phase_archives/P4/v1_4_frozen_test_evidence_20260922T033233833147.zip::run/seed2/general/result.json,truth_table,general,,0.0009797777386749387
0,,0,,frozen_test,OR:11,,,2,count,,experiment_v1_4/phase_archives/P4/v1_4_frozen_test_evidence_20260922T033233833147.zip::run/seed2/general/result.json,truth_table,general,,1354
0,,0,,frozen_test,OR:11,,,2,accuracy,,experiment_v1_4/phase_archives/P4/v1_4_frozen_test_evidence_20260922T033233833147.zip::run/seed2/general/result.json,truth_table,general,,1.0
0,,0,,frozen_test,OR:11,,,2,answer_ce,,experiment_v1_4/phase_archives/P4/v1_4_frozen_test_evidence_20260922T033233833147.zip::run/seed2/general/result.json,truth_table,general,,0.0001388244448831189
0,,0,,frozen_test,XOR:00,,,2,count,,experiment_v1_4/phase_archives/P4/v1_4_frozen_test_evidence_20260922T033233833147.zip::run/seed2/general/result.json,truth_table,general,,1420
0,,0,,frozen_test,XOR:00,,,2,accuracy,,experiment_v1_4/phase_archives/P4/v1_4_frozen_test_evidence_20260922T033233833147.zip::run/seed2/general/result.json,truth_table,general,,0.9985915492957746
0,,0,,frozen_test,XOR:00,,,2,answer_ce,,experiment_v1_4/phase_archives/P4/v1_4_frozen_test_evidence_20260922T033233833147.zip::run/seed2/general/result.json,truth_table,general,,0.001451353879884395
0,,0,,frozen_test,XOR:01,,,2,count,,experiment_v1_4/phase_archives/P4/v1_4_frozen_test_evidence_20260922T033233833147.zip::run/seed2/general/result.json,truth_table,general,,1202
0,,0,,frozen_test,XOR:01,,,2,accuracy,,experiment_v1_4/phase_archives/P4/v1_4_frozen_test_evidence_20260922T033233833147.zip::run/seed2/general/result.json,truth_table,general,,0.9991680532445923
0,,0,,frozen_test,XOR:01,,,2,answer_ce,,experiment_v1_4/phase_archives/P4/v1_4_frozen_test_evidence_20260922T033233833147.zip::run/seed2/general/result.json,truth_table,general,,0.0012752738001103967
0,,0,,frozen_test,XOR:10,,,2,count,,experiment_v1_4/phase_archives/P4/v1_4_frozen_test_evidence_20260922T033233833147.zip::run/seed2/general/result.json,truth_table,general,,1158
0,,0,,frozen_test,XOR:10,,,2,accuracy,,experiment_v1_4/phase_archives/P4/v1_4_frozen_test_evidence_20260922T033233833147.zip::run/seed2/general/result.json,truth_table,general,,0.9991364421416234
0,,0,,frozen_test,XOR:10,,,2,answer_ce,,experiment_v1_4/phase_archives/P4/v1_4_frozen_test_evidence_20260922T033233833147.zip::run/seed2/general/result.json,truth_table,general,,0.003262232195537887
0,,0,,frozen_test,XOR:11,,,2,count,,experiment_v1_4/phase_archives/P4/v1_4_frozen_test_evidence_20260922T033233833147.zip::run/seed2/general/result.json,truth_table,general,,1337
0,,0,,frozen_test,XOR:11,,,2,accuracy,,experiment_v1_4/phase_archives/P4/v1_4_frozen_test_evidence_20260922T033233833147.zip::run/seed2/general/result.json,truth_table,general,,0.9992520568436799
0,,0,,frozen_test,XOR:11,,,2,answer_ce,,experiment_v1_4/phase_archives/P4/v1_4_frozen_test_evidence_20260922T033233833147.zip::run/seed2/general/result.json,truth_table,general,,0.0009609181537640663
1000,10694216489911704542,1000,,frozen_test,,,,2,answer_count,,experiment_v1_4/phase_archives/P4/v1_4_frozen_test_evidence_20260922T033233833147.zip::run/seed2/other_variable/result.json,overall,other_variable,,2048
1000,10694216489911704542,1000,,frozen_test,,,,2,sequence_count,,experiment_v1_4/phase_archives/P4/v1_4_frozen_test_evidence_20260922T033233833147.zip::run/seed2/other_variable/result.json,overall,other_variable,,2048
1000,10694216489911704542,1000,,frozen_test,,0.0025625355282517088,7.410814098921526e-05,2,answer_ce,,experiment_v1_4/phase_archives/P4/v1_4_frozen_test_evidence_20260922T033233833147.zip::run/seed2/other_variable/result.json,overall,other_variable,,0.0009325680868843556
1000,10694216489911704542,1000,,frozen_test,,1.0,0.99852294921875,2,accuracy,,experiment_v1_4/phase_archives/P4/v1_4_frozen_test_evidence_20260922T033233833147.zip::run/seed2/other_variable/result.json,overall,other_variable,,0.99951171875
1000,10694216489911704542,1000,,frozen_test,,1.0,0.99852294921875,2,binary_accuracy,,experiment_v1_4/phase_archives/P4/v1_4_frozen_test_evidence_20260922T033233833147.zip::run/seed2/other_variable/result.json,overall,other_variable,,0.99951171875
1000,10694216489911704542,1000,,frozen_test,,0.9999911042134044,0.9999904799340584,2,bit_mass,,experiment_v1_4/phase_archives/P4/v1_4_frozen_test_evidence_20260922T033233833147.zip::run/seed2/other_variable/result.json,overall,other_variable,,0.9999907989404164
1000,10694216489911704542,1000,,frozen_test,,,,2,all_token_ce,,experiment_v1_4/phase_archives/P4/v1_4_frozen_test_evidence_20260922T033233833147.zip::run/seed2/other_variable/result.json,overall,other_variable,,0.9588900544511642
1000,10694216489911704542,1000,,frozen_test,,,,2,prediction_tokens,,experiment_v1_4/phase_archives/P4/v1_4_frozen_test_evidence_20260922T033233833147.zip::run/seed2/other_variable/result.json,overall,other_variable,,244587
0,,0,,frozen_test,,,,2,count,,experiment_v1_4/phase_archives/P4/v1_4_frozen_test_evidence_20260922T033233833147.zip::run/seed2/other_variable/result.json,baselines,other_variable,,2048
0,,0,,frozen_test,,,,2,majority_prediction,,experiment_v1_4/phase_archives/P4/v1_4_frozen_test_evidence_20260922T033233833147.zip::run/seed2/other_variable/result.json,baselines,other_variable,,0
0,,0,,frozen_test,,,,2,split_majority_accuracy,,experiment_v1_4/phase_archives/P4/v1_4_frozen_test_evidence_20260922T033233833147.zip::run/seed2/other_variable/result.json,baselines,other_variable,,0.53173828125
0,,0,,frozen_test,,,,2,independent_bernoulli_expected_accuracy,,experiment_v1_4/phase_archives/P4/v1_4_frozen_test_evidence_20260922T033233833147.zip::run/seed2/other_variable/result.json,baselines,other_variable,,0.5
0,,0,,frozen_test,,,,2,latest_set_or_initialization_accuracy,,experiment_v1_4/phase_archives/P4/v1_4_frozen_test_evidence_20260922T033233833147.zip::run/seed2/other_variable/result.json,baselines,other_variable,,0.68017578125
0,,0,,frozen_test,,,,2,latest_read_copy_accuracy,,experiment_v1_4/phase_archives/P4/v1_4_frozen_test_evidence_20260922T033233833147.zip::run/seed2/other_variable/result.json,baselines,other_variable,,0.6357421875
0,,0,,frozen_test,macro,,,2,coverage,,experiment_v1_4/phase_archives/P4/v1_4_frozen_test_evidence_20260922T033233833147.zip::run/seed2/other_variable/result.json,operator,other_variable,,1.0
0,,0,,frozen_test,macro,,,2,macro_accuracy,,experiment_v1_4/phase_archives/P4/v1_4_frozen_test_evidence_20260922T033233833147.zip::run/seed2/other_variable/result.json,operator,other_variable,,0.9994934143870314
0,,0,,frozen_test,macro,,,2,macro_answer_ce,,experiment_v1_4/phase_archives/P4/v1_4_frozen_test_evidence_20260922T033233833147.zip::run/seed2/other_variable/result.json,operator,other_variable,,0.000978791212296464
0,,0,,frozen_test,initialization,,,2,count,,experiment_v1_4/phase_archives/P4/v1_4_frozen_test_evidence_20260922T033233833147.zip::run/seed2/other_variable/result.json,operator,other_variable,,332
0,,0,,frozen_test,initialization,,,2,accuracy,,experiment_v1_4/phase_archives/P4/v1_4_frozen_test_evidence_20260922T033233833147.zip::run/seed2/other_variable/result.json,operator,other_variable,,1.0
0,,0,,frozen_test,initialization,,,2,answer_ce,,experiment_v1_4/phase_archives/P4/v1_4_frozen_test_evidence_20260922T033233833147.zip::run/seed2/other_variable/result.json,operator,other_variable,,1.881717363800587e-05
0,,0,,frozen_test,SET,,,2,count,,experiment_v1_4/phase_archives/P4/v1_4_frozen_test_evidence_20260922T033233833147.zip::run/seed2/other_variable/result.json,operator,other_variable,,414
0,,0,,frozen_test,SET,,,2,accuracy,,experiment_v1_4/phase_archives/P4/v1_4_frozen_test_evidence_20260922T033233833147.zip::run/seed2/other_variable/result.json,operator,other_variable,,1.0
0,,0,,frozen_test,SET,,,2,answer_ce,,experiment_v1_4/phase_archives/P4/v1_4_frozen_test_evidence_20260922T033233833147.zip::run/seed2/other_variable/result.json,operator,other_variable,,1.2675537666964461e-05
0,,0,,frozen_test,NOT,,,2,count,,experiment_v1_4/phase_archives/P4/v1_4_frozen_test_evidence_20260922T033233833147.zip::run/seed2/other_variable/result.json,operator,other_variable,,403
0,,0,,frozen_test,NOT,,,2,accuracy,,experiment_v1_4/phase_archives/P4/v1_4_frozen_test_evidence_20260922T033233833147.zip::run/seed2/other_variable/result.json,operator,other_variable,,1.0
0,,0,,frozen_test,NOT,,,2,answer_ce,,experiment_v1_4/phase_archives/P4/v1_4_frozen_test_evidence_20260922T033233833147.zip::run/seed2/other_variable/result.json,operator,other_variable,,0.00013816512602070655
0,,0,,frozen_test,AND,,,2,count,,experiment_v1_4/phase_archives/P4/v1_4_frozen_test_evidence_20260922T033233833147.zip::run/seed2/other_variable/result.json,operator,other_variable,,329
0,,0,,frozen_test,AND,,,2,accuracy,,experiment_v1_4/phase_archives/P4/v1_4_frozen_test_evidence_20260922T033233833147.zip::run/seed2/other_variable/result.json,operator,other_variable,,0.9969604863221885
0,,0,,frozen_test,AND,,,2,answer_ce,,experiment_v1_4/phase_archives/P4/v1_4_frozen_test_evidence_20260922T033233833147.zip::run/seed2/other_variable/result.json,operator,other_variable,,0.005131765847314361
0,,0,,frozen_test,OR,,,2,count,,experiment_v1_4/phase_archives/P4/v1_4_frozen_test_evidence_20260922T033233833147.zip::run/seed2/other_variable/result.json,operator,other_variable,,258
0,,0,,frozen_test,OR,,,2,accuracy,,experiment_v1_4/phase_archives/P4/v1_4_frozen_test_evidence_20260922T033233833147.zip::run/seed2/other_variable/result.json,operator,other_variable,,1.0
0,,0,,frozen_test,OR,,,2,answer_ce,,experiment_v1_4/phase_archives/P4/v1_4_frozen_test_evidence_20260922T033233833147.zip::run/seed2/other_variable/result.json,operator,other_variable,,0.00044222225308961544
0,,0,,frozen_test,XOR,,,2,count,,experiment_v1_4/phase_archives/P4/v1_4_frozen_test_evidence_20260922T033233833147.zip::run/seed2/other_variable/result.json,operator,other_variable,,312
0,,0,,frozen_test,XOR,,,2,accuracy,,experiment_v1_4/phase_archives/P4/v1_4_frozen_test_evidence_20260922T033233833147.zip::run/seed2/other_variable/result.json,operator,other_variable,,1.0
0,,0,,frozen_test,XOR,,,2,answer_ce,,experiment_v1_4/phase_archives/P4/v1_4_frozen_test_evidence_20260922T033233833147.zip::run/seed2/other_variable/result.json,operator,other_variable,,0.00012910133604913054
0,,0,,frozen_test,macro,,,2,coverage,,experiment_v1_4/phase_archives/P4/v1_4_frozen_test_evidence_20260922T033233833147.zip::run/seed2/other_variable/result.json,query_var,other_variable,,1.0
0,,0,,frozen_test,macro,,,2,macro_accuracy,,experiment_v1_4/phase_archives/P4/v1_4_frozen_test_evidence_20260922T033233833147.zip::run/seed2/other_variable/result.json,query_var,other_variable,,0.9995535714285715
0,,0,,frozen_test,macro,,,2,macro_answer_ce,,experiment_v1_4/phase_archives/P4/v1_4_frozen_test_evidence_20260922T033233833147.zip::run/seed2/other_variable/result.json,query_var,other_variable,,0.0008726325470178542
0,,0,,frozen_test,A,,,2,count,,experiment_v1_4/phase_archives/P4/v1_4_frozen_test_evidence_20260922T033233833147.zip::run/seed2/other_variable/result.json,query_var,other_variable,,482
0,,0,,frozen_test,A,,,2,accuracy,,experiment_v1_4/phase_archives/P4/v1_4_frozen_test_evidence_20260922T033233833147.zip::run/seed2/other_variable/result.json,query_var,other_variable,,1.0
0,,0,,frozen_test,A,,,2,answer_ce,,experiment_v1_4/phase_archives/P4/v1_4_frozen_test_evidence_20260922T033233833147.zip::run/seed2/other_variable/result.json,query_var,other_variable,,0.00040485523007293556
0,,0,,frozen_test,B,,,2,count,,experiment_v1_4/phase_archives/P4/v1_4_frozen_test_evidence_20260922T033233833147.zip::run/seed2/other_variable/result.json,query_var,other_variable,,532
0,,0,,frozen_test,B,,,2,accuracy,,experiment_v1_4/phase_archives/P4/v1_4_frozen_test_evidence_20260922T033233833147.zip::run/seed2/other_variable/result.json,query_var,other_variable,,1.0
0,,0,,frozen_test,B,,,2,answer_ce,,experiment_v1_4/phase_archives/P4/v1_4_frozen_test_evidence_20260922T033233833147.zip::run/seed2/other_variable/result.json,query_var,other_variable,,0.00036189598427485096
0,,0,,frozen_test,C,,,2,count,,experiment_v1_4/phase_archives/P4/v1_4_frozen_test_evidence_20260922T033233833147.zip::run/seed2/other_variable/result.json,query_var,other_variable,,474
0,,0,,frozen_test,C,,,2,accuracy,,experiment_v1_4/phase_archives/P4/v1_4_frozen_test_evidence_20260922T033233833147.zip::run/seed2/other_variable/result.json,query_var,other_variable,,1.0
0,,0,,frozen_test,C,,,2,answer_ce,,experiment_v1_4/phase_archives/P4/v1_4_frozen_test_evidence_20260922T033233833147.zip::run/seed2/other_variable/result.json,query_var,other_variable,,3.587985901684362e-05
0,,0,,frozen_test,D,,,2,count,,experiment_v1_4/phase_archives/P4/v1_4_frozen_test_evidence_20260922T033233833147.zip::run/seed2/other_variable/result.json,query_var,other_variable,,560
0,,0,,frozen_test,D,,,2,accuracy,,experiment_v1_4/phase_archives/P4/v1_4_frozen_test_evidence_20260922T033233833147.zip::run/seed2/other_variable/result.json,query_var,other_variable,,0.9982142857142857
0,,0,,frozen_test,D,,,2,answer_ce,,experiment_v1_4/phase_archives/P4/v1_4_frozen_test_evidence_20260922T033233833147.zip::run/seed2/other_variable/result.json,query_var,other_variable,,0.0026878991147067867
0,,0,,frozen_test,macro,,,2,coverage,,experiment_v1_4/phase_archives/P4/v1_4_frozen_test_evidence_20260922T033233833147.zip::run/seed2/other_variable/result.json,answer,other_variable,,1.0
0,,0,,frozen_test,macro,,,2,macro_accuracy,,experiment_v1_4/phase_archives/P4/v1_4_frozen_test_evidence_20260922T033233833147.zip::run/seed2/other_variable/result.json,answer,other_variable,,0.9994786235662148
0,,0,,frozen_test,macro,,,2,macro_answer_ce,,experiment_v1_4/phase_archives/P4/v1_4_frozen_test_evidence_20260922T033233833147.zip::run/seed2/other_variable/result.json,answer,other_variable,,0.0009752841621881753
0,,0,,frozen_test,0,,,2,count,,experiment_v1_4/phase_archives/P4/v1_4_frozen_test_evidence_20260922T033233833147.zip::run/seed2/other_variable/result.json,answer,other_variable,,1089
0,,0,,frozen_test,0,,,2,accuracy,,experiment_v1_4/phase_archives/P4/v1_4_frozen_test_evidence_20260922T033233833147.zip::run/seed2/other_variable/result.json,answer,other_variable,,1.0
0,,0,,frozen_test,0,,,2,answer_ce,,experiment_v1_4/phase_archives/P4/v1_4_frozen_test_evidence_20260922T033233833147.zip::run/seed2/other_variable/result.json,answer,other_variable,,0.0003023416835556909
0,,0,,frozen_test,1,,,2,count,,experiment_v1_4/phase_archives/P4/v1_4_frozen_test_evidence_20260922T033233833147.zip::run/seed2/other_variable/result.json,answer,other_variable,,959
0,,0,,frozen_test,1,,,2,accuracy,,experiment_v1_4/phase_archives/P4/v1_4_frozen_test_evidence_20260922T033233833147.zip::run/seed2/other_variable/result.json,answer,other_variable,,0.9989572471324296
0,,0,,frozen_test,1,,,2,answer_ce,,experiment_v1_4/phase_archives/P4/v1_4_frozen_test_evidence_20260922T033233833147.zip::run/seed2/other_variable/result.json,answer,other_variable,,0.0016482266408206598
0,,0,,frozen_test,macro,,,2,coverage,,experiment_v1_4/phase_archives/P4/v1_4_frozen_test_evidence_20260922T033233833147.zip::run/seed2/other_variable/result.json,blocks,other_variable,,1.0
0,,0,,frozen_test,macro,,,2,macro_accuracy,,experiment_v1_4/phase_archives/P4/v1_4_frozen_test_evidence_20260922T033233833147.zip::run/seed2/other_variable/result.json,blocks,other_variable,,0.9994450610432852
0,,0,,frozen_test,macro,,,2,macro_answer_ce,,experiment_v1_4/phase_archives/P4/v1_4_frozen_test_evidence_20260922T033233833147.zip::run/seed2/other_variable/result.json,blocks,other_variable,,0.0010252091379979607
0,,0,,frozen_test,8,,,2,count,,experiment_v1_4/phase_archives/P4/v1_4_frozen_test_evidence_20260922T033233833147.zip::run/seed2/other_variable/result.json,blocks,other_variable,,138
0,,0,,frozen_test,8,,,2,accuracy,,experiment_v1_4/phase_archives/P4/v1_4_frozen_test_evidence_20260922T033233833147.zip::run/seed2/other_variable/result.json,blocks,other_variable,,1.0
0,,0,,frozen_test,8,,,2,answer_ce,,experiment_v1_4/phase_archives/P4/v1_4_frozen_test_evidence_20260922T033233833147.zip::run/seed2/other_variable/result.json,blocks,other_variable,,1.7537301857004607e-05
0,,0,,frozen_test,9,,,2,count,,experiment_v1_4/phase_archives/P4/v1_4_frozen_test_evidence_20260922T033233833147.zip::run/seed2/other_variable/result.json,blocks,other_variable,,138
0,,0,,frozen_test,9,,,2,accuracy,,experiment_v1_4/phase_archives/P4/v1_4_frozen_test_evidence_20260922T033233833147.zip::run/seed2/other_variable/result.json,blocks,other_variable,,1.0
0,,0,,frozen_test,9,,,2,answer_ce,,experiment_v1_4/phase_archives/P4/v1_4_frozen_test_evidence_20260922T033233833147.zip::run/seed2/other_variable/result.json,blocks,other_variable,,1.4973584191044422e-05
0,,0,,frozen_test,10,,,2,count,,experiment_v1_4/phase_archives/P4/v1_4_frozen_test_evidence_20260922T033233833147.zip::run/seed2/other_variable/result.json,blocks,other_variable,,126
0,,0,,frozen_test,10,,,2,accuracy,,experiment_v1_4/phase_archives/P4/v1_4_frozen_test_evidence_20260922T033233833147.zip::run/seed2/other_variable/result.json,blocks,other_variable,,1.0
0,,0,,frozen_test,10,,,2,answer_ce,,experiment_v1_4/phase_archives/P4/v1_4_frozen_test_evidence_20260922T033233833147.zip::run/seed2/other_variable/result.json,blocks,other_variable,,0.00012547343326981978
0,,0,,frozen_test,11,,,2,count,,experiment_v1_4/phase_archives/P4/v1_4_frozen_test_evidence_20260922T033233833147.zip::run/seed2/other_variable/result.json,blocks,other_variable,,125
0,,0,,frozen_test,11,,,2,accuracy,,experiment_v1_4/phase_archives/P4/v1_4_frozen_test_evidence_20260922T033233833147.zip::run/seed2/other_variable/result.json,blocks,other_variable,,1.0
0,,0,,frozen_test,11,,,2,answer_ce,,experiment_v1_4/phase_archives/P4/v1_4_frozen_test_evidence_20260922T033233833147.zip::run/seed2/other_variable/result.json,blocks,other_variable,,1.6884367891179864e-05
0,,0,,frozen_test,12,,,2,count,,experiment_v1_4/phase_archives/P4/v1_4_frozen_test_evidence_20260922T033233833147.zip::run/seed2/other_variable/result.json,blocks,other_variable,,114
0,,0,,frozen_test,12,,,2,accuracy,,experiment_v1_4/phase_archives/P4/v1_4_frozen_test_evidence_20260922T033233833147.zip::run/seed2/other_variable/result.json,blocks,other_variable,,1.0
0,,0,,frozen_test,12,,,2,answer_ce,,experiment_v1_4/phase_archives/P4/v1_4_frozen_test_evidence_20260922T033233833147.zip::run/seed2/other_variable/result.json,blocks,other_variable,,8.35649528581646e-05
0,,0,,frozen_test,13,,,2,count,,experiment_v1_4/phase_archives/P4/v1_4_frozen_test_evidence_20260922T033233833147.zip::run/seed2/other_variable/result.json,blocks,other_variable,,102
0,,0,,frozen_test,13,,,2,accuracy,,experiment_v1_4/phase_archives/P4/v1_4_frozen_test_evidence_20260922T033233833147.zip::run/seed2/other_variable/result.json,blocks,other_variable,,1.0
0,,0,,frozen_test,13,,,2,answer_ce,,experiment_v1_4/phase_archives/P4/v1_4_frozen_test_evidence_20260922T033233833147.zip::run/seed2/other_variable/result.json,blocks,other_variable,,6.51219004740757e-05
0,,0,,frozen_test,14,,,2,count,,experiment_v1_4/phase_archives/P4/v1_4_frozen_test_evidence_20260922T033233833147.zip::run/seed2/other_variable/result.json,blocks,other_variable,,120
0,,0,,frozen_test,14,,,2,accuracy,,experiment_v1_4/phase_archives/P4/v1_4_frozen_test_evidence_20260922T033233833147.zip::run/seed2/other_variable/result.json,blocks,other_variable,,1.0
0,,0,,frozen_test,14,,,2,answer_ce,,experiment_v1_4/phase_archives/P4/v1_4_frozen_test_evidence_20260922T033233833147.zip::run/seed2/other_variable/result.json,blocks,other_variable,,0.00010102702976837463
0,,0,,frozen_test,15,,,2,count,,experiment_v1_4/phase_archives/P4/v1_4_frozen_test_evidence_20260922T033233833147.zip::run/seed2/other_variable/result.json,blocks,other_variable,,106
0,,0,,frozen_test,15,,,2,accuracy,,experiment_v1_4/phase_archives/P4/v1_4_frozen_test_evidence_20260922T033233833147.zip::run/seed2/other_variable/result.json,blocks,other_variable,,1.0
0,,0,,frozen_test,15,,,2,answer_ce,,experiment_v1_4/phase_archives/P4/v1_4_frozen_test_evidence_20260922T033233833147.zip::run/seed2/other_variable/result.json,blocks,other_variable,,2.0051580551533437e-05
0,,0,,frozen_test,16,,,2,count,,experiment_v1_4/phase_archives/P4/v1_4_frozen_test_evidence_20260922T033233833147.zip::run/seed2/other_variable/result.json,blocks,other_variable,,114
0,,0,,frozen_test,16,,,2,accuracy,,experiment_v1_4/phase_archives/P4/v1_4_frozen_test_evidence_20260922T033233833147.zip::run/seed2/other_variable/result.json,blocks,other_variable,,1.0
0,,0,,frozen_test,16,,,2,answer_ce,,experiment_v1_4/phase_archives/P4/v1_4_frozen_test_evidence_20260922T033233833147.zip::run/seed2/other_variable/result.json,blocks,other_variable,,2.0222281140728194e-05
0,,0,,frozen_test,17,,,2,count,,experiment_v1_4/phase_archives/P4/v1_4_frozen_test_evidence_20260922T033233833147.zip::run/seed2/other_variable/result.json,blocks,other_variable,,117
0,,0,,frozen_test,17,,,2,accuracy,,experiment_v1_4/phase_archives/P4/v1_4_frozen_test_evidence_20260922T033233833147.zip::run/seed2/other_variable/result.json,blocks,other_variable,,1.0
0,,0,,frozen_test,17,,,2,answer_ce,,experiment_v1_4/phase_archives/P4/v1_4_frozen_test_evidence_20260922T033233833147.zip::run/seed2/other_variable/result.json,blocks,other_variable,,0.0008866614012405103
0,,0,,frozen_test,18,,,2,count,,experiment_v1_4/phase_archives/P4/v1_4_frozen_test_evidence_20260922T033233833147.zip::run/seed2/other_variable/result.json,blocks,other_variable,,116
0,,0,,frozen_test,18,,,2,accuracy,,experiment_v1_4/phase_archives/P4/v1_4_frozen_test_evidence_20260922T033233833147.zip::run/seed2/other_variable/result.json,blocks,other_variable,,1.0
0,,0,,frozen_test,18,,,2,answer_ce,,experiment_v1_4/phase_archives/P4/v1_4_frozen_test_evidence_20260922T033233833147.zip::run/seed2/other_variable/result.json,blocks,other_variable,,0.0002834721793721561
0,,0,,frozen_test,19,,,2,count,,experiment_v1_4/phase_archives/P4/v1_4_frozen_test_evidence_20260922T033233833147.zip::run/seed2/other_variable/result.json,blocks,other_variable,,140
0,,0,,frozen_test,19,,,2,accuracy,,experiment_v1_4/phase_archives/P4/v1_4_frozen_test_evidence_20260922T033233833147.zip::run/seed2/other_variable/result.json,blocks,other_variable,,1.0
0,,0,,frozen_test,19,,,2,answer_ce,,experiment_v1_4/phase_archives/P4/v1_4_frozen_test_evidence_20260922T033233833147.zip::run/seed2/other_variable/result.json,blocks,other_variable,,0.0011421570497272375
0,,0,,frozen_test,20,,,2,count,,experiment_v1_4/phase_archives/P4/v1_4_frozen_test_evidence_20260922T033233833147.zip::run/seed2/other_variable/result.json,blocks,other_variable,,106
0,,0,,frozen_test,20,,,2,accuracy,,experiment_v1_4/phase_archives/P4/v1_4_frozen_test_evidence_20260922T033233833147.zip::run/seed2/other_variable/result.json,blocks,other_variable,,0.9905660377358491
0,,0,,frozen_test,20,,,2,answer_ce,,experiment_v1_4/phase_archives/P4/v1_4_frozen_test_evidence_20260922T033233833147.zip::run/seed2/other_variable/result.json,blocks,other_variable,,0.014100950708282498
0,,0,,frozen_test,21,,,2,count,,experiment_v1_4/phase_archives/P4/v1_4_frozen_test_evidence_20260922T033233833147.zip::run/seed2/other_variable/result.json,blocks,other_variable,,137
0,,0,,frozen_test,21,,,2,accuracy,,experiment_v1_4/phase_archives/P4/v1_4_frozen_test_evidence_20260922T033233833147.zip::run/seed2/other_variable/result.json,blocks,other_variable,,1.0
0,,0,,frozen_test,21,,,2,answer_ce,,experiment_v1_4/phase_archives/P4/v1_4_frozen_test_evidence_20260922T033233833147.zip::run/seed2/other_variable/result.json,blocks,other_variable,,2.719143335824326e-05
0,,0,,frozen_test,22,,,2,count,,experiment_v1_4/phase_archives/P4/v1_4_frozen_test_evidence_20260922T033233833147.zip::run/seed2/other_variable/result.json,blocks,other_variable,,117
0,,0,,frozen_test,22,,,2,accuracy,,experiment_v1_4/phase_archives/P4/v1_4_frozen_test_evidence_20260922T033233833147.zip::run/seed2/other_variable/result.json,blocks,other_variable,,1.0
0,,0,,frozen_test,22,,,2,answer_ce,,experiment_v1_4/phase_archives/P4/v1_4_frozen_test_evidence_20260922T033233833147.zip::run/seed2/other_variable/result.json,blocks,other_variable,,0.00034353382189638226
0,,0,,frozen_test,23,,,2,count,,experiment_v1_4/phase_archives/P4/v1_4_frozen_test_evidence_20260922T033233833147.zip::run/seed2/other_variable/result.json,blocks,other_variable,,125
0,,0,,frozen_test,23,,,2,accuracy,,experiment_v1_4/phase_archives/P4/v1_4_frozen_test_evidence_20260922T033233833147.zip::run/seed2/other_variable/result.json,blocks,other_variable,,1.0
0,,0,,frozen_test,23,,,2,answer_ce,,experiment_v1_4/phase_archives/P4/v1_4_frozen_test_evidence_20260922T033233833147.zip::run/seed2/other_variable/result.json,blocks,other_variable,,2.1938382109510712e-05
0,,0,,frozen_test,24,,,2,count,,experiment_v1_4/phase_archives/P4/v1_4_frozen_test_evidence_20260922T033233833147.zip::run/seed2/other_variable/result.json,blocks,other_variable,,107
0,,0,,frozen_test,24,,,2,accuracy,,experiment_v1_4/phase_archives/P4/v1_4_frozen_test_evidence_20260922T033233833147.zip::run/seed2/other_variable/result.json,blocks,other_variable,,1.0
0,,0,,frozen_test,24,,,2,answer_ce,,experiment_v1_4/phase_archives/P4/v1_4_frozen_test_evidence_20260922T033233833147.zip::run/seed2/other_variable/result.json,blocks,other_variable,,0.00015779393797686758
0,,0,,frozen_test,macro,,,2,coverage,,experiment_v1_4/phase_archives/P4/v1_4_frozen_test_evidence_20260922T033233833147.zip::run/seed2/other_variable/result.json,distance,other_variable,,0.6666666666666666
0,,0,,frozen_test,macro,,,2,macro_accuracy,,experiment_v1_4/phase_archives/P4/v1_4_frozen_test_evidence_20260922T033233833147.zip::run/seed2/other_variable/result.json,distance,other_variable,,0.9994640943193998
0,,0,,frozen_test,macro,,,2,macro_answer_ce,,experiment_v1_4/phase_archives/P4/v1_4_frozen_test_evidence_20260922T033233833147.zip::run/seed2/other_variable/result.json,distance,other_variable,,0.0010001612980919381
0,,0,,frozen_test,0,,,2,count,,experiment_v1_4/phase_archives/P4/v1_4_frozen_test_evidence_20260922T033233833147.zip::run/seed2/other_variable/result.json,distance,other_variable,,0
0,,0,,frozen_test,0,,,2,accuracy,empty stratum or undefined metric; see count/coverage,experiment_v1_4/phase_archives/P4/v1_4_frozen_test_evidence_20260922T033233833147.zip::run/seed2/other_variable/result.json,distance,other_variable,,
0,,0,,frozen_test,0,,,2,answer_ce,empty stratum or undefined metric; see count/coverage,experiment_v1_4/phase_archives/P4/v1_4_frozen_test_evidence_20260922T033233833147.zip::run/seed2/other_variable/result.json,distance,other_variable,,
0,,0,,frozen_test,1-2,,,2,count,,experiment_v1_4/phase_archives/P4/v1_4_frozen_test_evidence_20260922T033233833147.zip::run/seed2/other_variable/result.json,distance,other_variable,,933
0,,0,,frozen_test,1-2,,,2,accuracy,,experiment_v1_4/phase_archives/P4/v1_4_frozen_test_evidence_20260922T033233833147.zip::run/seed2/other_variable/result.json,distance,other_variable,,0.9989281886387996
0,,0,,frozen_test,1-2,,,2,answer_ce,,experiment_v1_4/phase_archives/P4/v1_4_frozen_test_evidence_20260922T033233833147.zip::run/seed2/other_variable/result.json,distance,other_variable,,0.001760770619812427
0,,0,,frozen_test,3+,,,2,count,,experiment_v1_4/phase_archives/P4/v1_4_frozen_test_evidence_20260922T033233833147.zip::run/seed2/other_variable/result.json,distance,other_variable,,1115
0,,0,,frozen_test,3+,,,2,accuracy,,experiment_v1_4/phase_archives/P4/v1_4_frozen_test_evidence_20260922T033233833147.zip::run/seed2/other_variable/result.json,distance,other_variable,,1.0
0,,0,,frozen_test,3+,,,2,answer_ce,,experiment_v1_4/phase_archives/P4/v1_4_frozen_test_evidence_20260922T033233833147.zip::run/seed2/other_variable/result.json,distance,other_variable,,0.00023955197637144925
0,,0,,frozen_test,macro,,,2,coverage,,experiment_v1_4/phase_archives/P4/v1_4_frozen_test_evidence_20260922T033233833147.zip::run/seed2/other_variable/result.json,truth_table,other_variable,,1.0
0,,0,,frozen_test,macro,,,2,macro_accuracy,,experiment_v1_4/phase_archives/P4/v1_4_frozen_test_evidence_20260922T033233833147.zip::run/seed2/other_variable/result.json,truth_table,other_variable,,0.9990079365079364
0,,0,,frozen_test,macro,,,2,macro_answer_ce,,experiment_v1_4/phase_archives/P4/v1_4_frozen_test_evidence_20260922T033233833147.zip::run/seed2/other_variable/result.json,truth_table,other_variable,,0.0018522141372096198
0,,0,,frozen_test,AND:00,,,2,count,,experiment_v1_4/phase_archives/P4/v1_4_frozen_test_evidence_20260922T033233833147.zip::run/seed2/other_variable/result.json,truth_table,other_variable,,87
0,,0,,frozen_test,AND:00,,,2,accuracy,,experiment_v1_4/phase_archives/P4/v1_4_frozen_test_evidence_20260922T033233833147.zip::run/seed2/other_variable/result.json,truth_table,other_variable,,1.0
0,,0,,frozen_test,AND:00,,,2,answer_ce,,experiment_v1_4/phase_archives/P4/v1_4_frozen_test_evidence_20260922T033233833147.zip::run/seed2/other_variable/result.json,truth_table,other_variable,,1.3569200704317144e-05
0,,0,,frozen_test,AND:01,,,2,count,,experiment_v1_4/phase_archives/P4/v1_4_frozen_test_evidence_20260922T033233833147.zip::run/seed2/other_variable/result.json,truth_table,other_variable,,80
0,,0,,frozen_test,AND:01,,,2,accuracy,,experiment_v1_4/phase_archives/P4/v1_4_frozen_test_evidence_20260922T033233833147.zip::run/seed2/other_variable/result.json,truth_table,other_variable,,1.0
0,,0,,frozen_test,AND:01,,,2,answer_ce,,experiment_v1_4/phase_archives/P4/v1_4_frozen_test_evidence_20260922T033233833147.zip::run/seed2/other_variable/result.json,truth_table,other_variable,,0.001950468005361472
0,,0,,frozen_test,AND:10,,,2,count,,experiment_v1_4/phase_archives/P4/v1_4_frozen_test_evidence_20260922T033233833147.zip::run/seed2/other_variable/result.json,truth_table,other_variable,,78
0,,0,,frozen_test,AND:10,,,2,accuracy,,experiment_v1_4/phase_archives/P4/v1_4_frozen_test_evidence_20260922T033233833147.zip::run/seed2/other_variable/result.json,truth_table,other_variable,,1.0
0,,0,,frozen_test,AND:10,,,2,answer_ce,,experiment_v1_4/phase_archives/P4/v1_4_frozen_test_evidence_20260922T033233833147.zip::run/seed2/other_variable/result.json,truth_table,other_variable,,7.506724680822047e-05
0,,0,,frozen_test,AND:11,,,2,count,,experiment_v1_4/phase_archives/P4/v1_4_frozen_test_evidence_20260922T033233833147.zip::run/seed2/other_variable/result.json,truth_table,other_variable,,84
0,,0,,frozen_test,AND:11,,,2,accuracy,,experiment_v1_4/phase_archives/P4/v1_4_frozen_test_evidence_20260922T033233833147.zip::run/seed2/other_variable/result.json,truth_table,other_variable,,0.9880952380952381
0,,0,,frozen_test,AND:11,,,2,answer_ce,,experiment_v1_4/phase_archives/P4/v1_4_frozen_test_evidence_20260922T033233833147.zip::run/seed2/other_variable/result.json,truth_table,other_variable,,0.018158068543157026
0,,0,,frozen_test,OR:00,,,2,count,,experiment_v1_4/phase_archives/P4/v1_4_frozen_test_evidence_20260922T033233833147.zip::run/seed2/other_variable/result.json,truth_table,other_variable,,76
0,,0,,frozen_test,OR:00,,,2,accuracy,,experiment_v1_4/phase_archives/P4/v1_4_frozen_test_evidence_20260922T033233833147.zip::run/seed2/other_variable/result.json,truth_table,other_variable,,1.0
0,,0,,frozen_test,OR:00,,,2,answer_ce,,experiment_v1_4/phase_archives/P4/v1_4_frozen_test_evidence_20260922T033233833147.zip::run/seed2/other_variable/result.json,truth_table,other_variable,,0.0014567719982599221
0,,0,,frozen_test,OR:01,,,2,count,,experiment_v1_4/phase_archives/P4/v1_4_frozen_test_evidence_20260922T033233833147.zip::run/seed2/other_variable/result.json,truth_table,other_variable,,64
0,,0,,frozen_test,OR:01,,,2,accuracy,,experiment_v1_4/phase_archives/P4/v1_4_frozen_test_evidence_20260922T033233833147.zip::run/seed2/other_variable/result.json,truth_table,other_variable,,1.0
0,,0,,frozen_test,OR:01,,,2,answer_ce,,experiment_v1_4/phase_archives/P4/v1_4_frozen_test_evidence_20260922T033233833147.zip::run/seed2/other_variable/result.json,truth_table,other_variable,,2.0441893610723127e-05
0,,0,,frozen_test,OR:10,,,2,count,,experiment_v1_4/phase_archives/P4/v1_4_frozen_test_evidence_20260922T033233833147.zip::run/seed2/other_variable/result.json,truth_table,other_variable,,65
0,,0,,frozen_test,OR:10,,,2,accuracy,,experiment_v1_4/phase_archives/P4/v1_4_frozen_test_evidence_20260922T033233833147.zip::run/seed2/other_variable/result.json,truth_table,other_variable,,1.0
0,,0,,frozen_test,OR:10,,,2,answer_ce,,experiment_v1_4/phase_archives/P4/v1_4_frozen_test_evidence_20260922T033233833147.zip::run/seed2/other_variable/result.json,truth_table,other_variable,,1.721358168232165e-05
0,,0,,frozen_test,OR:11,,,2,count,,experiment_v1_4/phase_archives/P4/v1_4_frozen_test_evidence_20260922T033233833147.zip::run/seed2/other_variable/result.json,truth_table,other_variable,,53
0,,0,,frozen_test,OR:11,,,2,accuracy,,experiment_v1_4/phase_archives/P4/v1_4_frozen_test_evidence_20260922T033233833147.zip::run/seed2/other_variable/result.json,truth_table,other_variable,,1.0
0,,0,,frozen_test,OR:11,,,2,answer_ce,,experiment_v1_4/phase_archives/P4/v1_4_frozen_test_evidence_20260922T033233833147.zip::run/seed2/other_variable/result.json,truth_table,other_variable,,1.7952932621311738e-05
0,,0,,frozen_test,XOR:00,,,2,count,,experiment_v1_4/phase_archives/P4/v1_4_frozen_test_evidence_20260922T033233833147.zip::run/seed2/other_variable/result.json,truth_table,other_variable,,89
0,,0,,frozen_test,XOR:00,,,2,accuracy,,experiment_v1_4/phase_archives/P4/v1_4_frozen_test_evidence_20260922T033233833147.zip::run/seed2/other_variable/result.json,truth_table,other_variable,,1.0
0,,0,,frozen_test,XOR:00,,,2,answer_ce,,experiment_v1_4/phase_archives/P4/v1_4_frozen_test_evidence_20260922T033233833147.zip::run/seed2/other_variable/result.json,truth_table,other_variable,,2.2903716332590457e-05
0,,0,,frozen_test,XOR:01,,,2,count,,experiment_v1_4/phase_archives/P4/v1_4_frozen_test_evidence_20260922T033233833147.zip::run/seed2/other_variable/result.json,truth_table,other_variable,,69
0,,0,,frozen_test,XOR:01,,,2,accuracy,,experiment_v1_4/phase_archives/P4/v1_4_frozen_test_evidence_20260922T033233833147.zip::run/seed2/other_variable/result.json,truth_table,other_variable,,1.0
0,,0,,frozen_test,XOR:01,,,2,answer_ce,,experiment_v1_4/phase_archives/P4/v1_4_frozen_test_evidence_20260922T033233833147.zip::run/seed2/other_variable/result.json,truth_table,other_variable,,5.3605015136122674e-05
0,,0,,frozen_test,XOR:10,,,2,count,,experiment_v1_4/phase_archives/P4/v1_4_frozen_test_evidence_20260922T033233833147.zip::run/seed2/other_variable/result.json,truth_table,other_variable,,75
0,,0,,frozen_test,XOR:10,,,2,accuracy,,experiment_v1_4/phase_archives/P4/v1_4_frozen_test_evidence_20260922T033233833147.zip::run/seed2/other_variable/result.json,truth_table,other_variable,,1.0
0,,0,,frozen_test,XOR:10,,,2,answer_ce,,experiment_v1_4/phase_archives/P4/v1_4_frozen_test_evidence_20260922T033233833147.zip::run/seed2/other_variable/result.json,truth_table,other_variable,,6.441336628389157e-05
0,,0,,frozen_test,XOR:11,,,2,count,,experiment_v1_4/phase_archives/P4/v1_4_frozen_test_evidence_20260922T033233833147.zip::run/seed2/other_variable/result.json,truth_table,other_variable,,79
0,,0,,frozen_test,XOR:11,,,2,accuracy,,experiment_v1_4/phase_archives/P4/v1_4_frozen_test_evidence_20260922T033233833147.zip::run/seed2/other_variable/result.json,truth_table,other_variable,,1.0
0,,0,,frozen_test,XOR:11,,,2,answer_ce,,experiment_v1_4/phase_archives/P4/v1_4_frozen_test_evidence_20260922T033233833147.zip::run/seed2/other_variable/result.json,truth_table,other_variable,,0.000376094146557517
1000,5787189008595488326,1000,,frozen_test,,,,2,answer_count,,experiment_v1_4/phase_archives/P4/v1_4_frozen_test_evidence_20260922T033233833147.zip::run/seed2/repeated_update/result.json,overall,repeated_update,,2048
1000,5787189008595488326,1000,,frozen_test,,,,2,sequence_count,,experiment_v1_4/phase_archives/P4/v1_4_frozen_test_evidence_20260922T033233833147.zip::run/seed2/repeated_update/result.json,overall,repeated_update,,2048
1000,5787189008595488326,1000,,frozen_test,,0.002853198217898001,0.0002686525373856108,2,answer_ce,,experiment_v1_4/phase_archives/P4/v1_4_frozen_test_evidence_20260922T033233833147.zip::run/seed2/repeated_update/result.json,overall,repeated_update,,0.001250483767601951
1000,5787189008595488326,1000,,frozen_test,,1.0,0.998046875,2,accuracy,,experiment_v1_4/phase_archives/P4/v1_4_frozen_test_evidence_20260922T033233833147.zip::run/seed2/repeated_update/result.json,overall,repeated_update,,0.99951171875
1000,5787189008595488326,1000,,frozen_test,,1.0,0.998046875,2,binary_accuracy,,experiment_v1_4/phase_archives/P4/v1_4_frozen_test_evidence_20260922T033233833147.zip::run/seed2/repeated_update/result.json,overall,repeated_update,,0.99951171875
1000,5787189008595488326,1000,,frozen_test,,0.9999907356235781,0.9999887247577135,2,bit_mass,,experiment_v1_4/phase_archives/P4/v1_4_frozen_test_evidence_20260922T033233833147.zip::run/seed2/repeated_update/result.json,overall,repeated_update,,0.9999899972463027
1000,5787189008595488326,1000,,frozen_test,,,,2,all_token_ce,,experiment_v1_4/phase_archives/P4/v1_4_frozen_test_evidence_20260922T033233833147.zip::run/seed2/repeated_update/result.json,overall,repeated_update,,0.9583521795499548
1000,5787189008595488326,1000,,frozen_test,,,,2,prediction_tokens,,experiment_v1_4/phase_archives/P4/v1_4_frozen_test_evidence_20260922T033233833147.zip::run/seed2/repeated_update/result.json,overall,repeated_update,,244181
0,,0,,frozen_test,,,,2,count,,experiment_v1_4/phase_archives/P4/v1_4_frozen_test_evidence_20260922T033233833147.zip::run/seed2/repeated_update/result.json,baselines,repeated_update,,2048
0,,0,,frozen_test,,,,2,majority_prediction,,experiment_v1_4/phase_archives/P4/v1_4_frozen_test_evidence_20260922T033233833147.zip::run/seed2/repeated_update/result.json,baselines,repeated_update,,1
0,,0,,frozen_test,,,,2,split_majority_accuracy,,experiment_v1_4/phase_archives/P4/v1_4_frozen_test_evidence_20260922T033233833147.zip::run/seed2/repeated_update/result.json,baselines,repeated_update,,0.5107421875
0,,0,,frozen_test,,,,2,independent_bernoulli_expected_accuracy,,experiment_v1_4/phase_archives/P4/v1_4_frozen_test_evidence_20260922T033233833147.zip::run/seed2/repeated_update/result.json,baselines,repeated_update,,0.5
0,,0,,frozen_test,,,,2,latest_set_or_initialization_accuracy,,experiment_v1_4/phase_archives/P4/v1_4_frozen_test_evidence_20260922T033233833147.zip::run/seed2/repeated_update/result.json,baselines,repeated_update,,0.6220703125
0,,0,,frozen_test,,,,2,latest_read_copy_accuracy,,experiment_v1_4/phase_archives/P4/v1_4_frozen_test_evidence_20260922T033233833147.zip::run/seed2/repeated_update/result.json,baselines,repeated_update,,0.580078125
0,,0,,frozen_test,macro,,,2,coverage,,experiment_v1_4/phase_archives/P4/v1_4_frozen_test_evidence_20260922T033233833147.zip::run/seed2/repeated_update/result.json,operator,repeated_update,,0.8333333333333334
0,,0,,frozen_test,macro,,,2,macro_accuracy,,experiment_v1_4/phase_archives/P4/v1_4_frozen_test_evidence_20260922T033233833147.zip::run/seed2/repeated_update/result.json,operator,repeated_update,,0.9994444444444444
0,,0,,frozen_test,macro,,,2,macro_answer_ce,,experiment_v1_4/phase_archives/P4/v1_4_frozen_test_evidence_20260922T033233833147.zip::run/seed2/repeated_update/result.json,operator,repeated_update,,0.001321342135160227
0,,0,,frozen_test,initialization,,,2,count,,experiment_v1_4/phase_archives/P4/v1_4_frozen_test_evidence_20260922T033233833147.zip::run/seed2/repeated_update/result.json,operator,repeated_update,,0
0,,0,,frozen_test,initialization,,,2,accuracy,empty stratum or undefined metric; see count/coverage,experiment_v1_4/phase_archives/P4/v1_4_frozen_test_evidence_20260922T033233833147.zip::run/seed2/repeated_update/result.json,operator,repeated_update,,
0,,0,,frozen_test,initialization,,,2,answer_ce,empty stratum or undefined metric; see count/coverage,experiment_v1_4/phase_archives/P4/v1_4_frozen_test_evidence_20260922T033233833147.zip::run/seed2/repeated_update/result.json,operator,repeated_update,,
0,,0,,frozen_test,SET,,,2,count,,experiment_v1_4/phase_archives/P4/v1_4_frozen_test_evidence_20260922T033233833147.zip::run/seed2/repeated_update/result.json,operator,repeated_update,,495
0,,0,,frozen_test,SET,,,2,accuracy,,experiment_v1_4/phase_archives/P4/v1_4_frozen_test_evidence_20260922T033233833147.zip::run/seed2/repeated_update/result.json,operator,repeated_update,,1.0
0,,0,,frozen_test,SET,,,2,answer_ce,,experiment_v1_4/phase_archives/P4/v1_4_frozen_test_evidence_20260922T033233833147.zip::run/seed2/repeated_update/result.json,operator,repeated_update,,1.2517847678070827e-05
0,,0,,frozen_test,NOT,,,2,count,,experiment_v1_4/phase_archives/P4/v1_4_frozen_test_evidence_20260922T033233833147.zip::run/seed2/repeated_update/result.json,operator,repeated_update,,479
0,,0,,frozen_test,NOT,,,2,accuracy,,experiment_v1_4/phase_archives/P4/v1_4_frozen_test_evidence_20260922T033233833147.zip::run/seed2/repeated_update/result.json,operator,repeated_update,,1.0
0,,0,,frozen_test,NOT,,,2,answer_ce,,experiment_v1_4/phase_archives/P4/v1_4_frozen_test_evidence_20260922T033233833147.zip::run/seed2/repeated_update/result.json,operator,repeated_update,,0.0015399874339612424
0,,0,,frozen_test,AND,,,2,count,,experiment_v1_4/phase_archives/P4/v1_4_frozen_test_evidence_20260922T033233833147.zip::run/seed2/repeated_update/result.json,operator,repeated_update,,352
0,,0,,frozen_test,AND,,,2,accuracy,,experiment_v1_4/phase_archives/P4/v1_4_frozen_test_evidence_20260922T033233833147.zip::run/seed2/repeated_update/result.json,operator,repeated_update,,1.0
0,,0,,frozen_test,AND,,,2,answer_ce,,experiment_v1_4/phase_archives/P4/v1_4_frozen_test_evidence_20260922T033233833147.zip::run/seed2/repeated_update/result.json,operator,repeated_update,,0.0003686222678696409
0,,0,,frozen_test,OR,,,2,count,,experiment_v1_4/phase_archives/P4/v1_4_frozen_test_evidence_20260922T033233833147.zip::run/seed2/repeated_update/result.json,operator,repeated_update,,362
0,,0,,frozen_test,OR,,,2,accuracy,,experiment_v1_4/phase_archives/P4/v1_4_frozen_test_evidence_20260922T033233833147.zip::run/seed2/repeated_update/result.json,operator,repeated_update,,1.0
0,,0,,frozen_test,OR,,,2,answer_ce,,experiment_v1_4/phase_archives/P4/v1_4_frozen_test_evidence_20260922T033233833147.zip::run/seed2/repeated_update/result.json,operator,repeated_update,,0.0002877384127081193
0,,0,,frozen_test,XOR,,,2,count,,experiment_v1_4/phase_archives/P4/v1_4_frozen_test_evidence_20260922T033233833147.zip::run/seed2/repeated_update/result.json,operator,repeated_update,,360
0,,0,,frozen_test,XOR,,,2,accuracy,,experiment_v1_4/phase_archives/P4/v1_4_frozen_test_evidence_20260922T033233833147.zip::run/seed2/repeated_update/result.json,operator,repeated_update,,0.9972222222222222
0,,0,,frozen_test,XOR,,,2,answer_ce,,experiment_v1_4/phase_archives/P4/v1_4_frozen_test_evidence_20260922T033233833147.zip::run/seed2/repeated_update/result.json,operator,repeated_update,,0.004397844713584062
0,,0,,frozen_test,macro,,,2,coverage,,experiment_v1_4/phase_archives/P4/v1_4_frozen_test_evidence_20260922T033233833147.zip::run/seed2/repeated_update/result.json,query_var,repeated_update,,1.0
0,,0,,frozen_test,macro,,,2,macro_accuracy,,experiment_v1_4/phase_archives/P4/v1_4_frozen_test_evidence_20260922T033233833147.zip::run/seed2/repeated_update/result.json,query_var,repeated_update,,0.9995136186770428
0,,0,,frozen_test,macro,,,2,macro_answer_ce,,experiment_v1_4/phase_archives/P4/v1_4_frozen_test_evidence_20260922T033233833147.zip::run/seed2/repeated_update/result.json,query_var,repeated_update,,0.0012503756051649205
0,,0,,frozen_test,A,,,2,count,,experiment_v1_4/phase_archives/P4/v1_4_frozen_test_evidence_20260922T033233833147.zip::run/seed2/repeated_update/result.json,query_var,repeated_update,,503
0,,0,,frozen_test,A,,,2,accuracy,,experiment_v1_4/phase_archives/P4/v1_4_frozen_test_evidence_20260922T033233833147.zip::run/seed2/repeated_update/result.json,query_var,repeated_update,,1.0
0,,0,,frozen_test,A,,,2,answer_ce,,experiment_v1_4/phase_archives/P4/v1_4_frozen_test_evidence_20260922T033233833147.zip::run/seed2/repeated_update/result.json,query_var,repeated_update,,4.2007079193234665e-05
0,,0,,frozen_test,B,,,2,count,,experiment_v1_4/phase_archives/P4/v1_4_frozen_test_evidence_20260922T033233833147.zip::run/seed2/repeated_update/result.json,query_var,repeated_update,,504
0,,0,,frozen_test,B,,,2,accuracy,,experiment_v1_4/phase_archives/P4/v1_4_frozen_test_evidence_20260922T033233833147.zip::run/seed2/repeated_update/result.json,query_var,repeated_update,,1.0
0,,0,,frozen_test,B,,,2,answer_ce,,experiment_v1_4/phase_archives/P4/v1_4_frozen_test_evidence_20260922T033233833147.zip::run/seed2/repeated_update/result.json,query_var,repeated_update,,0.001356484294492908
0,,0,,frozen_test,C,,,2,count,,experiment_v1_4/phase_archives/P4/v1_4_frozen_test_evidence_20260922T033233833147.zip::run/seed2/repeated_update/result.json,query_var,repeated_update,,527
0,,0,,frozen_test,C,,,2,accuracy,,experiment_v1_4/phase_archives/P4/v1_4_frozen_test_evidence_20260922T033233833147.zip::run/seed2/repeated_update/result.json,query_var,repeated_update,,1.0
0,,0,,frozen_test,C,,,2,answer_ce,,experiment_v1_4/phase_archives/P4/v1_4_frozen_test_evidence_20260922T033233833147.zip::run/seed2/repeated_update/result.json,query_var,repeated_update,,0.0003265717419825735
0,,0,,frozen_test,D,,,2,count,,experiment_v1_4/phase_archives/P4/v1_4_frozen_test_evidence_20260922T033233833147.zip::run/seed2/repeated_update/result.json,query_var,repeated_update,,514
0,,0,,frozen_test,D,,,2,accuracy,,experiment_v1_4/phase_archives/P4/v1_4_frozen_test_evidence_20260922T033233833147.zip::run/seed2/repeated_update/result.json,query_var,repeated_update,,0.9980544747081712
0,,0,,frozen_test,D,,,2,answer_ce,,experiment_v1_4/phase_archives/P4/v1_4_frozen_test_evidence_20260922T033233833147.zip::run/seed2/repeated_update/result.json,query_var,repeated_update,,0.003276439304990966
0,,0,,frozen_test,macro,,,2,coverage,,experiment_v1_4/phase_archives/P4/v1_4_frozen_test_evidence_20260922T033233833147.zip::run/seed2/repeated_update/result.json,answer,repeated_update,,1.0
0,,0,,frozen_test,macro,,,2,macro_accuracy,,experiment_v1_4/phase_archives/P4/v1_4_frozen_test_evidence_20260922T033233833147.zip::run/seed2/repeated_update/result.json,answer,repeated_update,,0.999500998003992
0,,0,,frozen_test,macro,,,2,macro_answer_ce,,experiment_v1_4/phase_archives/P4/v1_4_frozen_test_evidence_20260922T033233833147.zip::run/seed2/repeated_update/result.json,answer,repeated_update,,0.0012573832786220073
0,,0,,frozen_test,0,,,2,count,,experiment_v1_4/phase_archives/P4/v1_4_frozen_test_evidence_20260922T033233833147.zip::run/seed2/repeated_update/result.json,answer,repeated_update,,1002
0,,0,,frozen_test,0,,,2,accuracy,,experiment_v1_4/phase_archives/P4/v1_4_frozen_test_evidence_20260922T033233833147.zip::run/seed2/repeated_update/result.json,answer,repeated_update,,0.999001996007984
0,,0,,frozen_test,0,,,2,answer_ce,,experiment_v1_4/phase_archives/P4/v1_4_frozen_test_evidence_20260922T033233833147.zip::run/seed2/repeated_update/result.json,answer,repeated_update,,0.0015785241551919012
0,,0,,frozen_test,1,,,2,count,,experiment_v1_4/phase_archives/P4/v1_4_frozen_test_evidence_20260922T033233833147.zip::run/seed2/repeated_update/result.json,answer,repeated_update,,1046
0,,0,,frozen_test,1,,,2,accuracy,,experiment_v1_4/phase_archives/P4/v1_4_frozen_test_evidence_20260922T033233833147.zip::run/seed2/repeated_update/result.json,answer,repeated_update,,1.0
0,,0,,frozen_test,1,,,2,answer_ce,,experiment_v1_4/phase_archives/P4/v1_4_frozen_test_evidence_20260922T033233833147.zip::run/seed2/repeated_update/result.json,answer,repeated_update,,0.0009362424020521133
0,,0,,frozen_test,macro,,,2,coverage,,experiment_v1_4/phase_archives/P4/v1_4_frozen_test_evidence_20260922T033233833147.zip::run/seed2/repeated_update/result.json,blocks,repeated_update,,1.0
0,,0,,frozen_test,macro,,,2,macro_accuracy,,experiment_v1_4/phase_archives/P4/v1_4_frozen_test_evidence_20260922T033233833147.zip::run/seed2/repeated_update/result.json,blocks,repeated_update,,0.9995768091409225
0,,0,,frozen_test,macro,,,2,macro_answer_ce,,experiment_v1_4/phase_archives/P4/v1_4_frozen_test_evidence_20260922T033233833147.zip::run/seed2/repeated_update/result.json,blocks,repeated_update,,0.001182372967276078
0,,0,,frozen_test,8,,,2,count,,experiment_v1_4/phase_archives/P4/v1_4_frozen_test_evidence_20260922T033233833147.zip::run/seed2/repeated_update/result.json,blocks,repeated_update,,106
0,,0,,frozen_test,8,,,2,accuracy,,experiment_v1_4/phase_archives/P4/v1_4_frozen_test_evidence_20260922T033233833147.zip::run/seed2/repeated_update/result.json,blocks,repeated_update,,1.0
0,,0,,frozen_test,8,,,2,answer_ce,,experiment_v1_4/phase_archives/P4/v1_4_frozen_test_evidence_20260922T033233833147.zip::run/seed2/repeated_update/result.json,blocks,repeated_update,,1.9880643038667808e-05
0,,0,,frozen_test,9,,,2,count,,experiment_v1_4/phase_archives/P4/v1_4_frozen_test_evidence_20260922T033233833147.zip::run/seed2/repeated_update/result.json,blocks,repeated_update,,149
0,,0,,frozen_test,9,,,2,accuracy,,experiment_v1_4/phase_archives/P4/v1_4_frozen_test_evidence_20260922T033233833147.zip::run/seed2/repeated_update/result.json,blocks,repeated_update,,1.0
0,,0,,frozen_test,9,,,2,answer_ce,,experiment_v1_4/phase_archives/P4/v1_4_frozen_test_evidence_20260922T033233833147.zip::run/seed2/repeated_update/result.json,blocks,repeated_update,,6.479704833259195e-05
0,,0,,frozen_test,10,,,2,count,,experiment_v1_4/phase_archives/P4/v1_4_frozen_test_evidence_20260922T033233833147.zip::run/seed2/repeated_update/result.json,blocks,repeated_update,,120
0,,0,,frozen_test,10,,,2,accuracy,,experiment_v1_4/phase_archives/P4/v1_4_frozen_test_evidence_20260922T033233833147.zip::run/seed2/repeated_update/result.json,blocks,repeated_update,,1.0
0,,0,,frozen_test,10,,,2,answer_ce,,experiment_v1_4/phase_archives/P4/v1_4_frozen_test_evidence_20260922T033233833147.zip::run/seed2/repeated_update/result.json,blocks,repeated_update,,0.0032892297571227875
0,,0,,frozen_test,11,,,2,count,,experiment_v1_4/phase_archives/P4/v1_4_frozen_test_evidence_20260922T033233833147.zip::run/seed2/repeated_update/result.json,blocks,repeated_update,,125
0,,0,,frozen_test,11,,,2,accuracy,,experiment_v1_4/phase_archives/P4/v1_4_frozen_test_evidence_20260922T033233833147.zip::run/seed2/repeated_update/result.json,blocks,repeated_update,,1.0
0,,0,,frozen_test,11,,,2,answer_ce,,experiment_v1_4/phase_archives/P4/v1_4_frozen_test_evidence_20260922T033233833147.zip::run/seed2/repeated_update/result.json,blocks,repeated_update,,2.5830618033069185e-05
0,,0,,frozen_test,12,,,2,count,,experiment_v1_4/phase_archives/P4/v1_4_frozen_test_evidence_20260922T033233833147.zip::run/seed2/repeated_update/result.json,blocks,repeated_update,,141
0,,0,,frozen_test,12,,,2,accuracy,,experiment_v1_4/phase_archives/P4/v1_4_frozen_test_evidence_20260922T033233833147.zip::run/seed2/repeated_update/result.json,blocks,repeated_update,,1.0
0,,0,,frozen_test,12,,,2,answer_ce,,experiment_v1_4/phase_archives/P4/v1_4_frozen_test_evidence_20260922T033233833147.zip::run/seed2/repeated_update/result.json,blocks,repeated_update,,2.9344273622643947e-05
0,,0,,frozen_test,13,,,2,count,,experiment_v1_4/phase_archives/P4/v1_4_frozen_test_evidence_20260922T033233833147.zip::run/seed2/repeated_update/result.json,blocks,repeated_update,,139
0,,0,,frozen_test,13,,,2,accuracy,,experiment_v1_4/phase_archives/P4/v1_4_frozen_test_evidence_20260922T033233833147.zip::run/seed2/repeated_update/result.json,blocks,repeated_update,,0.9928057553956835
0,,0,,frozen_test,13,,,2,answer_ce,,experiment_v1_4/phase_archives/P4/v1_4_frozen_test_evidence_20260922T033233833147.zip::run/seed2/repeated_update/result.json,blocks,repeated_update,,0.008289129711196726
0,,0,,frozen_test,14,,,2,count,,experiment_v1_4/phase_archives/P4/v1_4_frozen_test_evidence_20260922T033233833147.zip::run/seed2/repeated_update/result.json,blocks,repeated_update,,100
0,,0,,frozen_test,14,,,2,accuracy,,experiment_v1_4/phase_archives/P4/v1_4_frozen_test_evidence_20260922T033233833147.zip::run/seed2/repeated_update/result.json,blocks,repeated_update,,1.0
0,,0,,frozen_test,14,,,2,answer_ce,,experiment_v1_4/phase_archives/P4/v1_4_frozen_test_evidence_20260922T033233833147.zip::run/seed2/repeated_update/result.json,blocks,repeated_update,,7.376250998277101e-05
0,,0,,frozen_test,15,,,2,count,,experiment_v1_4/phase_archives/P4/v1_4_frozen_test_evidence_20260922T033233833147.zip::run/seed2/repeated_update/result.json,blocks,repeated_update,,120
0,,0,,frozen_test,15,,,2,accuracy,,experiment_v1_4/phase_archives/P4/v1_4_frozen_test_evidence_20260922T033233833147.zip::run/seed2/repeated_update/result.json,blocks,repeated_update,,1.0
0,,0,,frozen_test,15,,,2,answer_ce,,experiment_v1_4/phase_archives/P4/v1_4_frozen_test_evidence_20260922T033233833147.zip::run/seed2/repeated_update/result.json,blocks,repeated_update,,3.307768935580195e-05
0,,0,,frozen_test,16,,,2,count,,experiment_v1_4/phase_archives/P4/v1_4_frozen_test_evidence_20260922T033233833147.zip::run/seed2/repeated_update/result.json,blocks,repeated_update,,115
0,,0,,frozen_test,16,,,2,accuracy,,experiment_v1_4/phase_archives/P4/v1_4_frozen_test_evidence_20260922T033233833147.zip::run/seed2/repeated_update/result.json,blocks,repeated_update,,1.0
0,,0,,frozen_test,16,,,2,answer_ce,,experiment_v1_4/phase_archives/P4/v1_4_frozen_test_evidence_20260922T033233833147.zip::run/seed2/repeated_update/result.json,blocks,repeated_update,,0.0009434592114421716
0,,0,,frozen_test,17,,,2,count,,experiment_v1_4/phase_archives/P4/v1_4_frozen_test_evidence_20260922T033233833147.zip::run/seed2/repeated_update/result.json,blocks,repeated_update,,109
0,,0,,frozen_test,17,,,2,accuracy,,experiment_v1_4/phase_archives/P4/v1_4_frozen_test_evidence_20260922T033233833147.zip::run/seed2/repeated_update/result.json,blocks,repeated_update,,1.0
0,,0,,frozen_test,17,,,2,answer_ce,,experiment_v1_4/phase_archives/P4/v1_4_frozen_test_evidence_20260922T033233833147.zip::run/seed2/repeated_update/result.json,blocks,repeated_update,,2.1531579385812227e-05
0,,0,,frozen_test,18,,,2,count,,experiment_v1_4/phase_archives/P4/v1_4_frozen_test_evidence_20260922T033233833147.zip::run/seed2/repeated_update/result.json,blocks,repeated_update,,106
0,,0,,frozen_test,18,,,2,accuracy,,experiment_v1_4/phase_archives/P4/v1_4_frozen_test_evidence_20260922T033233833147.zip::run/seed2/repeated_update/result.json,blocks,repeated_update,,1.0
0,,0,,frozen_test,18,,,2,answer_ce,,experiment_v1_4/phase_archives/P4/v1_4_frozen_test_evidence_20260922T033233833147.zip::run/seed2/repeated_update/result.json,blocks,repeated_update,,2.793942033195152e-05
0,,0,,frozen_test,19,,,2,count,,experiment_v1_4/phase_archives/P4/v1_4_frozen_test_evidence_20260922T033233833147.zip::run/seed2/repeated_update/result.json,blocks,repeated_update,,124
0,,0,,frozen_test,19,,,2,accuracy,,experiment_v1_4/phase_archives/P4/v1_4_frozen_test_evidence_20260922T033233833147.zip::run/seed2/repeated_update/result.json,blocks,repeated_update,,1.0
0,,0,,frozen_test,19,,,2,answer_ce,,experiment_v1_4/phase_archives/P4/v1_4_frozen_test_evidence_20260922T033233833147.zip::run/seed2/repeated_update/result.json,blocks,repeated_update,,2.5928852569596793e-05
0,,0,,frozen_test,20,,,2,count,,experiment_v1_4/phase_archives/P4/v1_4_frozen_test_evidence_20260922T033233833147.zip::run/seed2/repeated_update/result.json,blocks,repeated_update,,121
0,,0,,frozen_test,20,,,2,accuracy,,experiment_v1_4/phase_archives/P4/v1_4_frozen_test_evidence_20260922T033233833147.zip::run/seed2/repeated_update/result.json,blocks,repeated_update,,1.0
0,,0,,frozen_test,20,,,2,answer_ce,,experiment_v1_4/phase_archives/P4/v1_4_frozen_test_evidence_20260922T033233833147.zip::run/seed2/repeated_update/result.json,blocks,repeated_update,,4.109267256879787e-05
0,,0,,frozen_test,21,,,2,count,,experiment_v1_4/phase_archives/P4/v1_4_frozen_test_evidence_20260922T033233833147.zip::run/seed2/repeated_update/result.json,blocks,repeated_update,,118
0,,0,,frozen_test,21,,,2,accuracy,,experiment_v1_4/phase_archives/P4/v1_4_frozen_test_evidence_20260922T033233833147.zip::run/seed2/repeated_update/result.json,blocks,repeated_update,,1.0
0,,0,,frozen_test,21,,,2,answer_ce,,experiment_v1_4/phase_archives/P4/v1_4_frozen_test_evidence_20260922T033233833147.zip::run/seed2/repeated_update/result.json,blocks,repeated_update,,0.004155031645877436
0,,0,,frozen_test,22,,,2,count,,experiment_v1_4/phase_archives/P4/v1_4_frozen_test_evidence_20260922T033233833147.zip::run/seed2/repeated_update/result.json,blocks,repeated_update,,124
0,,0,,frozen_test,22,,,2,accuracy,,experiment_v1_4/phase_archives/P4/v1_4_frozen_test_evidence_20260922T033233833147.zip::run/seed2/repeated_update/result.json,blocks,repeated_update,,1.0
0,,0,,frozen_test,22,,,2,answer_ce,,experiment_v1_4/phase_archives/P4/v1_4_frozen_test_evidence_20260922T033233833147.zip::run/seed2/repeated_update/result.json,blocks,repeated_update,,2.6158672573083387e-05
0,,0,,frozen_test,23,,,2,count,,experiment_v1_4/phase_archives/P4/v1_4_frozen_test_evidence_20260922T033233833147.zip::run/seed2/repeated_update/result.json,blocks,repeated_update,,122
0,,0,,frozen_test,23,,,2,accuracy,,experiment_v1_4/phase_archives/P4/v1_4_frozen_test_evidence_20260922T033233833147.zip::run/seed2/repeated_update/result.json,blocks,repeated_update,,1.0
0,,0,,frozen_test,23,,,2,answer_ce,,experiment_v1_4/phase_archives/P4/v1_4_frozen_test_evidence_20260922T033233833147.zip::run/seed2/repeated_update/result.json,blocks,repeated_update,,0.002874387970133866
0,,0,,frozen_test,24,,,2,count,,experiment_v1_4/phase_archives/P4/v1_4_frozen_test_evidence_20260922T033233833147.zip::run/seed2/repeated_update/result.json,blocks,repeated_update,,109
0,,0,,frozen_test,24,,,2,accuracy,,experiment_v1_4/phase_archives/P4/v1_4_frozen_test_evidence_20260922T033233833147.zip::run/seed2/repeated_update/result.json,blocks,repeated_update,,1.0
0,,0,,frozen_test,24,,,2,answer_ce,,experiment_v1_4/phase_archives/P4/v1_4_frozen_test_evidence_20260922T033233833147.zip::run/seed2/repeated_update/result.json,blocks,repeated_update,,0.0001597581681255529
0,,0,,frozen_test,macro,,,2,coverage,,experiment_v1_4/phase_archives/P4/v1_4_frozen_test_evidence_20260922T033233833147.zip::run/seed2/repeated_update/result.json,distance,repeated_update,,1.0
0,,0,,frozen_test,macro,,,2,macro_accuracy,,experiment_v1_4/phase_archives/P4/v1_4_frozen_test_evidence_20260922T033233833147.zip::run/seed2/repeated_update/result.json,distance,repeated_update,,0.9993540051679587
0,,0,,frozen_test,macro,,,2,macro_answer_ce,,experiment_v1_4/phase_archives/P4/v1_4_frozen_test_evidence_20260922T033233833147.zip::run/seed2/repeated_update/result.json,distance,repeated_update,,0.0014468742577414876
0,,0,,frozen_test,0,,,2,count,,experiment_v1_4/phase_archives/P4/v1_4_frozen_test_evidence_20260922T033233833147.zip::run/seed2/repeated_update/result.json,distance,repeated_update,,1126
0,,0,,frozen_test,0,,,2,accuracy,,experiment_v1_4/phase_archives/P4/v1_4_frozen_test_evidence_20260922T033233833147.zip::run/seed2/repeated_update/result.json,distance,repeated_update,,1.0
0,,0,,frozen_test,0,,,2,answer_ce,,experiment_v1_4/phase_archives/P4/v1_4_frozen_test_evidence_20260922T033233833147.zip::run/seed2/repeated_update/result.json,distance,repeated_update,,0.0006512249148168334
0,,0,,frozen_test,1-2,,,2,count,,experiment_v1_4/phase_archives/P4/v1_4_frozen_test_evidence_20260922T033233833147.zip::run/seed2/repeated_update/result.json,distance,repeated_update,,516
0,,0,,frozen_test,1-2,,,2,accuracy,,experiment_v1_4/phase_archives/P4/v1_4_frozen_test_evidence_20260922T033233833147.zip::run/seed2/repeated_update/result.json,distance,repeated_update,,0.998062015503876
0,,0,,frozen_test,1-2,,,2,answer_ce,,experiment_v1_4/phase_archives/P4/v1_4_frozen_test_evidence_20260922T033233833147.zip::run/seed2/repeated_update/result.json,distance,repeated_update,,0.0029983270131958496
0,,0,,frozen_test,3+,,,2,count,,experiment_v1_4/phase_archives/P4/v1_4_frozen_test_evidence_20260922T033233833147.zip::run/seed2/repeated_update/result.json,distance,repeated_update,,406
0,,0,,frozen_test,3+,,,2,accuracy,,experiment_v1_4/phase_archives/P4/v1_4_frozen_test_evidence_20260922T033233833147.zip::run/seed2/repeated_update/result.json,distance,repeated_update,,1.0
0,,0,,frozen_test,3+,,,2,answer_ce,,experiment_v1_4/phase_archives/P4/v1_4_frozen_test_evidence_20260922T033233833147.zip::run/seed2/repeated_update/result.json,distance,repeated_update,,0.0006910708452117796
0,,0,,frozen_test,macro,,,2,coverage,,experiment_v1_4/phase_archives/P4/v1_4_frozen_test_evidence_20260922T033233833147.zip::run/seed2/repeated_update/result.json,truth_table,repeated_update,,1.0
0,,0,,frozen_test,macro,,,2,macro_accuracy,,experiment_v1_4/phase_archives/P4/v1_4_frozen_test_evidence_20260922T033233833147.zip::run/seed2/repeated_update/result.json,truth_table,repeated_update,,0.9991408934707904
0,,0,,frozen_test,macro,,,2,macro_answer_ce,,experiment_v1_4/phase_archives/P4/v1_4_frozen_test_evidence_20260922T033233833147.zip::run/seed2/repeated_update/result.json,truth_table,repeated_update,,0.0016009866830969414
0,,0,,frozen_test,AND:00,,,2,count,,experiment_v1_4/phase_archives/P4/v1_4_frozen_test_evidence_20260922T033233833147.zip::run/seed2/repeated_update/result.json,truth_table,repeated_update,,93
0,,0,,frozen_test,AND:00,,,2,accuracy,,experiment_v1_4/phase_archives/P4/v1_4_frozen_test_evidence_20260922T033233833147.zip::run/seed2/repeated_update/result.json,truth_table,repeated_update,,1.0
0,,0,,frozen_test,AND:00,,,2,answer_ce,,experiment_v1_4/phase_archives/P4/v1_4_frozen_test_evidence_20260922T033233833147.zip::run/seed2/repeated_update/result.json,truth_table,repeated_update,,1.5286797670635296e-05
0,,0,,frozen_test,AND:01,,,2,count,,experiment_v1_4/phase_archives/P4/v1_4_frozen_test_evidence_20260922T033233833147.zip::run/seed2/repeated_update/result.json,truth_table,repeated_update,,85
0,,0,,frozen_test,AND:01,,,2,accuracy,,experiment_v1_4/phase_archives/P4/v1_4_frozen_test_evidence_20260922T033233833147.zip::run/seed2/repeated_update/result.json,truth_table,repeated_update,,1.0
0,,0,,frozen_test,AND:01,,,2,answer_ce,,experiment_v1_4/phase_archives/P4/v1_4_frozen_test_evidence_20260922T033233833147.zip::run/seed2/repeated_update/result.json,truth_table,repeated_update,,1.437791389060508e-05
0,,0,,frozen_test,AND:10,,,2,count,,experiment_v1_4/phase_archives/P4/v1_4_frozen_test_evidence_20260922T033233833147.zip::run/seed2/repeated_update/result.json,truth_table,repeated_update,,87
0,,0,,frozen_test,AND:10,,,2,accuracy,,experiment_v1_4/phase_archives/P4/v1_4_frozen_test_evidence_20260922T033233833147.zip::run/seed2/repeated_update/result.json,truth_table,repeated_update,,1.0
0,,0,,frozen_test,AND:10,,,2,answer_ce,,experiment_v1_4/phase_archives/P4/v1_4_frozen_test_evidence_20260922T033233833147.zip::run/seed2/repeated_update/result.json,truth_table,repeated_update,,0.0012254858551512308
0,,0,,frozen_test,AND:11,,,2,count,,experiment_v1_4/phase_archives/P4/v1_4_frozen_test_evidence_20260922T033233833147.zip::run/seed2/repeated_update/result.json,truth_table,repeated_update,,87
0,,0,,frozen_test,AND:11,,,2,accuracy,,experiment_v1_4/phase_archives/P4/v1_4_frozen_test_evidence_20260922T033233833147.zip::run/seed2/repeated_update/result.json,truth_table,repeated_update,,1.0
0,,0,,frozen_test,AND:11,,,2,answer_ce,,experiment_v1_4/phase_archives/P4/v1_4_frozen_test_evidence_20260922T033233833147.zip::run/seed2/repeated_update/result.json,truth_table,repeated_update,,0.0002355629198607586
0,,0,,frozen_test,OR:00,,,2,count,,experiment_v1_4/phase_archives/P4/v1_4_frozen_test_evidence_20260922T033233833147.zip::run/seed2/repeated_update/result.json,truth_table,repeated_update,,96
0,,0,,frozen_test,OR:00,,,2,accuracy,,experiment_v1_4/phase_archives/P4/v1_4_frozen_test_evidence_20260922T033233833147.zip::run/seed2/repeated_update/result.json,truth_table,repeated_update,,1.0
0,,0,,frozen_test,OR:00,,,2,answer_ce,,experiment_v1_4/phase_archives/P4/v1_4_frozen_test_evidence_20260922T033233833147.zip::run/seed2/repeated_update/result.json,truth_table,repeated_update,,3.8788396466316044e-05
0,,0,,frozen_test,OR:01,,,2,count,,experiment_v1_4/phase_archives/P4/v1_4_frozen_test_evidence_20260922T033233833147.zip::run/seed2/repeated_update/result.json,truth_table,repeated_update,,84
0,,0,,frozen_test,OR:01,,,2,accuracy,,experiment_v1_4/phase_archives/P4/v1_4_frozen_test_evidence_20260922T033233833147.zip::run/seed2/repeated_update/result.json,truth_table,repeated_update,,1.0
0,,0,,frozen_test,OR:01,,,2,answer_ce,,experiment_v1_4/phase_archives/P4/v1_4_frozen_test_evidence_20260922T033233833147.zip::run/seed2/repeated_update/result.json,truth_table,repeated_update,,0.0001418759883823181
0,,0,,frozen_test,OR:10,,,2,count,,experiment_v1_4/phase_archives/P4/v1_4_frozen_test_evidence_20260922T033233833147.zip::run/seed2/repeated_update/result.json,truth_table,repeated_update,,90
0,,0,,frozen_test,OR:10,,,2,accuracy,,experiment_v1_4/phase_archives/P4/v1_4_frozen_test_evidence_20260922T033233833147.zip::run/seed2/repeated_update/result.json,truth_table,repeated_update,,1.0
0,,0,,frozen_test,OR:10,,,2,answer_ce,,experiment_v1_4/phase_archives/P4/v1_4_frozen_test_evidence_20260922T033233833147.zip::run/seed2/repeated_update/result.json,truth_table,repeated_update,,0.000958577177769055
0,,0,,frozen_test,OR:11,,,2,count,,experiment_v1_4/phase_archives/P4/v1_4_frozen_test_evidence_20260922T033233833147.zip::run/seed2/repeated_update/result.json,truth_table,repeated_update,,92
0,,0,,frozen_test,OR:11,,,2,accuracy,,experiment_v1_4/phase_archives/P4/v1_4_frozen_test_evidence_20260922T033233833147.zip::run/seed2/repeated_update/result.json,truth_table,repeated_update,,1.0
0,,0,,frozen_test,OR:11,,,2,answer_ce,,experiment_v1_4/phase_archives/P4/v1_4_frozen_test_evidence_20260922T033233833147.zip::run/seed2/repeated_update/result.json,truth_table,repeated_update,,2.443576430699107e-05
0,,0,,frozen_test,XOR:00,,,2,count,,experiment_v1_4/phase_archives/P4/v1_4_frozen_test_evidence_20260922T033233833147.zip::run/seed2/repeated_update/result.json,truth_table,repeated_update,,82
0,,0,,frozen_test,XOR:00,,,2,accuracy,,experiment_v1_4/phase_archives/P4/v1_4_frozen_test_evidence_20260922T033233833147.zip::run/seed2/repeated_update/result.json,truth_table,repeated_update,,1.0
0,,0,,frozen_test,XOR:00,,,2,answer_ce,,experiment_v1_4/phase_archives/P4/v1_4_frozen_test_evidence_20260922T033233833147.zip::run/seed2/repeated_update/result.json,truth_table,repeated_update,,5.705511441147991e-05
0,,0,,frozen_test,XOR:01,,,2,count,,experiment_v1_4/phase_archives/P4/v1_4_frozen_test_evidence_20260922T033233833147.zip::run/seed2/repeated_update/result.json,truth_table,repeated_update,,89
0,,0,,frozen_test,XOR:01,,,2,accuracy,,experiment_v1_4/phase_archives/P4/v1_4_frozen_test_evidence_20260922T033233833147.zip::run/seed2/repeated_update/result.json,truth_table,repeated_update,,1.0
0,,0,,frozen_test,XOR:01,,,2,answer_ce,,experiment_v1_4/phase_archives/P4/v1_4_frozen_test_evidence_20260922T033233833147.zip::run/seed2/repeated_update/result.json,truth_table,repeated_update,,0.00012505505849966017
0,,0,,frozen_test,XOR:10,,,2,count,,experiment_v1_4/phase_archives/P4/v1_4_frozen_test_evidence_20260922T033233833147.zip::run/seed2/repeated_update/result.json,truth_table,repeated_update,,92
0,,0,,frozen_test,XOR:10,,,2,accuracy,,experiment_v1_4/phase_archives/P4/v1_4_frozen_test_evidence_20260922T033233833147.zip::run/seed2/repeated_update/result.json,truth_table,repeated_update,,1.0
0,,0,,frozen_test,XOR:10,,,2,answer_ce,,experiment_v1_4/phase_archives/P4/v1_4_frozen_test_evidence_20260922T033233833147.zip::run/seed2/repeated_update/result.json,truth_table,repeated_update,,0.004198445228222108
0,,0,,frozen_test,XOR:11,,,2,count,,experiment_v1_4/phase_archives/P4/v1_4_frozen_test_evidence_20260922T033233833147.zip::run/seed2/repeated_update/result.json,truth_table,repeated_update,,97
0,,0,,frozen_test,XOR:11,,,2,accuracy,,experiment_v1_4/phase_archives/P4/v1_4_frozen_test_evidence_20260922T033233833147.zip::run/seed2/repeated_update/result.json,truth_table,repeated_update,,0.9896907216494846
0,,0,,frozen_test,XOR:11,,,2,answer_ce,,experiment_v1_4/phase_archives/P4/v1_4_frozen_test_evidence_20260922T033233833147.zip::run/seed2/repeated_update/result.json,truth_table,repeated_update,,0.012176893982532138
