bootstrap_requested,bootstrap_seed,bootstrap_valid,category,checkpoint_sha256,ci_high,ci_low,ci_method,hook,k,l0_quantiles,layer,lm_seed,metric,name,phase,position_type,positions,source,sparse_seed,split,target,tool,value
,,,fidelity,76d86f1a83bde7f8f6389684cd2a3913c923e21ccfbe42e40d3255385a9982b1,,,point estimate; empirical LM/sparse ranges reported separately,h,4,"[3.0,4.0,4.0,4.0,4.0,4.0]",0,0,mse,seed0_l0_sae_k4_s0,P7,READ,50000,experiment_v1_4/phase_archives/P7/v1_4_p7_return_1790455082926962917.zip::runs/seed0_l0_sae_k4_s0/semantic.json,0,train,h reconstruction,sae,0.001194589528724743
,,,fidelity,76d86f1a83bde7f8f6389684cd2a3913c923e21ccfbe42e40d3255385a9982b1,,,point estimate; empirical LM/sparse ranges reported separately,h,4,"[3.0,4.0,4.0,4.0,4.0,4.0]",0,0,nmse,seed0_l0_sae_k4_s0,P7,READ,50000,experiment_v1_4/phase_archives/P7/v1_4_p7_return_1790455082926962917.zip::runs/seed0_l0_sae_k4_s0/semantic.json,0,train,h reconstruction,sae,0.0011945896078826433
,,,fidelity,76d86f1a83bde7f8f6389684cd2a3913c923e21ccfbe42e40d3255385a9982b1,,,point estimate; empirical LM/sparse ranges reported separately,h,4,"[3.0,4.0,4.0,4.0,4.0,4.0]",0,0,r2,seed0_l0_sae_k4_s0,P7,READ,50000,experiment_v1_4/phase_archives/P7/v1_4_p7_return_1790455082926962917.zip::runs/seed0_l0_sae_k4_s0/semantic.json,0,train,h reconstruction,sae,0.9988054103921173
,,,fidelity,76d86f1a83bde7f8f6389684cd2a3913c923e21ccfbe42e40d3255385a9982b1,,,point estimate; empirical LM/sparse ranges reported separately,h,4,"[3.0,4.0,4.0,4.0,4.0,4.0]",0,0,ev,seed0_l0_sae_k4_s0,P7,READ,50000,experiment_v1_4/phase_archives/P7/v1_4_p7_return_1790455082926962917.zip::runs/seed0_l0_sae_k4_s0/semantic.json,0,train,h reconstruction,sae,0.9988106381091856
,,,fidelity,76d86f1a83bde7f8f6389684cd2a3913c923e21ccfbe42e40d3255385a9982b1,,,point estimate; empirical LM/sparse ranges reported separately,h,4,"[3.0,4.0,4.0,4.0,4.0,4.0]",0,0,inactive_fraction,seed0_l0_sae_k4_s0,P7,READ,50000,experiment_v1_4/phase_archives/P7/v1_4_p7_return_1790455082926962917.zip::runs/seed0_l0_sae_k4_s0/semantic.json,0,train,h reconstruction,sae,0.880859375
,,,fidelity,76d86f1a83bde7f8f6389684cd2a3913c923e21ccfbe42e40d3255385a9982b1,,,point estimate; empirical LM/sparse ranges reported separately,h,4,"[3.0,4.0,4.0,4.0,4.0,4.0]",0,0,inactive_count,seed0_l0_sae_k4_s0,P7,READ,50000,experiment_v1_4/phase_archives/P7/v1_4_p7_return_1790455082926962917.zip::runs/seed0_l0_sae_k4_s0/semantic.json,0,train,h reconstruction,sae,451
,,,fidelity,76d86f1a83bde7f8f6389684cd2a3913c923e21ccfbe42e40d3255385a9982b1,,,point estimate; empirical LM/sparse ranges reported separately,h,4,"[3.0,4.0,4.0,4.0,4.0,4.0]",0,0,l0_mean,seed0_l0_sae_k4_s0,P7,READ,50000,experiment_v1_4/phase_archives/P7/v1_4_p7_return_1790455082926962917.zip::runs/seed0_l0_sae_k4_s0/semantic.json,0,train,h reconstruction,sae,3.99996
,,,fidelity,76d86f1a83bde7f8f6389684cd2a3913c923e21ccfbe42e40d3255385a9982b1,,,point estimate; empirical LM/sparse ranges reported separately,h,4,"[3.0,4.0,4.0,4.0,4.0,4.0]",0,0,l0_median,seed0_l0_sae_k4_s0,P7,READ,50000,experiment_v1_4/phase_archives/P7/v1_4_p7_return_1790455082926962917.zip::runs/seed0_l0_sae_k4_s0/semantic.json,0,train,h reconstruction,sae,4.0
,,,fidelity,76d86f1a83bde7f8f6389684cd2a3913c923e21ccfbe42e40d3255385a9982b1,,,point estimate; empirical LM/sparse ranges reported separately,h,4,"[3.0,4.0,4.0,4.0,4.0,4.0]",0,0,dead_fraction,seed0_l0_sae_k4_s0,P7,READ,50000,experiment_v1_4/phase_archives/P7/v1_4_p7_return_1790455082926962917.zip::runs/seed0_l0_sae_k4_s0/semantic.json,0,train,h reconstruction,sae,0.880859375
,,,fidelity,76d86f1a83bde7f8f6389684cd2a3913c923e21ccfbe42e40d3255385a9982b1,,,point estimate; empirical LM/sparse ranges reported separately,h,4,"[4.0,4.0,4.0,4.0,4.0,4.0]",0,0,mse,seed0_l0_sae_k4_s0,P7,READ,10000,experiment_v1_4/phase_archives/P7/v1_4_p7_return_1790455082926962917.zip::runs/seed0_l0_sae_k4_s0/semantic.json,0,val,h reconstruction,sae,0.0012099829893572548
,,,fidelity,76d86f1a83bde7f8f6389684cd2a3913c923e21ccfbe42e40d3255385a9982b1,,,point estimate; empirical LM/sparse ranges reported separately,h,4,"[4.0,4.0,4.0,4.0,4.0,4.0]",0,0,nmse,seed0_l0_sae_k4_s0,P7,READ,10000,experiment_v1_4/phase_archives/P7/v1_4_p7_return_1790455082926962917.zip::runs/seed0_l0_sae_k4_s0/semantic.json,0,val,h reconstruction,sae,0.0012083552174541154
,,,fidelity,76d86f1a83bde7f8f6389684cd2a3913c923e21ccfbe42e40d3255385a9982b1,,,point estimate; empirical LM/sparse ranges reported separately,h,4,"[4.0,4.0,4.0,4.0,4.0,4.0]",0,0,r2,seed0_l0_sae_k4_s0,P7,READ,10000,experiment_v1_4/phase_archives/P7/v1_4_p7_return_1790455082926962917.zip::runs/seed0_l0_sae_k4_s0/semantic.json,0,val,h reconstruction,sae,0.9987914754177787
,,,fidelity,76d86f1a83bde7f8f6389684cd2a3913c923e21ccfbe42e40d3255385a9982b1,,,point estimate; empirical LM/sparse ranges reported separately,h,4,"[4.0,4.0,4.0,4.0,4.0,4.0]",0,0,ev,seed0_l0_sae_k4_s0,P7,READ,10000,experiment_v1_4/phase_archives/P7/v1_4_p7_return_1790455082926962917.zip::runs/seed0_l0_sae_k4_s0/semantic.json,0,val,h reconstruction,sae,0.9987976696708211
,,,fidelity,76d86f1a83bde7f8f6389684cd2a3913c923e21ccfbe42e40d3255385a9982b1,,,point estimate; empirical LM/sparse ranges reported separately,h,4,"[4.0,4.0,4.0,4.0,4.0,4.0]",0,0,inactive_fraction,seed0_l0_sae_k4_s0,P7,READ,10000,experiment_v1_4/phase_archives/P7/v1_4_p7_return_1790455082926962917.zip::runs/seed0_l0_sae_k4_s0/semantic.json,0,val,h reconstruction,sae,0.90625
,,,fidelity,76d86f1a83bde7f8f6389684cd2a3913c923e21ccfbe42e40d3255385a9982b1,,,point estimate; empirical LM/sparse ranges reported separately,h,4,"[4.0,4.0,4.0,4.0,4.0,4.0]",0,0,inactive_count,seed0_l0_sae_k4_s0,P7,READ,10000,experiment_v1_4/phase_archives/P7/v1_4_p7_return_1790455082926962917.zip::runs/seed0_l0_sae_k4_s0/semantic.json,0,val,h reconstruction,sae,464
,,,fidelity,76d86f1a83bde7f8f6389684cd2a3913c923e21ccfbe42e40d3255385a9982b1,,,point estimate; empirical LM/sparse ranges reported separately,h,4,"[4.0,4.0,4.0,4.0,4.0,4.0]",0,0,l0_mean,seed0_l0_sae_k4_s0,P7,READ,10000,experiment_v1_4/phase_archives/P7/v1_4_p7_return_1790455082926962917.zip::runs/seed0_l0_sae_k4_s0/semantic.json,0,val,h reconstruction,sae,4.0
,,,fidelity,76d86f1a83bde7f8f6389684cd2a3913c923e21ccfbe42e40d3255385a9982b1,,,point estimate; empirical LM/sparse ranges reported separately,h,4,"[4.0,4.0,4.0,4.0,4.0,4.0]",0,0,l0_median,seed0_l0_sae_k4_s0,P7,READ,10000,experiment_v1_4/phase_archives/P7/v1_4_p7_return_1790455082926962917.zip::runs/seed0_l0_sae_k4_s0/semantic.json,0,val,h reconstruction,sae,4.0
,,,fidelity,76d86f1a83bde7f8f6389684cd2a3913c923e21ccfbe42e40d3255385a9982b1,,,point estimate; empirical LM/sparse ranges reported separately,h,4,"[4.0,4.0,4.0,4.0,4.0,4.0]",0,0,dead_fraction,seed0_l0_sae_k4_s0,P7,READ,10000,experiment_v1_4/phase_archives/P7/v1_4_p7_return_1790455082926962917.zip::runs/seed0_l0_sae_k4_s0/semantic.json,0,val,h reconstruction,sae,0.880859375
,,,fidelity,76d86f1a83bde7f8f6389684cd2a3913c923e21ccfbe42e40d3255385a9982b1,,,point estimate; empirical LM/sparse ranges reported separately,h,4,"[3.0,4.0,4.0,4.0,4.0,4.0]",0,0,mse,seed0_l0_sae_k4_s0,P7,READ,20000,experiment_v1_4/phase_archives/P7/v1_4_p7_return_1790455082926962917.zip::runs/seed0_l0_sae_k4_s0/semantic.json,0,test,h reconstruction,sae,0.0012115441044547406
,,,fidelity,76d86f1a83bde7f8f6389684cd2a3913c923e21ccfbe42e40d3255385a9982b1,,,point estimate; empirical LM/sparse ranges reported separately,h,4,"[3.0,4.0,4.0,4.0,4.0,4.0]",0,0,nmse,seed0_l0_sae_k4_s0,P7,READ,20000,experiment_v1_4/phase_archives/P7/v1_4_p7_return_1790455082926962917.zip::runs/seed0_l0_sae_k4_s0/semantic.json,0,test,h reconstruction,sae,0.0012113580519910047
,,,fidelity,76d86f1a83bde7f8f6389684cd2a3913c923e21ccfbe42e40d3255385a9982b1,,,point estimate; empirical LM/sparse ranges reported separately,h,4,"[3.0,4.0,4.0,4.0,4.0,4.0]",0,0,r2,seed0_l0_sae_k4_s0,P7,READ,20000,experiment_v1_4/phase_archives/P7/v1_4_p7_return_1790455082926962917.zip::runs/seed0_l0_sae_k4_s0/semantic.json,0,test,h reconstruction,sae,0.9987886144187458
,,,fidelity,76d86f1a83bde7f8f6389684cd2a3913c923e21ccfbe42e40d3255385a9982b1,,,point estimate; empirical LM/sparse ranges reported separately,h,4,"[3.0,4.0,4.0,4.0,4.0,4.0]",0,0,ev,seed0_l0_sae_k4_s0,P7,READ,20000,experiment_v1_4/phase_archives/P7/v1_4_p7_return_1790455082926962917.zip::runs/seed0_l0_sae_k4_s0/semantic.json,0,test,h reconstruction,sae,0.9987947611499628
,,,fidelity,76d86f1a83bde7f8f6389684cd2a3913c923e21ccfbe42e40d3255385a9982b1,,,point estimate; empirical LM/sparse ranges reported separately,h,4,"[3.0,4.0,4.0,4.0,4.0,4.0]",0,0,inactive_fraction,seed0_l0_sae_k4_s0,P7,READ,20000,experiment_v1_4/phase_archives/P7/v1_4_p7_return_1790455082926962917.zip::runs/seed0_l0_sae_k4_s0/semantic.json,0,test,h reconstruction,sae,0.900390625
,,,fidelity,76d86f1a83bde7f8f6389684cd2a3913c923e21ccfbe42e40d3255385a9982b1,,,point estimate; empirical LM/sparse ranges reported separately,h,4,"[3.0,4.0,4.0,4.0,4.0,4.0]",0,0,inactive_count,seed0_l0_sae_k4_s0,P7,READ,20000,experiment_v1_4/phase_archives/P7/v1_4_p7_return_1790455082926962917.zip::runs/seed0_l0_sae_k4_s0/semantic.json,0,test,h reconstruction,sae,461
,,,fidelity,76d86f1a83bde7f8f6389684cd2a3913c923e21ccfbe42e40d3255385a9982b1,,,point estimate; empirical LM/sparse ranges reported separately,h,4,"[3.0,4.0,4.0,4.0,4.0,4.0]",0,0,l0_mean,seed0_l0_sae_k4_s0,P7,READ,20000,experiment_v1_4/phase_archives/P7/v1_4_p7_return_1790455082926962917.zip::runs/seed0_l0_sae_k4_s0/semantic.json,0,test,h reconstruction,sae,3.9999
,,,fidelity,76d86f1a83bde7f8f6389684cd2a3913c923e21ccfbe42e40d3255385a9982b1,,,point estimate; empirical LM/sparse ranges reported separately,h,4,"[3.0,4.0,4.0,4.0,4.0,4.0]",0,0,l0_median,seed0_l0_sae_k4_s0,P7,READ,20000,experiment_v1_4/phase_archives/P7/v1_4_p7_return_1790455082926962917.zip::runs/seed0_l0_sae_k4_s0/semantic.json,0,test,h reconstruction,sae,4.0
,,,fidelity,76d86f1a83bde7f8f6389684cd2a3913c923e21ccfbe42e40d3255385a9982b1,,,point estimate; empirical LM/sparse ranges reported separately,h,4,"[3.0,4.0,4.0,4.0,4.0,4.0]",0,0,dead_fraction,seed0_l0_sae_k4_s0,P7,READ,20000,experiment_v1_4/phase_archives/P7/v1_4_p7_return_1790455082926962917.zip::runs/seed0_l0_sae_k4_s0/semantic.json,0,test,h reconstruction,sae,0.880859375
1000,5435042006293951100,1000,replacement,76d86f1a83bde7f8f6389684cd2a3913c923e21ccfbe42e40d3255385a9982b1,0.0006333532604280989,0.0001638405110172936,,h,4,,0,0,original_ce,seed0_l0_sae_k4_s0,P7,READ,2048,experiment_v1_4/phase_archives/P7/v1_4_p7_return_1790455082926962917.zip::runs/seed0_l0_sae_k4_s0/summary.json,0,behavior_test,h reconstruction,sae,0.00037435924538775645
1000,5435042006293951100,1000,replacement,76d86f1a83bde7f8f6389684cd2a3913c923e21ccfbe42e40d3255385a9982b1,0.0006320379204693471,0.00016607364551116666,,h,4,,0,0,patched_ce,seed0_l0_sae_k4_s0,P7,READ,2048,experiment_v1_4/phase_archives/P7/v1_4_p7_return_1790455082926962917.zip::runs/seed0_l0_sae_k4_s0/summary.json,0,behavior_test,h reconstruction,sae,0.00037459756106028586
1000,5435042006293951100,1000,replacement,76d86f1a83bde7f8f6389684cd2a3913c923e21ccfbe42e40d3255385a9982b1,1.0426948519848263e-05,-1.135736464276116e-05,,h,4,,0,0,delta_ce,seed0_l0_sae_k4_s0,P7,READ,2048,experiment_v1_4/phase_archives/P7/v1_4_p7_return_1790455082926962917.zip::runs/seed0_l0_sae_k4_s0/summary.json,0,behavior_test,h reconstruction,sae,2.3831567252941e-07
1000,5435042006293951100,1000,replacement,76d86f1a83bde7f8f6389684cd2a3913c923e21ccfbe42e40d3255385a9982b1,1.0,1.0,,h,4,,0,0,original_accuracy,seed0_l0_sae_k4_s0,P7,READ,2048,experiment_v1_4/phase_archives/P7/v1_4_p7_return_1790455082926962917.zip::runs/seed0_l0_sae_k4_s0/summary.json,0,behavior_test,h reconstruction,sae,1.0
1000,5435042006293951100,1000,replacement,76d86f1a83bde7f8f6389684cd2a3913c923e21ccfbe42e40d3255385a9982b1,1.0,1.0,,h,4,,0,0,patched_accuracy,seed0_l0_sae_k4_s0,P7,READ,2048,experiment_v1_4/phase_archives/P7/v1_4_p7_return_1790455082926962917.zip::runs/seed0_l0_sae_k4_s0/summary.json,0,behavior_test,h reconstruction,sae,1.0
1000,5435042006293951100,1000,replacement,76d86f1a83bde7f8f6389684cd2a3913c923e21ccfbe42e40d3255385a9982b1,0.0,0.0,,h,4,,0,0,delta_accuracy,seed0_l0_sae_k4_s0,P7,READ,2048,experiment_v1_4/phase_archives/P7/v1_4_p7_return_1790455082926962917.zip::runs/seed0_l0_sae_k4_s0/summary.json,0,behavior_test,h reconstruction,sae,0.0
,,,fidelity,76d86f1a83bde7f8f6389684cd2a3913c923e21ccfbe42e40d3255385a9982b1,,,point estimate; empirical LM/sparse ranges reported separately,h,16,"[15.0,16.0,16.0,16.0,16.0,16.0]",0,0,mse,seed0_l0_sae_k16_s0,P7,READ,50000,experiment_v1_4/phase_archives/P7/v1_4_p7_return_1790455082926962917.zip::runs/seed0_l0_sae_k16_s0/semantic.json,0,train,h reconstruction,sae,0.0003311459661134323
,,,fidelity,76d86f1a83bde7f8f6389684cd2a3913c923e21ccfbe42e40d3255385a9982b1,,,point estimate; empirical LM/sparse ranges reported separately,h,16,"[15.0,16.0,16.0,16.0,16.0,16.0]",0,0,nmse,seed0_l0_sae_k16_s0,P7,READ,50000,experiment_v1_4/phase_archives/P7/v1_4_p7_return_1790455082926962917.zip::runs/seed0_l0_sae_k16_s0/semantic.json,0,train,h reconstruction,sae,0.0003311459880563832
,,,fidelity,76d86f1a83bde7f8f6389684cd2a3913c923e21ccfbe42e40d3255385a9982b1,,,point estimate; empirical LM/sparse ranges reported separately,h,16,"[15.0,16.0,16.0,16.0,16.0,16.0]",0,0,r2,seed0_l0_sae_k16_s0,P7,READ,50000,experiment_v1_4/phase_archives/P7/v1_4_p7_return_1790455082926962917.zip::runs/seed0_l0_sae_k16_s0/semantic.json,0,train,h reconstruction,sae,0.9996688540119436
,,,fidelity,76d86f1a83bde7f8f6389684cd2a3913c923e21ccfbe42e40d3255385a9982b1,,,point estimate; empirical LM/sparse ranges reported separately,h,16,"[15.0,16.0,16.0,16.0,16.0,16.0]",0,0,ev,seed0_l0_sae_k16_s0,P7,READ,50000,experiment_v1_4/phase_archives/P7/v1_4_p7_return_1790455082926962917.zip::runs/seed0_l0_sae_k16_s0/semantic.json,0,train,h reconstruction,sae,0.9996710709120153
,,,fidelity,76d86f1a83bde7f8f6389684cd2a3913c923e21ccfbe42e40d3255385a9982b1,,,point estimate; empirical LM/sparse ranges reported separately,h,16,"[15.0,16.0,16.0,16.0,16.0,16.0]",0,0,inactive_fraction,seed0_l0_sae_k16_s0,P7,READ,50000,experiment_v1_4/phase_archives/P7/v1_4_p7_return_1790455082926962917.zip::runs/seed0_l0_sae_k16_s0/semantic.json,0,train,h reconstruction,sae,0.603515625
,,,fidelity,76d86f1a83bde7f8f6389684cd2a3913c923e21ccfbe42e40d3255385a9982b1,,,point estimate; empirical LM/sparse ranges reported separately,h,16,"[15.0,16.0,16.0,16.0,16.0,16.0]",0,0,inactive_count,seed0_l0_sae_k16_s0,P7,READ,50000,experiment_v1_4/phase_archives/P7/v1_4_p7_return_1790455082926962917.zip::runs/seed0_l0_sae_k16_s0/semantic.json,0,train,h reconstruction,sae,309
,,,fidelity,76d86f1a83bde7f8f6389684cd2a3913c923e21ccfbe42e40d3255385a9982b1,,,point estimate; empirical LM/sparse ranges reported separately,h,16,"[15.0,16.0,16.0,16.0,16.0,16.0]",0,0,l0_mean,seed0_l0_sae_k16_s0,P7,READ,50000,experiment_v1_4/phase_archives/P7/v1_4_p7_return_1790455082926962917.zip::runs/seed0_l0_sae_k16_s0/semantic.json,0,train,h reconstruction,sae,15.99968
,,,fidelity,76d86f1a83bde7f8f6389684cd2a3913c923e21ccfbe42e40d3255385a9982b1,,,point estimate; empirical LM/sparse ranges reported separately,h,16,"[15.0,16.0,16.0,16.0,16.0,16.0]",0,0,l0_median,seed0_l0_sae_k16_s0,P7,READ,50000,experiment_v1_4/phase_archives/P7/v1_4_p7_return_1790455082926962917.zip::runs/seed0_l0_sae_k16_s0/semantic.json,0,train,h reconstruction,sae,16.0
,,,fidelity,76d86f1a83bde7f8f6389684cd2a3913c923e21ccfbe42e40d3255385a9982b1,,,point estimate; empirical LM/sparse ranges reported separately,h,16,"[15.0,16.0,16.0,16.0,16.0,16.0]",0,0,dead_fraction,seed0_l0_sae_k16_s0,P7,READ,50000,experiment_v1_4/phase_archives/P7/v1_4_p7_return_1790455082926962917.zip::runs/seed0_l0_sae_k16_s0/semantic.json,0,train,h reconstruction,sae,0.603515625
,,,fidelity,76d86f1a83bde7f8f6389684cd2a3913c923e21ccfbe42e40d3255385a9982b1,,,point estimate; empirical LM/sparse ranges reported separately,h,16,"[15.0,16.0,16.0,16.0,16.0,16.0]",0,0,mse,seed0_l0_sae_k16_s0,P7,READ,10000,experiment_v1_4/phase_archives/P7/v1_4_p7_return_1790455082926962917.zip::runs/seed0_l0_sae_k16_s0/semantic.json,0,val,h reconstruction,sae,0.0003389744773346421
,,,fidelity,76d86f1a83bde7f8f6389684cd2a3913c923e21ccfbe42e40d3255385a9982b1,,,point estimate; empirical LM/sparse ranges reported separately,h,16,"[15.0,16.0,16.0,16.0,16.0,16.0]",0,0,nmse,seed0_l0_sae_k16_s0,P7,READ,10000,experiment_v1_4/phase_archives/P7/v1_4_p7_return_1790455082926962917.zip::runs/seed0_l0_sae_k16_s0/semantic.json,0,val,h reconstruction,sae,0.00033851846007246575
,,,fidelity,76d86f1a83bde7f8f6389684cd2a3913c923e21ccfbe42e40d3255385a9982b1,,,point estimate; empirical LM/sparse ranges reported separately,h,16,"[15.0,16.0,16.0,16.0,16.0,16.0]",0,0,r2,seed0_l0_sae_k16_s0,P7,READ,10000,experiment_v1_4/phase_archives/P7/v1_4_p7_return_1790455082926962917.zip::runs/seed0_l0_sae_k16_s0/semantic.json,0,val,h reconstruction,sae,0.9996614340927039
,,,fidelity,76d86f1a83bde7f8f6389684cd2a3913c923e21ccfbe42e40d3255385a9982b1,,,point estimate; empirical LM/sparse ranges reported separately,h,16,"[15.0,16.0,16.0,16.0,16.0,16.0]",0,0,ev,seed0_l0_sae_k16_s0,P7,READ,10000,experiment_v1_4/phase_archives/P7/v1_4_p7_return_1790455082926962917.zip::runs/seed0_l0_sae_k16_s0/semantic.json,0,val,h reconstruction,sae,0.9996637476047885
,,,fidelity,76d86f1a83bde7f8f6389684cd2a3913c923e21ccfbe42e40d3255385a9982b1,,,point estimate; empirical LM/sparse ranges reported separately,h,16,"[15.0,16.0,16.0,16.0,16.0,16.0]",0,0,inactive_fraction,seed0_l0_sae_k16_s0,P7,READ,10000,experiment_v1_4/phase_archives/P7/v1_4_p7_return_1790455082926962917.zip::runs/seed0_l0_sae_k16_s0/semantic.json,0,val,h reconstruction,sae,0.71875
,,,fidelity,76d86f1a83bde7f8f6389684cd2a3913c923e21ccfbe42e40d3255385a9982b1,,,point estimate; empirical LM/sparse ranges reported separately,h,16,"[15.0,16.0,16.0,16.0,16.0,16.0]",0,0,inactive_count,seed0_l0_sae_k16_s0,P7,READ,10000,experiment_v1_4/phase_archives/P7/v1_4_p7_return_1790455082926962917.zip::runs/seed0_l0_sae_k16_s0/semantic.json,0,val,h reconstruction,sae,368
,,,fidelity,76d86f1a83bde7f8f6389684cd2a3913c923e21ccfbe42e40d3255385a9982b1,,,point estimate; empirical LM/sparse ranges reported separately,h,16,"[15.0,16.0,16.0,16.0,16.0,16.0]",0,0,l0_mean,seed0_l0_sae_k16_s0,P7,READ,10000,experiment_v1_4/phase_archives/P7/v1_4_p7_return_1790455082926962917.zip::runs/seed0_l0_sae_k16_s0/semantic.json,0,val,h reconstruction,sae,15.9995
,,,fidelity,76d86f1a83bde7f8f6389684cd2a3913c923e21ccfbe42e40d3255385a9982b1,,,point estimate; empirical LM/sparse ranges reported separately,h,16,"[15.0,16.0,16.0,16.0,16.0,16.0]",0,0,l0_median,seed0_l0_sae_k16_s0,P7,READ,10000,experiment_v1_4/phase_archives/P7/v1_4_p7_return_1790455082926962917.zip::runs/seed0_l0_sae_k16_s0/semantic.json,0,val,h reconstruction,sae,16.0
,,,fidelity,76d86f1a83bde7f8f6389684cd2a3913c923e21ccfbe42e40d3255385a9982b1,,,point estimate; empirical LM/sparse ranges reported separately,h,16,"[15.0,16.0,16.0,16.0,16.0,16.0]",0,0,dead_fraction,seed0_l0_sae_k16_s0,P7,READ,10000,experiment_v1_4/phase_archives/P7/v1_4_p7_return_1790455082926962917.zip::runs/seed0_l0_sae_k16_s0/semantic.json,0,val,h reconstruction,sae,0.603515625
,,,fidelity,76d86f1a83bde7f8f6389684cd2a3913c923e21ccfbe42e40d3255385a9982b1,,,point estimate; empirical LM/sparse ranges reported separately,h,16,"[15.0,16.0,16.0,16.0,16.0,16.0]",0,0,mse,seed0_l0_sae_k16_s0,P7,READ,20000,experiment_v1_4/phase_archives/P7/v1_4_p7_return_1790455082926962917.zip::runs/seed0_l0_sae_k16_s0/semantic.json,0,test,h reconstruction,sae,0.00033512737023175623
,,,fidelity,76d86f1a83bde7f8f6389684cd2a3913c923e21ccfbe42e40d3255385a9982b1,,,point estimate; empirical LM/sparse ranges reported separately,h,16,"[15.0,16.0,16.0,16.0,16.0,16.0]",0,0,nmse,seed0_l0_sae_k16_s0,P7,READ,20000,experiment_v1_4/phase_archives/P7/v1_4_p7_return_1790455082926962917.zip::runs/seed0_l0_sae_k16_s0/semantic.json,0,test,h reconstruction,sae,0.0003350759059287501
,,,fidelity,76d86f1a83bde7f8f6389684cd2a3913c923e21ccfbe42e40d3255385a9982b1,,,point estimate; empirical LM/sparse ranges reported separately,h,16,"[15.0,16.0,16.0,16.0,16.0,16.0]",0,0,r2,seed0_l0_sae_k16_s0,P7,READ,20000,experiment_v1_4/phase_archives/P7/v1_4_p7_return_1790455082926962917.zip::runs/seed0_l0_sae_k16_s0/semantic.json,0,test,h reconstruction,sae,0.9996649164791528
,,,fidelity,76d86f1a83bde7f8f6389684cd2a3913c923e21ccfbe42e40d3255385a9982b1,,,point estimate; empirical LM/sparse ranges reported separately,h,16,"[15.0,16.0,16.0,16.0,16.0,16.0]",0,0,ev,seed0_l0_sae_k16_s0,P7,READ,20000,experiment_v1_4/phase_archives/P7/v1_4_p7_return_1790455082926962917.zip::runs/seed0_l0_sae_k16_s0/semantic.json,0,test,h reconstruction,sae,0.9996673593524456
,,,fidelity,76d86f1a83bde7f8f6389684cd2a3913c923e21ccfbe42e40d3255385a9982b1,,,point estimate; empirical LM/sparse ranges reported separately,h,16,"[15.0,16.0,16.0,16.0,16.0,16.0]",0,0,inactive_fraction,seed0_l0_sae_k16_s0,P7,READ,20000,experiment_v1_4/phase_archives/P7/v1_4_p7_return_1790455082926962917.zip::runs/seed0_l0_sae_k16_s0/semantic.json,0,test,h reconstruction,sae,0.69921875
,,,fidelity,76d86f1a83bde7f8f6389684cd2a3913c923e21ccfbe42e40d3255385a9982b1,,,point estimate; empirical LM/sparse ranges reported separately,h,16,"[15.0,16.0,16.0,16.0,16.0,16.0]",0,0,inactive_count,seed0_l0_sae_k16_s0,P7,READ,20000,experiment_v1_4/phase_archives/P7/v1_4_p7_return_1790455082926962917.zip::runs/seed0_l0_sae_k16_s0/semantic.json,0,test,h reconstruction,sae,358
,,,fidelity,76d86f1a83bde7f8f6389684cd2a3913c923e21ccfbe42e40d3255385a9982b1,,,point estimate; empirical LM/sparse ranges reported separately,h,16,"[15.0,16.0,16.0,16.0,16.0,16.0]",0,0,l0_mean,seed0_l0_sae_k16_s0,P7,READ,20000,experiment_v1_4/phase_archives/P7/v1_4_p7_return_1790455082926962917.zip::runs/seed0_l0_sae_k16_s0/semantic.json,0,test,h reconstruction,sae,15.9998
,,,fidelity,76d86f1a83bde7f8f6389684cd2a3913c923e21ccfbe42e40d3255385a9982b1,,,point estimate; empirical LM/sparse ranges reported separately,h,16,"[15.0,16.0,16.0,16.0,16.0,16.0]",0,0,l0_median,seed0_l0_sae_k16_s0,P7,READ,20000,experiment_v1_4/phase_archives/P7/v1_4_p7_return_1790455082926962917.zip::runs/seed0_l0_sae_k16_s0/semantic.json,0,test,h reconstruction,sae,16.0
,,,fidelity,76d86f1a83bde7f8f6389684cd2a3913c923e21ccfbe42e40d3255385a9982b1,,,point estimate; empirical LM/sparse ranges reported separately,h,16,"[15.0,16.0,16.0,16.0,16.0,16.0]",0,0,dead_fraction,seed0_l0_sae_k16_s0,P7,READ,20000,experiment_v1_4/phase_archives/P7/v1_4_p7_return_1790455082926962917.zip::runs/seed0_l0_sae_k16_s0/semantic.json,0,test,h reconstruction,sae,0.603515625
1000,832381674135157457,1000,replacement,76d86f1a83bde7f8f6389684cd2a3913c923e21ccfbe42e40d3255385a9982b1,0.0006338905889015367,0.00018547181253508182,,h,16,,0,0,original_ce,seed0_l0_sae_k16_s0,P7,READ,2048,experiment_v1_4/phase_archives/P7/v1_4_p7_return_1790455082926962917.zip::runs/seed0_l0_sae_k16_s0/summary.json,0,behavior_test,h reconstruction,sae,0.00037435924538775645
1000,832381674135157457,1000,replacement,76d86f1a83bde7f8f6389684cd2a3913c923e21ccfbe42e40d3255385a9982b1,0.000639242637606352,0.0001861291558755418,,h,16,,0,0,patched_ce,seed0_l0_sae_k16_s0,P7,READ,2048,experiment_v1_4/phase_archives/P7/v1_4_p7_return_1790455082926962917.zip::runs/seed0_l0_sae_k16_s0/summary.json,0,behavior_test,h reconstruction,sae,0.0003773492343008833
1000,832381674135157457,1000,replacement,76d86f1a83bde7f8f6389684cd2a3913c923e21ccfbe42e40d3255385a9982b1,9.215234198800546e-06,-7.930733868399819e-07,,h,16,,0,0,delta_ce,seed0_l0_sae_k16_s0,P7,READ,2048,experiment_v1_4/phase_archives/P7/v1_4_p7_return_1790455082926962917.zip::runs/seed0_l0_sae_k16_s0/summary.json,0,behavior_test,h reconstruction,sae,2.989988913126851e-06
1000,832381674135157457,1000,replacement,76d86f1a83bde7f8f6389684cd2a3913c923e21ccfbe42e40d3255385a9982b1,1.0,1.0,,h,16,,0,0,original_accuracy,seed0_l0_sae_k16_s0,P7,READ,2048,experiment_v1_4/phase_archives/P7/v1_4_p7_return_1790455082926962917.zip::runs/seed0_l0_sae_k16_s0/summary.json,0,behavior_test,h reconstruction,sae,1.0
1000,832381674135157457,1000,replacement,76d86f1a83bde7f8f6389684cd2a3913c923e21ccfbe42e40d3255385a9982b1,1.0,1.0,,h,16,,0,0,patched_accuracy,seed0_l0_sae_k16_s0,P7,READ,2048,experiment_v1_4/phase_archives/P7/v1_4_p7_return_1790455082926962917.zip::runs/seed0_l0_sae_k16_s0/summary.json,0,behavior_test,h reconstruction,sae,1.0
1000,832381674135157457,1000,replacement,76d86f1a83bde7f8f6389684cd2a3913c923e21ccfbe42e40d3255385a9982b1,0.0,0.0,,h,16,,0,0,delta_accuracy,seed0_l0_sae_k16_s0,P7,READ,2048,experiment_v1_4/phase_archives/P7/v1_4_p7_return_1790455082926962917.zip::runs/seed0_l0_sae_k16_s0/summary.json,0,behavior_test,h reconstruction,sae,0.0
,,,fidelity,76d86f1a83bde7f8f6389684cd2a3913c923e21ccfbe42e40d3255385a9982b1,,,point estimate; empirical LM/sparse ranges reported separately,h,4,"[4.0,4.0,4.0,4.0,4.0,4.0]",3,0,mse,seed0_l3_sae_k4_s0,P7,READ,50000,experiment_v1_4/phase_archives/P7/v1_4_p7_return_1790455082926962917.zip::runs/seed0_l3_sae_k4_s0/semantic.json,0,train,h reconstruction,sae,0.03989502794300753
,,,fidelity,76d86f1a83bde7f8f6389684cd2a3913c923e21ccfbe42e40d3255385a9982b1,,,point estimate; empirical LM/sparse ranges reported separately,h,4,"[4.0,4.0,4.0,4.0,4.0,4.0]",3,0,nmse,seed0_l3_sae_k4_s0,P7,READ,50000,experiment_v1_4/phase_archives/P7/v1_4_p7_return_1790455082926962917.zip::runs/seed0_l3_sae_k4_s0/semantic.json,0,train,h reconstruction,sae,0.039895025861890046
,,,fidelity,76d86f1a83bde7f8f6389684cd2a3913c923e21ccfbe42e40d3255385a9982b1,,,point estimate; empirical LM/sparse ranges reported separately,h,4,"[4.0,4.0,4.0,4.0,4.0,4.0]",3,0,r2,seed0_l3_sae_k4_s0,P7,READ,50000,experiment_v1_4/phase_archives/P7/v1_4_p7_return_1790455082926962917.zip::runs/seed0_l3_sae_k4_s0/semantic.json,0,train,h reconstruction,sae,0.9601049741381099
,,,fidelity,76d86f1a83bde7f8f6389684cd2a3913c923e21ccfbe42e40d3255385a9982b1,,,point estimate; empirical LM/sparse ranges reported separately,h,4,"[4.0,4.0,4.0,4.0,4.0,4.0]",3,0,ev,seed0_l3_sae_k4_s0,P7,READ,50000,experiment_v1_4/phase_archives/P7/v1_4_p7_return_1790455082926962917.zip::runs/seed0_l3_sae_k4_s0/semantic.json,0,train,h reconstruction,sae,0.9601245063487469
,,,fidelity,76d86f1a83bde7f8f6389684cd2a3913c923e21ccfbe42e40d3255385a9982b1,,,point estimate; empirical LM/sparse ranges reported separately,h,4,"[4.0,4.0,4.0,4.0,4.0,4.0]",3,0,inactive_fraction,seed0_l3_sae_k4_s0,P7,READ,50000,experiment_v1_4/phase_archives/P7/v1_4_p7_return_1790455082926962917.zip::runs/seed0_l3_sae_k4_s0/semantic.json,0,train,h reconstruction,sae,0.759765625
,,,fidelity,76d86f1a83bde7f8f6389684cd2a3913c923e21ccfbe42e40d3255385a9982b1,,,point estimate; empirical LM/sparse ranges reported separately,h,4,"[4.0,4.0,4.0,4.0,4.0,4.0]",3,0,inactive_count,seed0_l3_sae_k4_s0,P7,READ,50000,experiment_v1_4/phase_archives/P7/v1_4_p7_return_1790455082926962917.zip::runs/seed0_l3_sae_k4_s0/semantic.json,0,train,h reconstruction,sae,389
,,,fidelity,76d86f1a83bde7f8f6389684cd2a3913c923e21ccfbe42e40d3255385a9982b1,,,point estimate; empirical LM/sparse ranges reported separately,h,4,"[4.0,4.0,4.0,4.0,4.0,4.0]",3,0,l0_mean,seed0_l3_sae_k4_s0,P7,READ,50000,experiment_v1_4/phase_archives/P7/v1_4_p7_return_1790455082926962917.zip::runs/seed0_l3_sae_k4_s0/semantic.json,0,train,h reconstruction,sae,4.0
,,,fidelity,76d86f1a83bde7f8f6389684cd2a3913c923e21ccfbe42e40d3255385a9982b1,,,point estimate; empirical LM/sparse ranges reported separately,h,4,"[4.0,4.0,4.0,4.0,4.0,4.0]",3,0,l0_median,seed0_l3_sae_k4_s0,P7,READ,50000,experiment_v1_4/phase_archives/P7/v1_4_p7_return_1790455082926962917.zip::runs/seed0_l3_sae_k4_s0/semantic.json,0,train,h reconstruction,sae,4.0
,,,fidelity,76d86f1a83bde7f8f6389684cd2a3913c923e21ccfbe42e40d3255385a9982b1,,,point estimate; empirical LM/sparse ranges reported separately,h,4,"[4.0,4.0,4.0,4.0,4.0,4.0]",3,0,dead_fraction,seed0_l3_sae_k4_s0,P7,READ,50000,experiment_v1_4/phase_archives/P7/v1_4_p7_return_1790455082926962917.zip::runs/seed0_l3_sae_k4_s0/semantic.json,0,train,h reconstruction,sae,0.759765625
,,,fidelity,76d86f1a83bde7f8f6389684cd2a3913c923e21ccfbe42e40d3255385a9982b1,,,point estimate; empirical LM/sparse ranges reported separately,h,4,"[4.0,4.0,4.0,4.0,4.0,4.0]",3,0,mse,seed0_l3_sae_k4_s0,P7,READ,10000,experiment_v1_4/phase_archives/P7/v1_4_p7_return_1790455082926962917.zip::runs/seed0_l3_sae_k4_s0/semantic.json,0,val,h reconstruction,sae,0.040717172115739865
,,,fidelity,76d86f1a83bde7f8f6389684cd2a3913c923e21ccfbe42e40d3255385a9982b1,,,point estimate; empirical LM/sparse ranges reported separately,h,4,"[4.0,4.0,4.0,4.0,4.0,4.0]",3,0,nmse,seed0_l3_sae_k4_s0,P7,READ,10000,experiment_v1_4/phase_archives/P7/v1_4_p7_return_1790455082926962917.zip::runs/seed0_l3_sae_k4_s0/semantic.json,0,val,h reconstruction,sae,0.04078725769108748
,,,fidelity,76d86f1a83bde7f8f6389684cd2a3913c923e21ccfbe42e40d3255385a9982b1,,,point estimate; empirical LM/sparse ranges reported separately,h,4,"[4.0,4.0,4.0,4.0,4.0,4.0]",3,0,r2,seed0_l3_sae_k4_s0,P7,READ,10000,experiment_v1_4/phase_archives/P7/v1_4_p7_return_1790455082926962917.zip::runs/seed0_l3_sae_k4_s0/semantic.json,0,val,h reconstruction,sae,0.9592053963451329
,,,fidelity,76d86f1a83bde7f8f6389684cd2a3913c923e21ccfbe42e40d3255385a9982b1,,,point estimate; empirical LM/sparse ranges reported separately,h,4,"[4.0,4.0,4.0,4.0,4.0,4.0]",3,0,ev,seed0_l3_sae_k4_s0,P7,READ,10000,experiment_v1_4/phase_archives/P7/v1_4_p7_return_1790455082926962917.zip::runs/seed0_l3_sae_k4_s0/semantic.json,0,val,h reconstruction,sae,0.9592398561966186
,,,fidelity,76d86f1a83bde7f8f6389684cd2a3913c923e21ccfbe42e40d3255385a9982b1,,,point estimate; empirical LM/sparse ranges reported separately,h,4,"[4.0,4.0,4.0,4.0,4.0,4.0]",3,0,inactive_fraction,seed0_l3_sae_k4_s0,P7,READ,10000,experiment_v1_4/phase_archives/P7/v1_4_p7_return_1790455082926962917.zip::runs/seed0_l3_sae_k4_s0/semantic.json,0,val,h reconstruction,sae,0.78515625
,,,fidelity,76d86f1a83bde7f8f6389684cd2a3913c923e21ccfbe42e40d3255385a9982b1,,,point estimate; empirical LM/sparse ranges reported separately,h,4,"[4.0,4.0,4.0,4.0,4.0,4.0]",3,0,inactive_count,seed0_l3_sae_k4_s0,P7,READ,10000,experiment_v1_4/phase_archives/P7/v1_4_p7_return_1790455082926962917.zip::runs/seed0_l3_sae_k4_s0/semantic.json,0,val,h reconstruction,sae,402
,,,fidelity,76d86f1a83bde7f8f6389684cd2a3913c923e21ccfbe42e40d3255385a9982b1,,,point estimate; empirical LM/sparse ranges reported separately,h,4,"[4.0,4.0,4.0,4.0,4.0,4.0]",3,0,l0_mean,seed0_l3_sae_k4_s0,P7,READ,10000,experiment_v1_4/phase_archives/P7/v1_4_p7_return_1790455082926962917.zip::runs/seed0_l3_sae_k4_s0/semantic.json,0,val,h reconstruction,sae,4.0
,,,fidelity,76d86f1a83bde7f8f6389684cd2a3913c923e21ccfbe42e40d3255385a9982b1,,,point estimate; empirical LM/sparse ranges reported separately,h,4,"[4.0,4.0,4.0,4.0,4.0,4.0]",3,0,l0_median,seed0_l3_sae_k4_s0,P7,READ,10000,experiment_v1_4/phase_archives/P7/v1_4_p7_return_1790455082926962917.zip::runs/seed0_l3_sae_k4_s0/semantic.json,0,val,h reconstruction,sae,4.0
,,,fidelity,76d86f1a83bde7f8f6389684cd2a3913c923e21ccfbe42e40d3255385a9982b1,,,point estimate; empirical LM/sparse ranges reported separately,h,4,"[4.0,4.0,4.0,4.0,4.0,4.0]",3,0,dead_fraction,seed0_l3_sae_k4_s0,P7,READ,10000,experiment_v1_4/phase_archives/P7/v1_4_p7_return_1790455082926962917.zip::runs/seed0_l3_sae_k4_s0/semantic.json,0,val,h reconstruction,sae,0.759765625
,,,fidelity,76d86f1a83bde7f8f6389684cd2a3913c923e21ccfbe42e40d3255385a9982b1,,,point estimate; empirical LM/sparse ranges reported separately,h,4,"[4.0,4.0,4.0,4.0,4.0,4.0]",3,0,mse,seed0_l3_sae_k4_s0,P7,READ,20000,experiment_v1_4/phase_archives/P7/v1_4_p7_return_1790455082926962917.zip::runs/seed0_l3_sae_k4_s0/semantic.json,0,test,h reconstruction,sae,0.04038326759579453
,,,fidelity,76d86f1a83bde7f8f6389684cd2a3913c923e21ccfbe42e40d3255385a9982b1,,,point estimate; empirical LM/sparse ranges reported separately,h,4,"[4.0,4.0,4.0,4.0,4.0,4.0]",3,0,nmse,seed0_l3_sae_k4_s0,P7,READ,20000,experiment_v1_4/phase_archives/P7/v1_4_p7_return_1790455082926962917.zip::runs/seed0_l3_sae_k4_s0/semantic.json,0,test,h reconstruction,sae,0.04027274005348735
,,,fidelity,76d86f1a83bde7f8f6389684cd2a3913c923e21ccfbe42e40d3255385a9982b1,,,point estimate; empirical LM/sparse ranges reported separately,h,4,"[4.0,4.0,4.0,4.0,4.0,4.0]",3,0,r2,seed0_l3_sae_k4_s0,P7,READ,20000,experiment_v1_4/phase_archives/P7/v1_4_p7_return_1790455082926962917.zip::runs/seed0_l3_sae_k4_s0/semantic.json,0,test,h reconstruction,sae,0.9597255895202492
,,,fidelity,76d86f1a83bde7f8f6389684cd2a3913c923e21ccfbe42e40d3255385a9982b1,,,point estimate; empirical LM/sparse ranges reported separately,h,4,"[4.0,4.0,4.0,4.0,4.0,4.0]",3,0,ev,seed0_l3_sae_k4_s0,P7,READ,20000,experiment_v1_4/phase_archives/P7/v1_4_p7_return_1790455082926962917.zip::runs/seed0_l3_sae_k4_s0/semantic.json,0,test,h reconstruction,sae,0.9597483217782219
,,,fidelity,76d86f1a83bde7f8f6389684cd2a3913c923e21ccfbe42e40d3255385a9982b1,,,point estimate; empirical LM/sparse ranges reported separately,h,4,"[4.0,4.0,4.0,4.0,4.0,4.0]",3,0,inactive_fraction,seed0_l3_sae_k4_s0,P7,READ,20000,experiment_v1_4/phase_archives/P7/v1_4_p7_return_1790455082926962917.zip::runs/seed0_l3_sae_k4_s0/semantic.json,0,test,h reconstruction,sae,0.775390625
,,,fidelity,76d86f1a83bde7f8f6389684cd2a3913c923e21ccfbe42e40d3255385a9982b1,,,point estimate; empirical LM/sparse ranges reported separately,h,4,"[4.0,4.0,4.0,4.0,4.0,4.0]",3,0,inactive_count,seed0_l3_sae_k4_s0,P7,READ,20000,experiment_v1_4/phase_archives/P7/v1_4_p7_return_1790455082926962917.zip::runs/seed0_l3_sae_k4_s0/semantic.json,0,test,h reconstruction,sae,397
,,,fidelity,76d86f1a83bde7f8f6389684cd2a3913c923e21ccfbe42e40d3255385a9982b1,,,point estimate; empirical LM/sparse ranges reported separately,h,4,"[4.0,4.0,4.0,4.0,4.0,4.0]",3,0,l0_mean,seed0_l3_sae_k4_s0,P7,READ,20000,experiment_v1_4/phase_archives/P7/v1_4_p7_return_1790455082926962917.zip::runs/seed0_l3_sae_k4_s0/semantic.json,0,test,h reconstruction,sae,4.0
,,,fidelity,76d86f1a83bde7f8f6389684cd2a3913c923e21ccfbe42e40d3255385a9982b1,,,point estimate; empirical LM/sparse ranges reported separately,h,4,"[4.0,4.0,4.0,4.0,4.0,4.0]",3,0,l0_median,seed0_l3_sae_k4_s0,P7,READ,20000,experiment_v1_4/phase_archives/P7/v1_4_p7_return_1790455082926962917.zip::runs/seed0_l3_sae_k4_s0/semantic.json,0,test,h reconstruction,sae,4.0
,,,fidelity,76d86f1a83bde7f8f6389684cd2a3913c923e21ccfbe42e40d3255385a9982b1,,,point estimate; empirical LM/sparse ranges reported separately,h,4,"[4.0,4.0,4.0,4.0,4.0,4.0]",3,0,dead_fraction,seed0_l3_sae_k4_s0,P7,READ,20000,experiment_v1_4/phase_archives/P7/v1_4_p7_return_1790455082926962917.zip::runs/seed0_l3_sae_k4_s0/semantic.json,0,test,h reconstruction,sae,0.759765625
1000,5435042006293951100,1000,replacement,76d86f1a83bde7f8f6389684cd2a3913c923e21ccfbe42e40d3255385a9982b1,0.0006333532604280989,0.0001638405110172936,,h,4,,3,0,original_ce,seed0_l3_sae_k4_s0,P7,READ,2048,experiment_v1_4/phase_archives/P7/v1_4_p7_return_1790455082926962917.zip::runs/seed0_l3_sae_k4_s0/summary.json,0,behavior_test,h reconstruction,sae,0.00037435924538775645
1000,5435042006293951100,1000,replacement,76d86f1a83bde7f8f6389684cd2a3913c923e21ccfbe42e40d3255385a9982b1,0.002386603756006055,0.00021767390170184252,,h,4,,3,0,patched_ce,seed0_l3_sae_k4_s0,P7,READ,2048,experiment_v1_4/phase_archives/P7/v1_4_p7_return_1790455082926962917.zip::runs/seed0_l3_sae_k4_s0/summary.json,0,behavior_test,h reconstruction,sae,0.0010128689802508806
1000,5435042006293951100,1000,replacement,76d86f1a83bde7f8f6389684cd2a3913c923e21ccfbe42e40d3255385a9982b1,0.001923576616060418,-9.891133215572667e-05,,h,4,,3,0,delta_ce,seed0_l3_sae_k4_s0,P7,READ,2048,experiment_v1_4/phase_archives/P7/v1_4_p7_return_1790455082926962917.zip::runs/seed0_l3_sae_k4_s0/summary.json,0,behavior_test,h reconstruction,sae,0.0006385097402279438
1000,5435042006293951100,1000,replacement,76d86f1a83bde7f8f6389684cd2a3913c923e21ccfbe42e40d3255385a9982b1,1.0,1.0,,h,4,,3,0,original_accuracy,seed0_l3_sae_k4_s0,P7,READ,2048,experiment_v1_4/phase_archives/P7/v1_4_p7_return_1790455082926962917.zip::runs/seed0_l3_sae_k4_s0/summary.json,0,behavior_test,h reconstruction,sae,1.0
1000,5435042006293951100,1000,replacement,76d86f1a83bde7f8f6389684cd2a3913c923e21ccfbe42e40d3255385a9982b1,1.0,0.99853515625,,h,4,,3,0,patched_accuracy,seed0_l3_sae_k4_s0,P7,READ,2048,experiment_v1_4/phase_archives/P7/v1_4_p7_return_1790455082926962917.zip::runs/seed0_l3_sae_k4_s0/summary.json,0,behavior_test,h reconstruction,sae,0.99951171875
1000,5435042006293951100,1000,replacement,76d86f1a83bde7f8f6389684cd2a3913c923e21ccfbe42e40d3255385a9982b1,0.0,-0.00146484375,,h,4,,3,0,delta_accuracy,seed0_l3_sae_k4_s0,P7,READ,2048,experiment_v1_4/phase_archives/P7/v1_4_p7_return_1790455082926962917.zip::runs/seed0_l3_sae_k4_s0/summary.json,0,behavior_test,h reconstruction,sae,-0.00048828125
,,,fidelity,76d86f1a83bde7f8f6389684cd2a3913c923e21ccfbe42e40d3255385a9982b1,,,point estimate; empirical LM/sparse ranges reported separately,h,16,"[16.0,16.0,16.0,16.0,16.0,16.0]",3,0,mse,seed0_l3_sae_k16_s0,P7,READ,50000,experiment_v1_4/phase_archives/P7/v1_4_p7_return_1790455082926962917.zip::runs/seed0_l3_sae_k16_s0/semantic.json,0,train,h reconstruction,sae,0.004910076870837383
,,,fidelity,76d86f1a83bde7f8f6389684cd2a3913c923e21ccfbe42e40d3255385a9982b1,,,point estimate; empirical LM/sparse ranges reported separately,h,16,"[16.0,16.0,16.0,16.0,16.0,16.0]",3,0,nmse,seed0_l3_sae_k16_s0,P7,READ,50000,experiment_v1_4/phase_archives/P7/v1_4_p7_return_1790455082926962917.zip::runs/seed0_l3_sae_k16_s0/semantic.json,0,train,h reconstruction,sae,0.004910076614704041
,,,fidelity,76d86f1a83bde7f8f6389684cd2a3913c923e21ccfbe42e40d3255385a9982b1,,,point estimate; empirical LM/sparse ranges reported separately,h,16,"[16.0,16.0,16.0,16.0,16.0,16.0]",3,0,r2,seed0_l3_sae_k16_s0,P7,READ,50000,experiment_v1_4/phase_archives/P7/v1_4_p7_return_1790455082926962917.zip::runs/seed0_l3_sae_k16_s0/semantic.json,0,train,h reconstruction,sae,0.995089923385296
,,,fidelity,76d86f1a83bde7f8f6389684cd2a3913c923e21ccfbe42e40d3255385a9982b1,,,point estimate; empirical LM/sparse ranges reported separately,h,16,"[16.0,16.0,16.0,16.0,16.0,16.0]",3,0,ev,seed0_l3_sae_k16_s0,P7,READ,50000,experiment_v1_4/phase_archives/P7/v1_4_p7_return_1790455082926962917.zip::runs/seed0_l3_sae_k16_s0/semantic.json,0,train,h reconstruction,sae,0.995107231364025
,,,fidelity,76d86f1a83bde7f8f6389684cd2a3913c923e21ccfbe42e40d3255385a9982b1,,,point estimate; empirical LM/sparse ranges reported separately,h,16,"[16.0,16.0,16.0,16.0,16.0,16.0]",3,0,inactive_fraction,seed0_l3_sae_k16_s0,P7,READ,50000,experiment_v1_4/phase_archives/P7/v1_4_p7_return_1790455082926962917.zip::runs/seed0_l3_sae_k16_s0/semantic.json,0,train,h reconstruction,sae,0.6015625
,,,fidelity,76d86f1a83bde7f8f6389684cd2a3913c923e21ccfbe42e40d3255385a9982b1,,,point estimate; empirical LM/sparse ranges reported separately,h,16,"[16.0,16.0,16.0,16.0,16.0,16.0]",3,0,inactive_count,seed0_l3_sae_k16_s0,P7,READ,50000,experiment_v1_4/phase_archives/P7/v1_4_p7_return_1790455082926962917.zip::runs/seed0_l3_sae_k16_s0/semantic.json,0,train,h reconstruction,sae,308
,,,fidelity,76d86f1a83bde7f8f6389684cd2a3913c923e21ccfbe42e40d3255385a9982b1,,,point estimate; empirical LM/sparse ranges reported separately,h,16,"[16.0,16.0,16.0,16.0,16.0,16.0]",3,0,l0_mean,seed0_l3_sae_k16_s0,P7,READ,50000,experiment_v1_4/phase_archives/P7/v1_4_p7_return_1790455082926962917.zip::runs/seed0_l3_sae_k16_s0/semantic.json,0,train,h reconstruction,sae,16.0
,,,fidelity,76d86f1a83bde7f8f6389684cd2a3913c923e21ccfbe42e40d3255385a9982b1,,,point estimate; empirical LM/sparse ranges reported separately,h,16,"[16.0,16.0,16.0,16.0,16.0,16.0]",3,0,l0_median,seed0_l3_sae_k16_s0,P7,READ,50000,experiment_v1_4/phase_archives/P7/v1_4_p7_return_1790455082926962917.zip::runs/seed0_l3_sae_k16_s0/semantic.json,0,train,h reconstruction,sae,16.0
,,,fidelity,76d86f1a83bde7f8f6389684cd2a3913c923e21ccfbe42e40d3255385a9982b1,,,point estimate; empirical LM/sparse ranges reported separately,h,16,"[16.0,16.0,16.0,16.0,16.0,16.0]",3,0,dead_fraction,seed0_l3_sae_k16_s0,P7,READ,50000,experiment_v1_4/phase_archives/P7/v1_4_p7_return_1790455082926962917.zip::runs/seed0_l3_sae_k16_s0/semantic.json,0,train,h reconstruction,sae,0.6015625
,,,fidelity,76d86f1a83bde7f8f6389684cd2a3913c923e21ccfbe42e40d3255385a9982b1,,,point estimate; empirical LM/sparse ranges reported separately,h,16,"[16.0,16.0,16.0,16.0,16.0,16.0]",3,0,mse,seed0_l3_sae_k16_s0,P7,READ,10000,experiment_v1_4/phase_archives/P7/v1_4_p7_return_1790455082926962917.zip::runs/seed0_l3_sae_k16_s0/semantic.json,0,val,h reconstruction,sae,0.005038858639848268
,,,fidelity,76d86f1a83bde7f8f6389684cd2a3913c923e21ccfbe42e40d3255385a9982b1,,,point estimate; empirical LM/sparse ranges reported separately,h,16,"[16.0,16.0,16.0,16.0,16.0,16.0]",3,0,nmse,seed0_l3_sae_k16_s0,P7,READ,10000,experiment_v1_4/phase_archives/P7/v1_4_p7_return_1790455082926962917.zip::runs/seed0_l3_sae_k16_s0/semantic.json,0,val,h reconstruction,sae,0.005047531916712025
,,,fidelity,76d86f1a83bde7f8f6389684cd2a3913c923e21ccfbe42e40d3255385a9982b1,,,point estimate; empirical LM/sparse ranges reported separately,h,16,"[16.0,16.0,16.0,16.0,16.0,16.0]",3,0,r2,seed0_l3_sae_k16_s0,P7,READ,10000,experiment_v1_4/phase_archives/P7/v1_4_p7_return_1790455082926962917.zip::runs/seed0_l3_sae_k16_s0/semantic.json,0,val,h reconstruction,sae,0.994951559000679
,,,fidelity,76d86f1a83bde7f8f6389684cd2a3913c923e21ccfbe42e40d3255385a9982b1,,,point estimate; empirical LM/sparse ranges reported separately,h,16,"[16.0,16.0,16.0,16.0,16.0,16.0]",3,0,ev,seed0_l3_sae_k16_s0,P7,READ,10000,experiment_v1_4/phase_archives/P7/v1_4_p7_return_1790455082926962917.zip::runs/seed0_l3_sae_k16_s0/semantic.json,0,val,h reconstruction,sae,0.9949685261896873
,,,fidelity,76d86f1a83bde7f8f6389684cd2a3913c923e21ccfbe42e40d3255385a9982b1,,,point estimate; empirical LM/sparse ranges reported separately,h,16,"[16.0,16.0,16.0,16.0,16.0,16.0]",3,0,inactive_fraction,seed0_l3_sae_k16_s0,P7,READ,10000,experiment_v1_4/phase_archives/P7/v1_4_p7_return_1790455082926962917.zip::runs/seed0_l3_sae_k16_s0/semantic.json,0,val,h reconstruction,sae,0.642578125
,,,fidelity,76d86f1a83bde7f8f6389684cd2a3913c923e21ccfbe42e40d3255385a9982b1,,,point estimate; empirical LM/sparse ranges reported separately,h,16,"[16.0,16.0,16.0,16.0,16.0,16.0]",3,0,inactive_count,seed0_l3_sae_k16_s0,P7,READ,10000,experiment_v1_4/phase_archives/P7/v1_4_p7_return_1790455082926962917.zip::runs/seed0_l3_sae_k16_s0/semantic.json,0,val,h reconstruction,sae,329
,,,fidelity,76d86f1a83bde7f8f6389684cd2a3913c923e21ccfbe42e40d3255385a9982b1,,,point estimate; empirical LM/sparse ranges reported separately,h,16,"[16.0,16.0,16.0,16.0,16.0,16.0]",3,0,l0_mean,seed0_l3_sae_k16_s0,P7,READ,10000,experiment_v1_4/phase_archives/P7/v1_4_p7_return_1790455082926962917.zip::runs/seed0_l3_sae_k16_s0/semantic.json,0,val,h reconstruction,sae,16.0
,,,fidelity,76d86f1a83bde7f8f6389684cd2a3913c923e21ccfbe42e40d3255385a9982b1,,,point estimate; empirical LM/sparse ranges reported separately,h,16,"[16.0,16.0,16.0,16.0,16.0,16.0]",3,0,l0_median,seed0_l3_sae_k16_s0,P7,READ,10000,experiment_v1_4/phase_archives/P7/v1_4_p7_return_1790455082926962917.zip::runs/seed0_l3_sae_k16_s0/semantic.json,0,val,h reconstruction,sae,16.0
,,,fidelity,76d86f1a83bde7f8f6389684cd2a3913c923e21ccfbe42e40d3255385a9982b1,,,point estimate; empirical LM/sparse ranges reported separately,h,16,"[16.0,16.0,16.0,16.0,16.0,16.0]",3,0,dead_fraction,seed0_l3_sae_k16_s0,P7,READ,10000,experiment_v1_4/phase_archives/P7/v1_4_p7_return_1790455082926962917.zip::runs/seed0_l3_sae_k16_s0/semantic.json,0,val,h reconstruction,sae,0.6015625
,,,fidelity,76d86f1a83bde7f8f6389684cd2a3913c923e21ccfbe42e40d3255385a9982b1,,,point estimate; empirical LM/sparse ranges reported separately,h,16,"[15.0,16.0,16.0,16.0,16.0,16.0]",3,0,mse,seed0_l3_sae_k16_s0,P7,READ,20000,experiment_v1_4/phase_archives/P7/v1_4_p7_return_1790455082926962917.zip::runs/seed0_l3_sae_k16_s0/semantic.json,0,test,h reconstruction,sae,0.004983665850735539
,,,fidelity,76d86f1a83bde7f8f6389684cd2a3913c923e21ccfbe42e40d3255385a9982b1,,,point estimate; empirical LM/sparse ranges reported separately,h,16,"[15.0,16.0,16.0,16.0,16.0,16.0]",3,0,nmse,seed0_l3_sae_k16_s0,P7,READ,20000,experiment_v1_4/phase_archives/P7/v1_4_p7_return_1790455082926962917.zip::runs/seed0_l3_sae_k16_s0/semantic.json,0,test,h reconstruction,sae,0.004970025737615535
,,,fidelity,76d86f1a83bde7f8f6389684cd2a3913c923e21ccfbe42e40d3255385a9982b1,,,point estimate; empirical LM/sparse ranges reported separately,h,16,"[15.0,16.0,16.0,16.0,16.0,16.0]",3,0,r2,seed0_l3_sae_k16_s0,P7,READ,20000,experiment_v1_4/phase_archives/P7/v1_4_p7_return_1790455082926962917.zip::runs/seed0_l3_sae_k16_s0/semantic.json,0,test,h reconstruction,sae,0.9950297681164527
,,,fidelity,76d86f1a83bde7f8f6389684cd2a3913c923e21ccfbe42e40d3255385a9982b1,,,point estimate; empirical LM/sparse ranges reported separately,h,16,"[15.0,16.0,16.0,16.0,16.0,16.0]",3,0,ev,seed0_l3_sae_k16_s0,P7,READ,20000,experiment_v1_4/phase_archives/P7/v1_4_p7_return_1790455082926962917.zip::runs/seed0_l3_sae_k16_s0/semantic.json,0,test,h reconstruction,sae,0.9950480409310157
,,,fidelity,76d86f1a83bde7f8f6389684cd2a3913c923e21ccfbe42e40d3255385a9982b1,,,point estimate; empirical LM/sparse ranges reported separately,h,16,"[15.0,16.0,16.0,16.0,16.0,16.0]",3,0,inactive_fraction,seed0_l3_sae_k16_s0,P7,READ,20000,experiment_v1_4/phase_archives/P7/v1_4_p7_return_1790455082926962917.zip::runs/seed0_l3_sae_k16_s0/semantic.json,0,test,h reconstruction,sae,0.62109375
,,,fidelity,76d86f1a83bde7f8f6389684cd2a3913c923e21ccfbe42e40d3255385a9982b1,,,point estimate; empirical LM/sparse ranges reported separately,h,16,"[15.0,16.0,16.0,16.0,16.0,16.0]",3,0,inactive_count,seed0_l3_sae_k16_s0,P7,READ,20000,experiment_v1_4/phase_archives/P7/v1_4_p7_return_1790455082926962917.zip::runs/seed0_l3_sae_k16_s0/semantic.json,0,test,h reconstruction,sae,318
,,,fidelity,76d86f1a83bde7f8f6389684cd2a3913c923e21ccfbe42e40d3255385a9982b1,,,point estimate; empirical LM/sparse ranges reported separately,h,16,"[15.0,16.0,16.0,16.0,16.0,16.0]",3,0,l0_mean,seed0_l3_sae_k16_s0,P7,READ,20000,experiment_v1_4/phase_archives/P7/v1_4_p7_return_1790455082926962917.zip::runs/seed0_l3_sae_k16_s0/semantic.json,0,test,h reconstruction,sae,15.99995
,,,fidelity,76d86f1a83bde7f8f6389684cd2a3913c923e21ccfbe42e40d3255385a9982b1,,,point estimate; empirical LM/sparse ranges reported separately,h,16,"[15.0,16.0,16.0,16.0,16.0,16.0]",3,0,l0_median,seed0_l3_sae_k16_s0,P7,READ,20000,experiment_v1_4/phase_archives/P7/v1_4_p7_return_1790455082926962917.zip::runs/seed0_l3_sae_k16_s0/semantic.json,0,test,h reconstruction,sae,16.0
,,,fidelity,76d86f1a83bde7f8f6389684cd2a3913c923e21ccfbe42e40d3255385a9982b1,,,point estimate; empirical LM/sparse ranges reported separately,h,16,"[15.0,16.0,16.0,16.0,16.0,16.0]",3,0,dead_fraction,seed0_l3_sae_k16_s0,P7,READ,20000,experiment_v1_4/phase_archives/P7/v1_4_p7_return_1790455082926962917.zip::runs/seed0_l3_sae_k16_s0/semantic.json,0,test,h reconstruction,sae,0.6015625
1000,832381674135157457,1000,replacement,76d86f1a83bde7f8f6389684cd2a3913c923e21ccfbe42e40d3255385a9982b1,0.0006338905889015367,0.00018547181253508182,,h,16,,3,0,original_ce,seed0_l3_sae_k16_s0,P7,READ,2048,experiment_v1_4/phase_archives/P7/v1_4_p7_return_1790455082926962917.zip::runs/seed0_l3_sae_k16_s0/summary.json,0,behavior_test,h reconstruction,sae,0.00037435924538775645
1000,832381674135157457,1000,replacement,76d86f1a83bde7f8f6389684cd2a3913c923e21ccfbe42e40d3255385a9982b1,0.0007700117535658301,0.0002073481694945478,,h,16,,3,0,patched_ce,seed0_l3_sae_k16_s0,P7,READ,2048,experiment_v1_4/phase_archives/P7/v1_4_p7_return_1790455082926962917.zip::runs/seed0_l3_sae_k16_s0/summary.json,0,behavior_test,h reconstruction,sae,0.0004499167155256334
1000,832381674135157457,1000,replacement,76d86f1a83bde7f8f6389684cd2a3913c923e21ccfbe42e40d3255385a9982b1,0.00019638734421639209,1.120018186601124e-06,,h,16,,3,0,delta_ce,seed0_l3_sae_k16_s0,P7,READ,2048,experiment_v1_4/phase_archives/P7/v1_4_p7_return_1790455082926962917.zip::runs/seed0_l3_sae_k16_s0/summary.json,0,behavior_test,h reconstruction,sae,7.555747195686635e-05
1000,832381674135157457,1000,replacement,76d86f1a83bde7f8f6389684cd2a3913c923e21ccfbe42e40d3255385a9982b1,1.0,1.0,,h,16,,3,0,original_accuracy,seed0_l3_sae_k16_s0,P7,READ,2048,experiment_v1_4/phase_archives/P7/v1_4_p7_return_1790455082926962917.zip::runs/seed0_l3_sae_k16_s0/summary.json,0,behavior_test,h reconstruction,sae,1.0
1000,832381674135157457,1000,replacement,76d86f1a83bde7f8f6389684cd2a3913c923e21ccfbe42e40d3255385a9982b1,1.0,1.0,,h,16,,3,0,patched_accuracy,seed0_l3_sae_k16_s0,P7,READ,2048,experiment_v1_4/phase_archives/P7/v1_4_p7_return_1790455082926962917.zip::runs/seed0_l3_sae_k16_s0/summary.json,0,behavior_test,h reconstruction,sae,1.0
1000,832381674135157457,1000,replacement,76d86f1a83bde7f8f6389684cd2a3913c923e21ccfbe42e40d3255385a9982b1,0.0,0.0,,h,16,,3,0,delta_accuracy,seed0_l3_sae_k16_s0,P7,READ,2048,experiment_v1_4/phase_archives/P7/v1_4_p7_return_1790455082926962917.zip::runs/seed0_l3_sae_k16_s0/summary.json,0,behavior_test,h reconstruction,sae,0.0
,,,fidelity,76d86f1a83bde7f8f6389684cd2a3913c923e21ccfbe42e40d3255385a9982b1,,,point estimate; empirical LM/sparse ranges reported separately,h,4,"[4.0,4.0,4.0,4.0,4.0,4.0]",7,0,mse,seed0_l7_sae_k4_s0,P7,READ,50000,experiment_v1_4/phase_archives/P7/v1_4_p7_return_1790455082926962917.zip::runs/seed0_l7_sae_k4_s0/semantic.json,0,train,h reconstruction,sae,0.035679635805940954
,,,fidelity,76d86f1a83bde7f8f6389684cd2a3913c923e21ccfbe42e40d3255385a9982b1,,,point estimate; empirical LM/sparse ranges reported separately,h,4,"[4.0,4.0,4.0,4.0,4.0,4.0]",7,0,nmse,seed0_l7_sae_k4_s0,P7,READ,50000,experiment_v1_4/phase_archives/P7/v1_4_p7_return_1790455082926962917.zip::runs/seed0_l7_sae_k4_s0/semantic.json,0,train,h reconstruction,sae,0.03567963591241018
,,,fidelity,76d86f1a83bde7f8f6389684cd2a3913c923e21ccfbe42e40d3255385a9982b1,,,point estimate; empirical LM/sparse ranges reported separately,h,4,"[4.0,4.0,4.0,4.0,4.0,4.0]",7,0,r2,seed0_l7_sae_k4_s0,P7,READ,50000,experiment_v1_4/phase_archives/P7/v1_4_p7_return_1790455082926962917.zip::runs/seed0_l7_sae_k4_s0/semantic.json,0,train,h reconstruction,sae,0.9643203640875898
,,,fidelity,76d86f1a83bde7f8f6389684cd2a3913c923e21ccfbe42e40d3255385a9982b1,,,point estimate; empirical LM/sparse ranges reported separately,h,4,"[4.0,4.0,4.0,4.0,4.0,4.0]",7,0,ev,seed0_l7_sae_k4_s0,P7,READ,50000,experiment_v1_4/phase_archives/P7/v1_4_p7_return_1790455082926962917.zip::runs/seed0_l7_sae_k4_s0/semantic.json,0,train,h reconstruction,sae,0.9643559725962205
,,,fidelity,76d86f1a83bde7f8f6389684cd2a3913c923e21ccfbe42e40d3255385a9982b1,,,point estimate; empirical LM/sparse ranges reported separately,h,4,"[4.0,4.0,4.0,4.0,4.0,4.0]",7,0,inactive_fraction,seed0_l7_sae_k4_s0,P7,READ,50000,experiment_v1_4/phase_archives/P7/v1_4_p7_return_1790455082926962917.zip::runs/seed0_l7_sae_k4_s0/semantic.json,0,train,h reconstruction,sae,0.841796875
,,,fidelity,76d86f1a83bde7f8f6389684cd2a3913c923e21ccfbe42e40d3255385a9982b1,,,point estimate; empirical LM/sparse ranges reported separately,h,4,"[4.0,4.0,4.0,4.0,4.0,4.0]",7,0,inactive_count,seed0_l7_sae_k4_s0,P7,READ,50000,experiment_v1_4/phase_archives/P7/v1_4_p7_return_1790455082926962917.zip::runs/seed0_l7_sae_k4_s0/semantic.json,0,train,h reconstruction,sae,431
,,,fidelity,76d86f1a83bde7f8f6389684cd2a3913c923e21ccfbe42e40d3255385a9982b1,,,point estimate; empirical LM/sparse ranges reported separately,h,4,"[4.0,4.0,4.0,4.0,4.0,4.0]",7,0,l0_mean,seed0_l7_sae_k4_s0,P7,READ,50000,experiment_v1_4/phase_archives/P7/v1_4_p7_return_1790455082926962917.zip::runs/seed0_l7_sae_k4_s0/semantic.json,0,train,h reconstruction,sae,4.0
,,,fidelity,76d86f1a83bde7f8f6389684cd2a3913c923e21ccfbe42e40d3255385a9982b1,,,point estimate; empirical LM/sparse ranges reported separately,h,4,"[4.0,4.0,4.0,4.0,4.0,4.0]",7,0,l0_median,seed0_l7_sae_k4_s0,P7,READ,50000,experiment_v1_4/phase_archives/P7/v1_4_p7_return_1790455082926962917.zip::runs/seed0_l7_sae_k4_s0/semantic.json,0,train,h reconstruction,sae,4.0
,,,fidelity,76d86f1a83bde7f8f6389684cd2a3913c923e21ccfbe42e40d3255385a9982b1,,,point estimate; empirical LM/sparse ranges reported separately,h,4,"[4.0,4.0,4.0,4.0,4.0,4.0]",7,0,dead_fraction,seed0_l7_sae_k4_s0,P7,READ,50000,experiment_v1_4/phase_archives/P7/v1_4_p7_return_1790455082926962917.zip::runs/seed0_l7_sae_k4_s0/semantic.json,0,train,h reconstruction,sae,0.841796875
,,,fidelity,76d86f1a83bde7f8f6389684cd2a3913c923e21ccfbe42e40d3255385a9982b1,,,point estimate; empirical LM/sparse ranges reported separately,h,4,"[4.0,4.0,4.0,4.0,4.0,4.0]",7,0,mse,seed0_l7_sae_k4_s0,P7,READ,10000,experiment_v1_4/phase_archives/P7/v1_4_p7_return_1790455082926962917.zip::runs/seed0_l7_sae_k4_s0/semantic.json,0,val,h reconstruction,sae,0.036504303023358435
,,,fidelity,76d86f1a83bde7f8f6389684cd2a3913c923e21ccfbe42e40d3255385a9982b1,,,point estimate; empirical LM/sparse ranges reported separately,h,4,"[4.0,4.0,4.0,4.0,4.0,4.0]",7,0,nmse,seed0_l7_sae_k4_s0,P7,READ,10000,experiment_v1_4/phase_archives/P7/v1_4_p7_return_1790455082926962917.zip::runs/seed0_l7_sae_k4_s0/semantic.json,0,val,h reconstruction,sae,0.03654703486113968
,,,fidelity,76d86f1a83bde7f8f6389684cd2a3913c923e21ccfbe42e40d3255385a9982b1,,,point estimate; empirical LM/sparse ranges reported separately,h,4,"[4.0,4.0,4.0,4.0,4.0,4.0]",7,0,r2,seed0_l7_sae_k4_s0,P7,READ,10000,experiment_v1_4/phase_archives/P7/v1_4_p7_return_1790455082926962917.zip::runs/seed0_l7_sae_k4_s0/semantic.json,0,val,h reconstruction,sae,0.9634440451492667
,,,fidelity,76d86f1a83bde7f8f6389684cd2a3913c923e21ccfbe42e40d3255385a9982b1,,,point estimate; empirical LM/sparse ranges reported separately,h,4,"[4.0,4.0,4.0,4.0,4.0,4.0]",7,0,ev,seed0_l7_sae_k4_s0,P7,READ,10000,experiment_v1_4/phase_archives/P7/v1_4_p7_return_1790455082926962917.zip::runs/seed0_l7_sae_k4_s0/semantic.json,0,val,h reconstruction,sae,0.9634982277536426
,,,fidelity,76d86f1a83bde7f8f6389684cd2a3913c923e21ccfbe42e40d3255385a9982b1,,,point estimate; empirical LM/sparse ranges reported separately,h,4,"[4.0,4.0,4.0,4.0,4.0,4.0]",7,0,inactive_fraction,seed0_l7_sae_k4_s0,P7,READ,10000,experiment_v1_4/phase_archives/P7/v1_4_p7_return_1790455082926962917.zip::runs/seed0_l7_sae_k4_s0/semantic.json,0,val,h reconstruction,sae,0.859375
,,,fidelity,76d86f1a83bde7f8f6389684cd2a3913c923e21ccfbe42e40d3255385a9982b1,,,point estimate; empirical LM/sparse ranges reported separately,h,4,"[4.0,4.0,4.0,4.0,4.0,4.0]",7,0,inactive_count,seed0_l7_sae_k4_s0,P7,READ,10000,experiment_v1_4/phase_archives/P7/v1_4_p7_return_1790455082926962917.zip::runs/seed0_l7_sae_k4_s0/semantic.json,0,val,h reconstruction,sae,440
,,,fidelity,76d86f1a83bde7f8f6389684cd2a3913c923e21ccfbe42e40d3255385a9982b1,,,point estimate; empirical LM/sparse ranges reported separately,h,4,"[4.0,4.0,4.0,4.0,4.0,4.0]",7,0,l0_mean,seed0_l7_sae_k4_s0,P7,READ,10000,experiment_v1_4/phase_archives/P7/v1_4_p7_return_1790455082926962917.zip::runs/seed0_l7_sae_k4_s0/semantic.json,0,val,h reconstruction,sae,4.0
,,,fidelity,76d86f1a83bde7f8f6389684cd2a3913c923e21ccfbe42e40d3255385a9982b1,,,point estimate; empirical LM/sparse ranges reported separately,h,4,"[4.0,4.0,4.0,4.0,4.0,4.0]",7,0,l0_median,seed0_l7_sae_k4_s0,P7,READ,10000,experiment_v1_4/phase_archives/P7/v1_4_p7_return_1790455082926962917.zip::runs/seed0_l7_sae_k4_s0/semantic.json,0,val,h reconstruction,sae,4.0
,,,fidelity,76d86f1a83bde7f8f6389684cd2a3913c923e21ccfbe42e40d3255385a9982b1,,,point estimate; empirical LM/sparse ranges reported separately,h,4,"[4.0,4.0,4.0,4.0,4.0,4.0]",7,0,dead_fraction,seed0_l7_sae_k4_s0,P7,READ,10000,experiment_v1_4/phase_archives/P7/v1_4_p7_return_1790455082926962917.zip::runs/seed0_l7_sae_k4_s0/semantic.json,0,val,h reconstruction,sae,0.841796875
,,,fidelity,76d86f1a83bde7f8f6389684cd2a3913c923e21ccfbe42e40d3255385a9982b1,,,point estimate; empirical LM/sparse ranges reported separately,h,4,"[4.0,4.0,4.0,4.0,4.0,4.0]",7,0,mse,seed0_l7_sae_k4_s0,P7,READ,20000,experiment_v1_4/phase_archives/P7/v1_4_p7_return_1790455082926962917.zip::runs/seed0_l7_sae_k4_s0/semantic.json,0,test,h reconstruction,sae,0.03565790603948666
,,,fidelity,76d86f1a83bde7f8f6389684cd2a3913c923e21ccfbe42e40d3255385a9982b1,,,point estimate; empirical LM/sparse ranges reported separately,h,4,"[4.0,4.0,4.0,4.0,4.0,4.0]",7,0,nmse,seed0_l7_sae_k4_s0,P7,READ,20000,experiment_v1_4/phase_archives/P7/v1_4_p7_return_1790455082926962917.zip::runs/seed0_l7_sae_k4_s0/semantic.json,0,test,h reconstruction,sae,0.035617363148384
,,,fidelity,76d86f1a83bde7f8f6389684cd2a3913c923e21ccfbe42e40d3255385a9982b1,,,point estimate; empirical LM/sparse ranges reported separately,h,4,"[4.0,4.0,4.0,4.0,4.0,4.0]",7,0,r2,seed0_l7_sae_k4_s0,P7,READ,20000,experiment_v1_4/phase_archives/P7/v1_4_p7_return_1790455082926962917.zip::runs/seed0_l7_sae_k4_s0/semantic.json,0,test,h reconstruction,sae,0.9643816270456799
,,,fidelity,76d86f1a83bde7f8f6389684cd2a3913c923e21ccfbe42e40d3255385a9982b1,,,point estimate; empirical LM/sparse ranges reported separately,h,4,"[4.0,4.0,4.0,4.0,4.0,4.0]",7,0,ev,seed0_l7_sae_k4_s0,P7,READ,20000,experiment_v1_4/phase_archives/P7/v1_4_p7_return_1790455082926962917.zip::runs/seed0_l7_sae_k4_s0/semantic.json,0,test,h reconstruction,sae,0.9644207472869905
,,,fidelity,76d86f1a83bde7f8f6389684cd2a3913c923e21ccfbe42e40d3255385a9982b1,,,point estimate; empirical LM/sparse ranges reported separately,h,4,"[4.0,4.0,4.0,4.0,4.0,4.0]",7,0,inactive_fraction,seed0_l7_sae_k4_s0,P7,READ,20000,experiment_v1_4/phase_archives/P7/v1_4_p7_return_1790455082926962917.zip::runs/seed0_l7_sae_k4_s0/semantic.json,0,test,h reconstruction,sae,0.861328125
,,,fidelity,76d86f1a83bde7f8f6389684cd2a3913c923e21ccfbe42e40d3255385a9982b1,,,point estimate; empirical LM/sparse ranges reported separately,h,4,"[4.0,4.0,4.0,4.0,4.0,4.0]",7,0,inactive_count,seed0_l7_sae_k4_s0,P7,READ,20000,experiment_v1_4/phase_archives/P7/v1_4_p7_return_1790455082926962917.zip::runs/seed0_l7_sae_k4_s0/semantic.json,0,test,h reconstruction,sae,441
,,,fidelity,76d86f1a83bde7f8f6389684cd2a3913c923e21ccfbe42e40d3255385a9982b1,,,point estimate; empirical LM/sparse ranges reported separately,h,4,"[4.0,4.0,4.0,4.0,4.0,4.0]",7,0,l0_mean,seed0_l7_sae_k4_s0,P7,READ,20000,experiment_v1_4/phase_archives/P7/v1_4_p7_return_1790455082926962917.zip::runs/seed0_l7_sae_k4_s0/semantic.json,0,test,h reconstruction,sae,4.0
,,,fidelity,76d86f1a83bde7f8f6389684cd2a3913c923e21ccfbe42e40d3255385a9982b1,,,point estimate; empirical LM/sparse ranges reported separately,h,4,"[4.0,4.0,4.0,4.0,4.0,4.0]",7,0,l0_median,seed0_l7_sae_k4_s0,P7,READ,20000,experiment_v1_4/phase_archives/P7/v1_4_p7_return_1790455082926962917.zip::runs/seed0_l7_sae_k4_s0/semantic.json,0,test,h reconstruction,sae,4.0
,,,fidelity,76d86f1a83bde7f8f6389684cd2a3913c923e21ccfbe42e40d3255385a9982b1,,,point estimate; empirical LM/sparse ranges reported separately,h,4,"[4.0,4.0,4.0,4.0,4.0,4.0]",7,0,dead_fraction,seed0_l7_sae_k4_s0,P7,READ,20000,experiment_v1_4/phase_archives/P7/v1_4_p7_return_1790455082926962917.zip::runs/seed0_l7_sae_k4_s0/semantic.json,0,test,h reconstruction,sae,0.841796875
1000,5435042006293951100,1000,replacement,76d86f1a83bde7f8f6389684cd2a3913c923e21ccfbe42e40d3255385a9982b1,0.0006333532604280989,0.0001638405110172936,,h,4,,7,0,original_ce,seed0_l7_sae_k4_s0,P7,READ,2048,experiment_v1_4/phase_archives/P7/v1_4_p7_return_1790455082926962917.zip::runs/seed0_l7_sae_k4_s0/summary.json,0,behavior_test,h reconstruction,sae,0.00037435924538775645
1000,5435042006293951100,1000,replacement,76d86f1a83bde7f8f6389684cd2a3913c923e21ccfbe42e40d3255385a9982b1,0.0005556393600107122,0.00011678647533577835,,h,4,,7,0,patched_ce,seed0_l7_sae_k4_s0,P7,READ,2048,experiment_v1_4/phase_archives/P7/v1_4_p7_return_1790455082926962917.zip::runs/seed0_l7_sae_k4_s0/summary.json,0,behavior_test,h reconstruction,sae,0.00031034829682052845
1000,5435042006293951100,1000,replacement,76d86f1a83bde7f8f6389684cd2a3913c923e21ccfbe42e40d3255385a9982b1,0.000135685547868114,-0.00024879888744893107,,h,4,,7,0,delta_ce,seed0_l7_sae_k4_s0,P7,READ,2048,experiment_v1_4/phase_archives/P7/v1_4_p7_return_1790455082926962917.zip::runs/seed0_l7_sae_k4_s0/summary.json,0,behavior_test,h reconstruction,sae,-6.401094813246466e-05
1000,5435042006293951100,1000,replacement,76d86f1a83bde7f8f6389684cd2a3913c923e21ccfbe42e40d3255385a9982b1,1.0,1.0,,h,4,,7,0,original_accuracy,seed0_l7_sae_k4_s0,P7,READ,2048,experiment_v1_4/phase_archives/P7/v1_4_p7_return_1790455082926962917.zip::runs/seed0_l7_sae_k4_s0/summary.json,0,behavior_test,h reconstruction,sae,1.0
1000,5435042006293951100,1000,replacement,76d86f1a83bde7f8f6389684cd2a3913c923e21ccfbe42e40d3255385a9982b1,1.0,1.0,,h,4,,7,0,patched_accuracy,seed0_l7_sae_k4_s0,P7,READ,2048,experiment_v1_4/phase_archives/P7/v1_4_p7_return_1790455082926962917.zip::runs/seed0_l7_sae_k4_s0/summary.json,0,behavior_test,h reconstruction,sae,1.0
1000,5435042006293951100,1000,replacement,76d86f1a83bde7f8f6389684cd2a3913c923e21ccfbe42e40d3255385a9982b1,0.0,0.0,,h,4,,7,0,delta_accuracy,seed0_l7_sae_k4_s0,P7,READ,2048,experiment_v1_4/phase_archives/P7/v1_4_p7_return_1790455082926962917.zip::runs/seed0_l7_sae_k4_s0/summary.json,0,behavior_test,h reconstruction,sae,0.0
,,,fidelity,76d86f1a83bde7f8f6389684cd2a3913c923e21ccfbe42e40d3255385a9982b1,,,point estimate; empirical LM/sparse ranges reported separately,h,16,"[16.0,16.0,16.0,16.0,16.0,16.0]",7,0,mse,seed0_l7_sae_k16_s0,P7,READ,50000,experiment_v1_4/phase_archives/P7/v1_4_p7_return_1790455082926962917.zip::runs/seed0_l7_sae_k16_s0/semantic.json,0,train,h reconstruction,sae,0.008114730352581593
,,,fidelity,76d86f1a83bde7f8f6389684cd2a3913c923e21ccfbe42e40d3255385a9982b1,,,point estimate; empirical LM/sparse ranges reported separately,h,16,"[16.0,16.0,16.0,16.0,16.0,16.0]",7,0,nmse,seed0_l7_sae_k16_s0,P7,READ,50000,experiment_v1_4/phase_archives/P7/v1_4_p7_return_1790455082926962917.zip::runs/seed0_l7_sae_k16_s0/semantic.json,0,train,h reconstruction,sae,0.00811473037679622
,,,fidelity,76d86f1a83bde7f8f6389684cd2a3913c923e21ccfbe42e40d3255385a9982b1,,,point estimate; empirical LM/sparse ranges reported separately,h,16,"[16.0,16.0,16.0,16.0,16.0,16.0]",7,0,r2,seed0_l7_sae_k16_s0,P7,READ,50000,experiment_v1_4/phase_archives/P7/v1_4_p7_return_1790455082926962917.zip::runs/seed0_l7_sae_k16_s0/semantic.json,0,train,h reconstruction,sae,0.9918852696232038
,,,fidelity,76d86f1a83bde7f8f6389684cd2a3913c923e21ccfbe42e40d3255385a9982b1,,,point estimate; empirical LM/sparse ranges reported separately,h,16,"[16.0,16.0,16.0,16.0,16.0,16.0]",7,0,ev,seed0_l7_sae_k16_s0,P7,READ,50000,experiment_v1_4/phase_archives/P7/v1_4_p7_return_1790455082926962917.zip::runs/seed0_l7_sae_k16_s0/semantic.json,0,train,h reconstruction,sae,0.9919104268385468
,,,fidelity,76d86f1a83bde7f8f6389684cd2a3913c923e21ccfbe42e40d3255385a9982b1,,,point estimate; empirical LM/sparse ranges reported separately,h,16,"[16.0,16.0,16.0,16.0,16.0,16.0]",7,0,inactive_fraction,seed0_l7_sae_k16_s0,P7,READ,50000,experiment_v1_4/phase_archives/P7/v1_4_p7_return_1790455082926962917.zip::runs/seed0_l7_sae_k16_s0/semantic.json,0,train,h reconstruction,sae,0.583984375
,,,fidelity,76d86f1a83bde7f8f6389684cd2a3913c923e21ccfbe42e40d3255385a9982b1,,,point estimate; empirical LM/sparse ranges reported separately,h,16,"[16.0,16.0,16.0,16.0,16.0,16.0]",7,0,inactive_count,seed0_l7_sae_k16_s0,P7,READ,50000,experiment_v1_4/phase_archives/P7/v1_4_p7_return_1790455082926962917.zip::runs/seed0_l7_sae_k16_s0/semantic.json,0,train,h reconstruction,sae,299
,,,fidelity,76d86f1a83bde7f8f6389684cd2a3913c923e21ccfbe42e40d3255385a9982b1,,,point estimate; empirical LM/sparse ranges reported separately,h,16,"[16.0,16.0,16.0,16.0,16.0,16.0]",7,0,l0_mean,seed0_l7_sae_k16_s0,P7,READ,50000,experiment_v1_4/phase_archives/P7/v1_4_p7_return_1790455082926962917.zip::runs/seed0_l7_sae_k16_s0/semantic.json,0,train,h reconstruction,sae,16.0
,,,fidelity,76d86f1a83bde7f8f6389684cd2a3913c923e21ccfbe42e40d3255385a9982b1,,,point estimate; empirical LM/sparse ranges reported separately,h,16,"[16.0,16.0,16.0,16.0,16.0,16.0]",7,0,l0_median,seed0_l7_sae_k16_s0,P7,READ,50000,experiment_v1_4/phase_archives/P7/v1_4_p7_return_1790455082926962917.zip::runs/seed0_l7_sae_k16_s0/semantic.json,0,train,h reconstruction,sae,16.0
,,,fidelity,76d86f1a83bde7f8f6389684cd2a3913c923e21ccfbe42e40d3255385a9982b1,,,point estimate; empirical LM/sparse ranges reported separately,h,16,"[16.0,16.0,16.0,16.0,16.0,16.0]",7,0,dead_fraction,seed0_l7_sae_k16_s0,P7,READ,50000,experiment_v1_4/phase_archives/P7/v1_4_p7_return_1790455082926962917.zip::runs/seed0_l7_sae_k16_s0/semantic.json,0,train,h reconstruction,sae,0.583984375
,,,fidelity,76d86f1a83bde7f8f6389684cd2a3913c923e21ccfbe42e40d3255385a9982b1,,,point estimate; empirical LM/sparse ranges reported separately,h,16,"[16.0,16.0,16.0,16.0,16.0,16.0]",7,0,mse,seed0_l7_sae_k16_s0,P7,READ,10000,experiment_v1_4/phase_archives/P7/v1_4_p7_return_1790455082926962917.zip::runs/seed0_l7_sae_k16_s0/semantic.json,0,val,h reconstruction,sae,0.008420622700316809
,,,fidelity,76d86f1a83bde7f8f6389684cd2a3913c923e21ccfbe42e40d3255385a9982b1,,,point estimate; empirical LM/sparse ranges reported separately,h,16,"[16.0,16.0,16.0,16.0,16.0,16.0]",7,0,nmse,seed0_l7_sae_k16_s0,P7,READ,10000,experiment_v1_4/phase_archives/P7/v1_4_p7_return_1790455082926962917.zip::runs/seed0_l7_sae_k16_s0/semantic.json,0,val,h reconstruction,sae,0.00843047985833505
,,,fidelity,76d86f1a83bde7f8f6389684cd2a3913c923e21ccfbe42e40d3255385a9982b1,,,point estimate; empirical LM/sparse ranges reported separately,h,16,"[16.0,16.0,16.0,16.0,16.0,16.0]",7,0,r2,seed0_l7_sae_k16_s0,P7,READ,10000,experiment_v1_4/phase_archives/P7/v1_4_p7_return_1790455082926962917.zip::runs/seed0_l7_sae_k16_s0/semantic.json,0,val,h reconstruction,sae,0.9915674625248736
,,,fidelity,76d86f1a83bde7f8f6389684cd2a3913c923e21ccfbe42e40d3255385a9982b1,,,point estimate; empirical LM/sparse ranges reported separately,h,16,"[16.0,16.0,16.0,16.0,16.0,16.0]",7,0,ev,seed0_l7_sae_k16_s0,P7,READ,10000,experiment_v1_4/phase_archives/P7/v1_4_p7_return_1790455082926962917.zip::runs/seed0_l7_sae_k16_s0/semantic.json,0,val,h reconstruction,sae,0.991593773646577
,,,fidelity,76d86f1a83bde7f8f6389684cd2a3913c923e21ccfbe42e40d3255385a9982b1,,,point estimate; empirical LM/sparse ranges reported separately,h,16,"[16.0,16.0,16.0,16.0,16.0,16.0]",7,0,inactive_fraction,seed0_l7_sae_k16_s0,P7,READ,10000,experiment_v1_4/phase_archives/P7/v1_4_p7_return_1790455082926962917.zip::runs/seed0_l7_sae_k16_s0/semantic.json,0,val,h reconstruction,sae,0.66015625
,,,fidelity,76d86f1a83bde7f8f6389684cd2a3913c923e21ccfbe42e40d3255385a9982b1,,,point estimate; empirical LM/sparse ranges reported separately,h,16,"[16.0,16.0,16.0,16.0,16.0,16.0]",7,0,inactive_count,seed0_l7_sae_k16_s0,P7,READ,10000,experiment_v1_4/phase_archives/P7/v1_4_p7_return_1790455082926962917.zip::runs/seed0_l7_sae_k16_s0/semantic.json,0,val,h reconstruction,sae,338
,,,fidelity,76d86f1a83bde7f8f6389684cd2a3913c923e21ccfbe42e40d3255385a9982b1,,,point estimate; empirical LM/sparse ranges reported separately,h,16,"[16.0,16.0,16.0,16.0,16.0,16.0]",7,0,l0_mean,seed0_l7_sae_k16_s0,P7,READ,10000,experiment_v1_4/phase_archives/P7/v1_4_p7_return_1790455082926962917.zip::runs/seed0_l7_sae_k16_s0/semantic.json,0,val,h reconstruction,sae,16.0
,,,fidelity,76d86f1a83bde7f8f6389684cd2a3913c923e21ccfbe42e40d3255385a9982b1,,,point estimate; empirical LM/sparse ranges reported separately,h,16,"[16.0,16.0,16.0,16.0,16.0,16.0]",7,0,l0_median,seed0_l7_sae_k16_s0,P7,READ,10000,experiment_v1_4/phase_archives/P7/v1_4_p7_return_1790455082926962917.zip::runs/seed0_l7_sae_k16_s0/semantic.json,0,val,h reconstruction,sae,16.0
,,,fidelity,76d86f1a83bde7f8f6389684cd2a3913c923e21ccfbe42e40d3255385a9982b1,,,point estimate; empirical LM/sparse ranges reported separately,h,16,"[16.0,16.0,16.0,16.0,16.0,16.0]",7,0,dead_fraction,seed0_l7_sae_k16_s0,P7,READ,10000,experiment_v1_4/phase_archives/P7/v1_4_p7_return_1790455082926962917.zip::runs/seed0_l7_sae_k16_s0/semantic.json,0,val,h reconstruction,sae,0.583984375
,,,fidelity,76d86f1a83bde7f8f6389684cd2a3913c923e21ccfbe42e40d3255385a9982b1,,,point estimate; empirical LM/sparse ranges reported separately,h,16,"[16.0,16.0,16.0,16.0,16.0,16.0]",7,0,mse,seed0_l7_sae_k16_s0,P7,READ,20000,experiment_v1_4/phase_archives/P7/v1_4_p7_return_1790455082926962917.zip::runs/seed0_l7_sae_k16_s0/semantic.json,0,test,h reconstruction,sae,0.00823290010956348
,,,fidelity,76d86f1a83bde7f8f6389684cd2a3913c923e21ccfbe42e40d3255385a9982b1,,,point estimate; empirical LM/sparse ranges reported separately,h,16,"[16.0,16.0,16.0,16.0,16.0,16.0]",7,0,nmse,seed0_l7_sae_k16_s0,P7,READ,20000,experiment_v1_4/phase_archives/P7/v1_4_p7_return_1790455082926962917.zip::runs/seed0_l7_sae_k16_s0/semantic.json,0,test,h reconstruction,sae,0.008223539336324817
,,,fidelity,76d86f1a83bde7f8f6389684cd2a3913c923e21ccfbe42e40d3255385a9982b1,,,point estimate; empirical LM/sparse ranges reported separately,h,16,"[16.0,16.0,16.0,16.0,16.0,16.0]",7,0,r2,seed0_l7_sae_k16_s0,P7,READ,20000,experiment_v1_4/phase_archives/P7/v1_4_p7_return_1790455082926962917.zip::runs/seed0_l7_sae_k16_s0/semantic.json,0,test,h reconstruction,sae,0.9917762275139386
,,,fidelity,76d86f1a83bde7f8f6389684cd2a3913c923e21ccfbe42e40d3255385a9982b1,,,point estimate; empirical LM/sparse ranges reported separately,h,16,"[16.0,16.0,16.0,16.0,16.0,16.0]",7,0,ev,seed0_l7_sae_k16_s0,P7,READ,20000,experiment_v1_4/phase_archives/P7/v1_4_p7_return_1790455082926962917.zip::runs/seed0_l7_sae_k16_s0/semantic.json,0,test,h reconstruction,sae,0.991804362284004
,,,fidelity,76d86f1a83bde7f8f6389684cd2a3913c923e21ccfbe42e40d3255385a9982b1,,,point estimate; empirical LM/sparse ranges reported separately,h,16,"[16.0,16.0,16.0,16.0,16.0,16.0]",7,0,inactive_fraction,seed0_l7_sae_k16_s0,P7,READ,20000,experiment_v1_4/phase_archives/P7/v1_4_p7_return_1790455082926962917.zip::runs/seed0_l7_sae_k16_s0/semantic.json,0,test,h reconstruction,sae,0.63671875
,,,fidelity,76d86f1a83bde7f8f6389684cd2a3913c923e21ccfbe42e40d3255385a9982b1,,,point estimate; empirical LM/sparse ranges reported separately,h,16,"[16.0,16.0,16.0,16.0,16.0,16.0]",7,0,inactive_count,seed0_l7_sae_k16_s0,P7,READ,20000,experiment_v1_4/phase_archives/P7/v1_4_p7_return_1790455082926962917.zip::runs/seed0_l7_sae_k16_s0/semantic.json,0,test,h reconstruction,sae,326
,,,fidelity,76d86f1a83bde7f8f6389684cd2a3913c923e21ccfbe42e40d3255385a9982b1,,,point estimate; empirical LM/sparse ranges reported separately,h,16,"[16.0,16.0,16.0,16.0,16.0,16.0]",7,0,l0_mean,seed0_l7_sae_k16_s0,P7,READ,20000,experiment_v1_4/phase_archives/P7/v1_4_p7_return_1790455082926962917.zip::runs/seed0_l7_sae_k16_s0/semantic.json,0,test,h reconstruction,sae,16.0
,,,fidelity,76d86f1a83bde7f8f6389684cd2a3913c923e21ccfbe42e40d3255385a9982b1,,,point estimate; empirical LM/sparse ranges reported separately,h,16,"[16.0,16.0,16.0,16.0,16.0,16.0]",7,0,l0_median,seed0_l7_sae_k16_s0,P7,READ,20000,experiment_v1_4/phase_archives/P7/v1_4_p7_return_1790455082926962917.zip::runs/seed0_l7_sae_k16_s0/semantic.json,0,test,h reconstruction,sae,16.0
,,,fidelity,76d86f1a83bde7f8f6389684cd2a3913c923e21ccfbe42e40d3255385a9982b1,,,point estimate; empirical LM/sparse ranges reported separately,h,16,"[16.0,16.0,16.0,16.0,16.0,16.0]",7,0,dead_fraction,seed0_l7_sae_k16_s0,P7,READ,20000,experiment_v1_4/phase_archives/P7/v1_4_p7_return_1790455082926962917.zip::runs/seed0_l7_sae_k16_s0/semantic.json,0,test,h reconstruction,sae,0.583984375
1000,832381674135157457,1000,replacement,76d86f1a83bde7f8f6389684cd2a3913c923e21ccfbe42e40d3255385a9982b1,0.0006338905889015367,0.00018547181253508182,,h,16,,7,0,original_ce,seed0_l7_sae_k16_s0,P7,READ,2048,experiment_v1_4/phase_archives/P7/v1_4_p7_return_1790455082926962917.zip::runs/seed0_l7_sae_k16_s0/summary.json,0,behavior_test,h reconstruction,sae,0.00037435924538775645
1000,832381674135157457,1000,replacement,76d86f1a83bde7f8f6389684cd2a3913c923e21ccfbe42e40d3255385a9982b1,0.0007344051363083359,0.00017636744853362086,,h,16,,7,0,patched_ce,seed0_l7_sae_k16_s0,P7,READ,2048,experiment_v1_4/phase_archives/P7/v1_4_p7_return_1790455082926962917.zip::runs/seed0_l7_sae_k16_s0/summary.json,0,behavior_test,h reconstruction,sae,0.0004007400963914609
1000,832381674135157457,1000,replacement,76d86f1a83bde7f8f6389684cd2a3913c923e21ccfbe42e40d3255385a9982b1,0.0001169493535739585,-3.0897148507630366e-05,,h,16,,7,0,delta_ce,seed0_l7_sae_k16_s0,P7,READ,2048,experiment_v1_4/phase_archives/P7/v1_4_p7_return_1790455082926962917.zip::runs/seed0_l7_sae_k16_s0/summary.json,0,behavior_test,h reconstruction,sae,2.6380851003704464e-05
1000,832381674135157457,1000,replacement,76d86f1a83bde7f8f6389684cd2a3913c923e21ccfbe42e40d3255385a9982b1,1.0,1.0,,h,16,,7,0,original_accuracy,seed0_l7_sae_k16_s0,P7,READ,2048,experiment_v1_4/phase_archives/P7/v1_4_p7_return_1790455082926962917.zip::runs/seed0_l7_sae_k16_s0/summary.json,0,behavior_test,h reconstruction,sae,1.0
1000,832381674135157457,1000,replacement,76d86f1a83bde7f8f6389684cd2a3913c923e21ccfbe42e40d3255385a9982b1,1.0,1.0,,h,16,,7,0,patched_accuracy,seed0_l7_sae_k16_s0,P7,READ,2048,experiment_v1_4/phase_archives/P7/v1_4_p7_return_1790455082926962917.zip::runs/seed0_l7_sae_k16_s0/summary.json,0,behavior_test,h reconstruction,sae,1.0
1000,832381674135157457,1000,replacement,76d86f1a83bde7f8f6389684cd2a3913c923e21ccfbe42e40d3255385a9982b1,0.0,0.0,,h,16,,7,0,delta_accuracy,seed0_l7_sae_k16_s0,P7,READ,2048,experiment_v1_4/phase_archives/P7/v1_4_p7_return_1790455082926962917.zip::runs/seed0_l7_sae_k16_s0/summary.json,0,behavior_test,h reconstruction,sae,0.0
,,,fidelity,76d86f1a83bde7f8f6389684cd2a3913c923e21ccfbe42e40d3255385a9982b1,,,point estimate; empirical LM/sparse ranges reported separately,h,4,"[4.0,4.0,4.0,4.0,4.0,4.0]",11,0,mse,seed0_l11_sae_k4_s0,P7,READ,50000,experiment_v1_4/phase_archives/P7/v1_4_p7_return_1790455082926962917.zip::runs/seed0_l11_sae_k4_s0/semantic.json,0,train,h reconstruction,sae,0.02968909160426787
,,,fidelity,76d86f1a83bde7f8f6389684cd2a3913c923e21ccfbe42e40d3255385a9982b1,,,point estimate; empirical LM/sparse ranges reported separately,h,4,"[4.0,4.0,4.0,4.0,4.0,4.0]",11,0,nmse,seed0_l11_sae_k4_s0,P7,READ,50000,experiment_v1_4/phase_archives/P7/v1_4_p7_return_1790455082926962917.zip::runs/seed0_l11_sae_k4_s0/semantic.json,0,train,h reconstruction,sae,0.02968909008042739
,,,fidelity,76d86f1a83bde7f8f6389684cd2a3913c923e21ccfbe42e40d3255385a9982b1,,,point estimate; empirical LM/sparse ranges reported separately,h,4,"[4.0,4.0,4.0,4.0,4.0,4.0]",11,0,r2,seed0_l11_sae_k4_s0,P7,READ,50000,experiment_v1_4/phase_archives/P7/v1_4_p7_return_1790455082926962917.zip::runs/seed0_l11_sae_k4_s0/semantic.json,0,train,h reconstruction,sae,0.9703109099195726
,,,fidelity,76d86f1a83bde7f8f6389684cd2a3913c923e21ccfbe42e40d3255385a9982b1,,,point estimate; empirical LM/sparse ranges reported separately,h,4,"[4.0,4.0,4.0,4.0,4.0,4.0]",11,0,ev,seed0_l11_sae_k4_s0,P7,READ,50000,experiment_v1_4/phase_archives/P7/v1_4_p7_return_1790455082926962917.zip::runs/seed0_l11_sae_k4_s0/semantic.json,0,train,h reconstruction,sae,0.9703515582730298
,,,fidelity,76d86f1a83bde7f8f6389684cd2a3913c923e21ccfbe42e40d3255385a9982b1,,,point estimate; empirical LM/sparse ranges reported separately,h,4,"[4.0,4.0,4.0,4.0,4.0,4.0]",11,0,inactive_fraction,seed0_l11_sae_k4_s0,P7,READ,50000,experiment_v1_4/phase_archives/P7/v1_4_p7_return_1790455082926962917.zip::runs/seed0_l11_sae_k4_s0/semantic.json,0,train,h reconstruction,sae,0.837890625
,,,fidelity,76d86f1a83bde7f8f6389684cd2a3913c923e21ccfbe42e40d3255385a9982b1,,,point estimate; empirical LM/sparse ranges reported separately,h,4,"[4.0,4.0,4.0,4.0,4.0,4.0]",11,0,inactive_count,seed0_l11_sae_k4_s0,P7,READ,50000,experiment_v1_4/phase_archives/P7/v1_4_p7_return_1790455082926962917.zip::runs/seed0_l11_sae_k4_s0/semantic.json,0,train,h reconstruction,sae,429
,,,fidelity,76d86f1a83bde7f8f6389684cd2a3913c923e21ccfbe42e40d3255385a9982b1,,,point estimate; empirical LM/sparse ranges reported separately,h,4,"[4.0,4.0,4.0,4.0,4.0,4.0]",11,0,l0_mean,seed0_l11_sae_k4_s0,P7,READ,50000,experiment_v1_4/phase_archives/P7/v1_4_p7_return_1790455082926962917.zip::runs/seed0_l11_sae_k4_s0/semantic.json,0,train,h reconstruction,sae,4.0
,,,fidelity,76d86f1a83bde7f8f6389684cd2a3913c923e21ccfbe42e40d3255385a9982b1,,,point estimate; empirical LM/sparse ranges reported separately,h,4,"[4.0,4.0,4.0,4.0,4.0,4.0]",11,0,l0_median,seed0_l11_sae_k4_s0,P7,READ,50000,experiment_v1_4/phase_archives/P7/v1_4_p7_return_1790455082926962917.zip::runs/seed0_l11_sae_k4_s0/semantic.json,0,train,h reconstruction,sae,4.0
,,,fidelity,76d86f1a83bde7f8f6389684cd2a3913c923e21ccfbe42e40d3255385a9982b1,,,point estimate; empirical LM/sparse ranges reported separately,h,4,"[4.0,4.0,4.0,4.0,4.0,4.0]",11,0,dead_fraction,seed0_l11_sae_k4_s0,P7,READ,50000,experiment_v1_4/phase_archives/P7/v1_4_p7_return_1790455082926962917.zip::runs/seed0_l11_sae_k4_s0/semantic.json,0,train,h reconstruction,sae,0.837890625
,,,fidelity,76d86f1a83bde7f8f6389684cd2a3913c923e21ccfbe42e40d3255385a9982b1,,,point estimate; empirical LM/sparse ranges reported separately,h,4,"[4.0,4.0,4.0,4.0,4.0,4.0]",11,0,mse,seed0_l11_sae_k4_s0,P7,READ,10000,experiment_v1_4/phase_archives/P7/v1_4_p7_return_1790455082926962917.zip::runs/seed0_l11_sae_k4_s0/semantic.json,0,val,h reconstruction,sae,0.030045086356422893
,,,fidelity,76d86f1a83bde7f8f6389684cd2a3913c923e21ccfbe42e40d3255385a9982b1,,,point estimate; empirical LM/sparse ranges reported separately,h,4,"[4.0,4.0,4.0,4.0,4.0,4.0]",11,0,nmse,seed0_l11_sae_k4_s0,P7,READ,10000,experiment_v1_4/phase_archives/P7/v1_4_p7_return_1790455082926962917.zip::runs/seed0_l11_sae_k4_s0/semantic.json,0,val,h reconstruction,sae,0.030063947334859443
,,,fidelity,76d86f1a83bde7f8f6389684cd2a3913c923e21ccfbe42e40d3255385a9982b1,,,point estimate; empirical LM/sparse ranges reported separately,h,4,"[4.0,4.0,4.0,4.0,4.0,4.0]",11,0,r2,seed0_l11_sae_k4_s0,P7,READ,10000,experiment_v1_4/phase_archives/P7/v1_4_p7_return_1790455082926962917.zip::runs/seed0_l11_sae_k4_s0/semantic.json,0,val,h reconstruction,sae,0.9699290544334661
,,,fidelity,76d86f1a83bde7f8f6389684cd2a3913c923e21ccfbe42e40d3255385a9982b1,,,point estimate; empirical LM/sparse ranges reported separately,h,4,"[4.0,4.0,4.0,4.0,4.0,4.0]",11,0,ev,seed0_l11_sae_k4_s0,P7,READ,10000,experiment_v1_4/phase_archives/P7/v1_4_p7_return_1790455082926962917.zip::runs/seed0_l11_sae_k4_s0/semantic.json,0,val,h reconstruction,sae,0.9699807047680452
,,,fidelity,76d86f1a83bde7f8f6389684cd2a3913c923e21ccfbe42e40d3255385a9982b1,,,point estimate; empirical LM/sparse ranges reported separately,h,4,"[4.0,4.0,4.0,4.0,4.0,4.0]",11,0,inactive_fraction,seed0_l11_sae_k4_s0,P7,READ,10000,experiment_v1_4/phase_archives/P7/v1_4_p7_return_1790455082926962917.zip::runs/seed0_l11_sae_k4_s0/semantic.json,0,val,h reconstruction,sae,0.85546875
,,,fidelity,76d86f1a83bde7f8f6389684cd2a3913c923e21ccfbe42e40d3255385a9982b1,,,point estimate; empirical LM/sparse ranges reported separately,h,4,"[4.0,4.0,4.0,4.0,4.0,4.0]",11,0,inactive_count,seed0_l11_sae_k4_s0,P7,READ,10000,experiment_v1_4/phase_archives/P7/v1_4_p7_return_1790455082926962917.zip::runs/seed0_l11_sae_k4_s0/semantic.json,0,val,h reconstruction,sae,438
,,,fidelity,76d86f1a83bde7f8f6389684cd2a3913c923e21ccfbe42e40d3255385a9982b1,,,point estimate; empirical LM/sparse ranges reported separately,h,4,"[4.0,4.0,4.0,4.0,4.0,4.0]",11,0,l0_mean,seed0_l11_sae_k4_s0,P7,READ,10000,experiment_v1_4/phase_archives/P7/v1_4_p7_return_1790455082926962917.zip::runs/seed0_l11_sae_k4_s0/semantic.json,0,val,h reconstruction,sae,4.0
,,,fidelity,76d86f1a83bde7f8f6389684cd2a3913c923e21ccfbe42e40d3255385a9982b1,,,point estimate; empirical LM/sparse ranges reported separately,h,4,"[4.0,4.0,4.0,4.0,4.0,4.0]",11,0,l0_median,seed0_l11_sae_k4_s0,P7,READ,10000,experiment_v1_4/phase_archives/P7/v1_4_p7_return_1790455082926962917.zip::runs/seed0_l11_sae_k4_s0/semantic.json,0,val,h reconstruction,sae,4.0
,,,fidelity,76d86f1a83bde7f8f6389684cd2a3913c923e21ccfbe42e40d3255385a9982b1,,,point estimate; empirical LM/sparse ranges reported separately,h,4,"[4.0,4.0,4.0,4.0,4.0,4.0]",11,0,dead_fraction,seed0_l11_sae_k4_s0,P7,READ,10000,experiment_v1_4/phase_archives/P7/v1_4_p7_return_1790455082926962917.zip::runs/seed0_l11_sae_k4_s0/semantic.json,0,val,h reconstruction,sae,0.837890625
,,,fidelity,76d86f1a83bde7f8f6389684cd2a3913c923e21ccfbe42e40d3255385a9982b1,,,point estimate; empirical LM/sparse ranges reported separately,h,4,"[4.0,4.0,4.0,4.0,4.0,4.0]",11,0,mse,seed0_l11_sae_k4_s0,P7,READ,20000,experiment_v1_4/phase_archives/P7/v1_4_p7_return_1790455082926962917.zip::runs/seed0_l11_sae_k4_s0/semantic.json,0,test,h reconstruction,sae,0.029938321702042088
,,,fidelity,76d86f1a83bde7f8f6389684cd2a3913c923e21ccfbe42e40d3255385a9982b1,,,point estimate; empirical LM/sparse ranges reported separately,h,4,"[4.0,4.0,4.0,4.0,4.0,4.0]",11,0,nmse,seed0_l11_sae_k4_s0,P7,READ,20000,experiment_v1_4/phase_archives/P7/v1_4_p7_return_1790455082926962917.zip::runs/seed0_l11_sae_k4_s0/semantic.json,0,test,h reconstruction,sae,0.029875089148132195
,,,fidelity,76d86f1a83bde7f8f6389684cd2a3913c923e21ccfbe42e40d3255385a9982b1,,,point estimate; empirical LM/sparse ranges reported separately,h,4,"[4.0,4.0,4.0,4.0,4.0,4.0]",11,0,r2,seed0_l11_sae_k4_s0,P7,READ,20000,experiment_v1_4/phase_archives/P7/v1_4_p7_return_1790455082926962917.zip::runs/seed0_l11_sae_k4_s0/semantic.json,0,test,h reconstruction,sae,0.9701242590915689
,,,fidelity,76d86f1a83bde7f8f6389684cd2a3913c923e21ccfbe42e40d3255385a9982b1,,,point estimate; empirical LM/sparse ranges reported separately,h,4,"[4.0,4.0,4.0,4.0,4.0,4.0]",11,0,ev,seed0_l11_sae_k4_s0,P7,READ,20000,experiment_v1_4/phase_archives/P7/v1_4_p7_return_1790455082926962917.zip::runs/seed0_l11_sae_k4_s0/semantic.json,0,test,h reconstruction,sae,0.9701699210440726
,,,fidelity,76d86f1a83bde7f8f6389684cd2a3913c923e21ccfbe42e40d3255385a9982b1,,,point estimate; empirical LM/sparse ranges reported separately,h,4,"[4.0,4.0,4.0,4.0,4.0,4.0]",11,0,inactive_fraction,seed0_l11_sae_k4_s0,P7,READ,20000,experiment_v1_4/phase_archives/P7/v1_4_p7_return_1790455082926962917.zip::runs/seed0_l11_sae_k4_s0/semantic.json,0,test,h reconstruction,sae,0.8515625
,,,fidelity,76d86f1a83bde7f8f6389684cd2a3913c923e21ccfbe42e40d3255385a9982b1,,,point estimate; empirical LM/sparse ranges reported separately,h,4,"[4.0,4.0,4.0,4.0,4.0,4.0]",11,0,inactive_count,seed0_l11_sae_k4_s0,P7,READ,20000,experiment_v1_4/phase_archives/P7/v1_4_p7_return_1790455082926962917.zip::runs/seed0_l11_sae_k4_s0/semantic.json,0,test,h reconstruction,sae,436
,,,fidelity,76d86f1a83bde7f8f6389684cd2a3913c923e21ccfbe42e40d3255385a9982b1,,,point estimate; empirical LM/sparse ranges reported separately,h,4,"[4.0,4.0,4.0,4.0,4.0,4.0]",11,0,l0_mean,seed0_l11_sae_k4_s0,P7,READ,20000,experiment_v1_4/phase_archives/P7/v1_4_p7_return_1790455082926962917.zip::runs/seed0_l11_sae_k4_s0/semantic.json,0,test,h reconstruction,sae,4.0
,,,fidelity,76d86f1a83bde7f8f6389684cd2a3913c923e21ccfbe42e40d3255385a9982b1,,,point estimate; empirical LM/sparse ranges reported separately,h,4,"[4.0,4.0,4.0,4.0,4.0,4.0]",11,0,l0_median,seed0_l11_sae_k4_s0,P7,READ,20000,experiment_v1_4/phase_archives/P7/v1_4_p7_return_1790455082926962917.zip::runs/seed0_l11_sae_k4_s0/semantic.json,0,test,h reconstruction,sae,4.0
,,,fidelity,76d86f1a83bde7f8f6389684cd2a3913c923e21ccfbe42e40d3255385a9982b1,,,point estimate; empirical LM/sparse ranges reported separately,h,4,"[4.0,4.0,4.0,4.0,4.0,4.0]",11,0,dead_fraction,seed0_l11_sae_k4_s0,P7,READ,20000,experiment_v1_4/phase_archives/P7/v1_4_p7_return_1790455082926962917.zip::runs/seed0_l11_sae_k4_s0/semantic.json,0,test,h reconstruction,sae,0.837890625
1000,5435042006293951100,1000,replacement,76d86f1a83bde7f8f6389684cd2a3913c923e21ccfbe42e40d3255385a9982b1,0.0006333532604280989,0.0001638405110172936,,h,4,,11,0,original_ce,seed0_l11_sae_k4_s0,P7,READ,2048,experiment_v1_4/phase_archives/P7/v1_4_p7_return_1790455082926962917.zip::runs/seed0_l11_sae_k4_s0/summary.json,0,behavior_test,h reconstruction,sae,0.00037435924538775645
1000,5435042006293951100,1000,replacement,76d86f1a83bde7f8f6389684cd2a3913c923e21ccfbe42e40d3255385a9982b1,0.0017897329046890282,0.0002175600763725527,,h,4,,11,0,patched_ce,seed0_l11_sae_k4_s0,P7,READ,2048,experiment_v1_4/phase_archives/P7/v1_4_p7_return_1790455082926962917.zip::runs/seed0_l11_sae_k4_s0/summary.json,0,behavior_test,h reconstruction,sae,0.0008111580434244647
1000,5435042006293951100,1000,replacement,76d86f1a83bde7f8f6389684cd2a3913c923e21ccfbe42e40d3255385a9982b1,0.0012437313651796225,-3.288583883938601e-05,,h,4,,11,0,delta_ce,seed0_l11_sae_k4_s0,P7,READ,2048,experiment_v1_4/phase_archives/P7/v1_4_p7_return_1790455082926962917.zip::runs/seed0_l11_sae_k4_s0/summary.json,0,behavior_test,h reconstruction,sae,0.0004367988038471715
1000,5435042006293951100,1000,replacement,76d86f1a83bde7f8f6389684cd2a3913c923e21ccfbe42e40d3255385a9982b1,1.0,1.0,,h,4,,11,0,original_accuracy,seed0_l11_sae_k4_s0,P7,READ,2048,experiment_v1_4/phase_archives/P7/v1_4_p7_return_1790455082926962917.zip::runs/seed0_l11_sae_k4_s0/summary.json,0,behavior_test,h reconstruction,sae,1.0
1000,5435042006293951100,1000,replacement,76d86f1a83bde7f8f6389684cd2a3913c923e21ccfbe42e40d3255385a9982b1,1.0,0.99853515625,,h,4,,11,0,patched_accuracy,seed0_l11_sae_k4_s0,P7,READ,2048,experiment_v1_4/phase_archives/P7/v1_4_p7_return_1790455082926962917.zip::runs/seed0_l11_sae_k4_s0/summary.json,0,behavior_test,h reconstruction,sae,0.99951171875
1000,5435042006293951100,1000,replacement,76d86f1a83bde7f8f6389684cd2a3913c923e21ccfbe42e40d3255385a9982b1,0.0,-0.00146484375,,h,4,,11,0,delta_accuracy,seed0_l11_sae_k4_s0,P7,READ,2048,experiment_v1_4/phase_archives/P7/v1_4_p7_return_1790455082926962917.zip::runs/seed0_l11_sae_k4_s0/summary.json,0,behavior_test,h reconstruction,sae,-0.00048828125
,,,fidelity,76d86f1a83bde7f8f6389684cd2a3913c923e21ccfbe42e40d3255385a9982b1,,,point estimate; empirical LM/sparse ranges reported separately,h,16,"[16.0,16.0,16.0,16.0,16.0,16.0]",11,0,mse,seed0_l11_sae_k16_s0,P7,READ,50000,experiment_v1_4/phase_archives/P7/v1_4_p7_return_1790455082926962917.zip::runs/seed0_l11_sae_k16_s0/semantic.json,0,train,h reconstruction,sae,0.006382571580539162
,,,fidelity,76d86f1a83bde7f8f6389684cd2a3913c923e21ccfbe42e40d3255385a9982b1,,,point estimate; empirical LM/sparse ranges reported separately,h,16,"[16.0,16.0,16.0,16.0,16.0,16.0]",11,0,nmse,seed0_l11_sae_k16_s0,P7,READ,50000,experiment_v1_4/phase_archives/P7/v1_4_p7_return_1790455082926962917.zip::runs/seed0_l11_sae_k16_s0/semantic.json,0,train,h reconstruction,sae,0.006382571252943388
,,,fidelity,76d86f1a83bde7f8f6389684cd2a3913c923e21ccfbe42e40d3255385a9982b1,,,point estimate; empirical LM/sparse ranges reported separately,h,16,"[16.0,16.0,16.0,16.0,16.0,16.0]",11,0,r2,seed0_l11_sae_k16_s0,P7,READ,50000,experiment_v1_4/phase_archives/P7/v1_4_p7_return_1790455082926962917.zip::runs/seed0_l11_sae_k16_s0/semantic.json,0,train,h reconstruction,sae,0.9936174287470566
,,,fidelity,76d86f1a83bde7f8f6389684cd2a3913c923e21ccfbe42e40d3255385a9982b1,,,point estimate; empirical LM/sparse ranges reported separately,h,16,"[16.0,16.0,16.0,16.0,16.0,16.0]",11,0,ev,seed0_l11_sae_k16_s0,P7,READ,50000,experiment_v1_4/phase_archives/P7/v1_4_p7_return_1790455082926962917.zip::runs/seed0_l11_sae_k16_s0/semantic.json,0,train,h reconstruction,sae,0.9936433850345389
,,,fidelity,76d86f1a83bde7f8f6389684cd2a3913c923e21ccfbe42e40d3255385a9982b1,,,point estimate; empirical LM/sparse ranges reported separately,h,16,"[16.0,16.0,16.0,16.0,16.0,16.0]",11,0,inactive_fraction,seed0_l11_sae_k16_s0,P7,READ,50000,experiment_v1_4/phase_archives/P7/v1_4_p7_return_1790455082926962917.zip::runs/seed0_l11_sae_k16_s0/semantic.json,0,train,h reconstruction,sae,0.55078125
,,,fidelity,76d86f1a83bde7f8f6389684cd2a3913c923e21ccfbe42e40d3255385a9982b1,,,point estimate; empirical LM/sparse ranges reported separately,h,16,"[16.0,16.0,16.0,16.0,16.0,16.0]",11,0,inactive_count,seed0_l11_sae_k16_s0,P7,READ,50000,experiment_v1_4/phase_archives/P7/v1_4_p7_return_1790455082926962917.zip::runs/seed0_l11_sae_k16_s0/semantic.json,0,train,h reconstruction,sae,282
,,,fidelity,76d86f1a83bde7f8f6389684cd2a3913c923e21ccfbe42e40d3255385a9982b1,,,point estimate; empirical LM/sparse ranges reported separately,h,16,"[16.0,16.0,16.0,16.0,16.0,16.0]",11,0,l0_mean,seed0_l11_sae_k16_s0,P7,READ,50000,experiment_v1_4/phase_archives/P7/v1_4_p7_return_1790455082926962917.zip::runs/seed0_l11_sae_k16_s0/semantic.json,0,train,h reconstruction,sae,16.0
,,,fidelity,76d86f1a83bde7f8f6389684cd2a3913c923e21ccfbe42e40d3255385a9982b1,,,point estimate; empirical LM/sparse ranges reported separately,h,16,"[16.0,16.0,16.0,16.0,16.0,16.0]",11,0,l0_median,seed0_l11_sae_k16_s0,P7,READ,50000,experiment_v1_4/phase_archives/P7/v1_4_p7_return_1790455082926962917.zip::runs/seed0_l11_sae_k16_s0/semantic.json,0,train,h reconstruction,sae,16.0
,,,fidelity,76d86f1a83bde7f8f6389684cd2a3913c923e21ccfbe42e40d3255385a9982b1,,,point estimate; empirical LM/sparse ranges reported separately,h,16,"[16.0,16.0,16.0,16.0,16.0,16.0]",11,0,dead_fraction,seed0_l11_sae_k16_s0,P7,READ,50000,experiment_v1_4/phase_archives/P7/v1_4_p7_return_1790455082926962917.zip::runs/seed0_l11_sae_k16_s0/semantic.json,0,train,h reconstruction,sae,0.55078125
,,,fidelity,76d86f1a83bde7f8f6389684cd2a3913c923e21ccfbe42e40d3255385a9982b1,,,point estimate; empirical LM/sparse ranges reported separately,h,16,"[16.0,16.0,16.0,16.0,16.0,16.0]",11,0,mse,seed0_l11_sae_k16_s0,P7,READ,10000,experiment_v1_4/phase_archives/P7/v1_4_p7_return_1790455082926962917.zip::runs/seed0_l11_sae_k16_s0/semantic.json,0,val,h reconstruction,sae,0.006593827608909754
,,,fidelity,76d86f1a83bde7f8f6389684cd2a3913c923e21ccfbe42e40d3255385a9982b1,,,point estimate; empirical LM/sparse ranges reported separately,h,16,"[16.0,16.0,16.0,16.0,16.0,16.0]",11,0,nmse,seed0_l11_sae_k16_s0,P7,READ,10000,experiment_v1_4/phase_archives/P7/v1_4_p7_return_1790455082926962917.zip::runs/seed0_l11_sae_k16_s0/semantic.json,0,val,h reconstruction,sae,0.006597966922702054
,,,fidelity,76d86f1a83bde7f8f6389684cd2a3913c923e21ccfbe42e40d3255385a9982b1,,,point estimate; empirical LM/sparse ranges reported separately,h,16,"[16.0,16.0,16.0,16.0,16.0,16.0]",11,0,r2,seed0_l11_sae_k16_s0,P7,READ,10000,experiment_v1_4/phase_archives/P7/v1_4_p7_return_1790455082926962917.zip::runs/seed0_l11_sae_k16_s0/semantic.json,0,val,h reconstruction,sae,0.9934004972144057
,,,fidelity,76d86f1a83bde7f8f6389684cd2a3913c923e21ccfbe42e40d3255385a9982b1,,,point estimate; empirical LM/sparse ranges reported separately,h,16,"[16.0,16.0,16.0,16.0,16.0,16.0]",11,0,ev,seed0_l11_sae_k16_s0,P7,READ,10000,experiment_v1_4/phase_archives/P7/v1_4_p7_return_1790455082926962917.zip::runs/seed0_l11_sae_k16_s0/semantic.json,0,val,h reconstruction,sae,0.9934288970061829
,,,fidelity,76d86f1a83bde7f8f6389684cd2a3913c923e21ccfbe42e40d3255385a9982b1,,,point estimate; empirical LM/sparse ranges reported separately,h,16,"[16.0,16.0,16.0,16.0,16.0,16.0]",11,0,inactive_fraction,seed0_l11_sae_k16_s0,P7,READ,10000,experiment_v1_4/phase_archives/P7/v1_4_p7_return_1790455082926962917.zip::runs/seed0_l11_sae_k16_s0/semantic.json,0,val,h reconstruction,sae,0.634765625
,,,fidelity,76d86f1a83bde7f8f6389684cd2a3913c923e21ccfbe42e40d3255385a9982b1,,,point estimate; empirical LM/sparse ranges reported separately,h,16,"[16.0,16.0,16.0,16.0,16.0,16.0]",11,0,inactive_count,seed0_l11_sae_k16_s0,P7,READ,10000,experiment_v1_4/phase_archives/P7/v1_4_p7_return_1790455082926962917.zip::runs/seed0_l11_sae_k16_s0/semantic.json,0,val,h reconstruction,sae,325
,,,fidelity,76d86f1a83bde7f8f6389684cd2a3913c923e21ccfbe42e40d3255385a9982b1,,,point estimate; empirical LM/sparse ranges reported separately,h,16,"[16.0,16.0,16.0,16.0,16.0,16.0]",11,0,l0_mean,seed0_l11_sae_k16_s0,P7,READ,10000,experiment_v1_4/phase_archives/P7/v1_4_p7_return_1790455082926962917.zip::runs/seed0_l11_sae_k16_s0/semantic.json,0,val,h reconstruction,sae,16.0
,,,fidelity,76d86f1a83bde7f8f6389684cd2a3913c923e21ccfbe42e40d3255385a9982b1,,,point estimate; empirical LM/sparse ranges reported separately,h,16,"[16.0,16.0,16.0,16.0,16.0,16.0]",11,0,l0_median,seed0_l11_sae_k16_s0,P7,READ,10000,experiment_v1_4/phase_archives/P7/v1_4_p7_return_1790455082926962917.zip::runs/seed0_l11_sae_k16_s0/semantic.json,0,val,h reconstruction,sae,16.0
,,,fidelity,76d86f1a83bde7f8f6389684cd2a3913c923e21ccfbe42e40d3255385a9982b1,,,point estimate; empirical LM/sparse ranges reported separately,h,16,"[16.0,16.0,16.0,16.0,16.0,16.0]",11,0,dead_fraction,seed0_l11_sae_k16_s0,P7,READ,10000,experiment_v1_4/phase_archives/P7/v1_4_p7_return_1790455082926962917.zip::runs/seed0_l11_sae_k16_s0/semantic.json,0,val,h reconstruction,sae,0.55078125
,,,fidelity,76d86f1a83bde7f8f6389684cd2a3913c923e21ccfbe42e40d3255385a9982b1,,,point estimate; empirical LM/sparse ranges reported separately,h,16,"[16.0,16.0,16.0,16.0,16.0,16.0]",11,0,mse,seed0_l11_sae_k16_s0,P7,READ,20000,experiment_v1_4/phase_archives/P7/v1_4_p7_return_1790455082926962917.zip::runs/seed0_l11_sae_k16_s0/semantic.json,0,test,h reconstruction,sae,0.006453113913223912
,,,fidelity,76d86f1a83bde7f8f6389684cd2a3913c923e21ccfbe42e40d3255385a9982b1,,,point estimate; empirical LM/sparse ranges reported separately,h,16,"[16.0,16.0,16.0,16.0,16.0,16.0]",11,0,nmse,seed0_l11_sae_k16_s0,P7,READ,20000,experiment_v1_4/phase_archives/P7/v1_4_p7_return_1790455082926962917.zip::runs/seed0_l11_sae_k16_s0/semantic.json,0,test,h reconstruction,sae,0.006439484329125456
,,,fidelity,76d86f1a83bde7f8f6389684cd2a3913c923e21ccfbe42e40d3255385a9982b1,,,point estimate; empirical LM/sparse ranges reported separately,h,16,"[16.0,16.0,16.0,16.0,16.0,16.0]",11,0,r2,seed0_l11_sae_k16_s0,P7,READ,20000,experiment_v1_4/phase_archives/P7/v1_4_p7_return_1790455082926962917.zip::runs/seed0_l11_sae_k16_s0/semantic.json,0,test,h reconstruction,sae,0.9935603751859303
,,,fidelity,76d86f1a83bde7f8f6389684cd2a3913c923e21ccfbe42e40d3255385a9982b1,,,point estimate; empirical LM/sparse ranges reported separately,h,16,"[16.0,16.0,16.0,16.0,16.0,16.0]",11,0,ev,seed0_l11_sae_k16_s0,P7,READ,20000,experiment_v1_4/phase_archives/P7/v1_4_p7_return_1790455082926962917.zip::runs/seed0_l11_sae_k16_s0/semantic.json,0,test,h reconstruction,sae,0.9935854236223817
,,,fidelity,76d86f1a83bde7f8f6389684cd2a3913c923e21ccfbe42e40d3255385a9982b1,,,point estimate; empirical LM/sparse ranges reported separately,h,16,"[16.0,16.0,16.0,16.0,16.0,16.0]",11,0,inactive_fraction,seed0_l11_sae_k16_s0,P7,READ,20000,experiment_v1_4/phase_archives/P7/v1_4_p7_return_1790455082926962917.zip::runs/seed0_l11_sae_k16_s0/semantic.json,0,test,h reconstruction,sae,0.5859375
,,,fidelity,76d86f1a83bde7f8f6389684cd2a3913c923e21ccfbe42e40d3255385a9982b1,,,point estimate; empirical LM/sparse ranges reported separately,h,16,"[16.0,16.0,16.0,16.0,16.0,16.0]",11,0,inactive_count,seed0_l11_sae_k16_s0,P7,READ,20000,experiment_v1_4/phase_archives/P7/v1_4_p7_return_1790455082926962917.zip::runs/seed0_l11_sae_k16_s0/semantic.json,0,test,h reconstruction,sae,300
,,,fidelity,76d86f1a83bde7f8f6389684cd2a3913c923e21ccfbe42e40d3255385a9982b1,,,point estimate; empirical LM/sparse ranges reported separately,h,16,"[16.0,16.0,16.0,16.0,16.0,16.0]",11,0,l0_mean,seed0_l11_sae_k16_s0,P7,READ,20000,experiment_v1_4/phase_archives/P7/v1_4_p7_return_1790455082926962917.zip::runs/seed0_l11_sae_k16_s0/semantic.json,0,test,h reconstruction,sae,16.0
,,,fidelity,76d86f1a83bde7f8f6389684cd2a3913c923e21ccfbe42e40d3255385a9982b1,,,point estimate; empirical LM/sparse ranges reported separately,h,16,"[16.0,16.0,16.0,16.0,16.0,16.0]",11,0,l0_median,seed0_l11_sae_k16_s0,P7,READ,20000,experiment_v1_4/phase_archives/P7/v1_4_p7_return_1790455082926962917.zip::runs/seed0_l11_sae_k16_s0/semantic.json,0,test,h reconstruction,sae,16.0
,,,fidelity,76d86f1a83bde7f8f6389684cd2a3913c923e21ccfbe42e40d3255385a9982b1,,,point estimate; empirical LM/sparse ranges reported separately,h,16,"[16.0,16.0,16.0,16.0,16.0,16.0]",11,0,dead_fraction,seed0_l11_sae_k16_s0,P7,READ,20000,experiment_v1_4/phase_archives/P7/v1_4_p7_return_1790455082926962917.zip::runs/seed0_l11_sae_k16_s0/semantic.json,0,test,h reconstruction,sae,0.55078125
1000,832381674135157457,1000,replacement,76d86f1a83bde7f8f6389684cd2a3913c923e21ccfbe42e40d3255385a9982b1,0.0006338905889015367,0.00018547181253508182,,h,16,,11,0,original_ce,seed0_l11_sae_k16_s0,P7,READ,2048,experiment_v1_4/phase_archives/P7/v1_4_p7_return_1790455082926962917.zip::runs/seed0_l11_sae_k16_s0/summary.json,0,behavior_test,h reconstruction,sae,0.00037435924538775645
1000,832381674135157457,1000,replacement,76d86f1a83bde7f8f6389684cd2a3913c923e21ccfbe42e40d3255385a9982b1,0.0006170974354644532,0.00018192273834890526,,h,16,,11,0,patched_ce,seed0_l11_sae_k16_s0,P7,READ,2048,experiment_v1_4/phase_archives/P7/v1_4_p7_return_1790455082926962917.zip::runs/seed0_l11_sae_k16_s0/summary.json,0,behavior_test,h reconstruction,sae,0.0003685199199054967
1000,832381674135157457,1000,replacement,76d86f1a83bde7f8f6389684cd2a3913c923e21ccfbe42e40d3255385a9982b1,1.4469723201165906e-05,-2.828801857014396e-05,,h,16,,11,0,delta_ce,seed0_l11_sae_k16_s0,P7,READ,2048,experiment_v1_4/phase_archives/P7/v1_4_p7_return_1790455082926962917.zip::runs/seed0_l11_sae_k16_s0/summary.json,0,behavior_test,h reconstruction,sae,-5.8393254822597385e-06
1000,832381674135157457,1000,replacement,76d86f1a83bde7f8f6389684cd2a3913c923e21ccfbe42e40d3255385a9982b1,1.0,1.0,,h,16,,11,0,original_accuracy,seed0_l11_sae_k16_s0,P7,READ,2048,experiment_v1_4/phase_archives/P7/v1_4_p7_return_1790455082926962917.zip::runs/seed0_l11_sae_k16_s0/summary.json,0,behavior_test,h reconstruction,sae,1.0
1000,832381674135157457,1000,replacement,76d86f1a83bde7f8f6389684cd2a3913c923e21ccfbe42e40d3255385a9982b1,1.0,1.0,,h,16,,11,0,patched_accuracy,seed0_l11_sae_k16_s0,P7,READ,2048,experiment_v1_4/phase_archives/P7/v1_4_p7_return_1790455082926962917.zip::runs/seed0_l11_sae_k16_s0/summary.json,0,behavior_test,h reconstruction,sae,1.0
1000,832381674135157457,1000,replacement,76d86f1a83bde7f8f6389684cd2a3913c923e21ccfbe42e40d3255385a9982b1,0.0,0.0,,h,16,,11,0,delta_accuracy,seed0_l11_sae_k16_s0,P7,READ,2048,experiment_v1_4/phase_archives/P7/v1_4_p7_return_1790455082926962917.zip::runs/seed0_l11_sae_k16_s0/summary.json,0,behavior_test,h reconstruction,sae,0.0
,,,fidelity,bb505254dfde1587e2497238448fd2117f7b1a2292a84497db8fdfb81127e555,,,point estimate; empirical LM/sparse ranges reported separately,h,4,"[4.0,4.0,4.0,4.0,4.0,4.0]",0,1,mse,seed1_l0_sae_k4_s0,P7,READ,50000,experiment_v1_4/phase_archives/P7/v1_4_p7_return_1790455082926962917.zip::runs/seed1_l0_sae_k4_s0/semantic.json,0,train,h reconstruction,sae,0.005925822585140517
,,,fidelity,bb505254dfde1587e2497238448fd2117f7b1a2292a84497db8fdfb81127e555,,,point estimate; empirical LM/sparse ranges reported separately,h,4,"[4.0,4.0,4.0,4.0,4.0,4.0]",0,1,nmse,seed1_l0_sae_k4_s0,P7,READ,50000,experiment_v1_4/phase_archives/P7/v1_4_p7_return_1790455082926962917.zip::runs/seed1_l0_sae_k4_s0/semantic.json,0,train,h reconstruction,sae,0.005925822987702641
,,,fidelity,bb505254dfde1587e2497238448fd2117f7b1a2292a84497db8fdfb81127e555,,,point estimate; empirical LM/sparse ranges reported separately,h,4,"[4.0,4.0,4.0,4.0,4.0,4.0]",0,1,r2,seed1_l0_sae_k4_s0,P7,READ,50000,experiment_v1_4/phase_archives/P7/v1_4_p7_return_1790455082926962917.zip::runs/seed1_l0_sae_k4_s0/semantic.json,0,train,h reconstruction,sae,0.9940741770122974
,,,fidelity,bb505254dfde1587e2497238448fd2117f7b1a2292a84497db8fdfb81127e555,,,point estimate; empirical LM/sparse ranges reported separately,h,4,"[4.0,4.0,4.0,4.0,4.0,4.0]",0,1,ev,seed1_l0_sae_k4_s0,P7,READ,50000,experiment_v1_4/phase_archives/P7/v1_4_p7_return_1790455082926962917.zip::runs/seed1_l0_sae_k4_s0/semantic.json,0,train,h reconstruction,sae,0.9940849483373406
,,,fidelity,bb505254dfde1587e2497238448fd2117f7b1a2292a84497db8fdfb81127e555,,,point estimate; empirical LM/sparse ranges reported separately,h,4,"[4.0,4.0,4.0,4.0,4.0,4.0]",0,1,inactive_fraction,seed1_l0_sae_k4_s0,P7,READ,50000,experiment_v1_4/phase_archives/P7/v1_4_p7_return_1790455082926962917.zip::runs/seed1_l0_sae_k4_s0/semantic.json,0,train,h reconstruction,sae,0.89453125
,,,fidelity,bb505254dfde1587e2497238448fd2117f7b1a2292a84497db8fdfb81127e555,,,point estimate; empirical LM/sparse ranges reported separately,h,4,"[4.0,4.0,4.0,4.0,4.0,4.0]",0,1,inactive_count,seed1_l0_sae_k4_s0,P7,READ,50000,experiment_v1_4/phase_archives/P7/v1_4_p7_return_1790455082926962917.zip::runs/seed1_l0_sae_k4_s0/semantic.json,0,train,h reconstruction,sae,458
,,,fidelity,bb505254dfde1587e2497238448fd2117f7b1a2292a84497db8fdfb81127e555,,,point estimate; empirical LM/sparse ranges reported separately,h,4,"[4.0,4.0,4.0,4.0,4.0,4.0]",0,1,l0_mean,seed1_l0_sae_k4_s0,P7,READ,50000,experiment_v1_4/phase_archives/P7/v1_4_p7_return_1790455082926962917.zip::runs/seed1_l0_sae_k4_s0/semantic.json,0,train,h reconstruction,sae,4.0
,,,fidelity,bb505254dfde1587e2497238448fd2117f7b1a2292a84497db8fdfb81127e555,,,point estimate; empirical LM/sparse ranges reported separately,h,4,"[4.0,4.0,4.0,4.0,4.0,4.0]",0,1,l0_median,seed1_l0_sae_k4_s0,P7,READ,50000,experiment_v1_4/phase_archives/P7/v1_4_p7_return_1790455082926962917.zip::runs/seed1_l0_sae_k4_s0/semantic.json,0,train,h reconstruction,sae,4.0
,,,fidelity,bb505254dfde1587e2497238448fd2117f7b1a2292a84497db8fdfb81127e555,,,point estimate; empirical LM/sparse ranges reported separately,h,4,"[4.0,4.0,4.0,4.0,4.0,4.0]",0,1,dead_fraction,seed1_l0_sae_k4_s0,P7,READ,50000,experiment_v1_4/phase_archives/P7/v1_4_p7_return_1790455082926962917.zip::runs/seed1_l0_sae_k4_s0/semantic.json,0,train,h reconstruction,sae,0.89453125
,,,fidelity,bb505254dfde1587e2497238448fd2117f7b1a2292a84497db8fdfb81127e555,,,point estimate; empirical LM/sparse ranges reported separately,h,4,"[4.0,4.0,4.0,4.0,4.0,4.0]",0,1,mse,seed1_l0_sae_k4_s0,P7,READ,10000,experiment_v1_4/phase_archives/P7/v1_4_p7_return_1790455082926962917.zip::runs/seed1_l0_sae_k4_s0/semantic.json,0,val,h reconstruction,sae,0.005982104018395535
,,,fidelity,bb505254dfde1587e2497238448fd2117f7b1a2292a84497db8fdfb81127e555,,,point estimate; empirical LM/sparse ranges reported separately,h,4,"[4.0,4.0,4.0,4.0,4.0,4.0]",0,1,nmse,seed1_l0_sae_k4_s0,P7,READ,10000,experiment_v1_4/phase_archives/P7/v1_4_p7_return_1790455082926962917.zip::runs/seed1_l0_sae_k4_s0/semantic.json,0,val,h reconstruction,sae,0.005962364449904871
,,,fidelity,bb505254dfde1587e2497238448fd2117f7b1a2292a84497db8fdfb81127e555,,,point estimate; empirical LM/sparse ranges reported separately,h,4,"[4.0,4.0,4.0,4.0,4.0,4.0]",0,1,r2,seed1_l0_sae_k4_s0,P7,READ,10000,experiment_v1_4/phase_archives/P7/v1_4_p7_return_1790455082926962917.zip::runs/seed1_l0_sae_k4_s0/semantic.json,0,val,h reconstruction,sae,0.9940362205603243
,,,fidelity,bb505254dfde1587e2497238448fd2117f7b1a2292a84497db8fdfb81127e555,,,point estimate; empirical LM/sparse ranges reported separately,h,4,"[4.0,4.0,4.0,4.0,4.0,4.0]",0,1,ev,seed1_l0_sae_k4_s0,P7,READ,10000,experiment_v1_4/phase_archives/P7/v1_4_p7_return_1790455082926962917.zip::runs/seed1_l0_sae_k4_s0/semantic.json,0,val,h reconstruction,sae,0.9940479053988847
,,,fidelity,bb505254dfde1587e2497238448fd2117f7b1a2292a84497db8fdfb81127e555,,,point estimate; empirical LM/sparse ranges reported separately,h,4,"[4.0,4.0,4.0,4.0,4.0,4.0]",0,1,inactive_fraction,seed1_l0_sae_k4_s0,P7,READ,10000,experiment_v1_4/phase_archives/P7/v1_4_p7_return_1790455082926962917.zip::runs/seed1_l0_sae_k4_s0/semantic.json,0,val,h reconstruction,sae,0.9140625
,,,fidelity,bb505254dfde1587e2497238448fd2117f7b1a2292a84497db8fdfb81127e555,,,point estimate; empirical LM/sparse ranges reported separately,h,4,"[4.0,4.0,4.0,4.0,4.0,4.0]",0,1,inactive_count,seed1_l0_sae_k4_s0,P7,READ,10000,experiment_v1_4/phase_archives/P7/v1_4_p7_return_1790455082926962917.zip::runs/seed1_l0_sae_k4_s0/semantic.json,0,val,h reconstruction,sae,468
,,,fidelity,bb505254dfde1587e2497238448fd2117f7b1a2292a84497db8fdfb81127e555,,,point estimate; empirical LM/sparse ranges reported separately,h,4,"[4.0,4.0,4.0,4.0,4.0,4.0]",0,1,l0_mean,seed1_l0_sae_k4_s0,P7,READ,10000,experiment_v1_4/phase_archives/P7/v1_4_p7_return_1790455082926962917.zip::runs/seed1_l0_sae_k4_s0/semantic.json,0,val,h reconstruction,sae,4.0
,,,fidelity,bb505254dfde1587e2497238448fd2117f7b1a2292a84497db8fdfb81127e555,,,point estimate; empirical LM/sparse ranges reported separately,h,4,"[4.0,4.0,4.0,4.0,4.0,4.0]",0,1,l0_median,seed1_l0_sae_k4_s0,P7,READ,10000,experiment_v1_4/phase_archives/P7/v1_4_p7_return_1790455082926962917.zip::runs/seed1_l0_sae_k4_s0/semantic.json,0,val,h reconstruction,sae,4.0
,,,fidelity,bb505254dfde1587e2497238448fd2117f7b1a2292a84497db8fdfb81127e555,,,point estimate; empirical LM/sparse ranges reported separately,h,4,"[4.0,4.0,4.0,4.0,4.0,4.0]",0,1,dead_fraction,seed1_l0_sae_k4_s0,P7,READ,10000,experiment_v1_4/phase_archives/P7/v1_4_p7_return_1790455082926962917.zip::runs/seed1_l0_sae_k4_s0/semantic.json,0,val,h reconstruction,sae,0.89453125
,,,fidelity,bb505254dfde1587e2497238448fd2117f7b1a2292a84497db8fdfb81127e555,,,point estimate; empirical LM/sparse ranges reported separately,h,4,"[4.0,4.0,4.0,4.0,4.0,4.0]",0,1,mse,seed1_l0_sae_k4_s0,P7,READ,20000,experiment_v1_4/phase_archives/P7/v1_4_p7_return_1790455082926962917.zip::runs/seed1_l0_sae_k4_s0/semantic.json,0,test,h reconstruction,sae,0.0059750356669900405
,,,fidelity,bb505254dfde1587e2497238448fd2117f7b1a2292a84497db8fdfb81127e555,,,point estimate; empirical LM/sparse ranges reported separately,h,4,"[4.0,4.0,4.0,4.0,4.0,4.0]",0,1,nmse,seed1_l0_sae_k4_s0,P7,READ,20000,experiment_v1_4/phase_archives/P7/v1_4_p7_return_1790455082926962917.zip::runs/seed1_l0_sae_k4_s0/semantic.json,0,test,h reconstruction,sae,0.005977548835916466
,,,fidelity,bb505254dfde1587e2497238448fd2117f7b1a2292a84497db8fdfb81127e555,,,point estimate; empirical LM/sparse ranges reported separately,h,4,"[4.0,4.0,4.0,4.0,4.0,4.0]",0,1,r2,seed1_l0_sae_k4_s0,P7,READ,20000,experiment_v1_4/phase_archives/P7/v1_4_p7_return_1790455082926962917.zip::runs/seed1_l0_sae_k4_s0/semantic.json,0,test,h reconstruction,sae,0.9940222815251591
,,,fidelity,bb505254dfde1587e2497238448fd2117f7b1a2292a84497db8fdfb81127e555,,,point estimate; empirical LM/sparse ranges reported separately,h,4,"[4.0,4.0,4.0,4.0,4.0,4.0]",0,1,ev,seed1_l0_sae_k4_s0,P7,READ,20000,experiment_v1_4/phase_archives/P7/v1_4_p7_return_1790455082926962917.zip::runs/seed1_l0_sae_k4_s0/semantic.json,0,test,h reconstruction,sae,0.9940337138166077
,,,fidelity,bb505254dfde1587e2497238448fd2117f7b1a2292a84497db8fdfb81127e555,,,point estimate; empirical LM/sparse ranges reported separately,h,4,"[4.0,4.0,4.0,4.0,4.0,4.0]",0,1,inactive_fraction,seed1_l0_sae_k4_s0,P7,READ,20000,experiment_v1_4/phase_archives/P7/v1_4_p7_return_1790455082926962917.zip::runs/seed1_l0_sae_k4_s0/semantic.json,0,test,h reconstruction,sae,0.91796875
,,,fidelity,bb505254dfde1587e2497238448fd2117f7b1a2292a84497db8fdfb81127e555,,,point estimate; empirical LM/sparse ranges reported separately,h,4,"[4.0,4.0,4.0,4.0,4.0,4.0]",0,1,inactive_count,seed1_l0_sae_k4_s0,P7,READ,20000,experiment_v1_4/phase_archives/P7/v1_4_p7_return_1790455082926962917.zip::runs/seed1_l0_sae_k4_s0/semantic.json,0,test,h reconstruction,sae,470
,,,fidelity,bb505254dfde1587e2497238448fd2117f7b1a2292a84497db8fdfb81127e555,,,point estimate; empirical LM/sparse ranges reported separately,h,4,"[4.0,4.0,4.0,4.0,4.0,4.0]",0,1,l0_mean,seed1_l0_sae_k4_s0,P7,READ,20000,experiment_v1_4/phase_archives/P7/v1_4_p7_return_1790455082926962917.zip::runs/seed1_l0_sae_k4_s0/semantic.json,0,test,h reconstruction,sae,4.0
,,,fidelity,bb505254dfde1587e2497238448fd2117f7b1a2292a84497db8fdfb81127e555,,,point estimate; empirical LM/sparse ranges reported separately,h,4,"[4.0,4.0,4.0,4.0,4.0,4.0]",0,1,l0_median,seed1_l0_sae_k4_s0,P7,READ,20000,experiment_v1_4/phase_archives/P7/v1_4_p7_return_1790455082926962917.zip::runs/seed1_l0_sae_k4_s0/semantic.json,0,test,h reconstruction,sae,4.0
,,,fidelity,bb505254dfde1587e2497238448fd2117f7b1a2292a84497db8fdfb81127e555,,,point estimate; empirical LM/sparse ranges reported separately,h,4,"[4.0,4.0,4.0,4.0,4.0,4.0]",0,1,dead_fraction,seed1_l0_sae_k4_s0,P7,READ,20000,experiment_v1_4/phase_archives/P7/v1_4_p7_return_1790455082926962917.zip::runs/seed1_l0_sae_k4_s0/semantic.json,0,test,h reconstruction,sae,0.89453125
1000,15774417239377126318,1000,replacement,bb505254dfde1587e2497238448fd2117f7b1a2292a84497db8fdfb81127e555,0.00223262489244016,0.0001431569346053485,,h,4,,0,1,original_ce,seed1_l0_sae_k4_s0,P7,READ,2048,experiment_v1_4/phase_archives/P7/v1_4_p7_return_1790455082926962917.zip::runs/seed1_l0_sae_k4_s0/summary.json,0,behavior_test,h reconstruction,sae,0.0008930913189741929
1000,15774417239377126318,1000,replacement,bb505254dfde1587e2497238448fd2117f7b1a2292a84497db8fdfb81127e555,0.002224824942017811,0.00013908837418853405,,h,4,,0,1,patched_ce,seed1_l0_sae_k4_s0,P7,READ,2048,experiment_v1_4/phase_archives/P7/v1_4_p7_return_1790455082926962917.zip::runs/seed1_l0_sae_k4_s0/summary.json,0,behavior_test,h reconstruction,sae,0.000886590975890833
1000,15774417239377126318,1000,replacement,bb505254dfde1587e2497238448fd2117f7b1a2292a84497db8fdfb81127e555,1.4327747057474305e-05,-3.084736610797778e-05,,h,4,,0,1,delta_ce,seed1_l0_sae_k4_s0,P7,READ,2048,experiment_v1_4/phase_archives/P7/v1_4_p7_return_1790455082926962917.zip::runs/seed1_l0_sae_k4_s0/summary.json,0,behavior_test,h reconstruction,sae,-6.500343083359894e-06
1000,15774417239377126318,1000,replacement,bb505254dfde1587e2497238448fd2117f7b1a2292a84497db8fdfb81127e555,1.0,0.99853515625,,h,4,,0,1,original_accuracy,seed1_l0_sae_k4_s0,P7,READ,2048,experiment_v1_4/phase_archives/P7/v1_4_p7_return_1790455082926962917.zip::runs/seed1_l0_sae_k4_s0/summary.json,0,behavior_test,h reconstruction,sae,0.99951171875
1000,15774417239377126318,1000,replacement,bb505254dfde1587e2497238448fd2117f7b1a2292a84497db8fdfb81127e555,1.0,0.99853515625,,h,4,,0,1,patched_accuracy,seed1_l0_sae_k4_s0,P7,READ,2048,experiment_v1_4/phase_archives/P7/v1_4_p7_return_1790455082926962917.zip::runs/seed1_l0_sae_k4_s0/summary.json,0,behavior_test,h reconstruction,sae,0.99951171875
1000,15774417239377126318,1000,replacement,bb505254dfde1587e2497238448fd2117f7b1a2292a84497db8fdfb81127e555,0.0,0.0,,h,4,,0,1,delta_accuracy,seed1_l0_sae_k4_s0,P7,READ,2048,experiment_v1_4/phase_archives/P7/v1_4_p7_return_1790455082926962917.zip::runs/seed1_l0_sae_k4_s0/summary.json,0,behavior_test,h reconstruction,sae,0.0
,,,fidelity,bb505254dfde1587e2497238448fd2117f7b1a2292a84497db8fdfb81127e555,,,point estimate; empirical LM/sparse ranges reported separately,h,16,"[14.0,16.0,16.0,16.0,16.0,16.0]",0,1,mse,seed1_l0_sae_k16_s0,P7,READ,50000,experiment_v1_4/phase_archives/P7/v1_4_p7_return_1790455082926962917.zip::runs/seed1_l0_sae_k16_s0/semantic.json,0,train,h reconstruction,sae,0.0003607186285378264
,,,fidelity,bb505254dfde1587e2497238448fd2117f7b1a2292a84497db8fdfb81127e555,,,point estimate; empirical LM/sparse ranges reported separately,h,16,"[14.0,16.0,16.0,16.0,16.0,16.0]",0,1,nmse,seed1_l0_sae_k16_s0,P7,READ,50000,experiment_v1_4/phase_archives/P7/v1_4_p7_return_1790455082926962917.zip::runs/seed1_l0_sae_k16_s0/semantic.json,0,train,h reconstruction,sae,0.0003607186530427209
,,,fidelity,bb505254dfde1587e2497238448fd2117f7b1a2292a84497db8fdfb81127e555,,,point estimate; empirical LM/sparse ranges reported separately,h,16,"[14.0,16.0,16.0,16.0,16.0,16.0]",0,1,r2,seed1_l0_sae_k16_s0,P7,READ,50000,experiment_v1_4/phase_archives/P7/v1_4_p7_return_1790455082926962917.zip::runs/seed1_l0_sae_k16_s0/semantic.json,0,train,h reconstruction,sae,0.9996392813469572
,,,fidelity,bb505254dfde1587e2497238448fd2117f7b1a2292a84497db8fdfb81127e555,,,point estimate; empirical LM/sparse ranges reported separately,h,16,"[14.0,16.0,16.0,16.0,16.0,16.0]",0,1,ev,seed1_l0_sae_k16_s0,P7,READ,50000,experiment_v1_4/phase_archives/P7/v1_4_p7_return_1790455082926962917.zip::runs/seed1_l0_sae_k16_s0/semantic.json,0,train,h reconstruction,sae,0.9996423699914129
,,,fidelity,bb505254dfde1587e2497238448fd2117f7b1a2292a84497db8fdfb81127e555,,,point estimate; empirical LM/sparse ranges reported separately,h,16,"[14.0,16.0,16.0,16.0,16.0,16.0]",0,1,inactive_fraction,seed1_l0_sae_k16_s0,P7,READ,50000,experiment_v1_4/phase_archives/P7/v1_4_p7_return_1790455082926962917.zip::runs/seed1_l0_sae_k16_s0/semantic.json,0,train,h reconstruction,sae,0.51171875
,,,fidelity,bb505254dfde1587e2497238448fd2117f7b1a2292a84497db8fdfb81127e555,,,point estimate; empirical LM/sparse ranges reported separately,h,16,"[14.0,16.0,16.0,16.0,16.0,16.0]",0,1,inactive_count,seed1_l0_sae_k16_s0,P7,READ,50000,experiment_v1_4/phase_archives/P7/v1_4_p7_return_1790455082926962917.zip::runs/seed1_l0_sae_k16_s0/semantic.json,0,train,h reconstruction,sae,262
,,,fidelity,bb505254dfde1587e2497238448fd2117f7b1a2292a84497db8fdfb81127e555,,,point estimate; empirical LM/sparse ranges reported separately,h,16,"[14.0,16.0,16.0,16.0,16.0,16.0]",0,1,l0_mean,seed1_l0_sae_k16_s0,P7,READ,50000,experiment_v1_4/phase_archives/P7/v1_4_p7_return_1790455082926962917.zip::runs/seed1_l0_sae_k16_s0/semantic.json,0,train,h reconstruction,sae,15.9992
,,,fidelity,bb505254dfde1587e2497238448fd2117f7b1a2292a84497db8fdfb81127e555,,,point estimate; empirical LM/sparse ranges reported separately,h,16,"[14.0,16.0,16.0,16.0,16.0,16.0]",0,1,l0_median,seed1_l0_sae_k16_s0,P7,READ,50000,experiment_v1_4/phase_archives/P7/v1_4_p7_return_1790455082926962917.zip::runs/seed1_l0_sae_k16_s0/semantic.json,0,train,h reconstruction,sae,16.0
,,,fidelity,bb505254dfde1587e2497238448fd2117f7b1a2292a84497db8fdfb81127e555,,,point estimate; empirical LM/sparse ranges reported separately,h,16,"[14.0,16.0,16.0,16.0,16.0,16.0]",0,1,dead_fraction,seed1_l0_sae_k16_s0,P7,READ,50000,experiment_v1_4/phase_archives/P7/v1_4_p7_return_1790455082926962917.zip::runs/seed1_l0_sae_k16_s0/semantic.json,0,train,h reconstruction,sae,0.51171875
,,,fidelity,bb505254dfde1587e2497238448fd2117f7b1a2292a84497db8fdfb81127e555,,,point estimate; empirical LM/sparse ranges reported separately,h,16,"[15.0,16.0,16.0,16.0,16.0,16.0]",0,1,mse,seed1_l0_sae_k16_s0,P7,READ,10000,experiment_v1_4/phase_archives/P7/v1_4_p7_return_1790455082926962917.zip::runs/seed1_l0_sae_k16_s0/semantic.json,0,val,h reconstruction,sae,0.00036529863600491834
,,,fidelity,bb505254dfde1587e2497238448fd2117f7b1a2292a84497db8fdfb81127e555,,,point estimate; empirical LM/sparse ranges reported separately,h,16,"[15.0,16.0,16.0,16.0,16.0,16.0]",0,1,nmse,seed1_l0_sae_k16_s0,P7,READ,10000,experiment_v1_4/phase_archives/P7/v1_4_p7_return_1790455082926962917.zip::runs/seed1_l0_sae_k16_s0/semantic.json,0,val,h reconstruction,sae,0.0003640932344567688
,,,fidelity,bb505254dfde1587e2497238448fd2117f7b1a2292a84497db8fdfb81127e555,,,point estimate; empirical LM/sparse ranges reported separately,h,16,"[15.0,16.0,16.0,16.0,16.0,16.0]",0,1,r2,seed1_l0_sae_k16_s0,P7,READ,10000,experiment_v1_4/phase_archives/P7/v1_4_p7_return_1790455082926962917.zip::runs/seed1_l0_sae_k16_s0/semantic.json,0,val,h reconstruction,sae,0.9996358203588489
,,,fidelity,bb505254dfde1587e2497238448fd2117f7b1a2292a84497db8fdfb81127e555,,,point estimate; empirical LM/sparse ranges reported separately,h,16,"[15.0,16.0,16.0,16.0,16.0,16.0]",0,1,ev,seed1_l0_sae_k16_s0,P7,READ,10000,experiment_v1_4/phase_archives/P7/v1_4_p7_return_1790455082926962917.zip::runs/seed1_l0_sae_k16_s0/semantic.json,0,val,h reconstruction,sae,0.99963890255946
,,,fidelity,bb505254dfde1587e2497238448fd2117f7b1a2292a84497db8fdfb81127e555,,,point estimate; empirical LM/sparse ranges reported separately,h,16,"[15.0,16.0,16.0,16.0,16.0,16.0]",0,1,inactive_fraction,seed1_l0_sae_k16_s0,P7,READ,10000,experiment_v1_4/phase_archives/P7/v1_4_p7_return_1790455082926962917.zip::runs/seed1_l0_sae_k16_s0/semantic.json,0,val,h reconstruction,sae,0.640625
,,,fidelity,bb505254dfde1587e2497238448fd2117f7b1a2292a84497db8fdfb81127e555,,,point estimate; empirical LM/sparse ranges reported separately,h,16,"[15.0,16.0,16.0,16.0,16.0,16.0]",0,1,inactive_count,seed1_l0_sae_k16_s0,P7,READ,10000,experiment_v1_4/phase_archives/P7/v1_4_p7_return_1790455082926962917.zip::runs/seed1_l0_sae_k16_s0/semantic.json,0,val,h reconstruction,sae,328
,,,fidelity,bb505254dfde1587e2497238448fd2117f7b1a2292a84497db8fdfb81127e555,,,point estimate; empirical LM/sparse ranges reported separately,h,16,"[15.0,16.0,16.0,16.0,16.0,16.0]",0,1,l0_mean,seed1_l0_sae_k16_s0,P7,READ,10000,experiment_v1_4/phase_archives/P7/v1_4_p7_return_1790455082926962917.zip::runs/seed1_l0_sae_k16_s0/semantic.json,0,val,h reconstruction,sae,15.999
,,,fidelity,bb505254dfde1587e2497238448fd2117f7b1a2292a84497db8fdfb81127e555,,,point estimate; empirical LM/sparse ranges reported separately,h,16,"[15.0,16.0,16.0,16.0,16.0,16.0]",0,1,l0_median,seed1_l0_sae_k16_s0,P7,READ,10000,experiment_v1_4/phase_archives/P7/v1_4_p7_return_1790455082926962917.zip::runs/seed1_l0_sae_k16_s0/semantic.json,0,val,h reconstruction,sae,16.0
,,,fidelity,bb505254dfde1587e2497238448fd2117f7b1a2292a84497db8fdfb81127e555,,,point estimate; empirical LM/sparse ranges reported separately,h,16,"[15.0,16.0,16.0,16.0,16.0,16.0]",0,1,dead_fraction,seed1_l0_sae_k16_s0,P7,READ,10000,experiment_v1_4/phase_archives/P7/v1_4_p7_return_1790455082926962917.zip::runs/seed1_l0_sae_k16_s0/semantic.json,0,val,h reconstruction,sae,0.51171875
,,,fidelity,bb505254dfde1587e2497238448fd2117f7b1a2292a84497db8fdfb81127e555,,,point estimate; empirical LM/sparse ranges reported separately,h,16,"[14.0,16.0,16.0,16.0,16.0,16.0]",0,1,mse,seed1_l0_sae_k16_s0,P7,READ,20000,experiment_v1_4/phase_archives/P7/v1_4_p7_return_1790455082926962917.zip::runs/seed1_l0_sae_k16_s0/semantic.json,0,test,h reconstruction,sae,0.0003643628999727088
,,,fidelity,bb505254dfde1587e2497238448fd2117f7b1a2292a84497db8fdfb81127e555,,,point estimate; empirical LM/sparse ranges reported separately,h,16,"[14.0,16.0,16.0,16.0,16.0,16.0]",0,1,nmse,seed1_l0_sae_k16_s0,P7,READ,20000,experiment_v1_4/phase_archives/P7/v1_4_p7_return_1790455082926962917.zip::runs/seed1_l0_sae_k16_s0/semantic.json,0,test,h reconstruction,sae,0.00036451615521153737
,,,fidelity,bb505254dfde1587e2497238448fd2117f7b1a2292a84497db8fdfb81127e555,,,point estimate; empirical LM/sparse ranges reported separately,h,16,"[14.0,16.0,16.0,16.0,16.0,16.0]",0,1,r2,seed1_l0_sae_k16_s0,P7,READ,20000,experiment_v1_4/phase_archives/P7/v1_4_p7_return_1790455082926962917.zip::runs/seed1_l0_sae_k16_s0/semantic.json,0,test,h reconstruction,sae,0.9996354735000585
,,,fidelity,bb505254dfde1587e2497238448fd2117f7b1a2292a84497db8fdfb81127e555,,,point estimate; empirical LM/sparse ranges reported separately,h,16,"[14.0,16.0,16.0,16.0,16.0,16.0]",0,1,ev,seed1_l0_sae_k16_s0,P7,READ,20000,experiment_v1_4/phase_archives/P7/v1_4_p7_return_1790455082926962917.zip::runs/seed1_l0_sae_k16_s0/semantic.json,0,test,h reconstruction,sae,0.9996385168977431
,,,fidelity,bb505254dfde1587e2497238448fd2117f7b1a2292a84497db8fdfb81127e555,,,point estimate; empirical LM/sparse ranges reported separately,h,16,"[14.0,16.0,16.0,16.0,16.0,16.0]",0,1,inactive_fraction,seed1_l0_sae_k16_s0,P7,READ,20000,experiment_v1_4/phase_archives/P7/v1_4_p7_return_1790455082926962917.zip::runs/seed1_l0_sae_k16_s0/semantic.json,0,test,h reconstruction,sae,0.576171875
,,,fidelity,bb505254dfde1587e2497238448fd2117f7b1a2292a84497db8fdfb81127e555,,,point estimate; empirical LM/sparse ranges reported separately,h,16,"[14.0,16.0,16.0,16.0,16.0,16.0]",0,1,inactive_count,seed1_l0_sae_k16_s0,P7,READ,20000,experiment_v1_4/phase_archives/P7/v1_4_p7_return_1790455082926962917.zip::runs/seed1_l0_sae_k16_s0/semantic.json,0,test,h reconstruction,sae,295
,,,fidelity,bb505254dfde1587e2497238448fd2117f7b1a2292a84497db8fdfb81127e555,,,point estimate; empirical LM/sparse ranges reported separately,h,16,"[14.0,16.0,16.0,16.0,16.0,16.0]",0,1,l0_mean,seed1_l0_sae_k16_s0,P7,READ,20000,experiment_v1_4/phase_archives/P7/v1_4_p7_return_1790455082926962917.zip::runs/seed1_l0_sae_k16_s0/semantic.json,0,test,h reconstruction,sae,15.9992
,,,fidelity,bb505254dfde1587e2497238448fd2117f7b1a2292a84497db8fdfb81127e555,,,point estimate; empirical LM/sparse ranges reported separately,h,16,"[14.0,16.0,16.0,16.0,16.0,16.0]",0,1,l0_median,seed1_l0_sae_k16_s0,P7,READ,20000,experiment_v1_4/phase_archives/P7/v1_4_p7_return_1790455082926962917.zip::runs/seed1_l0_sae_k16_s0/semantic.json,0,test,h reconstruction,sae,16.0
,,,fidelity,bb505254dfde1587e2497238448fd2117f7b1a2292a84497db8fdfb81127e555,,,point estimate; empirical LM/sparse ranges reported separately,h,16,"[14.0,16.0,16.0,16.0,16.0,16.0]",0,1,dead_fraction,seed1_l0_sae_k16_s0,P7,READ,20000,experiment_v1_4/phase_archives/P7/v1_4_p7_return_1790455082926962917.zip::runs/seed1_l0_sae_k16_s0/semantic.json,0,test,h reconstruction,sae,0.51171875
1000,13165213139060102046,1000,replacement,bb505254dfde1587e2497238448fd2117f7b1a2292a84497db8fdfb81127e555,0.0024818378455325084,0.0001524740709949679,,h,16,,0,1,original_ce,seed1_l0_sae_k16_s0,P7,READ,2048,experiment_v1_4/phase_archives/P7/v1_4_p7_return_1790455082926962917.zip::runs/seed1_l0_sae_k16_s0/summary.json,0,behavior_test,h reconstruction,sae,0.0008930913189741929
1000,13165213139060102046,1000,replacement,bb505254dfde1587e2497238448fd2117f7b1a2292a84497db8fdfb81127e555,0.0024791146953231035,0.0001523528985818423,,h,16,,0,1,patched_ce,seed1_l0_sae_k16_s0,P7,READ,2048,experiment_v1_4/phase_archives/P7/v1_4_p7_return_1790455082926962917.zip::runs/seed1_l0_sae_k16_s0/summary.json,0,behavior_test,h reconstruction,sae,0.0008936254541045408
1000,13165213139060102046,1000,replacement,bb505254dfde1587e2497238448fd2117f7b1a2292a84497db8fdfb81127e555,3.232767606753395e-06,-1.5681700484160288e-06,,h,16,,0,1,delta_ce,seed1_l0_sae_k16_s0,P7,READ,2048,experiment_v1_4/phase_archives/P7/v1_4_p7_return_1790455082926962917.zip::runs/seed1_l0_sae_k16_s0/summary.json,0,behavior_test,h reconstruction,sae,5.341351303478348e-07
1000,13165213139060102046,1000,replacement,bb505254dfde1587e2497238448fd2117f7b1a2292a84497db8fdfb81127e555,1.0,0.998046875,,h,16,,0,1,original_accuracy,seed1_l0_sae_k16_s0,P7,READ,2048,experiment_v1_4/phase_archives/P7/v1_4_p7_return_1790455082926962917.zip::runs/seed1_l0_sae_k16_s0/summary.json,0,behavior_test,h reconstruction,sae,0.99951171875
1000,13165213139060102046,1000,replacement,bb505254dfde1587e2497238448fd2117f7b1a2292a84497db8fdfb81127e555,1.0,0.998046875,,h,16,,0,1,patched_accuracy,seed1_l0_sae_k16_s0,P7,READ,2048,experiment_v1_4/phase_archives/P7/v1_4_p7_return_1790455082926962917.zip::runs/seed1_l0_sae_k16_s0/summary.json,0,behavior_test,h reconstruction,sae,0.99951171875
1000,13165213139060102046,1000,replacement,bb505254dfde1587e2497238448fd2117f7b1a2292a84497db8fdfb81127e555,0.0,0.0,,h,16,,0,1,delta_accuracy,seed1_l0_sae_k16_s0,P7,READ,2048,experiment_v1_4/phase_archives/P7/v1_4_p7_return_1790455082926962917.zip::runs/seed1_l0_sae_k16_s0/summary.json,0,behavior_test,h reconstruction,sae,0.0
,,,fidelity,bb505254dfde1587e2497238448fd2117f7b1a2292a84497db8fdfb81127e555,,,point estimate; empirical LM/sparse ranges reported separately,h,4,"[4.0,4.0,4.0,4.0,4.0,4.0]",3,1,mse,seed1_l3_sae_k4_s0,P7,READ,50000,experiment_v1_4/phase_archives/P7/v1_4_p7_return_1790455082926962917.zip::runs/seed1_l3_sae_k4_s0/semantic.json,0,train,h reconstruction,sae,0.04978936172712953
,,,fidelity,bb505254dfde1587e2497238448fd2117f7b1a2292a84497db8fdfb81127e555,,,point estimate; empirical LM/sparse ranges reported separately,h,4,"[4.0,4.0,4.0,4.0,4.0,4.0]",3,1,nmse,seed1_l3_sae_k4_s0,P7,READ,50000,experiment_v1_4/phase_archives/P7/v1_4_p7_return_1790455082926962917.zip::runs/seed1_l3_sae_k4_s0/semantic.json,0,train,h reconstruction,sae,0.049789357892249905
,,,fidelity,bb505254dfde1587e2497238448fd2117f7b1a2292a84497db8fdfb81127e555,,,point estimate; empirical LM/sparse ranges reported separately,h,4,"[4.0,4.0,4.0,4.0,4.0,4.0]",3,1,r2,seed1_l3_sae_k4_s0,P7,READ,50000,experiment_v1_4/phase_archives/P7/v1_4_p7_return_1790455082926962917.zip::runs/seed1_l3_sae_k4_s0/semantic.json,0,train,h reconstruction,sae,0.9502106421077501
,,,fidelity,bb505254dfde1587e2497238448fd2117f7b1a2292a84497db8fdfb81127e555,,,point estimate; empirical LM/sparse ranges reported separately,h,4,"[4.0,4.0,4.0,4.0,4.0,4.0]",3,1,ev,seed1_l3_sae_k4_s0,P7,READ,50000,experiment_v1_4/phase_archives/P7/v1_4_p7_return_1790455082926962917.zip::runs/seed1_l3_sae_k4_s0/semantic.json,0,train,h reconstruction,sae,0.950258135671862
,,,fidelity,bb505254dfde1587e2497238448fd2117f7b1a2292a84497db8fdfb81127e555,,,point estimate; empirical LM/sparse ranges reported separately,h,4,"[4.0,4.0,4.0,4.0,4.0,4.0]",3,1,inactive_fraction,seed1_l3_sae_k4_s0,P7,READ,50000,experiment_v1_4/phase_archives/P7/v1_4_p7_return_1790455082926962917.zip::runs/seed1_l3_sae_k4_s0/semantic.json,0,train,h reconstruction,sae,0.765625
,,,fidelity,bb505254dfde1587e2497238448fd2117f7b1a2292a84497db8fdfb81127e555,,,point estimate; empirical LM/sparse ranges reported separately,h,4,"[4.0,4.0,4.0,4.0,4.0,4.0]",3,1,inactive_count,seed1_l3_sae_k4_s0,P7,READ,50000,experiment_v1_4/phase_archives/P7/v1_4_p7_return_1790455082926962917.zip::runs/seed1_l3_sae_k4_s0/semantic.json,0,train,h reconstruction,sae,392
,,,fidelity,bb505254dfde1587e2497238448fd2117f7b1a2292a84497db8fdfb81127e555,,,point estimate; empirical LM/sparse ranges reported separately,h,4,"[4.0,4.0,4.0,4.0,4.0,4.0]",3,1,l0_mean,seed1_l3_sae_k4_s0,P7,READ,50000,experiment_v1_4/phase_archives/P7/v1_4_p7_return_1790455082926962917.zip::runs/seed1_l3_sae_k4_s0/semantic.json,0,train,h reconstruction,sae,4.0
,,,fidelity,bb505254dfde1587e2497238448fd2117f7b1a2292a84497db8fdfb81127e555,,,point estimate; empirical LM/sparse ranges reported separately,h,4,"[4.0,4.0,4.0,4.0,4.0,4.0]",3,1,l0_median,seed1_l3_sae_k4_s0,P7,READ,50000,experiment_v1_4/phase_archives/P7/v1_4_p7_return_1790455082926962917.zip::runs/seed1_l3_sae_k4_s0/semantic.json,0,train,h reconstruction,sae,4.0
,,,fidelity,bb505254dfde1587e2497238448fd2117f7b1a2292a84497db8fdfb81127e555,,,point estimate; empirical LM/sparse ranges reported separately,h,4,"[4.0,4.0,4.0,4.0,4.0,4.0]",3,1,dead_fraction,seed1_l3_sae_k4_s0,P7,READ,50000,experiment_v1_4/phase_archives/P7/v1_4_p7_return_1790455082926962917.zip::runs/seed1_l3_sae_k4_s0/semantic.json,0,train,h reconstruction,sae,0.765625
,,,fidelity,bb505254dfde1587e2497238448fd2117f7b1a2292a84497db8fdfb81127e555,,,point estimate; empirical LM/sparse ranges reported separately,h,4,"[4.0,4.0,4.0,4.0,4.0,4.0]",3,1,mse,seed1_l3_sae_k4_s0,P7,READ,10000,experiment_v1_4/phase_archives/P7/v1_4_p7_return_1790455082926962917.zip::runs/seed1_l3_sae_k4_s0/semantic.json,0,val,h reconstruction,sae,0.05063658856065629
,,,fidelity,bb505254dfde1587e2497238448fd2117f7b1a2292a84497db8fdfb81127e555,,,point estimate; empirical LM/sparse ranges reported separately,h,4,"[4.0,4.0,4.0,4.0,4.0,4.0]",3,1,nmse,seed1_l3_sae_k4_s0,P7,READ,10000,experiment_v1_4/phase_archives/P7/v1_4_p7_return_1790455082926962917.zip::runs/seed1_l3_sae_k4_s0/semantic.json,0,val,h reconstruction,sae,0.0504225884907543
,,,fidelity,bb505254dfde1587e2497238448fd2117f7b1a2292a84497db8fdfb81127e555,,,point estimate; empirical LM/sparse ranges reported separately,h,4,"[4.0,4.0,4.0,4.0,4.0,4.0]",3,1,r2,seed1_l3_sae_k4_s0,P7,READ,10000,experiment_v1_4/phase_archives/P7/v1_4_p7_return_1790455082926962917.zip::runs/seed1_l3_sae_k4_s0/semantic.json,0,val,h reconstruction,sae,0.9495681420558905
,,,fidelity,bb505254dfde1587e2497238448fd2117f7b1a2292a84497db8fdfb81127e555,,,point estimate; empirical LM/sparse ranges reported separately,h,4,"[4.0,4.0,4.0,4.0,4.0,4.0]",3,1,ev,seed1_l3_sae_k4_s0,P7,READ,10000,experiment_v1_4/phase_archives/P7/v1_4_p7_return_1790455082926962917.zip::runs/seed1_l3_sae_k4_s0/semantic.json,0,val,h reconstruction,sae,0.94963481587634
,,,fidelity,bb505254dfde1587e2497238448fd2117f7b1a2292a84497db8fdfb81127e555,,,point estimate; empirical LM/sparse ranges reported separately,h,4,"[4.0,4.0,4.0,4.0,4.0,4.0]",3,1,inactive_fraction,seed1_l3_sae_k4_s0,P7,READ,10000,experiment_v1_4/phase_archives/P7/v1_4_p7_return_1790455082926962917.zip::runs/seed1_l3_sae_k4_s0/semantic.json,0,val,h reconstruction,sae,0.806640625
,,,fidelity,bb505254dfde1587e2497238448fd2117f7b1a2292a84497db8fdfb81127e555,,,point estimate; empirical LM/sparse ranges reported separately,h,4,"[4.0,4.0,4.0,4.0,4.0,4.0]",3,1,inactive_count,seed1_l3_sae_k4_s0,P7,READ,10000,experiment_v1_4/phase_archives/P7/v1_4_p7_return_1790455082926962917.zip::runs/seed1_l3_sae_k4_s0/semantic.json,0,val,h reconstruction,sae,413
,,,fidelity,bb505254dfde1587e2497238448fd2117f7b1a2292a84497db8fdfb81127e555,,,point estimate; empirical LM/sparse ranges reported separately,h,4,"[4.0,4.0,4.0,4.0,4.0,4.0]",3,1,l0_mean,seed1_l3_sae_k4_s0,P7,READ,10000,experiment_v1_4/phase_archives/P7/v1_4_p7_return_1790455082926962917.zip::runs/seed1_l3_sae_k4_s0/semantic.json,0,val,h reconstruction,sae,4.0
,,,fidelity,bb505254dfde1587e2497238448fd2117f7b1a2292a84497db8fdfb81127e555,,,point estimate; empirical LM/sparse ranges reported separately,h,4,"[4.0,4.0,4.0,4.0,4.0,4.0]",3,1,l0_median,seed1_l3_sae_k4_s0,P7,READ,10000,experiment_v1_4/phase_archives/P7/v1_4_p7_return_1790455082926962917.zip::runs/seed1_l3_sae_k4_s0/semantic.json,0,val,h reconstruction,sae,4.0
,,,fidelity,bb505254dfde1587e2497238448fd2117f7b1a2292a84497db8fdfb81127e555,,,point estimate; empirical LM/sparse ranges reported separately,h,4,"[4.0,4.0,4.0,4.0,4.0,4.0]",3,1,dead_fraction,seed1_l3_sae_k4_s0,P7,READ,10000,experiment_v1_4/phase_archives/P7/v1_4_p7_return_1790455082926962917.zip::runs/seed1_l3_sae_k4_s0/semantic.json,0,val,h reconstruction,sae,0.765625
,,,fidelity,bb505254dfde1587e2497238448fd2117f7b1a2292a84497db8fdfb81127e555,,,point estimate; empirical LM/sparse ranges reported separately,h,4,"[4.0,4.0,4.0,4.0,4.0,4.0]",3,1,mse,seed1_l3_sae_k4_s0,P7,READ,20000,experiment_v1_4/phase_archives/P7/v1_4_p7_return_1790455082926962917.zip::runs/seed1_l3_sae_k4_s0/semantic.json,0,test,h reconstruction,sae,0.05049645034517165
,,,fidelity,bb505254dfde1587e2497238448fd2117f7b1a2292a84497db8fdfb81127e555,,,point estimate; empirical LM/sparse ranges reported separately,h,4,"[4.0,4.0,4.0,4.0,4.0,4.0]",3,1,nmse,seed1_l3_sae_k4_s0,P7,READ,20000,experiment_v1_4/phase_archives/P7/v1_4_p7_return_1790455082926962917.zip::runs/seed1_l3_sae_k4_s0/semantic.json,0,test,h reconstruction,sae,0.05055892433313115
,,,fidelity,bb505254dfde1587e2497238448fd2117f7b1a2292a84497db8fdfb81127e555,,,point estimate; empirical LM/sparse ranges reported separately,h,4,"[4.0,4.0,4.0,4.0,4.0,4.0]",3,1,r2,seed1_l3_sae_k4_s0,P7,READ,20000,experiment_v1_4/phase_archives/P7/v1_4_p7_return_1790455082926962917.zip::runs/seed1_l3_sae_k4_s0/semantic.json,0,test,h reconstruction,sae,0.9494401899203404
,,,fidelity,bb505254dfde1587e2497238448fd2117f7b1a2292a84497db8fdfb81127e555,,,point estimate; empirical LM/sparse ranges reported separately,h,4,"[4.0,4.0,4.0,4.0,4.0,4.0]",3,1,ev,seed1_l3_sae_k4_s0,P7,READ,20000,experiment_v1_4/phase_archives/P7/v1_4_p7_return_1790455082926962917.zip::runs/seed1_l3_sae_k4_s0/semantic.json,0,test,h reconstruction,sae,0.9494998752086914
,,,fidelity,bb505254dfde1587e2497238448fd2117f7b1a2292a84497db8fdfb81127e555,,,point estimate; empirical LM/sparse ranges reported separately,h,4,"[4.0,4.0,4.0,4.0,4.0,4.0]",3,1,inactive_fraction,seed1_l3_sae_k4_s0,P7,READ,20000,experiment_v1_4/phase_archives/P7/v1_4_p7_return_1790455082926962917.zip::runs/seed1_l3_sae_k4_s0/semantic.json,0,test,h reconstruction,sae,0.7890625
,,,fidelity,bb505254dfde1587e2497238448fd2117f7b1a2292a84497db8fdfb81127e555,,,point estimate; empirical LM/sparse ranges reported separately,h,4,"[4.0,4.0,4.0,4.0,4.0,4.0]",3,1,inactive_count,seed1_l3_sae_k4_s0,P7,READ,20000,experiment_v1_4/phase_archives/P7/v1_4_p7_return_1790455082926962917.zip::runs/seed1_l3_sae_k4_s0/semantic.json,0,test,h reconstruction,sae,404
,,,fidelity,bb505254dfde1587e2497238448fd2117f7b1a2292a84497db8fdfb81127e555,,,point estimate; empirical LM/sparse ranges reported separately,h,4,"[4.0,4.0,4.0,4.0,4.0,4.0]",3,1,l0_mean,seed1_l3_sae_k4_s0,P7,READ,20000,experiment_v1_4/phase_archives/P7/v1_4_p7_return_1790455082926962917.zip::runs/seed1_l3_sae_k4_s0/semantic.json,0,test,h reconstruction,sae,4.0
,,,fidelity,bb505254dfde1587e2497238448fd2117f7b1a2292a84497db8fdfb81127e555,,,point estimate; empirical LM/sparse ranges reported separately,h,4,"[4.0,4.0,4.0,4.0,4.0,4.0]",3,1,l0_median,seed1_l3_sae_k4_s0,P7,READ,20000,experiment_v1_4/phase_archives/P7/v1_4_p7_return_1790455082926962917.zip::runs/seed1_l3_sae_k4_s0/semantic.json,0,test,h reconstruction,sae,4.0
,,,fidelity,bb505254dfde1587e2497238448fd2117f7b1a2292a84497db8fdfb81127e555,,,point estimate; empirical LM/sparse ranges reported separately,h,4,"[4.0,4.0,4.0,4.0,4.0,4.0]",3,1,dead_fraction,seed1_l3_sae_k4_s0,P7,READ,20000,experiment_v1_4/phase_archives/P7/v1_4_p7_return_1790455082926962917.zip::runs/seed1_l3_sae_k4_s0/semantic.json,0,test,h reconstruction,sae,0.765625
1000,15774417239377126318,1000,replacement,bb505254dfde1587e2497238448fd2117f7b1a2292a84497db8fdfb81127e555,0.00223262489244016,0.0001431569346053485,,h,4,,3,1,original_ce,seed1_l3_sae_k4_s0,P7,READ,2048,experiment_v1_4/phase_archives/P7/v1_4_p7_return_1790455082926962917.zip::runs/seed1_l3_sae_k4_s0/summary.json,0,behavior_test,h reconstruction,sae,0.0008930913189741929
1000,15774417239377126318,1000,replacement,bb505254dfde1587e2497238448fd2117f7b1a2292a84497db8fdfb81127e555,0.0024434141301681194,0.00017313879107914155,,h,4,,3,1,patched_ce,seed1_l3_sae_k4_s0,P7,READ,2048,experiment_v1_4/phase_archives/P7/v1_4_p7_return_1790455082926962917.zip::runs/seed1_l3_sae_k4_s0/summary.json,0,behavior_test,h reconstruction,sae,0.0010721575305048248
1000,15774417239377126318,1000,replacement,bb505254dfde1587e2497238448fd2117f7b1a2292a84497db8fdfb81127e555,0.0005065989830975723,-4.7911615492479685e-05,,h,4,,3,1,delta_ce,seed1_l3_sae_k4_s0,P7,READ,2048,experiment_v1_4/phase_archives/P7/v1_4_p7_return_1790455082926962917.zip::runs/seed1_l3_sae_k4_s0/summary.json,0,behavior_test,h reconstruction,sae,0.00017906621240415532
1000,15774417239377126318,1000,replacement,bb505254dfde1587e2497238448fd2117f7b1a2292a84497db8fdfb81127e555,1.0,0.99853515625,,h,4,,3,1,original_accuracy,seed1_l3_sae_k4_s0,P7,READ,2048,experiment_v1_4/phase_archives/P7/v1_4_p7_return_1790455082926962917.zip::runs/seed1_l3_sae_k4_s0/summary.json,0,behavior_test,h reconstruction,sae,0.99951171875
1000,15774417239377126318,1000,replacement,bb505254dfde1587e2497238448fd2117f7b1a2292a84497db8fdfb81127e555,1.0,0.99853515625,,h,4,,3,1,patched_accuracy,seed1_l3_sae_k4_s0,P7,READ,2048,experiment_v1_4/phase_archives/P7/v1_4_p7_return_1790455082926962917.zip::runs/seed1_l3_sae_k4_s0/summary.json,0,behavior_test,h reconstruction,sae,0.99951171875
1000,15774417239377126318,1000,replacement,bb505254dfde1587e2497238448fd2117f7b1a2292a84497db8fdfb81127e555,0.0,0.0,,h,4,,3,1,delta_accuracy,seed1_l3_sae_k4_s0,P7,READ,2048,experiment_v1_4/phase_archives/P7/v1_4_p7_return_1790455082926962917.zip::runs/seed1_l3_sae_k4_s0/summary.json,0,behavior_test,h reconstruction,sae,0.0
,,,fidelity,bb505254dfde1587e2497238448fd2117f7b1a2292a84497db8fdfb81127e555,,,point estimate; empirical LM/sparse ranges reported separately,h,16,"[16.0,16.0,16.0,16.0,16.0,16.0]",3,1,mse,seed1_l3_sae_k16_s0,P7,READ,50000,experiment_v1_4/phase_archives/P7/v1_4_p7_return_1790455082926962917.zip::runs/seed1_l3_sae_k16_s0/semantic.json,0,train,h reconstruction,sae,0.008687390316414962
,,,fidelity,bb505254dfde1587e2497238448fd2117f7b1a2292a84497db8fdfb81127e555,,,point estimate; empirical LM/sparse ranges reported separately,h,16,"[16.0,16.0,16.0,16.0,16.0,16.0]",3,1,nmse,seed1_l3_sae_k16_s0,P7,READ,50000,experiment_v1_4/phase_archives/P7/v1_4_p7_return_1790455082926962917.zip::runs/seed1_l3_sae_k16_s0/semantic.json,0,train,h reconstruction,sae,0.00868738964729419
,,,fidelity,bb505254dfde1587e2497238448fd2117f7b1a2292a84497db8fdfb81127e555,,,point estimate; empirical LM/sparse ranges reported separately,h,16,"[16.0,16.0,16.0,16.0,16.0,16.0]",3,1,r2,seed1_l3_sae_k16_s0,P7,READ,50000,experiment_v1_4/phase_archives/P7/v1_4_p7_return_1790455082926962917.zip::runs/seed1_l3_sae_k16_s0/semantic.json,0,train,h reconstruction,sae,0.9913126103527058
,,,fidelity,bb505254dfde1587e2497238448fd2117f7b1a2292a84497db8fdfb81127e555,,,point estimate; empirical LM/sparse ranges reported separately,h,16,"[16.0,16.0,16.0,16.0,16.0,16.0]",3,1,ev,seed1_l3_sae_k16_s0,P7,READ,50000,experiment_v1_4/phase_archives/P7/v1_4_p7_return_1790455082926962917.zip::runs/seed1_l3_sae_k16_s0/semantic.json,0,train,h reconstruction,sae,0.9913428842454487
,,,fidelity,bb505254dfde1587e2497238448fd2117f7b1a2292a84497db8fdfb81127e555,,,point estimate; empirical LM/sparse ranges reported separately,h,16,"[16.0,16.0,16.0,16.0,16.0,16.0]",3,1,inactive_fraction,seed1_l3_sae_k16_s0,P7,READ,50000,experiment_v1_4/phase_archives/P7/v1_4_p7_return_1790455082926962917.zip::runs/seed1_l3_sae_k16_s0/semantic.json,0,train,h reconstruction,sae,0.5703125
,,,fidelity,bb505254dfde1587e2497238448fd2117f7b1a2292a84497db8fdfb81127e555,,,point estimate; empirical LM/sparse ranges reported separately,h,16,"[16.0,16.0,16.0,16.0,16.0,16.0]",3,1,inactive_count,seed1_l3_sae_k16_s0,P7,READ,50000,experiment_v1_4/phase_archives/P7/v1_4_p7_return_1790455082926962917.zip::runs/seed1_l3_sae_k16_s0/semantic.json,0,train,h reconstruction,sae,292
,,,fidelity,bb505254dfde1587e2497238448fd2117f7b1a2292a84497db8fdfb81127e555,,,point estimate; empirical LM/sparse ranges reported separately,h,16,"[16.0,16.0,16.0,16.0,16.0,16.0]",3,1,l0_mean,seed1_l3_sae_k16_s0,P7,READ,50000,experiment_v1_4/phase_archives/P7/v1_4_p7_return_1790455082926962917.zip::runs/seed1_l3_sae_k16_s0/semantic.json,0,train,h reconstruction,sae,16.0
,,,fidelity,bb505254dfde1587e2497238448fd2117f7b1a2292a84497db8fdfb81127e555,,,point estimate; empirical LM/sparse ranges reported separately,h,16,"[16.0,16.0,16.0,16.0,16.0,16.0]",3,1,l0_median,seed1_l3_sae_k16_s0,P7,READ,50000,experiment_v1_4/phase_archives/P7/v1_4_p7_return_1790455082926962917.zip::runs/seed1_l3_sae_k16_s0/semantic.json,0,train,h reconstruction,sae,16.0
,,,fidelity,bb505254dfde1587e2497238448fd2117f7b1a2292a84497db8fdfb81127e555,,,point estimate; empirical LM/sparse ranges reported separately,h,16,"[16.0,16.0,16.0,16.0,16.0,16.0]",3,1,dead_fraction,seed1_l3_sae_k16_s0,P7,READ,50000,experiment_v1_4/phase_archives/P7/v1_4_p7_return_1790455082926962917.zip::runs/seed1_l3_sae_k16_s0/semantic.json,0,train,h reconstruction,sae,0.5703125
,,,fidelity,bb505254dfde1587e2497238448fd2117f7b1a2292a84497db8fdfb81127e555,,,point estimate; empirical LM/sparse ranges reported separately,h,16,"[16.0,16.0,16.0,16.0,16.0,16.0]",3,1,mse,seed1_l3_sae_k16_s0,P7,READ,10000,experiment_v1_4/phase_archives/P7/v1_4_p7_return_1790455082926962917.zip::runs/seed1_l3_sae_k16_s0/semantic.json,0,val,h reconstruction,sae,0.008835966603174717
,,,fidelity,bb505254dfde1587e2497238448fd2117f7b1a2292a84497db8fdfb81127e555,,,point estimate; empirical LM/sparse ranges reported separately,h,16,"[16.0,16.0,16.0,16.0,16.0,16.0]",3,1,nmse,seed1_l3_sae_k16_s0,P7,READ,10000,experiment_v1_4/phase_archives/P7/v1_4_p7_return_1790455082926962917.zip::runs/seed1_l3_sae_k16_s0/semantic.json,0,val,h reconstruction,sae,0.008798624090093176
,,,fidelity,bb505254dfde1587e2497238448fd2117f7b1a2292a84497db8fdfb81127e555,,,point estimate; empirical LM/sparse ranges reported separately,h,16,"[16.0,16.0,16.0,16.0,16.0,16.0]",3,1,r2,seed1_l3_sae_k16_s0,P7,READ,10000,experiment_v1_4/phase_archives/P7/v1_4_p7_return_1790455082926962917.zip::runs/seed1_l3_sae_k16_s0/semantic.json,0,val,h reconstruction,sae,0.9911997584119157
,,,fidelity,bb505254dfde1587e2497238448fd2117f7b1a2292a84497db8fdfb81127e555,,,point estimate; empirical LM/sparse ranges reported separately,h,16,"[16.0,16.0,16.0,16.0,16.0,16.0]",3,1,ev,seed1_l3_sae_k16_s0,P7,READ,10000,experiment_v1_4/phase_archives/P7/v1_4_p7_return_1790455082926962917.zip::runs/seed1_l3_sae_k16_s0/semantic.json,0,val,h reconstruction,sae,0.9912299213090309
,,,fidelity,bb505254dfde1587e2497238448fd2117f7b1a2292a84497db8fdfb81127e555,,,point estimate; empirical LM/sparse ranges reported separately,h,16,"[16.0,16.0,16.0,16.0,16.0,16.0]",3,1,inactive_fraction,seed1_l3_sae_k16_s0,P7,READ,10000,experiment_v1_4/phase_archives/P7/v1_4_p7_return_1790455082926962917.zip::runs/seed1_l3_sae_k16_s0/semantic.json,0,val,h reconstruction,sae,0.640625
,,,fidelity,bb505254dfde1587e2497238448fd2117f7b1a2292a84497db8fdfb81127e555,,,point estimate; empirical LM/sparse ranges reported separately,h,16,"[16.0,16.0,16.0,16.0,16.0,16.0]",3,1,inactive_count,seed1_l3_sae_k16_s0,P7,READ,10000,experiment_v1_4/phase_archives/P7/v1_4_p7_return_1790455082926962917.zip::runs/seed1_l3_sae_k16_s0/semantic.json,0,val,h reconstruction,sae,328
,,,fidelity,bb505254dfde1587e2497238448fd2117f7b1a2292a84497db8fdfb81127e555,,,point estimate; empirical LM/sparse ranges reported separately,h,16,"[16.0,16.0,16.0,16.0,16.0,16.0]",3,1,l0_mean,seed1_l3_sae_k16_s0,P7,READ,10000,experiment_v1_4/phase_archives/P7/v1_4_p7_return_1790455082926962917.zip::runs/seed1_l3_sae_k16_s0/semantic.json,0,val,h reconstruction,sae,16.0
,,,fidelity,bb505254dfde1587e2497238448fd2117f7b1a2292a84497db8fdfb81127e555,,,point estimate; empirical LM/sparse ranges reported separately,h,16,"[16.0,16.0,16.0,16.0,16.0,16.0]",3,1,l0_median,seed1_l3_sae_k16_s0,P7,READ,10000,experiment_v1_4/phase_archives/P7/v1_4_p7_return_1790455082926962917.zip::runs/seed1_l3_sae_k16_s0/semantic.json,0,val,h reconstruction,sae,16.0
,,,fidelity,bb505254dfde1587e2497238448fd2117f7b1a2292a84497db8fdfb81127e555,,,point estimate; empirical LM/sparse ranges reported separately,h,16,"[16.0,16.0,16.0,16.0,16.0,16.0]",3,1,dead_fraction,seed1_l3_sae_k16_s0,P7,READ,10000,experiment_v1_4/phase_archives/P7/v1_4_p7_return_1790455082926962917.zip::runs/seed1_l3_sae_k16_s0/semantic.json,0,val,h reconstruction,sae,0.5703125
,,,fidelity,bb505254dfde1587e2497238448fd2117f7b1a2292a84497db8fdfb81127e555,,,point estimate; empirical LM/sparse ranges reported separately,h,16,"[16.0,16.0,16.0,16.0,16.0,16.0]",3,1,mse,seed1_l3_sae_k16_s0,P7,READ,20000,experiment_v1_4/phase_archives/P7/v1_4_p7_return_1790455082926962917.zip::runs/seed1_l3_sae_k16_s0/semantic.json,0,test,h reconstruction,sae,0.008815636773980961
,,,fidelity,bb505254dfde1587e2497238448fd2117f7b1a2292a84497db8fdfb81127e555,,,point estimate; empirical LM/sparse ranges reported separately,h,16,"[16.0,16.0,16.0,16.0,16.0,16.0]",3,1,nmse,seed1_l3_sae_k16_s0,P7,READ,20000,experiment_v1_4/phase_archives/P7/v1_4_p7_return_1790455082926962917.zip::runs/seed1_l3_sae_k16_s0/semantic.json,0,test,h reconstruction,sae,0.008826543441319128
,,,fidelity,bb505254dfde1587e2497238448fd2117f7b1a2292a84497db8fdfb81127e555,,,point estimate; empirical LM/sparse ranges reported separately,h,16,"[16.0,16.0,16.0,16.0,16.0,16.0]",3,1,r2,seed1_l3_sae_k16_s0,P7,READ,20000,experiment_v1_4/phase_archives/P7/v1_4_p7_return_1790455082926962917.zip::runs/seed1_l3_sae_k16_s0/semantic.json,0,test,h reconstruction,sae,0.99117330192564
,,,fidelity,bb505254dfde1587e2497238448fd2117f7b1a2292a84497db8fdfb81127e555,,,point estimate; empirical LM/sparse ranges reported separately,h,16,"[16.0,16.0,16.0,16.0,16.0,16.0]",3,1,ev,seed1_l3_sae_k16_s0,P7,READ,20000,experiment_v1_4/phase_archives/P7/v1_4_p7_return_1790455082926962917.zip::runs/seed1_l3_sae_k16_s0/semantic.json,0,test,h reconstruction,sae,0.9912053065383399
,,,fidelity,bb505254dfde1587e2497238448fd2117f7b1a2292a84497db8fdfb81127e555,,,point estimate; empirical LM/sparse ranges reported separately,h,16,"[16.0,16.0,16.0,16.0,16.0,16.0]",3,1,inactive_fraction,seed1_l3_sae_k16_s0,P7,READ,20000,experiment_v1_4/phase_archives/P7/v1_4_p7_return_1790455082926962917.zip::runs/seed1_l3_sae_k16_s0/semantic.json,0,test,h reconstruction,sae,0.609375
,,,fidelity,bb505254dfde1587e2497238448fd2117f7b1a2292a84497db8fdfb81127e555,,,point estimate; empirical LM/sparse ranges reported separately,h,16,"[16.0,16.0,16.0,16.0,16.0,16.0]",3,1,inactive_count,seed1_l3_sae_k16_s0,P7,READ,20000,experiment_v1_4/phase_archives/P7/v1_4_p7_return_1790455082926962917.zip::runs/seed1_l3_sae_k16_s0/semantic.json,0,test,h reconstruction,sae,312
,,,fidelity,bb505254dfde1587e2497238448fd2117f7b1a2292a84497db8fdfb81127e555,,,point estimate; empirical LM/sparse ranges reported separately,h,16,"[16.0,16.0,16.0,16.0,16.0,16.0]",3,1,l0_mean,seed1_l3_sae_k16_s0,P7,READ,20000,experiment_v1_4/phase_archives/P7/v1_4_p7_return_1790455082926962917.zip::runs/seed1_l3_sae_k16_s0/semantic.json,0,test,h reconstruction,sae,16.0
,,,fidelity,bb505254dfde1587e2497238448fd2117f7b1a2292a84497db8fdfb81127e555,,,point estimate; empirical LM/sparse ranges reported separately,h,16,"[16.0,16.0,16.0,16.0,16.0,16.0]",3,1,l0_median,seed1_l3_sae_k16_s0,P7,READ,20000,experiment_v1_4/phase_archives/P7/v1_4_p7_return_1790455082926962917.zip::runs/seed1_l3_sae_k16_s0/semantic.json,0,test,h reconstruction,sae,16.0
,,,fidelity,bb505254dfde1587e2497238448fd2117f7b1a2292a84497db8fdfb81127e555,,,point estimate; empirical LM/sparse ranges reported separately,h,16,"[16.0,16.0,16.0,16.0,16.0,16.0]",3,1,dead_fraction,seed1_l3_sae_k16_s0,P7,READ,20000,experiment_v1_4/phase_archives/P7/v1_4_p7_return_1790455082926962917.zip::runs/seed1_l3_sae_k16_s0/semantic.json,0,test,h reconstruction,sae,0.5703125
1000,13165213139060102046,1000,replacement,bb505254dfde1587e2497238448fd2117f7b1a2292a84497db8fdfb81127e555,0.0024818378455325084,0.0001524740709949679,,h,16,,3,1,original_ce,seed1_l3_sae_k16_s0,P7,READ,2048,experiment_v1_4/phase_archives/P7/v1_4_p7_return_1790455082926962917.zip::runs/seed1_l3_sae_k16_s0/summary.json,0,behavior_test,h reconstruction,sae,0.0008930913189741929
1000,13165213139060102046,1000,replacement,bb505254dfde1587e2497238448fd2117f7b1a2292a84497db8fdfb81127e555,0.0023167591402467047,0.0001412778668151926,,h,16,,3,1,patched_ce,seed1_l3_sae_k16_s0,P7,READ,2048,experiment_v1_4/phase_archives/P7/v1_4_p7_return_1790455082926962917.zip::runs/seed1_l3_sae_k16_s0/summary.json,0,behavior_test,h reconstruction,sae,0.0008320443394307375
1000,13165213139060102046,1000,replacement,bb505254dfde1587e2497238448fd2117f7b1a2292a84497db8fdfb81127e555,-1.567926289458566e-06,-0.00016951859533210768,,h,16,,3,1,delta_ce,seed1_l3_sae_k16_s0,P7,READ,2048,experiment_v1_4/phase_archives/P7/v1_4_p7_return_1790455082926962917.zip::runs/seed1_l3_sae_k16_s0/summary.json,0,behavior_test,h reconstruction,sae,-6.104697954345539e-05
1000,13165213139060102046,1000,replacement,bb505254dfde1587e2497238448fd2117f7b1a2292a84497db8fdfb81127e555,1.0,0.998046875,,h,16,,3,1,original_accuracy,seed1_l3_sae_k16_s0,P7,READ,2048,experiment_v1_4/phase_archives/P7/v1_4_p7_return_1790455082926962917.zip::runs/seed1_l3_sae_k16_s0/summary.json,0,behavior_test,h reconstruction,sae,0.99951171875
1000,13165213139060102046,1000,replacement,bb505254dfde1587e2497238448fd2117f7b1a2292a84497db8fdfb81127e555,1.0,0.998046875,,h,16,,3,1,patched_accuracy,seed1_l3_sae_k16_s0,P7,READ,2048,experiment_v1_4/phase_archives/P7/v1_4_p7_return_1790455082926962917.zip::runs/seed1_l3_sae_k16_s0/summary.json,0,behavior_test,h reconstruction,sae,0.99951171875
1000,13165213139060102046,1000,replacement,bb505254dfde1587e2497238448fd2117f7b1a2292a84497db8fdfb81127e555,0.0,0.0,,h,16,,3,1,delta_accuracy,seed1_l3_sae_k16_s0,P7,READ,2048,experiment_v1_4/phase_archives/P7/v1_4_p7_return_1790455082926962917.zip::runs/seed1_l3_sae_k16_s0/summary.json,0,behavior_test,h reconstruction,sae,0.0
,,,fidelity,bb505254dfde1587e2497238448fd2117f7b1a2292a84497db8fdfb81127e555,,,point estimate; empirical LM/sparse ranges reported separately,h,4,"[4.0,4.0,4.0,4.0,4.0,4.0]",7,1,mse,seed1_l7_sae_k4_s0,P7,READ,50000,experiment_v1_4/phase_archives/P7/v1_4_p7_return_1790455082926962917.zip::runs/seed1_l7_sae_k4_s0/semantic.json,0,train,h reconstruction,sae,0.03832040920644215
,,,fidelity,bb505254dfde1587e2497238448fd2117f7b1a2292a84497db8fdfb81127e555,,,point estimate; empirical LM/sparse ranges reported separately,h,4,"[4.0,4.0,4.0,4.0,4.0,4.0]",7,1,nmse,seed1_l7_sae_k4_s0,P7,READ,50000,experiment_v1_4/phase_archives/P7/v1_4_p7_return_1790455082926962917.zip::runs/seed1_l7_sae_k4_s0/semantic.json,0,train,h reconstruction,sae,0.03832040982292489
,,,fidelity,bb505254dfde1587e2497238448fd2117f7b1a2292a84497db8fdfb81127e555,,,point estimate; empirical LM/sparse ranges reported separately,h,4,"[4.0,4.0,4.0,4.0,4.0,4.0]",7,1,r2,seed1_l7_sae_k4_s0,P7,READ,50000,experiment_v1_4/phase_archives/P7/v1_4_p7_return_1790455082926962917.zip::runs/seed1_l7_sae_k4_s0/semantic.json,0,train,h reconstruction,sae,0.9616795901770752
,,,fidelity,bb505254dfde1587e2497238448fd2117f7b1a2292a84497db8fdfb81127e555,,,point estimate; empirical LM/sparse ranges reported separately,h,4,"[4.0,4.0,4.0,4.0,4.0,4.0]",7,1,ev,seed1_l7_sae_k4_s0,P7,READ,50000,experiment_v1_4/phase_archives/P7/v1_4_p7_return_1790455082926962917.zip::runs/seed1_l7_sae_k4_s0/semantic.json,0,train,h reconstruction,sae,0.9617257094505839
,,,fidelity,bb505254dfde1587e2497238448fd2117f7b1a2292a84497db8fdfb81127e555,,,point estimate; empirical LM/sparse ranges reported separately,h,4,"[4.0,4.0,4.0,4.0,4.0,4.0]",7,1,inactive_fraction,seed1_l7_sae_k4_s0,P7,READ,50000,experiment_v1_4/phase_archives/P7/v1_4_p7_return_1790455082926962917.zip::runs/seed1_l7_sae_k4_s0/semantic.json,0,train,h reconstruction,sae,0.861328125
,,,fidelity,bb505254dfde1587e2497238448fd2117f7b1a2292a84497db8fdfb81127e555,,,point estimate; empirical LM/sparse ranges reported separately,h,4,"[4.0,4.0,4.0,4.0,4.0,4.0]",7,1,inactive_count,seed1_l7_sae_k4_s0,P7,READ,50000,experiment_v1_4/phase_archives/P7/v1_4_p7_return_1790455082926962917.zip::runs/seed1_l7_sae_k4_s0/semantic.json,0,train,h reconstruction,sae,441
,,,fidelity,bb505254dfde1587e2497238448fd2117f7b1a2292a84497db8fdfb81127e555,,,point estimate; empirical LM/sparse ranges reported separately,h,4,"[4.0,4.0,4.0,4.0,4.0,4.0]",7,1,l0_mean,seed1_l7_sae_k4_s0,P7,READ,50000,experiment_v1_4/phase_archives/P7/v1_4_p7_return_1790455082926962917.zip::runs/seed1_l7_sae_k4_s0/semantic.json,0,train,h reconstruction,sae,4.0
,,,fidelity,bb505254dfde1587e2497238448fd2117f7b1a2292a84497db8fdfb81127e555,,,point estimate; empirical LM/sparse ranges reported separately,h,4,"[4.0,4.0,4.0,4.0,4.0,4.0]",7,1,l0_median,seed1_l7_sae_k4_s0,P7,READ,50000,experiment_v1_4/phase_archives/P7/v1_4_p7_return_1790455082926962917.zip::runs/seed1_l7_sae_k4_s0/semantic.json,0,train,h reconstruction,sae,4.0
,,,fidelity,bb505254dfde1587e2497238448fd2117f7b1a2292a84497db8fdfb81127e555,,,point estimate; empirical LM/sparse ranges reported separately,h,4,"[4.0,4.0,4.0,4.0,4.0,4.0]",7,1,dead_fraction,seed1_l7_sae_k4_s0,P7,READ,50000,experiment_v1_4/phase_archives/P7/v1_4_p7_return_1790455082926962917.zip::runs/seed1_l7_sae_k4_s0/semantic.json,0,train,h reconstruction,sae,0.861328125
,,,fidelity,bb505254dfde1587e2497238448fd2117f7b1a2292a84497db8fdfb81127e555,,,point estimate; empirical LM/sparse ranges reported separately,h,4,"[4.0,4.0,4.0,4.0,4.0,4.0]",7,1,mse,seed1_l7_sae_k4_s0,P7,READ,10000,experiment_v1_4/phase_archives/P7/v1_4_p7_return_1790455082926962917.zip::runs/seed1_l7_sae_k4_s0/semantic.json,0,val,h reconstruction,sae,0.03874965412887106
,,,fidelity,bb505254dfde1587e2497238448fd2117f7b1a2292a84497db8fdfb81127e555,,,point estimate; empirical LM/sparse ranges reported separately,h,4,"[4.0,4.0,4.0,4.0,4.0,4.0]",7,1,nmse,seed1_l7_sae_k4_s0,P7,READ,10000,experiment_v1_4/phase_archives/P7/v1_4_p7_return_1790455082926962917.zip::runs/seed1_l7_sae_k4_s0/semantic.json,0,val,h reconstruction,sae,0.038723836024872275
,,,fidelity,bb505254dfde1587e2497238448fd2117f7b1a2292a84497db8fdfb81127e555,,,point estimate; empirical LM/sparse ranges reported separately,h,4,"[4.0,4.0,4.0,4.0,4.0,4.0]",7,1,r2,seed1_l7_sae_k4_s0,P7,READ,10000,experiment_v1_4/phase_archives/P7/v1_4_p7_return_1790455082926962917.zip::runs/seed1_l7_sae_k4_s0/semantic.json,0,val,h reconstruction,sae,0.9612698262615413
,,,fidelity,bb505254dfde1587e2497238448fd2117f7b1a2292a84497db8fdfb81127e555,,,point estimate; empirical LM/sparse ranges reported separately,h,4,"[4.0,4.0,4.0,4.0,4.0,4.0]",7,1,ev,seed1_l7_sae_k4_s0,P7,READ,10000,experiment_v1_4/phase_archives/P7/v1_4_p7_return_1790455082926962917.zip::runs/seed1_l7_sae_k4_s0/semantic.json,0,val,h reconstruction,sae,0.961326173329067
,,,fidelity,bb505254dfde1587e2497238448fd2117f7b1a2292a84497db8fdfb81127e555,,,point estimate; empirical LM/sparse ranges reported separately,h,4,"[4.0,4.0,4.0,4.0,4.0,4.0]",7,1,inactive_fraction,seed1_l7_sae_k4_s0,P7,READ,10000,experiment_v1_4/phase_archives/P7/v1_4_p7_return_1790455082926962917.zip::runs/seed1_l7_sae_k4_s0/semantic.json,0,val,h reconstruction,sae,0.880859375
,,,fidelity,bb505254dfde1587e2497238448fd2117f7b1a2292a84497db8fdfb81127e555,,,point estimate; empirical LM/sparse ranges reported separately,h,4,"[4.0,4.0,4.0,4.0,4.0,4.0]",7,1,inactive_count,seed1_l7_sae_k4_s0,P7,READ,10000,experiment_v1_4/phase_archives/P7/v1_4_p7_return_1790455082926962917.zip::runs/seed1_l7_sae_k4_s0/semantic.json,0,val,h reconstruction,sae,451
,,,fidelity,bb505254dfde1587e2497238448fd2117f7b1a2292a84497db8fdfb81127e555,,,point estimate; empirical LM/sparse ranges reported separately,h,4,"[4.0,4.0,4.0,4.0,4.0,4.0]",7,1,l0_mean,seed1_l7_sae_k4_s0,P7,READ,10000,experiment_v1_4/phase_archives/P7/v1_4_p7_return_1790455082926962917.zip::runs/seed1_l7_sae_k4_s0/semantic.json,0,val,h reconstruction,sae,4.0
,,,fidelity,bb505254dfde1587e2497238448fd2117f7b1a2292a84497db8fdfb81127e555,,,point estimate; empirical LM/sparse ranges reported separately,h,4,"[4.0,4.0,4.0,4.0,4.0,4.0]",7,1,l0_median,seed1_l7_sae_k4_s0,P7,READ,10000,experiment_v1_4/phase_archives/P7/v1_4_p7_return_1790455082926962917.zip::runs/seed1_l7_sae_k4_s0/semantic.json,0,val,h reconstruction,sae,4.0
,,,fidelity,bb505254dfde1587e2497238448fd2117f7b1a2292a84497db8fdfb81127e555,,,point estimate; empirical LM/sparse ranges reported separately,h,4,"[4.0,4.0,4.0,4.0,4.0,4.0]",7,1,dead_fraction,seed1_l7_sae_k4_s0,P7,READ,10000,experiment_v1_4/phase_archives/P7/v1_4_p7_return_1790455082926962917.zip::runs/seed1_l7_sae_k4_s0/semantic.json,0,val,h reconstruction,sae,0.861328125
,,,fidelity,bb505254dfde1587e2497238448fd2117f7b1a2292a84497db8fdfb81127e555,,,point estimate; empirical LM/sparse ranges reported separately,h,4,"[4.0,4.0,4.0,4.0,4.0,4.0]",7,1,mse,seed1_l7_sae_k4_s0,P7,READ,20000,experiment_v1_4/phase_archives/P7/v1_4_p7_return_1790455082926962917.zip::runs/seed1_l7_sae_k4_s0/semantic.json,0,test,h reconstruction,sae,0.03822486269156325
,,,fidelity,bb505254dfde1587e2497238448fd2117f7b1a2292a84497db8fdfb81127e555,,,point estimate; empirical LM/sparse ranges reported separately,h,4,"[4.0,4.0,4.0,4.0,4.0,4.0]",7,1,nmse,seed1_l7_sae_k4_s0,P7,READ,20000,experiment_v1_4/phase_archives/P7/v1_4_p7_return_1790455082926962917.zip::runs/seed1_l7_sae_k4_s0/semantic.json,0,test,h reconstruction,sae,0.038304088520635805
,,,fidelity,bb505254dfde1587e2497238448fd2117f7b1a2292a84497db8fdfb81127e555,,,point estimate; empirical LM/sparse ranges reported separately,h,4,"[4.0,4.0,4.0,4.0,4.0,4.0]",7,1,r2,seed1_l7_sae_k4_s0,P7,READ,20000,experiment_v1_4/phase_archives/P7/v1_4_p7_return_1790455082926962917.zip::runs/seed1_l7_sae_k4_s0/semantic.json,0,test,h reconstruction,sae,0.9616948441959702
,,,fidelity,bb505254dfde1587e2497238448fd2117f7b1a2292a84497db8fdfb81127e555,,,point estimate; empirical LM/sparse ranges reported separately,h,4,"[4.0,4.0,4.0,4.0,4.0,4.0]",7,1,ev,seed1_l7_sae_k4_s0,P7,READ,20000,experiment_v1_4/phase_archives/P7/v1_4_p7_return_1790455082926962917.zip::runs/seed1_l7_sae_k4_s0/semantic.json,0,test,h reconstruction,sae,0.9617537833304987
,,,fidelity,bb505254dfde1587e2497238448fd2117f7b1a2292a84497db8fdfb81127e555,,,point estimate; empirical LM/sparse ranges reported separately,h,4,"[4.0,4.0,4.0,4.0,4.0,4.0]",7,1,inactive_fraction,seed1_l7_sae_k4_s0,P7,READ,20000,experiment_v1_4/phase_archives/P7/v1_4_p7_return_1790455082926962917.zip::runs/seed1_l7_sae_k4_s0/semantic.json,0,test,h reconstruction,sae,0.87109375
,,,fidelity,bb505254dfde1587e2497238448fd2117f7b1a2292a84497db8fdfb81127e555,,,point estimate; empirical LM/sparse ranges reported separately,h,4,"[4.0,4.0,4.0,4.0,4.0,4.0]",7,1,inactive_count,seed1_l7_sae_k4_s0,P7,READ,20000,experiment_v1_4/phase_archives/P7/v1_4_p7_return_1790455082926962917.zip::runs/seed1_l7_sae_k4_s0/semantic.json,0,test,h reconstruction,sae,446
,,,fidelity,bb505254dfde1587e2497238448fd2117f7b1a2292a84497db8fdfb81127e555,,,point estimate; empirical LM/sparse ranges reported separately,h,4,"[4.0,4.0,4.0,4.0,4.0,4.0]",7,1,l0_mean,seed1_l7_sae_k4_s0,P7,READ,20000,experiment_v1_4/phase_archives/P7/v1_4_p7_return_1790455082926962917.zip::runs/seed1_l7_sae_k4_s0/semantic.json,0,test,h reconstruction,sae,4.0
,,,fidelity,bb505254dfde1587e2497238448fd2117f7b1a2292a84497db8fdfb81127e555,,,point estimate; empirical LM/sparse ranges reported separately,h,4,"[4.0,4.0,4.0,4.0,4.0,4.0]",7,1,l0_median,seed1_l7_sae_k4_s0,P7,READ,20000,experiment_v1_4/phase_archives/P7/v1_4_p7_return_1790455082926962917.zip::runs/seed1_l7_sae_k4_s0/semantic.json,0,test,h reconstruction,sae,4.0
,,,fidelity,bb505254dfde1587e2497238448fd2117f7b1a2292a84497db8fdfb81127e555,,,point estimate; empirical LM/sparse ranges reported separately,h,4,"[4.0,4.0,4.0,4.0,4.0,4.0]",7,1,dead_fraction,seed1_l7_sae_k4_s0,P7,READ,20000,experiment_v1_4/phase_archives/P7/v1_4_p7_return_1790455082926962917.zip::runs/seed1_l7_sae_k4_s0/semantic.json,0,test,h reconstruction,sae,0.861328125
1000,15774417239377126318,1000,replacement,bb505254dfde1587e2497238448fd2117f7b1a2292a84497db8fdfb81127e555,0.00223262489244016,0.0001431569346053485,,h,4,,7,1,original_ce,seed1_l7_sae_k4_s0,P7,READ,2048,experiment_v1_4/phase_archives/P7/v1_4_p7_return_1790455082926962917.zip::runs/seed1_l7_sae_k4_s0/summary.json,0,behavior_test,h reconstruction,sae,0.0008930913189741929
1000,15774417239377126318,1000,replacement,bb505254dfde1587e2497238448fd2117f7b1a2292a84497db8fdfb81127e555,0.0026715667497339435,0.00011425971236561638,,h,4,,7,1,patched_ce,seed1_l7_sae_k4_s0,P7,READ,2048,experiment_v1_4/phase_archives/P7/v1_4_p7_return_1790455082926962917.zip::runs/seed1_l7_sae_k4_s0/summary.json,0,behavior_test,h reconstruction,sae,0.0010224263161826563
1000,15774417239377126318,1000,replacement,bb505254dfde1587e2497238448fd2117f7b1a2292a84497db8fdfb81127e555,0.0004631204941808686,-5.847767372255674e-05,,h,4,,7,1,delta_ce,seed1_l7_sae_k4_s0,P7,READ,2048,experiment_v1_4/phase_archives/P7/v1_4_p7_return_1790455082926962917.zip::runs/seed1_l7_sae_k4_s0/summary.json,0,behavior_test,h reconstruction,sae,0.00012933499717737718
1000,15774417239377126318,1000,replacement,bb505254dfde1587e2497238448fd2117f7b1a2292a84497db8fdfb81127e555,1.0,0.99853515625,,h,4,,7,1,original_accuracy,seed1_l7_sae_k4_s0,P7,READ,2048,experiment_v1_4/phase_archives/P7/v1_4_p7_return_1790455082926962917.zip::runs/seed1_l7_sae_k4_s0/summary.json,0,behavior_test,h reconstruction,sae,0.99951171875
1000,15774417239377126318,1000,replacement,bb505254dfde1587e2497238448fd2117f7b1a2292a84497db8fdfb81127e555,1.0,0.99853515625,,h,4,,7,1,patched_accuracy,seed1_l7_sae_k4_s0,P7,READ,2048,experiment_v1_4/phase_archives/P7/v1_4_p7_return_1790455082926962917.zip::runs/seed1_l7_sae_k4_s0/summary.json,0,behavior_test,h reconstruction,sae,0.99951171875
1000,15774417239377126318,1000,replacement,bb505254dfde1587e2497238448fd2117f7b1a2292a84497db8fdfb81127e555,0.0,0.0,,h,4,,7,1,delta_accuracy,seed1_l7_sae_k4_s0,P7,READ,2048,experiment_v1_4/phase_archives/P7/v1_4_p7_return_1790455082926962917.zip::runs/seed1_l7_sae_k4_s0/summary.json,0,behavior_test,h reconstruction,sae,0.0
,,,fidelity,bb505254dfde1587e2497238448fd2117f7b1a2292a84497db8fdfb81127e555,,,point estimate; empirical LM/sparse ranges reported separately,h,16,"[16.0,16.0,16.0,16.0,16.0,16.0]",7,1,mse,seed1_l7_sae_k16_s0,P7,READ,50000,experiment_v1_4/phase_archives/P7/v1_4_p7_return_1790455082926962917.zip::runs/seed1_l7_sae_k16_s0/semantic.json,0,train,h reconstruction,sae,0.007970591871668386
,,,fidelity,bb505254dfde1587e2497238448fd2117f7b1a2292a84497db8fdfb81127e555,,,point estimate; empirical LM/sparse ranges reported separately,h,16,"[16.0,16.0,16.0,16.0,16.0,16.0]",7,1,nmse,seed1_l7_sae_k16_s0,P7,READ,50000,experiment_v1_4/phase_archives/P7/v1_4_p7_return_1790455082926962917.zip::runs/seed1_l7_sae_k16_s0/semantic.json,0,train,h reconstruction,sae,0.007970591999895938
,,,fidelity,bb505254dfde1587e2497238448fd2117f7b1a2292a84497db8fdfb81127e555,,,point estimate; empirical LM/sparse ranges reported separately,h,16,"[16.0,16.0,16.0,16.0,16.0,16.0]",7,1,r2,seed1_l7_sae_k16_s0,P7,READ,50000,experiment_v1_4/phase_archives/P7/v1_4_p7_return_1790455082926962917.zip::runs/seed1_l7_sae_k16_s0/semantic.json,0,train,h reconstruction,sae,0.9920294080001041
,,,fidelity,bb505254dfde1587e2497238448fd2117f7b1a2292a84497db8fdfb81127e555,,,point estimate; empirical LM/sparse ranges reported separately,h,16,"[16.0,16.0,16.0,16.0,16.0,16.0]",7,1,ev,seed1_l7_sae_k16_s0,P7,READ,50000,experiment_v1_4/phase_archives/P7/v1_4_p7_return_1790455082926962917.zip::runs/seed1_l7_sae_k16_s0/semantic.json,0,train,h reconstruction,sae,0.9920618985057861
,,,fidelity,bb505254dfde1587e2497238448fd2117f7b1a2292a84497db8fdfb81127e555,,,point estimate; empirical LM/sparse ranges reported separately,h,16,"[16.0,16.0,16.0,16.0,16.0,16.0]",7,1,inactive_fraction,seed1_l7_sae_k16_s0,P7,READ,50000,experiment_v1_4/phase_archives/P7/v1_4_p7_return_1790455082926962917.zip::runs/seed1_l7_sae_k16_s0/semantic.json,0,train,h reconstruction,sae,0.546875
,,,fidelity,bb505254dfde1587e2497238448fd2117f7b1a2292a84497db8fdfb81127e555,,,point estimate; empirical LM/sparse ranges reported separately,h,16,"[16.0,16.0,16.0,16.0,16.0,16.0]",7,1,inactive_count,seed1_l7_sae_k16_s0,P7,READ,50000,experiment_v1_4/phase_archives/P7/v1_4_p7_return_1790455082926962917.zip::runs/seed1_l7_sae_k16_s0/semantic.json,0,train,h reconstruction,sae,280
,,,fidelity,bb505254dfde1587e2497238448fd2117f7b1a2292a84497db8fdfb81127e555,,,point estimate; empirical LM/sparse ranges reported separately,h,16,"[16.0,16.0,16.0,16.0,16.0,16.0]",7,1,l0_mean,seed1_l7_sae_k16_s0,P7,READ,50000,experiment_v1_4/phase_archives/P7/v1_4_p7_return_1790455082926962917.zip::runs/seed1_l7_sae_k16_s0/semantic.json,0,train,h reconstruction,sae,16.0
,,,fidelity,bb505254dfde1587e2497238448fd2117f7b1a2292a84497db8fdfb81127e555,,,point estimate; empirical LM/sparse ranges reported separately,h,16,"[16.0,16.0,16.0,16.0,16.0,16.0]",7,1,l0_median,seed1_l7_sae_k16_s0,P7,READ,50000,experiment_v1_4/phase_archives/P7/v1_4_p7_return_1790455082926962917.zip::runs/seed1_l7_sae_k16_s0/semantic.json,0,train,h reconstruction,sae,16.0
,,,fidelity,bb505254dfde1587e2497238448fd2117f7b1a2292a84497db8fdfb81127e555,,,point estimate; empirical LM/sparse ranges reported separately,h,16,"[16.0,16.0,16.0,16.0,16.0,16.0]",7,1,dead_fraction,seed1_l7_sae_k16_s0,P7,READ,50000,experiment_v1_4/phase_archives/P7/v1_4_p7_return_1790455082926962917.zip::runs/seed1_l7_sae_k16_s0/semantic.json,0,train,h reconstruction,sae,0.546875
,,,fidelity,bb505254dfde1587e2497238448fd2117f7b1a2292a84497db8fdfb81127e555,,,point estimate; empirical LM/sparse ranges reported separately,h,16,"[16.0,16.0,16.0,16.0,16.0,16.0]",7,1,mse,seed1_l7_sae_k16_s0,P7,READ,10000,experiment_v1_4/phase_archives/P7/v1_4_p7_return_1790455082926962917.zip::runs/seed1_l7_sae_k16_s0/semantic.json,0,val,h reconstruction,sae,0.008132823265766417
,,,fidelity,bb505254dfde1587e2497238448fd2117f7b1a2292a84497db8fdfb81127e555,,,point estimate; empirical LM/sparse ranges reported separately,h,16,"[16.0,16.0,16.0,16.0,16.0,16.0]",7,1,nmse,seed1_l7_sae_k16_s0,P7,READ,10000,experiment_v1_4/phase_archives/P7/v1_4_p7_return_1790455082926962917.zip::runs/seed1_l7_sae_k16_s0/semantic.json,0,val,h reconstruction,sae,0.008127404531545434
,,,fidelity,bb505254dfde1587e2497238448fd2117f7b1a2292a84497db8fdfb81127e555,,,point estimate; empirical LM/sparse ranges reported separately,h,16,"[16.0,16.0,16.0,16.0,16.0,16.0]",7,1,r2,seed1_l7_sae_k16_s0,P7,READ,10000,experiment_v1_4/phase_archives/P7/v1_4_p7_return_1790455082926962917.zip::runs/seed1_l7_sae_k16_s0/semantic.json,0,val,h reconstruction,sae,0.9918712653016268
,,,fidelity,bb505254dfde1587e2497238448fd2117f7b1a2292a84497db8fdfb81127e555,,,point estimate; empirical LM/sparse ranges reported separately,h,16,"[16.0,16.0,16.0,16.0,16.0,16.0]",7,1,ev,seed1_l7_sae_k16_s0,P7,READ,10000,experiment_v1_4/phase_archives/P7/v1_4_p7_return_1790455082926962917.zip::runs/seed1_l7_sae_k16_s0/semantic.json,0,val,h reconstruction,sae,0.991903887538361
,,,fidelity,bb505254dfde1587e2497238448fd2117f7b1a2292a84497db8fdfb81127e555,,,point estimate; empirical LM/sparse ranges reported separately,h,16,"[16.0,16.0,16.0,16.0,16.0,16.0]",7,1,inactive_fraction,seed1_l7_sae_k16_s0,P7,READ,10000,experiment_v1_4/phase_archives/P7/v1_4_p7_return_1790455082926962917.zip::runs/seed1_l7_sae_k16_s0/semantic.json,0,val,h reconstruction,sae,0.625
,,,fidelity,bb505254dfde1587e2497238448fd2117f7b1a2292a84497db8fdfb81127e555,,,point estimate; empirical LM/sparse ranges reported separately,h,16,"[16.0,16.0,16.0,16.0,16.0,16.0]",7,1,inactive_count,seed1_l7_sae_k16_s0,P7,READ,10000,experiment_v1_4/phase_archives/P7/v1_4_p7_return_1790455082926962917.zip::runs/seed1_l7_sae_k16_s0/semantic.json,0,val,h reconstruction,sae,320
,,,fidelity,bb505254dfde1587e2497238448fd2117f7b1a2292a84497db8fdfb81127e555,,,point estimate; empirical LM/sparse ranges reported separately,h,16,"[16.0,16.0,16.0,16.0,16.0,16.0]",7,1,l0_mean,seed1_l7_sae_k16_s0,P7,READ,10000,experiment_v1_4/phase_archives/P7/v1_4_p7_return_1790455082926962917.zip::runs/seed1_l7_sae_k16_s0/semantic.json,0,val,h reconstruction,sae,16.0
,,,fidelity,bb505254dfde1587e2497238448fd2117f7b1a2292a84497db8fdfb81127e555,,,point estimate; empirical LM/sparse ranges reported separately,h,16,"[16.0,16.0,16.0,16.0,16.0,16.0]",7,1,l0_median,seed1_l7_sae_k16_s0,P7,READ,10000,experiment_v1_4/phase_archives/P7/v1_4_p7_return_1790455082926962917.zip::runs/seed1_l7_sae_k16_s0/semantic.json,0,val,h reconstruction,sae,16.0
,,,fidelity,bb505254dfde1587e2497238448fd2117f7b1a2292a84497db8fdfb81127e555,,,point estimate; empirical LM/sparse ranges reported separately,h,16,"[16.0,16.0,16.0,16.0,16.0,16.0]",7,1,dead_fraction,seed1_l7_sae_k16_s0,P7,READ,10000,experiment_v1_4/phase_archives/P7/v1_4_p7_return_1790455082926962917.zip::runs/seed1_l7_sae_k16_s0/semantic.json,0,val,h reconstruction,sae,0.546875
,,,fidelity,bb505254dfde1587e2497238448fd2117f7b1a2292a84497db8fdfb81127e555,,,point estimate; empirical LM/sparse ranges reported separately,h,16,"[16.0,16.0,16.0,16.0,16.0,16.0]",7,1,mse,seed1_l7_sae_k16_s0,P7,READ,20000,experiment_v1_4/phase_archives/P7/v1_4_p7_return_1790455082926962917.zip::runs/seed1_l7_sae_k16_s0/semantic.json,0,test,h reconstruction,sae,0.008056120399979752
,,,fidelity,bb505254dfde1587e2497238448fd2117f7b1a2292a84497db8fdfb81127e555,,,point estimate; empirical LM/sparse ranges reported separately,h,16,"[16.0,16.0,16.0,16.0,16.0,16.0]",7,1,nmse,seed1_l7_sae_k16_s0,P7,READ,20000,experiment_v1_4/phase_archives/P7/v1_4_p7_return_1790455082926962917.zip::runs/seed1_l7_sae_k16_s0/semantic.json,0,test,h reconstruction,sae,0.008072817721378833
,,,fidelity,bb505254dfde1587e2497238448fd2117f7b1a2292a84497db8fdfb81127e555,,,point estimate; empirical LM/sparse ranges reported separately,h,16,"[16.0,16.0,16.0,16.0,16.0,16.0]",7,1,r2,seed1_l7_sae_k16_s0,P7,READ,20000,experiment_v1_4/phase_archives/P7/v1_4_p7_return_1790455082926962917.zip::runs/seed1_l7_sae_k16_s0/semantic.json,0,test,h reconstruction,sae,0.9919269573422076
,,,fidelity,bb505254dfde1587e2497238448fd2117f7b1a2292a84497db8fdfb81127e555,,,point estimate; empirical LM/sparse ranges reported separately,h,16,"[16.0,16.0,16.0,16.0,16.0,16.0]",7,1,ev,seed1_l7_sae_k16_s0,P7,READ,20000,experiment_v1_4/phase_archives/P7/v1_4_p7_return_1790455082926962917.zip::runs/seed1_l7_sae_k16_s0/semantic.json,0,test,h reconstruction,sae,0.9919594008442105
,,,fidelity,bb505254dfde1587e2497238448fd2117f7b1a2292a84497db8fdfb81127e555,,,point estimate; empirical LM/sparse ranges reported separately,h,16,"[16.0,16.0,16.0,16.0,16.0,16.0]",7,1,inactive_fraction,seed1_l7_sae_k16_s0,P7,READ,20000,experiment_v1_4/phase_archives/P7/v1_4_p7_return_1790455082926962917.zip::runs/seed1_l7_sae_k16_s0/semantic.json,0,test,h reconstruction,sae,0.59375
,,,fidelity,bb505254dfde1587e2497238448fd2117f7b1a2292a84497db8fdfb81127e555,,,point estimate; empirical LM/sparse ranges reported separately,h,16,"[16.0,16.0,16.0,16.0,16.0,16.0]",7,1,inactive_count,seed1_l7_sae_k16_s0,P7,READ,20000,experiment_v1_4/phase_archives/P7/v1_4_p7_return_1790455082926962917.zip::runs/seed1_l7_sae_k16_s0/semantic.json,0,test,h reconstruction,sae,304
,,,fidelity,bb505254dfde1587e2497238448fd2117f7b1a2292a84497db8fdfb81127e555,,,point estimate; empirical LM/sparse ranges reported separately,h,16,"[16.0,16.0,16.0,16.0,16.0,16.0]",7,1,l0_mean,seed1_l7_sae_k16_s0,P7,READ,20000,experiment_v1_4/phase_archives/P7/v1_4_p7_return_1790455082926962917.zip::runs/seed1_l7_sae_k16_s0/semantic.json,0,test,h reconstruction,sae,16.0
,,,fidelity,bb505254dfde1587e2497238448fd2117f7b1a2292a84497db8fdfb81127e555,,,point estimate; empirical LM/sparse ranges reported separately,h,16,"[16.0,16.0,16.0,16.0,16.0,16.0]",7,1,l0_median,seed1_l7_sae_k16_s0,P7,READ,20000,experiment_v1_4/phase_archives/P7/v1_4_p7_return_1790455082926962917.zip::runs/seed1_l7_sae_k16_s0/semantic.json,0,test,h reconstruction,sae,16.0
,,,fidelity,bb505254dfde1587e2497238448fd2117f7b1a2292a84497db8fdfb81127e555,,,point estimate; empirical LM/sparse ranges reported separately,h,16,"[16.0,16.0,16.0,16.0,16.0,16.0]",7,1,dead_fraction,seed1_l7_sae_k16_s0,P7,READ,20000,experiment_v1_4/phase_archives/P7/v1_4_p7_return_1790455082926962917.zip::runs/seed1_l7_sae_k16_s0/semantic.json,0,test,h reconstruction,sae,0.546875
1000,13165213139060102046,1000,replacement,bb505254dfde1587e2497238448fd2117f7b1a2292a84497db8fdfb81127e555,0.0024818378455325084,0.0001524740709949679,,h,16,,7,1,original_ce,seed1_l7_sae_k16_s0,P7,READ,2048,experiment_v1_4/phase_archives/P7/v1_4_p7_return_1790455082926962917.zip::runs/seed1_l7_sae_k16_s0/summary.json,0,behavior_test,h reconstruction,sae,0.0008930913189741929
1000,13165213139060102046,1000,replacement,bb505254dfde1587e2497238448fd2117f7b1a2292a84497db8fdfb81127e555,0.002518830633900004,0.0001618120087870767,,h,16,,7,1,patched_ce,seed1_l7_sae_k16_s0,P7,READ,2048,experiment_v1_4/phase_archives/P7/v1_4_p7_return_1790455082926962917.zip::runs/seed1_l7_sae_k16_s0/summary.json,0,behavior_test,h reconstruction,sae,0.0009114660115847606
1000,13165213139060102046,1000,replacement,bb505254dfde1587e2497238448fd2117f7b1a2292a84497db8fdfb81127e555,4.812868133753367e-05,-5.240849044996221e-06,,h,16,,7,1,delta_ce,seed1_l7_sae_k16_s0,P7,READ,2048,experiment_v1_4/phase_archives/P7/v1_4_p7_return_1790455082926962917.zip::runs/seed1_l7_sae_k16_s0/summary.json,0,behavior_test,h reconstruction,sae,1.8374692610567678e-05
1000,13165213139060102046,1000,replacement,bb505254dfde1587e2497238448fd2117f7b1a2292a84497db8fdfb81127e555,1.0,0.998046875,,h,16,,7,1,original_accuracy,seed1_l7_sae_k16_s0,P7,READ,2048,experiment_v1_4/phase_archives/P7/v1_4_p7_return_1790455082926962917.zip::runs/seed1_l7_sae_k16_s0/summary.json,0,behavior_test,h reconstruction,sae,0.99951171875
1000,13165213139060102046,1000,replacement,bb505254dfde1587e2497238448fd2117f7b1a2292a84497db8fdfb81127e555,1.0,0.998046875,,h,16,,7,1,patched_accuracy,seed1_l7_sae_k16_s0,P7,READ,2048,experiment_v1_4/phase_archives/P7/v1_4_p7_return_1790455082926962917.zip::runs/seed1_l7_sae_k16_s0/summary.json,0,behavior_test,h reconstruction,sae,0.99951171875
1000,13165213139060102046,1000,replacement,bb505254dfde1587e2497238448fd2117f7b1a2292a84497db8fdfb81127e555,0.0,0.0,,h,16,,7,1,delta_accuracy,seed1_l7_sae_k16_s0,P7,READ,2048,experiment_v1_4/phase_archives/P7/v1_4_p7_return_1790455082926962917.zip::runs/seed1_l7_sae_k16_s0/summary.json,0,behavior_test,h reconstruction,sae,0.0
,,,fidelity,bb505254dfde1587e2497238448fd2117f7b1a2292a84497db8fdfb81127e555,,,point estimate; empirical LM/sparse ranges reported separately,h,4,"[4.0,4.0,4.0,4.0,4.0,4.0]",11,1,mse,seed1_l11_sae_k4_s0,P7,READ,50000,experiment_v1_4/phase_archives/P7/v1_4_p7_return_1790455082926962917.zip::runs/seed1_l11_sae_k4_s0/semantic.json,0,train,h reconstruction,sae,0.0396537866515067
,,,fidelity,bb505254dfde1587e2497238448fd2117f7b1a2292a84497db8fdfb81127e555,,,point estimate; empirical LM/sparse ranges reported separately,h,4,"[4.0,4.0,4.0,4.0,4.0,4.0]",11,1,nmse,seed1_l11_sae_k4_s0,P7,READ,50000,experiment_v1_4/phase_archives/P7/v1_4_p7_return_1790455082926962917.zip::runs/seed1_l11_sae_k4_s0/semantic.json,0,train,h reconstruction,sae,0.03965378338359831
,,,fidelity,bb505254dfde1587e2497238448fd2117f7b1a2292a84497db8fdfb81127e555,,,point estimate; empirical LM/sparse ranges reported separately,h,4,"[4.0,4.0,4.0,4.0,4.0,4.0]",11,1,r2,seed1_l11_sae_k4_s0,P7,READ,50000,experiment_v1_4/phase_archives/P7/v1_4_p7_return_1790455082926962917.zip::runs/seed1_l11_sae_k4_s0/semantic.json,0,train,h reconstruction,sae,0.9603462166164017
,,,fidelity,bb505254dfde1587e2497238448fd2117f7b1a2292a84497db8fdfb81127e555,,,point estimate; empirical LM/sparse ranges reported separately,h,4,"[4.0,4.0,4.0,4.0,4.0,4.0]",11,1,ev,seed1_l11_sae_k4_s0,P7,READ,50000,experiment_v1_4/phase_archives/P7/v1_4_p7_return_1790455082926962917.zip::runs/seed1_l11_sae_k4_s0/semantic.json,0,train,h reconstruction,sae,0.9603975991460526
,,,fidelity,bb505254dfde1587e2497238448fd2117f7b1a2292a84497db8fdfb81127e555,,,point estimate; empirical LM/sparse ranges reported separately,h,4,"[4.0,4.0,4.0,4.0,4.0,4.0]",11,1,inactive_fraction,seed1_l11_sae_k4_s0,P7,READ,50000,experiment_v1_4/phase_archives/P7/v1_4_p7_return_1790455082926962917.zip::runs/seed1_l11_sae_k4_s0/semantic.json,0,train,h reconstruction,sae,0.861328125
,,,fidelity,bb505254dfde1587e2497238448fd2117f7b1a2292a84497db8fdfb81127e555,,,point estimate; empirical LM/sparse ranges reported separately,h,4,"[4.0,4.0,4.0,4.0,4.0,4.0]",11,1,inactive_count,seed1_l11_sae_k4_s0,P7,READ,50000,experiment_v1_4/phase_archives/P7/v1_4_p7_return_1790455082926962917.zip::runs/seed1_l11_sae_k4_s0/semantic.json,0,train,h reconstruction,sae,441
,,,fidelity,bb505254dfde1587e2497238448fd2117f7b1a2292a84497db8fdfb81127e555,,,point estimate; empirical LM/sparse ranges reported separately,h,4,"[4.0,4.0,4.0,4.0,4.0,4.0]",11,1,l0_mean,seed1_l11_sae_k4_s0,P7,READ,50000,experiment_v1_4/phase_archives/P7/v1_4_p7_return_1790455082926962917.zip::runs/seed1_l11_sae_k4_s0/semantic.json,0,train,h reconstruction,sae,4.0
,,,fidelity,bb505254dfde1587e2497238448fd2117f7b1a2292a84497db8fdfb81127e555,,,point estimate; empirical LM/sparse ranges reported separately,h,4,"[4.0,4.0,4.0,4.0,4.0,4.0]",11,1,l0_median,seed1_l11_sae_k4_s0,P7,READ,50000,experiment_v1_4/phase_archives/P7/v1_4_p7_return_1790455082926962917.zip::runs/seed1_l11_sae_k4_s0/semantic.json,0,train,h reconstruction,sae,4.0
,,,fidelity,bb505254dfde1587e2497238448fd2117f7b1a2292a84497db8fdfb81127e555,,,point estimate; empirical LM/sparse ranges reported separately,h,4,"[4.0,4.0,4.0,4.0,4.0,4.0]",11,1,dead_fraction,seed1_l11_sae_k4_s0,P7,READ,50000,experiment_v1_4/phase_archives/P7/v1_4_p7_return_1790455082926962917.zip::runs/seed1_l11_sae_k4_s0/semantic.json,0,train,h reconstruction,sae,0.861328125
,,,fidelity,bb505254dfde1587e2497238448fd2117f7b1a2292a84497db8fdfb81127e555,,,point estimate; empirical LM/sparse ranges reported separately,h,4,"[4.0,4.0,4.0,4.0,4.0,4.0]",11,1,mse,seed1_l11_sae_k4_s0,P7,READ,10000,experiment_v1_4/phase_archives/P7/v1_4_p7_return_1790455082926962917.zip::runs/seed1_l11_sae_k4_s0/semantic.json,0,val,h reconstruction,sae,0.03999410474630199
,,,fidelity,bb505254dfde1587e2497238448fd2117f7b1a2292a84497db8fdfb81127e555,,,point estimate; empirical LM/sparse ranges reported separately,h,4,"[4.0,4.0,4.0,4.0,4.0,4.0]",11,1,nmse,seed1_l11_sae_k4_s0,P7,READ,10000,experiment_v1_4/phase_archives/P7/v1_4_p7_return_1790455082926962917.zip::runs/seed1_l11_sae_k4_s0/semantic.json,0,val,h reconstruction,sae,0.039931609793230745
,,,fidelity,bb505254dfde1587e2497238448fd2117f7b1a2292a84497db8fdfb81127e555,,,point estimate; empirical LM/sparse ranges reported separately,h,4,"[4.0,4.0,4.0,4.0,4.0,4.0]",11,1,r2,seed1_l11_sae_k4_s0,P7,READ,10000,experiment_v1_4/phase_archives/P7/v1_4_p7_return_1790455082926962917.zip::runs/seed1_l11_sae_k4_s0/semantic.json,0,val,h reconstruction,sae,0.9600620050099639
,,,fidelity,bb505254dfde1587e2497238448fd2117f7b1a2292a84497db8fdfb81127e555,,,point estimate; empirical LM/sparse ranges reported separately,h,4,"[4.0,4.0,4.0,4.0,4.0,4.0]",11,1,ev,seed1_l11_sae_k4_s0,P7,READ,10000,experiment_v1_4/phase_archives/P7/v1_4_p7_return_1790455082926962917.zip::runs/seed1_l11_sae_k4_s0/semantic.json,0,val,h reconstruction,sae,0.9601098804018543
,,,fidelity,bb505254dfde1587e2497238448fd2117f7b1a2292a84497db8fdfb81127e555,,,point estimate; empirical LM/sparse ranges reported separately,h,4,"[4.0,4.0,4.0,4.0,4.0,4.0]",11,1,inactive_fraction,seed1_l11_sae_k4_s0,P7,READ,10000,experiment_v1_4/phase_archives/P7/v1_4_p7_return_1790455082926962917.zip::runs/seed1_l11_sae_k4_s0/semantic.json,0,val,h reconstruction,sae,0.876953125
,,,fidelity,bb505254dfde1587e2497238448fd2117f7b1a2292a84497db8fdfb81127e555,,,point estimate; empirical LM/sparse ranges reported separately,h,4,"[4.0,4.0,4.0,4.0,4.0,4.0]",11,1,inactive_count,seed1_l11_sae_k4_s0,P7,READ,10000,experiment_v1_4/phase_archives/P7/v1_4_p7_return_1790455082926962917.zip::runs/seed1_l11_sae_k4_s0/semantic.json,0,val,h reconstruction,sae,449
,,,fidelity,bb505254dfde1587e2497238448fd2117f7b1a2292a84497db8fdfb81127e555,,,point estimate; empirical LM/sparse ranges reported separately,h,4,"[4.0,4.0,4.0,4.0,4.0,4.0]",11,1,l0_mean,seed1_l11_sae_k4_s0,P7,READ,10000,experiment_v1_4/phase_archives/P7/v1_4_p7_return_1790455082926962917.zip::runs/seed1_l11_sae_k4_s0/semantic.json,0,val,h reconstruction,sae,4.0
,,,fidelity,bb505254dfde1587e2497238448fd2117f7b1a2292a84497db8fdfb81127e555,,,point estimate; empirical LM/sparse ranges reported separately,h,4,"[4.0,4.0,4.0,4.0,4.0,4.0]",11,1,l0_median,seed1_l11_sae_k4_s0,P7,READ,10000,experiment_v1_4/phase_archives/P7/v1_4_p7_return_1790455082926962917.zip::runs/seed1_l11_sae_k4_s0/semantic.json,0,val,h reconstruction,sae,4.0
,,,fidelity,bb505254dfde1587e2497238448fd2117f7b1a2292a84497db8fdfb81127e555,,,point estimate; empirical LM/sparse ranges reported separately,h,4,"[4.0,4.0,4.0,4.0,4.0,4.0]",11,1,dead_fraction,seed1_l11_sae_k4_s0,P7,READ,10000,experiment_v1_4/phase_archives/P7/v1_4_p7_return_1790455082926962917.zip::runs/seed1_l11_sae_k4_s0/semantic.json,0,val,h reconstruction,sae,0.861328125
,,,fidelity,bb505254dfde1587e2497238448fd2117f7b1a2292a84497db8fdfb81127e555,,,point estimate; empirical LM/sparse ranges reported separately,h,4,"[4.0,4.0,4.0,4.0,4.0,4.0]",11,1,mse,seed1_l11_sae_k4_s0,P7,READ,20000,experiment_v1_4/phase_archives/P7/v1_4_p7_return_1790455082926962917.zip::runs/seed1_l11_sae_k4_s0/semantic.json,0,test,h reconstruction,sae,0.039618403123513994
,,,fidelity,bb505254dfde1587e2497238448fd2117f7b1a2292a84497db8fdfb81127e555,,,point estimate; empirical LM/sparse ranges reported separately,h,4,"[4.0,4.0,4.0,4.0,4.0,4.0]",11,1,nmse,seed1_l11_sae_k4_s0,P7,READ,20000,experiment_v1_4/phase_archives/P7/v1_4_p7_return_1790455082926962917.zip::runs/seed1_l11_sae_k4_s0/semantic.json,0,test,h reconstruction,sae,0.0396862278173686
,,,fidelity,bb505254dfde1587e2497238448fd2117f7b1a2292a84497db8fdfb81127e555,,,point estimate; empirical LM/sparse ranges reported separately,h,4,"[4.0,4.0,4.0,4.0,4.0,4.0]",11,1,r2,seed1_l11_sae_k4_s0,P7,READ,20000,experiment_v1_4/phase_archives/P7/v1_4_p7_return_1790455082926962917.zip::runs/seed1_l11_sae_k4_s0/semantic.json,0,test,h reconstruction,sae,0.9603126099501775
,,,fidelity,bb505254dfde1587e2497238448fd2117f7b1a2292a84497db8fdfb81127e555,,,point estimate; empirical LM/sparse ranges reported separately,h,4,"[4.0,4.0,4.0,4.0,4.0,4.0]",11,1,ev,seed1_l11_sae_k4_s0,P7,READ,20000,experiment_v1_4/phase_archives/P7/v1_4_p7_return_1790455082926962917.zip::runs/seed1_l11_sae_k4_s0/semantic.json,0,test,h reconstruction,sae,0.9603650003084148
,,,fidelity,bb505254dfde1587e2497238448fd2117f7b1a2292a84497db8fdfb81127e555,,,point estimate; empirical LM/sparse ranges reported separately,h,4,"[4.0,4.0,4.0,4.0,4.0,4.0]",11,1,inactive_fraction,seed1_l11_sae_k4_s0,P7,READ,20000,experiment_v1_4/phase_archives/P7/v1_4_p7_return_1790455082926962917.zip::runs/seed1_l11_sae_k4_s0/semantic.json,0,test,h reconstruction,sae,0.87109375
,,,fidelity,bb505254dfde1587e2497238448fd2117f7b1a2292a84497db8fdfb81127e555,,,point estimate; empirical LM/sparse ranges reported separately,h,4,"[4.0,4.0,4.0,4.0,4.0,4.0]",11,1,inactive_count,seed1_l11_sae_k4_s0,P7,READ,20000,experiment_v1_4/phase_archives/P7/v1_4_p7_return_1790455082926962917.zip::runs/seed1_l11_sae_k4_s0/semantic.json,0,test,h reconstruction,sae,446
,,,fidelity,bb505254dfde1587e2497238448fd2117f7b1a2292a84497db8fdfb81127e555,,,point estimate; empirical LM/sparse ranges reported separately,h,4,"[4.0,4.0,4.0,4.0,4.0,4.0]",11,1,l0_mean,seed1_l11_sae_k4_s0,P7,READ,20000,experiment_v1_4/phase_archives/P7/v1_4_p7_return_1790455082926962917.zip::runs/seed1_l11_sae_k4_s0/semantic.json,0,test,h reconstruction,sae,4.0
,,,fidelity,bb505254dfde1587e2497238448fd2117f7b1a2292a84497db8fdfb81127e555,,,point estimate; empirical LM/sparse ranges reported separately,h,4,"[4.0,4.0,4.0,4.0,4.0,4.0]",11,1,l0_median,seed1_l11_sae_k4_s0,P7,READ,20000,experiment_v1_4/phase_archives/P7/v1_4_p7_return_1790455082926962917.zip::runs/seed1_l11_sae_k4_s0/semantic.json,0,test,h reconstruction,sae,4.0
,,,fidelity,bb505254dfde1587e2497238448fd2117f7b1a2292a84497db8fdfb81127e555,,,point estimate; empirical LM/sparse ranges reported separately,h,4,"[4.0,4.0,4.0,4.0,4.0,4.0]",11,1,dead_fraction,seed1_l11_sae_k4_s0,P7,READ,20000,experiment_v1_4/phase_archives/P7/v1_4_p7_return_1790455082926962917.zip::runs/seed1_l11_sae_k4_s0/semantic.json,0,test,h reconstruction,sae,0.861328125
1000,15774417239377126318,1000,replacement,bb505254dfde1587e2497238448fd2117f7b1a2292a84497db8fdfb81127e555,0.00223262489244016,0.0001431569346053485,,h,4,,11,1,original_ce,seed1_l11_sae_k4_s0,P7,READ,2048,experiment_v1_4/phase_archives/P7/v1_4_p7_return_1790455082926962917.zip::runs/seed1_l11_sae_k4_s0/summary.json,0,behavior_test,h reconstruction,sae,0.0008930913189741929
1000,15774417239377126318,1000,replacement,bb505254dfde1587e2497238448fd2117f7b1a2292a84497db8fdfb81127e555,0.0018035506153477484,0.00013366282988273027,,h,4,,11,1,patched_ce,seed1_l11_sae_k4_s0,P7,READ,2048,experiment_v1_4/phase_archives/P7/v1_4_p7_return_1790455082926962917.zip::runs/seed1_l11_sae_k4_s0/summary.json,0,behavior_test,h reconstruction,sae,0.0007469015434828918
1000,15774417239377126318,1000,replacement,bb505254dfde1587e2497238448fd2117f7b1a2292a84497db8fdfb81127e555,8.464726106821582e-05,-0.0004972413586729729,,h,4,,11,1,delta_ce,seed1_l11_sae_k4_s0,P7,READ,2048,experiment_v1_4/phase_archives/P7/v1_4_p7_return_1790455082926962917.zip::runs/seed1_l11_sae_k4_s0/summary.json,0,behavior_test,h reconstruction,sae,-0.0001461897755894448
1000,15774417239377126318,1000,replacement,bb505254dfde1587e2497238448fd2117f7b1a2292a84497db8fdfb81127e555,1.0,0.99853515625,,h,4,,11,1,original_accuracy,seed1_l11_sae_k4_s0,P7,READ,2048,experiment_v1_4/phase_archives/P7/v1_4_p7_return_1790455082926962917.zip::runs/seed1_l11_sae_k4_s0/summary.json,0,behavior_test,h reconstruction,sae,0.99951171875
1000,15774417239377126318,1000,replacement,bb505254dfde1587e2497238448fd2117f7b1a2292a84497db8fdfb81127e555,1.0,0.99853515625,,h,4,,11,1,patched_accuracy,seed1_l11_sae_k4_s0,P7,READ,2048,experiment_v1_4/phase_archives/P7/v1_4_p7_return_1790455082926962917.zip::runs/seed1_l11_sae_k4_s0/summary.json,0,behavior_test,h reconstruction,sae,0.99951171875
1000,15774417239377126318,1000,replacement,bb505254dfde1587e2497238448fd2117f7b1a2292a84497db8fdfb81127e555,0.0,0.0,,h,4,,11,1,delta_accuracy,seed1_l11_sae_k4_s0,P7,READ,2048,experiment_v1_4/phase_archives/P7/v1_4_p7_return_1790455082926962917.zip::runs/seed1_l11_sae_k4_s0/summary.json,0,behavior_test,h reconstruction,sae,0.0
,,,fidelity,bb505254dfde1587e2497238448fd2117f7b1a2292a84497db8fdfb81127e555,,,point estimate; empirical LM/sparse ranges reported separately,h,16,"[16.0,16.0,16.0,16.0,16.0,16.0]",11,1,mse,seed1_l11_sae_k16_s0,P7,READ,50000,experiment_v1_4/phase_archives/P7/v1_4_p7_return_1790455082926962917.zip::runs/seed1_l11_sae_k16_s0/semantic.json,0,train,h reconstruction,sae,0.009114240461051066
,,,fidelity,bb505254dfde1587e2497238448fd2117f7b1a2292a84497db8fdfb81127e555,,,point estimate; empirical LM/sparse ranges reported separately,h,16,"[16.0,16.0,16.0,16.0,16.0,16.0]",11,1,nmse,seed1_l11_sae_k16_s0,P7,READ,50000,experiment_v1_4/phase_archives/P7/v1_4_p7_return_1790455082926962917.zip::runs/seed1_l11_sae_k16_s0/semantic.json,0,train,h reconstruction,sae,0.009114239709937353
,,,fidelity,bb505254dfde1587e2497238448fd2117f7b1a2292a84497db8fdfb81127e555,,,point estimate; empirical LM/sparse ranges reported separately,h,16,"[16.0,16.0,16.0,16.0,16.0,16.0]",11,1,r2,seed1_l11_sae_k16_s0,P7,READ,50000,experiment_v1_4/phase_archives/P7/v1_4_p7_return_1790455082926962917.zip::runs/seed1_l11_sae_k16_s0/semantic.json,0,train,h reconstruction,sae,0.9908857602900627
,,,fidelity,bb505254dfde1587e2497238448fd2117f7b1a2292a84497db8fdfb81127e555,,,point estimate; empirical LM/sparse ranges reported separately,h,16,"[16.0,16.0,16.0,16.0,16.0,16.0]",11,1,ev,seed1_l11_sae_k16_s0,P7,READ,50000,experiment_v1_4/phase_archives/P7/v1_4_p7_return_1790455082926962917.zip::runs/seed1_l11_sae_k16_s0/semantic.json,0,train,h reconstruction,sae,0.9909126130279905
,,,fidelity,bb505254dfde1587e2497238448fd2117f7b1a2292a84497db8fdfb81127e555,,,point estimate; empirical LM/sparse ranges reported separately,h,16,"[16.0,16.0,16.0,16.0,16.0,16.0]",11,1,inactive_fraction,seed1_l11_sae_k16_s0,P7,READ,50000,experiment_v1_4/phase_archives/P7/v1_4_p7_return_1790455082926962917.zip::runs/seed1_l11_sae_k16_s0/semantic.json,0,train,h reconstruction,sae,0.556640625
,,,fidelity,bb505254dfde1587e2497238448fd2117f7b1a2292a84497db8fdfb81127e555,,,point estimate; empirical LM/sparse ranges reported separately,h,16,"[16.0,16.0,16.0,16.0,16.0,16.0]",11,1,inactive_count,seed1_l11_sae_k16_s0,P7,READ,50000,experiment_v1_4/phase_archives/P7/v1_4_p7_return_1790455082926962917.zip::runs/seed1_l11_sae_k16_s0/semantic.json,0,train,h reconstruction,sae,285
,,,fidelity,bb505254dfde1587e2497238448fd2117f7b1a2292a84497db8fdfb81127e555,,,point estimate; empirical LM/sparse ranges reported separately,h,16,"[16.0,16.0,16.0,16.0,16.0,16.0]",11,1,l0_mean,seed1_l11_sae_k16_s0,P7,READ,50000,experiment_v1_4/phase_archives/P7/v1_4_p7_return_1790455082926962917.zip::runs/seed1_l11_sae_k16_s0/semantic.json,0,train,h reconstruction,sae,16.0
,,,fidelity,bb505254dfde1587e2497238448fd2117f7b1a2292a84497db8fdfb81127e555,,,point estimate; empirical LM/sparse ranges reported separately,h,16,"[16.0,16.0,16.0,16.0,16.0,16.0]",11,1,l0_median,seed1_l11_sae_k16_s0,P7,READ,50000,experiment_v1_4/phase_archives/P7/v1_4_p7_return_1790455082926962917.zip::runs/seed1_l11_sae_k16_s0/semantic.json,0,train,h reconstruction,sae,16.0
,,,fidelity,bb505254dfde1587e2497238448fd2117f7b1a2292a84497db8fdfb81127e555,,,point estimate; empirical LM/sparse ranges reported separately,h,16,"[16.0,16.0,16.0,16.0,16.0,16.0]",11,1,dead_fraction,seed1_l11_sae_k16_s0,P7,READ,50000,experiment_v1_4/phase_archives/P7/v1_4_p7_return_1790455082926962917.zip::runs/seed1_l11_sae_k16_s0/semantic.json,0,train,h reconstruction,sae,0.556640625
,,,fidelity,bb505254dfde1587e2497238448fd2117f7b1a2292a84497db8fdfb81127e555,,,point estimate; empirical LM/sparse ranges reported separately,h,16,"[16.0,16.0,16.0,16.0,16.0,16.0]",11,1,mse,seed1_l11_sae_k16_s0,P7,READ,10000,experiment_v1_4/phase_archives/P7/v1_4_p7_return_1790455082926962917.zip::runs/seed1_l11_sae_k16_s0/semantic.json,0,val,h reconstruction,sae,0.009369296012465198
,,,fidelity,bb505254dfde1587e2497238448fd2117f7b1a2292a84497db8fdfb81127e555,,,point estimate; empirical LM/sparse ranges reported separately,h,16,"[16.0,16.0,16.0,16.0,16.0,16.0]",11,1,nmse,seed1_l11_sae_k16_s0,P7,READ,10000,experiment_v1_4/phase_archives/P7/v1_4_p7_return_1790455082926962917.zip::runs/seed1_l11_sae_k16_s0/semantic.json,0,val,h reconstruction,sae,0.009354655511863324
,,,fidelity,bb505254dfde1587e2497238448fd2117f7b1a2292a84497db8fdfb81127e555,,,point estimate; empirical LM/sparse ranges reported separately,h,16,"[16.0,16.0,16.0,16.0,16.0,16.0]",11,1,r2,seed1_l11_sae_k16_s0,P7,READ,10000,experiment_v1_4/phase_archives/P7/v1_4_p7_return_1790455082926962917.zip::runs/seed1_l11_sae_k16_s0/semantic.json,0,val,h reconstruction,sae,0.9906438486477035
,,,fidelity,bb505254dfde1587e2497238448fd2117f7b1a2292a84497db8fdfb81127e555,,,point estimate; empirical LM/sparse ranges reported separately,h,16,"[16.0,16.0,16.0,16.0,16.0,16.0]",11,1,ev,seed1_l11_sae_k16_s0,P7,READ,10000,experiment_v1_4/phase_archives/P7/v1_4_p7_return_1790455082926962917.zip::runs/seed1_l11_sae_k16_s0/semantic.json,0,val,h reconstruction,sae,0.9906747777790286
,,,fidelity,bb505254dfde1587e2497238448fd2117f7b1a2292a84497db8fdfb81127e555,,,point estimate; empirical LM/sparse ranges reported separately,h,16,"[16.0,16.0,16.0,16.0,16.0,16.0]",11,1,inactive_fraction,seed1_l11_sae_k16_s0,P7,READ,10000,experiment_v1_4/phase_archives/P7/v1_4_p7_return_1790455082926962917.zip::runs/seed1_l11_sae_k16_s0/semantic.json,0,val,h reconstruction,sae,0.62109375
,,,fidelity,bb505254dfde1587e2497238448fd2117f7b1a2292a84497db8fdfb81127e555,,,point estimate; empirical LM/sparse ranges reported separately,h,16,"[16.0,16.0,16.0,16.0,16.0,16.0]",11,1,inactive_count,seed1_l11_sae_k16_s0,P7,READ,10000,experiment_v1_4/phase_archives/P7/v1_4_p7_return_1790455082926962917.zip::runs/seed1_l11_sae_k16_s0/semantic.json,0,val,h reconstruction,sae,318
,,,fidelity,bb505254dfde1587e2497238448fd2117f7b1a2292a84497db8fdfb81127e555,,,point estimate; empirical LM/sparse ranges reported separately,h,16,"[16.0,16.0,16.0,16.0,16.0,16.0]",11,1,l0_mean,seed1_l11_sae_k16_s0,P7,READ,10000,experiment_v1_4/phase_archives/P7/v1_4_p7_return_1790455082926962917.zip::runs/seed1_l11_sae_k16_s0/semantic.json,0,val,h reconstruction,sae,16.0
,,,fidelity,bb505254dfde1587e2497238448fd2117f7b1a2292a84497db8fdfb81127e555,,,point estimate; empirical LM/sparse ranges reported separately,h,16,"[16.0,16.0,16.0,16.0,16.0,16.0]",11,1,l0_median,seed1_l11_sae_k16_s0,P7,READ,10000,experiment_v1_4/phase_archives/P7/v1_4_p7_return_1790455082926962917.zip::runs/seed1_l11_sae_k16_s0/semantic.json,0,val,h reconstruction,sae,16.0
,,,fidelity,bb505254dfde1587e2497238448fd2117f7b1a2292a84497db8fdfb81127e555,,,point estimate; empirical LM/sparse ranges reported separately,h,16,"[16.0,16.0,16.0,16.0,16.0,16.0]",11,1,dead_fraction,seed1_l11_sae_k16_s0,P7,READ,10000,experiment_v1_4/phase_archives/P7/v1_4_p7_return_1790455082926962917.zip::runs/seed1_l11_sae_k16_s0/semantic.json,0,val,h reconstruction,sae,0.556640625
,,,fidelity,bb505254dfde1587e2497238448fd2117f7b1a2292a84497db8fdfb81127e555,,,point estimate; empirical LM/sparse ranges reported separately,h,16,"[16.0,16.0,16.0,16.0,16.0,16.0]",11,1,mse,seed1_l11_sae_k16_s0,P7,READ,20000,experiment_v1_4/phase_archives/P7/v1_4_p7_return_1790455082926962917.zip::runs/seed1_l11_sae_k16_s0/semantic.json,0,test,h reconstruction,sae,0.009252952984601258
,,,fidelity,bb505254dfde1587e2497238448fd2117f7b1a2292a84497db8fdfb81127e555,,,point estimate; empirical LM/sparse ranges reported separately,h,16,"[16.0,16.0,16.0,16.0,16.0,16.0]",11,1,nmse,seed1_l11_sae_k16_s0,P7,READ,20000,experiment_v1_4/phase_archives/P7/v1_4_p7_return_1790455082926962917.zip::runs/seed1_l11_sae_k16_s0/semantic.json,0,test,h reconstruction,sae,0.009268793570136095
,,,fidelity,bb505254dfde1587e2497238448fd2117f7b1a2292a84497db8fdfb81127e555,,,point estimate; empirical LM/sparse ranges reported separately,h,16,"[16.0,16.0,16.0,16.0,16.0,16.0]",11,1,r2,seed1_l11_sae_k16_s0,P7,READ,20000,experiment_v1_4/phase_archives/P7/v1_4_p7_return_1790455082926962917.zip::runs/seed1_l11_sae_k16_s0/semantic.json,0,test,h reconstruction,sae,0.990730934988276
,,,fidelity,bb505254dfde1587e2497238448fd2117f7b1a2292a84497db8fdfb81127e555,,,point estimate; empirical LM/sparse ranges reported separately,h,16,"[16.0,16.0,16.0,16.0,16.0,16.0]",11,1,ev,seed1_l11_sae_k16_s0,P7,READ,20000,experiment_v1_4/phase_archives/P7/v1_4_p7_return_1790455082926962917.zip::runs/seed1_l11_sae_k16_s0/semantic.json,0,test,h reconstruction,sae,0.9907577533856982
,,,fidelity,bb505254dfde1587e2497238448fd2117f7b1a2292a84497db8fdfb81127e555,,,point estimate; empirical LM/sparse ranges reported separately,h,16,"[16.0,16.0,16.0,16.0,16.0,16.0]",11,1,inactive_fraction,seed1_l11_sae_k16_s0,P7,READ,20000,experiment_v1_4/phase_archives/P7/v1_4_p7_return_1790455082926962917.zip::runs/seed1_l11_sae_k16_s0/semantic.json,0,test,h reconstruction,sae,0.5859375
,,,fidelity,bb505254dfde1587e2497238448fd2117f7b1a2292a84497db8fdfb81127e555,,,point estimate; empirical LM/sparse ranges reported separately,h,16,"[16.0,16.0,16.0,16.0,16.0,16.0]",11,1,inactive_count,seed1_l11_sae_k16_s0,P7,READ,20000,experiment_v1_4/phase_archives/P7/v1_4_p7_return_1790455082926962917.zip::runs/seed1_l11_sae_k16_s0/semantic.json,0,test,h reconstruction,sae,300
,,,fidelity,bb505254dfde1587e2497238448fd2117f7b1a2292a84497db8fdfb81127e555,,,point estimate; empirical LM/sparse ranges reported separately,h,16,"[16.0,16.0,16.0,16.0,16.0,16.0]",11,1,l0_mean,seed1_l11_sae_k16_s0,P7,READ,20000,experiment_v1_4/phase_archives/P7/v1_4_p7_return_1790455082926962917.zip::runs/seed1_l11_sae_k16_s0/semantic.json,0,test,h reconstruction,sae,16.0
,,,fidelity,bb505254dfde1587e2497238448fd2117f7b1a2292a84497db8fdfb81127e555,,,point estimate; empirical LM/sparse ranges reported separately,h,16,"[16.0,16.0,16.0,16.0,16.0,16.0]",11,1,l0_median,seed1_l11_sae_k16_s0,P7,READ,20000,experiment_v1_4/phase_archives/P7/v1_4_p7_return_1790455082926962917.zip::runs/seed1_l11_sae_k16_s0/semantic.json,0,test,h reconstruction,sae,16.0
,,,fidelity,bb505254dfde1587e2497238448fd2117f7b1a2292a84497db8fdfb81127e555,,,point estimate; empirical LM/sparse ranges reported separately,h,16,"[16.0,16.0,16.0,16.0,16.0,16.0]",11,1,dead_fraction,seed1_l11_sae_k16_s0,P7,READ,20000,experiment_v1_4/phase_archives/P7/v1_4_p7_return_1790455082926962917.zip::runs/seed1_l11_sae_k16_s0/semantic.json,0,test,h reconstruction,sae,0.556640625
1000,13165213139060102046,1000,replacement,bb505254dfde1587e2497238448fd2117f7b1a2292a84497db8fdfb81127e555,0.0024818378455325084,0.0001524740709949679,,h,16,,11,1,original_ce,seed1_l11_sae_k16_s0,P7,READ,2048,experiment_v1_4/phase_archives/P7/v1_4_p7_return_1790455082926962917.zip::runs/seed1_l11_sae_k16_s0/summary.json,0,behavior_test,h reconstruction,sae,0.0008930913189741929
1000,13165213139060102046,1000,replacement,bb505254dfde1587e2497238448fd2117f7b1a2292a84497db8fdfb81127e555,0.0022928966733264163,0.00014199147534148525,,h,16,,11,1,patched_ce,seed1_l11_sae_k16_s0,P7,READ,2048,experiment_v1_4/phase_archives/P7/v1_4_p7_return_1790455082926962917.zip::runs/seed1_l11_sae_k16_s0/summary.json,0,behavior_test,h reconstruction,sae,0.0008556878502732346
1000,13165213139060102046,1000,replacement,bb505254dfde1587e2497238448fd2117f7b1a2292a84497db8fdfb81127e555,4.4629786886241065e-05,-0.00014879358794026576,,h,16,,11,1,delta_ce,seed1_l11_sae_k16_s0,P7,READ,2048,experiment_v1_4/phase_archives/P7/v1_4_p7_return_1790455082926962917.zip::runs/seed1_l11_sae_k16_s0/summary.json,0,behavior_test,h reconstruction,sae,-3.740346870095834e-05
1000,13165213139060102046,1000,replacement,bb505254dfde1587e2497238448fd2117f7b1a2292a84497db8fdfb81127e555,1.0,0.998046875,,h,16,,11,1,original_accuracy,seed1_l11_sae_k16_s0,P7,READ,2048,experiment_v1_4/phase_archives/P7/v1_4_p7_return_1790455082926962917.zip::runs/seed1_l11_sae_k16_s0/summary.json,0,behavior_test,h reconstruction,sae,0.99951171875
1000,13165213139060102046,1000,replacement,bb505254dfde1587e2497238448fd2117f7b1a2292a84497db8fdfb81127e555,1.0,0.998046875,,h,16,,11,1,patched_accuracy,seed1_l11_sae_k16_s0,P7,READ,2048,experiment_v1_4/phase_archives/P7/v1_4_p7_return_1790455082926962917.zip::runs/seed1_l11_sae_k16_s0/summary.json,0,behavior_test,h reconstruction,sae,0.99951171875
1000,13165213139060102046,1000,replacement,bb505254dfde1587e2497238448fd2117f7b1a2292a84497db8fdfb81127e555,0.0,0.0,,h,16,,11,1,delta_accuracy,seed1_l11_sae_k16_s0,P7,READ,2048,experiment_v1_4/phase_archives/P7/v1_4_p7_return_1790455082926962917.zip::runs/seed1_l11_sae_k16_s0/summary.json,0,behavior_test,h reconstruction,sae,0.0
,,,fidelity,f9f496b5b5d55bed9f0efc1f3694f91486a1cae97c14af6091f8fe91ec235ec4,,,point estimate; empirical LM/sparse ranges reported separately,h,4,"[4.0,4.0,4.0,4.0,4.0,4.0]",0,2,mse,seed2_l0_sae_k4_s0,P7,READ,50000,experiment_v1_4/phase_archives/P7/v1_4_p7_return_1790455082926962917.zip::runs/seed2_l0_sae_k4_s0/semantic.json,0,train,h reconstruction,sae,0.0018610972476113996
,,,fidelity,f9f496b5b5d55bed9f0efc1f3694f91486a1cae97c14af6091f8fe91ec235ec4,,,point estimate; empirical LM/sparse ranges reported separately,h,4,"[4.0,4.0,4.0,4.0,4.0,4.0]",0,2,nmse,seed2_l0_sae_k4_s0,P7,READ,50000,experiment_v1_4/phase_archives/P7/v1_4_p7_return_1790455082926962917.zip::runs/seed2_l0_sae_k4_s0/semantic.json,0,train,h reconstruction,sae,0.0018610970890655673
,,,fidelity,f9f496b5b5d55bed9f0efc1f3694f91486a1cae97c14af6091f8fe91ec235ec4,,,point estimate; empirical LM/sparse ranges reported separately,h,4,"[4.0,4.0,4.0,4.0,4.0,4.0]",0,2,r2,seed2_l0_sae_k4_s0,P7,READ,50000,experiment_v1_4/phase_archives/P7/v1_4_p7_return_1790455082926962917.zip::runs/seed2_l0_sae_k4_s0/semantic.json,0,train,h reconstruction,sae,0.9981389029109344
,,,fidelity,f9f496b5b5d55bed9f0efc1f3694f91486a1cae97c14af6091f8fe91ec235ec4,,,point estimate; empirical LM/sparse ranges reported separately,h,4,"[4.0,4.0,4.0,4.0,4.0,4.0]",0,2,ev,seed2_l0_sae_k4_s0,P7,READ,50000,experiment_v1_4/phase_archives/P7/v1_4_p7_return_1790455082926962917.zip::runs/seed2_l0_sae_k4_s0/semantic.json,0,train,h reconstruction,sae,0.9981489412235985
,,,fidelity,f9f496b5b5d55bed9f0efc1f3694f91486a1cae97c14af6091f8fe91ec235ec4,,,point estimate; empirical LM/sparse ranges reported separately,h,4,"[4.0,4.0,4.0,4.0,4.0,4.0]",0,2,inactive_fraction,seed2_l0_sae_k4_s0,P7,READ,50000,experiment_v1_4/phase_archives/P7/v1_4_p7_return_1790455082926962917.zip::runs/seed2_l0_sae_k4_s0/semantic.json,0,train,h reconstruction,sae,0.6484375
,,,fidelity,f9f496b5b5d55bed9f0efc1f3694f91486a1cae97c14af6091f8fe91ec235ec4,,,point estimate; empirical LM/sparse ranges reported separately,h,4,"[4.0,4.0,4.0,4.0,4.0,4.0]",0,2,inactive_count,seed2_l0_sae_k4_s0,P7,READ,50000,experiment_v1_4/phase_archives/P7/v1_4_p7_return_1790455082926962917.zip::runs/seed2_l0_sae_k4_s0/semantic.json,0,train,h reconstruction,sae,332
,,,fidelity,f9f496b5b5d55bed9f0efc1f3694f91486a1cae97c14af6091f8fe91ec235ec4,,,point estimate; empirical LM/sparse ranges reported separately,h,4,"[4.0,4.0,4.0,4.0,4.0,4.0]",0,2,l0_mean,seed2_l0_sae_k4_s0,P7,READ,50000,experiment_v1_4/phase_archives/P7/v1_4_p7_return_1790455082926962917.zip::runs/seed2_l0_sae_k4_s0/semantic.json,0,train,h reconstruction,sae,4.0
,,,fidelity,f9f496b5b5d55bed9f0efc1f3694f91486a1cae97c14af6091f8fe91ec235ec4,,,point estimate; empirical LM/sparse ranges reported separately,h,4,"[4.0,4.0,4.0,4.0,4.0,4.0]",0,2,l0_median,seed2_l0_sae_k4_s0,P7,READ,50000,experiment_v1_4/phase_archives/P7/v1_4_p7_return_1790455082926962917.zip::runs/seed2_l0_sae_k4_s0/semantic.json,0,train,h reconstruction,sae,4.0
,,,fidelity,f9f496b5b5d55bed9f0efc1f3694f91486a1cae97c14af6091f8fe91ec235ec4,,,point estimate; empirical LM/sparse ranges reported separately,h,4,"[4.0,4.0,4.0,4.0,4.0,4.0]",0,2,dead_fraction,seed2_l0_sae_k4_s0,P7,READ,50000,experiment_v1_4/phase_archives/P7/v1_4_p7_return_1790455082926962917.zip::runs/seed2_l0_sae_k4_s0/semantic.json,0,train,h reconstruction,sae,0.6484375
,,,fidelity,f9f496b5b5d55bed9f0efc1f3694f91486a1cae97c14af6091f8fe91ec235ec4,,,point estimate; empirical LM/sparse ranges reported separately,h,4,"[4.0,4.0,4.0,4.0,4.0,4.0]",0,2,mse,seed2_l0_sae_k4_s0,P7,READ,10000,experiment_v1_4/phase_archives/P7/v1_4_p7_return_1790455082926962917.zip::runs/seed2_l0_sae_k4_s0/semantic.json,0,val,h reconstruction,sae,0.0018797662253628705
,,,fidelity,f9f496b5b5d55bed9f0efc1f3694f91486a1cae97c14af6091f8fe91ec235ec4,,,point estimate; empirical LM/sparse ranges reported separately,h,4,"[4.0,4.0,4.0,4.0,4.0,4.0]",0,2,nmse,seed2_l0_sae_k4_s0,P7,READ,10000,experiment_v1_4/phase_archives/P7/v1_4_p7_return_1790455082926962917.zip::runs/seed2_l0_sae_k4_s0/semantic.json,0,val,h reconstruction,sae,0.0018746785863137422
,,,fidelity,f9f496b5b5d55bed9f0efc1f3694f91486a1cae97c14af6091f8fe91ec235ec4,,,point estimate; empirical LM/sparse ranges reported separately,h,4,"[4.0,4.0,4.0,4.0,4.0,4.0]",0,2,r2,seed2_l0_sae_k4_s0,P7,READ,10000,experiment_v1_4/phase_archives/P7/v1_4_p7_return_1790455082926962917.zip::runs/seed2_l0_sae_k4_s0/semantic.json,0,val,h reconstruction,sae,0.9981250900942656
,,,fidelity,f9f496b5b5d55bed9f0efc1f3694f91486a1cae97c14af6091f8fe91ec235ec4,,,point estimate; empirical LM/sparse ranges reported separately,h,4,"[4.0,4.0,4.0,4.0,4.0,4.0]",0,2,ev,seed2_l0_sae_k4_s0,P7,READ,10000,experiment_v1_4/phase_archives/P7/v1_4_p7_return_1790455082926962917.zip::runs/seed2_l0_sae_k4_s0/semantic.json,0,val,h reconstruction,sae,0.9981364166904318
,,,fidelity,f9f496b5b5d55bed9f0efc1f3694f91486a1cae97c14af6091f8fe91ec235ec4,,,point estimate; empirical LM/sparse ranges reported separately,h,4,"[4.0,4.0,4.0,4.0,4.0,4.0]",0,2,inactive_fraction,seed2_l0_sae_k4_s0,P7,READ,10000,experiment_v1_4/phase_archives/P7/v1_4_p7_return_1790455082926962917.zip::runs/seed2_l0_sae_k4_s0/semantic.json,0,val,h reconstruction,sae,0.76953125
,,,fidelity,f9f496b5b5d55bed9f0efc1f3694f91486a1cae97c14af6091f8fe91ec235ec4,,,point estimate; empirical LM/sparse ranges reported separately,h,4,"[4.0,4.0,4.0,4.0,4.0,4.0]",0,2,inactive_count,seed2_l0_sae_k4_s0,P7,READ,10000,experiment_v1_4/phase_archives/P7/v1_4_p7_return_1790455082926962917.zip::runs/seed2_l0_sae_k4_s0/semantic.json,0,val,h reconstruction,sae,394
,,,fidelity,f9f496b5b5d55bed9f0efc1f3694f91486a1cae97c14af6091f8fe91ec235ec4,,,point estimate; empirical LM/sparse ranges reported separately,h,4,"[4.0,4.0,4.0,4.0,4.0,4.0]",0,2,l0_mean,seed2_l0_sae_k4_s0,P7,READ,10000,experiment_v1_4/phase_archives/P7/v1_4_p7_return_1790455082926962917.zip::runs/seed2_l0_sae_k4_s0/semantic.json,0,val,h reconstruction,sae,4.0
,,,fidelity,f9f496b5b5d55bed9f0efc1f3694f91486a1cae97c14af6091f8fe91ec235ec4,,,point estimate; empirical LM/sparse ranges reported separately,h,4,"[4.0,4.0,4.0,4.0,4.0,4.0]",0,2,l0_median,seed2_l0_sae_k4_s0,P7,READ,10000,experiment_v1_4/phase_archives/P7/v1_4_p7_return_1790455082926962917.zip::runs/seed2_l0_sae_k4_s0/semantic.json,0,val,h reconstruction,sae,4.0
,,,fidelity,f9f496b5b5d55bed9f0efc1f3694f91486a1cae97c14af6091f8fe91ec235ec4,,,point estimate; empirical LM/sparse ranges reported separately,h,4,"[4.0,4.0,4.0,4.0,4.0,4.0]",0,2,dead_fraction,seed2_l0_sae_k4_s0,P7,READ,10000,experiment_v1_4/phase_archives/P7/v1_4_p7_return_1790455082926962917.zip::runs/seed2_l0_sae_k4_s0/semantic.json,0,val,h reconstruction,sae,0.6484375
,,,fidelity,f9f496b5b5d55bed9f0efc1f3694f91486a1cae97c14af6091f8fe91ec235ec4,,,point estimate; empirical LM/sparse ranges reported separately,h,4,"[4.0,4.0,4.0,4.0,4.0,4.0]",0,2,mse,seed2_l0_sae_k4_s0,P7,READ,20000,experiment_v1_4/phase_archives/P7/v1_4_p7_return_1790455082926962917.zip::runs/seed2_l0_sae_k4_s0/semantic.json,0,test,h reconstruction,sae,0.0018720438456733249
,,,fidelity,f9f496b5b5d55bed9f0efc1f3694f91486a1cae97c14af6091f8fe91ec235ec4,,,point estimate; empirical LM/sparse ranges reported separately,h,4,"[4.0,4.0,4.0,4.0,4.0,4.0]",0,2,nmse,seed2_l0_sae_k4_s0,P7,READ,20000,experiment_v1_4/phase_archives/P7/v1_4_p7_return_1790455082926962917.zip::runs/seed2_l0_sae_k4_s0/semantic.json,0,test,h reconstruction,sae,0.0018701537633244714
,,,fidelity,f9f496b5b5d55bed9f0efc1f3694f91486a1cae97c14af6091f8fe91ec235ec4,,,point estimate; empirical LM/sparse ranges reported separately,h,4,"[4.0,4.0,4.0,4.0,4.0,4.0]",0,2,r2,seed2_l0_sae_k4_s0,P7,READ,20000,experiment_v1_4/phase_archives/P7/v1_4_p7_return_1790455082926962917.zip::runs/seed2_l0_sae_k4_s0/semantic.json,0,test,h reconstruction,sae,0.9981298133966418
,,,fidelity,f9f496b5b5d55bed9f0efc1f3694f91486a1cae97c14af6091f8fe91ec235ec4,,,point estimate; empirical LM/sparse ranges reported separately,h,4,"[4.0,4.0,4.0,4.0,4.0,4.0]",0,2,ev,seed2_l0_sae_k4_s0,P7,READ,20000,experiment_v1_4/phase_archives/P7/v1_4_p7_return_1790455082926962917.zip::runs/seed2_l0_sae_k4_s0/semantic.json,0,test,h reconstruction,sae,0.9981393127000553
,,,fidelity,f9f496b5b5d55bed9f0efc1f3694f91486a1cae97c14af6091f8fe91ec235ec4,,,point estimate; empirical LM/sparse ranges reported separately,h,4,"[4.0,4.0,4.0,4.0,4.0,4.0]",0,2,inactive_fraction,seed2_l0_sae_k4_s0,P7,READ,20000,experiment_v1_4/phase_archives/P7/v1_4_p7_return_1790455082926962917.zip::runs/seed2_l0_sae_k4_s0/semantic.json,0,test,h reconstruction,sae,0.720703125
,,,fidelity,f9f496b5b5d55bed9f0efc1f3694f91486a1cae97c14af6091f8fe91ec235ec4,,,point estimate; empirical LM/sparse ranges reported separately,h,4,"[4.0,4.0,4.0,4.0,4.0,4.0]",0,2,inactive_count,seed2_l0_sae_k4_s0,P7,READ,20000,experiment_v1_4/phase_archives/P7/v1_4_p7_return_1790455082926962917.zip::runs/seed2_l0_sae_k4_s0/semantic.json,0,test,h reconstruction,sae,369
,,,fidelity,f9f496b5b5d55bed9f0efc1f3694f91486a1cae97c14af6091f8fe91ec235ec4,,,point estimate; empirical LM/sparse ranges reported separately,h,4,"[4.0,4.0,4.0,4.0,4.0,4.0]",0,2,l0_mean,seed2_l0_sae_k4_s0,P7,READ,20000,experiment_v1_4/phase_archives/P7/v1_4_p7_return_1790455082926962917.zip::runs/seed2_l0_sae_k4_s0/semantic.json,0,test,h reconstruction,sae,4.0
,,,fidelity,f9f496b5b5d55bed9f0efc1f3694f91486a1cae97c14af6091f8fe91ec235ec4,,,point estimate; empirical LM/sparse ranges reported separately,h,4,"[4.0,4.0,4.0,4.0,4.0,4.0]",0,2,l0_median,seed2_l0_sae_k4_s0,P7,READ,20000,experiment_v1_4/phase_archives/P7/v1_4_p7_return_1790455082926962917.zip::runs/seed2_l0_sae_k4_s0/semantic.json,0,test,h reconstruction,sae,4.0
,,,fidelity,f9f496b5b5d55bed9f0efc1f3694f91486a1cae97c14af6091f8fe91ec235ec4,,,point estimate; empirical LM/sparse ranges reported separately,h,4,"[4.0,4.0,4.0,4.0,4.0,4.0]",0,2,dead_fraction,seed2_l0_sae_k4_s0,P7,READ,20000,experiment_v1_4/phase_archives/P7/v1_4_p7_return_1790455082926962917.zip::runs/seed2_l0_sae_k4_s0/semantic.json,0,test,h reconstruction,sae,0.6484375
1000,11157066125796383027,1000,replacement,f9f496b5b5d55bed9f0efc1f3694f91486a1cae97c14af6091f8fe91ec235ec4,0.001466360877670425,4.77198152307734e-05,,h,4,,0,2,original_ce,seed2_l0_sae_k4_s0,P7,READ,2048,experiment_v1_4/phase_archives/P7/v1_4_p7_return_1790455082926962917.zip::runs/seed2_l0_sae_k4_s0/summary.json,0,behavior_test,h reconstruction,sae,0.0005009129911175414
1000,11157066125796383027,1000,replacement,f9f496b5b5d55bed9f0efc1f3694f91486a1cae97c14af6091f8fe91ec235ec4,0.0014759528110614539,4.757436713562768e-05,,h,4,,0,2,patched_ce,seed2_l0_sae_k4_s0,P7,READ,2048,experiment_v1_4/phase_archives/P7/v1_4_p7_return_1790455082926962917.zip::runs/seed2_l0_sae_k4_s0/summary.json,0,behavior_test,h reconstruction,sae,0.000501072672363545
1000,11157066125796383027,1000,replacement,f9f496b5b5d55bed9f0efc1f3694f91486a1cae97c14af6091f8fe91ec235ec4,7.632202086937934e-06,-6.615049776870219e-06,,h,4,,0,2,delta_ce,seed2_l0_sae_k4_s0,P7,READ,2048,experiment_v1_4/phase_archives/P7/v1_4_p7_return_1790455082926962917.zip::runs/seed2_l0_sae_k4_s0/summary.json,0,behavior_test,h reconstruction,sae,1.5968124600362898e-07
1000,11157066125796383027,1000,replacement,f9f496b5b5d55bed9f0efc1f3694f91486a1cae97c14af6091f8fe91ec235ec4,1.0,0.998046875,,h,4,,0,2,original_accuracy,seed2_l0_sae_k4_s0,P7,READ,2048,experiment_v1_4/phase_archives/P7/v1_4_p7_return_1790455082926962917.zip::runs/seed2_l0_sae_k4_s0/summary.json,0,behavior_test,h reconstruction,sae,0.99951171875
1000,11157066125796383027,1000,replacement,f9f496b5b5d55bed9f0efc1f3694f91486a1cae97c14af6091f8fe91ec235ec4,1.0,0.998046875,,h,4,,0,2,patched_accuracy,seed2_l0_sae_k4_s0,P7,READ,2048,experiment_v1_4/phase_archives/P7/v1_4_p7_return_1790455082926962917.zip::runs/seed2_l0_sae_k4_s0/summary.json,0,behavior_test,h reconstruction,sae,0.99951171875
1000,11157066125796383027,1000,replacement,f9f496b5b5d55bed9f0efc1f3694f91486a1cae97c14af6091f8fe91ec235ec4,0.0,0.0,,h,4,,0,2,delta_accuracy,seed2_l0_sae_k4_s0,P7,READ,2048,experiment_v1_4/phase_archives/P7/v1_4_p7_return_1790455082926962917.zip::runs/seed2_l0_sae_k4_s0/summary.json,0,behavior_test,h reconstruction,sae,0.0
,,,fidelity,f9f496b5b5d55bed9f0efc1f3694f91486a1cae97c14af6091f8fe91ec235ec4,,,point estimate; empirical LM/sparse ranges reported separately,h,16,"[14.0,16.0,16.0,16.0,16.0,16.0]",0,2,mse,seed2_l0_sae_k16_s0,P7,READ,50000,experiment_v1_4/phase_archives/P7/v1_4_p7_return_1790455082926962917.zip::runs/seed2_l0_sae_k16_s0/semantic.json,0,train,h reconstruction,sae,0.00038453906439249566
,,,fidelity,f9f496b5b5d55bed9f0efc1f3694f91486a1cae97c14af6091f8fe91ec235ec4,,,point estimate; empirical LM/sparse ranges reported separately,h,16,"[14.0,16.0,16.0,16.0,16.0,16.0]",0,2,nmse,seed2_l0_sae_k16_s0,P7,READ,50000,experiment_v1_4/phase_archives/P7/v1_4_p7_return_1790455082926962917.zip::runs/seed2_l0_sae_k16_s0/semantic.json,0,train,h reconstruction,sae,0.0003845390316338281
,,,fidelity,f9f496b5b5d55bed9f0efc1f3694f91486a1cae97c14af6091f8fe91ec235ec4,,,point estimate; empirical LM/sparse ranges reported separately,h,16,"[14.0,16.0,16.0,16.0,16.0,16.0]",0,2,r2,seed2_l0_sae_k16_s0,P7,READ,50000,experiment_v1_4/phase_archives/P7/v1_4_p7_return_1790455082926962917.zip::runs/seed2_l0_sae_k16_s0/semantic.json,0,train,h reconstruction,sae,0.9996154609683662
,,,fidelity,f9f496b5b5d55bed9f0efc1f3694f91486a1cae97c14af6091f8fe91ec235ec4,,,point estimate; empirical LM/sparse ranges reported separately,h,16,"[14.0,16.0,16.0,16.0,16.0,16.0]",0,2,ev,seed2_l0_sae_k16_s0,P7,READ,50000,experiment_v1_4/phase_archives/P7/v1_4_p7_return_1790455082926962917.zip::runs/seed2_l0_sae_k16_s0/semantic.json,0,train,h reconstruction,sae,0.9996214166416488
,,,fidelity,f9f496b5b5d55bed9f0efc1f3694f91486a1cae97c14af6091f8fe91ec235ec4,,,point estimate; empirical LM/sparse ranges reported separately,h,16,"[14.0,16.0,16.0,16.0,16.0,16.0]",0,2,inactive_fraction,seed2_l0_sae_k16_s0,P7,READ,50000,experiment_v1_4/phase_archives/P7/v1_4_p7_return_1790455082926962917.zip::runs/seed2_l0_sae_k16_s0/semantic.json,0,train,h reconstruction,sae,0.541015625
,,,fidelity,f9f496b5b5d55bed9f0efc1f3694f91486a1cae97c14af6091f8fe91ec235ec4,,,point estimate; empirical LM/sparse ranges reported separately,h,16,"[14.0,16.0,16.0,16.0,16.0,16.0]",0,2,inactive_count,seed2_l0_sae_k16_s0,P7,READ,50000,experiment_v1_4/phase_archives/P7/v1_4_p7_return_1790455082926962917.zip::runs/seed2_l0_sae_k16_s0/semantic.json,0,train,h reconstruction,sae,277
,,,fidelity,f9f496b5b5d55bed9f0efc1f3694f91486a1cae97c14af6091f8fe91ec235ec4,,,point estimate; empirical LM/sparse ranges reported separately,h,16,"[14.0,16.0,16.0,16.0,16.0,16.0]",0,2,l0_mean,seed2_l0_sae_k16_s0,P7,READ,50000,experiment_v1_4/phase_archives/P7/v1_4_p7_return_1790455082926962917.zip::runs/seed2_l0_sae_k16_s0/semantic.json,0,train,h reconstruction,sae,15.99836
,,,fidelity,f9f496b5b5d55bed9f0efc1f3694f91486a1cae97c14af6091f8fe91ec235ec4,,,point estimate; empirical LM/sparse ranges reported separately,h,16,"[14.0,16.0,16.0,16.0,16.0,16.0]",0,2,l0_median,seed2_l0_sae_k16_s0,P7,READ,50000,experiment_v1_4/phase_archives/P7/v1_4_p7_return_1790455082926962917.zip::runs/seed2_l0_sae_k16_s0/semantic.json,0,train,h reconstruction,sae,16.0
,,,fidelity,f9f496b5b5d55bed9f0efc1f3694f91486a1cae97c14af6091f8fe91ec235ec4,,,point estimate; empirical LM/sparse ranges reported separately,h,16,"[14.0,16.0,16.0,16.0,16.0,16.0]",0,2,dead_fraction,seed2_l0_sae_k16_s0,P7,READ,50000,experiment_v1_4/phase_archives/P7/v1_4_p7_return_1790455082926962917.zip::runs/seed2_l0_sae_k16_s0/semantic.json,0,train,h reconstruction,sae,0.541015625
,,,fidelity,f9f496b5b5d55bed9f0efc1f3694f91486a1cae97c14af6091f8fe91ec235ec4,,,point estimate; empirical LM/sparse ranges reported separately,h,16,"[15.0,16.0,16.0,16.0,16.0,16.0]",0,2,mse,seed2_l0_sae_k16_s0,P7,READ,10000,experiment_v1_4/phase_archives/P7/v1_4_p7_return_1790455082926962917.zip::runs/seed2_l0_sae_k16_s0/semantic.json,0,val,h reconstruction,sae,0.00039150824176469913
,,,fidelity,f9f496b5b5d55bed9f0efc1f3694f91486a1cae97c14af6091f8fe91ec235ec4,,,point estimate; empirical LM/sparse ranges reported separately,h,16,"[15.0,16.0,16.0,16.0,16.0,16.0]",0,2,nmse,seed2_l0_sae_k16_s0,P7,READ,10000,experiment_v1_4/phase_archives/P7/v1_4_p7_return_1790455082926962917.zip::runs/seed2_l0_sae_k16_s0/semantic.json,0,val,h reconstruction,sae,0.0003904486139280126
,,,fidelity,f9f496b5b5d55bed9f0efc1f3694f91486a1cae97c14af6091f8fe91ec235ec4,,,point estimate; empirical LM/sparse ranges reported separately,h,16,"[15.0,16.0,16.0,16.0,16.0,16.0]",0,2,r2,seed2_l0_sae_k16_s0,P7,READ,10000,experiment_v1_4/phase_archives/P7/v1_4_p7_return_1790455082926962917.zip::runs/seed2_l0_sae_k16_s0/semantic.json,0,val,h reconstruction,sae,0.9996095032080281
,,,fidelity,f9f496b5b5d55bed9f0efc1f3694f91486a1cae97c14af6091f8fe91ec235ec4,,,point estimate; empirical LM/sparse ranges reported separately,h,16,"[15.0,16.0,16.0,16.0,16.0,16.0]",0,2,ev,seed2_l0_sae_k16_s0,P7,READ,10000,experiment_v1_4/phase_archives/P7/v1_4_p7_return_1790455082926962917.zip::runs/seed2_l0_sae_k16_s0/semantic.json,0,val,h reconstruction,sae,0.9996157600220765
,,,fidelity,f9f496b5b5d55bed9f0efc1f3694f91486a1cae97c14af6091f8fe91ec235ec4,,,point estimate; empirical LM/sparse ranges reported separately,h,16,"[15.0,16.0,16.0,16.0,16.0,16.0]",0,2,inactive_fraction,seed2_l0_sae_k16_s0,P7,READ,10000,experiment_v1_4/phase_archives/P7/v1_4_p7_return_1790455082926962917.zip::runs/seed2_l0_sae_k16_s0/semantic.json,0,val,h reconstruction,sae,0.705078125
,,,fidelity,f9f496b5b5d55bed9f0efc1f3694f91486a1cae97c14af6091f8fe91ec235ec4,,,point estimate; empirical LM/sparse ranges reported separately,h,16,"[15.0,16.0,16.0,16.0,16.0,16.0]",0,2,inactive_count,seed2_l0_sae_k16_s0,P7,READ,10000,experiment_v1_4/phase_archives/P7/v1_4_p7_return_1790455082926962917.zip::runs/seed2_l0_sae_k16_s0/semantic.json,0,val,h reconstruction,sae,361
,,,fidelity,f9f496b5b5d55bed9f0efc1f3694f91486a1cae97c14af6091f8fe91ec235ec4,,,point estimate; empirical LM/sparse ranges reported separately,h,16,"[15.0,16.0,16.0,16.0,16.0,16.0]",0,2,l0_mean,seed2_l0_sae_k16_s0,P7,READ,10000,experiment_v1_4/phase_archives/P7/v1_4_p7_return_1790455082926962917.zip::runs/seed2_l0_sae_k16_s0/semantic.json,0,val,h reconstruction,sae,15.9984
,,,fidelity,f9f496b5b5d55bed9f0efc1f3694f91486a1cae97c14af6091f8fe91ec235ec4,,,point estimate; empirical LM/sparse ranges reported separately,h,16,"[15.0,16.0,16.0,16.0,16.0,16.0]",0,2,l0_median,seed2_l0_sae_k16_s0,P7,READ,10000,experiment_v1_4/phase_archives/P7/v1_4_p7_return_1790455082926962917.zip::runs/seed2_l0_sae_k16_s0/semantic.json,0,val,h reconstruction,sae,16.0
,,,fidelity,f9f496b5b5d55bed9f0efc1f3694f91486a1cae97c14af6091f8fe91ec235ec4,,,point estimate; empirical LM/sparse ranges reported separately,h,16,"[15.0,16.0,16.0,16.0,16.0,16.0]",0,2,dead_fraction,seed2_l0_sae_k16_s0,P7,READ,10000,experiment_v1_4/phase_archives/P7/v1_4_p7_return_1790455082926962917.zip::runs/seed2_l0_sae_k16_s0/semantic.json,0,val,h reconstruction,sae,0.541015625
,,,fidelity,f9f496b5b5d55bed9f0efc1f3694f91486a1cae97c14af6091f8fe91ec235ec4,,,point estimate; empirical LM/sparse ranges reported separately,h,16,"[14.0,16.0,16.0,16.0,16.0,16.0]",0,2,mse,seed2_l0_sae_k16_s0,P7,READ,20000,experiment_v1_4/phase_archives/P7/v1_4_p7_return_1790455082926962917.zip::runs/seed2_l0_sae_k16_s0/semantic.json,0,test,h reconstruction,sae,0.00038873417852120114
,,,fidelity,f9f496b5b5d55bed9f0efc1f3694f91486a1cae97c14af6091f8fe91ec235ec4,,,point estimate; empirical LM/sparse ranges reported separately,h,16,"[14.0,16.0,16.0,16.0,16.0,16.0]",0,2,nmse,seed2_l0_sae_k16_s0,P7,READ,20000,experiment_v1_4/phase_archives/P7/v1_4_p7_return_1790455082926962917.zip::runs/seed2_l0_sae_k16_s0/semantic.json,0,test,h reconstruction,sae,0.0003883416986063118
,,,fidelity,f9f496b5b5d55bed9f0efc1f3694f91486a1cae97c14af6091f8fe91ec235ec4,,,point estimate; empirical LM/sparse ranges reported separately,h,16,"[14.0,16.0,16.0,16.0,16.0,16.0]",0,2,r2,seed2_l0_sae_k16_s0,P7,READ,20000,experiment_v1_4/phase_archives/P7/v1_4_p7_return_1790455082926962917.zip::runs/seed2_l0_sae_k16_s0/semantic.json,0,test,h reconstruction,sae,0.9996116514820858
,,,fidelity,f9f496b5b5d55bed9f0efc1f3694f91486a1cae97c14af6091f8fe91ec235ec4,,,point estimate; empirical LM/sparse ranges reported separately,h,16,"[14.0,16.0,16.0,16.0,16.0,16.0]",0,2,ev,seed2_l0_sae_k16_s0,P7,READ,20000,experiment_v1_4/phase_archives/P7/v1_4_p7_return_1790455082926962917.zip::runs/seed2_l0_sae_k16_s0/semantic.json,0,test,h reconstruction,sae,0.9996175607441642
,,,fidelity,f9f496b5b5d55bed9f0efc1f3694f91486a1cae97c14af6091f8fe91ec235ec4,,,point estimate; empirical LM/sparse ranges reported separately,h,16,"[14.0,16.0,16.0,16.0,16.0,16.0]",0,2,inactive_fraction,seed2_l0_sae_k16_s0,P7,READ,20000,experiment_v1_4/phase_archives/P7/v1_4_p7_return_1790455082926962917.zip::runs/seed2_l0_sae_k16_s0/semantic.json,0,test,h reconstruction,sae,0.634765625
,,,fidelity,f9f496b5b5d55bed9f0efc1f3694f91486a1cae97c14af6091f8fe91ec235ec4,,,point estimate; empirical LM/sparse ranges reported separately,h,16,"[14.0,16.0,16.0,16.0,16.0,16.0]",0,2,inactive_count,seed2_l0_sae_k16_s0,P7,READ,20000,experiment_v1_4/phase_archives/P7/v1_4_p7_return_1790455082926962917.zip::runs/seed2_l0_sae_k16_s0/semantic.json,0,test,h reconstruction,sae,325
,,,fidelity,f9f496b5b5d55bed9f0efc1f3694f91486a1cae97c14af6091f8fe91ec235ec4,,,point estimate; empirical LM/sparse ranges reported separately,h,16,"[14.0,16.0,16.0,16.0,16.0,16.0]",0,2,l0_mean,seed2_l0_sae_k16_s0,P7,READ,20000,experiment_v1_4/phase_archives/P7/v1_4_p7_return_1790455082926962917.zip::runs/seed2_l0_sae_k16_s0/semantic.json,0,test,h reconstruction,sae,15.9985
,,,fidelity,f9f496b5b5d55bed9f0efc1f3694f91486a1cae97c14af6091f8fe91ec235ec4,,,point estimate; empirical LM/sparse ranges reported separately,h,16,"[14.0,16.0,16.0,16.0,16.0,16.0]",0,2,l0_median,seed2_l0_sae_k16_s0,P7,READ,20000,experiment_v1_4/phase_archives/P7/v1_4_p7_return_1790455082926962917.zip::runs/seed2_l0_sae_k16_s0/semantic.json,0,test,h reconstruction,sae,16.0
,,,fidelity,f9f496b5b5d55bed9f0efc1f3694f91486a1cae97c14af6091f8fe91ec235ec4,,,point estimate; empirical LM/sparse ranges reported separately,h,16,"[14.0,16.0,16.0,16.0,16.0,16.0]",0,2,dead_fraction,seed2_l0_sae_k16_s0,P7,READ,20000,experiment_v1_4/phase_archives/P7/v1_4_p7_return_1790455082926962917.zip::runs/seed2_l0_sae_k16_s0/semantic.json,0,test,h reconstruction,sae,0.541015625
1000,11287103959699088056,1000,replacement,f9f496b5b5d55bed9f0efc1f3694f91486a1cae97c14af6091f8fe91ec235ec4,0.0012973279433207252,4.625419767464445e-05,,h,16,,0,2,original_ce,seed2_l0_sae_k16_s0,P7,READ,2048,experiment_v1_4/phase_archives/P7/v1_4_p7_return_1790455082926962917.zip::runs/seed2_l0_sae_k16_s0/summary.json,0,behavior_test,h reconstruction,sae,0.0005009129911175414
1000,11287103959699088056,1000,replacement,f9f496b5b5d55bed9f0efc1f3694f91486a1cae97c14af6091f8fe91ec235ec4,0.0013174530928486527,4.6197502662304045e-05,,h,16,,0,2,patched_ce,seed2_l0_sae_k16_s0,P7,READ,2048,experiment_v1_4/phase_archives/P7/v1_4_p7_return_1790455082926962917.zip::runs/seed2_l0_sae_k16_s0/summary.json,0,behavior_test,h reconstruction,sae,0.0005078952264527814
1000,11287103959699088056,1000,replacement,f9f496b5b5d55bed9f0efc1f3694f91486a1cae97c14af6091f8fe91ec235ec4,2.0126737285719452e-05,5.3946338496313483e-08,,h,16,,0,2,delta_ce,seed2_l0_sae_k16_s0,P7,READ,2048,experiment_v1_4/phase_archives/P7/v1_4_p7_return_1790455082926962917.zip::runs/seed2_l0_sae_k16_s0/summary.json,0,behavior_test,h reconstruction,sae,6.982235335240006e-06
1000,11287103959699088056,1000,replacement,f9f496b5b5d55bed9f0efc1f3694f91486a1cae97c14af6091f8fe91ec235ec4,1.0,0.99853515625,,h,16,,0,2,original_accuracy,seed2_l0_sae_k16_s0,P7,READ,2048,experiment_v1_4/phase_archives/P7/v1_4_p7_return_1790455082926962917.zip::runs/seed2_l0_sae_k16_s0/summary.json,0,behavior_test,h reconstruction,sae,0.99951171875
1000,11287103959699088056,1000,replacement,f9f496b5b5d55bed9f0efc1f3694f91486a1cae97c14af6091f8fe91ec235ec4,1.0,0.99853515625,,h,16,,0,2,patched_accuracy,seed2_l0_sae_k16_s0,P7,READ,2048,experiment_v1_4/phase_archives/P7/v1_4_p7_return_1790455082926962917.zip::runs/seed2_l0_sae_k16_s0/summary.json,0,behavior_test,h reconstruction,sae,0.99951171875
1000,11287103959699088056,1000,replacement,f9f496b5b5d55bed9f0efc1f3694f91486a1cae97c14af6091f8fe91ec235ec4,0.0,0.0,,h,16,,0,2,delta_accuracy,seed2_l0_sae_k16_s0,P7,READ,2048,experiment_v1_4/phase_archives/P7/v1_4_p7_return_1790455082926962917.zip::runs/seed2_l0_sae_k16_s0/summary.json,0,behavior_test,h reconstruction,sae,0.0
,,,fidelity,f9f496b5b5d55bed9f0efc1f3694f91486a1cae97c14af6091f8fe91ec235ec4,,,point estimate; empirical LM/sparse ranges reported separately,h,4,"[4.0,4.0,4.0,4.0,4.0,4.0]",3,2,mse,seed2_l3_sae_k4_s0,P7,READ,50000,experiment_v1_4/phase_archives/P7/v1_4_p7_return_1790455082926962917.zip::runs/seed2_l3_sae_k4_s0/semantic.json,0,train,h reconstruction,sae,0.03814652407841983
,,,fidelity,f9f496b5b5d55bed9f0efc1f3694f91486a1cae97c14af6091f8fe91ec235ec4,,,point estimate; empirical LM/sparse ranges reported separately,h,4,"[4.0,4.0,4.0,4.0,4.0,4.0]",3,2,nmse,seed2_l3_sae_k4_s0,P7,READ,50000,experiment_v1_4/phase_archives/P7/v1_4_p7_return_1790455082926962917.zip::runs/seed2_l3_sae_k4_s0/semantic.json,0,train,h reconstruction,sae,0.03814652254910799
,,,fidelity,f9f496b5b5d55bed9f0efc1f3694f91486a1cae97c14af6091f8fe91ec235ec4,,,point estimate; empirical LM/sparse ranges reported separately,h,4,"[4.0,4.0,4.0,4.0,4.0,4.0]",3,2,r2,seed2_l3_sae_k4_s0,P7,READ,50000,experiment_v1_4/phase_archives/P7/v1_4_p7_return_1790455082926962917.zip::runs/seed2_l3_sae_k4_s0/semantic.json,0,train,h reconstruction,sae,0.961853477450892
,,,fidelity,f9f496b5b5d55bed9f0efc1f3694f91486a1cae97c14af6091f8fe91ec235ec4,,,point estimate; empirical LM/sparse ranges reported separately,h,4,"[4.0,4.0,4.0,4.0,4.0,4.0]",3,2,ev,seed2_l3_sae_k4_s0,P7,READ,50000,experiment_v1_4/phase_archives/P7/v1_4_p7_return_1790455082926962917.zip::runs/seed2_l3_sae_k4_s0/semantic.json,0,train,h reconstruction,sae,0.9618844381433349
,,,fidelity,f9f496b5b5d55bed9f0efc1f3694f91486a1cae97c14af6091f8fe91ec235ec4,,,point estimate; empirical LM/sparse ranges reported separately,h,4,"[4.0,4.0,4.0,4.0,4.0,4.0]",3,2,inactive_fraction,seed2_l3_sae_k4_s0,P7,READ,50000,experiment_v1_4/phase_archives/P7/v1_4_p7_return_1790455082926962917.zip::runs/seed2_l3_sae_k4_s0/semantic.json,0,train,h reconstruction,sae,0.783203125
,,,fidelity,f9f496b5b5d55bed9f0efc1f3694f91486a1cae97c14af6091f8fe91ec235ec4,,,point estimate; empirical LM/sparse ranges reported separately,h,4,"[4.0,4.0,4.0,4.0,4.0,4.0]",3,2,inactive_count,seed2_l3_sae_k4_s0,P7,READ,50000,experiment_v1_4/phase_archives/P7/v1_4_p7_return_1790455082926962917.zip::runs/seed2_l3_sae_k4_s0/semantic.json,0,train,h reconstruction,sae,401
,,,fidelity,f9f496b5b5d55bed9f0efc1f3694f91486a1cae97c14af6091f8fe91ec235ec4,,,point estimate; empirical LM/sparse ranges reported separately,h,4,"[4.0,4.0,4.0,4.0,4.0,4.0]",3,2,l0_mean,seed2_l3_sae_k4_s0,P7,READ,50000,experiment_v1_4/phase_archives/P7/v1_4_p7_return_1790455082926962917.zip::runs/seed2_l3_sae_k4_s0/semantic.json,0,train,h reconstruction,sae,4.0
,,,fidelity,f9f496b5b5d55bed9f0efc1f3694f91486a1cae97c14af6091f8fe91ec235ec4,,,point estimate; empirical LM/sparse ranges reported separately,h,4,"[4.0,4.0,4.0,4.0,4.0,4.0]",3,2,l0_median,seed2_l3_sae_k4_s0,P7,READ,50000,experiment_v1_4/phase_archives/P7/v1_4_p7_return_1790455082926962917.zip::runs/seed2_l3_sae_k4_s0/semantic.json,0,train,h reconstruction,sae,4.0
,,,fidelity,f9f496b5b5d55bed9f0efc1f3694f91486a1cae97c14af6091f8fe91ec235ec4,,,point estimate; empirical LM/sparse ranges reported separately,h,4,"[4.0,4.0,4.0,4.0,4.0,4.0]",3,2,dead_fraction,seed2_l3_sae_k4_s0,P7,READ,50000,experiment_v1_4/phase_archives/P7/v1_4_p7_return_1790455082926962917.zip::runs/seed2_l3_sae_k4_s0/semantic.json,0,train,h reconstruction,sae,0.783203125
,,,fidelity,f9f496b5b5d55bed9f0efc1f3694f91486a1cae97c14af6091f8fe91ec235ec4,,,point estimate; empirical LM/sparse ranges reported separately,h,4,"[4.0,4.0,4.0,4.0,4.0,4.0]",3,2,mse,seed2_l3_sae_k4_s0,P7,READ,10000,experiment_v1_4/phase_archives/P7/v1_4_p7_return_1790455082926962917.zip::runs/seed2_l3_sae_k4_s0/semantic.json,0,val,h reconstruction,sae,0.03861051316665133
,,,fidelity,f9f496b5b5d55bed9f0efc1f3694f91486a1cae97c14af6091f8fe91ec235ec4,,,point estimate; empirical LM/sparse ranges reported separately,h,4,"[4.0,4.0,4.0,4.0,4.0,4.0]",3,2,nmse,seed2_l3_sae_k4_s0,P7,READ,10000,experiment_v1_4/phase_archives/P7/v1_4_p7_return_1790455082926962917.zip::runs/seed2_l3_sae_k4_s0/semantic.json,0,val,h reconstruction,sae,0.03865045841224889
,,,fidelity,f9f496b5b5d55bed9f0efc1f3694f91486a1cae97c14af6091f8fe91ec235ec4,,,point estimate; empirical LM/sparse ranges reported separately,h,4,"[4.0,4.0,4.0,4.0,4.0,4.0]",3,2,r2,seed2_l3_sae_k4_s0,P7,READ,10000,experiment_v1_4/phase_archives/P7/v1_4_p7_return_1790455082926962917.zip::runs/seed2_l3_sae_k4_s0/semantic.json,0,val,h reconstruction,sae,0.9613441702192127
,,,fidelity,f9f496b5b5d55bed9f0efc1f3694f91486a1cae97c14af6091f8fe91ec235ec4,,,point estimate; empirical LM/sparse ranges reported separately,h,4,"[4.0,4.0,4.0,4.0,4.0,4.0]",3,2,ev,seed2_l3_sae_k4_s0,P7,READ,10000,experiment_v1_4/phase_archives/P7/v1_4_p7_return_1790455082926962917.zip::runs/seed2_l3_sae_k4_s0/semantic.json,0,val,h reconstruction,sae,0.9613772629784462
,,,fidelity,f9f496b5b5d55bed9f0efc1f3694f91486a1cae97c14af6091f8fe91ec235ec4,,,point estimate; empirical LM/sparse ranges reported separately,h,4,"[4.0,4.0,4.0,4.0,4.0,4.0]",3,2,inactive_fraction,seed2_l3_sae_k4_s0,P7,READ,10000,experiment_v1_4/phase_archives/P7/v1_4_p7_return_1790455082926962917.zip::runs/seed2_l3_sae_k4_s0/semantic.json,0,val,h reconstruction,sae,0.8125
,,,fidelity,f9f496b5b5d55bed9f0efc1f3694f91486a1cae97c14af6091f8fe91ec235ec4,,,point estimate; empirical LM/sparse ranges reported separately,h,4,"[4.0,4.0,4.0,4.0,4.0,4.0]",3,2,inactive_count,seed2_l3_sae_k4_s0,P7,READ,10000,experiment_v1_4/phase_archives/P7/v1_4_p7_return_1790455082926962917.zip::runs/seed2_l3_sae_k4_s0/semantic.json,0,val,h reconstruction,sae,416
,,,fidelity,f9f496b5b5d55bed9f0efc1f3694f91486a1cae97c14af6091f8fe91ec235ec4,,,point estimate; empirical LM/sparse ranges reported separately,h,4,"[4.0,4.0,4.0,4.0,4.0,4.0]",3,2,l0_mean,seed2_l3_sae_k4_s0,P7,READ,10000,experiment_v1_4/phase_archives/P7/v1_4_p7_return_1790455082926962917.zip::runs/seed2_l3_sae_k4_s0/semantic.json,0,val,h reconstruction,sae,4.0
,,,fidelity,f9f496b5b5d55bed9f0efc1f3694f91486a1cae97c14af6091f8fe91ec235ec4,,,point estimate; empirical LM/sparse ranges reported separately,h,4,"[4.0,4.0,4.0,4.0,4.0,4.0]",3,2,l0_median,seed2_l3_sae_k4_s0,P7,READ,10000,experiment_v1_4/phase_archives/P7/v1_4_p7_return_1790455082926962917.zip::runs/seed2_l3_sae_k4_s0/semantic.json,0,val,h reconstruction,sae,4.0
,,,fidelity,f9f496b5b5d55bed9f0efc1f3694f91486a1cae97c14af6091f8fe91ec235ec4,,,point estimate; empirical LM/sparse ranges reported separately,h,4,"[4.0,4.0,4.0,4.0,4.0,4.0]",3,2,dead_fraction,seed2_l3_sae_k4_s0,P7,READ,10000,experiment_v1_4/phase_archives/P7/v1_4_p7_return_1790455082926962917.zip::runs/seed2_l3_sae_k4_s0/semantic.json,0,val,h reconstruction,sae,0.783203125
,,,fidelity,f9f496b5b5d55bed9f0efc1f3694f91486a1cae97c14af6091f8fe91ec235ec4,,,point estimate; empirical LM/sparse ranges reported separately,h,4,"[4.0,4.0,4.0,4.0,4.0,4.0]",3,2,mse,seed2_l3_sae_k4_s0,P7,READ,20000,experiment_v1_4/phase_archives/P7/v1_4_p7_return_1790455082926962917.zip::runs/seed2_l3_sae_k4_s0/semantic.json,0,test,h reconstruction,sae,0.038408756180304114
,,,fidelity,f9f496b5b5d55bed9f0efc1f3694f91486a1cae97c14af6091f8fe91ec235ec4,,,point estimate; empirical LM/sparse ranges reported separately,h,4,"[4.0,4.0,4.0,4.0,4.0,4.0]",3,2,nmse,seed2_l3_sae_k4_s0,P7,READ,20000,experiment_v1_4/phase_archives/P7/v1_4_p7_return_1790455082926962917.zip::runs/seed2_l3_sae_k4_s0/semantic.json,0,test,h reconstruction,sae,0.038462540912985316
,,,fidelity,f9f496b5b5d55bed9f0efc1f3694f91486a1cae97c14af6091f8fe91ec235ec4,,,point estimate; empirical LM/sparse ranges reported separately,h,4,"[4.0,4.0,4.0,4.0,4.0,4.0]",3,2,r2,seed2_l3_sae_k4_s0,P7,READ,20000,experiment_v1_4/phase_archives/P7/v1_4_p7_return_1790455082926962917.zip::runs/seed2_l3_sae_k4_s0/semantic.json,0,test,h reconstruction,sae,0.9615364540403698
,,,fidelity,f9f496b5b5d55bed9f0efc1f3694f91486a1cae97c14af6091f8fe91ec235ec4,,,point estimate; empirical LM/sparse ranges reported separately,h,4,"[4.0,4.0,4.0,4.0,4.0,4.0]",3,2,ev,seed2_l3_sae_k4_s0,P7,READ,20000,experiment_v1_4/phase_archives/P7/v1_4_p7_return_1790455082926962917.zip::runs/seed2_l3_sae_k4_s0/semantic.json,0,test,h reconstruction,sae,0.961570640663451
,,,fidelity,f9f496b5b5d55bed9f0efc1f3694f91486a1cae97c14af6091f8fe91ec235ec4,,,point estimate; empirical LM/sparse ranges reported separately,h,4,"[4.0,4.0,4.0,4.0,4.0,4.0]",3,2,inactive_fraction,seed2_l3_sae_k4_s0,P7,READ,20000,experiment_v1_4/phase_archives/P7/v1_4_p7_return_1790455082926962917.zip::runs/seed2_l3_sae_k4_s0/semantic.json,0,test,h reconstruction,sae,0.8046875
,,,fidelity,f9f496b5b5d55bed9f0efc1f3694f91486a1cae97c14af6091f8fe91ec235ec4,,,point estimate; empirical LM/sparse ranges reported separately,h,4,"[4.0,4.0,4.0,4.0,4.0,4.0]",3,2,inactive_count,seed2_l3_sae_k4_s0,P7,READ,20000,experiment_v1_4/phase_archives/P7/v1_4_p7_return_1790455082926962917.zip::runs/seed2_l3_sae_k4_s0/semantic.json,0,test,h reconstruction,sae,412
,,,fidelity,f9f496b5b5d55bed9f0efc1f3694f91486a1cae97c14af6091f8fe91ec235ec4,,,point estimate; empirical LM/sparse ranges reported separately,h,4,"[4.0,4.0,4.0,4.0,4.0,4.0]",3,2,l0_mean,seed2_l3_sae_k4_s0,P7,READ,20000,experiment_v1_4/phase_archives/P7/v1_4_p7_return_1790455082926962917.zip::runs/seed2_l3_sae_k4_s0/semantic.json,0,test,h reconstruction,sae,4.0
,,,fidelity,f9f496b5b5d55bed9f0efc1f3694f91486a1cae97c14af6091f8fe91ec235ec4,,,point estimate; empirical LM/sparse ranges reported separately,h,4,"[4.0,4.0,4.0,4.0,4.0,4.0]",3,2,l0_median,seed2_l3_sae_k4_s0,P7,READ,20000,experiment_v1_4/phase_archives/P7/v1_4_p7_return_1790455082926962917.zip::runs/seed2_l3_sae_k4_s0/semantic.json,0,test,h reconstruction,sae,4.0
,,,fidelity,f9f496b5b5d55bed9f0efc1f3694f91486a1cae97c14af6091f8fe91ec235ec4,,,point estimate; empirical LM/sparse ranges reported separately,h,4,"[4.0,4.0,4.0,4.0,4.0,4.0]",3,2,dead_fraction,seed2_l3_sae_k4_s0,P7,READ,20000,experiment_v1_4/phase_archives/P7/v1_4_p7_return_1790455082926962917.zip::runs/seed2_l3_sae_k4_s0/semantic.json,0,test,h reconstruction,sae,0.783203125
1000,11157066125796383027,1000,replacement,f9f496b5b5d55bed9f0efc1f3694f91486a1cae97c14af6091f8fe91ec235ec4,0.001466360877670425,4.77198152307734e-05,,h,4,,3,2,original_ce,seed2_l3_sae_k4_s0,P7,READ,2048,experiment_v1_4/phase_archives/P7/v1_4_p7_return_1790455082926962917.zip::runs/seed2_l3_sae_k4_s0/summary.json,0,behavior_test,h reconstruction,sae,0.0005009129911175414
1000,11157066125796383027,1000,replacement,f9f496b5b5d55bed9f0efc1f3694f91486a1cae97c14af6091f8fe91ec235ec4,0.0008447184690085538,4.744496234380113e-05,,h,4,,3,2,patched_ce,seed2_l3_sae_k4_s0,P7,READ,2048,experiment_v1_4/phase_archives/P7/v1_4_p7_return_1790455082926962917.zip::runs/seed2_l3_sae_k4_s0/summary.json,0,behavior_test,h reconstruction,sae,0.00030666535176138154
1000,11157066125796383027,1000,replacement,f9f496b5b5d55bed9f0efc1f3694f91486a1cae97c14af6091f8fe91ec235ec4,9.553136841588761e-08,-0.0006186598142853495,,h,4,,3,2,delta_ce,seed2_l3_sae_k4_s0,P7,READ,2048,experiment_v1_4/phase_archives/P7/v1_4_p7_return_1790455082926962917.zip::runs/seed2_l3_sae_k4_s0/summary.json,0,behavior_test,h reconstruction,sae,-0.0001942476393459458
1000,11157066125796383027,1000,replacement,f9f496b5b5d55bed9f0efc1f3694f91486a1cae97c14af6091f8fe91ec235ec4,1.0,0.998046875,,h,4,,3,2,original_accuracy,seed2_l3_sae_k4_s0,P7,READ,2048,experiment_v1_4/phase_archives/P7/v1_4_p7_return_1790455082926962917.zip::runs/seed2_l3_sae_k4_s0/summary.json,0,behavior_test,h reconstruction,sae,0.99951171875
1000,11157066125796383027,1000,replacement,f9f496b5b5d55bed9f0efc1f3694f91486a1cae97c14af6091f8fe91ec235ec4,1.0,1.0,,h,4,,3,2,patched_accuracy,seed2_l3_sae_k4_s0,P7,READ,2048,experiment_v1_4/phase_archives/P7/v1_4_p7_return_1790455082926962917.zip::runs/seed2_l3_sae_k4_s0/summary.json,0,behavior_test,h reconstruction,sae,1.0
1000,11157066125796383027,1000,replacement,f9f496b5b5d55bed9f0efc1f3694f91486a1cae97c14af6091f8fe91ec235ec4,0.001953125,0.0,,h,4,,3,2,delta_accuracy,seed2_l3_sae_k4_s0,P7,READ,2048,experiment_v1_4/phase_archives/P7/v1_4_p7_return_1790455082926962917.zip::runs/seed2_l3_sae_k4_s0/summary.json,0,behavior_test,h reconstruction,sae,0.00048828125
,,,fidelity,f9f496b5b5d55bed9f0efc1f3694f91486a1cae97c14af6091f8fe91ec235ec4,,,point estimate; empirical LM/sparse ranges reported separately,h,16,"[16.0,16.0,16.0,16.0,16.0,16.0]",3,2,mse,seed2_l3_sae_k16_s0,P7,READ,50000,experiment_v1_4/phase_archives/P7/v1_4_p7_return_1790455082926962917.zip::runs/seed2_l3_sae_k16_s0/semantic.json,0,train,h reconstruction,sae,0.005188664528072716
,,,fidelity,f9f496b5b5d55bed9f0efc1f3694f91486a1cae97c14af6091f8fe91ec235ec4,,,point estimate; empirical LM/sparse ranges reported separately,h,16,"[16.0,16.0,16.0,16.0,16.0,16.0]",3,2,nmse,seed2_l3_sae_k16_s0,P7,READ,50000,experiment_v1_4/phase_archives/P7/v1_4_p7_return_1790455082926962917.zip::runs/seed2_l3_sae_k16_s0/semantic.json,0,train,h reconstruction,sae,0.005188664320056748
,,,fidelity,f9f496b5b5d55bed9f0efc1f3694f91486a1cae97c14af6091f8fe91ec235ec4,,,point estimate; empirical LM/sparse ranges reported separately,h,16,"[16.0,16.0,16.0,16.0,16.0,16.0]",3,2,r2,seed2_l3_sae_k16_s0,P7,READ,50000,experiment_v1_4/phase_archives/P7/v1_4_p7_return_1790455082926962917.zip::runs/seed2_l3_sae_k16_s0/semantic.json,0,train,h reconstruction,sae,0.9948113356799433
,,,fidelity,f9f496b5b5d55bed9f0efc1f3694f91486a1cae97c14af6091f8fe91ec235ec4,,,point estimate; empirical LM/sparse ranges reported separately,h,16,"[16.0,16.0,16.0,16.0,16.0,16.0]",3,2,ev,seed2_l3_sae_k16_s0,P7,READ,50000,experiment_v1_4/phase_archives/P7/v1_4_p7_return_1790455082926962917.zip::runs/seed2_l3_sae_k16_s0/semantic.json,0,train,h reconstruction,sae,0.9948337787721014
,,,fidelity,f9f496b5b5d55bed9f0efc1f3694f91486a1cae97c14af6091f8fe91ec235ec4,,,point estimate; empirical LM/sparse ranges reported separately,h,16,"[16.0,16.0,16.0,16.0,16.0,16.0]",3,2,inactive_fraction,seed2_l3_sae_k16_s0,P7,READ,50000,experiment_v1_4/phase_archives/P7/v1_4_p7_return_1790455082926962917.zip::runs/seed2_l3_sae_k16_s0/semantic.json,0,train,h reconstruction,sae,0.599609375
,,,fidelity,f9f496b5b5d55bed9f0efc1f3694f91486a1cae97c14af6091f8fe91ec235ec4,,,point estimate; empirical LM/sparse ranges reported separately,h,16,"[16.0,16.0,16.0,16.0,16.0,16.0]",3,2,inactive_count,seed2_l3_sae_k16_s0,P7,READ,50000,experiment_v1_4/phase_archives/P7/v1_4_p7_return_1790455082926962917.zip::runs/seed2_l3_sae_k16_s0/semantic.json,0,train,h reconstruction,sae,307
,,,fidelity,f9f496b5b5d55bed9f0efc1f3694f91486a1cae97c14af6091f8fe91ec235ec4,,,point estimate; empirical LM/sparse ranges reported separately,h,16,"[16.0,16.0,16.0,16.0,16.0,16.0]",3,2,l0_mean,seed2_l3_sae_k16_s0,P7,READ,50000,experiment_v1_4/phase_archives/P7/v1_4_p7_return_1790455082926962917.zip::runs/seed2_l3_sae_k16_s0/semantic.json,0,train,h reconstruction,sae,16.0
,,,fidelity,f9f496b5b5d55bed9f0efc1f3694f91486a1cae97c14af6091f8fe91ec235ec4,,,point estimate; empirical LM/sparse ranges reported separately,h,16,"[16.0,16.0,16.0,16.0,16.0,16.0]",3,2,l0_median,seed2_l3_sae_k16_s0,P7,READ,50000,experiment_v1_4/phase_archives/P7/v1_4_p7_return_1790455082926962917.zip::runs/seed2_l3_sae_k16_s0/semantic.json,0,train,h reconstruction,sae,16.0
,,,fidelity,f9f496b5b5d55bed9f0efc1f3694f91486a1cae97c14af6091f8fe91ec235ec4,,,point estimate; empirical LM/sparse ranges reported separately,h,16,"[16.0,16.0,16.0,16.0,16.0,16.0]",3,2,dead_fraction,seed2_l3_sae_k16_s0,P7,READ,50000,experiment_v1_4/phase_archives/P7/v1_4_p7_return_1790455082926962917.zip::runs/seed2_l3_sae_k16_s0/semantic.json,0,train,h reconstruction,sae,0.599609375
,,,fidelity,f9f496b5b5d55bed9f0efc1f3694f91486a1cae97c14af6091f8fe91ec235ec4,,,point estimate; empirical LM/sparse ranges reported separately,h,16,"[16.0,16.0,16.0,16.0,16.0,16.0]",3,2,mse,seed2_l3_sae_k16_s0,P7,READ,10000,experiment_v1_4/phase_archives/P7/v1_4_p7_return_1790455082926962917.zip::runs/seed2_l3_sae_k16_s0/semantic.json,0,val,h reconstruction,sae,0.005255533844404866
,,,fidelity,f9f496b5b5d55bed9f0efc1f3694f91486a1cae97c14af6091f8fe91ec235ec4,,,point estimate; empirical LM/sparse ranges reported separately,h,16,"[16.0,16.0,16.0,16.0,16.0,16.0]",3,2,nmse,seed2_l3_sae_k16_s0,P7,READ,10000,experiment_v1_4/phase_archives/P7/v1_4_p7_return_1790455082926962917.zip::runs/seed2_l3_sae_k16_s0/semantic.json,0,val,h reconstruction,sae,0.005260971057561162
,,,fidelity,f9f496b5b5d55bed9f0efc1f3694f91486a1cae97c14af6091f8fe91ec235ec4,,,point estimate; empirical LM/sparse ranges reported separately,h,16,"[16.0,16.0,16.0,16.0,16.0,16.0]",3,2,r2,seed2_l3_sae_k16_s0,P7,READ,10000,experiment_v1_4/phase_archives/P7/v1_4_p7_return_1790455082926962917.zip::runs/seed2_l3_sae_k16_s0/semantic.json,0,val,h reconstruction,sae,0.9947382978097283
,,,fidelity,f9f496b5b5d55bed9f0efc1f3694f91486a1cae97c14af6091f8fe91ec235ec4,,,point estimate; empirical LM/sparse ranges reported separately,h,16,"[16.0,16.0,16.0,16.0,16.0,16.0]",3,2,ev,seed2_l3_sae_k16_s0,P7,READ,10000,experiment_v1_4/phase_archives/P7/v1_4_p7_return_1790455082926962917.zip::runs/seed2_l3_sae_k16_s0/semantic.json,0,val,h reconstruction,sae,0.9947625055119913
,,,fidelity,f9f496b5b5d55bed9f0efc1f3694f91486a1cae97c14af6091f8fe91ec235ec4,,,point estimate; empirical LM/sparse ranges reported separately,h,16,"[16.0,16.0,16.0,16.0,16.0,16.0]",3,2,inactive_fraction,seed2_l3_sae_k16_s0,P7,READ,10000,experiment_v1_4/phase_archives/P7/v1_4_p7_return_1790455082926962917.zip::runs/seed2_l3_sae_k16_s0/semantic.json,0,val,h reconstruction,sae,0.658203125
,,,fidelity,f9f496b5b5d55bed9f0efc1f3694f91486a1cae97c14af6091f8fe91ec235ec4,,,point estimate; empirical LM/sparse ranges reported separately,h,16,"[16.0,16.0,16.0,16.0,16.0,16.0]",3,2,inactive_count,seed2_l3_sae_k16_s0,P7,READ,10000,experiment_v1_4/phase_archives/P7/v1_4_p7_return_1790455082926962917.zip::runs/seed2_l3_sae_k16_s0/semantic.json,0,val,h reconstruction,sae,337
,,,fidelity,f9f496b5b5d55bed9f0efc1f3694f91486a1cae97c14af6091f8fe91ec235ec4,,,point estimate; empirical LM/sparse ranges reported separately,h,16,"[16.0,16.0,16.0,16.0,16.0,16.0]",3,2,l0_mean,seed2_l3_sae_k16_s0,P7,READ,10000,experiment_v1_4/phase_archives/P7/v1_4_p7_return_1790455082926962917.zip::runs/seed2_l3_sae_k16_s0/semantic.json,0,val,h reconstruction,sae,16.0
,,,fidelity,f9f496b5b5d55bed9f0efc1f3694f91486a1cae97c14af6091f8fe91ec235ec4,,,point estimate; empirical LM/sparse ranges reported separately,h,16,"[16.0,16.0,16.0,16.0,16.0,16.0]",3,2,l0_median,seed2_l3_sae_k16_s0,P7,READ,10000,experiment_v1_4/phase_archives/P7/v1_4_p7_return_1790455082926962917.zip::runs/seed2_l3_sae_k16_s0/semantic.json,0,val,h reconstruction,sae,16.0
,,,fidelity,f9f496b5b5d55bed9f0efc1f3694f91486a1cae97c14af6091f8fe91ec235ec4,,,point estimate; empirical LM/sparse ranges reported separately,h,16,"[16.0,16.0,16.0,16.0,16.0,16.0]",3,2,dead_fraction,seed2_l3_sae_k16_s0,P7,READ,10000,experiment_v1_4/phase_archives/P7/v1_4_p7_return_1790455082926962917.zip::runs/seed2_l3_sae_k16_s0/semantic.json,0,val,h reconstruction,sae,0.599609375
,,,fidelity,f9f496b5b5d55bed9f0efc1f3694f91486a1cae97c14af6091f8fe91ec235ec4,,,point estimate; empirical LM/sparse ranges reported separately,h,16,"[16.0,16.0,16.0,16.0,16.0,16.0]",3,2,mse,seed2_l3_sae_k16_s0,P7,READ,20000,experiment_v1_4/phase_archives/P7/v1_4_p7_return_1790455082926962917.zip::runs/seed2_l3_sae_k16_s0/semantic.json,0,test,h reconstruction,sae,0.005284973847685091
,,,fidelity,f9f496b5b5d55bed9f0efc1f3694f91486a1cae97c14af6091f8fe91ec235ec4,,,point estimate; empirical LM/sparse ranges reported separately,h,16,"[16.0,16.0,16.0,16.0,16.0,16.0]",3,2,nmse,seed2_l3_sae_k16_s0,P7,READ,20000,experiment_v1_4/phase_archives/P7/v1_4_p7_return_1790455082926962917.zip::runs/seed2_l3_sae_k16_s0/semantic.json,0,test,h reconstruction,sae,0.00529237452747515
,,,fidelity,f9f496b5b5d55bed9f0efc1f3694f91486a1cae97c14af6091f8fe91ec235ec4,,,point estimate; empirical LM/sparse ranges reported separately,h,16,"[16.0,16.0,16.0,16.0,16.0,16.0]",3,2,r2,seed2_l3_sae_k16_s0,P7,READ,20000,experiment_v1_4/phase_archives/P7/v1_4_p7_return_1790455082926962917.zip::runs/seed2_l3_sae_k16_s0/semantic.json,0,test,h reconstruction,sae,0.9947074871799645
,,,fidelity,f9f496b5b5d55bed9f0efc1f3694f91486a1cae97c14af6091f8fe91ec235ec4,,,point estimate; empirical LM/sparse ranges reported separately,h,16,"[16.0,16.0,16.0,16.0,16.0,16.0]",3,2,ev,seed2_l3_sae_k16_s0,P7,READ,20000,experiment_v1_4/phase_archives/P7/v1_4_p7_return_1790455082926962917.zip::runs/seed2_l3_sae_k16_s0/semantic.json,0,test,h reconstruction,sae,0.9947306172697041
,,,fidelity,f9f496b5b5d55bed9f0efc1f3694f91486a1cae97c14af6091f8fe91ec235ec4,,,point estimate; empirical LM/sparse ranges reported separately,h,16,"[16.0,16.0,16.0,16.0,16.0,16.0]",3,2,inactive_fraction,seed2_l3_sae_k16_s0,P7,READ,20000,experiment_v1_4/phase_archives/P7/v1_4_p7_return_1790455082926962917.zip::runs/seed2_l3_sae_k16_s0/semantic.json,0,test,h reconstruction,sae,0.6171875
,,,fidelity,f9f496b5b5d55bed9f0efc1f3694f91486a1cae97c14af6091f8fe91ec235ec4,,,point estimate; empirical LM/sparse ranges reported separately,h,16,"[16.0,16.0,16.0,16.0,16.0,16.0]",3,2,inactive_count,seed2_l3_sae_k16_s0,P7,READ,20000,experiment_v1_4/phase_archives/P7/v1_4_p7_return_1790455082926962917.zip::runs/seed2_l3_sae_k16_s0/semantic.json,0,test,h reconstruction,sae,316
,,,fidelity,f9f496b5b5d55bed9f0efc1f3694f91486a1cae97c14af6091f8fe91ec235ec4,,,point estimate; empirical LM/sparse ranges reported separately,h,16,"[16.0,16.0,16.0,16.0,16.0,16.0]",3,2,l0_mean,seed2_l3_sae_k16_s0,P7,READ,20000,experiment_v1_4/phase_archives/P7/v1_4_p7_return_1790455082926962917.zip::runs/seed2_l3_sae_k16_s0/semantic.json,0,test,h reconstruction,sae,16.0
,,,fidelity,f9f496b5b5d55bed9f0efc1f3694f91486a1cae97c14af6091f8fe91ec235ec4,,,point estimate; empirical LM/sparse ranges reported separately,h,16,"[16.0,16.0,16.0,16.0,16.0,16.0]",3,2,l0_median,seed2_l3_sae_k16_s0,P7,READ,20000,experiment_v1_4/phase_archives/P7/v1_4_p7_return_1790455082926962917.zip::runs/seed2_l3_sae_k16_s0/semantic.json,0,test,h reconstruction,sae,16.0
,,,fidelity,f9f496b5b5d55bed9f0efc1f3694f91486a1cae97c14af6091f8fe91ec235ec4,,,point estimate; empirical LM/sparse ranges reported separately,h,16,"[16.0,16.0,16.0,16.0,16.0,16.0]",3,2,dead_fraction,seed2_l3_sae_k16_s0,P7,READ,20000,experiment_v1_4/phase_archives/P7/v1_4_p7_return_1790455082926962917.zip::runs/seed2_l3_sae_k16_s0/semantic.json,0,test,h reconstruction,sae,0.599609375
1000,11287103959699088056,1000,replacement,f9f496b5b5d55bed9f0efc1f3694f91486a1cae97c14af6091f8fe91ec235ec4,0.0012973279433207252,4.625419767464445e-05,,h,16,,3,2,original_ce,seed2_l3_sae_k16_s0,P7,READ,2048,experiment_v1_4/phase_archives/P7/v1_4_p7_return_1790455082926962917.zip::runs/seed2_l3_sae_k16_s0/summary.json,0,behavior_test,h reconstruction,sae,0.0005009129911175414
1000,11287103959699088056,1000,replacement,f9f496b5b5d55bed9f0efc1f3694f91486a1cae97c14af6091f8fe91ec235ec4,0.0011984455724042276,4.60747833687436e-05,,h,16,,3,2,patched_ce,seed2_l3_sae_k16_s0,P7,READ,2048,experiment_v1_4/phase_archives/P7/v1_4_p7_return_1790455082926962917.zip::runs/seed2_l3_sae_k16_s0/summary.json,0,behavior_test,h reconstruction,sae,0.00046322739470028296
1000,11287103959699088056,1000,replacement,f9f496b5b5d55bed9f0efc1f3694f91486a1cae97c14af6091f8fe91ec235ec4,3.6721737247668947e-07,-9.892006889917759e-05,,h,16,,3,2,delta_ce,seed2_l3_sae_k16_s0,P7,READ,2048,experiment_v1_4/phase_archives/P7/v1_4_p7_return_1790455082926962917.zip::runs/seed2_l3_sae_k16_s0/summary.json,0,behavior_test,h reconstruction,sae,-3.768559641725844e-05
1000,11287103959699088056,1000,replacement,f9f496b5b5d55bed9f0efc1f3694f91486a1cae97c14af6091f8fe91ec235ec4,1.0,0.99853515625,,h,16,,3,2,original_accuracy,seed2_l3_sae_k16_s0,P7,READ,2048,experiment_v1_4/phase_archives/P7/v1_4_p7_return_1790455082926962917.zip::runs/seed2_l3_sae_k16_s0/summary.json,0,behavior_test,h reconstruction,sae,0.99951171875
1000,11287103959699088056,1000,replacement,f9f496b5b5d55bed9f0efc1f3694f91486a1cae97c14af6091f8fe91ec235ec4,1.0,1.0,,h,16,,3,2,patched_accuracy,seed2_l3_sae_k16_s0,P7,READ,2048,experiment_v1_4/phase_archives/P7/v1_4_p7_return_1790455082926962917.zip::runs/seed2_l3_sae_k16_s0/summary.json,0,behavior_test,h reconstruction,sae,1.0
1000,11287103959699088056,1000,replacement,f9f496b5b5d55bed9f0efc1f3694f91486a1cae97c14af6091f8fe91ec235ec4,0.00146484375,0.0,,h,16,,3,2,delta_accuracy,seed2_l3_sae_k16_s0,P7,READ,2048,experiment_v1_4/phase_archives/P7/v1_4_p7_return_1790455082926962917.zip::runs/seed2_l3_sae_k16_s0/summary.json,0,behavior_test,h reconstruction,sae,0.00048828125
,,,fidelity,f9f496b5b5d55bed9f0efc1f3694f91486a1cae97c14af6091f8fe91ec235ec4,,,point estimate; empirical LM/sparse ranges reported separately,h,4,"[4.0,4.0,4.0,4.0,4.0,4.0]",7,2,mse,seed2_l7_sae_k4_s0,P7,READ,50000,experiment_v1_4/phase_archives/P7/v1_4_p7_return_1790455082926962917.zip::runs/seed2_l7_sae_k4_s0/semantic.json,0,train,h reconstruction,sae,0.039119297713176814
,,,fidelity,f9f496b5b5d55bed9f0efc1f3694f91486a1cae97c14af6091f8fe91ec235ec4,,,point estimate; empirical LM/sparse ranges reported separately,h,4,"[4.0,4.0,4.0,4.0,4.0,4.0]",7,2,nmse,seed2_l7_sae_k4_s0,P7,READ,50000,experiment_v1_4/phase_archives/P7/v1_4_p7_return_1790455082926962917.zip::runs/seed2_l7_sae_k4_s0/semantic.json,0,train,h reconstruction,sae,0.03911929964880836
,,,fidelity,f9f496b5b5d55bed9f0efc1f3694f91486a1cae97c14af6091f8fe91ec235ec4,,,point estimate; empirical LM/sparse ranges reported separately,h,4,"[4.0,4.0,4.0,4.0,4.0,4.0]",7,2,r2,seed2_l7_sae_k4_s0,P7,READ,50000,experiment_v1_4/phase_archives/P7/v1_4_p7_return_1790455082926962917.zip::runs/seed2_l7_sae_k4_s0/semantic.json,0,train,h reconstruction,sae,0.9608807003511917
,,,fidelity,f9f496b5b5d55bed9f0efc1f3694f91486a1cae97c14af6091f8fe91ec235ec4,,,point estimate; empirical LM/sparse ranges reported separately,h,4,"[4.0,4.0,4.0,4.0,4.0,4.0]",7,2,ev,seed2_l7_sae_k4_s0,P7,READ,50000,experiment_v1_4/phase_archives/P7/v1_4_p7_return_1790455082926962917.zip::runs/seed2_l7_sae_k4_s0/semantic.json,0,train,h reconstruction,sae,0.9609197998570473
,,,fidelity,f9f496b5b5d55bed9f0efc1f3694f91486a1cae97c14af6091f8fe91ec235ec4,,,point estimate; empirical LM/sparse ranges reported separately,h,4,"[4.0,4.0,4.0,4.0,4.0,4.0]",7,2,inactive_fraction,seed2_l7_sae_k4_s0,P7,READ,50000,experiment_v1_4/phase_archives/P7/v1_4_p7_return_1790455082926962917.zip::runs/seed2_l7_sae_k4_s0/semantic.json,0,train,h reconstruction,sae,0.76953125
,,,fidelity,f9f496b5b5d55bed9f0efc1f3694f91486a1cae97c14af6091f8fe91ec235ec4,,,point estimate; empirical LM/sparse ranges reported separately,h,4,"[4.0,4.0,4.0,4.0,4.0,4.0]",7,2,inactive_count,seed2_l7_sae_k4_s0,P7,READ,50000,experiment_v1_4/phase_archives/P7/v1_4_p7_return_1790455082926962917.zip::runs/seed2_l7_sae_k4_s0/semantic.json,0,train,h reconstruction,sae,394
,,,fidelity,f9f496b5b5d55bed9f0efc1f3694f91486a1cae97c14af6091f8fe91ec235ec4,,,point estimate; empirical LM/sparse ranges reported separately,h,4,"[4.0,4.0,4.0,4.0,4.0,4.0]",7,2,l0_mean,seed2_l7_sae_k4_s0,P7,READ,50000,experiment_v1_4/phase_archives/P7/v1_4_p7_return_1790455082926962917.zip::runs/seed2_l7_sae_k4_s0/semantic.json,0,train,h reconstruction,sae,4.0
,,,fidelity,f9f496b5b5d55bed9f0efc1f3694f91486a1cae97c14af6091f8fe91ec235ec4,,,point estimate; empirical LM/sparse ranges reported separately,h,4,"[4.0,4.0,4.0,4.0,4.0,4.0]",7,2,l0_median,seed2_l7_sae_k4_s0,P7,READ,50000,experiment_v1_4/phase_archives/P7/v1_4_p7_return_1790455082926962917.zip::runs/seed2_l7_sae_k4_s0/semantic.json,0,train,h reconstruction,sae,4.0
,,,fidelity,f9f496b5b5d55bed9f0efc1f3694f91486a1cae97c14af6091f8fe91ec235ec4,,,point estimate; empirical LM/sparse ranges reported separately,h,4,"[4.0,4.0,4.0,4.0,4.0,4.0]",7,2,dead_fraction,seed2_l7_sae_k4_s0,P7,READ,50000,experiment_v1_4/phase_archives/P7/v1_4_p7_return_1790455082926962917.zip::runs/seed2_l7_sae_k4_s0/semantic.json,0,train,h reconstruction,sae,0.76953125
,,,fidelity,f9f496b5b5d55bed9f0efc1f3694f91486a1cae97c14af6091f8fe91ec235ec4,,,point estimate; empirical LM/sparse ranges reported separately,h,4,"[4.0,4.0,4.0,4.0,4.0,4.0]",7,2,mse,seed2_l7_sae_k4_s0,P7,READ,10000,experiment_v1_4/phase_archives/P7/v1_4_p7_return_1790455082926962917.zip::runs/seed2_l7_sae_k4_s0/semantic.json,0,val,h reconstruction,sae,0.03984563514160832
,,,fidelity,f9f496b5b5d55bed9f0efc1f3694f91486a1cae97c14af6091f8fe91ec235ec4,,,point estimate; empirical LM/sparse ranges reported separately,h,4,"[4.0,4.0,4.0,4.0,4.0,4.0]",7,2,nmse,seed2_l7_sae_k4_s0,P7,READ,10000,experiment_v1_4/phase_archives/P7/v1_4_p7_return_1790455082926962917.zip::runs/seed2_l7_sae_k4_s0/semantic.json,0,val,h reconstruction,sae,0.03985901927634585
,,,fidelity,f9f496b5b5d55bed9f0efc1f3694f91486a1cae97c14af6091f8fe91ec235ec4,,,point estimate; empirical LM/sparse ranges reported separately,h,4,"[4.0,4.0,4.0,4.0,4.0,4.0]",7,2,r2,seed2_l7_sae_k4_s0,P7,READ,10000,experiment_v1_4/phase_archives/P7/v1_4_p7_return_1790455082926962917.zip::runs/seed2_l7_sae_k4_s0/semantic.json,0,val,h reconstruction,sae,0.9601343415098496
,,,fidelity,f9f496b5b5d55bed9f0efc1f3694f91486a1cae97c14af6091f8fe91ec235ec4,,,point estimate; empirical LM/sparse ranges reported separately,h,4,"[4.0,4.0,4.0,4.0,4.0,4.0]",7,2,ev,seed2_l7_sae_k4_s0,P7,READ,10000,experiment_v1_4/phase_archives/P7/v1_4_p7_return_1790455082926962917.zip::runs/seed2_l7_sae_k4_s0/semantic.json,0,val,h reconstruction,sae,0.9601974450322182
,,,fidelity,f9f496b5b5d55bed9f0efc1f3694f91486a1cae97c14af6091f8fe91ec235ec4,,,point estimate; empirical LM/sparse ranges reported separately,h,4,"[4.0,4.0,4.0,4.0,4.0,4.0]",7,2,inactive_fraction,seed2_l7_sae_k4_s0,P7,READ,10000,experiment_v1_4/phase_archives/P7/v1_4_p7_return_1790455082926962917.zip::runs/seed2_l7_sae_k4_s0/semantic.json,0,val,h reconstruction,sae,0.826171875
,,,fidelity,f9f496b5b5d55bed9f0efc1f3694f91486a1cae97c14af6091f8fe91ec235ec4,,,point estimate; empirical LM/sparse ranges reported separately,h,4,"[4.0,4.0,4.0,4.0,4.0,4.0]",7,2,inactive_count,seed2_l7_sae_k4_s0,P7,READ,10000,experiment_v1_4/phase_archives/P7/v1_4_p7_return_1790455082926962917.zip::runs/seed2_l7_sae_k4_s0/semantic.json,0,val,h reconstruction,sae,423
,,,fidelity,f9f496b5b5d55bed9f0efc1f3694f91486a1cae97c14af6091f8fe91ec235ec4,,,point estimate; empirical LM/sparse ranges reported separately,h,4,"[4.0,4.0,4.0,4.0,4.0,4.0]",7,2,l0_mean,seed2_l7_sae_k4_s0,P7,READ,10000,experiment_v1_4/phase_archives/P7/v1_4_p7_return_1790455082926962917.zip::runs/seed2_l7_sae_k4_s0/semantic.json,0,val,h reconstruction,sae,4.0
,,,fidelity,f9f496b5b5d55bed9f0efc1f3694f91486a1cae97c14af6091f8fe91ec235ec4,,,point estimate; empirical LM/sparse ranges reported separately,h,4,"[4.0,4.0,4.0,4.0,4.0,4.0]",7,2,l0_median,seed2_l7_sae_k4_s0,P7,READ,10000,experiment_v1_4/phase_archives/P7/v1_4_p7_return_1790455082926962917.zip::runs/seed2_l7_sae_k4_s0/semantic.json,0,val,h reconstruction,sae,4.0
,,,fidelity,f9f496b5b5d55bed9f0efc1f3694f91486a1cae97c14af6091f8fe91ec235ec4,,,point estimate; empirical LM/sparse ranges reported separately,h,4,"[4.0,4.0,4.0,4.0,4.0,4.0]",7,2,dead_fraction,seed2_l7_sae_k4_s0,P7,READ,10000,experiment_v1_4/phase_archives/P7/v1_4_p7_return_1790455082926962917.zip::runs/seed2_l7_sae_k4_s0/semantic.json,0,val,h reconstruction,sae,0.76953125
,,,fidelity,f9f496b5b5d55bed9f0efc1f3694f91486a1cae97c14af6091f8fe91ec235ec4,,,point estimate; empirical LM/sparse ranges reported separately,h,4,"[4.0,4.0,4.0,4.0,4.0,4.0]",7,2,mse,seed2_l7_sae_k4_s0,P7,READ,20000,experiment_v1_4/phase_archives/P7/v1_4_p7_return_1790455082926962917.zip::runs/seed2_l7_sae_k4_s0/semantic.json,0,test,h reconstruction,sae,0.03942441335778636
,,,fidelity,f9f496b5b5d55bed9f0efc1f3694f91486a1cae97c14af6091f8fe91ec235ec4,,,point estimate; empirical LM/sparse ranges reported separately,h,4,"[4.0,4.0,4.0,4.0,4.0,4.0]",7,2,nmse,seed2_l7_sae_k4_s0,P7,READ,20000,experiment_v1_4/phase_archives/P7/v1_4_p7_return_1790455082926962917.zip::runs/seed2_l7_sae_k4_s0/semantic.json,0,test,h reconstruction,sae,0.03935906287835058
,,,fidelity,f9f496b5b5d55bed9f0efc1f3694f91486a1cae97c14af6091f8fe91ec235ec4,,,point estimate; empirical LM/sparse ranges reported separately,h,4,"[4.0,4.0,4.0,4.0,4.0,4.0]",7,2,r2,seed2_l7_sae_k4_s0,P7,READ,20000,experiment_v1_4/phase_archives/P7/v1_4_p7_return_1790455082926962917.zip::runs/seed2_l7_sae_k4_s0/semantic.json,0,test,h reconstruction,sae,0.9606402461480715
,,,fidelity,f9f496b5b5d55bed9f0efc1f3694f91486a1cae97c14af6091f8fe91ec235ec4,,,point estimate; empirical LM/sparse ranges reported separately,h,4,"[4.0,4.0,4.0,4.0,4.0,4.0]",7,2,ev,seed2_l7_sae_k4_s0,P7,READ,20000,experiment_v1_4/phase_archives/P7/v1_4_p7_return_1790455082926962917.zip::runs/seed2_l7_sae_k4_s0/semantic.json,0,test,h reconstruction,sae,0.9606802287368222
,,,fidelity,f9f496b5b5d55bed9f0efc1f3694f91486a1cae97c14af6091f8fe91ec235ec4,,,point estimate; empirical LM/sparse ranges reported separately,h,4,"[4.0,4.0,4.0,4.0,4.0,4.0]",7,2,inactive_fraction,seed2_l7_sae_k4_s0,P7,READ,20000,experiment_v1_4/phase_archives/P7/v1_4_p7_return_1790455082926962917.zip::runs/seed2_l7_sae_k4_s0/semantic.json,0,test,h reconstruction,sae,0.796875
,,,fidelity,f9f496b5b5d55bed9f0efc1f3694f91486a1cae97c14af6091f8fe91ec235ec4,,,point estimate; empirical LM/sparse ranges reported separately,h,4,"[4.0,4.0,4.0,4.0,4.0,4.0]",7,2,inactive_count,seed2_l7_sae_k4_s0,P7,READ,20000,experiment_v1_4/phase_archives/P7/v1_4_p7_return_1790455082926962917.zip::runs/seed2_l7_sae_k4_s0/semantic.json,0,test,h reconstruction,sae,408
,,,fidelity,f9f496b5b5d55bed9f0efc1f3694f91486a1cae97c14af6091f8fe91ec235ec4,,,point estimate; empirical LM/sparse ranges reported separately,h,4,"[4.0,4.0,4.0,4.0,4.0,4.0]",7,2,l0_mean,seed2_l7_sae_k4_s0,P7,READ,20000,experiment_v1_4/phase_archives/P7/v1_4_p7_return_1790455082926962917.zip::runs/seed2_l7_sae_k4_s0/semantic.json,0,test,h reconstruction,sae,4.0
,,,fidelity,f9f496b5b5d55bed9f0efc1f3694f91486a1cae97c14af6091f8fe91ec235ec4,,,point estimate; empirical LM/sparse ranges reported separately,h,4,"[4.0,4.0,4.0,4.0,4.0,4.0]",7,2,l0_median,seed2_l7_sae_k4_s0,P7,READ,20000,experiment_v1_4/phase_archives/P7/v1_4_p7_return_1790455082926962917.zip::runs/seed2_l7_sae_k4_s0/semantic.json,0,test,h reconstruction,sae,4.0
,,,fidelity,f9f496b5b5d55bed9f0efc1f3694f91486a1cae97c14af6091f8fe91ec235ec4,,,point estimate; empirical LM/sparse ranges reported separately,h,4,"[4.0,4.0,4.0,4.0,4.0,4.0]",7,2,dead_fraction,seed2_l7_sae_k4_s0,P7,READ,20000,experiment_v1_4/phase_archives/P7/v1_4_p7_return_1790455082926962917.zip::runs/seed2_l7_sae_k4_s0/semantic.json,0,test,h reconstruction,sae,0.76953125
1000,11157066125796383027,1000,replacement,f9f496b5b5d55bed9f0efc1f3694f91486a1cae97c14af6091f8fe91ec235ec4,0.001466360877670425,4.77198152307734e-05,,h,4,,7,2,original_ce,seed2_l7_sae_k4_s0,P7,READ,2048,experiment_v1_4/phase_archives/P7/v1_4_p7_return_1790455082926962917.zip::runs/seed2_l7_sae_k4_s0/summary.json,0,behavior_test,h reconstruction,sae,0.0005009129911175414
1000,11157066125796383027,1000,replacement,f9f496b5b5d55bed9f0efc1f3694f91486a1cae97c14af6091f8fe91ec235ec4,0.0022150334463850395,3.891195793895852e-05,,h,4,,7,2,patched_ce,seed2_l7_sae_k4_s0,P7,READ,2048,experiment_v1_4/phase_archives/P7/v1_4_p7_return_1790455082926962917.zip::runs/seed2_l7_sae_k4_s0/summary.json,0,behavior_test,h reconstruction,sae,0.0008764711170021755
1000,11157066125796383027,1000,replacement,f9f496b5b5d55bed9f0efc1f3694f91486a1cae97c14af6091f8fe91ec235ec4,0.0010679270721551393,-8.820384253271917e-06,,h,4,,7,2,delta_ce,seed2_l7_sae_k4_s0,P7,READ,2048,experiment_v1_4/phase_archives/P7/v1_4_p7_return_1790455082926962917.zip::runs/seed2_l7_sae_k4_s0/summary.json,0,behavior_test,h reconstruction,sae,0.0003755581187934176
1000,11157066125796383027,1000,replacement,f9f496b5b5d55bed9f0efc1f3694f91486a1cae97c14af6091f8fe91ec235ec4,1.0,0.998046875,,h,4,,7,2,original_accuracy,seed2_l7_sae_k4_s0,P7,READ,2048,experiment_v1_4/phase_archives/P7/v1_4_p7_return_1790455082926962917.zip::runs/seed2_l7_sae_k4_s0/summary.json,0,behavior_test,h reconstruction,sae,0.99951171875
1000,11157066125796383027,1000,replacement,f9f496b5b5d55bed9f0efc1f3694f91486a1cae97c14af6091f8fe91ec235ec4,1.0,0.99755859375,,h,4,,7,2,patched_accuracy,seed2_l7_sae_k4_s0,P7,READ,2048,experiment_v1_4/phase_archives/P7/v1_4_p7_return_1790455082926962917.zip::runs/seed2_l7_sae_k4_s0/summary.json,0,behavior_test,h reconstruction,sae,0.9990234375
1000,11157066125796383027,1000,replacement,f9f496b5b5d55bed9f0efc1f3694f91486a1cae97c14af6091f8fe91ec235ec4,0.0,-0.00146484375,,h,4,,7,2,delta_accuracy,seed2_l7_sae_k4_s0,P7,READ,2048,experiment_v1_4/phase_archives/P7/v1_4_p7_return_1790455082926962917.zip::runs/seed2_l7_sae_k4_s0/summary.json,0,behavior_test,h reconstruction,sae,-0.00048828125
,,,fidelity,f9f496b5b5d55bed9f0efc1f3694f91486a1cae97c14af6091f8fe91ec235ec4,,,point estimate; empirical LM/sparse ranges reported separately,h,16,"[16.0,16.0,16.0,16.0,16.0,16.0]",7,2,mse,seed2_l7_sae_k16_s0,P7,READ,50000,experiment_v1_4/phase_archives/P7/v1_4_p7_return_1790455082926962917.zip::runs/seed2_l7_sae_k16_s0/semantic.json,0,train,h reconstruction,sae,0.0112690316252906
,,,fidelity,f9f496b5b5d55bed9f0efc1f3694f91486a1cae97c14af6091f8fe91ec235ec4,,,point estimate; empirical LM/sparse ranges reported separately,h,16,"[16.0,16.0,16.0,16.0,16.0,16.0]",7,2,nmse,seed2_l7_sae_k16_s0,P7,READ,50000,experiment_v1_4/phase_archives/P7/v1_4_p7_return_1790455082926962917.zip::runs/seed2_l7_sae_k16_s0/semantic.json,0,train,h reconstruction,sae,0.011269032182884789
,,,fidelity,f9f496b5b5d55bed9f0efc1f3694f91486a1cae97c14af6091f8fe91ec235ec4,,,point estimate; empirical LM/sparse ranges reported separately,h,16,"[16.0,16.0,16.0,16.0,16.0,16.0]",7,2,r2,seed2_l7_sae_k16_s0,P7,READ,50000,experiment_v1_4/phase_archives/P7/v1_4_p7_return_1790455082926962917.zip::runs/seed2_l7_sae_k16_s0/semantic.json,0,train,h reconstruction,sae,0.9887309678171152
,,,fidelity,f9f496b5b5d55bed9f0efc1f3694f91486a1cae97c14af6091f8fe91ec235ec4,,,point estimate; empirical LM/sparse ranges reported separately,h,16,"[16.0,16.0,16.0,16.0,16.0,16.0]",7,2,ev,seed2_l7_sae_k16_s0,P7,READ,50000,experiment_v1_4/phase_archives/P7/v1_4_p7_return_1790455082926962917.zip::runs/seed2_l7_sae_k16_s0/semantic.json,0,train,h reconstruction,sae,0.9887562900420314
,,,fidelity,f9f496b5b5d55bed9f0efc1f3694f91486a1cae97c14af6091f8fe91ec235ec4,,,point estimate; empirical LM/sparse ranges reported separately,h,16,"[16.0,16.0,16.0,16.0,16.0,16.0]",7,2,inactive_fraction,seed2_l7_sae_k16_s0,P7,READ,50000,experiment_v1_4/phase_archives/P7/v1_4_p7_return_1790455082926962917.zip::runs/seed2_l7_sae_k16_s0/semantic.json,0,train,h reconstruction,sae,0.580078125
,,,fidelity,f9f496b5b5d55bed9f0efc1f3694f91486a1cae97c14af6091f8fe91ec235ec4,,,point estimate; empirical LM/sparse ranges reported separately,h,16,"[16.0,16.0,16.0,16.0,16.0,16.0]",7,2,inactive_count,seed2_l7_sae_k16_s0,P7,READ,50000,experiment_v1_4/phase_archives/P7/v1_4_p7_return_1790455082926962917.zip::runs/seed2_l7_sae_k16_s0/semantic.json,0,train,h reconstruction,sae,297
,,,fidelity,f9f496b5b5d55bed9f0efc1f3694f91486a1cae97c14af6091f8fe91ec235ec4,,,point estimate; empirical LM/sparse ranges reported separately,h,16,"[16.0,16.0,16.0,16.0,16.0,16.0]",7,2,l0_mean,seed2_l7_sae_k16_s0,P7,READ,50000,experiment_v1_4/phase_archives/P7/v1_4_p7_return_1790455082926962917.zip::runs/seed2_l7_sae_k16_s0/semantic.json,0,train,h reconstruction,sae,16.0
,,,fidelity,f9f496b5b5d55bed9f0efc1f3694f91486a1cae97c14af6091f8fe91ec235ec4,,,point estimate; empirical LM/sparse ranges reported separately,h,16,"[16.0,16.0,16.0,16.0,16.0,16.0]",7,2,l0_median,seed2_l7_sae_k16_s0,P7,READ,50000,experiment_v1_4/phase_archives/P7/v1_4_p7_return_1790455082926962917.zip::runs/seed2_l7_sae_k16_s0/semantic.json,0,train,h reconstruction,sae,16.0
,,,fidelity,f9f496b5b5d55bed9f0efc1f3694f91486a1cae97c14af6091f8fe91ec235ec4,,,point estimate; empirical LM/sparse ranges reported separately,h,16,"[16.0,16.0,16.0,16.0,16.0,16.0]",7,2,dead_fraction,seed2_l7_sae_k16_s0,P7,READ,50000,experiment_v1_4/phase_archives/P7/v1_4_p7_return_1790455082926962917.zip::runs/seed2_l7_sae_k16_s0/semantic.json,0,train,h reconstruction,sae,0.580078125
,,,fidelity,f9f496b5b5d55bed9f0efc1f3694f91486a1cae97c14af6091f8fe91ec235ec4,,,point estimate; empirical LM/sparse ranges reported separately,h,16,"[16.0,16.0,16.0,16.0,16.0,16.0]",7,2,mse,seed2_l7_sae_k16_s0,P7,READ,10000,experiment_v1_4/phase_archives/P7/v1_4_p7_return_1790455082926962917.zip::runs/seed2_l7_sae_k16_s0/semantic.json,0,val,h reconstruction,sae,0.011626012077742472
,,,fidelity,f9f496b5b5d55bed9f0efc1f3694f91486a1cae97c14af6091f8fe91ec235ec4,,,point estimate; empirical LM/sparse ranges reported separately,h,16,"[16.0,16.0,16.0,16.0,16.0,16.0]",7,2,nmse,seed2_l7_sae_k16_s0,P7,READ,10000,experiment_v1_4/phase_archives/P7/v1_4_p7_return_1790455082926962917.zip::runs/seed2_l7_sae_k16_s0/semantic.json,0,val,h reconstruction,sae,0.011629917251083434
,,,fidelity,f9f496b5b5d55bed9f0efc1f3694f91486a1cae97c14af6091f8fe91ec235ec4,,,point estimate; empirical LM/sparse ranges reported separately,h,16,"[16.0,16.0,16.0,16.0,16.0,16.0]",7,2,r2,seed2_l7_sae_k16_s0,P7,READ,10000,experiment_v1_4/phase_archives/P7/v1_4_p7_return_1790455082926962917.zip::runs/seed2_l7_sae_k16_s0/semantic.json,0,val,h reconstruction,sae,0.9883681455836636
,,,fidelity,f9f496b5b5d55bed9f0efc1f3694f91486a1cae97c14af6091f8fe91ec235ec4,,,point estimate; empirical LM/sparse ranges reported separately,h,16,"[16.0,16.0,16.0,16.0,16.0,16.0]",7,2,ev,seed2_l7_sae_k16_s0,P7,READ,10000,experiment_v1_4/phase_archives/P7/v1_4_p7_return_1790455082926962917.zip::runs/seed2_l7_sae_k16_s0/semantic.json,0,val,h reconstruction,sae,0.9883959897597997
,,,fidelity,f9f496b5b5d55bed9f0efc1f3694f91486a1cae97c14af6091f8fe91ec235ec4,,,point estimate; empirical LM/sparse ranges reported separately,h,16,"[16.0,16.0,16.0,16.0,16.0,16.0]",7,2,inactive_fraction,seed2_l7_sae_k16_s0,P7,READ,10000,experiment_v1_4/phase_archives/P7/v1_4_p7_return_1790455082926962917.zip::runs/seed2_l7_sae_k16_s0/semantic.json,0,val,h reconstruction,sae,0.65234375
,,,fidelity,f9f496b5b5d55bed9f0efc1f3694f91486a1cae97c14af6091f8fe91ec235ec4,,,point estimate; empirical LM/sparse ranges reported separately,h,16,"[16.0,16.0,16.0,16.0,16.0,16.0]",7,2,inactive_count,seed2_l7_sae_k16_s0,P7,READ,10000,experiment_v1_4/phase_archives/P7/v1_4_p7_return_1790455082926962917.zip::runs/seed2_l7_sae_k16_s0/semantic.json,0,val,h reconstruction,sae,334
,,,fidelity,f9f496b5b5d55bed9f0efc1f3694f91486a1cae97c14af6091f8fe91ec235ec4,,,point estimate; empirical LM/sparse ranges reported separately,h,16,"[16.0,16.0,16.0,16.0,16.0,16.0]",7,2,l0_mean,seed2_l7_sae_k16_s0,P7,READ,10000,experiment_v1_4/phase_archives/P7/v1_4_p7_return_1790455082926962917.zip::runs/seed2_l7_sae_k16_s0/semantic.json,0,val,h reconstruction,sae,16.0
,,,fidelity,f9f496b5b5d55bed9f0efc1f3694f91486a1cae97c14af6091f8fe91ec235ec4,,,point estimate; empirical LM/sparse ranges reported separately,h,16,"[16.0,16.0,16.0,16.0,16.0,16.0]",7,2,l0_median,seed2_l7_sae_k16_s0,P7,READ,10000,experiment_v1_4/phase_archives/P7/v1_4_p7_return_1790455082926962917.zip::runs/seed2_l7_sae_k16_s0/semantic.json,0,val,h reconstruction,sae,16.0
,,,fidelity,f9f496b5b5d55bed9f0efc1f3694f91486a1cae97c14af6091f8fe91ec235ec4,,,point estimate; empirical LM/sparse ranges reported separately,h,16,"[16.0,16.0,16.0,16.0,16.0,16.0]",7,2,dead_fraction,seed2_l7_sae_k16_s0,P7,READ,10000,experiment_v1_4/phase_archives/P7/v1_4_p7_return_1790455082926962917.zip::runs/seed2_l7_sae_k16_s0/semantic.json,0,val,h reconstruction,sae,0.580078125
,,,fidelity,f9f496b5b5d55bed9f0efc1f3694f91486a1cae97c14af6091f8fe91ec235ec4,,,point estimate; empirical LM/sparse ranges reported separately,h,16,"[16.0,16.0,16.0,16.0,16.0,16.0]",7,2,mse,seed2_l7_sae_k16_s0,P7,READ,20000,experiment_v1_4/phase_archives/P7/v1_4_p7_return_1790455082926962917.zip::runs/seed2_l7_sae_k16_s0/semantic.json,0,test,h reconstruction,sae,0.011423512861980059
,,,fidelity,f9f496b5b5d55bed9f0efc1f3694f91486a1cae97c14af6091f8fe91ec235ec4,,,point estimate; empirical LM/sparse ranges reported separately,h,16,"[16.0,16.0,16.0,16.0,16.0,16.0]",7,2,nmse,seed2_l7_sae_k16_s0,P7,READ,20000,experiment_v1_4/phase_archives/P7/v1_4_p7_return_1790455082926962917.zip::runs/seed2_l7_sae_k16_s0/semantic.json,0,test,h reconstruction,sae,0.011404577081361174
,,,fidelity,f9f496b5b5d55bed9f0efc1f3694f91486a1cae97c14af6091f8fe91ec235ec4,,,point estimate; empirical LM/sparse ranges reported separately,h,16,"[16.0,16.0,16.0,16.0,16.0,16.0]",7,2,r2,seed2_l7_sae_k16_s0,P7,READ,20000,experiment_v1_4/phase_archives/P7/v1_4_p7_return_1790455082926962917.zip::runs/seed2_l7_sae_k16_s0/semantic.json,0,test,h reconstruction,sae,0.9885952227039778
,,,fidelity,f9f496b5b5d55bed9f0efc1f3694f91486a1cae97c14af6091f8fe91ec235ec4,,,point estimate; empirical LM/sparse ranges reported separately,h,16,"[16.0,16.0,16.0,16.0,16.0,16.0]",7,2,ev,seed2_l7_sae_k16_s0,P7,READ,20000,experiment_v1_4/phase_archives/P7/v1_4_p7_return_1790455082926962917.zip::runs/seed2_l7_sae_k16_s0/semantic.json,0,test,h reconstruction,sae,0.9886196489003377
,,,fidelity,f9f496b5b5d55bed9f0efc1f3694f91486a1cae97c14af6091f8fe91ec235ec4,,,point estimate; empirical LM/sparse ranges reported separately,h,16,"[16.0,16.0,16.0,16.0,16.0,16.0]",7,2,inactive_fraction,seed2_l7_sae_k16_s0,P7,READ,20000,experiment_v1_4/phase_archives/P7/v1_4_p7_return_1790455082926962917.zip::runs/seed2_l7_sae_k16_s0/semantic.json,0,test,h reconstruction,sae,0.615234375
,,,fidelity,f9f496b5b5d55bed9f0efc1f3694f91486a1cae97c14af6091f8fe91ec235ec4,,,point estimate; empirical LM/sparse ranges reported separately,h,16,"[16.0,16.0,16.0,16.0,16.0,16.0]",7,2,inactive_count,seed2_l7_sae_k16_s0,P7,READ,20000,experiment_v1_4/phase_archives/P7/v1_4_p7_return_1790455082926962917.zip::runs/seed2_l7_sae_k16_s0/semantic.json,0,test,h reconstruction,sae,315
,,,fidelity,f9f496b5b5d55bed9f0efc1f3694f91486a1cae97c14af6091f8fe91ec235ec4,,,point estimate; empirical LM/sparse ranges reported separately,h,16,"[16.0,16.0,16.0,16.0,16.0,16.0]",7,2,l0_mean,seed2_l7_sae_k16_s0,P7,READ,20000,experiment_v1_4/phase_archives/P7/v1_4_p7_return_1790455082926962917.zip::runs/seed2_l7_sae_k16_s0/semantic.json,0,test,h reconstruction,sae,16.0
,,,fidelity,f9f496b5b5d55bed9f0efc1f3694f91486a1cae97c14af6091f8fe91ec235ec4,,,point estimate; empirical LM/sparse ranges reported separately,h,16,"[16.0,16.0,16.0,16.0,16.0,16.0]",7,2,l0_median,seed2_l7_sae_k16_s0,P7,READ,20000,experiment_v1_4/phase_archives/P7/v1_4_p7_return_1790455082926962917.zip::runs/seed2_l7_sae_k16_s0/semantic.json,0,test,h reconstruction,sae,16.0
,,,fidelity,f9f496b5b5d55bed9f0efc1f3694f91486a1cae97c14af6091f8fe91ec235ec4,,,point estimate; empirical LM/sparse ranges reported separately,h,16,"[16.0,16.0,16.0,16.0,16.0,16.0]",7,2,dead_fraction,seed2_l7_sae_k16_s0,P7,READ,20000,experiment_v1_4/phase_archives/P7/v1_4_p7_return_1790455082926962917.zip::runs/seed2_l7_sae_k16_s0/semantic.json,0,test,h reconstruction,sae,0.580078125
1000,11287103959699088056,1000,replacement,f9f496b5b5d55bed9f0efc1f3694f91486a1cae97c14af6091f8fe91ec235ec4,0.0012973279433207252,4.625419767464445e-05,,h,16,,7,2,original_ce,seed2_l7_sae_k16_s0,P7,READ,2048,experiment_v1_4/phase_archives/P7/v1_4_p7_return_1790455082926962917.zip::runs/seed2_l7_sae_k16_s0/summary.json,0,behavior_test,h reconstruction,sae,0.0005009129911175414
1000,11287103959699088056,1000,replacement,f9f496b5b5d55bed9f0efc1f3694f91486a1cae97c14af6091f8fe91ec235ec4,0.001351871494587331,4.3148577978102676e-05,,h,16,,7,2,patched_ce,seed2_l7_sae_k16_s0,P7,READ,2048,experiment_v1_4/phase_archives/P7/v1_4_p7_return_1790455082926962917.zip::runs/seed2_l7_sae_k16_s0/summary.json,0,behavior_test,h reconstruction,sae,0.0005430542823807727
1000,11287103959699088056,1000,replacement,f9f496b5b5d55bed9f0efc1f3694f91486a1cae97c14af6091f8fe91ec235ec4,0.0002170878401690168,-8.304775275305153e-05,,h,16,,7,2,delta_ce,seed2_l7_sae_k16_s0,P7,READ,2048,experiment_v1_4/phase_archives/P7/v1_4_p7_return_1790455082926962917.zip::runs/seed2_l7_sae_k16_s0/summary.json,0,behavior_test,h reconstruction,sae,4.2141291263231295e-05
1000,11287103959699088056,1000,replacement,f9f496b5b5d55bed9f0efc1f3694f91486a1cae97c14af6091f8fe91ec235ec4,1.0,0.99853515625,,h,16,,7,2,original_accuracy,seed2_l7_sae_k16_s0,P7,READ,2048,experiment_v1_4/phase_archives/P7/v1_4_p7_return_1790455082926962917.zip::runs/seed2_l7_sae_k16_s0/summary.json,0,behavior_test,h reconstruction,sae,0.99951171875
1000,11287103959699088056,1000,replacement,f9f496b5b5d55bed9f0efc1f3694f91486a1cae97c14af6091f8fe91ec235ec4,1.0,1.0,,h,16,,7,2,patched_accuracy,seed2_l7_sae_k16_s0,P7,READ,2048,experiment_v1_4/phase_archives/P7/v1_4_p7_return_1790455082926962917.zip::runs/seed2_l7_sae_k16_s0/summary.json,0,behavior_test,h reconstruction,sae,1.0
1000,11287103959699088056,1000,replacement,f9f496b5b5d55bed9f0efc1f3694f91486a1cae97c14af6091f8fe91ec235ec4,0.00146484375,0.0,,h,16,,7,2,delta_accuracy,seed2_l7_sae_k16_s0,P7,READ,2048,experiment_v1_4/phase_archives/P7/v1_4_p7_return_1790455082926962917.zip::runs/seed2_l7_sae_k16_s0/summary.json,0,behavior_test,h reconstruction,sae,0.00048828125
,,,fidelity,f9f496b5b5d55bed9f0efc1f3694f91486a1cae97c14af6091f8fe91ec235ec4,,,point estimate; empirical LM/sparse ranges reported separately,h,4,"[4.0,4.0,4.0,4.0,4.0,4.0]",11,2,mse,seed2_l11_sae_k4_s0,P7,READ,50000,experiment_v1_4/phase_archives/P7/v1_4_p7_return_1790455082926962917.zip::runs/seed2_l11_sae_k4_s0/semantic.json,0,train,h reconstruction,sae,0.03022450339921396
,,,fidelity,f9f496b5b5d55bed9f0efc1f3694f91486a1cae97c14af6091f8fe91ec235ec4,,,point estimate; empirical LM/sparse ranges reported separately,h,4,"[4.0,4.0,4.0,4.0,4.0,4.0]",11,2,nmse,seed2_l11_sae_k4_s0,P7,READ,50000,experiment_v1_4/phase_archives/P7/v1_4_p7_return_1790455082926962917.zip::runs/seed2_l11_sae_k4_s0/semantic.json,0,train,h reconstruction,sae,0.030224503533396493
,,,fidelity,f9f496b5b5d55bed9f0efc1f3694f91486a1cae97c14af6091f8fe91ec235ec4,,,point estimate; empirical LM/sparse ranges reported separately,h,4,"[4.0,4.0,4.0,4.0,4.0,4.0]",11,2,r2,seed2_l11_sae_k4_s0,P7,READ,50000,experiment_v1_4/phase_archives/P7/v1_4_p7_return_1790455082926962917.zip::runs/seed2_l11_sae_k4_s0/semantic.json,0,train,h reconstruction,sae,0.9697754964666035
,,,fidelity,f9f496b5b5d55bed9f0efc1f3694f91486a1cae97c14af6091f8fe91ec235ec4,,,point estimate; empirical LM/sparse ranges reported separately,h,4,"[4.0,4.0,4.0,4.0,4.0,4.0]",11,2,ev,seed2_l11_sae_k4_s0,P7,READ,50000,experiment_v1_4/phase_archives/P7/v1_4_p7_return_1790455082926962917.zip::runs/seed2_l11_sae_k4_s0/semantic.json,0,train,h reconstruction,sae,0.969802303847511
,,,fidelity,f9f496b5b5d55bed9f0efc1f3694f91486a1cae97c14af6091f8fe91ec235ec4,,,point estimate; empirical LM/sparse ranges reported separately,h,4,"[4.0,4.0,4.0,4.0,4.0,4.0]",11,2,inactive_fraction,seed2_l11_sae_k4_s0,P7,READ,50000,experiment_v1_4/phase_archives/P7/v1_4_p7_return_1790455082926962917.zip::runs/seed2_l11_sae_k4_s0/semantic.json,0,train,h reconstruction,sae,0.830078125
,,,fidelity,f9f496b5b5d55bed9f0efc1f3694f91486a1cae97c14af6091f8fe91ec235ec4,,,point estimate; empirical LM/sparse ranges reported separately,h,4,"[4.0,4.0,4.0,4.0,4.0,4.0]",11,2,inactive_count,seed2_l11_sae_k4_s0,P7,READ,50000,experiment_v1_4/phase_archives/P7/v1_4_p7_return_1790455082926962917.zip::runs/seed2_l11_sae_k4_s0/semantic.json,0,train,h reconstruction,sae,425
,,,fidelity,f9f496b5b5d55bed9f0efc1f3694f91486a1cae97c14af6091f8fe91ec235ec4,,,point estimate; empirical LM/sparse ranges reported separately,h,4,"[4.0,4.0,4.0,4.0,4.0,4.0]",11,2,l0_mean,seed2_l11_sae_k4_s0,P7,READ,50000,experiment_v1_4/phase_archives/P7/v1_4_p7_return_1790455082926962917.zip::runs/seed2_l11_sae_k4_s0/semantic.json,0,train,h reconstruction,sae,4.0
,,,fidelity,f9f496b5b5d55bed9f0efc1f3694f91486a1cae97c14af6091f8fe91ec235ec4,,,point estimate; empirical LM/sparse ranges reported separately,h,4,"[4.0,4.0,4.0,4.0,4.0,4.0]",11,2,l0_median,seed2_l11_sae_k4_s0,P7,READ,50000,experiment_v1_4/phase_archives/P7/v1_4_p7_return_1790455082926962917.zip::runs/seed2_l11_sae_k4_s0/semantic.json,0,train,h reconstruction,sae,4.0
,,,fidelity,f9f496b5b5d55bed9f0efc1f3694f91486a1cae97c14af6091f8fe91ec235ec4,,,point estimate; empirical LM/sparse ranges reported separately,h,4,"[4.0,4.0,4.0,4.0,4.0,4.0]",11,2,dead_fraction,seed2_l11_sae_k4_s0,P7,READ,50000,experiment_v1_4/phase_archives/P7/v1_4_p7_return_1790455082926962917.zip::runs/seed2_l11_sae_k4_s0/semantic.json,0,train,h reconstruction,sae,0.830078125
,,,fidelity,f9f496b5b5d55bed9f0efc1f3694f91486a1cae97c14af6091f8fe91ec235ec4,,,point estimate; empirical LM/sparse ranges reported separately,h,4,"[4.0,4.0,4.0,4.0,4.0,4.0]",11,2,mse,seed2_l11_sae_k4_s0,P7,READ,10000,experiment_v1_4/phase_archives/P7/v1_4_p7_return_1790455082926962917.zip::runs/seed2_l11_sae_k4_s0/semantic.json,0,val,h reconstruction,sae,0.030697030223828487
,,,fidelity,f9f496b5b5d55bed9f0efc1f3694f91486a1cae97c14af6091f8fe91ec235ec4,,,point estimate; empirical LM/sparse ranges reported separately,h,4,"[4.0,4.0,4.0,4.0,4.0,4.0]",11,2,nmse,seed2_l11_sae_k4_s0,P7,READ,10000,experiment_v1_4/phase_archives/P7/v1_4_p7_return_1790455082926962917.zip::runs/seed2_l11_sae_k4_s0/semantic.json,0,val,h reconstruction,sae,0.030698014620499314
,,,fidelity,f9f496b5b5d55bed9f0efc1f3694f91486a1cae97c14af6091f8fe91ec235ec4,,,point estimate; empirical LM/sparse ranges reported separately,h,4,"[4.0,4.0,4.0,4.0,4.0,4.0]",11,2,r2,seed2_l11_sae_k4_s0,P7,READ,10000,experiment_v1_4/phase_archives/P7/v1_4_p7_return_1790455082926962917.zip::runs/seed2_l11_sae_k4_s0/semantic.json,0,val,h reconstruction,sae,0.9692963602082514
,,,fidelity,f9f496b5b5d55bed9f0efc1f3694f91486a1cae97c14af6091f8fe91ec235ec4,,,point estimate; empirical LM/sparse ranges reported separately,h,4,"[4.0,4.0,4.0,4.0,4.0,4.0]",11,2,ev,seed2_l11_sae_k4_s0,P7,READ,10000,experiment_v1_4/phase_archives/P7/v1_4_p7_return_1790455082926962917.zip::runs/seed2_l11_sae_k4_s0/semantic.json,0,val,h reconstruction,sae,0.9693242878227836
,,,fidelity,f9f496b5b5d55bed9f0efc1f3694f91486a1cae97c14af6091f8fe91ec235ec4,,,point estimate; empirical LM/sparse ranges reported separately,h,4,"[4.0,4.0,4.0,4.0,4.0,4.0]",11,2,inactive_fraction,seed2_l11_sae_k4_s0,P7,READ,10000,experiment_v1_4/phase_archives/P7/v1_4_p7_return_1790455082926962917.zip::runs/seed2_l11_sae_k4_s0/semantic.json,0,val,h reconstruction,sae,0.845703125
,,,fidelity,f9f496b5b5d55bed9f0efc1f3694f91486a1cae97c14af6091f8fe91ec235ec4,,,point estimate; empirical LM/sparse ranges reported separately,h,4,"[4.0,4.0,4.0,4.0,4.0,4.0]",11,2,inactive_count,seed2_l11_sae_k4_s0,P7,READ,10000,experiment_v1_4/phase_archives/P7/v1_4_p7_return_1790455082926962917.zip::runs/seed2_l11_sae_k4_s0/semantic.json,0,val,h reconstruction,sae,433
,,,fidelity,f9f496b5b5d55bed9f0efc1f3694f91486a1cae97c14af6091f8fe91ec235ec4,,,point estimate; empirical LM/sparse ranges reported separately,h,4,"[4.0,4.0,4.0,4.0,4.0,4.0]",11,2,l0_mean,seed2_l11_sae_k4_s0,P7,READ,10000,experiment_v1_4/phase_archives/P7/v1_4_p7_return_1790455082926962917.zip::runs/seed2_l11_sae_k4_s0/semantic.json,0,val,h reconstruction,sae,4.0
,,,fidelity,f9f496b5b5d55bed9f0efc1f3694f91486a1cae97c14af6091f8fe91ec235ec4,,,point estimate; empirical LM/sparse ranges reported separately,h,4,"[4.0,4.0,4.0,4.0,4.0,4.0]",11,2,l0_median,seed2_l11_sae_k4_s0,P7,READ,10000,experiment_v1_4/phase_archives/P7/v1_4_p7_return_1790455082926962917.zip::runs/seed2_l11_sae_k4_s0/semantic.json,0,val,h reconstruction,sae,4.0
,,,fidelity,f9f496b5b5d55bed9f0efc1f3694f91486a1cae97c14af6091f8fe91ec235ec4,,,point estimate; empirical LM/sparse ranges reported separately,h,4,"[4.0,4.0,4.0,4.0,4.0,4.0]",11,2,dead_fraction,seed2_l11_sae_k4_s0,P7,READ,10000,experiment_v1_4/phase_archives/P7/v1_4_p7_return_1790455082926962917.zip::runs/seed2_l11_sae_k4_s0/semantic.json,0,val,h reconstruction,sae,0.830078125
,,,fidelity,f9f496b5b5d55bed9f0efc1f3694f91486a1cae97c14af6091f8fe91ec235ec4,,,point estimate; empirical LM/sparse ranges reported separately,h,4,"[4.0,4.0,4.0,4.0,4.0,4.0]",11,2,mse,seed2_l11_sae_k4_s0,P7,READ,20000,experiment_v1_4/phase_archives/P7/v1_4_p7_return_1790455082926962917.zip::runs/seed2_l11_sae_k4_s0/semantic.json,0,test,h reconstruction,sae,0.030410504348675385
,,,fidelity,f9f496b5b5d55bed9f0efc1f3694f91486a1cae97c14af6091f8fe91ec235ec4,,,point estimate; empirical LM/sparse ranges reported separately,h,4,"[4.0,4.0,4.0,4.0,4.0,4.0]",11,2,nmse,seed2_l11_sae_k4_s0,P7,READ,20000,experiment_v1_4/phase_archives/P7/v1_4_p7_return_1790455082926962917.zip::runs/seed2_l11_sae_k4_s0/semantic.json,0,test,h reconstruction,sae,0.030384794094510545
,,,fidelity,f9f496b5b5d55bed9f0efc1f3694f91486a1cae97c14af6091f8fe91ec235ec4,,,point estimate; empirical LM/sparse ranges reported separately,h,4,"[4.0,4.0,4.0,4.0,4.0,4.0]",11,2,r2,seed2_l11_sae_k4_s0,P7,READ,20000,experiment_v1_4/phase_archives/P7/v1_4_p7_return_1790455082926962917.zip::runs/seed2_l11_sae_k4_s0/semantic.json,0,test,h reconstruction,sae,0.9696147533576253
,,,fidelity,f9f496b5b5d55bed9f0efc1f3694f91486a1cae97c14af6091f8fe91ec235ec4,,,point estimate; empirical LM/sparse ranges reported separately,h,4,"[4.0,4.0,4.0,4.0,4.0,4.0]",11,2,ev,seed2_l11_sae_k4_s0,P7,READ,20000,experiment_v1_4/phase_archives/P7/v1_4_p7_return_1790455082926962917.zip::runs/seed2_l11_sae_k4_s0/semantic.json,0,test,h reconstruction,sae,0.969647354997328
,,,fidelity,f9f496b5b5d55bed9f0efc1f3694f91486a1cae97c14af6091f8fe91ec235ec4,,,point estimate; empirical LM/sparse ranges reported separately,h,4,"[4.0,4.0,4.0,4.0,4.0,4.0]",11,2,inactive_fraction,seed2_l11_sae_k4_s0,P7,READ,20000,experiment_v1_4/phase_archives/P7/v1_4_p7_return_1790455082926962917.zip::runs/seed2_l11_sae_k4_s0/semantic.json,0,test,h reconstruction,sae,0.845703125
,,,fidelity,f9f496b5b5d55bed9f0efc1f3694f91486a1cae97c14af6091f8fe91ec235ec4,,,point estimate; empirical LM/sparse ranges reported separately,h,4,"[4.0,4.0,4.0,4.0,4.0,4.0]",11,2,inactive_count,seed2_l11_sae_k4_s0,P7,READ,20000,experiment_v1_4/phase_archives/P7/v1_4_p7_return_1790455082926962917.zip::runs/seed2_l11_sae_k4_s0/semantic.json,0,test,h reconstruction,sae,433
,,,fidelity,f9f496b5b5d55bed9f0efc1f3694f91486a1cae97c14af6091f8fe91ec235ec4,,,point estimate; empirical LM/sparse ranges reported separately,h,4,"[4.0,4.0,4.0,4.0,4.0,4.0]",11,2,l0_mean,seed2_l11_sae_k4_s0,P7,READ,20000,experiment_v1_4/phase_archives/P7/v1_4_p7_return_1790455082926962917.zip::runs/seed2_l11_sae_k4_s0/semantic.json,0,test,h reconstruction,sae,4.0
,,,fidelity,f9f496b5b5d55bed9f0efc1f3694f91486a1cae97c14af6091f8fe91ec235ec4,,,point estimate; empirical LM/sparse ranges reported separately,h,4,"[4.0,4.0,4.0,4.0,4.0,4.0]",11,2,l0_median,seed2_l11_sae_k4_s0,P7,READ,20000,experiment_v1_4/phase_archives/P7/v1_4_p7_return_1790455082926962917.zip::runs/seed2_l11_sae_k4_s0/semantic.json,0,test,h reconstruction,sae,4.0
,,,fidelity,f9f496b5b5d55bed9f0efc1f3694f91486a1cae97c14af6091f8fe91ec235ec4,,,point estimate; empirical LM/sparse ranges reported separately,h,4,"[4.0,4.0,4.0,4.0,4.0,4.0]",11,2,dead_fraction,seed2_l11_sae_k4_s0,P7,READ,20000,experiment_v1_4/phase_archives/P7/v1_4_p7_return_1790455082926962917.zip::runs/seed2_l11_sae_k4_s0/semantic.json,0,test,h reconstruction,sae,0.830078125
1000,11157066125796383027,1000,replacement,f9f496b5b5d55bed9f0efc1f3694f91486a1cae97c14af6091f8fe91ec235ec4,0.001466360877670425,4.77198152307734e-05,,h,4,,11,2,original_ce,seed2_l11_sae_k4_s0,P7,READ,2048,experiment_v1_4/phase_archives/P7/v1_4_p7_return_1790455082926962917.zip::runs/seed2_l11_sae_k4_s0/summary.json,0,behavior_test,h reconstruction,sae,0.0005009129911175414
1000,11157066125796383027,1000,replacement,f9f496b5b5d55bed9f0efc1f3694f91486a1cae97c14af6091f8fe91ec235ec4,0.002374847218735874,4.846986227866612e-05,,h,4,,11,2,patched_ce,seed2_l11_sae_k4_s0,P7,READ,2048,experiment_v1_4/phase_archives/P7/v1_4_p7_return_1790455082926962917.zip::runs/seed2_l11_sae_k4_s0/summary.json,0,behavior_test,h reconstruction,sae,0.0009245975022120767
1000,11157066125796383027,1000,replacement,f9f496b5b5d55bed9f0efc1f3694f91486a1cae97c14af6091f8fe91ec235ec4,0.001028632507410615,-2.779237597849704e-06,,h,4,,11,2,delta_ce,seed2_l11_sae_k4_s0,P7,READ,2048,experiment_v1_4/phase_archives/P7/v1_4_p7_return_1790455082926962917.zip::runs/seed2_l11_sae_k4_s0/summary.json,0,behavior_test,h reconstruction,sae,0.00042368451495367054
1000,11157066125796383027,1000,replacement,f9f496b5b5d55bed9f0efc1f3694f91486a1cae97c14af6091f8fe91ec235ec4,1.0,0.998046875,,h,4,,11,2,original_accuracy,seed2_l11_sae_k4_s0,P7,READ,2048,experiment_v1_4/phase_archives/P7/v1_4_p7_return_1790455082926962917.zip::runs/seed2_l11_sae_k4_s0/summary.json,0,behavior_test,h reconstruction,sae,0.99951171875
1000,11157066125796383027,1000,replacement,f9f496b5b5d55bed9f0efc1f3694f91486a1cae97c14af6091f8fe91ec235ec4,1.0,0.998046875,,h,4,,11,2,patched_accuracy,seed2_l11_sae_k4_s0,P7,READ,2048,experiment_v1_4/phase_archives/P7/v1_4_p7_return_1790455082926962917.zip::runs/seed2_l11_sae_k4_s0/summary.json,0,behavior_test,h reconstruction,sae,0.99951171875
1000,11157066125796383027,1000,replacement,f9f496b5b5d55bed9f0efc1f3694f91486a1cae97c14af6091f8fe91ec235ec4,0.0,0.0,,h,4,,11,2,delta_accuracy,seed2_l11_sae_k4_s0,P7,READ,2048,experiment_v1_4/phase_archives/P7/v1_4_p7_return_1790455082926962917.zip::runs/seed2_l11_sae_k4_s0/summary.json,0,behavior_test,h reconstruction,sae,0.0
,,,fidelity,f9f496b5b5d55bed9f0efc1f3694f91486a1cae97c14af6091f8fe91ec235ec4,,,point estimate; empirical LM/sparse ranges reported separately,h,16,"[16.0,16.0,16.0,16.0,16.0,16.0]",11,2,mse,seed2_l11_sae_k16_s0,P7,READ,50000,experiment_v1_4/phase_archives/P7/v1_4_p7_return_1790455082926962917.zip::runs/seed2_l11_sae_k16_s0/semantic.json,0,train,h reconstruction,sae,0.007446641822776173
,,,fidelity,f9f496b5b5d55bed9f0efc1f3694f91486a1cae97c14af6091f8fe91ec235ec4,,,point estimate; empirical LM/sparse ranges reported separately,h,16,"[16.0,16.0,16.0,16.0,16.0,16.0]",11,2,nmse,seed2_l11_sae_k16_s0,P7,READ,50000,experiment_v1_4/phase_archives/P7/v1_4_p7_return_1790455082926962917.zip::runs/seed2_l11_sae_k16_s0/semantic.json,0,train,h reconstruction,sae,0.007446641855835749
,,,fidelity,f9f496b5b5d55bed9f0efc1f3694f91486a1cae97c14af6091f8fe91ec235ec4,,,point estimate; empirical LM/sparse ranges reported separately,h,16,"[16.0,16.0,16.0,16.0,16.0,16.0]",11,2,r2,seed2_l11_sae_k16_s0,P7,READ,50000,experiment_v1_4/phase_archives/P7/v1_4_p7_return_1790455082926962917.zip::runs/seed2_l11_sae_k16_s0/semantic.json,0,train,h reconstruction,sae,0.9925533581441642
,,,fidelity,f9f496b5b5d55bed9f0efc1f3694f91486a1cae97c14af6091f8fe91ec235ec4,,,point estimate; empirical LM/sparse ranges reported separately,h,16,"[16.0,16.0,16.0,16.0,16.0,16.0]",11,2,ev,seed2_l11_sae_k16_s0,P7,READ,50000,experiment_v1_4/phase_archives/P7/v1_4_p7_return_1790455082926962917.zip::runs/seed2_l11_sae_k16_s0/semantic.json,0,train,h reconstruction,sae,0.9925802404164349
,,,fidelity,f9f496b5b5d55bed9f0efc1f3694f91486a1cae97c14af6091f8fe91ec235ec4,,,point estimate; empirical LM/sparse ranges reported separately,h,16,"[16.0,16.0,16.0,16.0,16.0,16.0]",11,2,inactive_fraction,seed2_l11_sae_k16_s0,P7,READ,50000,experiment_v1_4/phase_archives/P7/v1_4_p7_return_1790455082926962917.zip::runs/seed2_l11_sae_k16_s0/semantic.json,0,train,h reconstruction,sae,0.556640625
,,,fidelity,f9f496b5b5d55bed9f0efc1f3694f91486a1cae97c14af6091f8fe91ec235ec4,,,point estimate; empirical LM/sparse ranges reported separately,h,16,"[16.0,16.0,16.0,16.0,16.0,16.0]",11,2,inactive_count,seed2_l11_sae_k16_s0,P7,READ,50000,experiment_v1_4/phase_archives/P7/v1_4_p7_return_1790455082926962917.zip::runs/seed2_l11_sae_k16_s0/semantic.json,0,train,h reconstruction,sae,285
,,,fidelity,f9f496b5b5d55bed9f0efc1f3694f91486a1cae97c14af6091f8fe91ec235ec4,,,point estimate; empirical LM/sparse ranges reported separately,h,16,"[16.0,16.0,16.0,16.0,16.0,16.0]",11,2,l0_mean,seed2_l11_sae_k16_s0,P7,READ,50000,experiment_v1_4/phase_archives/P7/v1_4_p7_return_1790455082926962917.zip::runs/seed2_l11_sae_k16_s0/semantic.json,0,train,h reconstruction,sae,16.0
,,,fidelity,f9f496b5b5d55bed9f0efc1f3694f91486a1cae97c14af6091f8fe91ec235ec4,,,point estimate; empirical LM/sparse ranges reported separately,h,16,"[16.0,16.0,16.0,16.0,16.0,16.0]",11,2,l0_median,seed2_l11_sae_k16_s0,P7,READ,50000,experiment_v1_4/phase_archives/P7/v1_4_p7_return_1790455082926962917.zip::runs/seed2_l11_sae_k16_s0/semantic.json,0,train,h reconstruction,sae,16.0
,,,fidelity,f9f496b5b5d55bed9f0efc1f3694f91486a1cae97c14af6091f8fe91ec235ec4,,,point estimate; empirical LM/sparse ranges reported separately,h,16,"[16.0,16.0,16.0,16.0,16.0,16.0]",11,2,dead_fraction,seed2_l11_sae_k16_s0,P7,READ,50000,experiment_v1_4/phase_archives/P7/v1_4_p7_return_1790455082926962917.zip::runs/seed2_l11_sae_k16_s0/semantic.json,0,train,h reconstruction,sae,0.556640625
,,,fidelity,f9f496b5b5d55bed9f0efc1f3694f91486a1cae97c14af6091f8fe91ec235ec4,,,point estimate; empirical LM/sparse ranges reported separately,h,16,"[16.0,16.0,16.0,16.0,16.0,16.0]",11,2,mse,seed2_l11_sae_k16_s0,P7,READ,10000,experiment_v1_4/phase_archives/P7/v1_4_p7_return_1790455082926962917.zip::runs/seed2_l11_sae_k16_s0/semantic.json,0,val,h reconstruction,sae,0.007640413309091639
,,,fidelity,f9f496b5b5d55bed9f0efc1f3694f91486a1cae97c14af6091f8fe91ec235ec4,,,point estimate; empirical LM/sparse ranges reported separately,h,16,"[16.0,16.0,16.0,16.0,16.0,16.0]",11,2,nmse,seed2_l11_sae_k16_s0,P7,READ,10000,experiment_v1_4/phase_archives/P7/v1_4_p7_return_1790455082926962917.zip::runs/seed2_l11_sae_k16_s0/semantic.json,0,val,h reconstruction,sae,0.00764065832293729
,,,fidelity,f9f496b5b5d55bed9f0efc1f3694f91486a1cae97c14af6091f8fe91ec235ec4,,,point estimate; empirical LM/sparse ranges reported separately,h,16,"[16.0,16.0,16.0,16.0,16.0,16.0]",11,2,r2,seed2_l11_sae_k16_s0,P7,READ,10000,experiment_v1_4/phase_archives/P7/v1_4_p7_return_1790455082926962917.zip::runs/seed2_l11_sae_k16_s0/semantic.json,0,val,h reconstruction,sae,0.992357941586143
,,,fidelity,f9f496b5b5d55bed9f0efc1f3694f91486a1cae97c14af6091f8fe91ec235ec4,,,point estimate; empirical LM/sparse ranges reported separately,h,16,"[16.0,16.0,16.0,16.0,16.0,16.0]",11,2,ev,seed2_l11_sae_k16_s0,P7,READ,10000,experiment_v1_4/phase_archives/P7/v1_4_p7_return_1790455082926962917.zip::runs/seed2_l11_sae_k16_s0/semantic.json,0,val,h reconstruction,sae,0.9923870313917261
,,,fidelity,f9f496b5b5d55bed9f0efc1f3694f91486a1cae97c14af6091f8fe91ec235ec4,,,point estimate; empirical LM/sparse ranges reported separately,h,16,"[16.0,16.0,16.0,16.0,16.0,16.0]",11,2,inactive_fraction,seed2_l11_sae_k16_s0,P7,READ,10000,experiment_v1_4/phase_archives/P7/v1_4_p7_return_1790455082926962917.zip::runs/seed2_l11_sae_k16_s0/semantic.json,0,val,h reconstruction,sae,0.623046875
,,,fidelity,f9f496b5b5d55bed9f0efc1f3694f91486a1cae97c14af6091f8fe91ec235ec4,,,point estimate; empirical LM/sparse ranges reported separately,h,16,"[16.0,16.0,16.0,16.0,16.0,16.0]",11,2,inactive_count,seed2_l11_sae_k16_s0,P7,READ,10000,experiment_v1_4/phase_archives/P7/v1_4_p7_return_1790455082926962917.zip::runs/seed2_l11_sae_k16_s0/semantic.json,0,val,h reconstruction,sae,319
,,,fidelity,f9f496b5b5d55bed9f0efc1f3694f91486a1cae97c14af6091f8fe91ec235ec4,,,point estimate; empirical LM/sparse ranges reported separately,h,16,"[16.0,16.0,16.0,16.0,16.0,16.0]",11,2,l0_mean,seed2_l11_sae_k16_s0,P7,READ,10000,experiment_v1_4/phase_archives/P7/v1_4_p7_return_1790455082926962917.zip::runs/seed2_l11_sae_k16_s0/semantic.json,0,val,h reconstruction,sae,16.0
,,,fidelity,f9f496b5b5d55bed9f0efc1f3694f91486a1cae97c14af6091f8fe91ec235ec4,,,point estimate; empirical LM/sparse ranges reported separately,h,16,"[16.0,16.0,16.0,16.0,16.0,16.0]",11,2,l0_median,seed2_l11_sae_k16_s0,P7,READ,10000,experiment_v1_4/phase_archives/P7/v1_4_p7_return_1790455082926962917.zip::runs/seed2_l11_sae_k16_s0/semantic.json,0,val,h reconstruction,sae,16.0
,,,fidelity,f9f496b5b5d55bed9f0efc1f3694f91486a1cae97c14af6091f8fe91ec235ec4,,,point estimate; empirical LM/sparse ranges reported separately,h,16,"[16.0,16.0,16.0,16.0,16.0,16.0]",11,2,dead_fraction,seed2_l11_sae_k16_s0,P7,READ,10000,experiment_v1_4/phase_archives/P7/v1_4_p7_return_1790455082926962917.zip::runs/seed2_l11_sae_k16_s0/semantic.json,0,val,h reconstruction,sae,0.556640625
,,,fidelity,f9f496b5b5d55bed9f0efc1f3694f91486a1cae97c14af6091f8fe91ec235ec4,,,point estimate; empirical LM/sparse ranges reported separately,h,16,"[16.0,16.0,16.0,16.0,16.0,16.0]",11,2,mse,seed2_l11_sae_k16_s0,P7,READ,20000,experiment_v1_4/phase_archives/P7/v1_4_p7_return_1790455082926962917.zip::runs/seed2_l11_sae_k16_s0/semantic.json,0,test,h reconstruction,sae,0.007543550641517977
,,,fidelity,f9f496b5b5d55bed9f0efc1f3694f91486a1cae97c14af6091f8fe91ec235ec4,,,point estimate; empirical LM/sparse ranges reported separately,h,16,"[16.0,16.0,16.0,16.0,16.0,16.0]",11,2,nmse,seed2_l11_sae_k16_s0,P7,READ,20000,experiment_v1_4/phase_archives/P7/v1_4_p7_return_1790455082926962917.zip::runs/seed2_l11_sae_k16_s0/semantic.json,0,test,h reconstruction,sae,0.007537173022716426
,,,fidelity,f9f496b5b5d55bed9f0efc1f3694f91486a1cae97c14af6091f8fe91ec235ec4,,,point estimate; empirical LM/sparse ranges reported separately,h,16,"[16.0,16.0,16.0,16.0,16.0,16.0]",11,2,r2,seed2_l11_sae_k16_s0,P7,READ,20000,experiment_v1_4/phase_archives/P7/v1_4_p7_return_1790455082926962917.zip::runs/seed2_l11_sae_k16_s0/semantic.json,0,test,h reconstruction,sae,0.992462714719437
,,,fidelity,f9f496b5b5d55bed9f0efc1f3694f91486a1cae97c14af6091f8fe91ec235ec4,,,point estimate; empirical LM/sparse ranges reported separately,h,16,"[16.0,16.0,16.0,16.0,16.0,16.0]",11,2,ev,seed2_l11_sae_k16_s0,P7,READ,20000,experiment_v1_4/phase_archives/P7/v1_4_p7_return_1790455082926962917.zip::runs/seed2_l11_sae_k16_s0/semantic.json,0,test,h reconstruction,sae,0.9924899271838982
,,,fidelity,f9f496b5b5d55bed9f0efc1f3694f91486a1cae97c14af6091f8fe91ec235ec4,,,point estimate; empirical LM/sparse ranges reported separately,h,16,"[16.0,16.0,16.0,16.0,16.0,16.0]",11,2,inactive_fraction,seed2_l11_sae_k16_s0,P7,READ,20000,experiment_v1_4/phase_archives/P7/v1_4_p7_return_1790455082926962917.zip::runs/seed2_l11_sae_k16_s0/semantic.json,0,test,h reconstruction,sae,0.58203125
,,,fidelity,f9f496b5b5d55bed9f0efc1f3694f91486a1cae97c14af6091f8fe91ec235ec4,,,point estimate; empirical LM/sparse ranges reported separately,h,16,"[16.0,16.0,16.0,16.0,16.0,16.0]",11,2,inactive_count,seed2_l11_sae_k16_s0,P7,READ,20000,experiment_v1_4/phase_archives/P7/v1_4_p7_return_1790455082926962917.zip::runs/seed2_l11_sae_k16_s0/semantic.json,0,test,h reconstruction,sae,298
,,,fidelity,f9f496b5b5d55bed9f0efc1f3694f91486a1cae97c14af6091f8fe91ec235ec4,,,point estimate; empirical LM/sparse ranges reported separately,h,16,"[16.0,16.0,16.0,16.0,16.0,16.0]",11,2,l0_mean,seed2_l11_sae_k16_s0,P7,READ,20000,experiment_v1_4/phase_archives/P7/v1_4_p7_return_1790455082926962917.zip::runs/seed2_l11_sae_k16_s0/semantic.json,0,test,h reconstruction,sae,16.0
,,,fidelity,f9f496b5b5d55bed9f0efc1f3694f91486a1cae97c14af6091f8fe91ec235ec4,,,point estimate; empirical LM/sparse ranges reported separately,h,16,"[16.0,16.0,16.0,16.0,16.0,16.0]",11,2,l0_median,seed2_l11_sae_k16_s0,P7,READ,20000,experiment_v1_4/phase_archives/P7/v1_4_p7_return_1790455082926962917.zip::runs/seed2_l11_sae_k16_s0/semantic.json,0,test,h reconstruction,sae,16.0
,,,fidelity,f9f496b5b5d55bed9f0efc1f3694f91486a1cae97c14af6091f8fe91ec235ec4,,,point estimate; empirical LM/sparse ranges reported separately,h,16,"[16.0,16.0,16.0,16.0,16.0,16.0]",11,2,dead_fraction,seed2_l11_sae_k16_s0,P7,READ,20000,experiment_v1_4/phase_archives/P7/v1_4_p7_return_1790455082926962917.zip::runs/seed2_l11_sae_k16_s0/semantic.json,0,test,h reconstruction,sae,0.556640625
1000,11287103959699088056,1000,replacement,f9f496b5b5d55bed9f0efc1f3694f91486a1cae97c14af6091f8fe91ec235ec4,0.0012973279433207252,4.625419767464445e-05,,h,16,,11,2,original_ce,seed2_l11_sae_k16_s0,P7,READ,2048,experiment_v1_4/phase_archives/P7/v1_4_p7_return_1790455082926962917.zip::runs/seed2_l11_sae_k16_s0/summary.json,0,behavior_test,h reconstruction,sae,0.0005009129911175414
1000,11287103959699088056,1000,replacement,f9f496b5b5d55bed9f0efc1f3694f91486a1cae97c14af6091f8fe91ec235ec4,0.0013698416083827824,4.509256392569716e-05,,h,16,,11,2,patched_ce,seed2_l11_sae_k16_s0,P7,READ,2048,experiment_v1_4/phase_archives/P7/v1_4_p7_return_1790455082926962917.zip::runs/seed2_l11_sae_k16_s0/summary.json,0,behavior_test,h reconstruction,sae,0.0005307150841766806
1000,11287103959699088056,1000,replacement,f9f496b5b5d55bed9f0efc1f3694f91486a1cae97c14af6091f8fe91ec235ec4,8.013270581566089e-05,-3.0669348699330356e-06,,h,16,,11,2,delta_ce,seed2_l11_sae_k16_s0,P7,READ,2048,experiment_v1_4/phase_archives/P7/v1_4_p7_return_1790455082926962917.zip::runs/seed2_l11_sae_k16_s0/summary.json,0,behavior_test,h reconstruction,sae,2.9802093059139168e-05
1000,11287103959699088056,1000,replacement,f9f496b5b5d55bed9f0efc1f3694f91486a1cae97c14af6091f8fe91ec235ec4,1.0,0.99853515625,,h,16,,11,2,original_accuracy,seed2_l11_sae_k16_s0,P7,READ,2048,experiment_v1_4/phase_archives/P7/v1_4_p7_return_1790455082926962917.zip::runs/seed2_l11_sae_k16_s0/summary.json,0,behavior_test,h reconstruction,sae,0.99951171875
1000,11287103959699088056,1000,replacement,f9f496b5b5d55bed9f0efc1f3694f91486a1cae97c14af6091f8fe91ec235ec4,1.0,0.99853515625,,h,16,,11,2,patched_accuracy,seed2_l11_sae_k16_s0,P7,READ,2048,experiment_v1_4/phase_archives/P7/v1_4_p7_return_1790455082926962917.zip::runs/seed2_l11_sae_k16_s0/summary.json,0,behavior_test,h reconstruction,sae,0.99951171875
1000,11287103959699088056,1000,replacement,f9f496b5b5d55bed9f0efc1f3694f91486a1cae97c14af6091f8fe91ec235ec4,0.0,0.0,,h,16,,11,2,delta_accuracy,seed2_l11_sae_k16_s0,P7,READ,2048,experiment_v1_4/phase_archives/P7/v1_4_p7_return_1790455082926962917.zip::runs/seed2_l11_sae_k16_s0/summary.json,0,behavior_test,h reconstruction,sae,0.0
,,,fidelity,76d86f1a83bde7f8f6389684cd2a3913c923e21ccfbe42e40d3255385a9982b1,,,point estimate; empirical LM/sparse ranges reported separately,u_to_m,4,"[3.0,4.0,4.0,4.0,4.0,4.0]",0,0,mse,seed0_l0_tc_k4_s0,P8,READ,50000,experiment_v1_4/phase_archives/P8/P8_evaluation_raw.zip::runs/seed0_l0_tc_k4_s0/semantic.json,0,train,m prediction from u,tc,0.0011770744217598776
,,,fidelity,76d86f1a83bde7f8f6389684cd2a3913c923e21ccfbe42e40d3255385a9982b1,,,point estimate; empirical LM/sparse ranges reported separately,u_to_m,4,"[3.0,4.0,4.0,4.0,4.0,4.0]",0,0,nmse,seed0_l0_tc_k4_s0,P8,READ,50000,experiment_v1_4/phase_archives/P8/P8_evaluation_raw.zip::runs/seed0_l0_tc_k4_s0/semantic.json,0,train,m prediction from u,tc,0.0011770743379496485
,,,fidelity,76d86f1a83bde7f8f6389684cd2a3913c923e21ccfbe42e40d3255385a9982b1,,,point estimate; empirical LM/sparse ranges reported separately,u_to_m,4,"[3.0,4.0,4.0,4.0,4.0,4.0]",0,0,r2,seed0_l0_tc_k4_s0,P8,READ,50000,experiment_v1_4/phase_archives/P8/P8_evaluation_raw.zip::runs/seed0_l0_tc_k4_s0/semantic.json,0,train,m prediction from u,tc,0.9988229256620503
,,,fidelity,76d86f1a83bde7f8f6389684cd2a3913c923e21ccfbe42e40d3255385a9982b1,,,point estimate; empirical LM/sparse ranges reported separately,u_to_m,4,"[3.0,4.0,4.0,4.0,4.0,4.0]",0,0,ev,seed0_l0_tc_k4_s0,P8,READ,50000,experiment_v1_4/phase_archives/P8/P8_evaluation_raw.zip::runs/seed0_l0_tc_k4_s0/semantic.json,0,train,m prediction from u,tc,0.9988277176517665
,,,fidelity,76d86f1a83bde7f8f6389684cd2a3913c923e21ccfbe42e40d3255385a9982b1,,,point estimate; empirical LM/sparse ranges reported separately,u_to_m,4,"[3.0,4.0,4.0,4.0,4.0,4.0]",0,0,inactive_fraction,seed0_l0_tc_k4_s0,P8,READ,50000,experiment_v1_4/phase_archives/P8/P8_evaluation_raw.zip::runs/seed0_l0_tc_k4_s0/semantic.json,0,train,m prediction from u,tc,0.7890625
,,,fidelity,76d86f1a83bde7f8f6389684cd2a3913c923e21ccfbe42e40d3255385a9982b1,,,point estimate; empirical LM/sparse ranges reported separately,u_to_m,4,"[3.0,4.0,4.0,4.0,4.0,4.0]",0,0,inactive_count,seed0_l0_tc_k4_s0,P8,READ,50000,experiment_v1_4/phase_archives/P8/P8_evaluation_raw.zip::runs/seed0_l0_tc_k4_s0/semantic.json,0,train,m prediction from u,tc,404
,,,fidelity,76d86f1a83bde7f8f6389684cd2a3913c923e21ccfbe42e40d3255385a9982b1,,,point estimate; empirical LM/sparse ranges reported separately,u_to_m,4,"[3.0,4.0,4.0,4.0,4.0,4.0]",0,0,l0_mean,seed0_l0_tc_k4_s0,P8,READ,50000,experiment_v1_4/phase_archives/P8/P8_evaluation_raw.zip::runs/seed0_l0_tc_k4_s0/semantic.json,0,train,m prediction from u,tc,3.99974
,,,fidelity,76d86f1a83bde7f8f6389684cd2a3913c923e21ccfbe42e40d3255385a9982b1,,,point estimate; empirical LM/sparse ranges reported separately,u_to_m,4,"[3.0,4.0,4.0,4.0,4.0,4.0]",0,0,l0_median,seed0_l0_tc_k4_s0,P8,READ,50000,experiment_v1_4/phase_archives/P8/P8_evaluation_raw.zip::runs/seed0_l0_tc_k4_s0/semantic.json,0,train,m prediction from u,tc,4.0
,,,fidelity,76d86f1a83bde7f8f6389684cd2a3913c923e21ccfbe42e40d3255385a9982b1,,,point estimate; empirical LM/sparse ranges reported separately,u_to_m,4,"[3.0,4.0,4.0,4.0,4.0,4.0]",0,0,dead_fraction,seed0_l0_tc_k4_s0,P8,READ,50000,experiment_v1_4/phase_archives/P8/P8_evaluation_raw.zip::runs/seed0_l0_tc_k4_s0/semantic.json,0,train,m prediction from u,tc,0.7890625
,,,fidelity,76d86f1a83bde7f8f6389684cd2a3913c923e21ccfbe42e40d3255385a9982b1,,,point estimate; empirical LM/sparse ranges reported separately,u_to_m,4,"[3.0,4.0,4.0,4.0,4.0,4.0]",0,0,mse,seed0_l0_tc_k4_s0,P8,READ,10000,experiment_v1_4/phase_archives/P8/P8_evaluation_raw.zip::runs/seed0_l0_tc_k4_s0/semantic.json,0,val,m prediction from u,tc,0.0012095591795216753
,,,fidelity,76d86f1a83bde7f8f6389684cd2a3913c923e21ccfbe42e40d3255385a9982b1,,,point estimate; empirical LM/sparse ranges reported separately,u_to_m,4,"[3.0,4.0,4.0,4.0,4.0,4.0]",0,0,nmse,seed0_l0_tc_k4_s0,P8,READ,10000,experiment_v1_4/phase_archives/P8/P8_evaluation_raw.zip::runs/seed0_l0_tc_k4_s0/semantic.json,0,val,m prediction from u,tc,0.0012079168158531416
,,,fidelity,76d86f1a83bde7f8f6389684cd2a3913c923e21ccfbe42e40d3255385a9982b1,,,point estimate; empirical LM/sparse ranges reported separately,u_to_m,4,"[3.0,4.0,4.0,4.0,4.0,4.0]",0,0,r2,seed0_l0_tc_k4_s0,P8,READ,10000,experiment_v1_4/phase_archives/P8/P8_evaluation_raw.zip::runs/seed0_l0_tc_k4_s0/semantic.json,0,val,m prediction from u,tc,0.9987919163172896
,,,fidelity,76d86f1a83bde7f8f6389684cd2a3913c923e21ccfbe42e40d3255385a9982b1,,,point estimate; empirical LM/sparse ranges reported separately,u_to_m,4,"[3.0,4.0,4.0,4.0,4.0,4.0]",0,0,ev,seed0_l0_tc_k4_s0,P8,READ,10000,experiment_v1_4/phase_archives/P8/P8_evaluation_raw.zip::runs/seed0_l0_tc_k4_s0/semantic.json,0,val,m prediction from u,tc,0.998797176334578
,,,fidelity,76d86f1a83bde7f8f6389684cd2a3913c923e21ccfbe42e40d3255385a9982b1,,,point estimate; empirical LM/sparse ranges reported separately,u_to_m,4,"[3.0,4.0,4.0,4.0,4.0,4.0]",0,0,inactive_fraction,seed0_l0_tc_k4_s0,P8,READ,10000,experiment_v1_4/phase_archives/P8/P8_evaluation_raw.zip::runs/seed0_l0_tc_k4_s0/semantic.json,0,val,m prediction from u,tc,0.8515625
,,,fidelity,76d86f1a83bde7f8f6389684cd2a3913c923e21ccfbe42e40d3255385a9982b1,,,point estimate; empirical LM/sparse ranges reported separately,u_to_m,4,"[3.0,4.0,4.0,4.0,4.0,4.0]",0,0,inactive_count,seed0_l0_tc_k4_s0,P8,READ,10000,experiment_v1_4/phase_archives/P8/P8_evaluation_raw.zip::runs/seed0_l0_tc_k4_s0/semantic.json,0,val,m prediction from u,tc,436
,,,fidelity,76d86f1a83bde7f8f6389684cd2a3913c923e21ccfbe42e40d3255385a9982b1,,,point estimate; empirical LM/sparse ranges reported separately,u_to_m,4,"[3.0,4.0,4.0,4.0,4.0,4.0]",0,0,l0_mean,seed0_l0_tc_k4_s0,P8,READ,10000,experiment_v1_4/phase_archives/P8/P8_evaluation_raw.zip::runs/seed0_l0_tc_k4_s0/semantic.json,0,val,m prediction from u,tc,3.9995
,,,fidelity,76d86f1a83bde7f8f6389684cd2a3913c923e21ccfbe42e40d3255385a9982b1,,,point estimate; empirical LM/sparse ranges reported separately,u_to_m,4,"[3.0,4.0,4.0,4.0,4.0,4.0]",0,0,l0_median,seed0_l0_tc_k4_s0,P8,READ,10000,experiment_v1_4/phase_archives/P8/P8_evaluation_raw.zip::runs/seed0_l0_tc_k4_s0/semantic.json,0,val,m prediction from u,tc,4.0
,,,fidelity,76d86f1a83bde7f8f6389684cd2a3913c923e21ccfbe42e40d3255385a9982b1,,,point estimate; empirical LM/sparse ranges reported separately,u_to_m,4,"[3.0,4.0,4.0,4.0,4.0,4.0]",0,0,dead_fraction,seed0_l0_tc_k4_s0,P8,READ,10000,experiment_v1_4/phase_archives/P8/P8_evaluation_raw.zip::runs/seed0_l0_tc_k4_s0/semantic.json,0,val,m prediction from u,tc,0.7890625
,,,fidelity,76d86f1a83bde7f8f6389684cd2a3913c923e21ccfbe42e40d3255385a9982b1,,,point estimate; empirical LM/sparse ranges reported separately,u_to_m,4,"[3.0,4.0,4.0,4.0,4.0,4.0]",0,0,mse,seed0_l0_tc_k4_s0,P8,READ,20000,experiment_v1_4/phase_archives/P8/P8_evaluation_raw.zip::runs/seed0_l0_tc_k4_s0/semantic.json,0,test,m prediction from u,tc,0.0011789017450028146
,,,fidelity,76d86f1a83bde7f8f6389684cd2a3913c923e21ccfbe42e40d3255385a9982b1,,,point estimate; empirical LM/sparse ranges reported separately,u_to_m,4,"[3.0,4.0,4.0,4.0,4.0,4.0]",0,0,nmse,seed0_l0_tc_k4_s0,P8,READ,20000,experiment_v1_4/phase_archives/P8/P8_evaluation_raw.zip::runs/seed0_l0_tc_k4_s0/semantic.json,0,test,m prediction from u,tc,0.001178695920668321
,,,fidelity,76d86f1a83bde7f8f6389684cd2a3913c923e21ccfbe42e40d3255385a9982b1,,,point estimate; empirical LM/sparse ranges reported separately,u_to_m,4,"[3.0,4.0,4.0,4.0,4.0,4.0]",0,0,r2,seed0_l0_tc_k4_s0,P8,READ,20000,experiment_v1_4/phase_archives/P8/P8_evaluation_raw.zip::runs/seed0_l0_tc_k4_s0/semantic.json,0,test,m prediction from u,tc,0.9988212774318357
,,,fidelity,76d86f1a83bde7f8f6389684cd2a3913c923e21ccfbe42e40d3255385a9982b1,,,point estimate; empirical LM/sparse ranges reported separately,u_to_m,4,"[3.0,4.0,4.0,4.0,4.0,4.0]",0,0,ev,seed0_l0_tc_k4_s0,P8,READ,20000,experiment_v1_4/phase_archives/P8/P8_evaluation_raw.zip::runs/seed0_l0_tc_k4_s0/semantic.json,0,test,m prediction from u,tc,0.9988265152226355
,,,fidelity,76d86f1a83bde7f8f6389684cd2a3913c923e21ccfbe42e40d3255385a9982b1,,,point estimate; empirical LM/sparse ranges reported separately,u_to_m,4,"[3.0,4.0,4.0,4.0,4.0,4.0]",0,0,inactive_fraction,seed0_l0_tc_k4_s0,P8,READ,20000,experiment_v1_4/phase_archives/P8/P8_evaluation_raw.zip::runs/seed0_l0_tc_k4_s0/semantic.json,0,test,m prediction from u,tc,0.81640625
,,,fidelity,76d86f1a83bde7f8f6389684cd2a3913c923e21ccfbe42e40d3255385a9982b1,,,point estimate; empirical LM/sparse ranges reported separately,u_to_m,4,"[3.0,4.0,4.0,4.0,4.0,4.0]",0,0,inactive_count,seed0_l0_tc_k4_s0,P8,READ,20000,experiment_v1_4/phase_archives/P8/P8_evaluation_raw.zip::runs/seed0_l0_tc_k4_s0/semantic.json,0,test,m prediction from u,tc,418
,,,fidelity,76d86f1a83bde7f8f6389684cd2a3913c923e21ccfbe42e40d3255385a9982b1,,,point estimate; empirical LM/sparse ranges reported separately,u_to_m,4,"[3.0,4.0,4.0,4.0,4.0,4.0]",0,0,l0_mean,seed0_l0_tc_k4_s0,P8,READ,20000,experiment_v1_4/phase_archives/P8/P8_evaluation_raw.zip::runs/seed0_l0_tc_k4_s0/semantic.json,0,test,m prediction from u,tc,3.9994
,,,fidelity,76d86f1a83bde7f8f6389684cd2a3913c923e21ccfbe42e40d3255385a9982b1,,,point estimate; empirical LM/sparse ranges reported separately,u_to_m,4,"[3.0,4.0,4.0,4.0,4.0,4.0]",0,0,l0_median,seed0_l0_tc_k4_s0,P8,READ,20000,experiment_v1_4/phase_archives/P8/P8_evaluation_raw.zip::runs/seed0_l0_tc_k4_s0/semantic.json,0,test,m prediction from u,tc,4.0
,,,fidelity,76d86f1a83bde7f8f6389684cd2a3913c923e21ccfbe42e40d3255385a9982b1,,,point estimate; empirical LM/sparse ranges reported separately,u_to_m,4,"[3.0,4.0,4.0,4.0,4.0,4.0]",0,0,dead_fraction,seed0_l0_tc_k4_s0,P8,READ,20000,experiment_v1_4/phase_archives/P8/P8_evaluation_raw.zip::runs/seed0_l0_tc_k4_s0/semantic.json,0,test,m prediction from u,tc,0.7890625
1000,2046613980460003004,1000,replacement,76d86f1a83bde7f8f6389684cd2a3913c923e21ccfbe42e40d3255385a9982b1,0.0006276997124625038,0.00017929626803496744,,u_to_m,4,,0,0,original_ce,seed0_l0_tc_k4_s0,P8,READ,2048,experiment_v1_4/phase_archives/P8/P8_evaluation_raw.zip::runs/seed0_l0_tc_k4_s0/summary.json,0,behavior_test,m prediction from u,tc,0.00037435924538775645
1000,2046613980460003004,1000,replacement,76d86f1a83bde7f8f6389684cd2a3913c923e21ccfbe42e40d3255385a9982b1,0.0006278681636201932,0.0001822614158310476,,u_to_m,4,,0,0,patched_ce,seed0_l0_tc_k4_s0,P8,READ,2048,experiment_v1_4/phase_archives/P8/P8_evaluation_raw.zip::runs/seed0_l0_tc_k4_s0/summary.json,0,behavior_test,m prediction from u,tc,0.0003786305812261137
1000,2046613980460003004,1000,replacement,76d86f1a83bde7f8f6389684cd2a3913c923e21ccfbe42e40d3255385a9982b1,1.2772334094446333e-05,-2.1689278160985648e-06,,u_to_m,4,,0,0,delta_ce,seed0_l0_tc_k4_s0,P8,READ,2048,experiment_v1_4/phase_archives/P8/P8_evaluation_raw.zip::runs/seed0_l0_tc_k4_s0/summary.json,0,behavior_test,m prediction from u,tc,4.27133583835726e-06
1000,2046613980460003004,1000,replacement,76d86f1a83bde7f8f6389684cd2a3913c923e21ccfbe42e40d3255385a9982b1,1.0,1.0,,u_to_m,4,,0,0,original_accuracy,seed0_l0_tc_k4_s0,P8,READ,2048,experiment_v1_4/phase_archives/P8/P8_evaluation_raw.zip::runs/seed0_l0_tc_k4_s0/summary.json,0,behavior_test,m prediction from u,tc,1.0
1000,2046613980460003004,1000,replacement,76d86f1a83bde7f8f6389684cd2a3913c923e21ccfbe42e40d3255385a9982b1,1.0,1.0,,u_to_m,4,,0,0,patched_accuracy,seed0_l0_tc_k4_s0,P8,READ,2048,experiment_v1_4/phase_archives/P8/P8_evaluation_raw.zip::runs/seed0_l0_tc_k4_s0/summary.json,0,behavior_test,m prediction from u,tc,1.0
1000,2046613980460003004,1000,replacement,76d86f1a83bde7f8f6389684cd2a3913c923e21ccfbe42e40d3255385a9982b1,0.0,0.0,,u_to_m,4,,0,0,delta_accuracy,seed0_l0_tc_k4_s0,P8,READ,2048,experiment_v1_4/phase_archives/P8/P8_evaluation_raw.zip::runs/seed0_l0_tc_k4_s0/summary.json,0,behavior_test,m prediction from u,tc,0.0
,,,fidelity,76d86f1a83bde7f8f6389684cd2a3913c923e21ccfbe42e40d3255385a9982b1,,,point estimate; empirical LM/sparse ranges reported separately,u_to_m,16,"[14.0,16.0,16.0,16.0,16.0,16.0]",0,0,mse,seed0_l0_tc_k16_s0,P8,READ,50000,experiment_v1_4/phase_archives/P8/P8_evaluation_raw.zip::runs/seed0_l0_tc_k16_s0/semantic.json,0,train,m prediction from u,tc,0.00039953786253528245
,,,fidelity,76d86f1a83bde7f8f6389684cd2a3913c923e21ccfbe42e40d3255385a9982b1,,,point estimate; empirical LM/sparse ranges reported separately,u_to_m,16,"[14.0,16.0,16.0,16.0,16.0,16.0]",0,0,nmse,seed0_l0_tc_k16_s0,P8,READ,50000,experiment_v1_4/phase_archives/P8/P8_evaluation_raw.zip::runs/seed0_l0_tc_k16_s0/semantic.json,0,train,m prediction from u,tc,0.00039953783408732774
,,,fidelity,76d86f1a83bde7f8f6389684cd2a3913c923e21ccfbe42e40d3255385a9982b1,,,point estimate; empirical LM/sparse ranges reported separately,u_to_m,16,"[14.0,16.0,16.0,16.0,16.0,16.0]",0,0,r2,seed0_l0_tc_k16_s0,P8,READ,50000,experiment_v1_4/phase_archives/P8/P8_evaluation_raw.zip::runs/seed0_l0_tc_k16_s0/semantic.json,0,train,m prediction from u,tc,0.9996004621659127
,,,fidelity,76d86f1a83bde7f8f6389684cd2a3913c923e21ccfbe42e40d3255385a9982b1,,,point estimate; empirical LM/sparse ranges reported separately,u_to_m,16,"[14.0,16.0,16.0,16.0,16.0,16.0]",0,0,ev,seed0_l0_tc_k16_s0,P8,READ,50000,experiment_v1_4/phase_archives/P8/P8_evaluation_raw.zip::runs/seed0_l0_tc_k16_s0/semantic.json,0,train,m prediction from u,tc,0.9996036520322736
,,,fidelity,76d86f1a83bde7f8f6389684cd2a3913c923e21ccfbe42e40d3255385a9982b1,,,point estimate; empirical LM/sparse ranges reported separately,u_to_m,16,"[14.0,16.0,16.0,16.0,16.0,16.0]",0,0,inactive_fraction,seed0_l0_tc_k16_s0,P8,READ,50000,experiment_v1_4/phase_archives/P8/P8_evaluation_raw.zip::runs/seed0_l0_tc_k16_s0/semantic.json,0,train,m prediction from u,tc,0.443359375
,,,fidelity,76d86f1a83bde7f8f6389684cd2a3913c923e21ccfbe42e40d3255385a9982b1,,,point estimate; empirical LM/sparse ranges reported separately,u_to_m,16,"[14.0,16.0,16.0,16.0,16.0,16.0]",0,0,inactive_count,seed0_l0_tc_k16_s0,P8,READ,50000,experiment_v1_4/phase_archives/P8/P8_evaluation_raw.zip::runs/seed0_l0_tc_k16_s0/semantic.json,0,train,m prediction from u,tc,227
,,,fidelity,76d86f1a83bde7f8f6389684cd2a3913c923e21ccfbe42e40d3255385a9982b1,,,point estimate; empirical LM/sparse ranges reported separately,u_to_m,16,"[14.0,16.0,16.0,16.0,16.0,16.0]",0,0,l0_mean,seed0_l0_tc_k16_s0,P8,READ,50000,experiment_v1_4/phase_archives/P8/P8_evaluation_raw.zip::runs/seed0_l0_tc_k16_s0/semantic.json,0,train,m prediction from u,tc,15.96798
,,,fidelity,76d86f1a83bde7f8f6389684cd2a3913c923e21ccfbe42e40d3255385a9982b1,,,point estimate; empirical LM/sparse ranges reported separately,u_to_m,16,"[14.0,16.0,16.0,16.0,16.0,16.0]",0,0,l0_median,seed0_l0_tc_k16_s0,P8,READ,50000,experiment_v1_4/phase_archives/P8/P8_evaluation_raw.zip::runs/seed0_l0_tc_k16_s0/semantic.json,0,train,m prediction from u,tc,16.0
,,,fidelity,76d86f1a83bde7f8f6389684cd2a3913c923e21ccfbe42e40d3255385a9982b1,,,point estimate; empirical LM/sparse ranges reported separately,u_to_m,16,"[14.0,16.0,16.0,16.0,16.0,16.0]",0,0,dead_fraction,seed0_l0_tc_k16_s0,P8,READ,50000,experiment_v1_4/phase_archives/P8/P8_evaluation_raw.zip::runs/seed0_l0_tc_k16_s0/semantic.json,0,train,m prediction from u,tc,0.443359375
,,,fidelity,76d86f1a83bde7f8f6389684cd2a3913c923e21ccfbe42e40d3255385a9982b1,,,point estimate; empirical LM/sparse ranges reported separately,u_to_m,16,"[14.0,16.0,16.0,16.0,16.0,16.0]",0,0,mse,seed0_l0_tc_k16_s0,P8,READ,10000,experiment_v1_4/phase_archives/P8/P8_evaluation_raw.zip::runs/seed0_l0_tc_k16_s0/semantic.json,0,val,m prediction from u,tc,0.0004091154654893992
,,,fidelity,76d86f1a83bde7f8f6389684cd2a3913c923e21ccfbe42e40d3255385a9982b1,,,point estimate; empirical LM/sparse ranges reported separately,u_to_m,16,"[14.0,16.0,16.0,16.0,16.0,16.0]",0,0,nmse,seed0_l0_tc_k16_s0,P8,READ,10000,experiment_v1_4/phase_archives/P8/P8_evaluation_raw.zip::runs/seed0_l0_tc_k16_s0/semantic.json,0,val,m prediction from u,tc,0.00040855996032013517
,,,fidelity,76d86f1a83bde7f8f6389684cd2a3913c923e21ccfbe42e40d3255385a9982b1,,,point estimate; empirical LM/sparse ranges reported separately,u_to_m,16,"[14.0,16.0,16.0,16.0,16.0,16.0]",0,0,r2,seed0_l0_tc_k16_s0,P8,READ,10000,experiment_v1_4/phase_archives/P8/P8_evaluation_raw.zip::runs/seed0_l0_tc_k16_s0/semantic.json,0,val,m prediction from u,tc,0.9995913835994386
,,,fidelity,76d86f1a83bde7f8f6389684cd2a3913c923e21ccfbe42e40d3255385a9982b1,,,point estimate; empirical LM/sparse ranges reported separately,u_to_m,16,"[14.0,16.0,16.0,16.0,16.0,16.0]",0,0,ev,seed0_l0_tc_k16_s0,P8,READ,10000,experiment_v1_4/phase_archives/P8/P8_evaluation_raw.zip::runs/seed0_l0_tc_k16_s0/semantic.json,0,val,m prediction from u,tc,0.9995949373176759
,,,fidelity,76d86f1a83bde7f8f6389684cd2a3913c923e21ccfbe42e40d3255385a9982b1,,,point estimate; empirical LM/sparse ranges reported separately,u_to_m,16,"[14.0,16.0,16.0,16.0,16.0,16.0]",0,0,inactive_fraction,seed0_l0_tc_k16_s0,P8,READ,10000,experiment_v1_4/phase_archives/P8/P8_evaluation_raw.zip::runs/seed0_l0_tc_k16_s0/semantic.json,0,val,m prediction from u,tc,0.599609375
,,,fidelity,76d86f1a83bde7f8f6389684cd2a3913c923e21ccfbe42e40d3255385a9982b1,,,point estimate; empirical LM/sparse ranges reported separately,u_to_m,16,"[14.0,16.0,16.0,16.0,16.0,16.0]",0,0,inactive_count,seed0_l0_tc_k16_s0,P8,READ,10000,experiment_v1_4/phase_archives/P8/P8_evaluation_raw.zip::runs/seed0_l0_tc_k16_s0/semantic.json,0,val,m prediction from u,tc,307
,,,fidelity,76d86f1a83bde7f8f6389684cd2a3913c923e21ccfbe42e40d3255385a9982b1,,,point estimate; empirical LM/sparse ranges reported separately,u_to_m,16,"[14.0,16.0,16.0,16.0,16.0,16.0]",0,0,l0_mean,seed0_l0_tc_k16_s0,P8,READ,10000,experiment_v1_4/phase_archives/P8/P8_evaluation_raw.zip::runs/seed0_l0_tc_k16_s0/semantic.json,0,val,m prediction from u,tc,15.9678
,,,fidelity,76d86f1a83bde7f8f6389684cd2a3913c923e21ccfbe42e40d3255385a9982b1,,,point estimate; empirical LM/sparse ranges reported separately,u_to_m,16,"[14.0,16.0,16.0,16.0,16.0,16.0]",0,0,l0_median,seed0_l0_tc_k16_s0,P8,READ,10000,experiment_v1_4/phase_archives/P8/P8_evaluation_raw.zip::runs/seed0_l0_tc_k16_s0/semantic.json,0,val,m prediction from u,tc,16.0
,,,fidelity,76d86f1a83bde7f8f6389684cd2a3913c923e21ccfbe42e40d3255385a9982b1,,,point estimate; empirical LM/sparse ranges reported separately,u_to_m,16,"[14.0,16.0,16.0,16.0,16.0,16.0]",0,0,dead_fraction,seed0_l0_tc_k16_s0,P8,READ,10000,experiment_v1_4/phase_archives/P8/P8_evaluation_raw.zip::runs/seed0_l0_tc_k16_s0/semantic.json,0,val,m prediction from u,tc,0.443359375
,,,fidelity,76d86f1a83bde7f8f6389684cd2a3913c923e21ccfbe42e40d3255385a9982b1,,,point estimate; empirical LM/sparse ranges reported separately,u_to_m,16,"[14.0,16.0,16.0,16.0,16.0,16.0]",0,0,mse,seed0_l0_tc_k16_s0,P8,READ,20000,experiment_v1_4/phase_archives/P8/P8_evaluation_raw.zip::runs/seed0_l0_tc_k16_s0/semantic.json,0,test,m prediction from u,tc,0.0004038854742041706
,,,fidelity,76d86f1a83bde7f8f6389684cd2a3913c923e21ccfbe42e40d3255385a9982b1,,,point estimate; empirical LM/sparse ranges reported separately,u_to_m,16,"[14.0,16.0,16.0,16.0,16.0,16.0]",0,0,nmse,seed0_l0_tc_k16_s0,P8,READ,20000,experiment_v1_4/phase_archives/P8/P8_evaluation_raw.zip::runs/seed0_l0_tc_k16_s0/semantic.json,0,test,m prediction from u,tc,0.0004038149598807403
,,,fidelity,76d86f1a83bde7f8f6389684cd2a3913c923e21ccfbe42e40d3255385a9982b1,,,point estimate; empirical LM/sparse ranges reported separately,u_to_m,16,"[14.0,16.0,16.0,16.0,16.0,16.0]",0,0,r2,seed0_l0_tc_k16_s0,P8,READ,20000,experiment_v1_4/phase_archives/P8/P8_evaluation_raw.zip::runs/seed0_l0_tc_k16_s0/semantic.json,0,test,m prediction from u,tc,0.9995961759108287
,,,fidelity,76d86f1a83bde7f8f6389684cd2a3913c923e21ccfbe42e40d3255385a9982b1,,,point estimate; empirical LM/sparse ranges reported separately,u_to_m,16,"[14.0,16.0,16.0,16.0,16.0,16.0]",0,0,ev,seed0_l0_tc_k16_s0,P8,READ,20000,experiment_v1_4/phase_archives/P8/P8_evaluation_raw.zip::runs/seed0_l0_tc_k16_s0/semantic.json,0,test,m prediction from u,tc,0.9995995055521368
,,,fidelity,76d86f1a83bde7f8f6389684cd2a3913c923e21ccfbe42e40d3255385a9982b1,,,point estimate; empirical LM/sparse ranges reported separately,u_to_m,16,"[14.0,16.0,16.0,16.0,16.0,16.0]",0,0,inactive_fraction,seed0_l0_tc_k16_s0,P8,READ,20000,experiment_v1_4/phase_archives/P8/P8_evaluation_raw.zip::runs/seed0_l0_tc_k16_s0/semantic.json,0,test,m prediction from u,tc,0.505859375
,,,fidelity,76d86f1a83bde7f8f6389684cd2a3913c923e21ccfbe42e40d3255385a9982b1,,,point estimate; empirical LM/sparse ranges reported separately,u_to_m,16,"[14.0,16.0,16.0,16.0,16.0,16.0]",0,0,inactive_count,seed0_l0_tc_k16_s0,P8,READ,20000,experiment_v1_4/phase_archives/P8/P8_evaluation_raw.zip::runs/seed0_l0_tc_k16_s0/semantic.json,0,test,m prediction from u,tc,259
,,,fidelity,76d86f1a83bde7f8f6389684cd2a3913c923e21ccfbe42e40d3255385a9982b1,,,point estimate; empirical LM/sparse ranges reported separately,u_to_m,16,"[14.0,16.0,16.0,16.0,16.0,16.0]",0,0,l0_mean,seed0_l0_tc_k16_s0,P8,READ,20000,experiment_v1_4/phase_archives/P8/P8_evaluation_raw.zip::runs/seed0_l0_tc_k16_s0/semantic.json,0,test,m prediction from u,tc,15.96885
,,,fidelity,76d86f1a83bde7f8f6389684cd2a3913c923e21ccfbe42e40d3255385a9982b1,,,point estimate; empirical LM/sparse ranges reported separately,u_to_m,16,"[14.0,16.0,16.0,16.0,16.0,16.0]",0,0,l0_median,seed0_l0_tc_k16_s0,P8,READ,20000,experiment_v1_4/phase_archives/P8/P8_evaluation_raw.zip::runs/seed0_l0_tc_k16_s0/semantic.json,0,test,m prediction from u,tc,16.0
,,,fidelity,76d86f1a83bde7f8f6389684cd2a3913c923e21ccfbe42e40d3255385a9982b1,,,point estimate; empirical LM/sparse ranges reported separately,u_to_m,16,"[14.0,16.0,16.0,16.0,16.0,16.0]",0,0,dead_fraction,seed0_l0_tc_k16_s0,P8,READ,20000,experiment_v1_4/phase_archives/P8/P8_evaluation_raw.zip::runs/seed0_l0_tc_k16_s0/semantic.json,0,test,m prediction from u,tc,0.443359375
1000,4989136918441523821,1000,replacement,76d86f1a83bde7f8f6389684cd2a3913c923e21ccfbe42e40d3255385a9982b1,0.0006336775432930874,0.00017243180095666833,,u_to_m,16,,0,0,original_ce,seed0_l0_tc_k16_s0,P8,READ,2048,experiment_v1_4/phase_archives/P8/P8_evaluation_raw.zip::runs/seed0_l0_tc_k16_s0/summary.json,0,behavior_test,m prediction from u,tc,0.00037435924538775645
1000,4989136918441523821,1000,replacement,76d86f1a83bde7f8f6389684cd2a3913c923e21ccfbe42e40d3255385a9982b1,0.0006385019548708847,0.00017281087337119304,,u_to_m,16,,0,0,patched_ce,seed0_l0_tc_k16_s0,P8,READ,2048,experiment_v1_4/phase_archives/P8/P8_evaluation_raw.zip::runs/seed0_l0_tc_k16_s0/summary.json,0,behavior_test,m prediction from u,tc,0.00037750546948411845
1000,4989136918441523821,1000,replacement,76d86f1a83bde7f8f6389684cd2a3913c923e21ccfbe42e40d3255385a9982b1,6.783821990341554e-06,3.787208343375426e-07,,u_to_m,16,,0,0,delta_ce,seed0_l0_tc_k16_s0,P8,READ,2048,experiment_v1_4/phase_archives/P8/P8_evaluation_raw.zip::runs/seed0_l0_tc_k16_s0/summary.json,0,behavior_test,m prediction from u,tc,3.1462240963620047e-06
1000,4989136918441523821,1000,replacement,76d86f1a83bde7f8f6389684cd2a3913c923e21ccfbe42e40d3255385a9982b1,1.0,1.0,,u_to_m,16,,0,0,original_accuracy,seed0_l0_tc_k16_s0,P8,READ,2048,experiment_v1_4/phase_archives/P8/P8_evaluation_raw.zip::runs/seed0_l0_tc_k16_s0/summary.json,0,behavior_test,m prediction from u,tc,1.0
1000,4989136918441523821,1000,replacement,76d86f1a83bde7f8f6389684cd2a3913c923e21ccfbe42e40d3255385a9982b1,1.0,1.0,,u_to_m,16,,0,0,patched_accuracy,seed0_l0_tc_k16_s0,P8,READ,2048,experiment_v1_4/phase_archives/P8/P8_evaluation_raw.zip::runs/seed0_l0_tc_k16_s0/summary.json,0,behavior_test,m prediction from u,tc,1.0
1000,4989136918441523821,1000,replacement,76d86f1a83bde7f8f6389684cd2a3913c923e21ccfbe42e40d3255385a9982b1,0.0,0.0,,u_to_m,16,,0,0,delta_accuracy,seed0_l0_tc_k16_s0,P8,READ,2048,experiment_v1_4/phase_archives/P8/P8_evaluation_raw.zip::runs/seed0_l0_tc_k16_s0/summary.json,0,behavior_test,m prediction from u,tc,0.0
,,,fidelity,76d86f1a83bde7f8f6389684cd2a3913c923e21ccfbe42e40d3255385a9982b1,,,point estimate; empirical LM/sparse ranges reported separately,u_to_m,4,"[2.0,4.0,4.0,4.0,4.0,4.0]",3,0,mse,seed0_l3_tc_k4_s0,P8,READ,50000,experiment_v1_4/phase_archives/P8/P8_evaluation_raw.zip::runs/seed0_l3_tc_k4_s0/semantic.json,0,train,m prediction from u,tc,0.022833653585013297
,,,fidelity,76d86f1a83bde7f8f6389684cd2a3913c923e21ccfbe42e40d3255385a9982b1,,,point estimate; empirical LM/sparse ranges reported separately,u_to_m,4,"[2.0,4.0,4.0,4.0,4.0,4.0]",3,0,nmse,seed0_l3_tc_k4_s0,P8,READ,50000,experiment_v1_4/phase_archives/P8/P8_evaluation_raw.zip::runs/seed0_l3_tc_k4_s0/semantic.json,0,train,m prediction from u,tc,0.02283365276286753
,,,fidelity,76d86f1a83bde7f8f6389684cd2a3913c923e21ccfbe42e40d3255385a9982b1,,,point estimate; empirical LM/sparse ranges reported separately,u_to_m,4,"[2.0,4.0,4.0,4.0,4.0,4.0]",3,0,r2,seed0_l3_tc_k4_s0,P8,READ,50000,experiment_v1_4/phase_archives/P8/P8_evaluation_raw.zip::runs/seed0_l3_tc_k4_s0/semantic.json,0,train,m prediction from u,tc,0.9771663472371325
,,,fidelity,76d86f1a83bde7f8f6389684cd2a3913c923e21ccfbe42e40d3255385a9982b1,,,point estimate; empirical LM/sparse ranges reported separately,u_to_m,4,"[2.0,4.0,4.0,4.0,4.0,4.0]",3,0,ev,seed0_l3_tc_k4_s0,P8,READ,50000,experiment_v1_4/phase_archives/P8/P8_evaluation_raw.zip::runs/seed0_l3_tc_k4_s0/semantic.json,0,train,m prediction from u,tc,0.9771983981347532
,,,fidelity,76d86f1a83bde7f8f6389684cd2a3913c923e21ccfbe42e40d3255385a9982b1,,,point estimate; empirical LM/sparse ranges reported separately,u_to_m,4,"[2.0,4.0,4.0,4.0,4.0,4.0]",3,0,inactive_fraction,seed0_l3_tc_k4_s0,P8,READ,50000,experiment_v1_4/phase_archives/P8/P8_evaluation_raw.zip::runs/seed0_l3_tc_k4_s0/semantic.json,0,train,m prediction from u,tc,0.771484375
,,,fidelity,76d86f1a83bde7f8f6389684cd2a3913c923e21ccfbe42e40d3255385a9982b1,,,point estimate; empirical LM/sparse ranges reported separately,u_to_m,4,"[2.0,4.0,4.0,4.0,4.0,4.0]",3,0,inactive_count,seed0_l3_tc_k4_s0,P8,READ,50000,experiment_v1_4/phase_archives/P8/P8_evaluation_raw.zip::runs/seed0_l3_tc_k4_s0/semantic.json,0,train,m prediction from u,tc,395
,,,fidelity,76d86f1a83bde7f8f6389684cd2a3913c923e21ccfbe42e40d3255385a9982b1,,,point estimate; empirical LM/sparse ranges reported separately,u_to_m,4,"[2.0,4.0,4.0,4.0,4.0,4.0]",3,0,l0_mean,seed0_l3_tc_k4_s0,P8,READ,50000,experiment_v1_4/phase_archives/P8/P8_evaluation_raw.zip::runs/seed0_l3_tc_k4_s0/semantic.json,0,train,m prediction from u,tc,3.99968
,,,fidelity,76d86f1a83bde7f8f6389684cd2a3913c923e21ccfbe42e40d3255385a9982b1,,,point estimate; empirical LM/sparse ranges reported separately,u_to_m,4,"[2.0,4.0,4.0,4.0,4.0,4.0]",3,0,l0_median,seed0_l3_tc_k4_s0,P8,READ,50000,experiment_v1_4/phase_archives/P8/P8_evaluation_raw.zip::runs/seed0_l3_tc_k4_s0/semantic.json,0,train,m prediction from u,tc,4.0
,,,fidelity,76d86f1a83bde7f8f6389684cd2a3913c923e21ccfbe42e40d3255385a9982b1,,,point estimate; empirical LM/sparse ranges reported separately,u_to_m,4,"[2.0,4.0,4.0,4.0,4.0,4.0]",3,0,dead_fraction,seed0_l3_tc_k4_s0,P8,READ,50000,experiment_v1_4/phase_archives/P8/P8_evaluation_raw.zip::runs/seed0_l3_tc_k4_s0/semantic.json,0,train,m prediction from u,tc,0.771484375
,,,fidelity,76d86f1a83bde7f8f6389684cd2a3913c923e21ccfbe42e40d3255385a9982b1,,,point estimate; empirical LM/sparse ranges reported separately,u_to_m,4,"[4.0,4.0,4.0,4.0,4.0,4.0]",3,0,mse,seed0_l3_tc_k4_s0,P8,READ,10000,experiment_v1_4/phase_archives/P8/P8_evaluation_raw.zip::runs/seed0_l3_tc_k4_s0/semantic.json,0,val,m prediction from u,tc,0.023120614881033227
,,,fidelity,76d86f1a83bde7f8f6389684cd2a3913c923e21ccfbe42e40d3255385a9982b1,,,point estimate; empirical LM/sparse ranges reported separately,u_to_m,4,"[4.0,4.0,4.0,4.0,4.0,4.0]",3,0,nmse,seed0_l3_tc_k4_s0,P8,READ,10000,experiment_v1_4/phase_archives/P8/P8_evaluation_raw.zip::runs/seed0_l3_tc_k4_s0/semantic.json,0,val,m prediction from u,tc,0.02343562448361578
,,,fidelity,76d86f1a83bde7f8f6389684cd2a3913c923e21ccfbe42e40d3255385a9982b1,,,point estimate; empirical LM/sparse ranges reported separately,u_to_m,4,"[4.0,4.0,4.0,4.0,4.0,4.0]",3,0,r2,seed0_l3_tc_k4_s0,P8,READ,10000,experiment_v1_4/phase_archives/P8/P8_evaluation_raw.zip::runs/seed0_l3_tc_k4_s0/semantic.json,0,val,m prediction from u,tc,0.9765576663417007
,,,fidelity,76d86f1a83bde7f8f6389684cd2a3913c923e21ccfbe42e40d3255385a9982b1,,,point estimate; empirical LM/sparse ranges reported separately,u_to_m,4,"[4.0,4.0,4.0,4.0,4.0,4.0]",3,0,ev,seed0_l3_tc_k4_s0,P8,READ,10000,experiment_v1_4/phase_archives/P8/P8_evaluation_raw.zip::runs/seed0_l3_tc_k4_s0/semantic.json,0,val,m prediction from u,tc,0.9765941074599647
,,,fidelity,76d86f1a83bde7f8f6389684cd2a3913c923e21ccfbe42e40d3255385a9982b1,,,point estimate; empirical LM/sparse ranges reported separately,u_to_m,4,"[4.0,4.0,4.0,4.0,4.0,4.0]",3,0,inactive_fraction,seed0_l3_tc_k4_s0,P8,READ,10000,experiment_v1_4/phase_archives/P8/P8_evaluation_raw.zip::runs/seed0_l3_tc_k4_s0/semantic.json,0,val,m prediction from u,tc,0.84375
,,,fidelity,76d86f1a83bde7f8f6389684cd2a3913c923e21ccfbe42e40d3255385a9982b1,,,point estimate; empirical LM/sparse ranges reported separately,u_to_m,4,"[4.0,4.0,4.0,4.0,4.0,4.0]",3,0,inactive_count,seed0_l3_tc_k4_s0,P8,READ,10000,experiment_v1_4/phase_archives/P8/P8_evaluation_raw.zip::runs/seed0_l3_tc_k4_s0/semantic.json,0,val,m prediction from u,tc,432
,,,fidelity,76d86f1a83bde7f8f6389684cd2a3913c923e21ccfbe42e40d3255385a9982b1,,,point estimate; empirical LM/sparse ranges reported separately,u_to_m,4,"[4.0,4.0,4.0,4.0,4.0,4.0]",3,0,l0_mean,seed0_l3_tc_k4_s0,P8,READ,10000,experiment_v1_4/phase_archives/P8/P8_evaluation_raw.zip::runs/seed0_l3_tc_k4_s0/semantic.json,0,val,m prediction from u,tc,4.0
,,,fidelity,76d86f1a83bde7f8f6389684cd2a3913c923e21ccfbe42e40d3255385a9982b1,,,point estimate; empirical LM/sparse ranges reported separately,u_to_m,4,"[4.0,4.0,4.0,4.0,4.0,4.0]",3,0,l0_median,seed0_l3_tc_k4_s0,P8,READ,10000,experiment_v1_4/phase_archives/P8/P8_evaluation_raw.zip::runs/seed0_l3_tc_k4_s0/semantic.json,0,val,m prediction from u,tc,4.0
,,,fidelity,76d86f1a83bde7f8f6389684cd2a3913c923e21ccfbe42e40d3255385a9982b1,,,point estimate; empirical LM/sparse ranges reported separately,u_to_m,4,"[4.0,4.0,4.0,4.0,4.0,4.0]",3,0,dead_fraction,seed0_l3_tc_k4_s0,P8,READ,10000,experiment_v1_4/phase_archives/P8/P8_evaluation_raw.zip::runs/seed0_l3_tc_k4_s0/semantic.json,0,val,m prediction from u,tc,0.771484375
,,,fidelity,76d86f1a83bde7f8f6389684cd2a3913c923e21ccfbe42e40d3255385a9982b1,,,point estimate; empirical LM/sparse ranges reported separately,u_to_m,4,"[2.0,4.0,4.0,4.0,4.0,4.0]",3,0,mse,seed0_l3_tc_k4_s0,P8,READ,20000,experiment_v1_4/phase_archives/P8/P8_evaluation_raw.zip::runs/seed0_l3_tc_k4_s0/semantic.json,0,test,m prediction from u,tc,0.02334890629620741
,,,fidelity,76d86f1a83bde7f8f6389684cd2a3913c923e21ccfbe42e40d3255385a9982b1,,,point estimate; empirical LM/sparse ranges reported separately,u_to_m,4,"[2.0,4.0,4.0,4.0,4.0,4.0]",3,0,nmse,seed0_l3_tc_k4_s0,P8,READ,20000,experiment_v1_4/phase_archives/P8/P8_evaluation_raw.zip::runs/seed0_l3_tc_k4_s0/semantic.json,0,test,m prediction from u,tc,0.022962969331860643
,,,fidelity,76d86f1a83bde7f8f6389684cd2a3913c923e21ccfbe42e40d3255385a9982b1,,,point estimate; empirical LM/sparse ranges reported separately,u_to_m,4,"[2.0,4.0,4.0,4.0,4.0,4.0]",3,0,r2,seed0_l3_tc_k4_s0,P8,READ,20000,experiment_v1_4/phase_archives/P8/P8_evaluation_raw.zip::runs/seed0_l3_tc_k4_s0/semantic.json,0,test,m prediction from u,tc,0.9770344208763517
,,,fidelity,76d86f1a83bde7f8f6389684cd2a3913c923e21ccfbe42e40d3255385a9982b1,,,point estimate; empirical LM/sparse ranges reported separately,u_to_m,4,"[2.0,4.0,4.0,4.0,4.0,4.0]",3,0,ev,seed0_l3_tc_k4_s0,P8,READ,20000,experiment_v1_4/phase_archives/P8/P8_evaluation_raw.zip::runs/seed0_l3_tc_k4_s0/semantic.json,0,test,m prediction from u,tc,0.9770650715764343
,,,fidelity,76d86f1a83bde7f8f6389684cd2a3913c923e21ccfbe42e40d3255385a9982b1,,,point estimate; empirical LM/sparse ranges reported separately,u_to_m,4,"[2.0,4.0,4.0,4.0,4.0,4.0]",3,0,inactive_fraction,seed0_l3_tc_k4_s0,P8,READ,20000,experiment_v1_4/phase_archives/P8/P8_evaluation_raw.zip::runs/seed0_l3_tc_k4_s0/semantic.json,0,test,m prediction from u,tc,0.8125
,,,fidelity,76d86f1a83bde7f8f6389684cd2a3913c923e21ccfbe42e40d3255385a9982b1,,,point estimate; empirical LM/sparse ranges reported separately,u_to_m,4,"[2.0,4.0,4.0,4.0,4.0,4.0]",3,0,inactive_count,seed0_l3_tc_k4_s0,P8,READ,20000,experiment_v1_4/phase_archives/P8/P8_evaluation_raw.zip::runs/seed0_l3_tc_k4_s0/semantic.json,0,test,m prediction from u,tc,416
,,,fidelity,76d86f1a83bde7f8f6389684cd2a3913c923e21ccfbe42e40d3255385a9982b1,,,point estimate; empirical LM/sparse ranges reported separately,u_to_m,4,"[2.0,4.0,4.0,4.0,4.0,4.0]",3,0,l0_mean,seed0_l3_tc_k4_s0,P8,READ,20000,experiment_v1_4/phase_archives/P8/P8_evaluation_raw.zip::runs/seed0_l3_tc_k4_s0/semantic.json,0,test,m prediction from u,tc,3.99985
,,,fidelity,76d86f1a83bde7f8f6389684cd2a3913c923e21ccfbe42e40d3255385a9982b1,,,point estimate; empirical LM/sparse ranges reported separately,u_to_m,4,"[2.0,4.0,4.0,4.0,4.0,4.0]",3,0,l0_median,seed0_l3_tc_k4_s0,P8,READ,20000,experiment_v1_4/phase_archives/P8/P8_evaluation_raw.zip::runs/seed0_l3_tc_k4_s0/semantic.json,0,test,m prediction from u,tc,4.0
,,,fidelity,76d86f1a83bde7f8f6389684cd2a3913c923e21ccfbe42e40d3255385a9982b1,,,point estimate; empirical LM/sparse ranges reported separately,u_to_m,4,"[2.0,4.0,4.0,4.0,4.0,4.0]",3,0,dead_fraction,seed0_l3_tc_k4_s0,P8,READ,20000,experiment_v1_4/phase_archives/P8/P8_evaluation_raw.zip::runs/seed0_l3_tc_k4_s0/semantic.json,0,test,m prediction from u,tc,0.771484375
1000,2046613980460003004,1000,replacement,76d86f1a83bde7f8f6389684cd2a3913c923e21ccfbe42e40d3255385a9982b1,0.0006276997124625038,0.00017929626803496744,,u_to_m,4,,3,0,original_ce,seed0_l3_tc_k4_s0,P8,READ,2048,experiment_v1_4/phase_archives/P8/P8_evaluation_raw.zip::runs/seed0_l3_tc_k4_s0/summary.json,0,behavior_test,m prediction from u,tc,0.00037435924538775645
1000,2046613980460003004,1000,replacement,76d86f1a83bde7f8f6389684cd2a3913c923e21ccfbe42e40d3255385a9982b1,0.0006190189110673316,0.00018245178981025068,,u_to_m,4,,3,0,patched_ce,seed0_l3_tc_k4_s0,P8,READ,2048,experiment_v1_4/phase_archives/P8/P8_evaluation_raw.zip::runs/seed0_l3_tc_k4_s0/summary.json,0,behavior_test,m prediction from u,tc,0.0003727016503889402
1000,2046613980460003004,1000,replacement,76d86f1a83bde7f8f6389684cd2a3913c923e21ccfbe42e40d3255385a9982b1,1.0982715149965291e-05,-1.4733317531362423e-05,,u_to_m,4,,3,0,delta_ce,seed0_l3_tc_k4_s0,P8,READ,2048,experiment_v1_4/phase_archives/P8/P8_evaluation_raw.zip::runs/seed0_l3_tc_k4_s0/summary.json,0,behavior_test,m prediction from u,tc,-1.6575950556596553e-06
1000,2046613980460003004,1000,replacement,76d86f1a83bde7f8f6389684cd2a3913c923e21ccfbe42e40d3255385a9982b1,1.0,1.0,,u_to_m,4,,3,0,original_accuracy,seed0_l3_tc_k4_s0,P8,READ,2048,experiment_v1_4/phase_archives/P8/P8_evaluation_raw.zip::runs/seed0_l3_tc_k4_s0/summary.json,0,behavior_test,m prediction from u,tc,1.0
1000,2046613980460003004,1000,replacement,76d86f1a83bde7f8f6389684cd2a3913c923e21ccfbe42e40d3255385a9982b1,1.0,1.0,,u_to_m,4,,3,0,patched_accuracy,seed0_l3_tc_k4_s0,P8,READ,2048,experiment_v1_4/phase_archives/P8/P8_evaluation_raw.zip::runs/seed0_l3_tc_k4_s0/summary.json,0,behavior_test,m prediction from u,tc,1.0
1000,2046613980460003004,1000,replacement,76d86f1a83bde7f8f6389684cd2a3913c923e21ccfbe42e40d3255385a9982b1,0.0,0.0,,u_to_m,4,,3,0,delta_accuracy,seed0_l3_tc_k4_s0,P8,READ,2048,experiment_v1_4/phase_archives/P8/P8_evaluation_raw.zip::runs/seed0_l3_tc_k4_s0/summary.json,0,behavior_test,m prediction from u,tc,0.0
,,,fidelity,76d86f1a83bde7f8f6389684cd2a3913c923e21ccfbe42e40d3255385a9982b1,,,point estimate; empirical LM/sparse ranges reported separately,u_to_m,16,"[10.0,16.0,16.0,16.0,16.0,16.0]",3,0,mse,seed0_l3_tc_k16_s0,P8,READ,50000,experiment_v1_4/phase_archives/P8/P8_evaluation_raw.zip::runs/seed0_l3_tc_k16_s0/semantic.json,0,train,m prediction from u,tc,0.003016092210993751
,,,fidelity,76d86f1a83bde7f8f6389684cd2a3913c923e21ccfbe42e40d3255385a9982b1,,,point estimate; empirical LM/sparse ranges reported separately,u_to_m,16,"[10.0,16.0,16.0,16.0,16.0,16.0]",3,0,nmse,seed0_l3_tc_k16_s0,P8,READ,50000,experiment_v1_4/phase_archives/P8/P8_evaluation_raw.zip::runs/seed0_l3_tc_k16_s0/semantic.json,0,train,m prediction from u,tc,0.0030160921023966994
,,,fidelity,76d86f1a83bde7f8f6389684cd2a3913c923e21ccfbe42e40d3255385a9982b1,,,point estimate; empirical LM/sparse ranges reported separately,u_to_m,16,"[10.0,16.0,16.0,16.0,16.0,16.0]",3,0,r2,seed0_l3_tc_k16_s0,P8,READ,50000,experiment_v1_4/phase_archives/P8/P8_evaluation_raw.zip::runs/seed0_l3_tc_k16_s0/semantic.json,0,train,m prediction from u,tc,0.9969839078976033
,,,fidelity,76d86f1a83bde7f8f6389684cd2a3913c923e21ccfbe42e40d3255385a9982b1,,,point estimate; empirical LM/sparse ranges reported separately,u_to_m,16,"[10.0,16.0,16.0,16.0,16.0,16.0]",3,0,ev,seed0_l3_tc_k16_s0,P8,READ,50000,experiment_v1_4/phase_archives/P8/P8_evaluation_raw.zip::runs/seed0_l3_tc_k16_s0/semantic.json,0,train,m prediction from u,tc,0.9970062356976355
,,,fidelity,76d86f1a83bde7f8f6389684cd2a3913c923e21ccfbe42e40d3255385a9982b1,,,point estimate; empirical LM/sparse ranges reported separately,u_to_m,16,"[10.0,16.0,16.0,16.0,16.0,16.0]",3,0,inactive_fraction,seed0_l3_tc_k16_s0,P8,READ,50000,experiment_v1_4/phase_archives/P8/P8_evaluation_raw.zip::runs/seed0_l3_tc_k16_s0/semantic.json,0,train,m prediction from u,tc,0.4609375
,,,fidelity,76d86f1a83bde7f8f6389684cd2a3913c923e21ccfbe42e40d3255385a9982b1,,,point estimate; empirical LM/sparse ranges reported separately,u_to_m,16,"[10.0,16.0,16.0,16.0,16.0,16.0]",3,0,inactive_count,seed0_l3_tc_k16_s0,P8,READ,50000,experiment_v1_4/phase_archives/P8/P8_evaluation_raw.zip::runs/seed0_l3_tc_k16_s0/semantic.json,0,train,m prediction from u,tc,236
,,,fidelity,76d86f1a83bde7f8f6389684cd2a3913c923e21ccfbe42e40d3255385a9982b1,,,point estimate; empirical LM/sparse ranges reported separately,u_to_m,16,"[10.0,16.0,16.0,16.0,16.0,16.0]",3,0,l0_mean,seed0_l3_tc_k16_s0,P8,READ,50000,experiment_v1_4/phase_archives/P8/P8_evaluation_raw.zip::runs/seed0_l3_tc_k16_s0/semantic.json,0,train,m prediction from u,tc,15.92808
,,,fidelity,76d86f1a83bde7f8f6389684cd2a3913c923e21ccfbe42e40d3255385a9982b1,,,point estimate; empirical LM/sparse ranges reported separately,u_to_m,16,"[10.0,16.0,16.0,16.0,16.0,16.0]",3,0,l0_median,seed0_l3_tc_k16_s0,P8,READ,50000,experiment_v1_4/phase_archives/P8/P8_evaluation_raw.zip::runs/seed0_l3_tc_k16_s0/semantic.json,0,train,m prediction from u,tc,16.0
,,,fidelity,76d86f1a83bde7f8f6389684cd2a3913c923e21ccfbe42e40d3255385a9982b1,,,point estimate; empirical LM/sparse ranges reported separately,u_to_m,16,"[10.0,16.0,16.0,16.0,16.0,16.0]",3,0,dead_fraction,seed0_l3_tc_k16_s0,P8,READ,50000,experiment_v1_4/phase_archives/P8/P8_evaluation_raw.zip::runs/seed0_l3_tc_k16_s0/semantic.json,0,train,m prediction from u,tc,0.4609375
,,,fidelity,76d86f1a83bde7f8f6389684cd2a3913c923e21ccfbe42e40d3255385a9982b1,,,point estimate; empirical LM/sparse ranges reported separately,u_to_m,16,"[10.0,16.0,16.0,16.0,16.0,16.0]",3,0,mse,seed0_l3_tc_k16_s0,P8,READ,10000,experiment_v1_4/phase_archives/P8/P8_evaluation_raw.zip::runs/seed0_l3_tc_k16_s0/semantic.json,0,val,m prediction from u,tc,0.00312164083802649
,,,fidelity,76d86f1a83bde7f8f6389684cd2a3913c923e21ccfbe42e40d3255385a9982b1,,,point estimate; empirical LM/sparse ranges reported separately,u_to_m,16,"[10.0,16.0,16.0,16.0,16.0,16.0]",3,0,nmse,seed0_l3_tc_k16_s0,P8,READ,10000,experiment_v1_4/phase_archives/P8/P8_evaluation_raw.zip::runs/seed0_l3_tc_k16_s0/semantic.json,0,val,m prediction from u,tc,0.003164172009660635
,,,fidelity,76d86f1a83bde7f8f6389684cd2a3913c923e21ccfbe42e40d3255385a9982b1,,,point estimate; empirical LM/sparse ranges reported separately,u_to_m,16,"[10.0,16.0,16.0,16.0,16.0,16.0]",3,0,r2,seed0_l3_tc_k16_s0,P8,READ,10000,experiment_v1_4/phase_archives/P8/P8_evaluation_raw.zip::runs/seed0_l3_tc_k16_s0/semantic.json,0,val,m prediction from u,tc,0.9968349221479217
,,,fidelity,76d86f1a83bde7f8f6389684cd2a3913c923e21ccfbe42e40d3255385a9982b1,,,point estimate; empirical LM/sparse ranges reported separately,u_to_m,16,"[10.0,16.0,16.0,16.0,16.0,16.0]",3,0,ev,seed0_l3_tc_k16_s0,P8,READ,10000,experiment_v1_4/phase_archives/P8/P8_evaluation_raw.zip::runs/seed0_l3_tc_k16_s0/semantic.json,0,val,m prediction from u,tc,0.9968540714832882
,,,fidelity,76d86f1a83bde7f8f6389684cd2a3913c923e21ccfbe42e40d3255385a9982b1,,,point estimate; empirical LM/sparse ranges reported separately,u_to_m,16,"[10.0,16.0,16.0,16.0,16.0,16.0]",3,0,inactive_fraction,seed0_l3_tc_k16_s0,P8,READ,10000,experiment_v1_4/phase_archives/P8/P8_evaluation_raw.zip::runs/seed0_l3_tc_k16_s0/semantic.json,0,val,m prediction from u,tc,0.537109375
,,,fidelity,76d86f1a83bde7f8f6389684cd2a3913c923e21ccfbe42e40d3255385a9982b1,,,point estimate; empirical LM/sparse ranges reported separately,u_to_m,16,"[10.0,16.0,16.0,16.0,16.0,16.0]",3,0,inactive_count,seed0_l3_tc_k16_s0,P8,READ,10000,experiment_v1_4/phase_archives/P8/P8_evaluation_raw.zip::runs/seed0_l3_tc_k16_s0/semantic.json,0,val,m prediction from u,tc,275
,,,fidelity,76d86f1a83bde7f8f6389684cd2a3913c923e21ccfbe42e40d3255385a9982b1,,,point estimate; empirical LM/sparse ranges reported separately,u_to_m,16,"[10.0,16.0,16.0,16.0,16.0,16.0]",3,0,l0_mean,seed0_l3_tc_k16_s0,P8,READ,10000,experiment_v1_4/phase_archives/P8/P8_evaluation_raw.zip::runs/seed0_l3_tc_k16_s0/semantic.json,0,val,m prediction from u,tc,15.93
,,,fidelity,76d86f1a83bde7f8f6389684cd2a3913c923e21ccfbe42e40d3255385a9982b1,,,point estimate; empirical LM/sparse ranges reported separately,u_to_m,16,"[10.0,16.0,16.0,16.0,16.0,16.0]",3,0,l0_median,seed0_l3_tc_k16_s0,P8,READ,10000,experiment_v1_4/phase_archives/P8/P8_evaluation_raw.zip::runs/seed0_l3_tc_k16_s0/semantic.json,0,val,m prediction from u,tc,16.0
,,,fidelity,76d86f1a83bde7f8f6389684cd2a3913c923e21ccfbe42e40d3255385a9982b1,,,point estimate; empirical LM/sparse ranges reported separately,u_to_m,16,"[10.0,16.0,16.0,16.0,16.0,16.0]",3,0,dead_fraction,seed0_l3_tc_k16_s0,P8,READ,10000,experiment_v1_4/phase_archives/P8/P8_evaluation_raw.zip::runs/seed0_l3_tc_k16_s0/semantic.json,0,val,m prediction from u,tc,0.4609375
,,,fidelity,76d86f1a83bde7f8f6389684cd2a3913c923e21ccfbe42e40d3255385a9982b1,,,point estimate; empirical LM/sparse ranges reported separately,u_to_m,16,"[10.0,16.0,16.0,16.0,16.0,16.0]",3,0,mse,seed0_l3_tc_k16_s0,P8,READ,20000,experiment_v1_4/phase_archives/P8/P8_evaluation_raw.zip::runs/seed0_l3_tc_k16_s0/semantic.json,0,test,m prediction from u,tc,0.0031121568832382144
,,,fidelity,76d86f1a83bde7f8f6389684cd2a3913c923e21ccfbe42e40d3255385a9982b1,,,point estimate; empirical LM/sparse ranges reported separately,u_to_m,16,"[10.0,16.0,16.0,16.0,16.0,16.0]",3,0,nmse,seed0_l3_tc_k16_s0,P8,READ,20000,experiment_v1_4/phase_archives/P8/P8_evaluation_raw.zip::runs/seed0_l3_tc_k16_s0/semantic.json,0,test,m prediction from u,tc,0.0030607156566192636
,,,fidelity,76d86f1a83bde7f8f6389684cd2a3913c923e21ccfbe42e40d3255385a9982b1,,,point estimate; empirical LM/sparse ranges reported separately,u_to_m,16,"[10.0,16.0,16.0,16.0,16.0,16.0]",3,0,r2,seed0_l3_tc_k16_s0,P8,READ,20000,experiment_v1_4/phase_archives/P8/P8_evaluation_raw.zip::runs/seed0_l3_tc_k16_s0/semantic.json,0,test,m prediction from u,tc,0.9969389364863388
,,,fidelity,76d86f1a83bde7f8f6389684cd2a3913c923e21ccfbe42e40d3255385a9982b1,,,point estimate; empirical LM/sparse ranges reported separately,u_to_m,16,"[10.0,16.0,16.0,16.0,16.0,16.0]",3,0,ev,seed0_l3_tc_k16_s0,P8,READ,20000,experiment_v1_4/phase_archives/P8/P8_evaluation_raw.zip::runs/seed0_l3_tc_k16_s0/semantic.json,0,test,m prediction from u,tc,0.9969604155425217
,,,fidelity,76d86f1a83bde7f8f6389684cd2a3913c923e21ccfbe42e40d3255385a9982b1,,,point estimate; empirical LM/sparse ranges reported separately,u_to_m,16,"[10.0,16.0,16.0,16.0,16.0,16.0]",3,0,inactive_fraction,seed0_l3_tc_k16_s0,P8,READ,20000,experiment_v1_4/phase_archives/P8/P8_evaluation_raw.zip::runs/seed0_l3_tc_k16_s0/semantic.json,0,test,m prediction from u,tc,0.49609375
,,,fidelity,76d86f1a83bde7f8f6389684cd2a3913c923e21ccfbe42e40d3255385a9982b1,,,point estimate; empirical LM/sparse ranges reported separately,u_to_m,16,"[10.0,16.0,16.0,16.0,16.0,16.0]",3,0,inactive_count,seed0_l3_tc_k16_s0,P8,READ,20000,experiment_v1_4/phase_archives/P8/P8_evaluation_raw.zip::runs/seed0_l3_tc_k16_s0/semantic.json,0,test,m prediction from u,tc,254
,,,fidelity,76d86f1a83bde7f8f6389684cd2a3913c923e21ccfbe42e40d3255385a9982b1,,,point estimate; empirical LM/sparse ranges reported separately,u_to_m,16,"[10.0,16.0,16.0,16.0,16.0,16.0]",3,0,l0_mean,seed0_l3_tc_k16_s0,P8,READ,20000,experiment_v1_4/phase_archives/P8/P8_evaluation_raw.zip::runs/seed0_l3_tc_k16_s0/semantic.json,0,test,m prediction from u,tc,15.9244
,,,fidelity,76d86f1a83bde7f8f6389684cd2a3913c923e21ccfbe42e40d3255385a9982b1,,,point estimate; empirical LM/sparse ranges reported separately,u_to_m,16,"[10.0,16.0,16.0,16.0,16.0,16.0]",3,0,l0_median,seed0_l3_tc_k16_s0,P8,READ,20000,experiment_v1_4/phase_archives/P8/P8_evaluation_raw.zip::runs/seed0_l3_tc_k16_s0/semantic.json,0,test,m prediction from u,tc,16.0
,,,fidelity,76d86f1a83bde7f8f6389684cd2a3913c923e21ccfbe42e40d3255385a9982b1,,,point estimate; empirical LM/sparse ranges reported separately,u_to_m,16,"[10.0,16.0,16.0,16.0,16.0,16.0]",3,0,dead_fraction,seed0_l3_tc_k16_s0,P8,READ,20000,experiment_v1_4/phase_archives/P8/P8_evaluation_raw.zip::runs/seed0_l3_tc_k16_s0/semantic.json,0,test,m prediction from u,tc,0.4609375
1000,4989136918441523821,1000,replacement,76d86f1a83bde7f8f6389684cd2a3913c923e21ccfbe42e40d3255385a9982b1,0.0006336775432930874,0.00017243180095666833,,u_to_m,16,,3,0,original_ce,seed0_l3_tc_k16_s0,P8,READ,2048,experiment_v1_4/phase_archives/P8/P8_evaluation_raw.zip::runs/seed0_l3_tc_k16_s0/summary.json,0,behavior_test,m prediction from u,tc,0.00037435924538775645
1000,4989136918441523821,1000,replacement,76d86f1a83bde7f8f6389684cd2a3913c923e21ccfbe42e40d3255385a9982b1,0.0006280237791000953,0.00017437170974271554,,u_to_m,16,,3,0,patched_ce,seed0_l3_tc_k16_s0,P8,READ,2048,experiment_v1_4/phase_archives/P8/P8_evaluation_raw.zip::runs/seed0_l3_tc_k16_s0/summary.json,0,behavior_test,m prediction from u,tc,0.00037386433819186493
1000,4989136918441523821,1000,replacement,76d86f1a83bde7f8f6389684cd2a3913c923e21ccfbe42e40d3255385a9982b1,6.055004610733269e-06,-6.9246294786717845e-06,,u_to_m,16,,3,0,delta_ce,seed0_l3_tc_k16_s0,P8,READ,2048,experiment_v1_4/phase_archives/P8/P8_evaluation_raw.zip::runs/seed0_l3_tc_k16_s0/summary.json,0,behavior_test,m prediction from u,tc,-4.949071958915141e-07
1000,4989136918441523821,1000,replacement,76d86f1a83bde7f8f6389684cd2a3913c923e21ccfbe42e40d3255385a9982b1,1.0,1.0,,u_to_m,16,,3,0,original_accuracy,seed0_l3_tc_k16_s0,P8,READ,2048,experiment_v1_4/phase_archives/P8/P8_evaluation_raw.zip::runs/seed0_l3_tc_k16_s0/summary.json,0,behavior_test,m prediction from u,tc,1.0
1000,4989136918441523821,1000,replacement,76d86f1a83bde7f8f6389684cd2a3913c923e21ccfbe42e40d3255385a9982b1,1.0,1.0,,u_to_m,16,,3,0,patched_accuracy,seed0_l3_tc_k16_s0,P8,READ,2048,experiment_v1_4/phase_archives/P8/P8_evaluation_raw.zip::runs/seed0_l3_tc_k16_s0/summary.json,0,behavior_test,m prediction from u,tc,1.0
1000,4989136918441523821,1000,replacement,76d86f1a83bde7f8f6389684cd2a3913c923e21ccfbe42e40d3255385a9982b1,0.0,0.0,,u_to_m,16,,3,0,delta_accuracy,seed0_l3_tc_k16_s0,P8,READ,2048,experiment_v1_4/phase_archives/P8/P8_evaluation_raw.zip::runs/seed0_l3_tc_k16_s0/summary.json,0,behavior_test,m prediction from u,tc,0.0
,,,fidelity,76d86f1a83bde7f8f6389684cd2a3913c923e21ccfbe42e40d3255385a9982b1,,,point estimate; empirical LM/sparse ranges reported separately,u_to_m,4,"[4.0,4.0,4.0,4.0,4.0,4.0]",7,0,mse,seed0_l7_tc_k4_s0,P8,READ,50000,experiment_v1_4/phase_archives/P8/P8_evaluation_raw.zip::runs/seed0_l7_tc_k4_s0/semantic.json,0,train,m prediction from u,tc,0.013308141863885244
,,,fidelity,76d86f1a83bde7f8f6389684cd2a3913c923e21ccfbe42e40d3255385a9982b1,,,point estimate; empirical LM/sparse ranges reported separately,u_to_m,4,"[4.0,4.0,4.0,4.0,4.0,4.0]",7,0,nmse,seed0_l7_tc_k4_s0,P8,READ,50000,experiment_v1_4/phase_archives/P8/P8_evaluation_raw.zip::runs/seed0_l7_tc_k4_s0/semantic.json,0,train,m prediction from u,tc,0.013308142559877778
,,,fidelity,76d86f1a83bde7f8f6389684cd2a3913c923e21ccfbe42e40d3255385a9982b1,,,point estimate; empirical LM/sparse ranges reported separately,u_to_m,4,"[4.0,4.0,4.0,4.0,4.0,4.0]",7,0,r2,seed0_l7_tc_k4_s0,P8,READ,50000,experiment_v1_4/phase_archives/P8/P8_evaluation_raw.zip::runs/seed0_l7_tc_k4_s0/semantic.json,0,train,m prediction from u,tc,0.9866918574401222
,,,fidelity,76d86f1a83bde7f8f6389684cd2a3913c923e21ccfbe42e40d3255385a9982b1,,,point estimate; empirical LM/sparse ranges reported separately,u_to_m,4,"[4.0,4.0,4.0,4.0,4.0,4.0]",7,0,ev,seed0_l7_tc_k4_s0,P8,READ,50000,experiment_v1_4/phase_archives/P8/P8_evaluation_raw.zip::runs/seed0_l7_tc_k4_s0/semantic.json,0,train,m prediction from u,tc,0.9867198905826053
,,,fidelity,76d86f1a83bde7f8f6389684cd2a3913c923e21ccfbe42e40d3255385a9982b1,,,point estimate; empirical LM/sparse ranges reported separately,u_to_m,4,"[4.0,4.0,4.0,4.0,4.0,4.0]",7,0,inactive_fraction,seed0_l7_tc_k4_s0,P8,READ,50000,experiment_v1_4/phase_archives/P8/P8_evaluation_raw.zip::runs/seed0_l7_tc_k4_s0/semantic.json,0,train,m prediction from u,tc,0.705078125
,,,fidelity,76d86f1a83bde7f8f6389684cd2a3913c923e21ccfbe42e40d3255385a9982b1,,,point estimate; empirical LM/sparse ranges reported separately,u_to_m,4,"[4.0,4.0,4.0,4.0,4.0,4.0]",7,0,inactive_count,seed0_l7_tc_k4_s0,P8,READ,50000,experiment_v1_4/phase_archives/P8/P8_evaluation_raw.zip::runs/seed0_l7_tc_k4_s0/semantic.json,0,train,m prediction from u,tc,361
,,,fidelity,76d86f1a83bde7f8f6389684cd2a3913c923e21ccfbe42e40d3255385a9982b1,,,point estimate; empirical LM/sparse ranges reported separately,u_to_m,4,"[4.0,4.0,4.0,4.0,4.0,4.0]",7,0,l0_mean,seed0_l7_tc_k4_s0,P8,READ,50000,experiment_v1_4/phase_archives/P8/P8_evaluation_raw.zip::runs/seed0_l7_tc_k4_s0/semantic.json,0,train,m prediction from u,tc,4.0
,,,fidelity,76d86f1a83bde7f8f6389684cd2a3913c923e21ccfbe42e40d3255385a9982b1,,,point estimate; empirical LM/sparse ranges reported separately,u_to_m,4,"[4.0,4.0,4.0,4.0,4.0,4.0]",7,0,l0_median,seed0_l7_tc_k4_s0,P8,READ,50000,experiment_v1_4/phase_archives/P8/P8_evaluation_raw.zip::runs/seed0_l7_tc_k4_s0/semantic.json,0,train,m prediction from u,tc,4.0
,,,fidelity,76d86f1a83bde7f8f6389684cd2a3913c923e21ccfbe42e40d3255385a9982b1,,,point estimate; empirical LM/sparse ranges reported separately,u_to_m,4,"[4.0,4.0,4.0,4.0,4.0,4.0]",7,0,dead_fraction,seed0_l7_tc_k4_s0,P8,READ,50000,experiment_v1_4/phase_archives/P8/P8_evaluation_raw.zip::runs/seed0_l7_tc_k4_s0/semantic.json,0,train,m prediction from u,tc,0.705078125
,,,fidelity,76d86f1a83bde7f8f6389684cd2a3913c923e21ccfbe42e40d3255385a9982b1,,,point estimate; empirical LM/sparse ranges reported separately,u_to_m,4,"[4.0,4.0,4.0,4.0,4.0,4.0]",7,0,mse,seed0_l7_tc_k4_s0,P8,READ,10000,experiment_v1_4/phase_archives/P8/P8_evaluation_raw.zip::runs/seed0_l7_tc_k4_s0/semantic.json,0,val,m prediction from u,tc,0.01379475670312352
,,,fidelity,76d86f1a83bde7f8f6389684cd2a3913c923e21ccfbe42e40d3255385a9982b1,,,point estimate; empirical LM/sparse ranges reported separately,u_to_m,4,"[4.0,4.0,4.0,4.0,4.0,4.0]",7,0,nmse,seed0_l7_tc_k4_s0,P8,READ,10000,experiment_v1_4/phase_archives/P8/P8_evaluation_raw.zip::runs/seed0_l7_tc_k4_s0/semantic.json,0,val,m prediction from u,tc,0.013477279220698352
,,,fidelity,76d86f1a83bde7f8f6389684cd2a3913c923e21ccfbe42e40d3255385a9982b1,,,point estimate; empirical LM/sparse ranges reported separately,u_to_m,4,"[4.0,4.0,4.0,4.0,4.0,4.0]",7,0,r2,seed0_l7_tc_k4_s0,P8,READ,10000,experiment_v1_4/phase_archives/P8/P8_evaluation_raw.zip::runs/seed0_l7_tc_k4_s0/semantic.json,0,val,m prediction from u,tc,0.9865211044101374
,,,fidelity,76d86f1a83bde7f8f6389684cd2a3913c923e21ccfbe42e40d3255385a9982b1,,,point estimate; empirical LM/sparse ranges reported separately,u_to_m,4,"[4.0,4.0,4.0,4.0,4.0,4.0]",7,0,ev,seed0_l7_tc_k4_s0,P8,READ,10000,experiment_v1_4/phase_archives/P8/P8_evaluation_raw.zip::runs/seed0_l7_tc_k4_s0/semantic.json,0,val,m prediction from u,tc,0.9865519377627877
,,,fidelity,76d86f1a83bde7f8f6389684cd2a3913c923e21ccfbe42e40d3255385a9982b1,,,point estimate; empirical LM/sparse ranges reported separately,u_to_m,4,"[4.0,4.0,4.0,4.0,4.0,4.0]",7,0,inactive_fraction,seed0_l7_tc_k4_s0,P8,READ,10000,experiment_v1_4/phase_archives/P8/P8_evaluation_raw.zip::runs/seed0_l7_tc_k4_s0/semantic.json,0,val,m prediction from u,tc,0.82421875
,,,fidelity,76d86f1a83bde7f8f6389684cd2a3913c923e21ccfbe42e40d3255385a9982b1,,,point estimate; empirical LM/sparse ranges reported separately,u_to_m,4,"[4.0,4.0,4.0,4.0,4.0,4.0]",7,0,inactive_count,seed0_l7_tc_k4_s0,P8,READ,10000,experiment_v1_4/phase_archives/P8/P8_evaluation_raw.zip::runs/seed0_l7_tc_k4_s0/semantic.json,0,val,m prediction from u,tc,422
,,,fidelity,76d86f1a83bde7f8f6389684cd2a3913c923e21ccfbe42e40d3255385a9982b1,,,point estimate; empirical LM/sparse ranges reported separately,u_to_m,4,"[4.0,4.0,4.0,4.0,4.0,4.0]",7,0,l0_mean,seed0_l7_tc_k4_s0,P8,READ,10000,experiment_v1_4/phase_archives/P8/P8_evaluation_raw.zip::runs/seed0_l7_tc_k4_s0/semantic.json,0,val,m prediction from u,tc,4.0
,,,fidelity,76d86f1a83bde7f8f6389684cd2a3913c923e21ccfbe42e40d3255385a9982b1,,,point estimate; empirical LM/sparse ranges reported separately,u_to_m,4,"[4.0,4.0,4.0,4.0,4.0,4.0]",7,0,l0_median,seed0_l7_tc_k4_s0,P8,READ,10000,experiment_v1_4/phase_archives/P8/P8_evaluation_raw.zip::runs/seed0_l7_tc_k4_s0/semantic.json,0,val,m prediction from u,tc,4.0
,,,fidelity,76d86f1a83bde7f8f6389684cd2a3913c923e21ccfbe42e40d3255385a9982b1,,,point estimate; empirical LM/sparse ranges reported separately,u_to_m,4,"[4.0,4.0,4.0,4.0,4.0,4.0]",7,0,dead_fraction,seed0_l7_tc_k4_s0,P8,READ,10000,experiment_v1_4/phase_archives/P8/P8_evaluation_raw.zip::runs/seed0_l7_tc_k4_s0/semantic.json,0,val,m prediction from u,tc,0.705078125
,,,fidelity,76d86f1a83bde7f8f6389684cd2a3913c923e21ccfbe42e40d3255385a9982b1,,,point estimate; empirical LM/sparse ranges reported separately,u_to_m,4,"[4.0,4.0,4.0,4.0,4.0,4.0]",7,0,mse,seed0_l7_tc_k4_s0,P8,READ,20000,experiment_v1_4/phase_archives/P8/P8_evaluation_raw.zip::runs/seed0_l7_tc_k4_s0/semantic.json,0,test,m prediction from u,tc,0.013590766870394183
,,,fidelity,76d86f1a83bde7f8f6389684cd2a3913c923e21ccfbe42e40d3255385a9982b1,,,point estimate; empirical LM/sparse ranges reported separately,u_to_m,4,"[4.0,4.0,4.0,4.0,4.0,4.0]",7,0,nmse,seed0_l7_tc_k4_s0,P8,READ,20000,experiment_v1_4/phase_archives/P8/P8_evaluation_raw.zip::runs/seed0_l7_tc_k4_s0/semantic.json,0,test,m prediction from u,tc,0.013429325277842626
,,,fidelity,76d86f1a83bde7f8f6389684cd2a3913c923e21ccfbe42e40d3255385a9982b1,,,point estimate; empirical LM/sparse ranges reported separately,u_to_m,4,"[4.0,4.0,4.0,4.0,4.0,4.0]",7,0,r2,seed0_l7_tc_k4_s0,P8,READ,20000,experiment_v1_4/phase_archives/P8/P8_evaluation_raw.zip::runs/seed0_l7_tc_k4_s0/semantic.json,0,test,m prediction from u,tc,0.9865704460171077
,,,fidelity,76d86f1a83bde7f8f6389684cd2a3913c923e21ccfbe42e40d3255385a9982b1,,,point estimate; empirical LM/sparse ranges reported separately,u_to_m,4,"[4.0,4.0,4.0,4.0,4.0,4.0]",7,0,ev,seed0_l7_tc_k4_s0,P8,READ,20000,experiment_v1_4/phase_archives/P8/P8_evaluation_raw.zip::runs/seed0_l7_tc_k4_s0/semantic.json,0,test,m prediction from u,tc,0.9866000780520717
,,,fidelity,76d86f1a83bde7f8f6389684cd2a3913c923e21ccfbe42e40d3255385a9982b1,,,point estimate; empirical LM/sparse ranges reported separately,u_to_m,4,"[4.0,4.0,4.0,4.0,4.0,4.0]",7,0,inactive_fraction,seed0_l7_tc_k4_s0,P8,READ,20000,experiment_v1_4/phase_archives/P8/P8_evaluation_raw.zip::runs/seed0_l7_tc_k4_s0/semantic.json,0,test,m prediction from u,tc,0.765625
,,,fidelity,76d86f1a83bde7f8f6389684cd2a3913c923e21ccfbe42e40d3255385a9982b1,,,point estimate; empirical LM/sparse ranges reported separately,u_to_m,4,"[4.0,4.0,4.0,4.0,4.0,4.0]",7,0,inactive_count,seed0_l7_tc_k4_s0,P8,READ,20000,experiment_v1_4/phase_archives/P8/P8_evaluation_raw.zip::runs/seed0_l7_tc_k4_s0/semantic.json,0,test,m prediction from u,tc,392
,,,fidelity,76d86f1a83bde7f8f6389684cd2a3913c923e21ccfbe42e40d3255385a9982b1,,,point estimate; empirical LM/sparse ranges reported separately,u_to_m,4,"[4.0,4.0,4.0,4.0,4.0,4.0]",7,0,l0_mean,seed0_l7_tc_k4_s0,P8,READ,20000,experiment_v1_4/phase_archives/P8/P8_evaluation_raw.zip::runs/seed0_l7_tc_k4_s0/semantic.json,0,test,m prediction from u,tc,4.0
,,,fidelity,76d86f1a83bde7f8f6389684cd2a3913c923e21ccfbe42e40d3255385a9982b1,,,point estimate; empirical LM/sparse ranges reported separately,u_to_m,4,"[4.0,4.0,4.0,4.0,4.0,4.0]",7,0,l0_median,seed0_l7_tc_k4_s0,P8,READ,20000,experiment_v1_4/phase_archives/P8/P8_evaluation_raw.zip::runs/seed0_l7_tc_k4_s0/semantic.json,0,test,m prediction from u,tc,4.0
,,,fidelity,76d86f1a83bde7f8f6389684cd2a3913c923e21ccfbe42e40d3255385a9982b1,,,point estimate; empirical LM/sparse ranges reported separately,u_to_m,4,"[4.0,4.0,4.0,4.0,4.0,4.0]",7,0,dead_fraction,seed0_l7_tc_k4_s0,P8,READ,20000,experiment_v1_4/phase_archives/P8/P8_evaluation_raw.zip::runs/seed0_l7_tc_k4_s0/semantic.json,0,test,m prediction from u,tc,0.705078125
1000,2046613980460003004,1000,replacement,76d86f1a83bde7f8f6389684cd2a3913c923e21ccfbe42e40d3255385a9982b1,0.0006276997124625038,0.00017929626803496744,,u_to_m,4,,7,0,original_ce,seed0_l7_tc_k4_s0,P8,READ,2048,experiment_v1_4/phase_archives/P8/P8_evaluation_raw.zip::runs/seed0_l7_tc_k4_s0/summary.json,0,behavior_test,m prediction from u,tc,0.00037435924538775645
1000,2046613980460003004,1000,replacement,76d86f1a83bde7f8f6389684cd2a3913c923e21ccfbe42e40d3255385a9982b1,0.0006109952999659106,0.0001802671251096344,,u_to_m,4,,7,0,patched_ce,seed0_l7_tc_k4_s0,P8,READ,2048,experiment_v1_4/phase_archives/P8/P8_evaluation_raw.zip::runs/seed0_l7_tc_k4_s0/summary.json,0,behavior_test,m prediction from u,tc,0.00036918232594707057
1000,2046613980460003004,1000,replacement,76d86f1a83bde7f8f6389684cd2a3913c923e21ccfbe42e40d3255385a9982b1,4.998431951558357e-06,-1.8942668372012862e-05,,u_to_m,4,,7,0,delta_ce,seed0_l7_tc_k4_s0,P8,READ,2048,experiment_v1_4/phase_archives/P8/P8_evaluation_raw.zip::runs/seed0_l7_tc_k4_s0/summary.json,0,behavior_test,m prediction from u,tc,-5.176919440685879e-06
1000,2046613980460003004,1000,replacement,76d86f1a83bde7f8f6389684cd2a3913c923e21ccfbe42e40d3255385a9982b1,1.0,1.0,,u_to_m,4,,7,0,original_accuracy,seed0_l7_tc_k4_s0,P8,READ,2048,experiment_v1_4/phase_archives/P8/P8_evaluation_raw.zip::runs/seed0_l7_tc_k4_s0/summary.json,0,behavior_test,m prediction from u,tc,1.0
1000,2046613980460003004,1000,replacement,76d86f1a83bde7f8f6389684cd2a3913c923e21ccfbe42e40d3255385a9982b1,1.0,1.0,,u_to_m,4,,7,0,patched_accuracy,seed0_l7_tc_k4_s0,P8,READ,2048,experiment_v1_4/phase_archives/P8/P8_evaluation_raw.zip::runs/seed0_l7_tc_k4_s0/summary.json,0,behavior_test,m prediction from u,tc,1.0
1000,2046613980460003004,1000,replacement,76d86f1a83bde7f8f6389684cd2a3913c923e21ccfbe42e40d3255385a9982b1,0.0,0.0,,u_to_m,4,,7,0,delta_accuracy,seed0_l7_tc_k4_s0,P8,READ,2048,experiment_v1_4/phase_archives/P8/P8_evaluation_raw.zip::runs/seed0_l7_tc_k4_s0/summary.json,0,behavior_test,m prediction from u,tc,0.0
,,,fidelity,76d86f1a83bde7f8f6389684cd2a3913c923e21ccfbe42e40d3255385a9982b1,,,point estimate; empirical LM/sparse ranges reported separately,u_to_m,16,"[13.0,16.0,16.0,16.0,16.0,16.0]",7,0,mse,seed0_l7_tc_k16_s0,P8,READ,50000,experiment_v1_4/phase_archives/P8/P8_evaluation_raw.zip::runs/seed0_l7_tc_k16_s0/semantic.json,0,train,m prediction from u,tc,0.0017463720583555766
,,,fidelity,76d86f1a83bde7f8f6389684cd2a3913c923e21ccfbe42e40d3255385a9982b1,,,point estimate; empirical LM/sparse ranges reported separately,u_to_m,16,"[13.0,16.0,16.0,16.0,16.0,16.0]",7,0,nmse,seed0_l7_tc_k16_s0,P8,READ,50000,experiment_v1_4/phase_archives/P8/P8_evaluation_raw.zip::runs/seed0_l7_tc_k16_s0/semantic.json,0,train,m prediction from u,tc,0.0017463721496877797
,,,fidelity,76d86f1a83bde7f8f6389684cd2a3913c923e21ccfbe42e40d3255385a9982b1,,,point estimate; empirical LM/sparse ranges reported separately,u_to_m,16,"[13.0,16.0,16.0,16.0,16.0,16.0]",7,0,r2,seed0_l7_tc_k16_s0,P8,READ,50000,experiment_v1_4/phase_archives/P8/P8_evaluation_raw.zip::runs/seed0_l7_tc_k16_s0/semantic.json,0,train,m prediction from u,tc,0.9982536278503122
,,,fidelity,76d86f1a83bde7f8f6389684cd2a3913c923e21ccfbe42e40d3255385a9982b1,,,point estimate; empirical LM/sparse ranges reported separately,u_to_m,16,"[13.0,16.0,16.0,16.0,16.0,16.0]",7,0,ev,seed0_l7_tc_k16_s0,P8,READ,50000,experiment_v1_4/phase_archives/P8/P8_evaluation_raw.zip::runs/seed0_l7_tc_k16_s0/semantic.json,0,train,m prediction from u,tc,0.9982750688073476
,,,fidelity,76d86f1a83bde7f8f6389684cd2a3913c923e21ccfbe42e40d3255385a9982b1,,,point estimate; empirical LM/sparse ranges reported separately,u_to_m,16,"[13.0,16.0,16.0,16.0,16.0,16.0]",7,0,inactive_fraction,seed0_l7_tc_k16_s0,P8,READ,50000,experiment_v1_4/phase_archives/P8/P8_evaluation_raw.zip::runs/seed0_l7_tc_k16_s0/semantic.json,0,train,m prediction from u,tc,0.48046875
,,,fidelity,76d86f1a83bde7f8f6389684cd2a3913c923e21ccfbe42e40d3255385a9982b1,,,point estimate; empirical LM/sparse ranges reported separately,u_to_m,16,"[13.0,16.0,16.0,16.0,16.0,16.0]",7,0,inactive_count,seed0_l7_tc_k16_s0,P8,READ,50000,experiment_v1_4/phase_archives/P8/P8_evaluation_raw.zip::runs/seed0_l7_tc_k16_s0/semantic.json,0,train,m prediction from u,tc,246
,,,fidelity,76d86f1a83bde7f8f6389684cd2a3913c923e21ccfbe42e40d3255385a9982b1,,,point estimate; empirical LM/sparse ranges reported separately,u_to_m,16,"[13.0,16.0,16.0,16.0,16.0,16.0]",7,0,l0_mean,seed0_l7_tc_k16_s0,P8,READ,50000,experiment_v1_4/phase_archives/P8/P8_evaluation_raw.zip::runs/seed0_l7_tc_k16_s0/semantic.json,0,train,m prediction from u,tc,15.96642
,,,fidelity,76d86f1a83bde7f8f6389684cd2a3913c923e21ccfbe42e40d3255385a9982b1,,,point estimate; empirical LM/sparse ranges reported separately,u_to_m,16,"[13.0,16.0,16.0,16.0,16.0,16.0]",7,0,l0_median,seed0_l7_tc_k16_s0,P8,READ,50000,experiment_v1_4/phase_archives/P8/P8_evaluation_raw.zip::runs/seed0_l7_tc_k16_s0/semantic.json,0,train,m prediction from u,tc,16.0
,,,fidelity,76d86f1a83bde7f8f6389684cd2a3913c923e21ccfbe42e40d3255385a9982b1,,,point estimate; empirical LM/sparse ranges reported separately,u_to_m,16,"[13.0,16.0,16.0,16.0,16.0,16.0]",7,0,dead_fraction,seed0_l7_tc_k16_s0,P8,READ,50000,experiment_v1_4/phase_archives/P8/P8_evaluation_raw.zip::runs/seed0_l7_tc_k16_s0/semantic.json,0,train,m prediction from u,tc,0.48046875
,,,fidelity,76d86f1a83bde7f8f6389684cd2a3913c923e21ccfbe42e40d3255385a9982b1,,,point estimate; empirical LM/sparse ranges reported separately,u_to_m,16,"[13.0,16.0,16.0,16.0,16.0,16.0]",7,0,mse,seed0_l7_tc_k16_s0,P8,READ,10000,experiment_v1_4/phase_archives/P8/P8_evaluation_raw.zip::runs/seed0_l7_tc_k16_s0/semantic.json,0,val,m prediction from u,tc,0.0019340429078440356
,,,fidelity,76d86f1a83bde7f8f6389684cd2a3913c923e21ccfbe42e40d3255385a9982b1,,,point estimate; empirical LM/sparse ranges reported separately,u_to_m,16,"[13.0,16.0,16.0,16.0,16.0,16.0]",7,0,nmse,seed0_l7_tc_k16_s0,P8,READ,10000,experiment_v1_4/phase_archives/P8/P8_evaluation_raw.zip::runs/seed0_l7_tc_k16_s0/semantic.json,0,val,m prediction from u,tc,0.0018895321501337858
,,,fidelity,76d86f1a83bde7f8f6389684cd2a3913c923e21ccfbe42e40d3255385a9982b1,,,point estimate; empirical LM/sparse ranges reported separately,u_to_m,16,"[13.0,16.0,16.0,16.0,16.0,16.0]",7,0,r2,seed0_l7_tc_k16_s0,P8,READ,10000,experiment_v1_4/phase_archives/P8/P8_evaluation_raw.zip::runs/seed0_l7_tc_k16_s0/semantic.json,0,val,m prediction from u,tc,0.9981102412327981
,,,fidelity,76d86f1a83bde7f8f6389684cd2a3913c923e21ccfbe42e40d3255385a9982b1,,,point estimate; empirical LM/sparse ranges reported separately,u_to_m,16,"[13.0,16.0,16.0,16.0,16.0,16.0]",7,0,ev,seed0_l7_tc_k16_s0,P8,READ,10000,experiment_v1_4/phase_archives/P8/P8_evaluation_raw.zip::runs/seed0_l7_tc_k16_s0/semantic.json,0,val,m prediction from u,tc,0.9981301879087908
,,,fidelity,76d86f1a83bde7f8f6389684cd2a3913c923e21ccfbe42e40d3255385a9982b1,,,point estimate; empirical LM/sparse ranges reported separately,u_to_m,16,"[13.0,16.0,16.0,16.0,16.0,16.0]",7,0,inactive_fraction,seed0_l7_tc_k16_s0,P8,READ,10000,experiment_v1_4/phase_archives/P8/P8_evaluation_raw.zip::runs/seed0_l7_tc_k16_s0/semantic.json,0,val,m prediction from u,tc,0.541015625
,,,fidelity,76d86f1a83bde7f8f6389684cd2a3913c923e21ccfbe42e40d3255385a9982b1,,,point estimate; empirical LM/sparse ranges reported separately,u_to_m,16,"[13.0,16.0,16.0,16.0,16.0,16.0]",7,0,inactive_count,seed0_l7_tc_k16_s0,P8,READ,10000,experiment_v1_4/phase_archives/P8/P8_evaluation_raw.zip::runs/seed0_l7_tc_k16_s0/semantic.json,0,val,m prediction from u,tc,277
,,,fidelity,76d86f1a83bde7f8f6389684cd2a3913c923e21ccfbe42e40d3255385a9982b1,,,point estimate; empirical LM/sparse ranges reported separately,u_to_m,16,"[13.0,16.0,16.0,16.0,16.0,16.0]",7,0,l0_mean,seed0_l7_tc_k16_s0,P8,READ,10000,experiment_v1_4/phase_archives/P8/P8_evaluation_raw.zip::runs/seed0_l7_tc_k16_s0/semantic.json,0,val,m prediction from u,tc,15.9689
,,,fidelity,76d86f1a83bde7f8f6389684cd2a3913c923e21ccfbe42e40d3255385a9982b1,,,point estimate; empirical LM/sparse ranges reported separately,u_to_m,16,"[13.0,16.0,16.0,16.0,16.0,16.0]",7,0,l0_median,seed0_l7_tc_k16_s0,P8,READ,10000,experiment_v1_4/phase_archives/P8/P8_evaluation_raw.zip::runs/seed0_l7_tc_k16_s0/semantic.json,0,val,m prediction from u,tc,16.0
,,,fidelity,76d86f1a83bde7f8f6389684cd2a3913c923e21ccfbe42e40d3255385a9982b1,,,point estimate; empirical LM/sparse ranges reported separately,u_to_m,16,"[13.0,16.0,16.0,16.0,16.0,16.0]",7,0,dead_fraction,seed0_l7_tc_k16_s0,P8,READ,10000,experiment_v1_4/phase_archives/P8/P8_evaluation_raw.zip::runs/seed0_l7_tc_k16_s0/semantic.json,0,val,m prediction from u,tc,0.48046875
,,,fidelity,76d86f1a83bde7f8f6389684cd2a3913c923e21ccfbe42e40d3255385a9982b1,,,point estimate; empirical LM/sparse ranges reported separately,u_to_m,16,"[12.0,16.0,16.0,16.0,16.0,16.0]",7,0,mse,seed0_l7_tc_k16_s0,P8,READ,20000,experiment_v1_4/phase_archives/P8/P8_evaluation_raw.zip::runs/seed0_l7_tc_k16_s0/semantic.json,0,test,m prediction from u,tc,0.0018698964533172184
,,,fidelity,76d86f1a83bde7f8f6389684cd2a3913c923e21ccfbe42e40d3255385a9982b1,,,point estimate; empirical LM/sparse ranges reported separately,u_to_m,16,"[12.0,16.0,16.0,16.0,16.0,16.0]",7,0,nmse,seed0_l7_tc_k16_s0,P8,READ,20000,experiment_v1_4/phase_archives/P8/P8_evaluation_raw.zip::runs/seed0_l7_tc_k16_s0/semantic.json,0,test,m prediction from u,tc,0.0018476843835930554
,,,fidelity,76d86f1a83bde7f8f6389684cd2a3913c923e21ccfbe42e40d3255385a9982b1,,,point estimate; empirical LM/sparse ranges reported separately,u_to_m,16,"[12.0,16.0,16.0,16.0,16.0,16.0]",7,0,r2,seed0_l7_tc_k16_s0,P8,READ,20000,experiment_v1_4/phase_archives/P8/P8_evaluation_raw.zip::runs/seed0_l7_tc_k16_s0/semantic.json,0,test,m prediction from u,tc,0.998152284149841
,,,fidelity,76d86f1a83bde7f8f6389684cd2a3913c923e21ccfbe42e40d3255385a9982b1,,,point estimate; empirical LM/sparse ranges reported separately,u_to_m,16,"[12.0,16.0,16.0,16.0,16.0,16.0]",7,0,ev,seed0_l7_tc_k16_s0,P8,READ,20000,experiment_v1_4/phase_archives/P8/P8_evaluation_raw.zip::runs/seed0_l7_tc_k16_s0/semantic.json,0,test,m prediction from u,tc,0.9981728668862981
,,,fidelity,76d86f1a83bde7f8f6389684cd2a3913c923e21ccfbe42e40d3255385a9982b1,,,point estimate; empirical LM/sparse ranges reported separately,u_to_m,16,"[12.0,16.0,16.0,16.0,16.0,16.0]",7,0,inactive_fraction,seed0_l7_tc_k16_s0,P8,READ,20000,experiment_v1_4/phase_archives/P8/P8_evaluation_raw.zip::runs/seed0_l7_tc_k16_s0/semantic.json,0,test,m prediction from u,tc,0.490234375
,,,fidelity,76d86f1a83bde7f8f6389684cd2a3913c923e21ccfbe42e40d3255385a9982b1,,,point estimate; empirical LM/sparse ranges reported separately,u_to_m,16,"[12.0,16.0,16.0,16.0,16.0,16.0]",7,0,inactive_count,seed0_l7_tc_k16_s0,P8,READ,20000,experiment_v1_4/phase_archives/P8/P8_evaluation_raw.zip::runs/seed0_l7_tc_k16_s0/semantic.json,0,test,m prediction from u,tc,251
,,,fidelity,76d86f1a83bde7f8f6389684cd2a3913c923e21ccfbe42e40d3255385a9982b1,,,point estimate; empirical LM/sparse ranges reported separately,u_to_m,16,"[12.0,16.0,16.0,16.0,16.0,16.0]",7,0,l0_mean,seed0_l7_tc_k16_s0,P8,READ,20000,experiment_v1_4/phase_archives/P8/P8_evaluation_raw.zip::runs/seed0_l7_tc_k16_s0/semantic.json,0,test,m prediction from u,tc,15.96725
,,,fidelity,76d86f1a83bde7f8f6389684cd2a3913c923e21ccfbe42e40d3255385a9982b1,,,point estimate; empirical LM/sparse ranges reported separately,u_to_m,16,"[12.0,16.0,16.0,16.0,16.0,16.0]",7,0,l0_median,seed0_l7_tc_k16_s0,P8,READ,20000,experiment_v1_4/phase_archives/P8/P8_evaluation_raw.zip::runs/seed0_l7_tc_k16_s0/semantic.json,0,test,m prediction from u,tc,16.0
,,,fidelity,76d86f1a83bde7f8f6389684cd2a3913c923e21ccfbe42e40d3255385a9982b1,,,point estimate; empirical LM/sparse ranges reported separately,u_to_m,16,"[12.0,16.0,16.0,16.0,16.0,16.0]",7,0,dead_fraction,seed0_l7_tc_k16_s0,P8,READ,20000,experiment_v1_4/phase_archives/P8/P8_evaluation_raw.zip::runs/seed0_l7_tc_k16_s0/semantic.json,0,test,m prediction from u,tc,0.48046875
1000,4989136918441523821,1000,replacement,76d86f1a83bde7f8f6389684cd2a3913c923e21ccfbe42e40d3255385a9982b1,0.0006336775432930874,0.00017243180095666833,,u_to_m,16,,7,0,original_ce,seed0_l7_tc_k16_s0,P8,READ,2048,experiment_v1_4/phase_archives/P8/P8_evaluation_raw.zip::runs/seed0_l7_tc_k16_s0/summary.json,0,behavior_test,m prediction from u,tc,0.00037435924538775645
1000,4989136918441523821,1000,replacement,76d86f1a83bde7f8f6389684cd2a3913c923e21ccfbe42e40d3255385a9982b1,0.0006340128395583289,0.00017348960784749345,,u_to_m,16,,7,0,patched_ce,seed0_l7_tc_k16_s0,P8,READ,2048,experiment_v1_4/phase_archives/P8/P8_evaluation_raw.zip::runs/seed0_l7_tc_k16_s0/summary.json,0,behavior_test,m prediction from u,tc,0.0003767561772116679
1000,4989136918441523821,1000,replacement,76d86f1a83bde7f8f6389684cd2a3913c923e21ccfbe42e40d3255385a9982b1,5.682654188710055e-06,-3.1122958065732396e-07,,u_to_m,16,,7,0,delta_ce,seed0_l7_tc_k16_s0,P8,READ,2048,experiment_v1_4/phase_archives/P8/P8_evaluation_raw.zip::runs/seed0_l7_tc_k16_s0/summary.json,0,behavior_test,m prediction from u,tc,2.39693182391143e-06
1000,4989136918441523821,1000,replacement,76d86f1a83bde7f8f6389684cd2a3913c923e21ccfbe42e40d3255385a9982b1,1.0,1.0,,u_to_m,16,,7,0,original_accuracy,seed0_l7_tc_k16_s0,P8,READ,2048,experiment_v1_4/phase_archives/P8/P8_evaluation_raw.zip::runs/seed0_l7_tc_k16_s0/summary.json,0,behavior_test,m prediction from u,tc,1.0
1000,4989136918441523821,1000,replacement,76d86f1a83bde7f8f6389684cd2a3913c923e21ccfbe42e40d3255385a9982b1,1.0,1.0,,u_to_m,16,,7,0,patched_accuracy,seed0_l7_tc_k16_s0,P8,READ,2048,experiment_v1_4/phase_archives/P8/P8_evaluation_raw.zip::runs/seed0_l7_tc_k16_s0/summary.json,0,behavior_test,m prediction from u,tc,1.0
1000,4989136918441523821,1000,replacement,76d86f1a83bde7f8f6389684cd2a3913c923e21ccfbe42e40d3255385a9982b1,0.0,0.0,,u_to_m,16,,7,0,delta_accuracy,seed0_l7_tc_k16_s0,P8,READ,2048,experiment_v1_4/phase_archives/P8/P8_evaluation_raw.zip::runs/seed0_l7_tc_k16_s0/summary.json,0,behavior_test,m prediction from u,tc,0.0
,,,fidelity,76d86f1a83bde7f8f6389684cd2a3913c923e21ccfbe42e40d3255385a9982b1,,,point estimate; empirical LM/sparse ranges reported separately,u_to_m,4,"[3.0,4.0,4.0,4.0,4.0,4.0]",11,0,mse,seed0_l11_tc_k4_s0,P8,READ,50000,experiment_v1_4/phase_archives/P8/P8_evaluation_raw.zip::runs/seed0_l11_tc_k4_s0/semantic.json,0,train,m prediction from u,tc,0.00167832636848564
,,,fidelity,76d86f1a83bde7f8f6389684cd2a3913c923e21ccfbe42e40d3255385a9982b1,,,point estimate; empirical LM/sparse ranges reported separately,u_to_m,4,"[3.0,4.0,4.0,4.0,4.0,4.0]",11,0,nmse,seed0_l11_tc_k4_s0,P8,READ,50000,experiment_v1_4/phase_archives/P8/P8_evaluation_raw.zip::runs/seed0_l11_tc_k4_s0/semantic.json,0,train,m prediction from u,tc,0.0016783264961646362
,,,fidelity,76d86f1a83bde7f8f6389684cd2a3913c923e21ccfbe42e40d3255385a9982b1,,,point estimate; empirical LM/sparse ranges reported separately,u_to_m,4,"[3.0,4.0,4.0,4.0,4.0,4.0]",11,0,r2,seed0_l11_tc_k4_s0,P8,READ,50000,experiment_v1_4/phase_archives/P8/P8_evaluation_raw.zip::runs/seed0_l11_tc_k4_s0/semantic.json,0,train,m prediction from u,tc,0.9983216735038354
,,,fidelity,76d86f1a83bde7f8f6389684cd2a3913c923e21ccfbe42e40d3255385a9982b1,,,point estimate; empirical LM/sparse ranges reported separately,u_to_m,4,"[3.0,4.0,4.0,4.0,4.0,4.0]",11,0,ev,seed0_l11_tc_k4_s0,P8,READ,50000,experiment_v1_4/phase_archives/P8/P8_evaluation_raw.zip::runs/seed0_l11_tc_k4_s0/semantic.json,0,train,m prediction from u,tc,0.9983304139854966
,,,fidelity,76d86f1a83bde7f8f6389684cd2a3913c923e21ccfbe42e40d3255385a9982b1,,,point estimate; empirical LM/sparse ranges reported separately,u_to_m,4,"[3.0,4.0,4.0,4.0,4.0,4.0]",11,0,inactive_fraction,seed0_l11_tc_k4_s0,P8,READ,50000,experiment_v1_4/phase_archives/P8/P8_evaluation_raw.zip::runs/seed0_l11_tc_k4_s0/semantic.json,0,train,m prediction from u,tc,0.76953125
,,,fidelity,76d86f1a83bde7f8f6389684cd2a3913c923e21ccfbe42e40d3255385a9982b1,,,point estimate; empirical LM/sparse ranges reported separately,u_to_m,4,"[3.0,4.0,4.0,4.0,4.0,4.0]",11,0,inactive_count,seed0_l11_tc_k4_s0,P8,READ,50000,experiment_v1_4/phase_archives/P8/P8_evaluation_raw.zip::runs/seed0_l11_tc_k4_s0/semantic.json,0,train,m prediction from u,tc,394
,,,fidelity,76d86f1a83bde7f8f6389684cd2a3913c923e21ccfbe42e40d3255385a9982b1,,,point estimate; empirical LM/sparse ranges reported separately,u_to_m,4,"[3.0,4.0,4.0,4.0,4.0,4.0]",11,0,l0_mean,seed0_l11_tc_k4_s0,P8,READ,50000,experiment_v1_4/phase_archives/P8/P8_evaluation_raw.zip::runs/seed0_l11_tc_k4_s0/semantic.json,0,train,m prediction from u,tc,3.9997
,,,fidelity,76d86f1a83bde7f8f6389684cd2a3913c923e21ccfbe42e40d3255385a9982b1,,,point estimate; empirical LM/sparse ranges reported separately,u_to_m,4,"[3.0,4.0,4.0,4.0,4.0,4.0]",11,0,l0_median,seed0_l11_tc_k4_s0,P8,READ,50000,experiment_v1_4/phase_archives/P8/P8_evaluation_raw.zip::runs/seed0_l11_tc_k4_s0/semantic.json,0,train,m prediction from u,tc,4.0
,,,fidelity,76d86f1a83bde7f8f6389684cd2a3913c923e21ccfbe42e40d3255385a9982b1,,,point estimate; empirical LM/sparse ranges reported separately,u_to_m,4,"[3.0,4.0,4.0,4.0,4.0,4.0]",11,0,dead_fraction,seed0_l11_tc_k4_s0,P8,READ,50000,experiment_v1_4/phase_archives/P8/P8_evaluation_raw.zip::runs/seed0_l11_tc_k4_s0/semantic.json,0,train,m prediction from u,tc,0.76953125
,,,fidelity,76d86f1a83bde7f8f6389684cd2a3913c923e21ccfbe42e40d3255385a9982b1,,,point estimate; empirical LM/sparse ranges reported separately,u_to_m,4,"[3.0,4.0,4.0,4.0,4.0,4.0]",11,0,mse,seed0_l11_tc_k4_s0,P8,READ,10000,experiment_v1_4/phase_archives/P8/P8_evaluation_raw.zip::runs/seed0_l11_tc_k4_s0/semantic.json,0,val,m prediction from u,tc,0.001706231520024614
,,,fidelity,76d86f1a83bde7f8f6389684cd2a3913c923e21ccfbe42e40d3255385a9982b1,,,point estimate; empirical LM/sparse ranges reported separately,u_to_m,4,"[3.0,4.0,4.0,4.0,4.0,4.0]",11,0,nmse,seed0_l11_tc_k4_s0,P8,READ,10000,experiment_v1_4/phase_archives/P8/P8_evaluation_raw.zip::runs/seed0_l11_tc_k4_s0/semantic.json,0,val,m prediction from u,tc,0.0017075983087017333
,,,fidelity,76d86f1a83bde7f8f6389684cd2a3913c923e21ccfbe42e40d3255385a9982b1,,,point estimate; empirical LM/sparse ranges reported separately,u_to_m,4,"[3.0,4.0,4.0,4.0,4.0,4.0]",11,0,r2,seed0_l11_tc_k4_s0,P8,READ,10000,experiment_v1_4/phase_archives/P8/P8_evaluation_raw.zip::runs/seed0_l11_tc_k4_s0/semantic.json,0,val,m prediction from u,tc,0.998291854108651
,,,fidelity,76d86f1a83bde7f8f6389684cd2a3913c923e21ccfbe42e40d3255385a9982b1,,,point estimate; empirical LM/sparse ranges reported separately,u_to_m,4,"[3.0,4.0,4.0,4.0,4.0,4.0]",11,0,ev,seed0_l11_tc_k4_s0,P8,READ,10000,experiment_v1_4/phase_archives/P8/P8_evaluation_raw.zip::runs/seed0_l11_tc_k4_s0/semantic.json,0,val,m prediction from u,tc,0.9983000229989335
,,,fidelity,76d86f1a83bde7f8f6389684cd2a3913c923e21ccfbe42e40d3255385a9982b1,,,point estimate; empirical LM/sparse ranges reported separately,u_to_m,4,"[3.0,4.0,4.0,4.0,4.0,4.0]",11,0,inactive_fraction,seed0_l11_tc_k4_s0,P8,READ,10000,experiment_v1_4/phase_archives/P8/P8_evaluation_raw.zip::runs/seed0_l11_tc_k4_s0/semantic.json,0,val,m prediction from u,tc,0.83203125
,,,fidelity,76d86f1a83bde7f8f6389684cd2a3913c923e21ccfbe42e40d3255385a9982b1,,,point estimate; empirical LM/sparse ranges reported separately,u_to_m,4,"[3.0,4.0,4.0,4.0,4.0,4.0]",11,0,inactive_count,seed0_l11_tc_k4_s0,P8,READ,10000,experiment_v1_4/phase_archives/P8/P8_evaluation_raw.zip::runs/seed0_l11_tc_k4_s0/semantic.json,0,val,m prediction from u,tc,426
,,,fidelity,76d86f1a83bde7f8f6389684cd2a3913c923e21ccfbe42e40d3255385a9982b1,,,point estimate; empirical LM/sparse ranges reported separately,u_to_m,4,"[3.0,4.0,4.0,4.0,4.0,4.0]",11,0,l0_mean,seed0_l11_tc_k4_s0,P8,READ,10000,experiment_v1_4/phase_archives/P8/P8_evaluation_raw.zip::runs/seed0_l11_tc_k4_s0/semantic.json,0,val,m prediction from u,tc,3.9999
,,,fidelity,76d86f1a83bde7f8f6389684cd2a3913c923e21ccfbe42e40d3255385a9982b1,,,point estimate; empirical LM/sparse ranges reported separately,u_to_m,4,"[3.0,4.0,4.0,4.0,4.0,4.0]",11,0,l0_median,seed0_l11_tc_k4_s0,P8,READ,10000,experiment_v1_4/phase_archives/P8/P8_evaluation_raw.zip::runs/seed0_l11_tc_k4_s0/semantic.json,0,val,m prediction from u,tc,4.0
,,,fidelity,76d86f1a83bde7f8f6389684cd2a3913c923e21ccfbe42e40d3255385a9982b1,,,point estimate; empirical LM/sparse ranges reported separately,u_to_m,4,"[3.0,4.0,4.0,4.0,4.0,4.0]",11,0,dead_fraction,seed0_l11_tc_k4_s0,P8,READ,10000,experiment_v1_4/phase_archives/P8/P8_evaluation_raw.zip::runs/seed0_l11_tc_k4_s0/semantic.json,0,val,m prediction from u,tc,0.76953125
,,,fidelity,76d86f1a83bde7f8f6389684cd2a3913c923e21ccfbe42e40d3255385a9982b1,,,point estimate; empirical LM/sparse ranges reported separately,u_to_m,4,"[3.0,4.0,4.0,4.0,4.0,4.0]",11,0,mse,seed0_l11_tc_k4_s0,P8,READ,20000,experiment_v1_4/phase_archives/P8/P8_evaluation_raw.zip::runs/seed0_l11_tc_k4_s0/semantic.json,0,test,m prediction from u,tc,0.001695326242645352
,,,fidelity,76d86f1a83bde7f8f6389684cd2a3913c923e21ccfbe42e40d3255385a9982b1,,,point estimate; empirical LM/sparse ranges reported separately,u_to_m,4,"[3.0,4.0,4.0,4.0,4.0,4.0]",11,0,nmse,seed0_l11_tc_k4_s0,P8,READ,20000,experiment_v1_4/phase_archives/P8/P8_evaluation_raw.zip::runs/seed0_l11_tc_k4_s0/semantic.json,0,test,m prediction from u,tc,0.0016989200033500546
,,,fidelity,76d86f1a83bde7f8f6389684cd2a3913c923e21ccfbe42e40d3255385a9982b1,,,point estimate; empirical LM/sparse ranges reported separately,u_to_m,4,"[3.0,4.0,4.0,4.0,4.0,4.0]",11,0,r2,seed0_l11_tc_k4_s0,P8,READ,20000,experiment_v1_4/phase_archives/P8/P8_evaluation_raw.zip::runs/seed0_l11_tc_k4_s0/semantic.json,0,test,m prediction from u,tc,0.9983010160963852
,,,fidelity,76d86f1a83bde7f8f6389684cd2a3913c923e21ccfbe42e40d3255385a9982b1,,,point estimate; empirical LM/sparse ranges reported separately,u_to_m,4,"[3.0,4.0,4.0,4.0,4.0,4.0]",11,0,ev,seed0_l11_tc_k4_s0,P8,READ,20000,experiment_v1_4/phase_archives/P8/P8_evaluation_raw.zip::runs/seed0_l11_tc_k4_s0/semantic.json,0,test,m prediction from u,tc,0.9983100267981996
,,,fidelity,76d86f1a83bde7f8f6389684cd2a3913c923e21ccfbe42e40d3255385a9982b1,,,point estimate; empirical LM/sparse ranges reported separately,u_to_m,4,"[3.0,4.0,4.0,4.0,4.0,4.0]",11,0,inactive_fraction,seed0_l11_tc_k4_s0,P8,READ,20000,experiment_v1_4/phase_archives/P8/P8_evaluation_raw.zip::runs/seed0_l11_tc_k4_s0/semantic.json,0,test,m prediction from u,tc,0.80859375
,,,fidelity,76d86f1a83bde7f8f6389684cd2a3913c923e21ccfbe42e40d3255385a9982b1,,,point estimate; empirical LM/sparse ranges reported separately,u_to_m,4,"[3.0,4.0,4.0,4.0,4.0,4.0]",11,0,inactive_count,seed0_l11_tc_k4_s0,P8,READ,20000,experiment_v1_4/phase_archives/P8/P8_evaluation_raw.zip::runs/seed0_l11_tc_k4_s0/semantic.json,0,test,m prediction from u,tc,414
,,,fidelity,76d86f1a83bde7f8f6389684cd2a3913c923e21ccfbe42e40d3255385a9982b1,,,point estimate; empirical LM/sparse ranges reported separately,u_to_m,4,"[3.0,4.0,4.0,4.0,4.0,4.0]",11,0,l0_mean,seed0_l11_tc_k4_s0,P8,READ,20000,experiment_v1_4/phase_archives/P8/P8_evaluation_raw.zip::runs/seed0_l11_tc_k4_s0/semantic.json,0,test,m prediction from u,tc,3.9997
,,,fidelity,76d86f1a83bde7f8f6389684cd2a3913c923e21ccfbe42e40d3255385a9982b1,,,point estimate; empirical LM/sparse ranges reported separately,u_to_m,4,"[3.0,4.0,4.0,4.0,4.0,4.0]",11,0,l0_median,seed0_l11_tc_k4_s0,P8,READ,20000,experiment_v1_4/phase_archives/P8/P8_evaluation_raw.zip::runs/seed0_l11_tc_k4_s0/semantic.json,0,test,m prediction from u,tc,4.0
,,,fidelity,76d86f1a83bde7f8f6389684cd2a3913c923e21ccfbe42e40d3255385a9982b1,,,point estimate; empirical LM/sparse ranges reported separately,u_to_m,4,"[3.0,4.0,4.0,4.0,4.0,4.0]",11,0,dead_fraction,seed0_l11_tc_k4_s0,P8,READ,20000,experiment_v1_4/phase_archives/P8/P8_evaluation_raw.zip::runs/seed0_l11_tc_k4_s0/semantic.json,0,test,m prediction from u,tc,0.76953125
1000,2046613980460003004,1000,replacement,76d86f1a83bde7f8f6389684cd2a3913c923e21ccfbe42e40d3255385a9982b1,0.0006276997124625038,0.00017929626803496744,,u_to_m,4,,11,0,original_ce,seed0_l11_tc_k4_s0,P8,READ,2048,experiment_v1_4/phase_archives/P8/P8_evaluation_raw.zip::runs/seed0_l11_tc_k4_s0/summary.json,0,behavior_test,m prediction from u,tc,0.00037435924538775645
1000,2046613980460003004,1000,replacement,76d86f1a83bde7f8f6389684cd2a3913c923e21ccfbe42e40d3255385a9982b1,0.0006410593059555436,0.00017783369672046966,,u_to_m,4,,11,0,patched_ce,seed0_l11_tc_k4_s0,P8,READ,2048,experiment_v1_4/phase_archives/P8/P8_evaluation_raw.zip::runs/seed0_l11_tc_k4_s0/summary.json,0,behavior_test,m prediction from u,tc,0.0003786394075679933
1000,2046613980460003004,1000,replacement,76d86f1a83bde7f8f6389684cd2a3913c923e21ccfbe42e40d3255385a9982b1,1.5610186605941045e-05,-5.329081075045039e-06,,u_to_m,4,,11,0,delta_ce,seed0_l11_tc_k4_s0,P8,READ,2048,experiment_v1_4/phase_archives/P8/P8_evaluation_raw.zip::runs/seed0_l11_tc_k4_s0/summary.json,0,behavior_test,m prediction from u,tc,4.280162180236857e-06
1000,2046613980460003004,1000,replacement,76d86f1a83bde7f8f6389684cd2a3913c923e21ccfbe42e40d3255385a9982b1,1.0,1.0,,u_to_m,4,,11,0,original_accuracy,seed0_l11_tc_k4_s0,P8,READ,2048,experiment_v1_4/phase_archives/P8/P8_evaluation_raw.zip::runs/seed0_l11_tc_k4_s0/summary.json,0,behavior_test,m prediction from u,tc,1.0
1000,2046613980460003004,1000,replacement,76d86f1a83bde7f8f6389684cd2a3913c923e21ccfbe42e40d3255385a9982b1,1.0,1.0,,u_to_m,4,,11,0,patched_accuracy,seed0_l11_tc_k4_s0,P8,READ,2048,experiment_v1_4/phase_archives/P8/P8_evaluation_raw.zip::runs/seed0_l11_tc_k4_s0/summary.json,0,behavior_test,m prediction from u,tc,1.0
1000,2046613980460003004,1000,replacement,76d86f1a83bde7f8f6389684cd2a3913c923e21ccfbe42e40d3255385a9982b1,0.0,0.0,,u_to_m,4,,11,0,delta_accuracy,seed0_l11_tc_k4_s0,P8,READ,2048,experiment_v1_4/phase_archives/P8/P8_evaluation_raw.zip::runs/seed0_l11_tc_k4_s0/summary.json,0,behavior_test,m prediction from u,tc,0.0
,,,fidelity,76d86f1a83bde7f8f6389684cd2a3913c923e21ccfbe42e40d3255385a9982b1,,,point estimate; empirical LM/sparse ranges reported separately,u_to_m,16,"[12.0,16.0,16.0,16.0,16.0,16.0]",11,0,mse,seed0_l11_tc_k16_s0,P8,READ,50000,experiment_v1_4/phase_archives/P8/P8_evaluation_raw.zip::runs/seed0_l11_tc_k16_s0/semantic.json,0,train,m prediction from u,tc,0.0004405913542965454
,,,fidelity,76d86f1a83bde7f8f6389684cd2a3913c923e21ccfbe42e40d3255385a9982b1,,,point estimate; empirical LM/sparse ranges reported separately,u_to_m,16,"[12.0,16.0,16.0,16.0,16.0,16.0]",11,0,nmse,seed0_l11_tc_k16_s0,P8,READ,50000,experiment_v1_4/phase_archives/P8/P8_evaluation_raw.zip::runs/seed0_l11_tc_k16_s0/semantic.json,0,train,m prediction from u,tc,0.00044059138781461614
,,,fidelity,76d86f1a83bde7f8f6389684cd2a3913c923e21ccfbe42e40d3255385a9982b1,,,point estimate; empirical LM/sparse ranges reported separately,u_to_m,16,"[12.0,16.0,16.0,16.0,16.0,16.0]",11,0,r2,seed0_l11_tc_k16_s0,P8,READ,50000,experiment_v1_4/phase_archives/P8/P8_evaluation_raw.zip::runs/seed0_l11_tc_k16_s0/semantic.json,0,train,m prediction from u,tc,0.9995594086121854
,,,fidelity,76d86f1a83bde7f8f6389684cd2a3913c923e21ccfbe42e40d3255385a9982b1,,,point estimate; empirical LM/sparse ranges reported separately,u_to_m,16,"[12.0,16.0,16.0,16.0,16.0,16.0]",11,0,ev,seed0_l11_tc_k16_s0,P8,READ,50000,experiment_v1_4/phase_archives/P8/P8_evaluation_raw.zip::runs/seed0_l11_tc_k16_s0/semantic.json,0,train,m prediction from u,tc,0.9995649303026567
,,,fidelity,76d86f1a83bde7f8f6389684cd2a3913c923e21ccfbe42e40d3255385a9982b1,,,point estimate; empirical LM/sparse ranges reported separately,u_to_m,16,"[12.0,16.0,16.0,16.0,16.0,16.0]",11,0,inactive_fraction,seed0_l11_tc_k16_s0,P8,READ,50000,experiment_v1_4/phase_archives/P8/P8_evaluation_raw.zip::runs/seed0_l11_tc_k16_s0/semantic.json,0,train,m prediction from u,tc,0.42578125
,,,fidelity,76d86f1a83bde7f8f6389684cd2a3913c923e21ccfbe42e40d3255385a9982b1,,,point estimate; empirical LM/sparse ranges reported separately,u_to_m,16,"[12.0,16.0,16.0,16.0,16.0,16.0]",11,0,inactive_count,seed0_l11_tc_k16_s0,P8,READ,50000,experiment_v1_4/phase_archives/P8/P8_evaluation_raw.zip::runs/seed0_l11_tc_k16_s0/semantic.json,0,train,m prediction from u,tc,218
,,,fidelity,76d86f1a83bde7f8f6389684cd2a3913c923e21ccfbe42e40d3255385a9982b1,,,point estimate; empirical LM/sparse ranges reported separately,u_to_m,16,"[12.0,16.0,16.0,16.0,16.0,16.0]",11,0,l0_mean,seed0_l11_tc_k16_s0,P8,READ,50000,experiment_v1_4/phase_archives/P8/P8_evaluation_raw.zip::runs/seed0_l11_tc_k16_s0/semantic.json,0,train,m prediction from u,tc,15.94784
,,,fidelity,76d86f1a83bde7f8f6389684cd2a3913c923e21ccfbe42e40d3255385a9982b1,,,point estimate; empirical LM/sparse ranges reported separately,u_to_m,16,"[12.0,16.0,16.0,16.0,16.0,16.0]",11,0,l0_median,seed0_l11_tc_k16_s0,P8,READ,50000,experiment_v1_4/phase_archives/P8/P8_evaluation_raw.zip::runs/seed0_l11_tc_k16_s0/semantic.json,0,train,m prediction from u,tc,16.0
,,,fidelity,76d86f1a83bde7f8f6389684cd2a3913c923e21ccfbe42e40d3255385a9982b1,,,point estimate; empirical LM/sparse ranges reported separately,u_to_m,16,"[12.0,16.0,16.0,16.0,16.0,16.0]",11,0,dead_fraction,seed0_l11_tc_k16_s0,P8,READ,50000,experiment_v1_4/phase_archives/P8/P8_evaluation_raw.zip::runs/seed0_l11_tc_k16_s0/semantic.json,0,train,m prediction from u,tc,0.42578125
,,,fidelity,76d86f1a83bde7f8f6389684cd2a3913c923e21ccfbe42e40d3255385a9982b1,,,point estimate; empirical LM/sparse ranges reported separately,u_to_m,16,"[11.0,16.0,16.0,16.0,16.0,16.0]",11,0,mse,seed0_l11_tc_k16_s0,P8,READ,10000,experiment_v1_4/phase_archives/P8/P8_evaluation_raw.zip::runs/seed0_l11_tc_k16_s0/semantic.json,0,val,m prediction from u,tc,0.0004659671313311839
,,,fidelity,76d86f1a83bde7f8f6389684cd2a3913c923e21ccfbe42e40d3255385a9982b1,,,point estimate; empirical LM/sparse ranges reported separately,u_to_m,16,"[11.0,16.0,16.0,16.0,16.0,16.0]",11,0,nmse,seed0_l11_tc_k16_s0,P8,READ,10000,experiment_v1_4/phase_archives/P8/P8_evaluation_raw.zip::runs/seed0_l11_tc_k16_s0/semantic.json,0,val,m prediction from u,tc,0.00046634039755651075
,,,fidelity,76d86f1a83bde7f8f6389684cd2a3913c923e21ccfbe42e40d3255385a9982b1,,,point estimate; empirical LM/sparse ranges reported separately,u_to_m,16,"[11.0,16.0,16.0,16.0,16.0,16.0]",11,0,r2,seed0_l11_tc_k16_s0,P8,READ,10000,experiment_v1_4/phase_archives/P8/P8_evaluation_raw.zip::runs/seed0_l11_tc_k16_s0/semantic.json,0,val,m prediction from u,tc,0.9995335100591298
,,,fidelity,76d86f1a83bde7f8f6389684cd2a3913c923e21ccfbe42e40d3255385a9982b1,,,point estimate; empirical LM/sparse ranges reported separately,u_to_m,16,"[11.0,16.0,16.0,16.0,16.0,16.0]",11,0,ev,seed0_l11_tc_k16_s0,P8,READ,10000,experiment_v1_4/phase_archives/P8/P8_evaluation_raw.zip::runs/seed0_l11_tc_k16_s0/semantic.json,0,val,m prediction from u,tc,0.9995390839564582
,,,fidelity,76d86f1a83bde7f8f6389684cd2a3913c923e21ccfbe42e40d3255385a9982b1,,,point estimate; empirical LM/sparse ranges reported separately,u_to_m,16,"[11.0,16.0,16.0,16.0,16.0,16.0]",11,0,inactive_fraction,seed0_l11_tc_k16_s0,P8,READ,10000,experiment_v1_4/phase_archives/P8/P8_evaluation_raw.zip::runs/seed0_l11_tc_k16_s0/semantic.json,0,val,m prediction from u,tc,0.517578125
,,,fidelity,76d86f1a83bde7f8f6389684cd2a3913c923e21ccfbe42e40d3255385a9982b1,,,point estimate; empirical LM/sparse ranges reported separately,u_to_m,16,"[11.0,16.0,16.0,16.0,16.0,16.0]",11,0,inactive_count,seed0_l11_tc_k16_s0,P8,READ,10000,experiment_v1_4/phase_archives/P8/P8_evaluation_raw.zip::runs/seed0_l11_tc_k16_s0/semantic.json,0,val,m prediction from u,tc,265
,,,fidelity,76d86f1a83bde7f8f6389684cd2a3913c923e21ccfbe42e40d3255385a9982b1,,,point estimate; empirical LM/sparse ranges reported separately,u_to_m,16,"[11.0,16.0,16.0,16.0,16.0,16.0]",11,0,l0_mean,seed0_l11_tc_k16_s0,P8,READ,10000,experiment_v1_4/phase_archives/P8/P8_evaluation_raw.zip::runs/seed0_l11_tc_k16_s0/semantic.json,0,val,m prediction from u,tc,15.9477
,,,fidelity,76d86f1a83bde7f8f6389684cd2a3913c923e21ccfbe42e40d3255385a9982b1,,,point estimate; empirical LM/sparse ranges reported separately,u_to_m,16,"[11.0,16.0,16.0,16.0,16.0,16.0]",11,0,l0_median,seed0_l11_tc_k16_s0,P8,READ,10000,experiment_v1_4/phase_archives/P8/P8_evaluation_raw.zip::runs/seed0_l11_tc_k16_s0/semantic.json,0,val,m prediction from u,tc,16.0
,,,fidelity,76d86f1a83bde7f8f6389684cd2a3913c923e21ccfbe42e40d3255385a9982b1,,,point estimate; empirical LM/sparse ranges reported separately,u_to_m,16,"[11.0,16.0,16.0,16.0,16.0,16.0]",11,0,dead_fraction,seed0_l11_tc_k16_s0,P8,READ,10000,experiment_v1_4/phase_archives/P8/P8_evaluation_raw.zip::runs/seed0_l11_tc_k16_s0/semantic.json,0,val,m prediction from u,tc,0.42578125
,,,fidelity,76d86f1a83bde7f8f6389684cd2a3913c923e21ccfbe42e40d3255385a9982b1,,,point estimate; empirical LM/sparse ranges reported separately,u_to_m,16,"[11.0,16.0,16.0,16.0,16.0,16.0]",11,0,mse,seed0_l11_tc_k16_s0,P8,READ,20000,experiment_v1_4/phase_archives/P8/P8_evaluation_raw.zip::runs/seed0_l11_tc_k16_s0/semantic.json,0,test,m prediction from u,tc,0.0004614015726302132
,,,fidelity,76d86f1a83bde7f8f6389684cd2a3913c923e21ccfbe42e40d3255385a9982b1,,,point estimate; empirical LM/sparse ranges reported separately,u_to_m,16,"[11.0,16.0,16.0,16.0,16.0,16.0]",11,0,nmse,seed0_l11_tc_k16_s0,P8,READ,20000,experiment_v1_4/phase_archives/P8/P8_evaluation_raw.zip::runs/seed0_l11_tc_k16_s0/semantic.json,0,test,m prediction from u,tc,0.00046237965389805177
,,,fidelity,76d86f1a83bde7f8f6389684cd2a3913c923e21ccfbe42e40d3255385a9982b1,,,point estimate; empirical LM/sparse ranges reported separately,u_to_m,16,"[11.0,16.0,16.0,16.0,16.0,16.0]",11,0,r2,seed0_l11_tc_k16_s0,P8,READ,20000,experiment_v1_4/phase_archives/P8/P8_evaluation_raw.zip::runs/seed0_l11_tc_k16_s0/semantic.json,0,test,m prediction from u,tc,0.9995376029549462
,,,fidelity,76d86f1a83bde7f8f6389684cd2a3913c923e21ccfbe42e40d3255385a9982b1,,,point estimate; empirical LM/sparse ranges reported separately,u_to_m,16,"[11.0,16.0,16.0,16.0,16.0,16.0]",11,0,ev,seed0_l11_tc_k16_s0,P8,READ,20000,experiment_v1_4/phase_archives/P8/P8_evaluation_raw.zip::runs/seed0_l11_tc_k16_s0/semantic.json,0,test,m prediction from u,tc,0.9995432930331043
,,,fidelity,76d86f1a83bde7f8f6389684cd2a3913c923e21ccfbe42e40d3255385a9982b1,,,point estimate; empirical LM/sparse ranges reported separately,u_to_m,16,"[11.0,16.0,16.0,16.0,16.0,16.0]",11,0,inactive_fraction,seed0_l11_tc_k16_s0,P8,READ,20000,experiment_v1_4/phase_archives/P8/P8_evaluation_raw.zip::runs/seed0_l11_tc_k16_s0/semantic.json,0,test,m prediction from u,tc,0.45703125
,,,fidelity,76d86f1a83bde7f8f6389684cd2a3913c923e21ccfbe42e40d3255385a9982b1,,,point estimate; empirical LM/sparse ranges reported separately,u_to_m,16,"[11.0,16.0,16.0,16.0,16.0,16.0]",11,0,inactive_count,seed0_l11_tc_k16_s0,P8,READ,20000,experiment_v1_4/phase_archives/P8/P8_evaluation_raw.zip::runs/seed0_l11_tc_k16_s0/semantic.json,0,test,m prediction from u,tc,234
,,,fidelity,76d86f1a83bde7f8f6389684cd2a3913c923e21ccfbe42e40d3255385a9982b1,,,point estimate; empirical LM/sparse ranges reported separately,u_to_m,16,"[11.0,16.0,16.0,16.0,16.0,16.0]",11,0,l0_mean,seed0_l11_tc_k16_s0,P8,READ,20000,experiment_v1_4/phase_archives/P8/P8_evaluation_raw.zip::runs/seed0_l11_tc_k16_s0/semantic.json,0,test,m prediction from u,tc,15.9496
,,,fidelity,76d86f1a83bde7f8f6389684cd2a3913c923e21ccfbe42e40d3255385a9982b1,,,point estimate; empirical LM/sparse ranges reported separately,u_to_m,16,"[11.0,16.0,16.0,16.0,16.0,16.0]",11,0,l0_median,seed0_l11_tc_k16_s0,P8,READ,20000,experiment_v1_4/phase_archives/P8/P8_evaluation_raw.zip::runs/seed0_l11_tc_k16_s0/semantic.json,0,test,m prediction from u,tc,16.0
,,,fidelity,76d86f1a83bde7f8f6389684cd2a3913c923e21ccfbe42e40d3255385a9982b1,,,point estimate; empirical LM/sparse ranges reported separately,u_to_m,16,"[11.0,16.0,16.0,16.0,16.0,16.0]",11,0,dead_fraction,seed0_l11_tc_k16_s0,P8,READ,20000,experiment_v1_4/phase_archives/P8/P8_evaluation_raw.zip::runs/seed0_l11_tc_k16_s0/semantic.json,0,test,m prediction from u,tc,0.42578125
1000,4989136918441523821,1000,replacement,76d86f1a83bde7f8f6389684cd2a3913c923e21ccfbe42e40d3255385a9982b1,0.0006336775432930874,0.00017243180095666833,,u_to_m,16,,11,0,original_ce,seed0_l11_tc_k16_s0,P8,READ,2048,experiment_v1_4/phase_archives/P8/P8_evaluation_raw.zip::runs/seed0_l11_tc_k16_s0/summary.json,0,behavior_test,m prediction from u,tc,0.00037435924538775645
1000,4989136918441523821,1000,replacement,76d86f1a83bde7f8f6389684cd2a3913c923e21ccfbe42e40d3255385a9982b1,0.0006143934785251991,0.00016989463455143738,,u_to_m,16,,11,0,patched_ce,seed0_l11_tc_k16_s0,P8,READ,2048,experiment_v1_4/phase_archives/P8/P8_evaluation_raw.zip::runs/seed0_l11_tc_k16_s0/summary.json,0,behavior_test,m prediction from u,tc,0.00036597371679358837
1000,4989136918441523821,1000,replacement,76d86f1a83bde7f8f6389684cd2a3913c923e21ccfbe42e40d3255385a9982b1,-2.9334104728606695e-07,-2.415066183492076e-05,,u_to_m,16,,11,0,delta_ce,seed0_l11_tc_k16_s0,P8,READ,2048,experiment_v1_4/phase_archives/P8/P8_evaluation_raw.zip::runs/seed0_l11_tc_k16_s0/summary.json,0,behavior_test,m prediction from u,tc,-8.385528594168079e-06
1000,4989136918441523821,1000,replacement,76d86f1a83bde7f8f6389684cd2a3913c923e21ccfbe42e40d3255385a9982b1,1.0,1.0,,u_to_m,16,,11,0,original_accuracy,seed0_l11_tc_k16_s0,P8,READ,2048,experiment_v1_4/phase_archives/P8/P8_evaluation_raw.zip::runs/seed0_l11_tc_k16_s0/summary.json,0,behavior_test,m prediction from u,tc,1.0
1000,4989136918441523821,1000,replacement,76d86f1a83bde7f8f6389684cd2a3913c923e21ccfbe42e40d3255385a9982b1,1.0,1.0,,u_to_m,16,,11,0,patched_accuracy,seed0_l11_tc_k16_s0,P8,READ,2048,experiment_v1_4/phase_archives/P8/P8_evaluation_raw.zip::runs/seed0_l11_tc_k16_s0/summary.json,0,behavior_test,m prediction from u,tc,1.0
1000,4989136918441523821,1000,replacement,76d86f1a83bde7f8f6389684cd2a3913c923e21ccfbe42e40d3255385a9982b1,0.0,0.0,,u_to_m,16,,11,0,delta_accuracy,seed0_l11_tc_k16_s0,P8,READ,2048,experiment_v1_4/phase_archives/P8/P8_evaluation_raw.zip::runs/seed0_l11_tc_k16_s0/summary.json,0,behavior_test,m prediction from u,tc,0.0
,,,fidelity,bb505254dfde1587e2497238448fd2117f7b1a2292a84497db8fdfb81127e555,,,point estimate; empirical LM/sparse ranges reported separately,u_to_m,4,"[4.0,4.0,4.0,4.0,4.0,4.0]",0,1,mse,seed1_l0_tc_k4_s0,P8,READ,50000,experiment_v1_4/phase_archives/P8/P8_evaluation_raw.zip::runs/seed1_l0_tc_k4_s0/semantic.json,0,train,m prediction from u,tc,0.0035932556072238594
,,,fidelity,bb505254dfde1587e2497238448fd2117f7b1a2292a84497db8fdfb81127e555,,,point estimate; empirical LM/sparse ranges reported separately,u_to_m,4,"[4.0,4.0,4.0,4.0,4.0,4.0]",0,1,nmse,seed1_l0_tc_k4_s0,P8,READ,50000,experiment_v1_4/phase_archives/P8/P8_evaluation_raw.zip::runs/seed1_l0_tc_k4_s0/semantic.json,0,train,m prediction from u,tc,0.003593255641687066
,,,fidelity,bb505254dfde1587e2497238448fd2117f7b1a2292a84497db8fdfb81127e555,,,point estimate; empirical LM/sparse ranges reported separately,u_to_m,4,"[4.0,4.0,4.0,4.0,4.0,4.0]",0,1,r2,seed1_l0_tc_k4_s0,P8,READ,50000,experiment_v1_4/phase_archives/P8/P8_evaluation_raw.zip::runs/seed1_l0_tc_k4_s0/semantic.json,0,train,m prediction from u,tc,0.9964067443583129
,,,fidelity,bb505254dfde1587e2497238448fd2117f7b1a2292a84497db8fdfb81127e555,,,point estimate; empirical LM/sparse ranges reported separately,u_to_m,4,"[4.0,4.0,4.0,4.0,4.0,4.0]",0,1,ev,seed1_l0_tc_k4_s0,P8,READ,50000,experiment_v1_4/phase_archives/P8/P8_evaluation_raw.zip::runs/seed1_l0_tc_k4_s0/semantic.json,0,train,m prediction from u,tc,0.9964160210209324
,,,fidelity,bb505254dfde1587e2497238448fd2117f7b1a2292a84497db8fdfb81127e555,,,point estimate; empirical LM/sparse ranges reported separately,u_to_m,4,"[4.0,4.0,4.0,4.0,4.0,4.0]",0,1,inactive_fraction,seed1_l0_tc_k4_s0,P8,READ,50000,experiment_v1_4/phase_archives/P8/P8_evaluation_raw.zip::runs/seed1_l0_tc_k4_s0/semantic.json,0,train,m prediction from u,tc,0.81640625
,,,fidelity,bb505254dfde1587e2497238448fd2117f7b1a2292a84497db8fdfb81127e555,,,point estimate; empirical LM/sparse ranges reported separately,u_to_m,4,"[4.0,4.0,4.0,4.0,4.0,4.0]",0,1,inactive_count,seed1_l0_tc_k4_s0,P8,READ,50000,experiment_v1_4/phase_archives/P8/P8_evaluation_raw.zip::runs/seed1_l0_tc_k4_s0/semantic.json,0,train,m prediction from u,tc,418
,,,fidelity,bb505254dfde1587e2497238448fd2117f7b1a2292a84497db8fdfb81127e555,,,point estimate; empirical LM/sparse ranges reported separately,u_to_m,4,"[4.0,4.0,4.0,4.0,4.0,4.0]",0,1,l0_mean,seed1_l0_tc_k4_s0,P8,READ,50000,experiment_v1_4/phase_archives/P8/P8_evaluation_raw.zip::runs/seed1_l0_tc_k4_s0/semantic.json,0,train,m prediction from u,tc,4.0
,,,fidelity,bb505254dfde1587e2497238448fd2117f7b1a2292a84497db8fdfb81127e555,,,point estimate; empirical LM/sparse ranges reported separately,u_to_m,4,"[4.0,4.0,4.0,4.0,4.0,4.0]",0,1,l0_median,seed1_l0_tc_k4_s0,P8,READ,50000,experiment_v1_4/phase_archives/P8/P8_evaluation_raw.zip::runs/seed1_l0_tc_k4_s0/semantic.json,0,train,m prediction from u,tc,4.0
,,,fidelity,bb505254dfde1587e2497238448fd2117f7b1a2292a84497db8fdfb81127e555,,,point estimate; empirical LM/sparse ranges reported separately,u_to_m,4,"[4.0,4.0,4.0,4.0,4.0,4.0]",0,1,dead_fraction,seed1_l0_tc_k4_s0,P8,READ,50000,experiment_v1_4/phase_archives/P8/P8_evaluation_raw.zip::runs/seed1_l0_tc_k4_s0/semantic.json,0,train,m prediction from u,tc,0.81640625
,,,fidelity,bb505254dfde1587e2497238448fd2117f7b1a2292a84497db8fdfb81127e555,,,point estimate; empirical LM/sparse ranges reported separately,u_to_m,4,"[4.0,4.0,4.0,4.0,4.0,4.0]",0,1,mse,seed1_l0_tc_k4_s0,P8,READ,10000,experiment_v1_4/phase_archives/P8/P8_evaluation_raw.zip::runs/seed1_l0_tc_k4_s0/semantic.json,0,val,m prediction from u,tc,0.0036119743364448616
,,,fidelity,bb505254dfde1587e2497238448fd2117f7b1a2292a84497db8fdfb81127e555,,,point estimate; empirical LM/sparse ranges reported separately,u_to_m,4,"[4.0,4.0,4.0,4.0,4.0,4.0]",0,1,nmse,seed1_l0_tc_k4_s0,P8,READ,10000,experiment_v1_4/phase_archives/P8/P8_evaluation_raw.zip::runs/seed1_l0_tc_k4_s0/semantic.json,0,val,m prediction from u,tc,0.003598964312402114
,,,fidelity,bb505254dfde1587e2497238448fd2117f7b1a2292a84497db8fdfb81127e555,,,point estimate; empirical LM/sparse ranges reported separately,u_to_m,4,"[4.0,4.0,4.0,4.0,4.0,4.0]",0,1,r2,seed1_l0_tc_k4_s0,P8,READ,10000,experiment_v1_4/phase_archives/P8/P8_evaluation_raw.zip::runs/seed1_l0_tc_k4_s0/semantic.json,0,val,m prediction from u,tc,0.9964003351726779
,,,fidelity,bb505254dfde1587e2497238448fd2117f7b1a2292a84497db8fdfb81127e555,,,point estimate; empirical LM/sparse ranges reported separately,u_to_m,4,"[4.0,4.0,4.0,4.0,4.0,4.0]",0,1,ev,seed1_l0_tc_k4_s0,P8,READ,10000,experiment_v1_4/phase_archives/P8/P8_evaluation_raw.zip::runs/seed1_l0_tc_k4_s0/semantic.json,0,val,m prediction from u,tc,0.9964087047227627
,,,fidelity,bb505254dfde1587e2497238448fd2117f7b1a2292a84497db8fdfb81127e555,,,point estimate; empirical LM/sparse ranges reported separately,u_to_m,4,"[4.0,4.0,4.0,4.0,4.0,4.0]",0,1,inactive_fraction,seed1_l0_tc_k4_s0,P8,READ,10000,experiment_v1_4/phase_archives/P8/P8_evaluation_raw.zip::runs/seed1_l0_tc_k4_s0/semantic.json,0,val,m prediction from u,tc,0.873046875
,,,fidelity,bb505254dfde1587e2497238448fd2117f7b1a2292a84497db8fdfb81127e555,,,point estimate; empirical LM/sparse ranges reported separately,u_to_m,4,"[4.0,4.0,4.0,4.0,4.0,4.0]",0,1,inactive_count,seed1_l0_tc_k4_s0,P8,READ,10000,experiment_v1_4/phase_archives/P8/P8_evaluation_raw.zip::runs/seed1_l0_tc_k4_s0/semantic.json,0,val,m prediction from u,tc,447
,,,fidelity,bb505254dfde1587e2497238448fd2117f7b1a2292a84497db8fdfb81127e555,,,point estimate; empirical LM/sparse ranges reported separately,u_to_m,4,"[4.0,4.0,4.0,4.0,4.0,4.0]",0,1,l0_mean,seed1_l0_tc_k4_s0,P8,READ,10000,experiment_v1_4/phase_archives/P8/P8_evaluation_raw.zip::runs/seed1_l0_tc_k4_s0/semantic.json,0,val,m prediction from u,tc,4.0
,,,fidelity,bb505254dfde1587e2497238448fd2117f7b1a2292a84497db8fdfb81127e555,,,point estimate; empirical LM/sparse ranges reported separately,u_to_m,4,"[4.0,4.0,4.0,4.0,4.0,4.0]",0,1,l0_median,seed1_l0_tc_k4_s0,P8,READ,10000,experiment_v1_4/phase_archives/P8/P8_evaluation_raw.zip::runs/seed1_l0_tc_k4_s0/semantic.json,0,val,m prediction from u,tc,4.0
,,,fidelity,bb505254dfde1587e2497238448fd2117f7b1a2292a84497db8fdfb81127e555,,,point estimate; empirical LM/sparse ranges reported separately,u_to_m,4,"[4.0,4.0,4.0,4.0,4.0,4.0]",0,1,dead_fraction,seed1_l0_tc_k4_s0,P8,READ,10000,experiment_v1_4/phase_archives/P8/P8_evaluation_raw.zip::runs/seed1_l0_tc_k4_s0/semantic.json,0,val,m prediction from u,tc,0.81640625
,,,fidelity,bb505254dfde1587e2497238448fd2117f7b1a2292a84497db8fdfb81127e555,,,point estimate; empirical LM/sparse ranges reported separately,u_to_m,4,"[4.0,4.0,4.0,4.0,4.0,4.0]",0,1,mse,seed1_l0_tc_k4_s0,P8,READ,20000,experiment_v1_4/phase_archives/P8/P8_evaluation_raw.zip::runs/seed1_l0_tc_k4_s0/semantic.json,0,test,m prediction from u,tc,0.0035817344618287597
,,,fidelity,bb505254dfde1587e2497238448fd2117f7b1a2292a84497db8fdfb81127e555,,,point estimate; empirical LM/sparse ranges reported separately,u_to_m,4,"[4.0,4.0,4.0,4.0,4.0,4.0]",0,1,nmse,seed1_l0_tc_k4_s0,P8,READ,20000,experiment_v1_4/phase_archives/P8/P8_evaluation_raw.zip::runs/seed1_l0_tc_k4_s0/semantic.json,0,test,m prediction from u,tc,0.0035817210852404796
,,,fidelity,bb505254dfde1587e2497238448fd2117f7b1a2292a84497db8fdfb81127e555,,,point estimate; empirical LM/sparse ranges reported separately,u_to_m,4,"[4.0,4.0,4.0,4.0,4.0,4.0]",0,1,r2,seed1_l0_tc_k4_s0,P8,READ,20000,experiment_v1_4/phase_archives/P8/P8_evaluation_raw.zip::runs/seed1_l0_tc_k4_s0/semantic.json,0,test,m prediction from u,tc,0.9964181984186384
,,,fidelity,bb505254dfde1587e2497238448fd2117f7b1a2292a84497db8fdfb81127e555,,,point estimate; empirical LM/sparse ranges reported separately,u_to_m,4,"[4.0,4.0,4.0,4.0,4.0,4.0]",0,1,ev,seed1_l0_tc_k4_s0,P8,READ,20000,experiment_v1_4/phase_archives/P8/P8_evaluation_raw.zip::runs/seed1_l0_tc_k4_s0/semantic.json,0,test,m prediction from u,tc,0.9964270604868097
,,,fidelity,bb505254dfde1587e2497238448fd2117f7b1a2292a84497db8fdfb81127e555,,,point estimate; empirical LM/sparse ranges reported separately,u_to_m,4,"[4.0,4.0,4.0,4.0,4.0,4.0]",0,1,inactive_fraction,seed1_l0_tc_k4_s0,P8,READ,20000,experiment_v1_4/phase_archives/P8/P8_evaluation_raw.zip::runs/seed1_l0_tc_k4_s0/semantic.json,0,test,m prediction from u,tc,0.849609375
,,,fidelity,bb505254dfde1587e2497238448fd2117f7b1a2292a84497db8fdfb81127e555,,,point estimate; empirical LM/sparse ranges reported separately,u_to_m,4,"[4.0,4.0,4.0,4.0,4.0,4.0]",0,1,inactive_count,seed1_l0_tc_k4_s0,P8,READ,20000,experiment_v1_4/phase_archives/P8/P8_evaluation_raw.zip::runs/seed1_l0_tc_k4_s0/semantic.json,0,test,m prediction from u,tc,435
,,,fidelity,bb505254dfde1587e2497238448fd2117f7b1a2292a84497db8fdfb81127e555,,,point estimate; empirical LM/sparse ranges reported separately,u_to_m,4,"[4.0,4.0,4.0,4.0,4.0,4.0]",0,1,l0_mean,seed1_l0_tc_k4_s0,P8,READ,20000,experiment_v1_4/phase_archives/P8/P8_evaluation_raw.zip::runs/seed1_l0_tc_k4_s0/semantic.json,0,test,m prediction from u,tc,4.0
,,,fidelity,bb505254dfde1587e2497238448fd2117f7b1a2292a84497db8fdfb81127e555,,,point estimate; empirical LM/sparse ranges reported separately,u_to_m,4,"[4.0,4.0,4.0,4.0,4.0,4.0]",0,1,l0_median,seed1_l0_tc_k4_s0,P8,READ,20000,experiment_v1_4/phase_archives/P8/P8_evaluation_raw.zip::runs/seed1_l0_tc_k4_s0/semantic.json,0,test,m prediction from u,tc,4.0
,,,fidelity,bb505254dfde1587e2497238448fd2117f7b1a2292a84497db8fdfb81127e555,,,point estimate; empirical LM/sparse ranges reported separately,u_to_m,4,"[4.0,4.0,4.0,4.0,4.0,4.0]",0,1,dead_fraction,seed1_l0_tc_k4_s0,P8,READ,20000,experiment_v1_4/phase_archives/P8/P8_evaluation_raw.zip::runs/seed1_l0_tc_k4_s0/semantic.json,0,test,m prediction from u,tc,0.81640625
1000,8953725576285588890,1000,replacement,bb505254dfde1587e2497238448fd2117f7b1a2292a84497db8fdfb81127e555,0.0021929674038247524,0.0001332161863879633,,u_to_m,4,,0,1,original_ce,seed1_l0_tc_k4_s0,P8,READ,2048,experiment_v1_4/phase_archives/P8/P8_evaluation_raw.zip::runs/seed1_l0_tc_k4_s0/summary.json,0,behavior_test,m prediction from u,tc,0.0008930913189741929
1000,8953725576285588890,1000,replacement,bb505254dfde1587e2497238448fd2117f7b1a2292a84497db8fdfb81127e555,0.0021997808726554654,0.00013306323097067585,,u_to_m,4,,0,1,patched_ce,seed1_l0_tc_k4_s0,P8,READ,2048,experiment_v1_4/phase_archives/P8/P8_evaluation_raw.zip::runs/seed1_l0_tc_k4_s0/summary.json,0,behavior_test,m prediction from u,tc,0.0008968718808861631
1000,8953725576285588890,1000,replacement,bb505254dfde1587e2497238448fd2117f7b1a2292a84497db8fdfb81127e555,1.1668554536836683e-05,-2.3384909948021003e-06,,u_to_m,4,,0,1,delta_ce,seed1_l0_tc_k4_s0,P8,READ,2048,experiment_v1_4/phase_archives/P8/P8_evaluation_raw.zip::runs/seed1_l0_tc_k4_s0/summary.json,0,behavior_test,m prediction from u,tc,3.7805619119701817e-06
1000,8953725576285588890,1000,replacement,bb505254dfde1587e2497238448fd2117f7b1a2292a84497db8fdfb81127e555,1.0,0.99853515625,,u_to_m,4,,0,1,original_accuracy,seed1_l0_tc_k4_s0,P8,READ,2048,experiment_v1_4/phase_archives/P8/P8_evaluation_raw.zip::runs/seed1_l0_tc_k4_s0/summary.json,0,behavior_test,m prediction from u,tc,0.99951171875
1000,8953725576285588890,1000,replacement,bb505254dfde1587e2497238448fd2117f7b1a2292a84497db8fdfb81127e555,1.0,0.99853515625,,u_to_m,4,,0,1,patched_accuracy,seed1_l0_tc_k4_s0,P8,READ,2048,experiment_v1_4/phase_archives/P8/P8_evaluation_raw.zip::runs/seed1_l0_tc_k4_s0/summary.json,0,behavior_test,m prediction from u,tc,0.99951171875
1000,8953725576285588890,1000,replacement,bb505254dfde1587e2497238448fd2117f7b1a2292a84497db8fdfb81127e555,0.0,0.0,,u_to_m,4,,0,1,delta_accuracy,seed1_l0_tc_k4_s0,P8,READ,2048,experiment_v1_4/phase_archives/P8/P8_evaluation_raw.zip::runs/seed1_l0_tc_k4_s0/summary.json,0,behavior_test,m prediction from u,tc,0.0
,,,fidelity,bb505254dfde1587e2497238448fd2117f7b1a2292a84497db8fdfb81127e555,,,point estimate; empirical LM/sparse ranges reported separately,u_to_m,16,"[13.0,16.0,16.0,16.0,16.0,16.0]",0,1,mse,seed1_l0_tc_k16_s0,P8,READ,50000,experiment_v1_4/phase_archives/P8/P8_evaluation_raw.zip::runs/seed1_l0_tc_k16_s0/semantic.json,0,train,m prediction from u,tc,0.0005697578464737918
,,,fidelity,bb505254dfde1587e2497238448fd2117f7b1a2292a84497db8fdfb81127e555,,,point estimate; empirical LM/sparse ranges reported separately,u_to_m,16,"[13.0,16.0,16.0,16.0,16.0,16.0]",0,1,nmse,seed1_l0_tc_k16_s0,P8,READ,50000,experiment_v1_4/phase_archives/P8/P8_evaluation_raw.zip::runs/seed1_l0_tc_k16_s0/semantic.json,0,train,m prediction from u,tc,0.0005697578519383856
,,,fidelity,bb505254dfde1587e2497238448fd2117f7b1a2292a84497db8fdfb81127e555,,,point estimate; empirical LM/sparse ranges reported separately,u_to_m,16,"[13.0,16.0,16.0,16.0,16.0,16.0]",0,1,r2,seed1_l0_tc_k16_s0,P8,READ,50000,experiment_v1_4/phase_archives/P8/P8_evaluation_raw.zip::runs/seed1_l0_tc_k16_s0/semantic.json,0,train,m prediction from u,tc,0.9994302421480616
,,,fidelity,bb505254dfde1587e2497238448fd2117f7b1a2292a84497db8fdfb81127e555,,,point estimate; empirical LM/sparse ranges reported separately,u_to_m,16,"[13.0,16.0,16.0,16.0,16.0,16.0]",0,1,ev,seed1_l0_tc_k16_s0,P8,READ,50000,experiment_v1_4/phase_archives/P8/P8_evaluation_raw.zip::runs/seed1_l0_tc_k16_s0/semantic.json,0,train,m prediction from u,tc,0.9994473475227801
,,,fidelity,bb505254dfde1587e2497238448fd2117f7b1a2292a84497db8fdfb81127e555,,,point estimate; empirical LM/sparse ranges reported separately,u_to_m,16,"[13.0,16.0,16.0,16.0,16.0,16.0]",0,1,inactive_fraction,seed1_l0_tc_k16_s0,P8,READ,50000,experiment_v1_4/phase_archives/P8/P8_evaluation_raw.zip::runs/seed1_l0_tc_k16_s0/semantic.json,0,train,m prediction from u,tc,0.58203125
,,,fidelity,bb505254dfde1587e2497238448fd2117f7b1a2292a84497db8fdfb81127e555,,,point estimate; empirical LM/sparse ranges reported separately,u_to_m,16,"[13.0,16.0,16.0,16.0,16.0,16.0]",0,1,inactive_count,seed1_l0_tc_k16_s0,P8,READ,50000,experiment_v1_4/phase_archives/P8/P8_evaluation_raw.zip::runs/seed1_l0_tc_k16_s0/semantic.json,0,train,m prediction from u,tc,298
,,,fidelity,bb505254dfde1587e2497238448fd2117f7b1a2292a84497db8fdfb81127e555,,,point estimate; empirical LM/sparse ranges reported separately,u_to_m,16,"[13.0,16.0,16.0,16.0,16.0,16.0]",0,1,l0_mean,seed1_l0_tc_k16_s0,P8,READ,50000,experiment_v1_4/phase_archives/P8/P8_evaluation_raw.zip::runs/seed1_l0_tc_k16_s0/semantic.json,0,train,m prediction from u,tc,15.99392
,,,fidelity,bb505254dfde1587e2497238448fd2117f7b1a2292a84497db8fdfb81127e555,,,point estimate; empirical LM/sparse ranges reported separately,u_to_m,16,"[13.0,16.0,16.0,16.0,16.0,16.0]",0,1,l0_median,seed1_l0_tc_k16_s0,P8,READ,50000,experiment_v1_4/phase_archives/P8/P8_evaluation_raw.zip::runs/seed1_l0_tc_k16_s0/semantic.json,0,train,m prediction from u,tc,16.0
,,,fidelity,bb505254dfde1587e2497238448fd2117f7b1a2292a84497db8fdfb81127e555,,,point estimate; empirical LM/sparse ranges reported separately,u_to_m,16,"[13.0,16.0,16.0,16.0,16.0,16.0]",0,1,dead_fraction,seed1_l0_tc_k16_s0,P8,READ,50000,experiment_v1_4/phase_archives/P8/P8_evaluation_raw.zip::runs/seed1_l0_tc_k16_s0/semantic.json,0,train,m prediction from u,tc,0.58203125
,,,fidelity,bb505254dfde1587e2497238448fd2117f7b1a2292a84497db8fdfb81127e555,,,point estimate; empirical LM/sparse ranges reported separately,u_to_m,16,"[14.0,16.0,16.0,16.0,16.0,16.0]",0,1,mse,seed1_l0_tc_k16_s0,P8,READ,10000,experiment_v1_4/phase_archives/P8/P8_evaluation_raw.zip::runs/seed1_l0_tc_k16_s0/semantic.json,0,val,m prediction from u,tc,0.0005738525844326447
,,,fidelity,bb505254dfde1587e2497238448fd2117f7b1a2292a84497db8fdfb81127e555,,,point estimate; empirical LM/sparse ranges reported separately,u_to_m,16,"[14.0,16.0,16.0,16.0,16.0,16.0]",0,1,nmse,seed1_l0_tc_k16_s0,P8,READ,10000,experiment_v1_4/phase_archives/P8/P8_evaluation_raw.zip::runs/seed1_l0_tc_k16_s0/semantic.json,0,val,m prediction from u,tc,0.0005717856162803155
,,,fidelity,bb505254dfde1587e2497238448fd2117f7b1a2292a84497db8fdfb81127e555,,,point estimate; empirical LM/sparse ranges reported separately,u_to_m,16,"[14.0,16.0,16.0,16.0,16.0,16.0]",0,1,r2,seed1_l0_tc_k16_s0,P8,READ,10000,experiment_v1_4/phase_archives/P8/P8_evaluation_raw.zip::runs/seed1_l0_tc_k16_s0/semantic.json,0,val,m prediction from u,tc,0.9994281030893805
,,,fidelity,bb505254dfde1587e2497238448fd2117f7b1a2292a84497db8fdfb81127e555,,,point estimate; empirical LM/sparse ranges reported separately,u_to_m,16,"[14.0,16.0,16.0,16.0,16.0,16.0]",0,1,ev,seed1_l0_tc_k16_s0,P8,READ,10000,experiment_v1_4/phase_archives/P8/P8_evaluation_raw.zip::runs/seed1_l0_tc_k16_s0/semantic.json,0,val,m prediction from u,tc,0.9994452788179896
,,,fidelity,bb505254dfde1587e2497238448fd2117f7b1a2292a84497db8fdfb81127e555,,,point estimate; empirical LM/sparse ranges reported separately,u_to_m,16,"[14.0,16.0,16.0,16.0,16.0,16.0]",0,1,inactive_fraction,seed1_l0_tc_k16_s0,P8,READ,10000,experiment_v1_4/phase_archives/P8/P8_evaluation_raw.zip::runs/seed1_l0_tc_k16_s0/semantic.json,0,val,m prediction from u,tc,0.671875
,,,fidelity,bb505254dfde1587e2497238448fd2117f7b1a2292a84497db8fdfb81127e555,,,point estimate; empirical LM/sparse ranges reported separately,u_to_m,16,"[14.0,16.0,16.0,16.0,16.0,16.0]",0,1,inactive_count,seed1_l0_tc_k16_s0,P8,READ,10000,experiment_v1_4/phase_archives/P8/P8_evaluation_raw.zip::runs/seed1_l0_tc_k16_s0/semantic.json,0,val,m prediction from u,tc,344
,,,fidelity,bb505254dfde1587e2497238448fd2117f7b1a2292a84497db8fdfb81127e555,,,point estimate; empirical LM/sparse ranges reported separately,u_to_m,16,"[14.0,16.0,16.0,16.0,16.0,16.0]",0,1,l0_mean,seed1_l0_tc_k16_s0,P8,READ,10000,experiment_v1_4/phase_archives/P8/P8_evaluation_raw.zip::runs/seed1_l0_tc_k16_s0/semantic.json,0,val,m prediction from u,tc,15.9946
,,,fidelity,bb505254dfde1587e2497238448fd2117f7b1a2292a84497db8fdfb81127e555,,,point estimate; empirical LM/sparse ranges reported separately,u_to_m,16,"[14.0,16.0,16.0,16.0,16.0,16.0]",0,1,l0_median,seed1_l0_tc_k16_s0,P8,READ,10000,experiment_v1_4/phase_archives/P8/P8_evaluation_raw.zip::runs/seed1_l0_tc_k16_s0/semantic.json,0,val,m prediction from u,tc,16.0
,,,fidelity,bb505254dfde1587e2497238448fd2117f7b1a2292a84497db8fdfb81127e555,,,point estimate; empirical LM/sparse ranges reported separately,u_to_m,16,"[14.0,16.0,16.0,16.0,16.0,16.0]",0,1,dead_fraction,seed1_l0_tc_k16_s0,P8,READ,10000,experiment_v1_4/phase_archives/P8/P8_evaluation_raw.zip::runs/seed1_l0_tc_k16_s0/semantic.json,0,val,m prediction from u,tc,0.58203125
,,,fidelity,bb505254dfde1587e2497238448fd2117f7b1a2292a84497db8fdfb81127e555,,,point estimate; empirical LM/sparse ranges reported separately,u_to_m,16,"[13.0,16.0,16.0,16.0,16.0,16.0]",0,1,mse,seed1_l0_tc_k16_s0,P8,READ,20000,experiment_v1_4/phase_archives/P8/P8_evaluation_raw.zip::runs/seed1_l0_tc_k16_s0/semantic.json,0,test,m prediction from u,tc,0.0005755332775626797
,,,fidelity,bb505254dfde1587e2497238448fd2117f7b1a2292a84497db8fdfb81127e555,,,point estimate; empirical LM/sparse ranges reported separately,u_to_m,16,"[13.0,16.0,16.0,16.0,16.0,16.0]",0,1,nmse,seed1_l0_tc_k16_s0,P8,READ,20000,experiment_v1_4/phase_archives/P8/P8_evaluation_raw.zip::runs/seed1_l0_tc_k16_s0/semantic.json,0,test,m prediction from u,tc,0.0005755311281370934
,,,fidelity,bb505254dfde1587e2497238448fd2117f7b1a2292a84497db8fdfb81127e555,,,point estimate; empirical LM/sparse ranges reported separately,u_to_m,16,"[13.0,16.0,16.0,16.0,16.0,16.0]",0,1,r2,seed1_l0_tc_k16_s0,P8,READ,20000,experiment_v1_4/phase_archives/P8/P8_evaluation_raw.zip::runs/seed1_l0_tc_k16_s0/semantic.json,0,test,m prediction from u,tc,0.9994244559372926
,,,fidelity,bb505254dfde1587e2497238448fd2117f7b1a2292a84497db8fdfb81127e555,,,point estimate; empirical LM/sparse ranges reported separately,u_to_m,16,"[13.0,16.0,16.0,16.0,16.0,16.0]",0,1,ev,seed1_l0_tc_k16_s0,P8,READ,20000,experiment_v1_4/phase_archives/P8/P8_evaluation_raw.zip::runs/seed1_l0_tc_k16_s0/semantic.json,0,test,m prediction from u,tc,0.9994412228505021
,,,fidelity,bb505254dfde1587e2497238448fd2117f7b1a2292a84497db8fdfb81127e555,,,point estimate; empirical LM/sparse ranges reported separately,u_to_m,16,"[13.0,16.0,16.0,16.0,16.0,16.0]",0,1,inactive_fraction,seed1_l0_tc_k16_s0,P8,READ,20000,experiment_v1_4/phase_archives/P8/P8_evaluation_raw.zip::runs/seed1_l0_tc_k16_s0/semantic.json,0,test,m prediction from u,tc,0.62890625
,,,fidelity,bb505254dfde1587e2497238448fd2117f7b1a2292a84497db8fdfb81127e555,,,point estimate; empirical LM/sparse ranges reported separately,u_to_m,16,"[13.0,16.0,16.0,16.0,16.0,16.0]",0,1,inactive_count,seed1_l0_tc_k16_s0,P8,READ,20000,experiment_v1_4/phase_archives/P8/P8_evaluation_raw.zip::runs/seed1_l0_tc_k16_s0/semantic.json,0,test,m prediction from u,tc,322
,,,fidelity,bb505254dfde1587e2497238448fd2117f7b1a2292a84497db8fdfb81127e555,,,point estimate; empirical LM/sparse ranges reported separately,u_to_m,16,"[13.0,16.0,16.0,16.0,16.0,16.0]",0,1,l0_mean,seed1_l0_tc_k16_s0,P8,READ,20000,experiment_v1_4/phase_archives/P8/P8_evaluation_raw.zip::runs/seed1_l0_tc_k16_s0/semantic.json,0,test,m prediction from u,tc,15.99535
,,,fidelity,bb505254dfde1587e2497238448fd2117f7b1a2292a84497db8fdfb81127e555,,,point estimate; empirical LM/sparse ranges reported separately,u_to_m,16,"[13.0,16.0,16.0,16.0,16.0,16.0]",0,1,l0_median,seed1_l0_tc_k16_s0,P8,READ,20000,experiment_v1_4/phase_archives/P8/P8_evaluation_raw.zip::runs/seed1_l0_tc_k16_s0/semantic.json,0,test,m prediction from u,tc,16.0
,,,fidelity,bb505254dfde1587e2497238448fd2117f7b1a2292a84497db8fdfb81127e555,,,point estimate; empirical LM/sparse ranges reported separately,u_to_m,16,"[13.0,16.0,16.0,16.0,16.0,16.0]",0,1,dead_fraction,seed1_l0_tc_k16_s0,P8,READ,20000,experiment_v1_4/phase_archives/P8/P8_evaluation_raw.zip::runs/seed1_l0_tc_k16_s0/semantic.json,0,test,m prediction from u,tc,0.58203125
1000,9000067218190529180,1000,replacement,bb505254dfde1587e2497238448fd2117f7b1a2292a84497db8fdfb81127e555,0.0021628125033122947,0.00012790440406971194,,u_to_m,16,,0,1,original_ce,seed1_l0_tc_k16_s0,P8,READ,2048,experiment_v1_4/phase_archives/P8/P8_evaluation_raw.zip::runs/seed1_l0_tc_k16_s0/summary.json,0,behavior_test,m prediction from u,tc,0.0008930913189741929
1000,9000067218190529180,1000,replacement,bb505254dfde1587e2497238448fd2117f7b1a2292a84497db8fdfb81127e555,0.0021660252074185427,0.0001276035145048149,,u_to_m,16,,0,1,patched_ce,seed1_l0_tc_k16_s0,P8,READ,2048,experiment_v1_4/phase_archives/P8/P8_evaluation_raw.zip::runs/seed1_l0_tc_k16_s0/summary.json,0,behavior_test,m prediction from u,tc,0.0008948722471742165
1000,9000067218190529180,1000,replacement,bb505254dfde1587e2497238448fd2117f7b1a2292a84497db8fdfb81127e555,3.941756000025442e-06,2.8896970782898992e-08,,u_to_m,16,,0,1,delta_ce,seed1_l0_tc_k16_s0,P8,READ,2048,experiment_v1_4/phase_archives/P8/P8_evaluation_raw.zip::runs/seed1_l0_tc_k16_s0/summary.json,0,behavior_test,m prediction from u,tc,1.7809282000236237e-06
1000,9000067218190529180,1000,replacement,bb505254dfde1587e2497238448fd2117f7b1a2292a84497db8fdfb81127e555,1.0,0.99853515625,,u_to_m,16,,0,1,original_accuracy,seed1_l0_tc_k16_s0,P8,READ,2048,experiment_v1_4/phase_archives/P8/P8_evaluation_raw.zip::runs/seed1_l0_tc_k16_s0/summary.json,0,behavior_test,m prediction from u,tc,0.99951171875
1000,9000067218190529180,1000,replacement,bb505254dfde1587e2497238448fd2117f7b1a2292a84497db8fdfb81127e555,1.0,0.99853515625,,u_to_m,16,,0,1,patched_accuracy,seed1_l0_tc_k16_s0,P8,READ,2048,experiment_v1_4/phase_archives/P8/P8_evaluation_raw.zip::runs/seed1_l0_tc_k16_s0/summary.json,0,behavior_test,m prediction from u,tc,0.99951171875
1000,9000067218190529180,1000,replacement,bb505254dfde1587e2497238448fd2117f7b1a2292a84497db8fdfb81127e555,0.0,0.0,,u_to_m,16,,0,1,delta_accuracy,seed1_l0_tc_k16_s0,P8,READ,2048,experiment_v1_4/phase_archives/P8/P8_evaluation_raw.zip::runs/seed1_l0_tc_k16_s0/summary.json,0,behavior_test,m prediction from u,tc,0.0
,,,fidelity,bb505254dfde1587e2497238448fd2117f7b1a2292a84497db8fdfb81127e555,,,point estimate; empirical LM/sparse ranges reported separately,u_to_m,4,"[3.0,4.0,4.0,4.0,4.0,4.0]",3,1,mse,seed1_l3_tc_k4_s0,P8,READ,50000,experiment_v1_4/phase_archives/P8/P8_evaluation_raw.zip::runs/seed1_l3_tc_k4_s0/semantic.json,0,train,m prediction from u,tc,0.017272740913825302
,,,fidelity,bb505254dfde1587e2497238448fd2117f7b1a2292a84497db8fdfb81127e555,,,point estimate; empirical LM/sparse ranges reported separately,u_to_m,4,"[3.0,4.0,4.0,4.0,4.0,4.0]",3,1,nmse,seed1_l3_tc_k4_s0,P8,READ,50000,experiment_v1_4/phase_archives/P8/P8_evaluation_raw.zip::runs/seed1_l3_tc_k4_s0/semantic.json,0,train,m prediction from u,tc,0.017272740100173226
,,,fidelity,bb505254dfde1587e2497238448fd2117f7b1a2292a84497db8fdfb81127e555,,,point estimate; empirical LM/sparse ranges reported separately,u_to_m,4,"[3.0,4.0,4.0,4.0,4.0,4.0]",3,1,r2,seed1_l3_tc_k4_s0,P8,READ,50000,experiment_v1_4/phase_archives/P8/P8_evaluation_raw.zip::runs/seed1_l3_tc_k4_s0/semantic.json,0,train,m prediction from u,tc,0.9827272598998268
,,,fidelity,bb505254dfde1587e2497238448fd2117f7b1a2292a84497db8fdfb81127e555,,,point estimate; empirical LM/sparse ranges reported separately,u_to_m,4,"[3.0,4.0,4.0,4.0,4.0,4.0]",3,1,ev,seed1_l3_tc_k4_s0,P8,READ,50000,experiment_v1_4/phase_archives/P8/P8_evaluation_raw.zip::runs/seed1_l3_tc_k4_s0/semantic.json,0,train,m prediction from u,tc,0.9827457580463135
,,,fidelity,bb505254dfde1587e2497238448fd2117f7b1a2292a84497db8fdfb81127e555,,,point estimate; empirical LM/sparse ranges reported separately,u_to_m,4,"[3.0,4.0,4.0,4.0,4.0,4.0]",3,1,inactive_fraction,seed1_l3_tc_k4_s0,P8,READ,50000,experiment_v1_4/phase_archives/P8/P8_evaluation_raw.zip::runs/seed1_l3_tc_k4_s0/semantic.json,0,train,m prediction from u,tc,0.748046875
,,,fidelity,bb505254dfde1587e2497238448fd2117f7b1a2292a84497db8fdfb81127e555,,,point estimate; empirical LM/sparse ranges reported separately,u_to_m,4,"[3.0,4.0,4.0,4.0,4.0,4.0]",3,1,inactive_count,seed1_l3_tc_k4_s0,P8,READ,50000,experiment_v1_4/phase_archives/P8/P8_evaluation_raw.zip::runs/seed1_l3_tc_k4_s0/semantic.json,0,train,m prediction from u,tc,383
,,,fidelity,bb505254dfde1587e2497238448fd2117f7b1a2292a84497db8fdfb81127e555,,,point estimate; empirical LM/sparse ranges reported separately,u_to_m,4,"[3.0,4.0,4.0,4.0,4.0,4.0]",3,1,l0_mean,seed1_l3_tc_k4_s0,P8,READ,50000,experiment_v1_4/phase_archives/P8/P8_evaluation_raw.zip::runs/seed1_l3_tc_k4_s0/semantic.json,0,train,m prediction from u,tc,3.99994
,,,fidelity,bb505254dfde1587e2497238448fd2117f7b1a2292a84497db8fdfb81127e555,,,point estimate; empirical LM/sparse ranges reported separately,u_to_m,4,"[3.0,4.0,4.0,4.0,4.0,4.0]",3,1,l0_median,seed1_l3_tc_k4_s0,P8,READ,50000,experiment_v1_4/phase_archives/P8/P8_evaluation_raw.zip::runs/seed1_l3_tc_k4_s0/semantic.json,0,train,m prediction from u,tc,4.0
,,,fidelity,bb505254dfde1587e2497238448fd2117f7b1a2292a84497db8fdfb81127e555,,,point estimate; empirical LM/sparse ranges reported separately,u_to_m,4,"[3.0,4.0,4.0,4.0,4.0,4.0]",3,1,dead_fraction,seed1_l3_tc_k4_s0,P8,READ,50000,experiment_v1_4/phase_archives/P8/P8_evaluation_raw.zip::runs/seed1_l3_tc_k4_s0/semantic.json,0,train,m prediction from u,tc,0.748046875
,,,fidelity,bb505254dfde1587e2497238448fd2117f7b1a2292a84497db8fdfb81127e555,,,point estimate; empirical LM/sparse ranges reported separately,u_to_m,4,"[4.0,4.0,4.0,4.0,4.0,4.0]",3,1,mse,seed1_l3_tc_k4_s0,P8,READ,10000,experiment_v1_4/phase_archives/P8/P8_evaluation_raw.zip::runs/seed1_l3_tc_k4_s0/semantic.json,0,val,m prediction from u,tc,0.01740905290809915
,,,fidelity,bb505254dfde1587e2497238448fd2117f7b1a2292a84497db8fdfb81127e555,,,point estimate; empirical LM/sparse ranges reported separately,u_to_m,4,"[4.0,4.0,4.0,4.0,4.0,4.0]",3,1,nmse,seed1_l3_tc_k4_s0,P8,READ,10000,experiment_v1_4/phase_archives/P8/P8_evaluation_raw.zip::runs/seed1_l3_tc_k4_s0/semantic.json,0,val,m prediction from u,tc,0.01723828152454858
,,,fidelity,bb505254dfde1587e2497238448fd2117f7b1a2292a84497db8fdfb81127e555,,,point estimate; empirical LM/sparse ranges reported separately,u_to_m,4,"[4.0,4.0,4.0,4.0,4.0,4.0]",3,1,r2,seed1_l3_tc_k4_s0,P8,READ,10000,experiment_v1_4/phase_archives/P8/P8_evaluation_raw.zip::runs/seed1_l3_tc_k4_s0/semantic.json,0,val,m prediction from u,tc,0.9827595858016489
,,,fidelity,bb505254dfde1587e2497238448fd2117f7b1a2292a84497db8fdfb81127e555,,,point estimate; empirical LM/sparse ranges reported separately,u_to_m,4,"[4.0,4.0,4.0,4.0,4.0,4.0]",3,1,ev,seed1_l3_tc_k4_s0,P8,READ,10000,experiment_v1_4/phase_archives/P8/P8_evaluation_raw.zip::runs/seed1_l3_tc_k4_s0/semantic.json,0,val,m prediction from u,tc,0.9827843091966368
,,,fidelity,bb505254dfde1587e2497238448fd2117f7b1a2292a84497db8fdfb81127e555,,,point estimate; empirical LM/sparse ranges reported separately,u_to_m,4,"[4.0,4.0,4.0,4.0,4.0,4.0]",3,1,inactive_fraction,seed1_l3_tc_k4_s0,P8,READ,10000,experiment_v1_4/phase_archives/P8/P8_evaluation_raw.zip::runs/seed1_l3_tc_k4_s0/semantic.json,0,val,m prediction from u,tc,0.849609375
,,,fidelity,bb505254dfde1587e2497238448fd2117f7b1a2292a84497db8fdfb81127e555,,,point estimate; empirical LM/sparse ranges reported separately,u_to_m,4,"[4.0,4.0,4.0,4.0,4.0,4.0]",3,1,inactive_count,seed1_l3_tc_k4_s0,P8,READ,10000,experiment_v1_4/phase_archives/P8/P8_evaluation_raw.zip::runs/seed1_l3_tc_k4_s0/semantic.json,0,val,m prediction from u,tc,435
,,,fidelity,bb505254dfde1587e2497238448fd2117f7b1a2292a84497db8fdfb81127e555,,,point estimate; empirical LM/sparse ranges reported separately,u_to_m,4,"[4.0,4.0,4.0,4.0,4.0,4.0]",3,1,l0_mean,seed1_l3_tc_k4_s0,P8,READ,10000,experiment_v1_4/phase_archives/P8/P8_evaluation_raw.zip::runs/seed1_l3_tc_k4_s0/semantic.json,0,val,m prediction from u,tc,4.0
,,,fidelity,bb505254dfde1587e2497238448fd2117f7b1a2292a84497db8fdfb81127e555,,,point estimate; empirical LM/sparse ranges reported separately,u_to_m,4,"[4.0,4.0,4.0,4.0,4.0,4.0]",3,1,l0_median,seed1_l3_tc_k4_s0,P8,READ,10000,experiment_v1_4/phase_archives/P8/P8_evaluation_raw.zip::runs/seed1_l3_tc_k4_s0/semantic.json,0,val,m prediction from u,tc,4.0
,,,fidelity,bb505254dfde1587e2497238448fd2117f7b1a2292a84497db8fdfb81127e555,,,point estimate; empirical LM/sparse ranges reported separately,u_to_m,4,"[4.0,4.0,4.0,4.0,4.0,4.0]",3,1,dead_fraction,seed1_l3_tc_k4_s0,P8,READ,10000,experiment_v1_4/phase_archives/P8/P8_evaluation_raw.zip::runs/seed1_l3_tc_k4_s0/semantic.json,0,val,m prediction from u,tc,0.748046875
,,,fidelity,bb505254dfde1587e2497238448fd2117f7b1a2292a84497db8fdfb81127e555,,,point estimate; empirical LM/sparse ranges reported separately,u_to_m,4,"[3.0,4.0,4.0,4.0,4.0,4.0]",3,1,mse,seed1_l3_tc_k4_s0,P8,READ,20000,experiment_v1_4/phase_archives/P8/P8_evaluation_raw.zip::runs/seed1_l3_tc_k4_s0/semantic.json,0,test,m prediction from u,tc,0.017409168821543013
,,,fidelity,bb505254dfde1587e2497238448fd2117f7b1a2292a84497db8fdfb81127e555,,,point estimate; empirical LM/sparse ranges reported separately,u_to_m,4,"[3.0,4.0,4.0,4.0,4.0,4.0]",3,1,nmse,seed1_l3_tc_k4_s0,P8,READ,20000,experiment_v1_4/phase_archives/P8/P8_evaluation_raw.zip::runs/seed1_l3_tc_k4_s0/semantic.json,0,test,m prediction from u,tc,0.017342820278290157
,,,fidelity,bb505254dfde1587e2497238448fd2117f7b1a2292a84497db8fdfb81127e555,,,point estimate; empirical LM/sparse ranges reported separately,u_to_m,4,"[3.0,4.0,4.0,4.0,4.0,4.0]",3,1,r2,seed1_l3_tc_k4_s0,P8,READ,20000,experiment_v1_4/phase_archives/P8/P8_evaluation_raw.zip::runs/seed1_l3_tc_k4_s0/semantic.json,0,test,m prediction from u,tc,0.982656676756308
,,,fidelity,bb505254dfde1587e2497238448fd2117f7b1a2292a84497db8fdfb81127e555,,,point estimate; empirical LM/sparse ranges reported separately,u_to_m,4,"[3.0,4.0,4.0,4.0,4.0,4.0]",3,1,ev,seed1_l3_tc_k4_s0,P8,READ,20000,experiment_v1_4/phase_archives/P8/P8_evaluation_raw.zip::runs/seed1_l3_tc_k4_s0/semantic.json,0,test,m prediction from u,tc,0.9826773505529661
,,,fidelity,bb505254dfde1587e2497238448fd2117f7b1a2292a84497db8fdfb81127e555,,,point estimate; empirical LM/sparse ranges reported separately,u_to_m,4,"[3.0,4.0,4.0,4.0,4.0,4.0]",3,1,inactive_fraction,seed1_l3_tc_k4_s0,P8,READ,20000,experiment_v1_4/phase_archives/P8/P8_evaluation_raw.zip::runs/seed1_l3_tc_k4_s0/semantic.json,0,test,m prediction from u,tc,0.796875
,,,fidelity,bb505254dfde1587e2497238448fd2117f7b1a2292a84497db8fdfb81127e555,,,point estimate; empirical LM/sparse ranges reported separately,u_to_m,4,"[3.0,4.0,4.0,4.0,4.0,4.0]",3,1,inactive_count,seed1_l3_tc_k4_s0,P8,READ,20000,experiment_v1_4/phase_archives/P8/P8_evaluation_raw.zip::runs/seed1_l3_tc_k4_s0/semantic.json,0,test,m prediction from u,tc,408
,,,fidelity,bb505254dfde1587e2497238448fd2117f7b1a2292a84497db8fdfb81127e555,,,point estimate; empirical LM/sparse ranges reported separately,u_to_m,4,"[3.0,4.0,4.0,4.0,4.0,4.0]",3,1,l0_mean,seed1_l3_tc_k4_s0,P8,READ,20000,experiment_v1_4/phase_archives/P8/P8_evaluation_raw.zip::runs/seed1_l3_tc_k4_s0/semantic.json,0,test,m prediction from u,tc,3.9999
,,,fidelity,bb505254dfde1587e2497238448fd2117f7b1a2292a84497db8fdfb81127e555,,,point estimate; empirical LM/sparse ranges reported separately,u_to_m,4,"[3.0,4.0,4.0,4.0,4.0,4.0]",3,1,l0_median,seed1_l3_tc_k4_s0,P8,READ,20000,experiment_v1_4/phase_archives/P8/P8_evaluation_raw.zip::runs/seed1_l3_tc_k4_s0/semantic.json,0,test,m prediction from u,tc,4.0
,,,fidelity,bb505254dfde1587e2497238448fd2117f7b1a2292a84497db8fdfb81127e555,,,point estimate; empirical LM/sparse ranges reported separately,u_to_m,4,"[3.0,4.0,4.0,4.0,4.0,4.0]",3,1,dead_fraction,seed1_l3_tc_k4_s0,P8,READ,20000,experiment_v1_4/phase_archives/P8/P8_evaluation_raw.zip::runs/seed1_l3_tc_k4_s0/semantic.json,0,test,m prediction from u,tc,0.748046875
1000,8953725576285588890,1000,replacement,bb505254dfde1587e2497238448fd2117f7b1a2292a84497db8fdfb81127e555,0.0021929674038247524,0.0001332161863879633,,u_to_m,4,,3,1,original_ce,seed1_l3_tc_k4_s0,P8,READ,2048,experiment_v1_4/phase_archives/P8/P8_evaluation_raw.zip::runs/seed1_l3_tc_k4_s0/summary.json,0,behavior_test,m prediction from u,tc,0.0008930913189741929
1000,8953725576285588890,1000,replacement,bb505254dfde1587e2497238448fd2117f7b1a2292a84497db8fdfb81127e555,0.0022394206180054166,0.00013065335539530487,,u_to_m,4,,3,1,patched_ce,seed1_l3_tc_k4_s0,P8,READ,2048,experiment_v1_4/phase_archives/P8/P8_evaluation_raw.zip::runs/seed1_l3_tc_k4_s0/summary.json,0,behavior_test,m prediction from u,tc,0.0008954898314188497
1000,8953725576285588890,1000,replacement,bb505254dfde1587e2497238448fd2117f7b1a2292a84497db8fdfb81127e555,9.429784702721377e-05,-8.215309051227138e-05,,u_to_m,4,,3,1,delta_ce,seed1_l3_tc_k4_s0,P8,READ,2048,experiment_v1_4/phase_archives/P8/P8_evaluation_raw.zip::runs/seed1_l3_tc_k4_s0/summary.json,0,behavior_test,m prediction from u,tc,2.3985124446568307e-06
1000,8953725576285588890,1000,replacement,bb505254dfde1587e2497238448fd2117f7b1a2292a84497db8fdfb81127e555,1.0,0.99853515625,,u_to_m,4,,3,1,original_accuracy,seed1_l3_tc_k4_s0,P8,READ,2048,experiment_v1_4/phase_archives/P8/P8_evaluation_raw.zip::runs/seed1_l3_tc_k4_s0/summary.json,0,behavior_test,m prediction from u,tc,0.99951171875
1000,8953725576285588890,1000,replacement,bb505254dfde1587e2497238448fd2117f7b1a2292a84497db8fdfb81127e555,1.0,0.99853515625,,u_to_m,4,,3,1,patched_accuracy,seed1_l3_tc_k4_s0,P8,READ,2048,experiment_v1_4/phase_archives/P8/P8_evaluation_raw.zip::runs/seed1_l3_tc_k4_s0/summary.json,0,behavior_test,m prediction from u,tc,0.99951171875
1000,8953725576285588890,1000,replacement,bb505254dfde1587e2497238448fd2117f7b1a2292a84497db8fdfb81127e555,0.0,0.0,,u_to_m,4,,3,1,delta_accuracy,seed1_l3_tc_k4_s0,P8,READ,2048,experiment_v1_4/phase_archives/P8/P8_evaluation_raw.zip::runs/seed1_l3_tc_k4_s0/summary.json,0,behavior_test,m prediction from u,tc,0.0
,,,fidelity,bb505254dfde1587e2497238448fd2117f7b1a2292a84497db8fdfb81127e555,,,point estimate; empirical LM/sparse ranges reported separately,u_to_m,16,"[11.0,16.0,16.0,16.0,16.0,16.0]",3,1,mse,seed1_l3_tc_k16_s0,P8,READ,50000,experiment_v1_4/phase_archives/P8/P8_evaluation_raw.zip::runs/seed1_l3_tc_k16_s0/semantic.json,0,train,m prediction from u,tc,0.002538190390188773
,,,fidelity,bb505254dfde1587e2497238448fd2117f7b1a2292a84497db8fdfb81127e555,,,point estimate; empirical LM/sparse ranges reported separately,u_to_m,16,"[11.0,16.0,16.0,16.0,16.0,16.0]",3,1,nmse,seed1_l3_tc_k16_s0,P8,READ,50000,experiment_v1_4/phase_archives/P8/P8_evaluation_raw.zip::runs/seed1_l3_tc_k16_s0/semantic.json,0,train,m prediction from u,tc,0.002538190270624432
,,,fidelity,bb505254dfde1587e2497238448fd2117f7b1a2292a84497db8fdfb81127e555,,,point estimate; empirical LM/sparse ranges reported separately,u_to_m,16,"[11.0,16.0,16.0,16.0,16.0,16.0]",3,1,r2,seed1_l3_tc_k16_s0,P8,READ,50000,experiment_v1_4/phase_archives/P8/P8_evaluation_raw.zip::runs/seed1_l3_tc_k16_s0/semantic.json,0,train,m prediction from u,tc,0.9974618097293756
,,,fidelity,bb505254dfde1587e2497238448fd2117f7b1a2292a84497db8fdfb81127e555,,,point estimate; empirical LM/sparse ranges reported separately,u_to_m,16,"[11.0,16.0,16.0,16.0,16.0,16.0]",3,1,ev,seed1_l3_tc_k16_s0,P8,READ,50000,experiment_v1_4/phase_archives/P8/P8_evaluation_raw.zip::runs/seed1_l3_tc_k16_s0/semantic.json,0,train,m prediction from u,tc,0.9974752732690138
,,,fidelity,bb505254dfde1587e2497238448fd2117f7b1a2292a84497db8fdfb81127e555,,,point estimate; empirical LM/sparse ranges reported separately,u_to_m,16,"[11.0,16.0,16.0,16.0,16.0,16.0]",3,1,inactive_fraction,seed1_l3_tc_k16_s0,P8,READ,50000,experiment_v1_4/phase_archives/P8/P8_evaluation_raw.zip::runs/seed1_l3_tc_k16_s0/semantic.json,0,train,m prediction from u,tc,0.45703125
,,,fidelity,bb505254dfde1587e2497238448fd2117f7b1a2292a84497db8fdfb81127e555,,,point estimate; empirical LM/sparse ranges reported separately,u_to_m,16,"[11.0,16.0,16.0,16.0,16.0,16.0]",3,1,inactive_count,seed1_l3_tc_k16_s0,P8,READ,50000,experiment_v1_4/phase_archives/P8/P8_evaluation_raw.zip::runs/seed1_l3_tc_k16_s0/semantic.json,0,train,m prediction from u,tc,234
,,,fidelity,bb505254dfde1587e2497238448fd2117f7b1a2292a84497db8fdfb81127e555,,,point estimate; empirical LM/sparse ranges reported separately,u_to_m,16,"[11.0,16.0,16.0,16.0,16.0,16.0]",3,1,l0_mean,seed1_l3_tc_k16_s0,P8,READ,50000,experiment_v1_4/phase_archives/P8/P8_evaluation_raw.zip::runs/seed1_l3_tc_k16_s0/semantic.json,0,train,m prediction from u,tc,15.94396
,,,fidelity,bb505254dfde1587e2497238448fd2117f7b1a2292a84497db8fdfb81127e555,,,point estimate; empirical LM/sparse ranges reported separately,u_to_m,16,"[11.0,16.0,16.0,16.0,16.0,16.0]",3,1,l0_median,seed1_l3_tc_k16_s0,P8,READ,50000,experiment_v1_4/phase_archives/P8/P8_evaluation_raw.zip::runs/seed1_l3_tc_k16_s0/semantic.json,0,train,m prediction from u,tc,16.0
,,,fidelity,bb505254dfde1587e2497238448fd2117f7b1a2292a84497db8fdfb81127e555,,,point estimate; empirical LM/sparse ranges reported separately,u_to_m,16,"[11.0,16.0,16.0,16.0,16.0,16.0]",3,1,dead_fraction,seed1_l3_tc_k16_s0,P8,READ,50000,experiment_v1_4/phase_archives/P8/P8_evaluation_raw.zip::runs/seed1_l3_tc_k16_s0/semantic.json,0,train,m prediction from u,tc,0.45703125
,,,fidelity,bb505254dfde1587e2497238448fd2117f7b1a2292a84497db8fdfb81127e555,,,point estimate; empirical LM/sparse ranges reported separately,u_to_m,16,"[11.0,16.0,16.0,16.0,16.0,16.0]",3,1,mse,seed1_l3_tc_k16_s0,P8,READ,10000,experiment_v1_4/phase_archives/P8/P8_evaluation_raw.zip::runs/seed1_l3_tc_k16_s0/semantic.json,0,val,m prediction from u,tc,0.0026560550792760038
,,,fidelity,bb505254dfde1587e2497238448fd2117f7b1a2292a84497db8fdfb81127e555,,,point estimate; empirical LM/sparse ranges reported separately,u_to_m,16,"[11.0,16.0,16.0,16.0,16.0,16.0]",3,1,nmse,seed1_l3_tc_k16_s0,P8,READ,10000,experiment_v1_4/phase_archives/P8/P8_evaluation_raw.zip::runs/seed1_l3_tc_k16_s0/semantic.json,0,val,m prediction from u,tc,0.002630000922104509
,,,fidelity,bb505254dfde1587e2497238448fd2117f7b1a2292a84497db8fdfb81127e555,,,point estimate; empirical LM/sparse ranges reported separately,u_to_m,16,"[11.0,16.0,16.0,16.0,16.0,16.0]",3,1,r2,seed1_l3_tc_k16_s0,P8,READ,10000,experiment_v1_4/phase_archives/P8/P8_evaluation_raw.zip::runs/seed1_l3_tc_k16_s0/semantic.json,0,val,m prediction from u,tc,0.9973696737012586
,,,fidelity,bb505254dfde1587e2497238448fd2117f7b1a2292a84497db8fdfb81127e555,,,point estimate; empirical LM/sparse ranges reported separately,u_to_m,16,"[11.0,16.0,16.0,16.0,16.0,16.0]",3,1,ev,seed1_l3_tc_k16_s0,P8,READ,10000,experiment_v1_4/phase_archives/P8/P8_evaluation_raw.zip::runs/seed1_l3_tc_k16_s0/semantic.json,0,val,m prediction from u,tc,0.997384804622919
,,,fidelity,bb505254dfde1587e2497238448fd2117f7b1a2292a84497db8fdfb81127e555,,,point estimate; empirical LM/sparse ranges reported separately,u_to_m,16,"[11.0,16.0,16.0,16.0,16.0,16.0]",3,1,inactive_fraction,seed1_l3_tc_k16_s0,P8,READ,10000,experiment_v1_4/phase_archives/P8/P8_evaluation_raw.zip::runs/seed1_l3_tc_k16_s0/semantic.json,0,val,m prediction from u,tc,0.529296875
,,,fidelity,bb505254dfde1587e2497238448fd2117f7b1a2292a84497db8fdfb81127e555,,,point estimate; empirical LM/sparse ranges reported separately,u_to_m,16,"[11.0,16.0,16.0,16.0,16.0,16.0]",3,1,inactive_count,seed1_l3_tc_k16_s0,P8,READ,10000,experiment_v1_4/phase_archives/P8/P8_evaluation_raw.zip::runs/seed1_l3_tc_k16_s0/semantic.json,0,val,m prediction from u,tc,271
,,,fidelity,bb505254dfde1587e2497238448fd2117f7b1a2292a84497db8fdfb81127e555,,,point estimate; empirical LM/sparse ranges reported separately,u_to_m,16,"[11.0,16.0,16.0,16.0,16.0,16.0]",3,1,l0_mean,seed1_l3_tc_k16_s0,P8,READ,10000,experiment_v1_4/phase_archives/P8/P8_evaluation_raw.zip::runs/seed1_l3_tc_k16_s0/semantic.json,0,val,m prediction from u,tc,15.9436
,,,fidelity,bb505254dfde1587e2497238448fd2117f7b1a2292a84497db8fdfb81127e555,,,point estimate; empirical LM/sparse ranges reported separately,u_to_m,16,"[11.0,16.0,16.0,16.0,16.0,16.0]",3,1,l0_median,seed1_l3_tc_k16_s0,P8,READ,10000,experiment_v1_4/phase_archives/P8/P8_evaluation_raw.zip::runs/seed1_l3_tc_k16_s0/semantic.json,0,val,m prediction from u,tc,16.0
,,,fidelity,bb505254dfde1587e2497238448fd2117f7b1a2292a84497db8fdfb81127e555,,,point estimate; empirical LM/sparse ranges reported separately,u_to_m,16,"[11.0,16.0,16.0,16.0,16.0,16.0]",3,1,dead_fraction,seed1_l3_tc_k16_s0,P8,READ,10000,experiment_v1_4/phase_archives/P8/P8_evaluation_raw.zip::runs/seed1_l3_tc_k16_s0/semantic.json,0,val,m prediction from u,tc,0.45703125
,,,fidelity,bb505254dfde1587e2497238448fd2117f7b1a2292a84497db8fdfb81127e555,,,point estimate; empirical LM/sparse ranges reported separately,u_to_m,16,"[11.0,16.0,16.0,16.0,16.0,16.0]",3,1,mse,seed1_l3_tc_k16_s0,P8,READ,20000,experiment_v1_4/phase_archives/P8/P8_evaluation_raw.zip::runs/seed1_l3_tc_k16_s0/semantic.json,0,test,m prediction from u,tc,0.0026339753592579756
,,,fidelity,bb505254dfde1587e2497238448fd2117f7b1a2292a84497db8fdfb81127e555,,,point estimate; empirical LM/sparse ranges reported separately,u_to_m,16,"[11.0,16.0,16.0,16.0,16.0,16.0]",3,1,nmse,seed1_l3_tc_k16_s0,P8,READ,20000,experiment_v1_4/phase_archives/P8/P8_evaluation_raw.zip::runs/seed1_l3_tc_k16_s0/semantic.json,0,test,m prediction from u,tc,0.0026239369461756442
,,,fidelity,bb505254dfde1587e2497238448fd2117f7b1a2292a84497db8fdfb81127e555,,,point estimate; empirical LM/sparse ranges reported separately,u_to_m,16,"[11.0,16.0,16.0,16.0,16.0,16.0]",3,1,r2,seed1_l3_tc_k16_s0,P8,READ,20000,experiment_v1_4/phase_archives/P8/P8_evaluation_raw.zip::runs/seed1_l3_tc_k16_s0/semantic.json,0,test,m prediction from u,tc,0.9973759869560802
,,,fidelity,bb505254dfde1587e2497238448fd2117f7b1a2292a84497db8fdfb81127e555,,,point estimate; empirical LM/sparse ranges reported separately,u_to_m,16,"[11.0,16.0,16.0,16.0,16.0,16.0]",3,1,ev,seed1_l3_tc_k16_s0,P8,READ,20000,experiment_v1_4/phase_archives/P8/P8_evaluation_raw.zip::runs/seed1_l3_tc_k16_s0/semantic.json,0,test,m prediction from u,tc,0.9973891711167574
,,,fidelity,bb505254dfde1587e2497238448fd2117f7b1a2292a84497db8fdfb81127e555,,,point estimate; empirical LM/sparse ranges reported separately,u_to_m,16,"[11.0,16.0,16.0,16.0,16.0,16.0]",3,1,inactive_fraction,seed1_l3_tc_k16_s0,P8,READ,20000,experiment_v1_4/phase_archives/P8/P8_evaluation_raw.zip::runs/seed1_l3_tc_k16_s0/semantic.json,0,test,m prediction from u,tc,0.50390625
,,,fidelity,bb505254dfde1587e2497238448fd2117f7b1a2292a84497db8fdfb81127e555,,,point estimate; empirical LM/sparse ranges reported separately,u_to_m,16,"[11.0,16.0,16.0,16.0,16.0,16.0]",3,1,inactive_count,seed1_l3_tc_k16_s0,P8,READ,20000,experiment_v1_4/phase_archives/P8/P8_evaluation_raw.zip::runs/seed1_l3_tc_k16_s0/semantic.json,0,test,m prediction from u,tc,258
,,,fidelity,bb505254dfde1587e2497238448fd2117f7b1a2292a84497db8fdfb81127e555,,,point estimate; empirical LM/sparse ranges reported separately,u_to_m,16,"[11.0,16.0,16.0,16.0,16.0,16.0]",3,1,l0_mean,seed1_l3_tc_k16_s0,P8,READ,20000,experiment_v1_4/phase_archives/P8/P8_evaluation_raw.zip::runs/seed1_l3_tc_k16_s0/semantic.json,0,test,m prediction from u,tc,15.9454
,,,fidelity,bb505254dfde1587e2497238448fd2117f7b1a2292a84497db8fdfb81127e555,,,point estimate; empirical LM/sparse ranges reported separately,u_to_m,16,"[11.0,16.0,16.0,16.0,16.0,16.0]",3,1,l0_median,seed1_l3_tc_k16_s0,P8,READ,20000,experiment_v1_4/phase_archives/P8/P8_evaluation_raw.zip::runs/seed1_l3_tc_k16_s0/semantic.json,0,test,m prediction from u,tc,16.0
,,,fidelity,bb505254dfde1587e2497238448fd2117f7b1a2292a84497db8fdfb81127e555,,,point estimate; empirical LM/sparse ranges reported separately,u_to_m,16,"[11.0,16.0,16.0,16.0,16.0,16.0]",3,1,dead_fraction,seed1_l3_tc_k16_s0,P8,READ,20000,experiment_v1_4/phase_archives/P8/P8_evaluation_raw.zip::runs/seed1_l3_tc_k16_s0/semantic.json,0,test,m prediction from u,tc,0.45703125
1000,9000067218190529180,1000,replacement,bb505254dfde1587e2497238448fd2117f7b1a2292a84497db8fdfb81127e555,0.0021628125033122947,0.00012790440406971194,,u_to_m,16,,3,1,original_ce,seed1_l3_tc_k16_s0,P8,READ,2048,experiment_v1_4/phase_archives/P8/P8_evaluation_raw.zip::runs/seed1_l3_tc_k16_s0/summary.json,0,behavior_test,m prediction from u,tc,0.0008930913189741929
1000,9000067218190529180,1000,replacement,bb505254dfde1587e2497238448fd2117f7b1a2292a84497db8fdfb81127e555,0.002118400289152444,0.00012812832939246288,,u_to_m,16,,3,1,patched_ce,seed1_l3_tc_k16_s0,P8,READ,2048,experiment_v1_4/phase_archives/P8/P8_evaluation_raw.zip::runs/seed1_l3_tc_k16_s0/summary.json,0,behavior_test,m prediction from u,tc,0.0008684557940510373
1000,9000067218190529180,1000,replacement,bb505254dfde1587e2497238448fd2117f7b1a2292a84497db8fdfb81127e555,1.4985817111567978e-06,-7.150935964426176e-05,,u_to_m,16,,3,1,delta_ce,seed1_l3_tc_k16_s0,P8,READ,2048,experiment_v1_4/phase_archives/P8/P8_evaluation_raw.zip::runs/seed1_l3_tc_k16_s0/summary.json,0,behavior_test,m prediction from u,tc,-2.4635524923155572e-05
1000,9000067218190529180,1000,replacement,bb505254dfde1587e2497238448fd2117f7b1a2292a84497db8fdfb81127e555,1.0,0.99853515625,,u_to_m,16,,3,1,original_accuracy,seed1_l3_tc_k16_s0,P8,READ,2048,experiment_v1_4/phase_archives/P8/P8_evaluation_raw.zip::runs/seed1_l3_tc_k16_s0/summary.json,0,behavior_test,m prediction from u,tc,0.99951171875
1000,9000067218190529180,1000,replacement,bb505254dfde1587e2497238448fd2117f7b1a2292a84497db8fdfb81127e555,1.0,0.99853515625,,u_to_m,16,,3,1,patched_accuracy,seed1_l3_tc_k16_s0,P8,READ,2048,experiment_v1_4/phase_archives/P8/P8_evaluation_raw.zip::runs/seed1_l3_tc_k16_s0/summary.json,0,behavior_test,m prediction from u,tc,0.99951171875
1000,9000067218190529180,1000,replacement,bb505254dfde1587e2497238448fd2117f7b1a2292a84497db8fdfb81127e555,0.0,0.0,,u_to_m,16,,3,1,delta_accuracy,seed1_l3_tc_k16_s0,P8,READ,2048,experiment_v1_4/phase_archives/P8/P8_evaluation_raw.zip::runs/seed1_l3_tc_k16_s0/summary.json,0,behavior_test,m prediction from u,tc,0.0
,,,fidelity,bb505254dfde1587e2497238448fd2117f7b1a2292a84497db8fdfb81127e555,,,point estimate; empirical LM/sparse ranges reported separately,u_to_m,4,"[4.0,4.0,4.0,4.0,4.0,4.0]",7,1,mse,seed1_l7_tc_k4_s0,P8,READ,50000,experiment_v1_4/phase_archives/P8/P8_evaluation_raw.zip::runs/seed1_l7_tc_k4_s0/semantic.json,0,train,m prediction from u,tc,0.011107628405971473
,,,fidelity,bb505254dfde1587e2497238448fd2117f7b1a2292a84497db8fdfb81127e555,,,point estimate; empirical LM/sparse ranges reported separately,u_to_m,4,"[4.0,4.0,4.0,4.0,4.0,4.0]",7,1,nmse,seed1_l7_tc_k4_s0,P8,READ,50000,experiment_v1_4/phase_archives/P8/P8_evaluation_raw.zip::runs/seed1_l7_tc_k4_s0/semantic.json,0,train,m prediction from u,tc,0.011107627322670325
,,,fidelity,bb505254dfde1587e2497238448fd2117f7b1a2292a84497db8fdfb81127e555,,,point estimate; empirical LM/sparse ranges reported separately,u_to_m,4,"[4.0,4.0,4.0,4.0,4.0,4.0]",7,1,r2,seed1_l7_tc_k4_s0,P8,READ,50000,experiment_v1_4/phase_archives/P8/P8_evaluation_raw.zip::runs/seed1_l7_tc_k4_s0/semantic.json,0,train,m prediction from u,tc,0.9888923726773297
,,,fidelity,bb505254dfde1587e2497238448fd2117f7b1a2292a84497db8fdfb81127e555,,,point estimate; empirical LM/sparse ranges reported separately,u_to_m,4,"[4.0,4.0,4.0,4.0,4.0,4.0]",7,1,ev,seed1_l7_tc_k4_s0,P8,READ,50000,experiment_v1_4/phase_archives/P8/P8_evaluation_raw.zip::runs/seed1_l7_tc_k4_s0/semantic.json,0,train,m prediction from u,tc,0.9889209856932293
,,,fidelity,bb505254dfde1587e2497238448fd2117f7b1a2292a84497db8fdfb81127e555,,,point estimate; empirical LM/sparse ranges reported separately,u_to_m,4,"[4.0,4.0,4.0,4.0,4.0,4.0]",7,1,inactive_fraction,seed1_l7_tc_k4_s0,P8,READ,50000,experiment_v1_4/phase_archives/P8/P8_evaluation_raw.zip::runs/seed1_l7_tc_k4_s0/semantic.json,0,train,m prediction from u,tc,0.830078125
,,,fidelity,bb505254dfde1587e2497238448fd2117f7b1a2292a84497db8fdfb81127e555,,,point estimate; empirical LM/sparse ranges reported separately,u_to_m,4,"[4.0,4.0,4.0,4.0,4.0,4.0]",7,1,inactive_count,seed1_l7_tc_k4_s0,P8,READ,50000,experiment_v1_4/phase_archives/P8/P8_evaluation_raw.zip::runs/seed1_l7_tc_k4_s0/semantic.json,0,train,m prediction from u,tc,425
,,,fidelity,bb505254dfde1587e2497238448fd2117f7b1a2292a84497db8fdfb81127e555,,,point estimate; empirical LM/sparse ranges reported separately,u_to_m,4,"[4.0,4.0,4.0,4.0,4.0,4.0]",7,1,l0_mean,seed1_l7_tc_k4_s0,P8,READ,50000,experiment_v1_4/phase_archives/P8/P8_evaluation_raw.zip::runs/seed1_l7_tc_k4_s0/semantic.json,0,train,m prediction from u,tc,4.0
,,,fidelity,bb505254dfde1587e2497238448fd2117f7b1a2292a84497db8fdfb81127e555,,,point estimate; empirical LM/sparse ranges reported separately,u_to_m,4,"[4.0,4.0,4.0,4.0,4.0,4.0]",7,1,l0_median,seed1_l7_tc_k4_s0,P8,READ,50000,experiment_v1_4/phase_archives/P8/P8_evaluation_raw.zip::runs/seed1_l7_tc_k4_s0/semantic.json,0,train,m prediction from u,tc,4.0
,,,fidelity,bb505254dfde1587e2497238448fd2117f7b1a2292a84497db8fdfb81127e555,,,point estimate; empirical LM/sparse ranges reported separately,u_to_m,4,"[4.0,4.0,4.0,4.0,4.0,4.0]",7,1,dead_fraction,seed1_l7_tc_k4_s0,P8,READ,50000,experiment_v1_4/phase_archives/P8/P8_evaluation_raw.zip::runs/seed1_l7_tc_k4_s0/semantic.json,0,train,m prediction from u,tc,0.830078125
,,,fidelity,bb505254dfde1587e2497238448fd2117f7b1a2292a84497db8fdfb81127e555,,,point estimate; empirical LM/sparse ranges reported separately,u_to_m,4,"[4.0,4.0,4.0,4.0,4.0,4.0]",7,1,mse,seed1_l7_tc_k4_s0,P8,READ,10000,experiment_v1_4/phase_archives/P8/P8_evaluation_raw.zip::runs/seed1_l7_tc_k4_s0/semantic.json,0,val,m prediction from u,tc,0.011416997210750306
,,,fidelity,bb505254dfde1587e2497238448fd2117f7b1a2292a84497db8fdfb81127e555,,,point estimate; empirical LM/sparse ranges reported separately,u_to_m,4,"[4.0,4.0,4.0,4.0,4.0,4.0]",7,1,nmse,seed1_l7_tc_k4_s0,P8,READ,10000,experiment_v1_4/phase_archives/P8/P8_evaluation_raw.zip::runs/seed1_l7_tc_k4_s0/semantic.json,0,val,m prediction from u,tc,0.011090836298766626
,,,fidelity,bb505254dfde1587e2497238448fd2117f7b1a2292a84497db8fdfb81127e555,,,point estimate; empirical LM/sparse ranges reported separately,u_to_m,4,"[4.0,4.0,4.0,4.0,4.0,4.0]",7,1,r2,seed1_l7_tc_k4_s0,P8,READ,10000,experiment_v1_4/phase_archives/P8/P8_evaluation_raw.zip::runs/seed1_l7_tc_k4_s0/semantic.json,0,val,m prediction from u,tc,0.9889087976562018
,,,fidelity,bb505254dfde1587e2497238448fd2117f7b1a2292a84497db8fdfb81127e555,,,point estimate; empirical LM/sparse ranges reported separately,u_to_m,4,"[4.0,4.0,4.0,4.0,4.0,4.0]",7,1,ev,seed1_l7_tc_k4_s0,P8,READ,10000,experiment_v1_4/phase_archives/P8/P8_evaluation_raw.zip::runs/seed1_l7_tc_k4_s0/semantic.json,0,val,m prediction from u,tc,0.9889394090690138
,,,fidelity,bb505254dfde1587e2497238448fd2117f7b1a2292a84497db8fdfb81127e555,,,point estimate; empirical LM/sparse ranges reported separately,u_to_m,4,"[4.0,4.0,4.0,4.0,4.0,4.0]",7,1,inactive_fraction,seed1_l7_tc_k4_s0,P8,READ,10000,experiment_v1_4/phase_archives/P8/P8_evaluation_raw.zip::runs/seed1_l7_tc_k4_s0/semantic.json,0,val,m prediction from u,tc,0.87109375
,,,fidelity,bb505254dfde1587e2497238448fd2117f7b1a2292a84497db8fdfb81127e555,,,point estimate; empirical LM/sparse ranges reported separately,u_to_m,4,"[4.0,4.0,4.0,4.0,4.0,4.0]",7,1,inactive_count,seed1_l7_tc_k4_s0,P8,READ,10000,experiment_v1_4/phase_archives/P8/P8_evaluation_raw.zip::runs/seed1_l7_tc_k4_s0/semantic.json,0,val,m prediction from u,tc,446
,,,fidelity,bb505254dfde1587e2497238448fd2117f7b1a2292a84497db8fdfb81127e555,,,point estimate; empirical LM/sparse ranges reported separately,u_to_m,4,"[4.0,4.0,4.0,4.0,4.0,4.0]",7,1,l0_mean,seed1_l7_tc_k4_s0,P8,READ,10000,experiment_v1_4/phase_archives/P8/P8_evaluation_raw.zip::runs/seed1_l7_tc_k4_s0/semantic.json,0,val,m prediction from u,tc,4.0
,,,fidelity,bb505254dfde1587e2497238448fd2117f7b1a2292a84497db8fdfb81127e555,,,point estimate; empirical LM/sparse ranges reported separately,u_to_m,4,"[4.0,4.0,4.0,4.0,4.0,4.0]",7,1,l0_median,seed1_l7_tc_k4_s0,P8,READ,10000,experiment_v1_4/phase_archives/P8/P8_evaluation_raw.zip::runs/seed1_l7_tc_k4_s0/semantic.json,0,val,m prediction from u,tc,4.0
,,,fidelity,bb505254dfde1587e2497238448fd2117f7b1a2292a84497db8fdfb81127e555,,,point estimate; empirical LM/sparse ranges reported separately,u_to_m,4,"[4.0,4.0,4.0,4.0,4.0,4.0]",7,1,dead_fraction,seed1_l7_tc_k4_s0,P8,READ,10000,experiment_v1_4/phase_archives/P8/P8_evaluation_raw.zip::runs/seed1_l7_tc_k4_s0/semantic.json,0,val,m prediction from u,tc,0.830078125
,,,fidelity,bb505254dfde1587e2497238448fd2117f7b1a2292a84497db8fdfb81127e555,,,point estimate; empirical LM/sparse ranges reported separately,u_to_m,4,"[4.0,4.0,4.0,4.0,4.0,4.0]",7,1,mse,seed1_l7_tc_k4_s0,P8,READ,20000,experiment_v1_4/phase_archives/P8/P8_evaluation_raw.zip::runs/seed1_l7_tc_k4_s0/semantic.json,0,test,m prediction from u,tc,0.011168067651402217
,,,fidelity,bb505254dfde1587e2497238448fd2117f7b1a2292a84497db8fdfb81127e555,,,point estimate; empirical LM/sparse ranges reported separately,u_to_m,4,"[4.0,4.0,4.0,4.0,4.0,4.0]",7,1,nmse,seed1_l7_tc_k4_s0,P8,READ,20000,experiment_v1_4/phase_archives/P8/P8_evaluation_raw.zip::runs/seed1_l7_tc_k4_s0/semantic.json,0,test,m prediction from u,tc,0.0111281828549579
,,,fidelity,bb505254dfde1587e2497238448fd2117f7b1a2292a84497db8fdfb81127e555,,,point estimate; empirical LM/sparse ranges reported separately,u_to_m,4,"[4.0,4.0,4.0,4.0,4.0,4.0]",7,1,r2,seed1_l7_tc_k4_s0,P8,READ,20000,experiment_v1_4/phase_archives/P8/P8_evaluation_raw.zip::runs/seed1_l7_tc_k4_s0/semantic.json,0,test,m prediction from u,tc,0.9888716427529395
,,,fidelity,bb505254dfde1587e2497238448fd2117f7b1a2292a84497db8fdfb81127e555,,,point estimate; empirical LM/sparse ranges reported separately,u_to_m,4,"[4.0,4.0,4.0,4.0,4.0,4.0]",7,1,ev,seed1_l7_tc_k4_s0,P8,READ,20000,experiment_v1_4/phase_archives/P8/P8_evaluation_raw.zip::runs/seed1_l7_tc_k4_s0/semantic.json,0,test,m prediction from u,tc,0.98889875494913
,,,fidelity,bb505254dfde1587e2497238448fd2117f7b1a2292a84497db8fdfb81127e555,,,point estimate; empirical LM/sparse ranges reported separately,u_to_m,4,"[4.0,4.0,4.0,4.0,4.0,4.0]",7,1,inactive_fraction,seed1_l7_tc_k4_s0,P8,READ,20000,experiment_v1_4/phase_archives/P8/P8_evaluation_raw.zip::runs/seed1_l7_tc_k4_s0/semantic.json,0,test,m prediction from u,tc,0.853515625
,,,fidelity,bb505254dfde1587e2497238448fd2117f7b1a2292a84497db8fdfb81127e555,,,point estimate; empirical LM/sparse ranges reported separately,u_to_m,4,"[4.0,4.0,4.0,4.0,4.0,4.0]",7,1,inactive_count,seed1_l7_tc_k4_s0,P8,READ,20000,experiment_v1_4/phase_archives/P8/P8_evaluation_raw.zip::runs/seed1_l7_tc_k4_s0/semantic.json,0,test,m prediction from u,tc,437
,,,fidelity,bb505254dfde1587e2497238448fd2117f7b1a2292a84497db8fdfb81127e555,,,point estimate; empirical LM/sparse ranges reported separately,u_to_m,4,"[4.0,4.0,4.0,4.0,4.0,4.0]",7,1,l0_mean,seed1_l7_tc_k4_s0,P8,READ,20000,experiment_v1_4/phase_archives/P8/P8_evaluation_raw.zip::runs/seed1_l7_tc_k4_s0/semantic.json,0,test,m prediction from u,tc,4.0
,,,fidelity,bb505254dfde1587e2497238448fd2117f7b1a2292a84497db8fdfb81127e555,,,point estimate; empirical LM/sparse ranges reported separately,u_to_m,4,"[4.0,4.0,4.0,4.0,4.0,4.0]",7,1,l0_median,seed1_l7_tc_k4_s0,P8,READ,20000,experiment_v1_4/phase_archives/P8/P8_evaluation_raw.zip::runs/seed1_l7_tc_k4_s0/semantic.json,0,test,m prediction from u,tc,4.0
,,,fidelity,bb505254dfde1587e2497238448fd2117f7b1a2292a84497db8fdfb81127e555,,,point estimate; empirical LM/sparse ranges reported separately,u_to_m,4,"[4.0,4.0,4.0,4.0,4.0,4.0]",7,1,dead_fraction,seed1_l7_tc_k4_s0,P8,READ,20000,experiment_v1_4/phase_archives/P8/P8_evaluation_raw.zip::runs/seed1_l7_tc_k4_s0/semantic.json,0,test,m prediction from u,tc,0.830078125
1000,8953725576285588890,1000,replacement,bb505254dfde1587e2497238448fd2117f7b1a2292a84497db8fdfb81127e555,0.0021929674038247524,0.0001332161863879633,,u_to_m,4,,7,1,original_ce,seed1_l7_tc_k4_s0,P8,READ,2048,experiment_v1_4/phase_archives/P8/P8_evaluation_raw.zip::runs/seed1_l7_tc_k4_s0/summary.json,0,behavior_test,m prediction from u,tc,0.0008930913189741929
1000,8953725576285588890,1000,replacement,bb505254dfde1587e2497238448fd2117f7b1a2292a84497db8fdfb81127e555,0.0021907204823366274,0.00013167479667640646,,u_to_m,4,,7,1,patched_ce,seed1_l7_tc_k4_s0,P8,READ,2048,experiment_v1_4/phase_archives/P8/P8_evaluation_raw.zip::runs/seed1_l7_tc_k4_s0/summary.json,0,behavior_test,m prediction from u,tc,0.0008905426307639353
1000,8953725576285588890,1000,replacement,bb505254dfde1587e2497238448fd2117f7b1a2292a84497db8fdfb81127e555,5.626830487437389e-07,-6.329786776471113e-06,,u_to_m,4,,7,1,delta_ce,seed1_l7_tc_k4_s0,P8,READ,2048,experiment_v1_4/phase_archives/P8/P8_evaluation_raw.zip::runs/seed1_l7_tc_k4_s0/summary.json,0,behavior_test,m prediction from u,tc,-2.5486882102576658e-06
1000,8953725576285588890,1000,replacement,bb505254dfde1587e2497238448fd2117f7b1a2292a84497db8fdfb81127e555,1.0,0.99853515625,,u_to_m,4,,7,1,original_accuracy,seed1_l7_tc_k4_s0,P8,READ,2048,experiment_v1_4/phase_archives/P8/P8_evaluation_raw.zip::runs/seed1_l7_tc_k4_s0/summary.json,0,behavior_test,m prediction from u,tc,0.99951171875
1000,8953725576285588890,1000,replacement,bb505254dfde1587e2497238448fd2117f7b1a2292a84497db8fdfb81127e555,1.0,0.99853515625,,u_to_m,4,,7,1,patched_accuracy,seed1_l7_tc_k4_s0,P8,READ,2048,experiment_v1_4/phase_archives/P8/P8_evaluation_raw.zip::runs/seed1_l7_tc_k4_s0/summary.json,0,behavior_test,m prediction from u,tc,0.99951171875
1000,8953725576285588890,1000,replacement,bb505254dfde1587e2497238448fd2117f7b1a2292a84497db8fdfb81127e555,0.0,0.0,,u_to_m,4,,7,1,delta_accuracy,seed1_l7_tc_k4_s0,P8,READ,2048,experiment_v1_4/phase_archives/P8/P8_evaluation_raw.zip::runs/seed1_l7_tc_k4_s0/summary.json,0,behavior_test,m prediction from u,tc,0.0
,,,fidelity,bb505254dfde1587e2497238448fd2117f7b1a2292a84497db8fdfb81127e555,,,point estimate; empirical LM/sparse ranges reported separately,u_to_m,16,"[12.0,16.0,16.0,16.0,16.0,16.0]",7,1,mse,seed1_l7_tc_k16_s0,P8,READ,50000,experiment_v1_4/phase_archives/P8/P8_evaluation_raw.zip::runs/seed1_l7_tc_k16_s0/semantic.json,0,train,m prediction from u,tc,0.0018649248639249377
,,,fidelity,bb505254dfde1587e2497238448fd2117f7b1a2292a84497db8fdfb81127e555,,,point estimate; empirical LM/sparse ranges reported separately,u_to_m,16,"[12.0,16.0,16.0,16.0,16.0,16.0]",7,1,nmse,seed1_l7_tc_k16_s0,P8,READ,50000,experiment_v1_4/phase_archives/P8/P8_evaluation_raw.zip::runs/seed1_l7_tc_k16_s0/semantic.json,0,train,m prediction from u,tc,0.001864924682043156
,,,fidelity,bb505254dfde1587e2497238448fd2117f7b1a2292a84497db8fdfb81127e555,,,point estimate; empirical LM/sparse ranges reported separately,u_to_m,16,"[12.0,16.0,16.0,16.0,16.0,16.0]",7,1,r2,seed1_l7_tc_k16_s0,P8,READ,50000,experiment_v1_4/phase_archives/P8/P8_evaluation_raw.zip::runs/seed1_l7_tc_k16_s0/semantic.json,0,train,m prediction from u,tc,0.9981350753179569
,,,fidelity,bb505254dfde1587e2497238448fd2117f7b1a2292a84497db8fdfb81127e555,,,point estimate; empirical LM/sparse ranges reported separately,u_to_m,16,"[12.0,16.0,16.0,16.0,16.0,16.0]",7,1,ev,seed1_l7_tc_k16_s0,P8,READ,50000,experiment_v1_4/phase_archives/P8/P8_evaluation_raw.zip::runs/seed1_l7_tc_k16_s0/semantic.json,0,train,m prediction from u,tc,0.9981437877069337
,,,fidelity,bb505254dfde1587e2497238448fd2117f7b1a2292a84497db8fdfb81127e555,,,point estimate; empirical LM/sparse ranges reported separately,u_to_m,16,"[12.0,16.0,16.0,16.0,16.0,16.0]",7,1,inactive_fraction,seed1_l7_tc_k16_s0,P8,READ,50000,experiment_v1_4/phase_archives/P8/P8_evaluation_raw.zip::runs/seed1_l7_tc_k16_s0/semantic.json,0,train,m prediction from u,tc,0.4609375
,,,fidelity,bb505254dfde1587e2497238448fd2117f7b1a2292a84497db8fdfb81127e555,,,point estimate; empirical LM/sparse ranges reported separately,u_to_m,16,"[12.0,16.0,16.0,16.0,16.0,16.0]",7,1,inactive_count,seed1_l7_tc_k16_s0,P8,READ,50000,experiment_v1_4/phase_archives/P8/P8_evaluation_raw.zip::runs/seed1_l7_tc_k16_s0/semantic.json,0,train,m prediction from u,tc,236
,,,fidelity,bb505254dfde1587e2497238448fd2117f7b1a2292a84497db8fdfb81127e555,,,point estimate; empirical LM/sparse ranges reported separately,u_to_m,16,"[12.0,16.0,16.0,16.0,16.0,16.0]",7,1,l0_mean,seed1_l7_tc_k16_s0,P8,READ,50000,experiment_v1_4/phase_archives/P8/P8_evaluation_raw.zip::runs/seed1_l7_tc_k16_s0/semantic.json,0,train,m prediction from u,tc,15.9804
,,,fidelity,bb505254dfde1587e2497238448fd2117f7b1a2292a84497db8fdfb81127e555,,,point estimate; empirical LM/sparse ranges reported separately,u_to_m,16,"[12.0,16.0,16.0,16.0,16.0,16.0]",7,1,l0_median,seed1_l7_tc_k16_s0,P8,READ,50000,experiment_v1_4/phase_archives/P8/P8_evaluation_raw.zip::runs/seed1_l7_tc_k16_s0/semantic.json,0,train,m prediction from u,tc,16.0
,,,fidelity,bb505254dfde1587e2497238448fd2117f7b1a2292a84497db8fdfb81127e555,,,point estimate; empirical LM/sparse ranges reported separately,u_to_m,16,"[12.0,16.0,16.0,16.0,16.0,16.0]",7,1,dead_fraction,seed1_l7_tc_k16_s0,P8,READ,50000,experiment_v1_4/phase_archives/P8/P8_evaluation_raw.zip::runs/seed1_l7_tc_k16_s0/semantic.json,0,train,m prediction from u,tc,0.4609375
,,,fidelity,bb505254dfde1587e2497238448fd2117f7b1a2292a84497db8fdfb81127e555,,,point estimate; empirical LM/sparse ranges reported separately,u_to_m,16,"[13.0,16.0,16.0,16.0,16.0,16.0]",7,1,mse,seed1_l7_tc_k16_s0,P8,READ,10000,experiment_v1_4/phase_archives/P8/P8_evaluation_raw.zip::runs/seed1_l7_tc_k16_s0/semantic.json,0,val,m prediction from u,tc,0.0019220982965923114
,,,fidelity,bb505254dfde1587e2497238448fd2117f7b1a2292a84497db8fdfb81127e555,,,point estimate; empirical LM/sparse ranges reported separately,u_to_m,16,"[13.0,16.0,16.0,16.0,16.0,16.0]",7,1,nmse,seed1_l7_tc_k16_s0,P8,READ,10000,experiment_v1_4/phase_archives/P8/P8_evaluation_raw.zip::runs/seed1_l7_tc_k16_s0/semantic.json,0,val,m prediction from u,tc,0.0018671877696151723
,,,fidelity,bb505254dfde1587e2497238448fd2117f7b1a2292a84497db8fdfb81127e555,,,point estimate; empirical LM/sparse ranges reported separately,u_to_m,16,"[13.0,16.0,16.0,16.0,16.0,16.0]",7,1,r2,seed1_l7_tc_k16_s0,P8,READ,10000,experiment_v1_4/phase_archives/P8/P8_evaluation_raw.zip::runs/seed1_l7_tc_k16_s0/semantic.json,0,val,m prediction from u,tc,0.9981327506052028
,,,fidelity,bb505254dfde1587e2497238448fd2117f7b1a2292a84497db8fdfb81127e555,,,point estimate; empirical LM/sparse ranges reported separately,u_to_m,16,"[13.0,16.0,16.0,16.0,16.0,16.0]",7,1,ev,seed1_l7_tc_k16_s0,P8,READ,10000,experiment_v1_4/phase_archives/P8/P8_evaluation_raw.zip::runs/seed1_l7_tc_k16_s0/semantic.json,0,val,m prediction from u,tc,0.9981419332293389
,,,fidelity,bb505254dfde1587e2497238448fd2117f7b1a2292a84497db8fdfb81127e555,,,point estimate; empirical LM/sparse ranges reported separately,u_to_m,16,"[13.0,16.0,16.0,16.0,16.0,16.0]",7,1,inactive_fraction,seed1_l7_tc_k16_s0,P8,READ,10000,experiment_v1_4/phase_archives/P8/P8_evaluation_raw.zip::runs/seed1_l7_tc_k16_s0/semantic.json,0,val,m prediction from u,tc,0.552734375
,,,fidelity,bb505254dfde1587e2497238448fd2117f7b1a2292a84497db8fdfb81127e555,,,point estimate; empirical LM/sparse ranges reported separately,u_to_m,16,"[13.0,16.0,16.0,16.0,16.0,16.0]",7,1,inactive_count,seed1_l7_tc_k16_s0,P8,READ,10000,experiment_v1_4/phase_archives/P8/P8_evaluation_raw.zip::runs/seed1_l7_tc_k16_s0/semantic.json,0,val,m prediction from u,tc,283
,,,fidelity,bb505254dfde1587e2497238448fd2117f7b1a2292a84497db8fdfb81127e555,,,point estimate; empirical LM/sparse ranges reported separately,u_to_m,16,"[13.0,16.0,16.0,16.0,16.0,16.0]",7,1,l0_mean,seed1_l7_tc_k16_s0,P8,READ,10000,experiment_v1_4/phase_archives/P8/P8_evaluation_raw.zip::runs/seed1_l7_tc_k16_s0/semantic.json,0,val,m prediction from u,tc,15.983
,,,fidelity,bb505254dfde1587e2497238448fd2117f7b1a2292a84497db8fdfb81127e555,,,point estimate; empirical LM/sparse ranges reported separately,u_to_m,16,"[13.0,16.0,16.0,16.0,16.0,16.0]",7,1,l0_median,seed1_l7_tc_k16_s0,P8,READ,10000,experiment_v1_4/phase_archives/P8/P8_evaluation_raw.zip::runs/seed1_l7_tc_k16_s0/semantic.json,0,val,m prediction from u,tc,16.0
,,,fidelity,bb505254dfde1587e2497238448fd2117f7b1a2292a84497db8fdfb81127e555,,,point estimate; empirical LM/sparse ranges reported separately,u_to_m,16,"[13.0,16.0,16.0,16.0,16.0,16.0]",7,1,dead_fraction,seed1_l7_tc_k16_s0,P8,READ,10000,experiment_v1_4/phase_archives/P8/P8_evaluation_raw.zip::runs/seed1_l7_tc_k16_s0/semantic.json,0,val,m prediction from u,tc,0.4609375
,,,fidelity,bb505254dfde1587e2497238448fd2117f7b1a2292a84497db8fdfb81127e555,,,point estimate; empirical LM/sparse ranges reported separately,u_to_m,16,"[13.0,16.0,16.0,16.0,16.0,16.0]",7,1,mse,seed1_l7_tc_k16_s0,P8,READ,20000,experiment_v1_4/phase_archives/P8/P8_evaluation_raw.zip::runs/seed1_l7_tc_k16_s0/semantic.json,0,test,m prediction from u,tc,0.0019334521554728497
,,,fidelity,bb505254dfde1587e2497238448fd2117f7b1a2292a84497db8fdfb81127e555,,,point estimate; empirical LM/sparse ranges reported separately,u_to_m,16,"[13.0,16.0,16.0,16.0,16.0,16.0]",7,1,nmse,seed1_l7_tc_k16_s0,P8,READ,20000,experiment_v1_4/phase_archives/P8/P8_evaluation_raw.zip::runs/seed1_l7_tc_k16_s0/semantic.json,0,test,m prediction from u,tc,0.001926547169931669
,,,fidelity,bb505254dfde1587e2497238448fd2117f7b1a2292a84497db8fdfb81127e555,,,point estimate; empirical LM/sparse ranges reported separately,u_to_m,16,"[13.0,16.0,16.0,16.0,16.0,16.0]",7,1,r2,seed1_l7_tc_k16_s0,P8,READ,20000,experiment_v1_4/phase_archives/P8/P8_evaluation_raw.zip::runs/seed1_l7_tc_k16_s0/semantic.json,0,test,m prediction from u,tc,0.998073422638741
,,,fidelity,bb505254dfde1587e2497238448fd2117f7b1a2292a84497db8fdfb81127e555,,,point estimate; empirical LM/sparse ranges reported separately,u_to_m,16,"[13.0,16.0,16.0,16.0,16.0,16.0]",7,1,ev,seed1_l7_tc_k16_s0,P8,READ,20000,experiment_v1_4/phase_archives/P8/P8_evaluation_raw.zip::runs/seed1_l7_tc_k16_s0/semantic.json,0,test,m prediction from u,tc,0.9980818558550455
,,,fidelity,bb505254dfde1587e2497238448fd2117f7b1a2292a84497db8fdfb81127e555,,,point estimate; empirical LM/sparse ranges reported separately,u_to_m,16,"[13.0,16.0,16.0,16.0,16.0,16.0]",7,1,inactive_fraction,seed1_l7_tc_k16_s0,P8,READ,20000,experiment_v1_4/phase_archives/P8/P8_evaluation_raw.zip::runs/seed1_l7_tc_k16_s0/semantic.json,0,test,m prediction from u,tc,0.498046875
,,,fidelity,bb505254dfde1587e2497238448fd2117f7b1a2292a84497db8fdfb81127e555,,,point estimate; empirical LM/sparse ranges reported separately,u_to_m,16,"[13.0,16.0,16.0,16.0,16.0,16.0]",7,1,inactive_count,seed1_l7_tc_k16_s0,P8,READ,20000,experiment_v1_4/phase_archives/P8/P8_evaluation_raw.zip::runs/seed1_l7_tc_k16_s0/semantic.json,0,test,m prediction from u,tc,255
,,,fidelity,bb505254dfde1587e2497238448fd2117f7b1a2292a84497db8fdfb81127e555,,,point estimate; empirical LM/sparse ranges reported separately,u_to_m,16,"[13.0,16.0,16.0,16.0,16.0,16.0]",7,1,l0_mean,seed1_l7_tc_k16_s0,P8,READ,20000,experiment_v1_4/phase_archives/P8/P8_evaluation_raw.zip::runs/seed1_l7_tc_k16_s0/semantic.json,0,test,m prediction from u,tc,15.9793
,,,fidelity,bb505254dfde1587e2497238448fd2117f7b1a2292a84497db8fdfb81127e555,,,point estimate; empirical LM/sparse ranges reported separately,u_to_m,16,"[13.0,16.0,16.0,16.0,16.0,16.0]",7,1,l0_median,seed1_l7_tc_k16_s0,P8,READ,20000,experiment_v1_4/phase_archives/P8/P8_evaluation_raw.zip::runs/seed1_l7_tc_k16_s0/semantic.json,0,test,m prediction from u,tc,16.0
,,,fidelity,bb505254dfde1587e2497238448fd2117f7b1a2292a84497db8fdfb81127e555,,,point estimate; empirical LM/sparse ranges reported separately,u_to_m,16,"[13.0,16.0,16.0,16.0,16.0,16.0]",7,1,dead_fraction,seed1_l7_tc_k16_s0,P8,READ,20000,experiment_v1_4/phase_archives/P8/P8_evaluation_raw.zip::runs/seed1_l7_tc_k16_s0/semantic.json,0,test,m prediction from u,tc,0.4609375
1000,9000067218190529180,1000,replacement,bb505254dfde1587e2497238448fd2117f7b1a2292a84497db8fdfb81127e555,0.0021628125033122947,0.00012790440406971194,,u_to_m,16,,7,1,original_ce,seed1_l7_tc_k16_s0,P8,READ,2048,experiment_v1_4/phase_archives/P8/P8_evaluation_raw.zip::runs/seed1_l7_tc_k16_s0/summary.json,0,behavior_test,m prediction from u,tc,0.0008930913189741929
1000,9000067218190529180,1000,replacement,bb505254dfde1587e2497238448fd2117f7b1a2292a84497db8fdfb81127e555,0.0021676943441017228,0.00012697322333609095,,u_to_m,16,,7,1,patched_ce,seed1_l7_tc_k16_s0,P8,READ,2048,experiment_v1_4/phase_archives/P8/P8_evaluation_raw.zip::runs/seed1_l7_tc_k16_s0/summary.json,0,behavior_test,m prediction from u,tc,0.0008929422059940073
1000,9000067218190529180,1000,replacement,bb505254dfde1587e2497238448fd2117f7b1a2292a84497db8fdfb81127e555,6.718645628966956e-06,-5.065009523863573e-06,,u_to_m,16,,7,1,delta_ce,seed1_l7_tc_k16_s0,P8,READ,2048,experiment_v1_4/phase_archives/P8/P8_evaluation_raw.zip::runs/seed1_l7_tc_k16_s0/summary.json,0,behavior_test,m prediction from u,tc,-1.4911298018560615e-07
1000,9000067218190529180,1000,replacement,bb505254dfde1587e2497238448fd2117f7b1a2292a84497db8fdfb81127e555,1.0,0.99853515625,,u_to_m,16,,7,1,original_accuracy,seed1_l7_tc_k16_s0,P8,READ,2048,experiment_v1_4/phase_archives/P8/P8_evaluation_raw.zip::runs/seed1_l7_tc_k16_s0/summary.json,0,behavior_test,m prediction from u,tc,0.99951171875
1000,9000067218190529180,1000,replacement,bb505254dfde1587e2497238448fd2117f7b1a2292a84497db8fdfb81127e555,1.0,0.99853515625,,u_to_m,16,,7,1,patched_accuracy,seed1_l7_tc_k16_s0,P8,READ,2048,experiment_v1_4/phase_archives/P8/P8_evaluation_raw.zip::runs/seed1_l7_tc_k16_s0/summary.json,0,behavior_test,m prediction from u,tc,0.99951171875
1000,9000067218190529180,1000,replacement,bb505254dfde1587e2497238448fd2117f7b1a2292a84497db8fdfb81127e555,0.0,0.0,,u_to_m,16,,7,1,delta_accuracy,seed1_l7_tc_k16_s0,P8,READ,2048,experiment_v1_4/phase_archives/P8/P8_evaluation_raw.zip::runs/seed1_l7_tc_k16_s0/summary.json,0,behavior_test,m prediction from u,tc,0.0
,,,fidelity,bb505254dfde1587e2497238448fd2117f7b1a2292a84497db8fdfb81127e555,,,point estimate; empirical LM/sparse ranges reported separately,u_to_m,4,"[4.0,4.0,4.0,4.0,4.0,4.0]",11,1,mse,seed1_l11_tc_k4_s0,P8,READ,50000,experiment_v1_4/phase_archives/P8/P8_evaluation_raw.zip::runs/seed1_l11_tc_k4_s0/semantic.json,0,train,m prediction from u,tc,0.00324269202141183
,,,fidelity,bb505254dfde1587e2497238448fd2117f7b1a2292a84497db8fdfb81127e555,,,point estimate; empirical LM/sparse ranges reported separately,u_to_m,4,"[4.0,4.0,4.0,4.0,4.0,4.0]",11,1,nmse,seed1_l11_tc_k4_s0,P8,READ,50000,experiment_v1_4/phase_archives/P8/P8_evaluation_raw.zip::runs/seed1_l11_tc_k4_s0/semantic.json,0,train,m prediction from u,tc,0.0032426920002324795
,,,fidelity,bb505254dfde1587e2497238448fd2117f7b1a2292a84497db8fdfb81127e555,,,point estimate; empirical LM/sparse ranges reported separately,u_to_m,4,"[4.0,4.0,4.0,4.0,4.0,4.0]",11,1,r2,seed1_l11_tc_k4_s0,P8,READ,50000,experiment_v1_4/phase_archives/P8/P8_evaluation_raw.zip::runs/seed1_l11_tc_k4_s0/semantic.json,0,train,m prediction from u,tc,0.9967573079997675
,,,fidelity,bb505254dfde1587e2497238448fd2117f7b1a2292a84497db8fdfb81127e555,,,point estimate; empirical LM/sparse ranges reported separately,u_to_m,4,"[4.0,4.0,4.0,4.0,4.0,4.0]",11,1,ev,seed1_l11_tc_k4_s0,P8,READ,50000,experiment_v1_4/phase_archives/P8/P8_evaluation_raw.zip::runs/seed1_l11_tc_k4_s0/semantic.json,0,train,m prediction from u,tc,0.99676714723671
,,,fidelity,bb505254dfde1587e2497238448fd2117f7b1a2292a84497db8fdfb81127e555,,,point estimate; empirical LM/sparse ranges reported separately,u_to_m,4,"[4.0,4.0,4.0,4.0,4.0,4.0]",11,1,inactive_fraction,seed1_l11_tc_k4_s0,P8,READ,50000,experiment_v1_4/phase_archives/P8/P8_evaluation_raw.zip::runs/seed1_l11_tc_k4_s0/semantic.json,0,train,m prediction from u,tc,0.8125
,,,fidelity,bb505254dfde1587e2497238448fd2117f7b1a2292a84497db8fdfb81127e555,,,point estimate; empirical LM/sparse ranges reported separately,u_to_m,4,"[4.0,4.0,4.0,4.0,4.0,4.0]",11,1,inactive_count,seed1_l11_tc_k4_s0,P8,READ,50000,experiment_v1_4/phase_archives/P8/P8_evaluation_raw.zip::runs/seed1_l11_tc_k4_s0/semantic.json,0,train,m prediction from u,tc,416
,,,fidelity,bb505254dfde1587e2497238448fd2117f7b1a2292a84497db8fdfb81127e555,,,point estimate; empirical LM/sparse ranges reported separately,u_to_m,4,"[4.0,4.0,4.0,4.0,4.0,4.0]",11,1,l0_mean,seed1_l11_tc_k4_s0,P8,READ,50000,experiment_v1_4/phase_archives/P8/P8_evaluation_raw.zip::runs/seed1_l11_tc_k4_s0/semantic.json,0,train,m prediction from u,tc,4.0
,,,fidelity,bb505254dfde1587e2497238448fd2117f7b1a2292a84497db8fdfb81127e555,,,point estimate; empirical LM/sparse ranges reported separately,u_to_m,4,"[4.0,4.0,4.0,4.0,4.0,4.0]",11,1,l0_median,seed1_l11_tc_k4_s0,P8,READ,50000,experiment_v1_4/phase_archives/P8/P8_evaluation_raw.zip::runs/seed1_l11_tc_k4_s0/semantic.json,0,train,m prediction from u,tc,4.0
,,,fidelity,bb505254dfde1587e2497238448fd2117f7b1a2292a84497db8fdfb81127e555,,,point estimate; empirical LM/sparse ranges reported separately,u_to_m,4,"[4.0,4.0,4.0,4.0,4.0,4.0]",11,1,dead_fraction,seed1_l11_tc_k4_s0,P8,READ,50000,experiment_v1_4/phase_archives/P8/P8_evaluation_raw.zip::runs/seed1_l11_tc_k4_s0/semantic.json,0,train,m prediction from u,tc,0.8125
,,,fidelity,bb505254dfde1587e2497238448fd2117f7b1a2292a84497db8fdfb81127e555,,,point estimate; empirical LM/sparse ranges reported separately,u_to_m,4,"[4.0,4.0,4.0,4.0,4.0,4.0]",11,1,mse,seed1_l11_tc_k4_s0,P8,READ,10000,experiment_v1_4/phase_archives/P8/P8_evaluation_raw.zip::runs/seed1_l11_tc_k4_s0/semantic.json,0,val,m prediction from u,tc,0.003272963875913147
,,,fidelity,bb505254dfde1587e2497238448fd2117f7b1a2292a84497db8fdfb81127e555,,,point estimate; empirical LM/sparse ranges reported separately,u_to_m,4,"[4.0,4.0,4.0,4.0,4.0,4.0]",11,1,nmse,seed1_l11_tc_k4_s0,P8,READ,10000,experiment_v1_4/phase_archives/P8/P8_evaluation_raw.zip::runs/seed1_l11_tc_k4_s0/semantic.json,0,val,m prediction from u,tc,0.00323519721863781
,,,fidelity,bb505254dfde1587e2497238448fd2117f7b1a2292a84497db8fdfb81127e555,,,point estimate; empirical LM/sparse ranges reported separately,u_to_m,4,"[4.0,4.0,4.0,4.0,4.0,4.0]",11,1,r2,seed1_l11_tc_k4_s0,P8,READ,10000,experiment_v1_4/phase_archives/P8/P8_evaluation_raw.zip::runs/seed1_l11_tc_k4_s0/semantic.json,0,val,m prediction from u,tc,0.9967646487240575
,,,fidelity,bb505254dfde1587e2497238448fd2117f7b1a2292a84497db8fdfb81127e555,,,point estimate; empirical LM/sparse ranges reported separately,u_to_m,4,"[4.0,4.0,4.0,4.0,4.0,4.0]",11,1,ev,seed1_l11_tc_k4_s0,P8,READ,10000,experiment_v1_4/phase_archives/P8/P8_evaluation_raw.zip::runs/seed1_l11_tc_k4_s0/semantic.json,0,val,m prediction from u,tc,0.9967748981304623
,,,fidelity,bb505254dfde1587e2497238448fd2117f7b1a2292a84497db8fdfb81127e555,,,point estimate; empirical LM/sparse ranges reported separately,u_to_m,4,"[4.0,4.0,4.0,4.0,4.0,4.0]",11,1,inactive_fraction,seed1_l11_tc_k4_s0,P8,READ,10000,experiment_v1_4/phase_archives/P8/P8_evaluation_raw.zip::runs/seed1_l11_tc_k4_s0/semantic.json,0,val,m prediction from u,tc,0.857421875
,,,fidelity,bb505254dfde1587e2497238448fd2117f7b1a2292a84497db8fdfb81127e555,,,point estimate; empirical LM/sparse ranges reported separately,u_to_m,4,"[4.0,4.0,4.0,4.0,4.0,4.0]",11,1,inactive_count,seed1_l11_tc_k4_s0,P8,READ,10000,experiment_v1_4/phase_archives/P8/P8_evaluation_raw.zip::runs/seed1_l11_tc_k4_s0/semantic.json,0,val,m prediction from u,tc,439
,,,fidelity,bb505254dfde1587e2497238448fd2117f7b1a2292a84497db8fdfb81127e555,,,point estimate; empirical LM/sparse ranges reported separately,u_to_m,4,"[4.0,4.0,4.0,4.0,4.0,4.0]",11,1,l0_mean,seed1_l11_tc_k4_s0,P8,READ,10000,experiment_v1_4/phase_archives/P8/P8_evaluation_raw.zip::runs/seed1_l11_tc_k4_s0/semantic.json,0,val,m prediction from u,tc,4.0
,,,fidelity,bb505254dfde1587e2497238448fd2117f7b1a2292a84497db8fdfb81127e555,,,point estimate; empirical LM/sparse ranges reported separately,u_to_m,4,"[4.0,4.0,4.0,4.0,4.0,4.0]",11,1,l0_median,seed1_l11_tc_k4_s0,P8,READ,10000,experiment_v1_4/phase_archives/P8/P8_evaluation_raw.zip::runs/seed1_l11_tc_k4_s0/semantic.json,0,val,m prediction from u,tc,4.0
,,,fidelity,bb505254dfde1587e2497238448fd2117f7b1a2292a84497db8fdfb81127e555,,,point estimate; empirical LM/sparse ranges reported separately,u_to_m,4,"[4.0,4.0,4.0,4.0,4.0,4.0]",11,1,dead_fraction,seed1_l11_tc_k4_s0,P8,READ,10000,experiment_v1_4/phase_archives/P8/P8_evaluation_raw.zip::runs/seed1_l11_tc_k4_s0/semantic.json,0,val,m prediction from u,tc,0.8125
,,,fidelity,bb505254dfde1587e2497238448fd2117f7b1a2292a84497db8fdfb81127e555,,,point estimate; empirical LM/sparse ranges reported separately,u_to_m,4,"[3.0,4.0,4.0,4.0,4.0,4.0]",11,1,mse,seed1_l11_tc_k4_s0,P8,READ,20000,experiment_v1_4/phase_archives/P8/P8_evaluation_raw.zip::runs/seed1_l11_tc_k4_s0/semantic.json,0,test,m prediction from u,tc,0.003253667408533944
,,,fidelity,bb505254dfde1587e2497238448fd2117f7b1a2292a84497db8fdfb81127e555,,,point estimate; empirical LM/sparse ranges reported separately,u_to_m,4,"[3.0,4.0,4.0,4.0,4.0,4.0]",11,1,nmse,seed1_l11_tc_k4_s0,P8,READ,20000,experiment_v1_4/phase_archives/P8/P8_evaluation_raw.zip::runs/seed1_l11_tc_k4_s0/semantic.json,0,test,m prediction from u,tc,0.0032557607277305103
,,,fidelity,bb505254dfde1587e2497238448fd2117f7b1a2292a84497db8fdfb81127e555,,,point estimate; empirical LM/sparse ranges reported separately,u_to_m,4,"[3.0,4.0,4.0,4.0,4.0,4.0]",11,1,r2,seed1_l11_tc_k4_s0,P8,READ,20000,experiment_v1_4/phase_archives/P8/P8_evaluation_raw.zip::runs/seed1_l11_tc_k4_s0/semantic.json,0,test,m prediction from u,tc,0.996744075527955
,,,fidelity,bb505254dfde1587e2497238448fd2117f7b1a2292a84497db8fdfb81127e555,,,point estimate; empirical LM/sparse ranges reported separately,u_to_m,4,"[3.0,4.0,4.0,4.0,4.0,4.0]",11,1,ev,seed1_l11_tc_k4_s0,P8,READ,20000,experiment_v1_4/phase_archives/P8/P8_evaluation_raw.zip::runs/seed1_l11_tc_k4_s0/semantic.json,0,test,m prediction from u,tc,0.9967538484288271
,,,fidelity,bb505254dfde1587e2497238448fd2117f7b1a2292a84497db8fdfb81127e555,,,point estimate; empirical LM/sparse ranges reported separately,u_to_m,4,"[3.0,4.0,4.0,4.0,4.0,4.0]",11,1,inactive_fraction,seed1_l11_tc_k4_s0,P8,READ,20000,experiment_v1_4/phase_archives/P8/P8_evaluation_raw.zip::runs/seed1_l11_tc_k4_s0/semantic.json,0,test,m prediction from u,tc,0.833984375
,,,fidelity,bb505254dfde1587e2497238448fd2117f7b1a2292a84497db8fdfb81127e555,,,point estimate; empirical LM/sparse ranges reported separately,u_to_m,4,"[3.0,4.0,4.0,4.0,4.0,4.0]",11,1,inactive_count,seed1_l11_tc_k4_s0,P8,READ,20000,experiment_v1_4/phase_archives/P8/P8_evaluation_raw.zip::runs/seed1_l11_tc_k4_s0/semantic.json,0,test,m prediction from u,tc,427
,,,fidelity,bb505254dfde1587e2497238448fd2117f7b1a2292a84497db8fdfb81127e555,,,point estimate; empirical LM/sparse ranges reported separately,u_to_m,4,"[3.0,4.0,4.0,4.0,4.0,4.0]",11,1,l0_mean,seed1_l11_tc_k4_s0,P8,READ,20000,experiment_v1_4/phase_archives/P8/P8_evaluation_raw.zip::runs/seed1_l11_tc_k4_s0/semantic.json,0,test,m prediction from u,tc,3.99995
,,,fidelity,bb505254dfde1587e2497238448fd2117f7b1a2292a84497db8fdfb81127e555,,,point estimate; empirical LM/sparse ranges reported separately,u_to_m,4,"[3.0,4.0,4.0,4.0,4.0,4.0]",11,1,l0_median,seed1_l11_tc_k4_s0,P8,READ,20000,experiment_v1_4/phase_archives/P8/P8_evaluation_raw.zip::runs/seed1_l11_tc_k4_s0/semantic.json,0,test,m prediction from u,tc,4.0
,,,fidelity,bb505254dfde1587e2497238448fd2117f7b1a2292a84497db8fdfb81127e555,,,point estimate; empirical LM/sparse ranges reported separately,u_to_m,4,"[3.0,4.0,4.0,4.0,4.0,4.0]",11,1,dead_fraction,seed1_l11_tc_k4_s0,P8,READ,20000,experiment_v1_4/phase_archives/P8/P8_evaluation_raw.zip::runs/seed1_l11_tc_k4_s0/semantic.json,0,test,m prediction from u,tc,0.8125
1000,8953725576285588890,1000,replacement,bb505254dfde1587e2497238448fd2117f7b1a2292a84497db8fdfb81127e555,0.0021929674038247524,0.0001332161863879633,,u_to_m,4,,11,1,original_ce,seed1_l11_tc_k4_s0,P8,READ,2048,experiment_v1_4/phase_archives/P8/P8_evaluation_raw.zip::runs/seed1_l11_tc_k4_s0/summary.json,0,behavior_test,m prediction from u,tc,0.0008930913189741929
1000,8953725576285588890,1000,replacement,bb505254dfde1587e2497238448fd2117f7b1a2292a84497db8fdfb81127e555,0.002191330946863845,0.00013180220763986394,,u_to_m,4,,11,1,patched_ce,seed1_l11_tc_k4_s0,P8,READ,2048,experiment_v1_4/phase_archives/P8/P8_evaluation_raw.zip::runs/seed1_l11_tc_k4_s0/summary.json,0,behavior_test,m prediction from u,tc,0.0008907775422288822
1000,8953725576285588890,1000,replacement,bb505254dfde1587e2497238448fd2117f7b1a2292a84497db8fdfb81127e555,7.088143925249035e-07,-5.4327977170864905e-06,,u_to_m,4,,11,1,delta_ce,seed1_l11_tc_k4_s0,P8,READ,2048,experiment_v1_4/phase_archives/P8/P8_evaluation_raw.zip::runs/seed1_l11_tc_k4_s0/summary.json,0,behavior_test,m prediction from u,tc,-2.313776745310747e-06
1000,8953725576285588890,1000,replacement,bb505254dfde1587e2497238448fd2117f7b1a2292a84497db8fdfb81127e555,1.0,0.99853515625,,u_to_m,4,,11,1,original_accuracy,seed1_l11_tc_k4_s0,P8,READ,2048,experiment_v1_4/phase_archives/P8/P8_evaluation_raw.zip::runs/seed1_l11_tc_k4_s0/summary.json,0,behavior_test,m prediction from u,tc,0.99951171875
1000,8953725576285588890,1000,replacement,bb505254dfde1587e2497238448fd2117f7b1a2292a84497db8fdfb81127e555,1.0,0.99853515625,,u_to_m,4,,11,1,patched_accuracy,seed1_l11_tc_k4_s0,P8,READ,2048,experiment_v1_4/phase_archives/P8/P8_evaluation_raw.zip::runs/seed1_l11_tc_k4_s0/summary.json,0,behavior_test,m prediction from u,tc,0.99951171875
1000,8953725576285588890,1000,replacement,bb505254dfde1587e2497238448fd2117f7b1a2292a84497db8fdfb81127e555,0.0,0.0,,u_to_m,4,,11,1,delta_accuracy,seed1_l11_tc_k4_s0,P8,READ,2048,experiment_v1_4/phase_archives/P8/P8_evaluation_raw.zip::runs/seed1_l11_tc_k4_s0/summary.json,0,behavior_test,m prediction from u,tc,0.0
,,,fidelity,bb505254dfde1587e2497238448fd2117f7b1a2292a84497db8fdfb81127e555,,,point estimate; empirical LM/sparse ranges reported separately,u_to_m,16,"[11.0,15.0,16.0,16.0,16.0,16.0]",11,1,mse,seed1_l11_tc_k16_s0,P8,READ,50000,experiment_v1_4/phase_archives/P8/P8_evaluation_raw.zip::runs/seed1_l11_tc_k16_s0/semantic.json,0,train,m prediction from u,tc,0.0004894066971581436
,,,fidelity,bb505254dfde1587e2497238448fd2117f7b1a2292a84497db8fdfb81127e555,,,point estimate; empirical LM/sparse ranges reported separately,u_to_m,16,"[11.0,15.0,16.0,16.0,16.0,16.0]",11,1,nmse,seed1_l11_tc_k16_s0,P8,READ,50000,experiment_v1_4/phase_archives/P8/P8_evaluation_raw.zip::runs/seed1_l11_tc_k16_s0/semantic.json,0,train,m prediction from u,tc,0.0004894066939616279
,,,fidelity,bb505254dfde1587e2497238448fd2117f7b1a2292a84497db8fdfb81127e555,,,point estimate; empirical LM/sparse ranges reported separately,u_to_m,16,"[11.0,15.0,16.0,16.0,16.0,16.0]",11,1,r2,seed1_l11_tc_k16_s0,P8,READ,50000,experiment_v1_4/phase_archives/P8/P8_evaluation_raw.zip::runs/seed1_l11_tc_k16_s0/semantic.json,0,train,m prediction from u,tc,0.9995105933060384
,,,fidelity,bb505254dfde1587e2497238448fd2117f7b1a2292a84497db8fdfb81127e555,,,point estimate; empirical LM/sparse ranges reported separately,u_to_m,16,"[11.0,15.0,16.0,16.0,16.0,16.0]",11,1,ev,seed1_l11_tc_k16_s0,P8,READ,50000,experiment_v1_4/phase_archives/P8/P8_evaluation_raw.zip::runs/seed1_l11_tc_k16_s0/semantic.json,0,train,m prediction from u,tc,0.9995173805618813
,,,fidelity,bb505254dfde1587e2497238448fd2117f7b1a2292a84497db8fdfb81127e555,,,point estimate; empirical LM/sparse ranges reported separately,u_to_m,16,"[11.0,15.0,16.0,16.0,16.0,16.0]",11,1,inactive_fraction,seed1_l11_tc_k16_s0,P8,READ,50000,experiment_v1_4/phase_archives/P8/P8_evaluation_raw.zip::runs/seed1_l11_tc_k16_s0/semantic.json,0,train,m prediction from u,tc,0.4453125
,,,fidelity,bb505254dfde1587e2497238448fd2117f7b1a2292a84497db8fdfb81127e555,,,point estimate; empirical LM/sparse ranges reported separately,u_to_m,16,"[11.0,15.0,16.0,16.0,16.0,16.0]",11,1,inactive_count,seed1_l11_tc_k16_s0,P8,READ,50000,experiment_v1_4/phase_archives/P8/P8_evaluation_raw.zip::runs/seed1_l11_tc_k16_s0/semantic.json,0,train,m prediction from u,tc,228
,,,fidelity,bb505254dfde1587e2497238448fd2117f7b1a2292a84497db8fdfb81127e555,,,point estimate; empirical LM/sparse ranges reported separately,u_to_m,16,"[11.0,15.0,16.0,16.0,16.0,16.0]",11,1,l0_mean,seed1_l11_tc_k16_s0,P8,READ,50000,experiment_v1_4/phase_archives/P8/P8_evaluation_raw.zip::runs/seed1_l11_tc_k16_s0/semantic.json,0,train,m prediction from u,tc,15.83014
,,,fidelity,bb505254dfde1587e2497238448fd2117f7b1a2292a84497db8fdfb81127e555,,,point estimate; empirical LM/sparse ranges reported separately,u_to_m,16,"[11.0,15.0,16.0,16.0,16.0,16.0]",11,1,l0_median,seed1_l11_tc_k16_s0,P8,READ,50000,experiment_v1_4/phase_archives/P8/P8_evaluation_raw.zip::runs/seed1_l11_tc_k16_s0/semantic.json,0,train,m prediction from u,tc,16.0
,,,fidelity,bb505254dfde1587e2497238448fd2117f7b1a2292a84497db8fdfb81127e555,,,point estimate; empirical LM/sparse ranges reported separately,u_to_m,16,"[11.0,15.0,16.0,16.0,16.0,16.0]",11,1,dead_fraction,seed1_l11_tc_k16_s0,P8,READ,50000,experiment_v1_4/phase_archives/P8/P8_evaluation_raw.zip::runs/seed1_l11_tc_k16_s0/semantic.json,0,train,m prediction from u,tc,0.4453125
,,,fidelity,bb505254dfde1587e2497238448fd2117f7b1a2292a84497db8fdfb81127e555,,,point estimate; empirical LM/sparse ranges reported separately,u_to_m,16,"[12.0,15.0,16.0,16.0,16.0,16.0]",11,1,mse,seed1_l11_tc_k16_s0,P8,READ,10000,experiment_v1_4/phase_archives/P8/P8_evaluation_raw.zip::runs/seed1_l11_tc_k16_s0/semantic.json,0,val,m prediction from u,tc,0.0005144467685971066
,,,fidelity,bb505254dfde1587e2497238448fd2117f7b1a2292a84497db8fdfb81127e555,,,point estimate; empirical LM/sparse ranges reported separately,u_to_m,16,"[12.0,15.0,16.0,16.0,16.0,16.0]",11,1,nmse,seed1_l11_tc_k16_s0,P8,READ,10000,experiment_v1_4/phase_archives/P8/P8_evaluation_raw.zip::runs/seed1_l11_tc_k16_s0/semantic.json,0,val,m prediction from u,tc,0.0005085105787909815
,,,fidelity,bb505254dfde1587e2497238448fd2117f7b1a2292a84497db8fdfb81127e555,,,point estimate; empirical LM/sparse ranges reported separately,u_to_m,16,"[12.0,15.0,16.0,16.0,16.0,16.0]",11,1,r2,seed1_l11_tc_k16_s0,P8,READ,10000,experiment_v1_4/phase_archives/P8/P8_evaluation_raw.zip::runs/seed1_l11_tc_k16_s0/semantic.json,0,val,m prediction from u,tc,0.9994914652063733
,,,fidelity,bb505254dfde1587e2497238448fd2117f7b1a2292a84497db8fdfb81127e555,,,point estimate; empirical LM/sparse ranges reported separately,u_to_m,16,"[12.0,15.0,16.0,16.0,16.0,16.0]",11,1,ev,seed1_l11_tc_k16_s0,P8,READ,10000,experiment_v1_4/phase_archives/P8/P8_evaluation_raw.zip::runs/seed1_l11_tc_k16_s0/semantic.json,0,val,m prediction from u,tc,0.9994987513026008
,,,fidelity,bb505254dfde1587e2497238448fd2117f7b1a2292a84497db8fdfb81127e555,,,point estimate; empirical LM/sparse ranges reported separately,u_to_m,16,"[12.0,15.0,16.0,16.0,16.0,16.0]",11,1,inactive_fraction,seed1_l11_tc_k16_s0,P8,READ,10000,experiment_v1_4/phase_archives/P8/P8_evaluation_raw.zip::runs/seed1_l11_tc_k16_s0/semantic.json,0,val,m prediction from u,tc,0.533203125
,,,fidelity,bb505254dfde1587e2497238448fd2117f7b1a2292a84497db8fdfb81127e555,,,point estimate; empirical LM/sparse ranges reported separately,u_to_m,16,"[12.0,15.0,16.0,16.0,16.0,16.0]",11,1,inactive_count,seed1_l11_tc_k16_s0,P8,READ,10000,experiment_v1_4/phase_archives/P8/P8_evaluation_raw.zip::runs/seed1_l11_tc_k16_s0/semantic.json,0,val,m prediction from u,tc,273
,,,fidelity,bb505254dfde1587e2497238448fd2117f7b1a2292a84497db8fdfb81127e555,,,point estimate; empirical LM/sparse ranges reported separately,u_to_m,16,"[12.0,15.0,16.0,16.0,16.0,16.0]",11,1,l0_mean,seed1_l11_tc_k16_s0,P8,READ,10000,experiment_v1_4/phase_archives/P8/P8_evaluation_raw.zip::runs/seed1_l11_tc_k16_s0/semantic.json,0,val,m prediction from u,tc,15.8357
,,,fidelity,bb505254dfde1587e2497238448fd2117f7b1a2292a84497db8fdfb81127e555,,,point estimate; empirical LM/sparse ranges reported separately,u_to_m,16,"[12.0,15.0,16.0,16.0,16.0,16.0]",11,1,l0_median,seed1_l11_tc_k16_s0,P8,READ,10000,experiment_v1_4/phase_archives/P8/P8_evaluation_raw.zip::runs/seed1_l11_tc_k16_s0/semantic.json,0,val,m prediction from u,tc,16.0
,,,fidelity,bb505254dfde1587e2497238448fd2117f7b1a2292a84497db8fdfb81127e555,,,point estimate; empirical LM/sparse ranges reported separately,u_to_m,16,"[12.0,15.0,16.0,16.0,16.0,16.0]",11,1,dead_fraction,seed1_l11_tc_k16_s0,P8,READ,10000,experiment_v1_4/phase_archives/P8/P8_evaluation_raw.zip::runs/seed1_l11_tc_k16_s0/semantic.json,0,val,m prediction from u,tc,0.4453125
,,,fidelity,bb505254dfde1587e2497238448fd2117f7b1a2292a84497db8fdfb81127e555,,,point estimate; empirical LM/sparse ranges reported separately,u_to_m,16,"[12.0,15.0,16.0,16.0,16.0,16.0]",11,1,mse,seed1_l11_tc_k16_s0,P8,READ,20000,experiment_v1_4/phase_archives/P8/P8_evaluation_raw.zip::runs/seed1_l11_tc_k16_s0/semantic.json,0,test,m prediction from u,tc,0.0005017285577386731
,,,fidelity,bb505254dfde1587e2497238448fd2117f7b1a2292a84497db8fdfb81127e555,,,point estimate; empirical LM/sparse ranges reported separately,u_to_m,16,"[12.0,15.0,16.0,16.0,16.0,16.0]",11,1,nmse,seed1_l11_tc_k16_s0,P8,READ,20000,experiment_v1_4/phase_archives/P8/P8_evaluation_raw.zip::runs/seed1_l11_tc_k16_s0/semantic.json,0,test,m prediction from u,tc,0.0005020513559505079
,,,fidelity,bb505254dfde1587e2497238448fd2117f7b1a2292a84497db8fdfb81127e555,,,point estimate; empirical LM/sparse ranges reported separately,u_to_m,16,"[12.0,15.0,16.0,16.0,16.0,16.0]",11,1,r2,seed1_l11_tc_k16_s0,P8,READ,20000,experiment_v1_4/phase_archives/P8/P8_evaluation_raw.zip::runs/seed1_l11_tc_k16_s0/semantic.json,0,test,m prediction from u,tc,0.9994979233940198
,,,fidelity,bb505254dfde1587e2497238448fd2117f7b1a2292a84497db8fdfb81127e555,,,point estimate; empirical LM/sparse ranges reported separately,u_to_m,16,"[12.0,15.0,16.0,16.0,16.0,16.0]",11,1,ev,seed1_l11_tc_k16_s0,P8,READ,20000,experiment_v1_4/phase_archives/P8/P8_evaluation_raw.zip::runs/seed1_l11_tc_k16_s0/semantic.json,0,test,m prediction from u,tc,0.9995045242615671
,,,fidelity,bb505254dfde1587e2497238448fd2117f7b1a2292a84497db8fdfb81127e555,,,point estimate; empirical LM/sparse ranges reported separately,u_to_m,16,"[12.0,15.0,16.0,16.0,16.0,16.0]",11,1,inactive_fraction,seed1_l11_tc_k16_s0,P8,READ,20000,experiment_v1_4/phase_archives/P8/P8_evaluation_raw.zip::runs/seed1_l11_tc_k16_s0/semantic.json,0,test,m prediction from u,tc,0.462890625
,,,fidelity,bb505254dfde1587e2497238448fd2117f7b1a2292a84497db8fdfb81127e555,,,point estimate; empirical LM/sparse ranges reported separately,u_to_m,16,"[12.0,15.0,16.0,16.0,16.0,16.0]",11,1,inactive_count,seed1_l11_tc_k16_s0,P8,READ,20000,experiment_v1_4/phase_archives/P8/P8_evaluation_raw.zip::runs/seed1_l11_tc_k16_s0/semantic.json,0,test,m prediction from u,tc,237
,,,fidelity,bb505254dfde1587e2497238448fd2117f7b1a2292a84497db8fdfb81127e555,,,point estimate; empirical LM/sparse ranges reported separately,u_to_m,16,"[12.0,15.0,16.0,16.0,16.0,16.0]",11,1,l0_mean,seed1_l11_tc_k16_s0,P8,READ,20000,experiment_v1_4/phase_archives/P8/P8_evaluation_raw.zip::runs/seed1_l11_tc_k16_s0/semantic.json,0,test,m prediction from u,tc,15.8346
,,,fidelity,bb505254dfde1587e2497238448fd2117f7b1a2292a84497db8fdfb81127e555,,,point estimate; empirical LM/sparse ranges reported separately,u_to_m,16,"[12.0,15.0,16.0,16.0,16.0,16.0]",11,1,l0_median,seed1_l11_tc_k16_s0,P8,READ,20000,experiment_v1_4/phase_archives/P8/P8_evaluation_raw.zip::runs/seed1_l11_tc_k16_s0/semantic.json,0,test,m prediction from u,tc,16.0
,,,fidelity,bb505254dfde1587e2497238448fd2117f7b1a2292a84497db8fdfb81127e555,,,point estimate; empirical LM/sparse ranges reported separately,u_to_m,16,"[12.0,15.0,16.0,16.0,16.0,16.0]",11,1,dead_fraction,seed1_l11_tc_k16_s0,P8,READ,20000,experiment_v1_4/phase_archives/P8/P8_evaluation_raw.zip::runs/seed1_l11_tc_k16_s0/semantic.json,0,test,m prediction from u,tc,0.4453125
1000,9000067218190529180,1000,replacement,bb505254dfde1587e2497238448fd2117f7b1a2292a84497db8fdfb81127e555,0.0021628125033122947,0.00012790440406971194,,u_to_m,16,,11,1,original_ce,seed1_l11_tc_k16_s0,P8,READ,2048,experiment_v1_4/phase_archives/P8/P8_evaluation_raw.zip::runs/seed1_l11_tc_k16_s0/summary.json,0,behavior_test,m prediction from u,tc,0.0008930913189741929
1000,9000067218190529180,1000,replacement,bb505254dfde1587e2497238448fd2117f7b1a2292a84497db8fdfb81127e555,0.002164999679534818,0.00012696741581875727,,u_to_m,16,,11,1,patched_ce,seed1_l11_tc_k16_s0,P8,READ,2048,experiment_v1_4/phase_archives/P8/P8_evaluation_raw.zip::runs/seed1_l11_tc_k16_s0/summary.json,0,behavior_test,m prediction from u,tc,0.0008928564836940822
1000,9000067218190529180,1000,replacement,bb505254dfde1587e2497238448fd2117f7b1a2292a84497db8fdfb81127e555,3.162444636006789e-06,-2.7635751359778028e-06,,u_to_m,16,,11,1,delta_ce,seed1_l11_tc_k16_s0,P8,READ,2048,experiment_v1_4/phase_archives/P8/P8_evaluation_raw.zip::runs/seed1_l11_tc_k16_s0/summary.json,0,behavior_test,m prediction from u,tc,-2.348352801107012e-07
1000,9000067218190529180,1000,replacement,bb505254dfde1587e2497238448fd2117f7b1a2292a84497db8fdfb81127e555,1.0,0.99853515625,,u_to_m,16,,11,1,original_accuracy,seed1_l11_tc_k16_s0,P8,READ,2048,experiment_v1_4/phase_archives/P8/P8_evaluation_raw.zip::runs/seed1_l11_tc_k16_s0/summary.json,0,behavior_test,m prediction from u,tc,0.99951171875
1000,9000067218190529180,1000,replacement,bb505254dfde1587e2497238448fd2117f7b1a2292a84497db8fdfb81127e555,1.0,0.99853515625,,u_to_m,16,,11,1,patched_accuracy,seed1_l11_tc_k16_s0,P8,READ,2048,experiment_v1_4/phase_archives/P8/P8_evaluation_raw.zip::runs/seed1_l11_tc_k16_s0/summary.json,0,behavior_test,m prediction from u,tc,0.99951171875
1000,9000067218190529180,1000,replacement,bb505254dfde1587e2497238448fd2117f7b1a2292a84497db8fdfb81127e555,0.0,0.0,,u_to_m,16,,11,1,delta_accuracy,seed1_l11_tc_k16_s0,P8,READ,2048,experiment_v1_4/phase_archives/P8/P8_evaluation_raw.zip::runs/seed1_l11_tc_k16_s0/summary.json,0,behavior_test,m prediction from u,tc,0.0
,,,fidelity,f9f496b5b5d55bed9f0efc1f3694f91486a1cae97c14af6091f8fe91ec235ec4,,,point estimate; empirical LM/sparse ranges reported separately,u_to_m,4,"[3.0,4.0,4.0,4.0,4.0,4.0]",0,2,mse,seed2_l0_tc_k4_s0,P8,READ,50000,experiment_v1_4/phase_archives/P8/P8_evaluation_raw.zip::runs/seed2_l0_tc_k4_s0/semantic.json,0,train,m prediction from u,tc,0.0018395276928543328
,,,fidelity,f9f496b5b5d55bed9f0efc1f3694f91486a1cae97c14af6091f8fe91ec235ec4,,,point estimate; empirical LM/sparse ranges reported separately,u_to_m,4,"[3.0,4.0,4.0,4.0,4.0,4.0]",0,2,nmse,seed2_l0_tc_k4_s0,P8,READ,50000,experiment_v1_4/phase_archives/P8/P8_evaluation_raw.zip::runs/seed2_l0_tc_k4_s0/semantic.json,0,train,m prediction from u,tc,0.0018395275993219543
,,,fidelity,f9f496b5b5d55bed9f0efc1f3694f91486a1cae97c14af6091f8fe91ec235ec4,,,point estimate; empirical LM/sparse ranges reported separately,u_to_m,4,"[3.0,4.0,4.0,4.0,4.0,4.0]",0,2,r2,seed2_l0_tc_k4_s0,P8,READ,50000,experiment_v1_4/phase_archives/P8/P8_evaluation_raw.zip::runs/seed2_l0_tc_k4_s0/semantic.json,0,train,m prediction from u,tc,0.9981604724006781
,,,fidelity,f9f496b5b5d55bed9f0efc1f3694f91486a1cae97c14af6091f8fe91ec235ec4,,,point estimate; empirical LM/sparse ranges reported separately,u_to_m,4,"[3.0,4.0,4.0,4.0,4.0,4.0]",0,2,ev,seed2_l0_tc_k4_s0,P8,READ,50000,experiment_v1_4/phase_archives/P8/P8_evaluation_raw.zip::runs/seed2_l0_tc_k4_s0/semantic.json,0,train,m prediction from u,tc,0.9981650873264144
,,,fidelity,f9f496b5b5d55bed9f0efc1f3694f91486a1cae97c14af6091f8fe91ec235ec4,,,point estimate; empirical LM/sparse ranges reported separately,u_to_m,4,"[3.0,4.0,4.0,4.0,4.0,4.0]",0,2,inactive_fraction,seed2_l0_tc_k4_s0,P8,READ,50000,experiment_v1_4/phase_archives/P8/P8_evaluation_raw.zip::runs/seed2_l0_tc_k4_s0/semantic.json,0,train,m prediction from u,tc,0.82421875
,,,fidelity,f9f496b5b5d55bed9f0efc1f3694f91486a1cae97c14af6091f8fe91ec235ec4,,,point estimate; empirical LM/sparse ranges reported separately,u_to_m,4,"[3.0,4.0,4.0,4.0,4.0,4.0]",0,2,inactive_count,seed2_l0_tc_k4_s0,P8,READ,50000,experiment_v1_4/phase_archives/P8/P8_evaluation_raw.zip::runs/seed2_l0_tc_k4_s0/semantic.json,0,train,m prediction from u,tc,422
,,,fidelity,f9f496b5b5d55bed9f0efc1f3694f91486a1cae97c14af6091f8fe91ec235ec4,,,point estimate; empirical LM/sparse ranges reported separately,u_to_m,4,"[3.0,4.0,4.0,4.0,4.0,4.0]",0,2,l0_mean,seed2_l0_tc_k4_s0,P8,READ,50000,experiment_v1_4/phase_archives/P8/P8_evaluation_raw.zip::runs/seed2_l0_tc_k4_s0/semantic.json,0,train,m prediction from u,tc,3.99854
,,,fidelity,f9f496b5b5d55bed9f0efc1f3694f91486a1cae97c14af6091f8fe91ec235ec4,,,point estimate; empirical LM/sparse ranges reported separately,u_to_m,4,"[3.0,4.0,4.0,4.0,4.0,4.0]",0,2,l0_median,seed2_l0_tc_k4_s0,P8,READ,50000,experiment_v1_4/phase_archives/P8/P8_evaluation_raw.zip::runs/seed2_l0_tc_k4_s0/semantic.json,0,train,m prediction from u,tc,4.0
,,,fidelity,f9f496b5b5d55bed9f0efc1f3694f91486a1cae97c14af6091f8fe91ec235ec4,,,point estimate; empirical LM/sparse ranges reported separately,u_to_m,4,"[3.0,4.0,4.0,4.0,4.0,4.0]",0,2,dead_fraction,seed2_l0_tc_k4_s0,P8,READ,50000,experiment_v1_4/phase_archives/P8/P8_evaluation_raw.zip::runs/seed2_l0_tc_k4_s0/semantic.json,0,train,m prediction from u,tc,0.82421875
,,,fidelity,f9f496b5b5d55bed9f0efc1f3694f91486a1cae97c14af6091f8fe91ec235ec4,,,point estimate; empirical LM/sparse ranges reported separately,u_to_m,4,"[3.0,4.0,4.0,4.0,4.0,4.0]",0,2,mse,seed2_l0_tc_k4_s0,P8,READ,10000,experiment_v1_4/phase_archives/P8/P8_evaluation_raw.zip::runs/seed2_l0_tc_k4_s0/semantic.json,0,val,m prediction from u,tc,0.0018607927421672868
,,,fidelity,f9f496b5b5d55bed9f0efc1f3694f91486a1cae97c14af6091f8fe91ec235ec4,,,point estimate; empirical LM/sparse ranges reported separately,u_to_m,4,"[3.0,4.0,4.0,4.0,4.0,4.0]",0,2,nmse,seed2_l0_tc_k4_s0,P8,READ,10000,experiment_v1_4/phase_archives/P8/P8_evaluation_raw.zip::runs/seed2_l0_tc_k4_s0/semantic.json,0,val,m prediction from u,tc,0.0018558069469590411
,,,fidelity,f9f496b5b5d55bed9f0efc1f3694f91486a1cae97c14af6091f8fe91ec235ec4,,,point estimate; empirical LM/sparse ranges reported separately,u_to_m,4,"[3.0,4.0,4.0,4.0,4.0,4.0]",0,2,r2,seed2_l0_tc_k4_s0,P8,READ,10000,experiment_v1_4/phase_archives/P8/P8_evaluation_raw.zip::runs/seed2_l0_tc_k4_s0/semantic.json,0,val,m prediction from u,tc,0.9981439640164667
,,,fidelity,f9f496b5b5d55bed9f0efc1f3694f91486a1cae97c14af6091f8fe91ec235ec4,,,point estimate; empirical LM/sparse ranges reported separately,u_to_m,4,"[3.0,4.0,4.0,4.0,4.0,4.0]",0,2,ev,seed2_l0_tc_k4_s0,P8,READ,10000,experiment_v1_4/phase_archives/P8/P8_evaluation_raw.zip::runs/seed2_l0_tc_k4_s0/semantic.json,0,val,m prediction from u,tc,0.9981496491889578
,,,fidelity,f9f496b5b5d55bed9f0efc1f3694f91486a1cae97c14af6091f8fe91ec235ec4,,,point estimate; empirical LM/sparse ranges reported separately,u_to_m,4,"[3.0,4.0,4.0,4.0,4.0,4.0]",0,2,inactive_fraction,seed2_l0_tc_k4_s0,P8,READ,10000,experiment_v1_4/phase_archives/P8/P8_evaluation_raw.zip::runs/seed2_l0_tc_k4_s0/semantic.json,0,val,m prediction from u,tc,0.87890625
,,,fidelity,f9f496b5b5d55bed9f0efc1f3694f91486a1cae97c14af6091f8fe91ec235ec4,,,point estimate; empirical LM/sparse ranges reported separately,u_to_m,4,"[3.0,4.0,4.0,4.0,4.0,4.0]",0,2,inactive_count,seed2_l0_tc_k4_s0,P8,READ,10000,experiment_v1_4/phase_archives/P8/P8_evaluation_raw.zip::runs/seed2_l0_tc_k4_s0/semantic.json,0,val,m prediction from u,tc,450
,,,fidelity,f9f496b5b5d55bed9f0efc1f3694f91486a1cae97c14af6091f8fe91ec235ec4,,,point estimate; empirical LM/sparse ranges reported separately,u_to_m,4,"[3.0,4.0,4.0,4.0,4.0,4.0]",0,2,l0_mean,seed2_l0_tc_k4_s0,P8,READ,10000,experiment_v1_4/phase_archives/P8/P8_evaluation_raw.zip::runs/seed2_l0_tc_k4_s0/semantic.json,0,val,m prediction from u,tc,3.9985
,,,fidelity,f9f496b5b5d55bed9f0efc1f3694f91486a1cae97c14af6091f8fe91ec235ec4,,,point estimate; empirical LM/sparse ranges reported separately,u_to_m,4,"[3.0,4.0,4.0,4.0,4.0,4.0]",0,2,l0_median,seed2_l0_tc_k4_s0,P8,READ,10000,experiment_v1_4/phase_archives/P8/P8_evaluation_raw.zip::runs/seed2_l0_tc_k4_s0/semantic.json,0,val,m prediction from u,tc,4.0
,,,fidelity,f9f496b5b5d55bed9f0efc1f3694f91486a1cae97c14af6091f8fe91ec235ec4,,,point estimate; empirical LM/sparse ranges reported separately,u_to_m,4,"[3.0,4.0,4.0,4.0,4.0,4.0]",0,2,dead_fraction,seed2_l0_tc_k4_s0,P8,READ,10000,experiment_v1_4/phase_archives/P8/P8_evaluation_raw.zip::runs/seed2_l0_tc_k4_s0/semantic.json,0,val,m prediction from u,tc,0.82421875
,,,fidelity,f9f496b5b5d55bed9f0efc1f3694f91486a1cae97c14af6091f8fe91ec235ec4,,,point estimate; empirical LM/sparse ranges reported separately,u_to_m,4,"[3.0,4.0,4.0,4.0,4.0,4.0]",0,2,mse,seed2_l0_tc_k4_s0,P8,READ,20000,experiment_v1_4/phase_archives/P8/P8_evaluation_raw.zip::runs/seed2_l0_tc_k4_s0/semantic.json,0,test,m prediction from u,tc,0.0018402323684210597
,,,fidelity,f9f496b5b5d55bed9f0efc1f3694f91486a1cae97c14af6091f8fe91ec235ec4,,,point estimate; empirical LM/sparse ranges reported separately,u_to_m,4,"[3.0,4.0,4.0,4.0,4.0,4.0]",0,2,nmse,seed2_l0_tc_k4_s0,P8,READ,20000,experiment_v1_4/phase_archives/P8/P8_evaluation_raw.zip::runs/seed2_l0_tc_k4_s0/semantic.json,0,test,m prediction from u,tc,0.001838338831006758
,,,fidelity,f9f496b5b5d55bed9f0efc1f3694f91486a1cae97c14af6091f8fe91ec235ec4,,,point estimate; empirical LM/sparse ranges reported separately,u_to_m,4,"[3.0,4.0,4.0,4.0,4.0,4.0]",0,2,r2,seed2_l0_tc_k4_s0,P8,READ,20000,experiment_v1_4/phase_archives/P8/P8_evaluation_raw.zip::runs/seed2_l0_tc_k4_s0/semantic.json,0,test,m prediction from u,tc,0.9981616290120028
,,,fidelity,f9f496b5b5d55bed9f0efc1f3694f91486a1cae97c14af6091f8fe91ec235ec4,,,point estimate; empirical LM/sparse ranges reported separately,u_to_m,4,"[3.0,4.0,4.0,4.0,4.0,4.0]",0,2,ev,seed2_l0_tc_k4_s0,P8,READ,20000,experiment_v1_4/phase_archives/P8/P8_evaluation_raw.zip::runs/seed2_l0_tc_k4_s0/semantic.json,0,test,m prediction from u,tc,0.9981669768087562
,,,fidelity,f9f496b5b5d55bed9f0efc1f3694f91486a1cae97c14af6091f8fe91ec235ec4,,,point estimate; empirical LM/sparse ranges reported separately,u_to_m,4,"[3.0,4.0,4.0,4.0,4.0,4.0]",0,2,inactive_fraction,seed2_l0_tc_k4_s0,P8,READ,20000,experiment_v1_4/phase_archives/P8/P8_evaluation_raw.zip::runs/seed2_l0_tc_k4_s0/semantic.json,0,test,m prediction from u,tc,0.859375
,,,fidelity,f9f496b5b5d55bed9f0efc1f3694f91486a1cae97c14af6091f8fe91ec235ec4,,,point estimate; empirical LM/sparse ranges reported separately,u_to_m,4,"[3.0,4.0,4.0,4.0,4.0,4.0]",0,2,inactive_count,seed2_l0_tc_k4_s0,P8,READ,20000,experiment_v1_4/phase_archives/P8/P8_evaluation_raw.zip::runs/seed2_l0_tc_k4_s0/semantic.json,0,test,m prediction from u,tc,440
,,,fidelity,f9f496b5b5d55bed9f0efc1f3694f91486a1cae97c14af6091f8fe91ec235ec4,,,point estimate; empirical LM/sparse ranges reported separately,u_to_m,4,"[3.0,4.0,4.0,4.0,4.0,4.0]",0,2,l0_mean,seed2_l0_tc_k4_s0,P8,READ,20000,experiment_v1_4/phase_archives/P8/P8_evaluation_raw.zip::runs/seed2_l0_tc_k4_s0/semantic.json,0,test,m prediction from u,tc,3.99865
,,,fidelity,f9f496b5b5d55bed9f0efc1f3694f91486a1cae97c14af6091f8fe91ec235ec4,,,point estimate; empirical LM/sparse ranges reported separately,u_to_m,4,"[3.0,4.0,4.0,4.0,4.0,4.0]",0,2,l0_median,seed2_l0_tc_k4_s0,P8,READ,20000,experiment_v1_4/phase_archives/P8/P8_evaluation_raw.zip::runs/seed2_l0_tc_k4_s0/semantic.json,0,test,m prediction from u,tc,4.0
,,,fidelity,f9f496b5b5d55bed9f0efc1f3694f91486a1cae97c14af6091f8fe91ec235ec4,,,point estimate; empirical LM/sparse ranges reported separately,u_to_m,4,"[3.0,4.0,4.0,4.0,4.0,4.0]",0,2,dead_fraction,seed2_l0_tc_k4_s0,P8,READ,20000,experiment_v1_4/phase_archives/P8/P8_evaluation_raw.zip::runs/seed2_l0_tc_k4_s0/semantic.json,0,test,m prediction from u,tc,0.82421875
1000,8067982203568281402,1000,replacement,f9f496b5b5d55bed9f0efc1f3694f91486a1cae97c14af6091f8fe91ec235ec4,0.0013117121492271732,4.511730161861349e-05,,u_to_m,4,,0,2,original_ce,seed2_l0_tc_k4_s0,P8,READ,2048,experiment_v1_4/phase_archives/P8/P8_evaluation_raw.zip::runs/seed2_l0_tc_k4_s0/summary.json,0,behavior_test,m prediction from u,tc,0.0005009129911175414
1000,8067982203568281402,1000,replacement,f9f496b5b5d55bed9f0efc1f3694f91486a1cae97c14af6091f8fe91ec235ec4,0.0012966120785366296,4.510920756549686e-05,,u_to_m,4,,0,2,patched_ce,seed2_l0_tc_k4_s0,P8,READ,2048,experiment_v1_4/phase_archives/P8/P8_evaluation_raw.zip::runs/seed2_l0_tc_k4_s0/summary.json,0,behavior_test,m prediction from u,tc,0.0004951672222479608
1000,8067982203568281402,1000,replacement,f9f496b5b5d55bed9f0efc1f3694f91486a1cae97c14af6091f8fe91ec235ec4,1.192271833372336e-07,-1.5120472750373981e-05,,u_to_m,4,,0,2,delta_ce,seed2_l0_tc_k4_s0,P8,READ,2048,experiment_v1_4/phase_archives/P8/P8_evaluation_raw.zip::runs/seed2_l0_tc_k4_s0/summary.json,0,behavior_test,m prediction from u,tc,-5.745768869580559e-06
1000,8067982203568281402,1000,replacement,f9f496b5b5d55bed9f0efc1f3694f91486a1cae97c14af6091f8fe91ec235ec4,1.0,0.99853515625,,u_to_m,4,,0,2,original_accuracy,seed2_l0_tc_k4_s0,P8,READ,2048,experiment_v1_4/phase_archives/P8/P8_evaluation_raw.zip::runs/seed2_l0_tc_k4_s0/summary.json,0,behavior_test,m prediction from u,tc,0.99951171875
1000,8067982203568281402,1000,replacement,f9f496b5b5d55bed9f0efc1f3694f91486a1cae97c14af6091f8fe91ec235ec4,1.0,0.99853515625,,u_to_m,4,,0,2,patched_accuracy,seed2_l0_tc_k4_s0,P8,READ,2048,experiment_v1_4/phase_archives/P8/P8_evaluation_raw.zip::runs/seed2_l0_tc_k4_s0/summary.json,0,behavior_test,m prediction from u,tc,0.99951171875
1000,8067982203568281402,1000,replacement,f9f496b5b5d55bed9f0efc1f3694f91486a1cae97c14af6091f8fe91ec235ec4,0.0,0.0,,u_to_m,4,,0,2,delta_accuracy,seed2_l0_tc_k4_s0,P8,READ,2048,experiment_v1_4/phase_archives/P8/P8_evaluation_raw.zip::runs/seed2_l0_tc_k4_s0/summary.json,0,behavior_test,m prediction from u,tc,0.0
,,,fidelity,f9f496b5b5d55bed9f0efc1f3694f91486a1cae97c14af6091f8fe91ec235ec4,,,point estimate; empirical LM/sparse ranges reported separately,u_to_m,16,"[13.0,16.0,16.0,16.0,16.0,16.0]",0,2,mse,seed2_l0_tc_k16_s0,P8,READ,50000,experiment_v1_4/phase_archives/P8/P8_evaluation_raw.zip::runs/seed2_l0_tc_k16_s0/semantic.json,0,train,m prediction from u,tc,0.00045320354891632294
,,,fidelity,f9f496b5b5d55bed9f0efc1f3694f91486a1cae97c14af6091f8fe91ec235ec4,,,point estimate; empirical LM/sparse ranges reported separately,u_to_m,16,"[13.0,16.0,16.0,16.0,16.0,16.0]",0,2,nmse,seed2_l0_tc_k16_s0,P8,READ,50000,experiment_v1_4/phase_archives/P8/P8_evaluation_raw.zip::runs/seed2_l0_tc_k16_s0/semantic.json,0,train,m prediction from u,tc,0.000453203525872796
,,,fidelity,f9f496b5b5d55bed9f0efc1f3694f91486a1cae97c14af6091f8fe91ec235ec4,,,point estimate; empirical LM/sparse ranges reported separately,u_to_m,16,"[13.0,16.0,16.0,16.0,16.0,16.0]",0,2,r2,seed2_l0_tc_k16_s0,P8,READ,50000,experiment_v1_4/phase_archives/P8/P8_evaluation_raw.zip::runs/seed2_l0_tc_k16_s0/semantic.json,0,train,m prediction from u,tc,0.9995467964741273
,,,fidelity,f9f496b5b5d55bed9f0efc1f3694f91486a1cae97c14af6091f8fe91ec235ec4,,,point estimate; empirical LM/sparse ranges reported separately,u_to_m,16,"[13.0,16.0,16.0,16.0,16.0,16.0]",0,2,ev,seed2_l0_tc_k16_s0,P8,READ,50000,experiment_v1_4/phase_archives/P8/P8_evaluation_raw.zip::runs/seed2_l0_tc_k16_s0/semantic.json,0,train,m prediction from u,tc,0.9995499616197769
,,,fidelity,f9f496b5b5d55bed9f0efc1f3694f91486a1cae97c14af6091f8fe91ec235ec4,,,point estimate; empirical LM/sparse ranges reported separately,u_to_m,16,"[13.0,16.0,16.0,16.0,16.0,16.0]",0,2,inactive_fraction,seed2_l0_tc_k16_s0,P8,READ,50000,experiment_v1_4/phase_archives/P8/P8_evaluation_raw.zip::runs/seed2_l0_tc_k16_s0/semantic.json,0,train,m prediction from u,tc,0.466796875
,,,fidelity,f9f496b5b5d55bed9f0efc1f3694f91486a1cae97c14af6091f8fe91ec235ec4,,,point estimate; empirical LM/sparse ranges reported separately,u_to_m,16,"[13.0,16.0,16.0,16.0,16.0,16.0]",0,2,inactive_count,seed2_l0_tc_k16_s0,P8,READ,50000,experiment_v1_4/phase_archives/P8/P8_evaluation_raw.zip::runs/seed2_l0_tc_k16_s0/semantic.json,0,train,m prediction from u,tc,239
,,,fidelity,f9f496b5b5d55bed9f0efc1f3694f91486a1cae97c14af6091f8fe91ec235ec4,,,point estimate; empirical LM/sparse ranges reported separately,u_to_m,16,"[13.0,16.0,16.0,16.0,16.0,16.0]",0,2,l0_mean,seed2_l0_tc_k16_s0,P8,READ,50000,experiment_v1_4/phase_archives/P8/P8_evaluation_raw.zip::runs/seed2_l0_tc_k16_s0/semantic.json,0,train,m prediction from u,tc,15.96022
,,,fidelity,f9f496b5b5d55bed9f0efc1f3694f91486a1cae97c14af6091f8fe91ec235ec4,,,point estimate; empirical LM/sparse ranges reported separately,u_to_m,16,"[13.0,16.0,16.0,16.0,16.0,16.0]",0,2,l0_median,seed2_l0_tc_k16_s0,P8,READ,50000,experiment_v1_4/phase_archives/P8/P8_evaluation_raw.zip::runs/seed2_l0_tc_k16_s0/semantic.json,0,train,m prediction from u,tc,16.0
,,,fidelity,f9f496b5b5d55bed9f0efc1f3694f91486a1cae97c14af6091f8fe91ec235ec4,,,point estimate; empirical LM/sparse ranges reported separately,u_to_m,16,"[13.0,16.0,16.0,16.0,16.0,16.0]",0,2,dead_fraction,seed2_l0_tc_k16_s0,P8,READ,50000,experiment_v1_4/phase_archives/P8/P8_evaluation_raw.zip::runs/seed2_l0_tc_k16_s0/semantic.json,0,train,m prediction from u,tc,0.466796875
,,,fidelity,f9f496b5b5d55bed9f0efc1f3694f91486a1cae97c14af6091f8fe91ec235ec4,,,point estimate; empirical LM/sparse ranges reported separately,u_to_m,16,"[14.0,16.0,16.0,16.0,16.0,16.0]",0,2,mse,seed2_l0_tc_k16_s0,P8,READ,10000,experiment_v1_4/phase_archives/P8/P8_evaluation_raw.zip::runs/seed2_l0_tc_k16_s0/semantic.json,0,val,m prediction from u,tc,0.00046210110161757224
,,,fidelity,f9f496b5b5d55bed9f0efc1f3694f91486a1cae97c14af6091f8fe91ec235ec4,,,point estimate; empirical LM/sparse ranges reported separately,u_to_m,16,"[14.0,16.0,16.0,16.0,16.0,16.0]",0,2,nmse,seed2_l0_tc_k16_s0,P8,READ,10000,experiment_v1_4/phase_archives/P8/P8_evaluation_raw.zip::runs/seed2_l0_tc_k16_s0/semantic.json,0,val,m prediction from u,tc,0.00046086295112076486
,,,fidelity,f9f496b5b5d55bed9f0efc1f3694f91486a1cae97c14af6091f8fe91ec235ec4,,,point estimate; empirical LM/sparse ranges reported separately,u_to_m,16,"[14.0,16.0,16.0,16.0,16.0,16.0]",0,2,r2,seed2_l0_tc_k16_s0,P8,READ,10000,experiment_v1_4/phase_archives/P8/P8_evaluation_raw.zip::runs/seed2_l0_tc_k16_s0/semantic.json,0,val,m prediction from u,tc,0.9995390801709417
,,,fidelity,f9f496b5b5d55bed9f0efc1f3694f91486a1cae97c14af6091f8fe91ec235ec4,,,point estimate; empirical LM/sparse ranges reported separately,u_to_m,16,"[14.0,16.0,16.0,16.0,16.0,16.0]",0,2,ev,seed2_l0_tc_k16_s0,P8,READ,10000,experiment_v1_4/phase_archives/P8/P8_evaluation_raw.zip::runs/seed2_l0_tc_k16_s0/semantic.json,0,val,m prediction from u,tc,0.9995424871754766
,,,fidelity,f9f496b5b5d55bed9f0efc1f3694f91486a1cae97c14af6091f8fe91ec235ec4,,,point estimate; empirical LM/sparse ranges reported separately,u_to_m,16,"[14.0,16.0,16.0,16.0,16.0,16.0]",0,2,inactive_fraction,seed2_l0_tc_k16_s0,P8,READ,10000,experiment_v1_4/phase_archives/P8/P8_evaluation_raw.zip::runs/seed2_l0_tc_k16_s0/semantic.json,0,val,m prediction from u,tc,0.568359375
,,,fidelity,f9f496b5b5d55bed9f0efc1f3694f91486a1cae97c14af6091f8fe91ec235ec4,,,point estimate; empirical LM/sparse ranges reported separately,u_to_m,16,"[14.0,16.0,16.0,16.0,16.0,16.0]",0,2,inactive_count,seed2_l0_tc_k16_s0,P8,READ,10000,experiment_v1_4/phase_archives/P8/P8_evaluation_raw.zip::runs/seed2_l0_tc_k16_s0/semantic.json,0,val,m prediction from u,tc,291
,,,fidelity,f9f496b5b5d55bed9f0efc1f3694f91486a1cae97c14af6091f8fe91ec235ec4,,,point estimate; empirical LM/sparse ranges reported separately,u_to_m,16,"[14.0,16.0,16.0,16.0,16.0,16.0]",0,2,l0_mean,seed2_l0_tc_k16_s0,P8,READ,10000,experiment_v1_4/phase_archives/P8/P8_evaluation_raw.zip::runs/seed2_l0_tc_k16_s0/semantic.json,0,val,m prediction from u,tc,15.9608
,,,fidelity,f9f496b5b5d55bed9f0efc1f3694f91486a1cae97c14af6091f8fe91ec235ec4,,,point estimate; empirical LM/sparse ranges reported separately,u_to_m,16,"[14.0,16.0,16.0,16.0,16.0,16.0]",0,2,l0_median,seed2_l0_tc_k16_s0,P8,READ,10000,experiment_v1_4/phase_archives/P8/P8_evaluation_raw.zip::runs/seed2_l0_tc_k16_s0/semantic.json,0,val,m prediction from u,tc,16.0
,,,fidelity,f9f496b5b5d55bed9f0efc1f3694f91486a1cae97c14af6091f8fe91ec235ec4,,,point estimate; empirical LM/sparse ranges reported separately,u_to_m,16,"[14.0,16.0,16.0,16.0,16.0,16.0]",0,2,dead_fraction,seed2_l0_tc_k16_s0,P8,READ,10000,experiment_v1_4/phase_archives/P8/P8_evaluation_raw.zip::runs/seed2_l0_tc_k16_s0/semantic.json,0,val,m prediction from u,tc,0.466796875
,,,fidelity,f9f496b5b5d55bed9f0efc1f3694f91486a1cae97c14af6091f8fe91ec235ec4,,,point estimate; empirical LM/sparse ranges reported separately,u_to_m,16,"[13.0,16.0,16.0,16.0,16.0,16.0]",0,2,mse,seed2_l0_tc_k16_s0,P8,READ,20000,experiment_v1_4/phase_archives/P8/P8_evaluation_raw.zip::runs/seed2_l0_tc_k16_s0/semantic.json,0,test,m prediction from u,tc,0.0004592848232933193
,,,fidelity,f9f496b5b5d55bed9f0efc1f3694f91486a1cae97c14af6091f8fe91ec235ec4,,,point estimate; empirical LM/sparse ranges reported separately,u_to_m,16,"[13.0,16.0,16.0,16.0,16.0,16.0]",0,2,nmse,seed2_l0_tc_k16_s0,P8,READ,20000,experiment_v1_4/phase_archives/P8/P8_evaluation_raw.zip::runs/seed2_l0_tc_k16_s0/semantic.json,0,test,m prediction from u,tc,0.00045881223460742795
,,,fidelity,f9f496b5b5d55bed9f0efc1f3694f91486a1cae97c14af6091f8fe91ec235ec4,,,point estimate; empirical LM/sparse ranges reported separately,u_to_m,16,"[13.0,16.0,16.0,16.0,16.0,16.0]",0,2,r2,seed2_l0_tc_k16_s0,P8,READ,20000,experiment_v1_4/phase_archives/P8/P8_evaluation_raw.zip::runs/seed2_l0_tc_k16_s0/semantic.json,0,test,m prediction from u,tc,0.9995411797396574
,,,fidelity,f9f496b5b5d55bed9f0efc1f3694f91486a1cae97c14af6091f8fe91ec235ec4,,,point estimate; empirical LM/sparse ranges reported separately,u_to_m,16,"[13.0,16.0,16.0,16.0,16.0,16.0]",0,2,ev,seed2_l0_tc_k16_s0,P8,READ,20000,experiment_v1_4/phase_archives/P8/P8_evaluation_raw.zip::runs/seed2_l0_tc_k16_s0/semantic.json,0,test,m prediction from u,tc,0.999544380660613
,,,fidelity,f9f496b5b5d55bed9f0efc1f3694f91486a1cae97c14af6091f8fe91ec235ec4,,,point estimate; empirical LM/sparse ranges reported separately,u_to_m,16,"[13.0,16.0,16.0,16.0,16.0,16.0]",0,2,inactive_fraction,seed2_l0_tc_k16_s0,P8,READ,20000,experiment_v1_4/phase_archives/P8/P8_evaluation_raw.zip::runs/seed2_l0_tc_k16_s0/semantic.json,0,test,m prediction from u,tc,0.509765625
,,,fidelity,f9f496b5b5d55bed9f0efc1f3694f91486a1cae97c14af6091f8fe91ec235ec4,,,point estimate; empirical LM/sparse ranges reported separately,u_to_m,16,"[13.0,16.0,16.0,16.0,16.0,16.0]",0,2,inactive_count,seed2_l0_tc_k16_s0,P8,READ,20000,experiment_v1_4/phase_archives/P8/P8_evaluation_raw.zip::runs/seed2_l0_tc_k16_s0/semantic.json,0,test,m prediction from u,tc,261
,,,fidelity,f9f496b5b5d55bed9f0efc1f3694f91486a1cae97c14af6091f8fe91ec235ec4,,,point estimate; empirical LM/sparse ranges reported separately,u_to_m,16,"[13.0,16.0,16.0,16.0,16.0,16.0]",0,2,l0_mean,seed2_l0_tc_k16_s0,P8,READ,20000,experiment_v1_4/phase_archives/P8/P8_evaluation_raw.zip::runs/seed2_l0_tc_k16_s0/semantic.json,0,test,m prediction from u,tc,15.96095
,,,fidelity,f9f496b5b5d55bed9f0efc1f3694f91486a1cae97c14af6091f8fe91ec235ec4,,,point estimate; empirical LM/sparse ranges reported separately,u_to_m,16,"[13.0,16.0,16.0,16.0,16.0,16.0]",0,2,l0_median,seed2_l0_tc_k16_s0,P8,READ,20000,experiment_v1_4/phase_archives/P8/P8_evaluation_raw.zip::runs/seed2_l0_tc_k16_s0/semantic.json,0,test,m prediction from u,tc,16.0
,,,fidelity,f9f496b5b5d55bed9f0efc1f3694f91486a1cae97c14af6091f8fe91ec235ec4,,,point estimate; empirical LM/sparse ranges reported separately,u_to_m,16,"[13.0,16.0,16.0,16.0,16.0,16.0]",0,2,dead_fraction,seed2_l0_tc_k16_s0,P8,READ,20000,experiment_v1_4/phase_archives/P8/P8_evaluation_raw.zip::runs/seed2_l0_tc_k16_s0/semantic.json,0,test,m prediction from u,tc,0.466796875
1000,3075648975708420735,1000,replacement,f9f496b5b5d55bed9f0efc1f3694f91486a1cae97c14af6091f8fe91ec235ec4,0.0013801711565124219,4.726545837215879e-05,,u_to_m,16,,0,2,original_ce,seed2_l0_tc_k16_s0,P8,READ,2048,experiment_v1_4/phase_archives/P8/P8_evaluation_raw.zip::runs/seed2_l0_tc_k16_s0/summary.json,0,behavior_test,m prediction from u,tc,0.0005009129911175414
1000,3075648975708420735,1000,replacement,f9f496b5b5d55bed9f0efc1f3694f91486a1cae97c14af6091f8fe91ec235ec4,0.001393897629977947,4.729804798867532e-05,,u_to_m,16,,0,2,patched_ce,seed2_l0_tc_k16_s0,P8,READ,2048,experiment_v1_4/phase_archives/P8/P8_evaluation_raw.zip::runs/seed2_l0_tc_k16_s0/summary.json,0,behavior_test,m prediction from u,tc,0.0005055644158491468
1000,3075648975708420735,1000,replacement,f9f496b5b5d55bed9f0efc1f3694f91486a1cae97c14af6091f8fe91ec235ec4,1.3715150797710685e-05,-5.8688872184298186e-08,,u_to_m,16,,0,2,delta_ce,seed2_l0_tc_k16_s0,P8,READ,2048,experiment_v1_4/phase_archives/P8/P8_evaluation_raw.zip::runs/seed2_l0_tc_k16_s0/summary.json,0,behavior_test,m prediction from u,tc,4.6514247316054025e-06
1000,3075648975708420735,1000,replacement,f9f496b5b5d55bed9f0efc1f3694f91486a1cae97c14af6091f8fe91ec235ec4,1.0,0.99853515625,,u_to_m,16,,0,2,original_accuracy,seed2_l0_tc_k16_s0,P8,READ,2048,experiment_v1_4/phase_archives/P8/P8_evaluation_raw.zip::runs/seed2_l0_tc_k16_s0/summary.json,0,behavior_test,m prediction from u,tc,0.99951171875
1000,3075648975708420735,1000,replacement,f9f496b5b5d55bed9f0efc1f3694f91486a1cae97c14af6091f8fe91ec235ec4,1.0,0.99853515625,,u_to_m,16,,0,2,patched_accuracy,seed2_l0_tc_k16_s0,P8,READ,2048,experiment_v1_4/phase_archives/P8/P8_evaluation_raw.zip::runs/seed2_l0_tc_k16_s0/summary.json,0,behavior_test,m prediction from u,tc,0.99951171875
1000,3075648975708420735,1000,replacement,f9f496b5b5d55bed9f0efc1f3694f91486a1cae97c14af6091f8fe91ec235ec4,0.0,0.0,,u_to_m,16,,0,2,delta_accuracy,seed2_l0_tc_k16_s0,P8,READ,2048,experiment_v1_4/phase_archives/P8/P8_evaluation_raw.zip::runs/seed2_l0_tc_k16_s0/summary.json,0,behavior_test,m prediction from u,tc,0.0
,,,fidelity,f9f496b5b5d55bed9f0efc1f3694f91486a1cae97c14af6091f8fe91ec235ec4,,,point estimate; empirical LM/sparse ranges reported separately,u_to_m,4,"[2.0,4.0,4.0,4.0,4.0,4.0]",3,2,mse,seed2_l3_tc_k4_s0,P8,READ,50000,experiment_v1_4/phase_archives/P8/P8_evaluation_raw.zip::runs/seed2_l3_tc_k4_s0/semantic.json,0,train,m prediction from u,tc,0.010265675086084818
,,,fidelity,f9f496b5b5d55bed9f0efc1f3694f91486a1cae97c14af6091f8fe91ec235ec4,,,point estimate; empirical LM/sparse ranges reported separately,u_to_m,4,"[2.0,4.0,4.0,4.0,4.0,4.0]",3,2,nmse,seed2_l3_tc_k4_s0,P8,READ,50000,experiment_v1_4/phase_archives/P8/P8_evaluation_raw.zip::runs/seed2_l3_tc_k4_s0/semantic.json,0,train,m prediction from u,tc,0.010265674526589339
,,,fidelity,f9f496b5b5d55bed9f0efc1f3694f91486a1cae97c14af6091f8fe91ec235ec4,,,point estimate; empirical LM/sparse ranges reported separately,u_to_m,4,"[2.0,4.0,4.0,4.0,4.0,4.0]",3,2,r2,seed2_l3_tc_k4_s0,P8,READ,50000,experiment_v1_4/phase_archives/P8/P8_evaluation_raw.zip::runs/seed2_l3_tc_k4_s0/semantic.json,0,train,m prediction from u,tc,0.9897343254734107
,,,fidelity,f9f496b5b5d55bed9f0efc1f3694f91486a1cae97c14af6091f8fe91ec235ec4,,,point estimate; empirical LM/sparse ranges reported separately,u_to_m,4,"[2.0,4.0,4.0,4.0,4.0,4.0]",3,2,ev,seed2_l3_tc_k4_s0,P8,READ,50000,experiment_v1_4/phase_archives/P8/P8_evaluation_raw.zip::runs/seed2_l3_tc_k4_s0/semantic.json,0,train,m prediction from u,tc,0.9897597853405248
,,,fidelity,f9f496b5b5d55bed9f0efc1f3694f91486a1cae97c14af6091f8fe91ec235ec4,,,point estimate; empirical LM/sparse ranges reported separately,u_to_m,4,"[2.0,4.0,4.0,4.0,4.0,4.0]",3,2,inactive_fraction,seed2_l3_tc_k4_s0,P8,READ,50000,experiment_v1_4/phase_archives/P8/P8_evaluation_raw.zip::runs/seed2_l3_tc_k4_s0/semantic.json,0,train,m prediction from u,tc,0.76953125
,,,fidelity,f9f496b5b5d55bed9f0efc1f3694f91486a1cae97c14af6091f8fe91ec235ec4,,,point estimate; empirical LM/sparse ranges reported separately,u_to_m,4,"[2.0,4.0,4.0,4.0,4.0,4.0]",3,2,inactive_count,seed2_l3_tc_k4_s0,P8,READ,50000,experiment_v1_4/phase_archives/P8/P8_evaluation_raw.zip::runs/seed2_l3_tc_k4_s0/semantic.json,0,train,m prediction from u,tc,394
,,,fidelity,f9f496b5b5d55bed9f0efc1f3694f91486a1cae97c14af6091f8fe91ec235ec4,,,point estimate; empirical LM/sparse ranges reported separately,u_to_m,4,"[2.0,4.0,4.0,4.0,4.0,4.0]",3,2,l0_mean,seed2_l3_tc_k4_s0,P8,READ,50000,experiment_v1_4/phase_archives/P8/P8_evaluation_raw.zip::runs/seed2_l3_tc_k4_s0/semantic.json,0,train,m prediction from u,tc,3.9987
,,,fidelity,f9f496b5b5d55bed9f0efc1f3694f91486a1cae97c14af6091f8fe91ec235ec4,,,point estimate; empirical LM/sparse ranges reported separately,u_to_m,4,"[2.0,4.0,4.0,4.0,4.0,4.0]",3,2,l0_median,seed2_l3_tc_k4_s0,P8,READ,50000,experiment_v1_4/phase_archives/P8/P8_evaluation_raw.zip::runs/seed2_l3_tc_k4_s0/semantic.json,0,train,m prediction from u,tc,4.0
,,,fidelity,f9f496b5b5d55bed9f0efc1f3694f91486a1cae97c14af6091f8fe91ec235ec4,,,point estimate; empirical LM/sparse ranges reported separately,u_to_m,4,"[2.0,4.0,4.0,4.0,4.0,4.0]",3,2,dead_fraction,seed2_l3_tc_k4_s0,P8,READ,50000,experiment_v1_4/phase_archives/P8/P8_evaluation_raw.zip::runs/seed2_l3_tc_k4_s0/semantic.json,0,train,m prediction from u,tc,0.76953125
,,,fidelity,f9f496b5b5d55bed9f0efc1f3694f91486a1cae97c14af6091f8fe91ec235ec4,,,point estimate; empirical LM/sparse ranges reported separately,u_to_m,4,"[2.0,4.0,4.0,4.0,4.0,4.0]",3,2,mse,seed2_l3_tc_k4_s0,P8,READ,10000,experiment_v1_4/phase_archives/P8/P8_evaluation_raw.zip::runs/seed2_l3_tc_k4_s0/semantic.json,0,val,m prediction from u,tc,0.01007691216616502
,,,fidelity,f9f496b5b5d55bed9f0efc1f3694f91486a1cae97c14af6091f8fe91ec235ec4,,,point estimate; empirical LM/sparse ranges reported separately,u_to_m,4,"[2.0,4.0,4.0,4.0,4.0,4.0]",3,2,nmse,seed2_l3_tc_k4_s0,P8,READ,10000,experiment_v1_4/phase_archives/P8/P8_evaluation_raw.zip::runs/seed2_l3_tc_k4_s0/semantic.json,0,val,m prediction from u,tc,0.010171215519716564
,,,fidelity,f9f496b5b5d55bed9f0efc1f3694f91486a1cae97c14af6091f8fe91ec235ec4,,,point estimate; empirical LM/sparse ranges reported separately,u_to_m,4,"[2.0,4.0,4.0,4.0,4.0,4.0]",3,2,r2,seed2_l3_tc_k4_s0,P8,READ,10000,experiment_v1_4/phase_archives/P8/P8_evaluation_raw.zip::runs/seed2_l3_tc_k4_s0/semantic.json,0,val,m prediction from u,tc,0.9898271469494969
,,,fidelity,f9f496b5b5d55bed9f0efc1f3694f91486a1cae97c14af6091f8fe91ec235ec4,,,point estimate; empirical LM/sparse ranges reported separately,u_to_m,4,"[2.0,4.0,4.0,4.0,4.0,4.0]",3,2,ev,seed2_l3_tc_k4_s0,P8,READ,10000,experiment_v1_4/phase_archives/P8/P8_evaluation_raw.zip::runs/seed2_l3_tc_k4_s0/semantic.json,0,val,m prediction from u,tc,0.9898539667242011
,,,fidelity,f9f496b5b5d55bed9f0efc1f3694f91486a1cae97c14af6091f8fe91ec235ec4,,,point estimate; empirical LM/sparse ranges reported separately,u_to_m,4,"[2.0,4.0,4.0,4.0,4.0,4.0]",3,2,inactive_fraction,seed2_l3_tc_k4_s0,P8,READ,10000,experiment_v1_4/phase_archives/P8/P8_evaluation_raw.zip::runs/seed2_l3_tc_k4_s0/semantic.json,0,val,m prediction from u,tc,0.837890625
,,,fidelity,f9f496b5b5d55bed9f0efc1f3694f91486a1cae97c14af6091f8fe91ec235ec4,,,point estimate; empirical LM/sparse ranges reported separately,u_to_m,4,"[2.0,4.0,4.0,4.0,4.0,4.0]",3,2,inactive_count,seed2_l3_tc_k4_s0,P8,READ,10000,experiment_v1_4/phase_archives/P8/P8_evaluation_raw.zip::runs/seed2_l3_tc_k4_s0/semantic.json,0,val,m prediction from u,tc,429
,,,fidelity,f9f496b5b5d55bed9f0efc1f3694f91486a1cae97c14af6091f8fe91ec235ec4,,,point estimate; empirical LM/sparse ranges reported separately,u_to_m,4,"[2.0,4.0,4.0,4.0,4.0,4.0]",3,2,l0_mean,seed2_l3_tc_k4_s0,P8,READ,10000,experiment_v1_4/phase_archives/P8/P8_evaluation_raw.zip::runs/seed2_l3_tc_k4_s0/semantic.json,0,val,m prediction from u,tc,3.9981
,,,fidelity,f9f496b5b5d55bed9f0efc1f3694f91486a1cae97c14af6091f8fe91ec235ec4,,,point estimate; empirical LM/sparse ranges reported separately,u_to_m,4,"[2.0,4.0,4.0,4.0,4.0,4.0]",3,2,l0_median,seed2_l3_tc_k4_s0,P8,READ,10000,experiment_v1_4/phase_archives/P8/P8_evaluation_raw.zip::runs/seed2_l3_tc_k4_s0/semantic.json,0,val,m prediction from u,tc,4.0
,,,fidelity,f9f496b5b5d55bed9f0efc1f3694f91486a1cae97c14af6091f8fe91ec235ec4,,,point estimate; empirical LM/sparse ranges reported separately,u_to_m,4,"[2.0,4.0,4.0,4.0,4.0,4.0]",3,2,dead_fraction,seed2_l3_tc_k4_s0,P8,READ,10000,experiment_v1_4/phase_archives/P8/P8_evaluation_raw.zip::runs/seed2_l3_tc_k4_s0/semantic.json,0,val,m prediction from u,tc,0.76953125
,,,fidelity,f9f496b5b5d55bed9f0efc1f3694f91486a1cae97c14af6091f8fe91ec235ec4,,,point estimate; empirical LM/sparse ranges reported separately,u_to_m,4,"[3.0,4.0,4.0,4.0,4.0,4.0]",3,2,mse,seed2_l3_tc_k4_s0,P8,READ,20000,experiment_v1_4/phase_archives/P8/P8_evaluation_raw.zip::runs/seed2_l3_tc_k4_s0/semantic.json,0,test,m prediction from u,tc,0.010324732131768712
,,,fidelity,f9f496b5b5d55bed9f0efc1f3694f91486a1cae97c14af6091f8fe91ec235ec4,,,point estimate; empirical LM/sparse ranges reported separately,u_to_m,4,"[3.0,4.0,4.0,4.0,4.0,4.0]",3,2,nmse,seed2_l3_tc_k4_s0,P8,READ,20000,experiment_v1_4/phase_archives/P8/P8_evaluation_raw.zip::runs/seed2_l3_tc_k4_s0/semantic.json,0,test,m prediction from u,tc,0.01032282568651969
,,,fidelity,f9f496b5b5d55bed9f0efc1f3694f91486a1cae97c14af6091f8fe91ec235ec4,,,point estimate; empirical LM/sparse ranges reported separately,u_to_m,4,"[3.0,4.0,4.0,4.0,4.0,4.0]",3,2,r2,seed2_l3_tc_k4_s0,P8,READ,20000,experiment_v1_4/phase_archives/P8/P8_evaluation_raw.zip::runs/seed2_l3_tc_k4_s0/semantic.json,0,test,m prediction from u,tc,0.9896771135339804
,,,fidelity,f9f496b5b5d55bed9f0efc1f3694f91486a1cae97c14af6091f8fe91ec235ec4,,,point estimate; empirical LM/sparse ranges reported separately,u_to_m,4,"[3.0,4.0,4.0,4.0,4.0,4.0]",3,2,ev,seed2_l3_tc_k4_s0,P8,READ,20000,experiment_v1_4/phase_archives/P8/P8_evaluation_raw.zip::runs/seed2_l3_tc_k4_s0/semantic.json,0,test,m prediction from u,tc,0.9897040694161261
,,,fidelity,f9f496b5b5d55bed9f0efc1f3694f91486a1cae97c14af6091f8fe91ec235ec4,,,point estimate; empirical LM/sparse ranges reported separately,u_to_m,4,"[3.0,4.0,4.0,4.0,4.0,4.0]",3,2,inactive_fraction,seed2_l3_tc_k4_s0,P8,READ,20000,experiment_v1_4/phase_archives/P8/P8_evaluation_raw.zip::runs/seed2_l3_tc_k4_s0/semantic.json,0,test,m prediction from u,tc,0.78515625
,,,fidelity,f9f496b5b5d55bed9f0efc1f3694f91486a1cae97c14af6091f8fe91ec235ec4,,,point estimate; empirical LM/sparse ranges reported separately,u_to_m,4,"[3.0,4.0,4.0,4.0,4.0,4.0]",3,2,inactive_count,seed2_l3_tc_k4_s0,P8,READ,20000,experiment_v1_4/phase_archives/P8/P8_evaluation_raw.zip::runs/seed2_l3_tc_k4_s0/semantic.json,0,test,m prediction from u,tc,402
,,,fidelity,f9f496b5b5d55bed9f0efc1f3694f91486a1cae97c14af6091f8fe91ec235ec4,,,point estimate; empirical LM/sparse ranges reported separately,u_to_m,4,"[3.0,4.0,4.0,4.0,4.0,4.0]",3,2,l0_mean,seed2_l3_tc_k4_s0,P8,READ,20000,experiment_v1_4/phase_archives/P8/P8_evaluation_raw.zip::runs/seed2_l3_tc_k4_s0/semantic.json,0,test,m prediction from u,tc,3.9985
,,,fidelity,f9f496b5b5d55bed9f0efc1f3694f91486a1cae97c14af6091f8fe91ec235ec4,,,point estimate; empirical LM/sparse ranges reported separately,u_to_m,4,"[3.0,4.0,4.0,4.0,4.0,4.0]",3,2,l0_median,seed2_l3_tc_k4_s0,P8,READ,20000,experiment_v1_4/phase_archives/P8/P8_evaluation_raw.zip::runs/seed2_l3_tc_k4_s0/semantic.json,0,test,m prediction from u,tc,4.0
,,,fidelity,f9f496b5b5d55bed9f0efc1f3694f91486a1cae97c14af6091f8fe91ec235ec4,,,point estimate; empirical LM/sparse ranges reported separately,u_to_m,4,"[3.0,4.0,4.0,4.0,4.0,4.0]",3,2,dead_fraction,seed2_l3_tc_k4_s0,P8,READ,20000,experiment_v1_4/phase_archives/P8/P8_evaluation_raw.zip::runs/seed2_l3_tc_k4_s0/semantic.json,0,test,m prediction from u,tc,0.76953125
1000,8067982203568281402,1000,replacement,f9f496b5b5d55bed9f0efc1f3694f91486a1cae97c14af6091f8fe91ec235ec4,0.0013117121492271732,4.511730161861349e-05,,u_to_m,4,,3,2,original_ce,seed2_l3_tc_k4_s0,P8,READ,2048,experiment_v1_4/phase_archives/P8/P8_evaluation_raw.zip::runs/seed2_l3_tc_k4_s0/summary.json,0,behavior_test,m prediction from u,tc,0.0005009129911175414
1000,8067982203568281402,1000,replacement,f9f496b5b5d55bed9f0efc1f3694f91486a1cae97c14af6091f8fe91ec235ec4,0.0012561486050989058,4.554813517964052e-05,,u_to_m,4,,3,2,patched_ce,seed2_l3_tc_k4_s0,P8,READ,2048,experiment_v1_4/phase_archives/P8/P8_evaluation_raw.zip::runs/seed2_l3_tc_k4_s0/summary.json,0,behavior_test,m prediction from u,tc,0.00048003700622922807
1000,8067982203568281402,1000,replacement,f9f496b5b5d55bed9f0efc1f3694f91486a1cae97c14af6091f8fe91ec235ec4,1.256184307030228e-06,-5.701937003458335e-05,,u_to_m,4,,3,2,delta_ce,seed2_l3_tc_k4_s0,P8,READ,2048,experiment_v1_4/phase_archives/P8/P8_evaluation_raw.zip::runs/seed2_l3_tc_k4_s0/summary.json,0,behavior_test,m prediction from u,tc,-2.0875984888313326e-05
1000,8067982203568281402,1000,replacement,f9f496b5b5d55bed9f0efc1f3694f91486a1cae97c14af6091f8fe91ec235ec4,1.0,0.99853515625,,u_to_m,4,,3,2,original_accuracy,seed2_l3_tc_k4_s0,P8,READ,2048,experiment_v1_4/phase_archives/P8/P8_evaluation_raw.zip::runs/seed2_l3_tc_k4_s0/summary.json,0,behavior_test,m prediction from u,tc,0.99951171875
1000,8067982203568281402,1000,replacement,f9f496b5b5d55bed9f0efc1f3694f91486a1cae97c14af6091f8fe91ec235ec4,1.0,1.0,,u_to_m,4,,3,2,patched_accuracy,seed2_l3_tc_k4_s0,P8,READ,2048,experiment_v1_4/phase_archives/P8/P8_evaluation_raw.zip::runs/seed2_l3_tc_k4_s0/summary.json,0,behavior_test,m prediction from u,tc,1.0
1000,8067982203568281402,1000,replacement,f9f496b5b5d55bed9f0efc1f3694f91486a1cae97c14af6091f8fe91ec235ec4,0.00146484375,0.0,,u_to_m,4,,3,2,delta_accuracy,seed2_l3_tc_k4_s0,P8,READ,2048,experiment_v1_4/phase_archives/P8/P8_evaluation_raw.zip::runs/seed2_l3_tc_k4_s0/summary.json,0,behavior_test,m prediction from u,tc,0.00048828125
,,,fidelity,f9f496b5b5d55bed9f0efc1f3694f91486a1cae97c14af6091f8fe91ec235ec4,,,point estimate; empirical LM/sparse ranges reported separately,u_to_m,16,"[8.0,15.0,16.0,16.0,16.0,16.0]",3,2,mse,seed2_l3_tc_k16_s0,P8,READ,50000,experiment_v1_4/phase_archives/P8/P8_evaluation_raw.zip::runs/seed2_l3_tc_k16_s0/semantic.json,0,train,m prediction from u,tc,0.0014856226832615786
,,,fidelity,f9f496b5b5d55bed9f0efc1f3694f91486a1cae97c14af6091f8fe91ec235ec4,,,point estimate; empirical LM/sparse ranges reported separately,u_to_m,16,"[8.0,15.0,16.0,16.0,16.0,16.0]",3,2,nmse,seed2_l3_tc_k16_s0,P8,READ,50000,experiment_v1_4/phase_archives/P8/P8_evaluation_raw.zip::runs/seed2_l3_tc_k16_s0/semantic.json,0,train,m prediction from u,tc,0.0014856226022927996
,,,fidelity,f9f496b5b5d55bed9f0efc1f3694f91486a1cae97c14af6091f8fe91ec235ec4,,,point estimate; empirical LM/sparse ranges reported separately,u_to_m,16,"[8.0,15.0,16.0,16.0,16.0,16.0]",3,2,r2,seed2_l3_tc_k16_s0,P8,READ,50000,experiment_v1_4/phase_archives/P8/P8_evaluation_raw.zip::runs/seed2_l3_tc_k16_s0/semantic.json,0,train,m prediction from u,tc,0.9985143773977072
,,,fidelity,f9f496b5b5d55bed9f0efc1f3694f91486a1cae97c14af6091f8fe91ec235ec4,,,point estimate; empirical LM/sparse ranges reported separately,u_to_m,16,"[8.0,15.0,16.0,16.0,16.0,16.0]",3,2,ev,seed2_l3_tc_k16_s0,P8,READ,50000,experiment_v1_4/phase_archives/P8/P8_evaluation_raw.zip::runs/seed2_l3_tc_k16_s0/semantic.json,0,train,m prediction from u,tc,0.9985373268617781
,,,fidelity,f9f496b5b5d55bed9f0efc1f3694f91486a1cae97c14af6091f8fe91ec235ec4,,,point estimate; empirical LM/sparse ranges reported separately,u_to_m,16,"[8.0,15.0,16.0,16.0,16.0,16.0]",3,2,inactive_fraction,seed2_l3_tc_k16_s0,P8,READ,50000,experiment_v1_4/phase_archives/P8/P8_evaluation_raw.zip::runs/seed2_l3_tc_k16_s0/semantic.json,0,train,m prediction from u,tc,0.48828125
,,,fidelity,f9f496b5b5d55bed9f0efc1f3694f91486a1cae97c14af6091f8fe91ec235ec4,,,point estimate; empirical LM/sparse ranges reported separately,u_to_m,16,"[8.0,15.0,16.0,16.0,16.0,16.0]",3,2,inactive_count,seed2_l3_tc_k16_s0,P8,READ,50000,experiment_v1_4/phase_archives/P8/P8_evaluation_raw.zip::runs/seed2_l3_tc_k16_s0/semantic.json,0,train,m prediction from u,tc,250
,,,fidelity,f9f496b5b5d55bed9f0efc1f3694f91486a1cae97c14af6091f8fe91ec235ec4,,,point estimate; empirical LM/sparse ranges reported separately,u_to_m,16,"[8.0,15.0,16.0,16.0,16.0,16.0]",3,2,l0_mean,seed2_l3_tc_k16_s0,P8,READ,50000,experiment_v1_4/phase_archives/P8/P8_evaluation_raw.zip::runs/seed2_l3_tc_k16_s0/semantic.json,0,train,m prediction from u,tc,15.89096
,,,fidelity,f9f496b5b5d55bed9f0efc1f3694f91486a1cae97c14af6091f8fe91ec235ec4,,,point estimate; empirical LM/sparse ranges reported separately,u_to_m,16,"[8.0,15.0,16.0,16.0,16.0,16.0]",3,2,l0_median,seed2_l3_tc_k16_s0,P8,READ,50000,experiment_v1_4/phase_archives/P8/P8_evaluation_raw.zip::runs/seed2_l3_tc_k16_s0/semantic.json,0,train,m prediction from u,tc,16.0
,,,fidelity,f9f496b5b5d55bed9f0efc1f3694f91486a1cae97c14af6091f8fe91ec235ec4,,,point estimate; empirical LM/sparse ranges reported separately,u_to_m,16,"[8.0,15.0,16.0,16.0,16.0,16.0]",3,2,dead_fraction,seed2_l3_tc_k16_s0,P8,READ,50000,experiment_v1_4/phase_archives/P8/P8_evaluation_raw.zip::runs/seed2_l3_tc_k16_s0/semantic.json,0,train,m prediction from u,tc,0.48828125
,,,fidelity,f9f496b5b5d55bed9f0efc1f3694f91486a1cae97c14af6091f8fe91ec235ec4,,,point estimate; empirical LM/sparse ranges reported separately,u_to_m,16,"[9.0,15.0,16.0,16.0,16.0,16.0]",3,2,mse,seed2_l3_tc_k16_s0,P8,READ,10000,experiment_v1_4/phase_archives/P8/P8_evaluation_raw.zip::runs/seed2_l3_tc_k16_s0/semantic.json,0,val,m prediction from u,tc,0.0014976834106015231
,,,fidelity,f9f496b5b5d55bed9f0efc1f3694f91486a1cae97c14af6091f8fe91ec235ec4,,,point estimate; empirical LM/sparse ranges reported separately,u_to_m,16,"[9.0,15.0,16.0,16.0,16.0,16.0]",3,2,nmse,seed2_l3_tc_k16_s0,P8,READ,10000,experiment_v1_4/phase_archives/P8/P8_evaluation_raw.zip::runs/seed2_l3_tc_k16_s0/semantic.json,0,val,m prediction from u,tc,0.0015116992684207928
,,,fidelity,f9f496b5b5d55bed9f0efc1f3694f91486a1cae97c14af6091f8fe91ec235ec4,,,point estimate; empirical LM/sparse ranges reported separately,u_to_m,16,"[9.0,15.0,16.0,16.0,16.0,16.0]",3,2,r2,seed2_l3_tc_k16_s0,P8,READ,10000,experiment_v1_4/phase_archives/P8/P8_evaluation_raw.zip::runs/seed2_l3_tc_k16_s0/semantic.json,0,val,m prediction from u,tc,0.9984880573531858
,,,fidelity,f9f496b5b5d55bed9f0efc1f3694f91486a1cae97c14af6091f8fe91ec235ec4,,,point estimate; empirical LM/sparse ranges reported separately,u_to_m,16,"[9.0,15.0,16.0,16.0,16.0,16.0]",3,2,ev,seed2_l3_tc_k16_s0,P8,READ,10000,experiment_v1_4/phase_archives/P8/P8_evaluation_raw.zip::runs/seed2_l3_tc_k16_s0/semantic.json,0,val,m prediction from u,tc,0.9985107375054798
,,,fidelity,f9f496b5b5d55bed9f0efc1f3694f91486a1cae97c14af6091f8fe91ec235ec4,,,point estimate; empirical LM/sparse ranges reported separately,u_to_m,16,"[9.0,15.0,16.0,16.0,16.0,16.0]",3,2,inactive_fraction,seed2_l3_tc_k16_s0,P8,READ,10000,experiment_v1_4/phase_archives/P8/P8_evaluation_raw.zip::runs/seed2_l3_tc_k16_s0/semantic.json,0,val,m prediction from u,tc,0.556640625
,,,fidelity,f9f496b5b5d55bed9f0efc1f3694f91486a1cae97c14af6091f8fe91ec235ec4,,,point estimate; empirical LM/sparse ranges reported separately,u_to_m,16,"[9.0,15.0,16.0,16.0,16.0,16.0]",3,2,inactive_count,seed2_l3_tc_k16_s0,P8,READ,10000,experiment_v1_4/phase_archives/P8/P8_evaluation_raw.zip::runs/seed2_l3_tc_k16_s0/semantic.json,0,val,m prediction from u,tc,285
,,,fidelity,f9f496b5b5d55bed9f0efc1f3694f91486a1cae97c14af6091f8fe91ec235ec4,,,point estimate; empirical LM/sparse ranges reported separately,u_to_m,16,"[9.0,15.0,16.0,16.0,16.0,16.0]",3,2,l0_mean,seed2_l3_tc_k16_s0,P8,READ,10000,experiment_v1_4/phase_archives/P8/P8_evaluation_raw.zip::runs/seed2_l3_tc_k16_s0/semantic.json,0,val,m prediction from u,tc,15.8923
,,,fidelity,f9f496b5b5d55bed9f0efc1f3694f91486a1cae97c14af6091f8fe91ec235ec4,,,point estimate; empirical LM/sparse ranges reported separately,u_to_m,16,"[9.0,15.0,16.0,16.0,16.0,16.0]",3,2,l0_median,seed2_l3_tc_k16_s0,P8,READ,10000,experiment_v1_4/phase_archives/P8/P8_evaluation_raw.zip::runs/seed2_l3_tc_k16_s0/semantic.json,0,val,m prediction from u,tc,16.0
,,,fidelity,f9f496b5b5d55bed9f0efc1f3694f91486a1cae97c14af6091f8fe91ec235ec4,,,point estimate; empirical LM/sparse ranges reported separately,u_to_m,16,"[9.0,15.0,16.0,16.0,16.0,16.0]",3,2,dead_fraction,seed2_l3_tc_k16_s0,P8,READ,10000,experiment_v1_4/phase_archives/P8/P8_evaluation_raw.zip::runs/seed2_l3_tc_k16_s0/semantic.json,0,val,m prediction from u,tc,0.48828125
,,,fidelity,f9f496b5b5d55bed9f0efc1f3694f91486a1cae97c14af6091f8fe91ec235ec4,,,point estimate; empirical LM/sparse ranges reported separately,u_to_m,16,"[8.0,15.0,16.0,16.0,16.0,16.0]",3,2,mse,seed2_l3_tc_k16_s0,P8,READ,20000,experiment_v1_4/phase_archives/P8/P8_evaluation_raw.zip::runs/seed2_l3_tc_k16_s0/semantic.json,0,test,m prediction from u,tc,0.0015171947909338084
,,,fidelity,f9f496b5b5d55bed9f0efc1f3694f91486a1cae97c14af6091f8fe91ec235ec4,,,point estimate; empirical LM/sparse ranges reported separately,u_to_m,16,"[8.0,15.0,16.0,16.0,16.0,16.0]",3,2,nmse,seed2_l3_tc_k16_s0,P8,READ,20000,experiment_v1_4/phase_archives/P8/P8_evaluation_raw.zip::runs/seed2_l3_tc_k16_s0/semantic.json,0,test,m prediction from u,tc,0.0015169146433460453
,,,fidelity,f9f496b5b5d55bed9f0efc1f3694f91486a1cae97c14af6091f8fe91ec235ec4,,,point estimate; empirical LM/sparse ranges reported separately,u_to_m,16,"[8.0,15.0,16.0,16.0,16.0,16.0]",3,2,r2,seed2_l3_tc_k16_s0,P8,READ,20000,experiment_v1_4/phase_archives/P8/P8_evaluation_raw.zip::runs/seed2_l3_tc_k16_s0/semantic.json,0,test,m prediction from u,tc,0.9984830764252512
,,,fidelity,f9f496b5b5d55bed9f0efc1f3694f91486a1cae97c14af6091f8fe91ec235ec4,,,point estimate; empirical LM/sparse ranges reported separately,u_to_m,16,"[8.0,15.0,16.0,16.0,16.0,16.0]",3,2,ev,seed2_l3_tc_k16_s0,P8,READ,20000,experiment_v1_4/phase_archives/P8/P8_evaluation_raw.zip::runs/seed2_l3_tc_k16_s0/semantic.json,0,test,m prediction from u,tc,0.9985066298181642
,,,fidelity,f9f496b5b5d55bed9f0efc1f3694f91486a1cae97c14af6091f8fe91ec235ec4,,,point estimate; empirical LM/sparse ranges reported separately,u_to_m,16,"[8.0,15.0,16.0,16.0,16.0,16.0]",3,2,inactive_fraction,seed2_l3_tc_k16_s0,P8,READ,20000,experiment_v1_4/phase_archives/P8/P8_evaluation_raw.zip::runs/seed2_l3_tc_k16_s0/semantic.json,0,test,m prediction from u,tc,0.515625
,,,fidelity,f9f496b5b5d55bed9f0efc1f3694f91486a1cae97c14af6091f8fe91ec235ec4,,,point estimate; empirical LM/sparse ranges reported separately,u_to_m,16,"[8.0,15.0,16.0,16.0,16.0,16.0]",3,2,inactive_count,seed2_l3_tc_k16_s0,P8,READ,20000,experiment_v1_4/phase_archives/P8/P8_evaluation_raw.zip::runs/seed2_l3_tc_k16_s0/semantic.json,0,test,m prediction from u,tc,264
,,,fidelity,f9f496b5b5d55bed9f0efc1f3694f91486a1cae97c14af6091f8fe91ec235ec4,,,point estimate; empirical LM/sparse ranges reported separately,u_to_m,16,"[8.0,15.0,16.0,16.0,16.0,16.0]",3,2,l0_mean,seed2_l3_tc_k16_s0,P8,READ,20000,experiment_v1_4/phase_archives/P8/P8_evaluation_raw.zip::runs/seed2_l3_tc_k16_s0/semantic.json,0,test,m prediction from u,tc,15.89315
,,,fidelity,f9f496b5b5d55bed9f0efc1f3694f91486a1cae97c14af6091f8fe91ec235ec4,,,point estimate; empirical LM/sparse ranges reported separately,u_to_m,16,"[8.0,15.0,16.0,16.0,16.0,16.0]",3,2,l0_median,seed2_l3_tc_k16_s0,P8,READ,20000,experiment_v1_4/phase_archives/P8/P8_evaluation_raw.zip::runs/seed2_l3_tc_k16_s0/semantic.json,0,test,m prediction from u,tc,16.0
,,,fidelity,f9f496b5b5d55bed9f0efc1f3694f91486a1cae97c14af6091f8fe91ec235ec4,,,point estimate; empirical LM/sparse ranges reported separately,u_to_m,16,"[8.0,15.0,16.0,16.0,16.0,16.0]",3,2,dead_fraction,seed2_l3_tc_k16_s0,P8,READ,20000,experiment_v1_4/phase_archives/P8/P8_evaluation_raw.zip::runs/seed2_l3_tc_k16_s0/semantic.json,0,test,m prediction from u,tc,0.48828125
1000,3075648975708420735,1000,replacement,f9f496b5b5d55bed9f0efc1f3694f91486a1cae97c14af6091f8fe91ec235ec4,0.0013801711565124219,4.726545837215879e-05,,u_to_m,16,,3,2,original_ce,seed2_l3_tc_k16_s0,P8,READ,2048,experiment_v1_4/phase_archives/P8/P8_evaluation_raw.zip::runs/seed2_l3_tc_k16_s0/summary.json,0,behavior_test,m prediction from u,tc,0.0005009129911175414
1000,3075648975708420735,1000,replacement,f9f496b5b5d55bed9f0efc1f3694f91486a1cae97c14af6091f8fe91ec235ec4,0.00134607894538743,4.7514852133212496e-05,,u_to_m,16,,3,2,patched_ce,seed2_l3_tc_k16_s0,P8,READ,2048,experiment_v1_4/phase_archives/P8/P8_evaluation_raw.zip::runs/seed2_l3_tc_k16_s0/summary.json,0,behavior_test,m prediction from u,tc,0.0004896323185472617
1000,3075648975708420735,1000,replacement,f9f496b5b5d55bed9f0efc1f3694f91486a1cae97c14af6091f8fe91ec235ec4,3.3719010441579653e-07,-3.428889881152974e-05,,u_to_m,16,,3,2,delta_ce,seed2_l3_tc_k16_s0,P8,READ,2048,experiment_v1_4/phase_archives/P8/P8_evaluation_raw.zip::runs/seed2_l3_tc_k16_s0/summary.json,0,behavior_test,m prediction from u,tc,-1.1280672570279648e-05
1000,3075648975708420735,1000,replacement,f9f496b5b5d55bed9f0efc1f3694f91486a1cae97c14af6091f8fe91ec235ec4,1.0,0.99853515625,,u_to_m,16,,3,2,original_accuracy,seed2_l3_tc_k16_s0,P8,READ,2048,experiment_v1_4/phase_archives/P8/P8_evaluation_raw.zip::runs/seed2_l3_tc_k16_s0/summary.json,0,behavior_test,m prediction from u,tc,0.99951171875
1000,3075648975708420735,1000,replacement,f9f496b5b5d55bed9f0efc1f3694f91486a1cae97c14af6091f8fe91ec235ec4,1.0,0.99853515625,,u_to_m,16,,3,2,patched_accuracy,seed2_l3_tc_k16_s0,P8,READ,2048,experiment_v1_4/phase_archives/P8/P8_evaluation_raw.zip::runs/seed2_l3_tc_k16_s0/summary.json,0,behavior_test,m prediction from u,tc,0.99951171875
1000,3075648975708420735,1000,replacement,f9f496b5b5d55bed9f0efc1f3694f91486a1cae97c14af6091f8fe91ec235ec4,0.0,0.0,,u_to_m,16,,3,2,delta_accuracy,seed2_l3_tc_k16_s0,P8,READ,2048,experiment_v1_4/phase_archives/P8/P8_evaluation_raw.zip::runs/seed2_l3_tc_k16_s0/summary.json,0,behavior_test,m prediction from u,tc,0.0
,,,fidelity,f9f496b5b5d55bed9f0efc1f3694f91486a1cae97c14af6091f8fe91ec235ec4,,,point estimate; empirical LM/sparse ranges reported separately,u_to_m,4,"[4.0,4.0,4.0,4.0,4.0,4.0]",7,2,mse,seed2_l7_tc_k4_s0,P8,READ,50000,experiment_v1_4/phase_archives/P8/P8_evaluation_raw.zip::runs/seed2_l7_tc_k4_s0/semantic.json,0,train,m prediction from u,tc,0.027959685818586905
,,,fidelity,f9f496b5b5d55bed9f0efc1f3694f91486a1cae97c14af6091f8fe91ec235ec4,,,point estimate; empirical LM/sparse ranges reported separately,u_to_m,4,"[4.0,4.0,4.0,4.0,4.0,4.0]",7,2,nmse,seed2_l7_tc_k4_s0,P8,READ,50000,experiment_v1_4/phase_archives/P8/P8_evaluation_raw.zip::runs/seed2_l7_tc_k4_s0/semantic.json,0,train,m prediction from u,tc,0.027959686338390466
,,,fidelity,f9f496b5b5d55bed9f0efc1f3694f91486a1cae97c14af6091f8fe91ec235ec4,,,point estimate; empirical LM/sparse ranges reported separately,u_to_m,4,"[4.0,4.0,4.0,4.0,4.0,4.0]",7,2,r2,seed2_l7_tc_k4_s0,P8,READ,50000,experiment_v1_4/phase_archives/P8/P8_evaluation_raw.zip::runs/seed2_l7_tc_k4_s0/semantic.json,0,train,m prediction from u,tc,0.9720403136616096
,,,fidelity,f9f496b5b5d55bed9f0efc1f3694f91486a1cae97c14af6091f8fe91ec235ec4,,,point estimate; empirical LM/sparse ranges reported separately,u_to_m,4,"[4.0,4.0,4.0,4.0,4.0,4.0]",7,2,ev,seed2_l7_tc_k4_s0,P8,READ,50000,experiment_v1_4/phase_archives/P8/P8_evaluation_raw.zip::runs/seed2_l7_tc_k4_s0/semantic.json,0,train,m prediction from u,tc,0.9720762381245507
,,,fidelity,f9f496b5b5d55bed9f0efc1f3694f91486a1cae97c14af6091f8fe91ec235ec4,,,point estimate; empirical LM/sparse ranges reported separately,u_to_m,4,"[4.0,4.0,4.0,4.0,4.0,4.0]",7,2,inactive_fraction,seed2_l7_tc_k4_s0,P8,READ,50000,experiment_v1_4/phase_archives/P8/P8_evaluation_raw.zip::runs/seed2_l7_tc_k4_s0/semantic.json,0,train,m prediction from u,tc,0.796875
,,,fidelity,f9f496b5b5d55bed9f0efc1f3694f91486a1cae97c14af6091f8fe91ec235ec4,,,point estimate; empirical LM/sparse ranges reported separately,u_to_m,4,"[4.0,4.0,4.0,4.0,4.0,4.0]",7,2,inactive_count,seed2_l7_tc_k4_s0,P8,READ,50000,experiment_v1_4/phase_archives/P8/P8_evaluation_raw.zip::runs/seed2_l7_tc_k4_s0/semantic.json,0,train,m prediction from u,tc,408
,,,fidelity,f9f496b5b5d55bed9f0efc1f3694f91486a1cae97c14af6091f8fe91ec235ec4,,,point estimate; empirical LM/sparse ranges reported separately,u_to_m,4,"[4.0,4.0,4.0,4.0,4.0,4.0]",7,2,l0_mean,seed2_l7_tc_k4_s0,P8,READ,50000,experiment_v1_4/phase_archives/P8/P8_evaluation_raw.zip::runs/seed2_l7_tc_k4_s0/semantic.json,0,train,m prediction from u,tc,4.0
,,,fidelity,f9f496b5b5d55bed9f0efc1f3694f91486a1cae97c14af6091f8fe91ec235ec4,,,point estimate; empirical LM/sparse ranges reported separately,u_to_m,4,"[4.0,4.0,4.0,4.0,4.0,4.0]",7,2,l0_median,seed2_l7_tc_k4_s0,P8,READ,50000,experiment_v1_4/phase_archives/P8/P8_evaluation_raw.zip::runs/seed2_l7_tc_k4_s0/semantic.json,0,train,m prediction from u,tc,4.0
,,,fidelity,f9f496b5b5d55bed9f0efc1f3694f91486a1cae97c14af6091f8fe91ec235ec4,,,point estimate; empirical LM/sparse ranges reported separately,u_to_m,4,"[4.0,4.0,4.0,4.0,4.0,4.0]",7,2,dead_fraction,seed2_l7_tc_k4_s0,P8,READ,50000,experiment_v1_4/phase_archives/P8/P8_evaluation_raw.zip::runs/seed2_l7_tc_k4_s0/semantic.json,0,train,m prediction from u,tc,0.796875
,,,fidelity,f9f496b5b5d55bed9f0efc1f3694f91486a1cae97c14af6091f8fe91ec235ec4,,,point estimate; empirical LM/sparse ranges reported separately,u_to_m,4,"[4.0,4.0,4.0,4.0,4.0,4.0]",7,2,mse,seed2_l7_tc_k4_s0,P8,READ,10000,experiment_v1_4/phase_archives/P8/P8_evaluation_raw.zip::runs/seed2_l7_tc_k4_s0/semantic.json,0,val,m prediction from u,tc,0.029013243769921315
,,,fidelity,f9f496b5b5d55bed9f0efc1f3694f91486a1cae97c14af6091f8fe91ec235ec4,,,point estimate; empirical LM/sparse ranges reported separately,u_to_m,4,"[4.0,4.0,4.0,4.0,4.0,4.0]",7,2,nmse,seed2_l7_tc_k4_s0,P8,READ,10000,experiment_v1_4/phase_archives/P8/P8_evaluation_raw.zip::runs/seed2_l7_tc_k4_s0/semantic.json,0,val,m prediction from u,tc,0.029001267618903027
,,,fidelity,f9f496b5b5d55bed9f0efc1f3694f91486a1cae97c14af6091f8fe91ec235ec4,,,point estimate; empirical LM/sparse ranges reported separately,u_to_m,4,"[4.0,4.0,4.0,4.0,4.0,4.0]",7,2,r2,seed2_l7_tc_k4_s0,P8,READ,10000,experiment_v1_4/phase_archives/P8/P8_evaluation_raw.zip::runs/seed2_l7_tc_k4_s0/semantic.json,0,val,m prediction from u,tc,0.9709949233685146
,,,fidelity,f9f496b5b5d55bed9f0efc1f3694f91486a1cae97c14af6091f8fe91ec235ec4,,,point estimate; empirical LM/sparse ranges reported separately,u_to_m,4,"[4.0,4.0,4.0,4.0,4.0,4.0]",7,2,ev,seed2_l7_tc_k4_s0,P8,READ,10000,experiment_v1_4/phase_archives/P8/P8_evaluation_raw.zip::runs/seed2_l7_tc_k4_s0/semantic.json,0,val,m prediction from u,tc,0.9710464678600165
,,,fidelity,f9f496b5b5d55bed9f0efc1f3694f91486a1cae97c14af6091f8fe91ec235ec4,,,point estimate; empirical LM/sparse ranges reported separately,u_to_m,4,"[4.0,4.0,4.0,4.0,4.0,4.0]",7,2,inactive_fraction,seed2_l7_tc_k4_s0,P8,READ,10000,experiment_v1_4/phase_archives/P8/P8_evaluation_raw.zip::runs/seed2_l7_tc_k4_s0/semantic.json,0,val,m prediction from u,tc,0.859375
,,,fidelity,f9f496b5b5d55bed9f0efc1f3694f91486a1cae97c14af6091f8fe91ec235ec4,,,point estimate; empirical LM/sparse ranges reported separately,u_to_m,4,"[4.0,4.0,4.0,4.0,4.0,4.0]",7,2,inactive_count,seed2_l7_tc_k4_s0,P8,READ,10000,experiment_v1_4/phase_archives/P8/P8_evaluation_raw.zip::runs/seed2_l7_tc_k4_s0/semantic.json,0,val,m prediction from u,tc,440
,,,fidelity,f9f496b5b5d55bed9f0efc1f3694f91486a1cae97c14af6091f8fe91ec235ec4,,,point estimate; empirical LM/sparse ranges reported separately,u_to_m,4,"[4.0,4.0,4.0,4.0,4.0,4.0]",7,2,l0_mean,seed2_l7_tc_k4_s0,P8,READ,10000,experiment_v1_4/phase_archives/P8/P8_evaluation_raw.zip::runs/seed2_l7_tc_k4_s0/semantic.json,0,val,m prediction from u,tc,4.0
,,,fidelity,f9f496b5b5d55bed9f0efc1f3694f91486a1cae97c14af6091f8fe91ec235ec4,,,point estimate; empirical LM/sparse ranges reported separately,u_to_m,4,"[4.0,4.0,4.0,4.0,4.0,4.0]",7,2,l0_median,seed2_l7_tc_k4_s0,P8,READ,10000,experiment_v1_4/phase_archives/P8/P8_evaluation_raw.zip::runs/seed2_l7_tc_k4_s0/semantic.json,0,val,m prediction from u,tc,4.0
,,,fidelity,f9f496b5b5d55bed9f0efc1f3694f91486a1cae97c14af6091f8fe91ec235ec4,,,point estimate; empirical LM/sparse ranges reported separately,u_to_m,4,"[4.0,4.0,4.0,4.0,4.0,4.0]",7,2,dead_fraction,seed2_l7_tc_k4_s0,P8,READ,10000,experiment_v1_4/phase_archives/P8/P8_evaluation_raw.zip::runs/seed2_l7_tc_k4_s0/semantic.json,0,val,m prediction from u,tc,0.796875
,,,fidelity,f9f496b5b5d55bed9f0efc1f3694f91486a1cae97c14af6091f8fe91ec235ec4,,,point estimate; empirical LM/sparse ranges reported separately,u_to_m,4,"[4.0,4.0,4.0,4.0,4.0,4.0]",7,2,mse,seed2_l7_tc_k4_s0,P8,READ,20000,experiment_v1_4/phase_archives/P8/P8_evaluation_raw.zip::runs/seed2_l7_tc_k4_s0/semantic.json,0,test,m prediction from u,tc,0.028744754519841088
,,,fidelity,f9f496b5b5d55bed9f0efc1f3694f91486a1cae97c14af6091f8fe91ec235ec4,,,point estimate; empirical LM/sparse ranges reported separately,u_to_m,4,"[4.0,4.0,4.0,4.0,4.0,4.0]",7,2,nmse,seed2_l7_tc_k4_s0,P8,READ,20000,experiment_v1_4/phase_archives/P8/P8_evaluation_raw.zip::runs/seed2_l7_tc_k4_s0/semantic.json,0,test,m prediction from u,tc,0.028780373541345588
,,,fidelity,f9f496b5b5d55bed9f0efc1f3694f91486a1cae97c14af6091f8fe91ec235ec4,,,point estimate; empirical LM/sparse ranges reported separately,u_to_m,4,"[4.0,4.0,4.0,4.0,4.0,4.0]",7,2,r2,seed2_l7_tc_k4_s0,P8,READ,20000,experiment_v1_4/phase_archives/P8/P8_evaluation_raw.zip::runs/seed2_l7_tc_k4_s0/semantic.json,0,test,m prediction from u,tc,0.9712188148864065
,,,fidelity,f9f496b5b5d55bed9f0efc1f3694f91486a1cae97c14af6091f8fe91ec235ec4,,,point estimate; empirical LM/sparse ranges reported separately,u_to_m,4,"[4.0,4.0,4.0,4.0,4.0,4.0]",7,2,ev,seed2_l7_tc_k4_s0,P8,READ,20000,experiment_v1_4/phase_archives/P8/P8_evaluation_raw.zip::runs/seed2_l7_tc_k4_s0/semantic.json,0,test,m prediction from u,tc,0.9712565961584904
,,,fidelity,f9f496b5b5d55bed9f0efc1f3694f91486a1cae97c14af6091f8fe91ec235ec4,,,point estimate; empirical LM/sparse ranges reported separately,u_to_m,4,"[4.0,4.0,4.0,4.0,4.0,4.0]",7,2,inactive_fraction,seed2_l7_tc_k4_s0,P8,READ,20000,experiment_v1_4/phase_archives/P8/P8_evaluation_raw.zip::runs/seed2_l7_tc_k4_s0/semantic.json,0,test,m prediction from u,tc,0.80859375
,,,fidelity,f9f496b5b5d55bed9f0efc1f3694f91486a1cae97c14af6091f8fe91ec235ec4,,,point estimate; empirical LM/sparse ranges reported separately,u_to_m,4,"[4.0,4.0,4.0,4.0,4.0,4.0]",7,2,inactive_count,seed2_l7_tc_k4_s0,P8,READ,20000,experiment_v1_4/phase_archives/P8/P8_evaluation_raw.zip::runs/seed2_l7_tc_k4_s0/semantic.json,0,test,m prediction from u,tc,414
,,,fidelity,f9f496b5b5d55bed9f0efc1f3694f91486a1cae97c14af6091f8fe91ec235ec4,,,point estimate; empirical LM/sparse ranges reported separately,u_to_m,4,"[4.0,4.0,4.0,4.0,4.0,4.0]",7,2,l0_mean,seed2_l7_tc_k4_s0,P8,READ,20000,experiment_v1_4/phase_archives/P8/P8_evaluation_raw.zip::runs/seed2_l7_tc_k4_s0/semantic.json,0,test,m prediction from u,tc,4.0
,,,fidelity,f9f496b5b5d55bed9f0efc1f3694f91486a1cae97c14af6091f8fe91ec235ec4,,,point estimate; empirical LM/sparse ranges reported separately,u_to_m,4,"[4.0,4.0,4.0,4.0,4.0,4.0]",7,2,l0_median,seed2_l7_tc_k4_s0,P8,READ,20000,experiment_v1_4/phase_archives/P8/P8_evaluation_raw.zip::runs/seed2_l7_tc_k4_s0/semantic.json,0,test,m prediction from u,tc,4.0
,,,fidelity,f9f496b5b5d55bed9f0efc1f3694f91486a1cae97c14af6091f8fe91ec235ec4,,,point estimate; empirical LM/sparse ranges reported separately,u_to_m,4,"[4.0,4.0,4.0,4.0,4.0,4.0]",7,2,dead_fraction,seed2_l7_tc_k4_s0,P8,READ,20000,experiment_v1_4/phase_archives/P8/P8_evaluation_raw.zip::runs/seed2_l7_tc_k4_s0/semantic.json,0,test,m prediction from u,tc,0.796875
1000,8067982203568281402,1000,replacement,f9f496b5b5d55bed9f0efc1f3694f91486a1cae97c14af6091f8fe91ec235ec4,0.0013117121492271732,4.511730161861349e-05,,u_to_m,4,,7,2,original_ce,seed2_l7_tc_k4_s0,P8,READ,2048,experiment_v1_4/phase_archives/P8/P8_evaluation_raw.zip::runs/seed2_l7_tc_k4_s0/summary.json,0,behavior_test,m prediction from u,tc,0.0005009129911175414
1000,8067982203568281402,1000,replacement,f9f496b5b5d55bed9f0efc1f3694f91486a1cae97c14af6091f8fe91ec235ec4,0.0012268439096558726,4.501125679373663e-05,,u_to_m,4,,7,2,patched_ce,seed2_l7_tc_k4_s0,P8,READ,2048,experiment_v1_4/phase_archives/P8/P8_evaluation_raw.zip::runs/seed2_l7_tc_k4_s0/summary.json,0,behavior_test,m prediction from u,tc,0.00047014341184237196
1000,8067982203568281402,1000,replacement,f9f496b5b5d55bed9f0efc1f3694f91486a1cae97c14af6091f8fe91ec235ec4,2.442763675447599e-07,-8.533868083286933e-05,,u_to_m,4,,7,2,delta_ce,seed2_l7_tc_k4_s0,P8,READ,2048,experiment_v1_4/phase_archives/P8/P8_evaluation_raw.zip::runs/seed2_l7_tc_k4_s0/summary.json,0,behavior_test,m prediction from u,tc,-3.0769579275169434e-05
1000,8067982203568281402,1000,replacement,f9f496b5b5d55bed9f0efc1f3694f91486a1cae97c14af6091f8fe91ec235ec4,1.0,0.99853515625,,u_to_m,4,,7,2,original_accuracy,seed2_l7_tc_k4_s0,P8,READ,2048,experiment_v1_4/phase_archives/P8/P8_evaluation_raw.zip::runs/seed2_l7_tc_k4_s0/summary.json,0,behavior_test,m prediction from u,tc,0.99951171875
1000,8067982203568281402,1000,replacement,f9f496b5b5d55bed9f0efc1f3694f91486a1cae97c14af6091f8fe91ec235ec4,1.0,1.0,,u_to_m,4,,7,2,patched_accuracy,seed2_l7_tc_k4_s0,P8,READ,2048,experiment_v1_4/phase_archives/P8/P8_evaluation_raw.zip::runs/seed2_l7_tc_k4_s0/summary.json,0,behavior_test,m prediction from u,tc,1.0
1000,8067982203568281402,1000,replacement,f9f496b5b5d55bed9f0efc1f3694f91486a1cae97c14af6091f8fe91ec235ec4,0.00146484375,0.0,,u_to_m,4,,7,2,delta_accuracy,seed2_l7_tc_k4_s0,P8,READ,2048,experiment_v1_4/phase_archives/P8/P8_evaluation_raw.zip::runs/seed2_l7_tc_k4_s0/summary.json,0,behavior_test,m prediction from u,tc,0.00048828125
,,,fidelity,f9f496b5b5d55bed9f0efc1f3694f91486a1cae97c14af6091f8fe91ec235ec4,,,point estimate; empirical LM/sparse ranges reported separately,u_to_m,16,"[12.0,16.0,16.0,16.0,16.0,16.0]",7,2,mse,seed2_l7_tc_k16_s0,P8,READ,50000,experiment_v1_4/phase_archives/P8/P8_evaluation_raw.zip::runs/seed2_l7_tc_k16_s0/semantic.json,0,train,m prediction from u,tc,0.005482375688479509
,,,fidelity,f9f496b5b5d55bed9f0efc1f3694f91486a1cae97c14af6091f8fe91ec235ec4,,,point estimate; empirical LM/sparse ranges reported separately,u_to_m,16,"[12.0,16.0,16.0,16.0,16.0,16.0]",7,2,nmse,seed2_l7_tc_k16_s0,P8,READ,50000,experiment_v1_4/phase_archives/P8/P8_evaluation_raw.zip::runs/seed2_l7_tc_k16_s0/semantic.json,0,train,m prediction from u,tc,0.005482375790403344
,,,fidelity,f9f496b5b5d55bed9f0efc1f3694f91486a1cae97c14af6091f8fe91ec235ec4,,,point estimate; empirical LM/sparse ranges reported separately,u_to_m,16,"[12.0,16.0,16.0,16.0,16.0,16.0]",7,2,r2,seed2_l7_tc_k16_s0,P8,READ,50000,experiment_v1_4/phase_archives/P8/P8_evaluation_raw.zip::runs/seed2_l7_tc_k16_s0/semantic.json,0,train,m prediction from u,tc,0.9945176242095967
,,,fidelity,f9f496b5b5d55bed9f0efc1f3694f91486a1cae97c14af6091f8fe91ec235ec4,,,point estimate; empirical LM/sparse ranges reported separately,u_to_m,16,"[12.0,16.0,16.0,16.0,16.0,16.0]",7,2,ev,seed2_l7_tc_k16_s0,P8,READ,50000,experiment_v1_4/phase_archives/P8/P8_evaluation_raw.zip::runs/seed2_l7_tc_k16_s0/semantic.json,0,train,m prediction from u,tc,0.9945546857037759
,,,fidelity,f9f496b5b5d55bed9f0efc1f3694f91486a1cae97c14af6091f8fe91ec235ec4,,,point estimate; empirical LM/sparse ranges reported separately,u_to_m,16,"[12.0,16.0,16.0,16.0,16.0,16.0]",7,2,inactive_fraction,seed2_l7_tc_k16_s0,P8,READ,50000,experiment_v1_4/phase_archives/P8/P8_evaluation_raw.zip::runs/seed2_l7_tc_k16_s0/semantic.json,0,train,m prediction from u,tc,0.482421875
,,,fidelity,f9f496b5b5d55bed9f0efc1f3694f91486a1cae97c14af6091f8fe91ec235ec4,,,point estimate; empirical LM/sparse ranges reported separately,u_to_m,16,"[12.0,16.0,16.0,16.0,16.0,16.0]",7,2,inactive_count,seed2_l7_tc_k16_s0,P8,READ,50000,experiment_v1_4/phase_archives/P8/P8_evaluation_raw.zip::runs/seed2_l7_tc_k16_s0/semantic.json,0,train,m prediction from u,tc,247
,,,fidelity,f9f496b5b5d55bed9f0efc1f3694f91486a1cae97c14af6091f8fe91ec235ec4,,,point estimate; empirical LM/sparse ranges reported separately,u_to_m,16,"[12.0,16.0,16.0,16.0,16.0,16.0]",7,2,l0_mean,seed2_l7_tc_k16_s0,P8,READ,50000,experiment_v1_4/phase_archives/P8/P8_evaluation_raw.zip::runs/seed2_l7_tc_k16_s0/semantic.json,0,train,m prediction from u,tc,15.99542
,,,fidelity,f9f496b5b5d55bed9f0efc1f3694f91486a1cae97c14af6091f8fe91ec235ec4,,,point estimate; empirical LM/sparse ranges reported separately,u_to_m,16,"[12.0,16.0,16.0,16.0,16.0,16.0]",7,2,l0_median,seed2_l7_tc_k16_s0,P8,READ,50000,experiment_v1_4/phase_archives/P8/P8_evaluation_raw.zip::runs/seed2_l7_tc_k16_s0/semantic.json,0,train,m prediction from u,tc,16.0
,,,fidelity,f9f496b5b5d55bed9f0efc1f3694f91486a1cae97c14af6091f8fe91ec235ec4,,,point estimate; empirical LM/sparse ranges reported separately,u_to_m,16,"[12.0,16.0,16.0,16.0,16.0,16.0]",7,2,dead_fraction,seed2_l7_tc_k16_s0,P8,READ,50000,experiment_v1_4/phase_archives/P8/P8_evaluation_raw.zip::runs/seed2_l7_tc_k16_s0/semantic.json,0,train,m prediction from u,tc,0.482421875
,,,fidelity,f9f496b5b5d55bed9f0efc1f3694f91486a1cae97c14af6091f8fe91ec235ec4,,,point estimate; empirical LM/sparse ranges reported separately,u_to_m,16,"[14.0,16.0,16.0,16.0,16.0,16.0]",7,2,mse,seed2_l7_tc_k16_s0,P8,READ,10000,experiment_v1_4/phase_archives/P8/P8_evaluation_raw.zip::runs/seed2_l7_tc_k16_s0/semantic.json,0,val,m prediction from u,tc,0.0062782487835033145
,,,fidelity,f9f496b5b5d55bed9f0efc1f3694f91486a1cae97c14af6091f8fe91ec235ec4,,,point estimate; empirical LM/sparse ranges reported separately,u_to_m,16,"[14.0,16.0,16.0,16.0,16.0,16.0]",7,2,nmse,seed2_l7_tc_k16_s0,P8,READ,10000,experiment_v1_4/phase_archives/P8/P8_evaluation_raw.zip::runs/seed2_l7_tc_k16_s0/semantic.json,0,val,m prediction from u,tc,0.006275657234066172
,,,fidelity,f9f496b5b5d55bed9f0efc1f3694f91486a1cae97c14af6091f8fe91ec235ec4,,,point estimate; empirical LM/sparse ranges reported separately,u_to_m,16,"[14.0,16.0,16.0,16.0,16.0,16.0]",7,2,r2,seed2_l7_tc_k16_s0,P8,READ,10000,experiment_v1_4/phase_archives/P8/P8_evaluation_raw.zip::runs/seed2_l7_tc_k16_s0/semantic.json,0,val,m prediction from u,tc,0.993723518524122
,,,fidelity,f9f496b5b5d55bed9f0efc1f3694f91486a1cae97c14af6091f8fe91ec235ec4,,,point estimate; empirical LM/sparse ranges reported separately,u_to_m,16,"[14.0,16.0,16.0,16.0,16.0,16.0]",7,2,ev,seed2_l7_tc_k16_s0,P8,READ,10000,experiment_v1_4/phase_archives/P8/P8_evaluation_raw.zip::runs/seed2_l7_tc_k16_s0/semantic.json,0,val,m prediction from u,tc,0.9937594747261659
,,,fidelity,f9f496b5b5d55bed9f0efc1f3694f91486a1cae97c14af6091f8fe91ec235ec4,,,point estimate; empirical LM/sparse ranges reported separately,u_to_m,16,"[14.0,16.0,16.0,16.0,16.0,16.0]",7,2,inactive_fraction,seed2_l7_tc_k16_s0,P8,READ,10000,experiment_v1_4/phase_archives/P8/P8_evaluation_raw.zip::runs/seed2_l7_tc_k16_s0/semantic.json,0,val,m prediction from u,tc,0.576171875
,,,fidelity,f9f496b5b5d55bed9f0efc1f3694f91486a1cae97c14af6091f8fe91ec235ec4,,,point estimate; empirical LM/sparse ranges reported separately,u_to_m,16,"[14.0,16.0,16.0,16.0,16.0,16.0]",7,2,inactive_count,seed2_l7_tc_k16_s0,P8,READ,10000,experiment_v1_4/phase_archives/P8/P8_evaluation_raw.zip::runs/seed2_l7_tc_k16_s0/semantic.json,0,val,m prediction from u,tc,295
,,,fidelity,f9f496b5b5d55bed9f0efc1f3694f91486a1cae97c14af6091f8fe91ec235ec4,,,point estimate; empirical LM/sparse ranges reported separately,u_to_m,16,"[14.0,16.0,16.0,16.0,16.0,16.0]",7,2,l0_mean,seed2_l7_tc_k16_s0,P8,READ,10000,experiment_v1_4/phase_archives/P8/P8_evaluation_raw.zip::runs/seed2_l7_tc_k16_s0/semantic.json,0,val,m prediction from u,tc,15.9963
,,,fidelity,f9f496b5b5d55bed9f0efc1f3694f91486a1cae97c14af6091f8fe91ec235ec4,,,point estimate; empirical LM/sparse ranges reported separately,u_to_m,16,"[14.0,16.0,16.0,16.0,16.0,16.0]",7,2,l0_median,seed2_l7_tc_k16_s0,P8,READ,10000,experiment_v1_4/phase_archives/P8/P8_evaluation_raw.zip::runs/seed2_l7_tc_k16_s0/semantic.json,0,val,m prediction from u,tc,16.0
,,,fidelity,f9f496b5b5d55bed9f0efc1f3694f91486a1cae97c14af6091f8fe91ec235ec4,,,point estimate; empirical LM/sparse ranges reported separately,u_to_m,16,"[14.0,16.0,16.0,16.0,16.0,16.0]",7,2,dead_fraction,seed2_l7_tc_k16_s0,P8,READ,10000,experiment_v1_4/phase_archives/P8/P8_evaluation_raw.zip::runs/seed2_l7_tc_k16_s0/semantic.json,0,val,m prediction from u,tc,0.482421875
,,,fidelity,f9f496b5b5d55bed9f0efc1f3694f91486a1cae97c14af6091f8fe91ec235ec4,,,point estimate; empirical LM/sparse ranges reported separately,u_to_m,16,"[13.0,16.0,16.0,16.0,16.0,16.0]",7,2,mse,seed2_l7_tc_k16_s0,P8,READ,20000,experiment_v1_4/phase_archives/P8/P8_evaluation_raw.zip::runs/seed2_l7_tc_k16_s0/semantic.json,0,test,m prediction from u,tc,0.005952669007698231
,,,fidelity,f9f496b5b5d55bed9f0efc1f3694f91486a1cae97c14af6091f8fe91ec235ec4,,,point estimate; empirical LM/sparse ranges reported separately,u_to_m,16,"[13.0,16.0,16.0,16.0,16.0,16.0]",7,2,nmse,seed2_l7_tc_k16_s0,P8,READ,20000,experiment_v1_4/phase_archives/P8/P8_evaluation_raw.zip::runs/seed2_l7_tc_k16_s0/semantic.json,0,test,m prediction from u,tc,0.005960045248996379
,,,fidelity,f9f496b5b5d55bed9f0efc1f3694f91486a1cae97c14af6091f8fe91ec235ec4,,,point estimate; empirical LM/sparse ranges reported separately,u_to_m,16,"[13.0,16.0,16.0,16.0,16.0,16.0]",7,2,r2,seed2_l7_tc_k16_s0,P8,READ,20000,experiment_v1_4/phase_archives/P8/P8_evaluation_raw.zip::runs/seed2_l7_tc_k16_s0/semantic.json,0,test,m prediction from u,tc,0.9940397866848277
,,,fidelity,f9f496b5b5d55bed9f0efc1f3694f91486a1cae97c14af6091f8fe91ec235ec4,,,point estimate; empirical LM/sparse ranges reported separately,u_to_m,16,"[13.0,16.0,16.0,16.0,16.0,16.0]",7,2,ev,seed2_l7_tc_k16_s0,P8,READ,20000,experiment_v1_4/phase_archives/P8/P8_evaluation_raw.zip::runs/seed2_l7_tc_k16_s0/semantic.json,0,test,m prediction from u,tc,0.9940747437732084
,,,fidelity,f9f496b5b5d55bed9f0efc1f3694f91486a1cae97c14af6091f8fe91ec235ec4,,,point estimate; empirical LM/sparse ranges reported separately,u_to_m,16,"[13.0,16.0,16.0,16.0,16.0,16.0]",7,2,inactive_fraction,seed2_l7_tc_k16_s0,P8,READ,20000,experiment_v1_4/phase_archives/P8/P8_evaluation_raw.zip::runs/seed2_l7_tc_k16_s0/semantic.json,0,test,m prediction from u,tc,0.548828125
,,,fidelity,f9f496b5b5d55bed9f0efc1f3694f91486a1cae97c14af6091f8fe91ec235ec4,,,point estimate; empirical LM/sparse ranges reported separately,u_to_m,16,"[13.0,16.0,16.0,16.0,16.0,16.0]",7,2,inactive_count,seed2_l7_tc_k16_s0,P8,READ,20000,experiment_v1_4/phase_archives/P8/P8_evaluation_raw.zip::runs/seed2_l7_tc_k16_s0/semantic.json,0,test,m prediction from u,tc,281
,,,fidelity,f9f496b5b5d55bed9f0efc1f3694f91486a1cae97c14af6091f8fe91ec235ec4,,,point estimate; empirical LM/sparse ranges reported separately,u_to_m,16,"[13.0,16.0,16.0,16.0,16.0,16.0]",7,2,l0_mean,seed2_l7_tc_k16_s0,P8,READ,20000,experiment_v1_4/phase_archives/P8/P8_evaluation_raw.zip::runs/seed2_l7_tc_k16_s0/semantic.json,0,test,m prediction from u,tc,15.99625
,,,fidelity,f9f496b5b5d55bed9f0efc1f3694f91486a1cae97c14af6091f8fe91ec235ec4,,,point estimate; empirical LM/sparse ranges reported separately,u_to_m,16,"[13.0,16.0,16.0,16.0,16.0,16.0]",7,2,l0_median,seed2_l7_tc_k16_s0,P8,READ,20000,experiment_v1_4/phase_archives/P8/P8_evaluation_raw.zip::runs/seed2_l7_tc_k16_s0/semantic.json,0,test,m prediction from u,tc,16.0
,,,fidelity,f9f496b5b5d55bed9f0efc1f3694f91486a1cae97c14af6091f8fe91ec235ec4,,,point estimate; empirical LM/sparse ranges reported separately,u_to_m,16,"[13.0,16.0,16.0,16.0,16.0,16.0]",7,2,dead_fraction,seed2_l7_tc_k16_s0,P8,READ,20000,experiment_v1_4/phase_archives/P8/P8_evaluation_raw.zip::runs/seed2_l7_tc_k16_s0/semantic.json,0,test,m prediction from u,tc,0.482421875
1000,3075648975708420735,1000,replacement,f9f496b5b5d55bed9f0efc1f3694f91486a1cae97c14af6091f8fe91ec235ec4,0.0013801711565124219,4.726545837215879e-05,,u_to_m,16,,7,2,original_ce,seed2_l7_tc_k16_s0,P8,READ,2048,experiment_v1_4/phase_archives/P8/P8_evaluation_raw.zip::runs/seed2_l7_tc_k16_s0/summary.json,0,behavior_test,m prediction from u,tc,0.0005009129911175414
1000,3075648975708420735,1000,replacement,f9f496b5b5d55bed9f0efc1f3694f91486a1cae97c14af6091f8fe91ec235ec4,0.0013922270780926782,4.725741003387407e-05,,u_to_m,16,,7,2,patched_ce,seed2_l7_tc_k16_s0,P8,READ,2048,experiment_v1_4/phase_archives/P8/P8_evaluation_raw.zip::runs/seed2_l7_tc_k16_s0/summary.json,0,behavior_test,m prediction from u,tc,0.0005044011372148383
1000,3075648975708420735,1000,replacement,f9f496b5b5d55bed9f0efc1f3694f91486a1cae97c14af6091f8fe91ec235ec4,2.2024530684405797e-05,-9.791324619690122e-06,,u_to_m,16,,7,2,delta_ce,seed2_l7_tc_k16_s0,P8,READ,2048,experiment_v1_4/phase_archives/P8/P8_evaluation_raw.zip::runs/seed2_l7_tc_k16_s0/summary.json,0,behavior_test,m prediction from u,tc,3.4881460972968625e-06
1000,3075648975708420735,1000,replacement,f9f496b5b5d55bed9f0efc1f3694f91486a1cae97c14af6091f8fe91ec235ec4,1.0,0.99853515625,,u_to_m,16,,7,2,original_accuracy,seed2_l7_tc_k16_s0,P8,READ,2048,experiment_v1_4/phase_archives/P8/P8_evaluation_raw.zip::runs/seed2_l7_tc_k16_s0/summary.json,0,behavior_test,m prediction from u,tc,0.99951171875
1000,3075648975708420735,1000,replacement,f9f496b5b5d55bed9f0efc1f3694f91486a1cae97c14af6091f8fe91ec235ec4,1.0,0.99853515625,,u_to_m,16,,7,2,patched_accuracy,seed2_l7_tc_k16_s0,P8,READ,2048,experiment_v1_4/phase_archives/P8/P8_evaluation_raw.zip::runs/seed2_l7_tc_k16_s0/summary.json,0,behavior_test,m prediction from u,tc,0.99951171875
1000,3075648975708420735,1000,replacement,f9f496b5b5d55bed9f0efc1f3694f91486a1cae97c14af6091f8fe91ec235ec4,0.0,0.0,,u_to_m,16,,7,2,delta_accuracy,seed2_l7_tc_k16_s0,P8,READ,2048,experiment_v1_4/phase_archives/P8/P8_evaluation_raw.zip::runs/seed2_l7_tc_k16_s0/summary.json,0,behavior_test,m prediction from u,tc,0.0
,,,fidelity,f9f496b5b5d55bed9f0efc1f3694f91486a1cae97c14af6091f8fe91ec235ec4,,,point estimate; empirical LM/sparse ranges reported separately,u_to_m,4,"[3.0,4.0,4.0,4.0,4.0,4.0]",11,2,mse,seed2_l11_tc_k4_s0,P8,READ,50000,experiment_v1_4/phase_archives/P8/P8_evaluation_raw.zip::runs/seed2_l11_tc_k4_s0/semantic.json,0,train,m prediction from u,tc,0.0016133171478164851
,,,fidelity,f9f496b5b5d55bed9f0efc1f3694f91486a1cae97c14af6091f8fe91ec235ec4,,,point estimate; empirical LM/sparse ranges reported separately,u_to_m,4,"[3.0,4.0,4.0,4.0,4.0,4.0]",11,2,nmse,seed2_l11_tc_k4_s0,P8,READ,50000,experiment_v1_4/phase_archives/P8/P8_evaluation_raw.zip::runs/seed2_l11_tc_k4_s0/semantic.json,0,train,m prediction from u,tc,0.0016133171437636529
,,,fidelity,f9f496b5b5d55bed9f0efc1f3694f91486a1cae97c14af6091f8fe91ec235ec4,,,point estimate; empirical LM/sparse ranges reported separately,u_to_m,4,"[3.0,4.0,4.0,4.0,4.0,4.0]",11,2,r2,seed2_l11_tc_k4_s0,P8,READ,50000,experiment_v1_4/phase_archives/P8/P8_evaluation_raw.zip::runs/seed2_l11_tc_k4_s0/semantic.json,0,train,m prediction from u,tc,0.9983866828562363
,,,fidelity,f9f496b5b5d55bed9f0efc1f3694f91486a1cae97c14af6091f8fe91ec235ec4,,,point estimate; empirical LM/sparse ranges reported separately,u_to_m,4,"[3.0,4.0,4.0,4.0,4.0,4.0]",11,2,ev,seed2_l11_tc_k4_s0,P8,READ,50000,experiment_v1_4/phase_archives/P8/P8_evaluation_raw.zip::runs/seed2_l11_tc_k4_s0/semantic.json,0,train,m prediction from u,tc,0.9983946538294158
,,,fidelity,f9f496b5b5d55bed9f0efc1f3694f91486a1cae97c14af6091f8fe91ec235ec4,,,point estimate; empirical LM/sparse ranges reported separately,u_to_m,4,"[3.0,4.0,4.0,4.0,4.0,4.0]",11,2,inactive_fraction,seed2_l11_tc_k4_s0,P8,READ,50000,experiment_v1_4/phase_archives/P8/P8_evaluation_raw.zip::runs/seed2_l11_tc_k4_s0/semantic.json,0,train,m prediction from u,tc,0.76171875
,,,fidelity,f9f496b5b5d55bed9f0efc1f3694f91486a1cae97c14af6091f8fe91ec235ec4,,,point estimate; empirical LM/sparse ranges reported separately,u_to_m,4,"[3.0,4.0,4.0,4.0,4.0,4.0]",11,2,inactive_count,seed2_l11_tc_k4_s0,P8,READ,50000,experiment_v1_4/phase_archives/P8/P8_evaluation_raw.zip::runs/seed2_l11_tc_k4_s0/semantic.json,0,train,m prediction from u,tc,390
,,,fidelity,f9f496b5b5d55bed9f0efc1f3694f91486a1cae97c14af6091f8fe91ec235ec4,,,point estimate; empirical LM/sparse ranges reported separately,u_to_m,4,"[3.0,4.0,4.0,4.0,4.0,4.0]",11,2,l0_mean,seed2_l11_tc_k4_s0,P8,READ,50000,experiment_v1_4/phase_archives/P8/P8_evaluation_raw.zip::runs/seed2_l11_tc_k4_s0/semantic.json,0,train,m prediction from u,tc,3.99894
,,,fidelity,f9f496b5b5d55bed9f0efc1f3694f91486a1cae97c14af6091f8fe91ec235ec4,,,point estimate; empirical LM/sparse ranges reported separately,u_to_m,4,"[3.0,4.0,4.0,4.0,4.0,4.0]",11,2,l0_median,seed2_l11_tc_k4_s0,P8,READ,50000,experiment_v1_4/phase_archives/P8/P8_evaluation_raw.zip::runs/seed2_l11_tc_k4_s0/semantic.json,0,train,m prediction from u,tc,4.0
,,,fidelity,f9f496b5b5d55bed9f0efc1f3694f91486a1cae97c14af6091f8fe91ec235ec4,,,point estimate; empirical LM/sparse ranges reported separately,u_to_m,4,"[3.0,4.0,4.0,4.0,4.0,4.0]",11,2,dead_fraction,seed2_l11_tc_k4_s0,P8,READ,50000,experiment_v1_4/phase_archives/P8/P8_evaluation_raw.zip::runs/seed2_l11_tc_k4_s0/semantic.json,0,train,m prediction from u,tc,0.76171875
,,,fidelity,f9f496b5b5d55bed9f0efc1f3694f91486a1cae97c14af6091f8fe91ec235ec4,,,point estimate; empirical LM/sparse ranges reported separately,u_to_m,4,"[3.0,4.0,4.0,4.0,4.0,4.0]",11,2,mse,seed2_l11_tc_k4_s0,P8,READ,10000,experiment_v1_4/phase_archives/P8/P8_evaluation_raw.zip::runs/seed2_l11_tc_k4_s0/semantic.json,0,val,m prediction from u,tc,0.0016705062188197973
,,,fidelity,f9f496b5b5d55bed9f0efc1f3694f91486a1cae97c14af6091f8fe91ec235ec4,,,point estimate; empirical LM/sparse ranges reported separately,u_to_m,4,"[3.0,4.0,4.0,4.0,4.0,4.0]",11,2,nmse,seed2_l11_tc_k4_s0,P8,READ,10000,experiment_v1_4/phase_archives/P8/P8_evaluation_raw.zip::runs/seed2_l11_tc_k4_s0/semantic.json,0,val,m prediction from u,tc,0.0016708111798292681
,,,fidelity,f9f496b5b5d55bed9f0efc1f3694f91486a1cae97c14af6091f8fe91ec235ec4,,,point estimate; empirical LM/sparse ranges reported separately,u_to_m,4,"[3.0,4.0,4.0,4.0,4.0,4.0]",11,2,r2,seed2_l11_tc_k4_s0,P8,READ,10000,experiment_v1_4/phase_archives/P8/P8_evaluation_raw.zip::runs/seed2_l11_tc_k4_s0/semantic.json,0,val,m prediction from u,tc,0.9983288613124979
,,,fidelity,f9f496b5b5d55bed9f0efc1f3694f91486a1cae97c14af6091f8fe91ec235ec4,,,point estimate; empirical LM/sparse ranges reported separately,u_to_m,4,"[3.0,4.0,4.0,4.0,4.0,4.0]",11,2,ev,seed2_l11_tc_k4_s0,P8,READ,10000,experiment_v1_4/phase_archives/P8/P8_evaluation_raw.zip::runs/seed2_l11_tc_k4_s0/semantic.json,0,val,m prediction from u,tc,0.9983363524040881
,,,fidelity,f9f496b5b5d55bed9f0efc1f3694f91486a1cae97c14af6091f8fe91ec235ec4,,,point estimate; empirical LM/sparse ranges reported separately,u_to_m,4,"[3.0,4.0,4.0,4.0,4.0,4.0]",11,2,inactive_fraction,seed2_l11_tc_k4_s0,P8,READ,10000,experiment_v1_4/phase_archives/P8/P8_evaluation_raw.zip::runs/seed2_l11_tc_k4_s0/semantic.json,0,val,m prediction from u,tc,0.8359375
,,,fidelity,f9f496b5b5d55bed9f0efc1f3694f91486a1cae97c14af6091f8fe91ec235ec4,,,point estimate; empirical LM/sparse ranges reported separately,u_to_m,4,"[3.0,4.0,4.0,4.0,4.0,4.0]",11,2,inactive_count,seed2_l11_tc_k4_s0,P8,READ,10000,experiment_v1_4/phase_archives/P8/P8_evaluation_raw.zip::runs/seed2_l11_tc_k4_s0/semantic.json,0,val,m prediction from u,tc,428
,,,fidelity,f9f496b5b5d55bed9f0efc1f3694f91486a1cae97c14af6091f8fe91ec235ec4,,,point estimate; empirical LM/sparse ranges reported separately,u_to_m,4,"[3.0,4.0,4.0,4.0,4.0,4.0]",11,2,l0_mean,seed2_l11_tc_k4_s0,P8,READ,10000,experiment_v1_4/phase_archives/P8/P8_evaluation_raw.zip::runs/seed2_l11_tc_k4_s0/semantic.json,0,val,m prediction from u,tc,3.9991
,,,fidelity,f9f496b5b5d55bed9f0efc1f3694f91486a1cae97c14af6091f8fe91ec235ec4,,,point estimate; empirical LM/sparse ranges reported separately,u_to_m,4,"[3.0,4.0,4.0,4.0,4.0,4.0]",11,2,l0_median,seed2_l11_tc_k4_s0,P8,READ,10000,experiment_v1_4/phase_archives/P8/P8_evaluation_raw.zip::runs/seed2_l11_tc_k4_s0/semantic.json,0,val,m prediction from u,tc,4.0
,,,fidelity,f9f496b5b5d55bed9f0efc1f3694f91486a1cae97c14af6091f8fe91ec235ec4,,,point estimate; empirical LM/sparse ranges reported separately,u_to_m,4,"[3.0,4.0,4.0,4.0,4.0,4.0]",11,2,dead_fraction,seed2_l11_tc_k4_s0,P8,READ,10000,experiment_v1_4/phase_archives/P8/P8_evaluation_raw.zip::runs/seed2_l11_tc_k4_s0/semantic.json,0,val,m prediction from u,tc,0.76171875
,,,fidelity,f9f496b5b5d55bed9f0efc1f3694f91486a1cae97c14af6091f8fe91ec235ec4,,,point estimate; empirical LM/sparse ranges reported separately,u_to_m,4,"[3.0,4.0,4.0,4.0,4.0,4.0]",11,2,mse,seed2_l11_tc_k4_s0,P8,READ,20000,experiment_v1_4/phase_archives/P8/P8_evaluation_raw.zip::runs/seed2_l11_tc_k4_s0/semantic.json,0,test,m prediction from u,tc,0.0016472671888678513
,,,fidelity,f9f496b5b5d55bed9f0efc1f3694f91486a1cae97c14af6091f8fe91ec235ec4,,,point estimate; empirical LM/sparse ranges reported separately,u_to_m,4,"[3.0,4.0,4.0,4.0,4.0,4.0]",11,2,nmse,seed2_l11_tc_k4_s0,P8,READ,20000,experiment_v1_4/phase_archives/P8/P8_evaluation_raw.zip::runs/seed2_l11_tc_k4_s0/semantic.json,0,test,m prediction from u,tc,0.0016441389451303495
,,,fidelity,f9f496b5b5d55bed9f0efc1f3694f91486a1cae97c14af6091f8fe91ec235ec4,,,point estimate; empirical LM/sparse ranges reported separately,u_to_m,4,"[3.0,4.0,4.0,4.0,4.0,4.0]",11,2,r2,seed2_l11_tc_k4_s0,P8,READ,20000,experiment_v1_4/phase_archives/P8/P8_evaluation_raw.zip::runs/seed2_l11_tc_k4_s0/semantic.json,0,test,m prediction from u,tc,0.9983558347851339
,,,fidelity,f9f496b5b5d55bed9f0efc1f3694f91486a1cae97c14af6091f8fe91ec235ec4,,,point estimate; empirical LM/sparse ranges reported separately,u_to_m,4,"[3.0,4.0,4.0,4.0,4.0,4.0]",11,2,ev,seed2_l11_tc_k4_s0,P8,READ,20000,experiment_v1_4/phase_archives/P8/P8_evaluation_raw.zip::runs/seed2_l11_tc_k4_s0/semantic.json,0,test,m prediction from u,tc,0.9983632260417331
,,,fidelity,f9f496b5b5d55bed9f0efc1f3694f91486a1cae97c14af6091f8fe91ec235ec4,,,point estimate; empirical LM/sparse ranges reported separately,u_to_m,4,"[3.0,4.0,4.0,4.0,4.0,4.0]",11,2,inactive_fraction,seed2_l11_tc_k4_s0,P8,READ,20000,experiment_v1_4/phase_archives/P8/P8_evaluation_raw.zip::runs/seed2_l11_tc_k4_s0/semantic.json,0,test,m prediction from u,tc,0.8046875
,,,fidelity,f9f496b5b5d55bed9f0efc1f3694f91486a1cae97c14af6091f8fe91ec235ec4,,,point estimate; empirical LM/sparse ranges reported separately,u_to_m,4,"[3.0,4.0,4.0,4.0,4.0,4.0]",11,2,inactive_count,seed2_l11_tc_k4_s0,P8,READ,20000,experiment_v1_4/phase_archives/P8/P8_evaluation_raw.zip::runs/seed2_l11_tc_k4_s0/semantic.json,0,test,m prediction from u,tc,412
,,,fidelity,f9f496b5b5d55bed9f0efc1f3694f91486a1cae97c14af6091f8fe91ec235ec4,,,point estimate; empirical LM/sparse ranges reported separately,u_to_m,4,"[3.0,4.0,4.0,4.0,4.0,4.0]",11,2,l0_mean,seed2_l11_tc_k4_s0,P8,READ,20000,experiment_v1_4/phase_archives/P8/P8_evaluation_raw.zip::runs/seed2_l11_tc_k4_s0/semantic.json,0,test,m prediction from u,tc,3.99865
,,,fidelity,f9f496b5b5d55bed9f0efc1f3694f91486a1cae97c14af6091f8fe91ec235ec4,,,point estimate; empirical LM/sparse ranges reported separately,u_to_m,4,"[3.0,4.0,4.0,4.0,4.0,4.0]",11,2,l0_median,seed2_l11_tc_k4_s0,P8,READ,20000,experiment_v1_4/phase_archives/P8/P8_evaluation_raw.zip::runs/seed2_l11_tc_k4_s0/semantic.json,0,test,m prediction from u,tc,4.0
,,,fidelity,f9f496b5b5d55bed9f0efc1f3694f91486a1cae97c14af6091f8fe91ec235ec4,,,point estimate; empirical LM/sparse ranges reported separately,u_to_m,4,"[3.0,4.0,4.0,4.0,4.0,4.0]",11,2,dead_fraction,seed2_l11_tc_k4_s0,P8,READ,20000,experiment_v1_4/phase_archives/P8/P8_evaluation_raw.zip::runs/seed2_l11_tc_k4_s0/semantic.json,0,test,m prediction from u,tc,0.76171875
1000,8067982203568281402,1000,replacement,f9f496b5b5d55bed9f0efc1f3694f91486a1cae97c14af6091f8fe91ec235ec4,0.0013117121492271732,4.511730161861349e-05,,u_to_m,4,,11,2,original_ce,seed2_l11_tc_k4_s0,P8,READ,2048,experiment_v1_4/phase_archives/P8/P8_evaluation_raw.zip::runs/seed2_l11_tc_k4_s0/summary.json,0,behavior_test,m prediction from u,tc,0.0005009129911175414
1000,8067982203568281402,1000,replacement,f9f496b5b5d55bed9f0efc1f3694f91486a1cae97c14af6091f8fe91ec235ec4,0.0012570478627374037,4.403411472658769e-05,,u_to_m,4,,11,2,patched_ce,seed2_l11_tc_k4_s0,P8,READ,2048,experiment_v1_4/phase_archives/P8/P8_evaluation_raw.zip::runs/seed2_l11_tc_k4_s0/summary.json,0,behavior_test,m prediction from u,tc,0.0004778437581163253
1000,8067982203568281402,1000,replacement,f9f496b5b5d55bed9f0efc1f3694f91486a1cae97c14af6091f8fe91ec235ec4,-1.382384629289302e-06,-5.704519593732194e-05,,u_to_m,4,,11,2,delta_ce,seed2_l11_tc_k4_s0,P8,READ,2048,experiment_v1_4/phase_archives/P8/P8_evaluation_raw.zip::runs/seed2_l11_tc_k4_s0/summary.json,0,behavior_test,m prediction from u,tc,-2.3069233001216105e-05
1000,8067982203568281402,1000,replacement,f9f496b5b5d55bed9f0efc1f3694f91486a1cae97c14af6091f8fe91ec235ec4,1.0,0.99853515625,,u_to_m,4,,11,2,original_accuracy,seed2_l11_tc_k4_s0,P8,READ,2048,experiment_v1_4/phase_archives/P8/P8_evaluation_raw.zip::runs/seed2_l11_tc_k4_s0/summary.json,0,behavior_test,m prediction from u,tc,0.99951171875
1000,8067982203568281402,1000,replacement,f9f496b5b5d55bed9f0efc1f3694f91486a1cae97c14af6091f8fe91ec235ec4,1.0,0.99853515625,,u_to_m,4,,11,2,patched_accuracy,seed2_l11_tc_k4_s0,P8,READ,2048,experiment_v1_4/phase_archives/P8/P8_evaluation_raw.zip::runs/seed2_l11_tc_k4_s0/summary.json,0,behavior_test,m prediction from u,tc,0.99951171875
1000,8067982203568281402,1000,replacement,f9f496b5b5d55bed9f0efc1f3694f91486a1cae97c14af6091f8fe91ec235ec4,0.0,0.0,,u_to_m,4,,11,2,delta_accuracy,seed2_l11_tc_k4_s0,P8,READ,2048,experiment_v1_4/phase_archives/P8/P8_evaluation_raw.zip::runs/seed2_l11_tc_k4_s0/summary.json,0,behavior_test,m prediction from u,tc,0.0
,,,fidelity,f9f496b5b5d55bed9f0efc1f3694f91486a1cae97c14af6091f8fe91ec235ec4,,,point estimate; empirical LM/sparse ranges reported separately,u_to_m,16,"[11.0,15.0,16.0,16.0,16.0,16.0]",11,2,mse,seed2_l11_tc_k16_s0,P8,READ,50000,experiment_v1_4/phase_archives/P8/P8_evaluation_raw.zip::runs/seed2_l11_tc_k16_s0/semantic.json,0,train,m prediction from u,tc,0.0004201185807419407
,,,fidelity,f9f496b5b5d55bed9f0efc1f3694f91486a1cae97c14af6091f8fe91ec235ec4,,,point estimate; empirical LM/sparse ranges reported separately,u_to_m,16,"[11.0,15.0,16.0,16.0,16.0,16.0]",11,2,nmse,seed2_l11_tc_k16_s0,P8,READ,50000,experiment_v1_4/phase_archives/P8/P8_evaluation_raw.zip::runs/seed2_l11_tc_k16_s0/semantic.json,0,train,m prediction from u,tc,0.000420118579686556
,,,fidelity,f9f496b5b5d55bed9f0efc1f3694f91486a1cae97c14af6091f8fe91ec235ec4,,,point estimate; empirical LM/sparse ranges reported separately,u_to_m,16,"[11.0,15.0,16.0,16.0,16.0,16.0]",11,2,r2,seed2_l11_tc_k16_s0,P8,READ,50000,experiment_v1_4/phase_archives/P8/P8_evaluation_raw.zip::runs/seed2_l11_tc_k16_s0/semantic.json,0,train,m prediction from u,tc,0.9995798814203134
,,,fidelity,f9f496b5b5d55bed9f0efc1f3694f91486a1cae97c14af6091f8fe91ec235ec4,,,point estimate; empirical LM/sparse ranges reported separately,u_to_m,16,"[11.0,15.0,16.0,16.0,16.0,16.0]",11,2,ev,seed2_l11_tc_k16_s0,P8,READ,50000,experiment_v1_4/phase_archives/P8/P8_evaluation_raw.zip::runs/seed2_l11_tc_k16_s0/semantic.json,0,train,m prediction from u,tc,0.9995859658197654
,,,fidelity,f9f496b5b5d55bed9f0efc1f3694f91486a1cae97c14af6091f8fe91ec235ec4,,,point estimate; empirical LM/sparse ranges reported separately,u_to_m,16,"[11.0,15.0,16.0,16.0,16.0,16.0]",11,2,inactive_fraction,seed2_l11_tc_k16_s0,P8,READ,50000,experiment_v1_4/phase_archives/P8/P8_evaluation_raw.zip::runs/seed2_l11_tc_k16_s0/semantic.json,0,train,m prediction from u,tc,0.451171875
,,,fidelity,f9f496b5b5d55bed9f0efc1f3694f91486a1cae97c14af6091f8fe91ec235ec4,,,point estimate; empirical LM/sparse ranges reported separately,u_to_m,16,"[11.0,15.0,16.0,16.0,16.0,16.0]",11,2,inactive_count,seed2_l11_tc_k16_s0,P8,READ,50000,experiment_v1_4/phase_archives/P8/P8_evaluation_raw.zip::runs/seed2_l11_tc_k16_s0/semantic.json,0,train,m prediction from u,tc,231
,,,fidelity,f9f496b5b5d55bed9f0efc1f3694f91486a1cae97c14af6091f8fe91ec235ec4,,,point estimate; empirical LM/sparse ranges reported separately,u_to_m,16,"[11.0,15.0,16.0,16.0,16.0,16.0]",11,2,l0_mean,seed2_l11_tc_k16_s0,P8,READ,50000,experiment_v1_4/phase_archives/P8/P8_evaluation_raw.zip::runs/seed2_l11_tc_k16_s0/semantic.json,0,train,m prediction from u,tc,15.91016
,,,fidelity,f9f496b5b5d55bed9f0efc1f3694f91486a1cae97c14af6091f8fe91ec235ec4,,,point estimate; empirical LM/sparse ranges reported separately,u_to_m,16,"[11.0,15.0,16.0,16.0,16.0,16.0]",11,2,l0_median,seed2_l11_tc_k16_s0,P8,READ,50000,experiment_v1_4/phase_archives/P8/P8_evaluation_raw.zip::runs/seed2_l11_tc_k16_s0/semantic.json,0,train,m prediction from u,tc,16.0
,,,fidelity,f9f496b5b5d55bed9f0efc1f3694f91486a1cae97c14af6091f8fe91ec235ec4,,,point estimate; empirical LM/sparse ranges reported separately,u_to_m,16,"[11.0,15.0,16.0,16.0,16.0,16.0]",11,2,dead_fraction,seed2_l11_tc_k16_s0,P8,READ,50000,experiment_v1_4/phase_archives/P8/P8_evaluation_raw.zip::runs/seed2_l11_tc_k16_s0/semantic.json,0,train,m prediction from u,tc,0.451171875
,,,fidelity,f9f496b5b5d55bed9f0efc1f3694f91486a1cae97c14af6091f8fe91ec235ec4,,,point estimate; empirical LM/sparse ranges reported separately,u_to_m,16,"[11.0,15.0,16.0,16.0,16.0,16.0]",11,2,mse,seed2_l11_tc_k16_s0,P8,READ,10000,experiment_v1_4/phase_archives/P8/P8_evaluation_raw.zip::runs/seed2_l11_tc_k16_s0/semantic.json,0,val,m prediction from u,tc,0.00045400041109465314
,,,fidelity,f9f496b5b5d55bed9f0efc1f3694f91486a1cae97c14af6091f8fe91ec235ec4,,,point estimate; empirical LM/sparse ranges reported separately,u_to_m,16,"[11.0,15.0,16.0,16.0,16.0,16.0]",11,2,nmse,seed2_l11_tc_k16_s0,P8,READ,10000,experiment_v1_4/phase_archives/P8/P8_evaluation_raw.zip::runs/seed2_l11_tc_k16_s0/semantic.json,0,val,m prediction from u,tc,0.0004540832916144068
,,,fidelity,f9f496b5b5d55bed9f0efc1f3694f91486a1cae97c14af6091f8fe91ec235ec4,,,point estimate; empirical LM/sparse ranges reported separately,u_to_m,16,"[11.0,15.0,16.0,16.0,16.0,16.0]",11,2,r2,seed2_l11_tc_k16_s0,P8,READ,10000,experiment_v1_4/phase_archives/P8/P8_evaluation_raw.zip::runs/seed2_l11_tc_k16_s0/semantic.json,0,val,m prediction from u,tc,0.9995458277002655
,,,fidelity,f9f496b5b5d55bed9f0efc1f3694f91486a1cae97c14af6091f8fe91ec235ec4,,,point estimate; empirical LM/sparse ranges reported separately,u_to_m,16,"[11.0,15.0,16.0,16.0,16.0,16.0]",11,2,ev,seed2_l11_tc_k16_s0,P8,READ,10000,experiment_v1_4/phase_archives/P8/P8_evaluation_raw.zip::runs/seed2_l11_tc_k16_s0/semantic.json,0,val,m prediction from u,tc,0.9995516050814234
,,,fidelity,f9f496b5b5d55bed9f0efc1f3694f91486a1cae97c14af6091f8fe91ec235ec4,,,point estimate; empirical LM/sparse ranges reported separately,u_to_m,16,"[11.0,15.0,16.0,16.0,16.0,16.0]",11,2,inactive_fraction,seed2_l11_tc_k16_s0,P8,READ,10000,experiment_v1_4/phase_archives/P8/P8_evaluation_raw.zip::runs/seed2_l11_tc_k16_s0/semantic.json,0,val,m prediction from u,tc,0.521484375
,,,fidelity,f9f496b5b5d55bed9f0efc1f3694f91486a1cae97c14af6091f8fe91ec235ec4,,,point estimate; empirical LM/sparse ranges reported separately,u_to_m,16,"[11.0,15.0,16.0,16.0,16.0,16.0]",11,2,inactive_count,seed2_l11_tc_k16_s0,P8,READ,10000,experiment_v1_4/phase_archives/P8/P8_evaluation_raw.zip::runs/seed2_l11_tc_k16_s0/semantic.json,0,val,m prediction from u,tc,267
,,,fidelity,f9f496b5b5d55bed9f0efc1f3694f91486a1cae97c14af6091f8fe91ec235ec4,,,point estimate; empirical LM/sparse ranges reported separately,u_to_m,16,"[11.0,15.0,16.0,16.0,16.0,16.0]",11,2,l0_mean,seed2_l11_tc_k16_s0,P8,READ,10000,experiment_v1_4/phase_archives/P8/P8_evaluation_raw.zip::runs/seed2_l11_tc_k16_s0/semantic.json,0,val,m prediction from u,tc,15.9103
,,,fidelity,f9f496b5b5d55bed9f0efc1f3694f91486a1cae97c14af6091f8fe91ec235ec4,,,point estimate; empirical LM/sparse ranges reported separately,u_to_m,16,"[11.0,15.0,16.0,16.0,16.0,16.0]",11,2,l0_median,seed2_l11_tc_k16_s0,P8,READ,10000,experiment_v1_4/phase_archives/P8/P8_evaluation_raw.zip::runs/seed2_l11_tc_k16_s0/semantic.json,0,val,m prediction from u,tc,16.0
,,,fidelity,f9f496b5b5d55bed9f0efc1f3694f91486a1cae97c14af6091f8fe91ec235ec4,,,point estimate; empirical LM/sparse ranges reported separately,u_to_m,16,"[11.0,15.0,16.0,16.0,16.0,16.0]",11,2,dead_fraction,seed2_l11_tc_k16_s0,P8,READ,10000,experiment_v1_4/phase_archives/P8/P8_evaluation_raw.zip::runs/seed2_l11_tc_k16_s0/semantic.json,0,val,m prediction from u,tc,0.451171875
,,,fidelity,f9f496b5b5d55bed9f0efc1f3694f91486a1cae97c14af6091f8fe91ec235ec4,,,point estimate; empirical LM/sparse ranges reported separately,u_to_m,16,"[10.0,15.0,16.0,16.0,16.0,16.0]",11,2,mse,seed2_l11_tc_k16_s0,P8,READ,20000,experiment_v1_4/phase_archives/P8/P8_evaluation_raw.zip::runs/seed2_l11_tc_k16_s0/semantic.json,0,test,m prediction from u,tc,0.0004382568200735358
,,,fidelity,f9f496b5b5d55bed9f0efc1f3694f91486a1cae97c14af6091f8fe91ec235ec4,,,point estimate; empirical LM/sparse ranges reported separately,u_to_m,16,"[10.0,15.0,16.0,16.0,16.0,16.0]",11,2,nmse,seed2_l11_tc_k16_s0,P8,READ,20000,experiment_v1_4/phase_archives/P8/P8_evaluation_raw.zip::runs/seed2_l11_tc_k16_s0/semantic.json,0,test,m prediction from u,tc,0.00043742454819798495
,,,fidelity,f9f496b5b5d55bed9f0efc1f3694f91486a1cae97c14af6091f8fe91ec235ec4,,,point estimate; empirical LM/sparse ranges reported separately,u_to_m,16,"[10.0,15.0,16.0,16.0,16.0,16.0]",11,2,r2,seed2_l11_tc_k16_s0,P8,READ,20000,experiment_v1_4/phase_archives/P8/P8_evaluation_raw.zip::runs/seed2_l11_tc_k16_s0/semantic.json,0,test,m prediction from u,tc,0.9995625684627167
,,,fidelity,f9f496b5b5d55bed9f0efc1f3694f91486a1cae97c14af6091f8fe91ec235ec4,,,point estimate; empirical LM/sparse ranges reported separately,u_to_m,16,"[10.0,15.0,16.0,16.0,16.0,16.0]",11,2,ev,seed2_l11_tc_k16_s0,P8,READ,20000,experiment_v1_4/phase_archives/P8/P8_evaluation_raw.zip::runs/seed2_l11_tc_k16_s0/semantic.json,0,test,m prediction from u,tc,0.9995686797928703
,,,fidelity,f9f496b5b5d55bed9f0efc1f3694f91486a1cae97c14af6091f8fe91ec235ec4,,,point estimate; empirical LM/sparse ranges reported separately,u_to_m,16,"[10.0,15.0,16.0,16.0,16.0,16.0]",11,2,inactive_fraction,seed2_l11_tc_k16_s0,P8,READ,20000,experiment_v1_4/phase_archives/P8/P8_evaluation_raw.zip::runs/seed2_l11_tc_k16_s0/semantic.json,0,test,m prediction from u,tc,0.47265625
,,,fidelity,f9f496b5b5d55bed9f0efc1f3694f91486a1cae97c14af6091f8fe91ec235ec4,,,point estimate; empirical LM/sparse ranges reported separately,u_to_m,16,"[10.0,15.0,16.0,16.0,16.0,16.0]",11,2,inactive_count,seed2_l11_tc_k16_s0,P8,READ,20000,experiment_v1_4/phase_archives/P8/P8_evaluation_raw.zip::runs/seed2_l11_tc_k16_s0/semantic.json,0,test,m prediction from u,tc,242
,,,fidelity,f9f496b5b5d55bed9f0efc1f3694f91486a1cae97c14af6091f8fe91ec235ec4,,,point estimate; empirical LM/sparse ranges reported separately,u_to_m,16,"[10.0,15.0,16.0,16.0,16.0,16.0]",11,2,l0_mean,seed2_l11_tc_k16_s0,P8,READ,20000,experiment_v1_4/phase_archives/P8/P8_evaluation_raw.zip::runs/seed2_l11_tc_k16_s0/semantic.json,0,test,m prediction from u,tc,15.915
,,,fidelity,f9f496b5b5d55bed9f0efc1f3694f91486a1cae97c14af6091f8fe91ec235ec4,,,point estimate; empirical LM/sparse ranges reported separately,u_to_m,16,"[10.0,15.0,16.0,16.0,16.0,16.0]",11,2,l0_median,seed2_l11_tc_k16_s0,P8,READ,20000,experiment_v1_4/phase_archives/P8/P8_evaluation_raw.zip::runs/seed2_l11_tc_k16_s0/semantic.json,0,test,m prediction from u,tc,16.0
,,,fidelity,f9f496b5b5d55bed9f0efc1f3694f91486a1cae97c14af6091f8fe91ec235ec4,,,point estimate; empirical LM/sparse ranges reported separately,u_to_m,16,"[10.0,15.0,16.0,16.0,16.0,16.0]",11,2,dead_fraction,seed2_l11_tc_k16_s0,P8,READ,20000,experiment_v1_4/phase_archives/P8/P8_evaluation_raw.zip::runs/seed2_l11_tc_k16_s0/semantic.json,0,test,m prediction from u,tc,0.451171875
1000,3075648975708420735,1000,replacement,f9f496b5b5d55bed9f0efc1f3694f91486a1cae97c14af6091f8fe91ec235ec4,0.0013801711565124219,4.726545837215879e-05,,u_to_m,16,,11,2,original_ce,seed2_l11_tc_k16_s0,P8,READ,2048,experiment_v1_4/phase_archives/P8/P8_evaluation_raw.zip::runs/seed2_l11_tc_k16_s0/summary.json,0,behavior_test,m prediction from u,tc,0.0005009129911175414
1000,3075648975708420735,1000,replacement,f9f496b5b5d55bed9f0efc1f3694f91486a1cae97c14af6091f8fe91ec235ec4,0.0013151079267649801,4.723117958740364e-05,,u_to_m,16,,11,2,patched_ce,seed2_l11_tc_k16_s0,P8,READ,2048,experiment_v1_4/phase_archives/P8/P8_evaluation_raw.zip::runs/seed2_l11_tc_k16_s0/summary.json,0,behavior_test,m prediction from u,tc,0.000478427363085121
1000,3075648975708420735,1000,replacement,f9f496b5b5d55bed9f0efc1f3694f91486a1cae97c14af6091f8fe91ec235ec4,-4.1881142617272766e-07,-5.9734748860762464e-05,,u_to_m,16,,11,2,delta_ce,seed2_l11_tc_k16_s0,P8,READ,2048,experiment_v1_4/phase_archives/P8/P8_evaluation_raw.zip::runs/seed2_l11_tc_k16_s0/summary.json,0,behavior_test,m prediction from u,tc,-2.248562803242038e-05
1000,3075648975708420735,1000,replacement,f9f496b5b5d55bed9f0efc1f3694f91486a1cae97c14af6091f8fe91ec235ec4,1.0,0.99853515625,,u_to_m,16,,11,2,original_accuracy,seed2_l11_tc_k16_s0,P8,READ,2048,experiment_v1_4/phase_archives/P8/P8_evaluation_raw.zip::runs/seed2_l11_tc_k16_s0/summary.json,0,behavior_test,m prediction from u,tc,0.99951171875
1000,3075648975708420735,1000,replacement,f9f496b5b5d55bed9f0efc1f3694f91486a1cae97c14af6091f8fe91ec235ec4,1.0,1.0,,u_to_m,16,,11,2,patched_accuracy,seed2_l11_tc_k16_s0,P8,READ,2048,experiment_v1_4/phase_archives/P8/P8_evaluation_raw.zip::runs/seed2_l11_tc_k16_s0/summary.json,0,behavior_test,m prediction from u,tc,1.0
1000,3075648975708420735,1000,replacement,f9f496b5b5d55bed9f0efc1f3694f91486a1cae97c14af6091f8fe91ec235ec4,0.00146484375,0.0,,u_to_m,16,,11,2,delta_accuracy,seed2_l11_tc_k16_s0,P8,READ,2048,experiment_v1_4/phase_archives/P8/P8_evaluation_raw.zip::runs/seed2_l11_tc_k16_s0/summary.json,0,behavior_test,m prediction from u,tc,0.00048828125
,,,fidelity,76d86f1a83bde7f8f6389684cd2a3913c923e21ccfbe42e40d3255385a9982b1,,,point estimate; empirical LM/sparse ranges reported separately,h,4,"[4.0,4.0,4.0,4.0,4.0,4.0]",0,0,mse,seed0_l0_sae_k4_s1,P9,READ,50000,experiment_v1_4/evidence/P9/v1_4_p9_evaluation_return_1790842429996719913.zip::sae/runs/seed0_l0_sae_k4_s1/semantic.json,1,train,h reconstruction,sae,0.0012426079365603288
,,,fidelity,76d86f1a83bde7f8f6389684cd2a3913c923e21ccfbe42e40d3255385a9982b1,,,point estimate; empirical LM/sparse ranges reported separately,h,4,"[4.0,4.0,4.0,4.0,4.0,4.0]",0,0,nmse,seed0_l0_sae_k4_s1,P9,READ,50000,experiment_v1_4/evidence/P9/v1_4_p9_evaluation_return_1790842429996719913.zip::sae/runs/seed0_l0_sae_k4_s1/semantic.json,1,train,h reconstruction,sae,0.0012426080189001055
,,,fidelity,76d86f1a83bde7f8f6389684cd2a3913c923e21ccfbe42e40d3255385a9982b1,,,point estimate; empirical LM/sparse ranges reported separately,h,4,"[4.0,4.0,4.0,4.0,4.0,4.0]",0,0,r2,seed0_l0_sae_k4_s1,P9,READ,50000,experiment_v1_4/evidence/P9/v1_4_p9_evaluation_return_1790842429996719913.zip::sae/runs/seed0_l0_sae_k4_s1/semantic.json,1,train,h reconstruction,sae,0.9987573919810999
,,,fidelity,76d86f1a83bde7f8f6389684cd2a3913c923e21ccfbe42e40d3255385a9982b1,,,point estimate; empirical LM/sparse ranges reported separately,h,4,"[4.0,4.0,4.0,4.0,4.0,4.0]",0,0,ev,seed0_l0_sae_k4_s1,P9,READ,50000,experiment_v1_4/evidence/P9/v1_4_p9_evaluation_return_1790842429996719913.zip::sae/runs/seed0_l0_sae_k4_s1/semantic.json,1,train,h reconstruction,sae,0.9987630041444242
,,,fidelity,76d86f1a83bde7f8f6389684cd2a3913c923e21ccfbe42e40d3255385a9982b1,,,point estimate; empirical LM/sparse ranges reported separately,h,4,"[4.0,4.0,4.0,4.0,4.0,4.0]",0,0,inactive_fraction,seed0_l0_sae_k4_s1,P9,READ,50000,experiment_v1_4/evidence/P9/v1_4_p9_evaluation_return_1790842429996719913.zip::sae/runs/seed0_l0_sae_k4_s1/semantic.json,1,train,h reconstruction,sae,0.6875
,,,fidelity,76d86f1a83bde7f8f6389684cd2a3913c923e21ccfbe42e40d3255385a9982b1,,,point estimate; empirical LM/sparse ranges reported separately,h,4,"[4.0,4.0,4.0,4.0,4.0,4.0]",0,0,inactive_count,seed0_l0_sae_k4_s1,P9,READ,50000,experiment_v1_4/evidence/P9/v1_4_p9_evaluation_return_1790842429996719913.zip::sae/runs/seed0_l0_sae_k4_s1/semantic.json,1,train,h reconstruction,sae,352
,,,fidelity,76d86f1a83bde7f8f6389684cd2a3913c923e21ccfbe42e40d3255385a9982b1,,,point estimate; empirical LM/sparse ranges reported separately,h,4,"[4.0,4.0,4.0,4.0,4.0,4.0]",0,0,l0_mean,seed0_l0_sae_k4_s1,P9,READ,50000,experiment_v1_4/evidence/P9/v1_4_p9_evaluation_return_1790842429996719913.zip::sae/runs/seed0_l0_sae_k4_s1/semantic.json,1,train,h reconstruction,sae,4.0
,,,fidelity,76d86f1a83bde7f8f6389684cd2a3913c923e21ccfbe42e40d3255385a9982b1,,,point estimate; empirical LM/sparse ranges reported separately,h,4,"[4.0,4.0,4.0,4.0,4.0,4.0]",0,0,l0_median,seed0_l0_sae_k4_s1,P9,READ,50000,experiment_v1_4/evidence/P9/v1_4_p9_evaluation_return_1790842429996719913.zip::sae/runs/seed0_l0_sae_k4_s1/semantic.json,1,train,h reconstruction,sae,4.0
,,,fidelity,76d86f1a83bde7f8f6389684cd2a3913c923e21ccfbe42e40d3255385a9982b1,,,point estimate; empirical LM/sparse ranges reported separately,h,4,"[4.0,4.0,4.0,4.0,4.0,4.0]",0,0,dead_fraction,seed0_l0_sae_k4_s1,P9,READ,50000,experiment_v1_4/evidence/P9/v1_4_p9_evaluation_return_1790842429996719913.zip::sae/runs/seed0_l0_sae_k4_s1/semantic.json,1,train,h reconstruction,sae,0.6875
,,,fidelity,76d86f1a83bde7f8f6389684cd2a3913c923e21ccfbe42e40d3255385a9982b1,,,point estimate; empirical LM/sparse ranges reported separately,h,4,"[4.0,4.0,4.0,4.0,4.0,4.0]",0,0,mse,seed0_l0_sae_k4_s1,P9,READ,10000,experiment_v1_4/evidence/P9/v1_4_p9_evaluation_return_1790842429996719913.zip::sae/runs/seed0_l0_sae_k4_s1/semantic.json,1,val,h reconstruction,sae,0.0012553765120654203
,,,fidelity,76d86f1a83bde7f8f6389684cd2a3913c923e21ccfbe42e40d3255385a9982b1,,,point estimate; empirical LM/sparse ranges reported separately,h,4,"[4.0,4.0,4.0,4.0,4.0,4.0]",0,0,nmse,seed0_l0_sae_k4_s1,P9,READ,10000,experiment_v1_4/evidence/P9/v1_4_p9_evaluation_return_1790842429996719913.zip::sae/runs/seed0_l0_sae_k4_s1/semantic.json,1,val,h reconstruction,sae,0.0012536876729394369
,,,fidelity,76d86f1a83bde7f8f6389684cd2a3913c923e21ccfbe42e40d3255385a9982b1,,,point estimate; empirical LM/sparse ranges reported separately,h,4,"[4.0,4.0,4.0,4.0,4.0,4.0]",0,0,r2,seed0_l0_sae_k4_s1,P9,READ,10000,experiment_v1_4/evidence/P9/v1_4_p9_evaluation_return_1790842429996719913.zip::sae/runs/seed0_l0_sae_k4_s1/semantic.json,1,val,h reconstruction,sae,0.9987461366084326
,,,fidelity,76d86f1a83bde7f8f6389684cd2a3913c923e21ccfbe42e40d3255385a9982b1,,,point estimate; empirical LM/sparse ranges reported separately,h,4,"[4.0,4.0,4.0,4.0,4.0,4.0]",0,0,ev,seed0_l0_sae_k4_s1,P9,READ,10000,experiment_v1_4/evidence/P9/v1_4_p9_evaluation_return_1790842429996719913.zip::sae/runs/seed0_l0_sae_k4_s1/semantic.json,1,val,h reconstruction,sae,0.9987508031809196
,,,fidelity,76d86f1a83bde7f8f6389684cd2a3913c923e21ccfbe42e40d3255385a9982b1,,,point estimate; empirical LM/sparse ranges reported separately,h,4,"[4.0,4.0,4.0,4.0,4.0,4.0]",0,0,inactive_fraction,seed0_l0_sae_k4_s1,P9,READ,10000,experiment_v1_4/evidence/P9/v1_4_p9_evaluation_return_1790842429996719913.zip::sae/runs/seed0_l0_sae_k4_s1/semantic.json,1,val,h reconstruction,sae,0.81640625
,,,fidelity,76d86f1a83bde7f8f6389684cd2a3913c923e21ccfbe42e40d3255385a9982b1,,,point estimate; empirical LM/sparse ranges reported separately,h,4,"[4.0,4.0,4.0,4.0,4.0,4.0]",0,0,inactive_count,seed0_l0_sae_k4_s1,P9,READ,10000,experiment_v1_4/evidence/P9/v1_4_p9_evaluation_return_1790842429996719913.zip::sae/runs/seed0_l0_sae_k4_s1/semantic.json,1,val,h reconstruction,sae,418
,,,fidelity,76d86f1a83bde7f8f6389684cd2a3913c923e21ccfbe42e40d3255385a9982b1,,,point estimate; empirical LM/sparse ranges reported separately,h,4,"[4.0,4.0,4.0,4.0,4.0,4.0]",0,0,l0_mean,seed0_l0_sae_k4_s1,P9,READ,10000,experiment_v1_4/evidence/P9/v1_4_p9_evaluation_return_1790842429996719913.zip::sae/runs/seed0_l0_sae_k4_s1/semantic.json,1,val,h reconstruction,sae,4.0
,,,fidelity,76d86f1a83bde7f8f6389684cd2a3913c923e21ccfbe42e40d3255385a9982b1,,,point estimate; empirical LM/sparse ranges reported separately,h,4,"[4.0,4.0,4.0,4.0,4.0,4.0]",0,0,l0_median,seed0_l0_sae_k4_s1,P9,READ,10000,experiment_v1_4/evidence/P9/v1_4_p9_evaluation_return_1790842429996719913.zip::sae/runs/seed0_l0_sae_k4_s1/semantic.json,1,val,h reconstruction,sae,4.0
,,,fidelity,76d86f1a83bde7f8f6389684cd2a3913c923e21ccfbe42e40d3255385a9982b1,,,point estimate; empirical LM/sparse ranges reported separately,h,4,"[4.0,4.0,4.0,4.0,4.0,4.0]",0,0,dead_fraction,seed0_l0_sae_k4_s1,P9,READ,10000,experiment_v1_4/evidence/P9/v1_4_p9_evaluation_return_1790842429996719913.zip::sae/runs/seed0_l0_sae_k4_s1/semantic.json,1,val,h reconstruction,sae,0.6875
,,,fidelity,76d86f1a83bde7f8f6389684cd2a3913c923e21ccfbe42e40d3255385a9982b1,,,point estimate; empirical LM/sparse ranges reported separately,h,4,"[4.0,4.0,4.0,4.0,4.0,4.0]",0,0,mse,seed0_l0_sae_k4_s1,P9,READ,20000,experiment_v1_4/evidence/P9/v1_4_p9_evaluation_return_1790842429996719913.zip::sae/runs/seed0_l0_sae_k4_s1/semantic.json,1,test,h reconstruction,sae,0.0012460265884378543
,,,fidelity,76d86f1a83bde7f8f6389684cd2a3913c923e21ccfbe42e40d3255385a9982b1,,,point estimate; empirical LM/sparse ranges reported separately,h,4,"[4.0,4.0,4.0,4.0,4.0,4.0]",0,0,nmse,seed0_l0_sae_k4_s1,P9,READ,20000,experiment_v1_4/evidence/P9/v1_4_p9_evaluation_return_1790842429996719913.zip::sae/runs/seed0_l0_sae_k4_s1/semantic.json,1,test,h reconstruction,sae,0.0012458352406232705
,,,fidelity,76d86f1a83bde7f8f6389684cd2a3913c923e21ccfbe42e40d3255385a9982b1,,,point estimate; empirical LM/sparse ranges reported separately,h,4,"[4.0,4.0,4.0,4.0,4.0,4.0]",0,0,r2,seed0_l0_sae_k4_s1,P9,READ,20000,experiment_v1_4/evidence/P9/v1_4_p9_evaluation_return_1790842429996719913.zip::sae/runs/seed0_l0_sae_k4_s1/semantic.json,1,test,h reconstruction,sae,0.9987541364465866
,,,fidelity,76d86f1a83bde7f8f6389684cd2a3913c923e21ccfbe42e40d3255385a9982b1,,,point estimate; empirical LM/sparse ranges reported separately,h,4,"[4.0,4.0,4.0,4.0,4.0,4.0]",0,0,ev,seed0_l0_sae_k4_s1,P9,READ,20000,experiment_v1_4/evidence/P9/v1_4_p9_evaluation_return_1790842429996719913.zip::sae/runs/seed0_l0_sae_k4_s1/semantic.json,1,test,h reconstruction,sae,0.9987589252295089
,,,fidelity,76d86f1a83bde7f8f6389684cd2a3913c923e21ccfbe42e40d3255385a9982b1,,,point estimate; empirical LM/sparse ranges reported separately,h,4,"[4.0,4.0,4.0,4.0,4.0,4.0]",0,0,inactive_fraction,seed0_l0_sae_k4_s1,P9,READ,20000,experiment_v1_4/evidence/P9/v1_4_p9_evaluation_return_1790842429996719913.zip::sae/runs/seed0_l0_sae_k4_s1/semantic.json,1,test,h reconstruction,sae,0.751953125
,,,fidelity,76d86f1a83bde7f8f6389684cd2a3913c923e21ccfbe42e40d3255385a9982b1,,,point estimate; empirical LM/sparse ranges reported separately,h,4,"[4.0,4.0,4.0,4.0,4.0,4.0]",0,0,inactive_count,seed0_l0_sae_k4_s1,P9,READ,20000,experiment_v1_4/evidence/P9/v1_4_p9_evaluation_return_1790842429996719913.zip::sae/runs/seed0_l0_sae_k4_s1/semantic.json,1,test,h reconstruction,sae,385
,,,fidelity,76d86f1a83bde7f8f6389684cd2a3913c923e21ccfbe42e40d3255385a9982b1,,,point estimate; empirical LM/sparse ranges reported separately,h,4,"[4.0,4.0,4.0,4.0,4.0,4.0]",0,0,l0_mean,seed0_l0_sae_k4_s1,P9,READ,20000,experiment_v1_4/evidence/P9/v1_4_p9_evaluation_return_1790842429996719913.zip::sae/runs/seed0_l0_sae_k4_s1/semantic.json,1,test,h reconstruction,sae,4.0
,,,fidelity,76d86f1a83bde7f8f6389684cd2a3913c923e21ccfbe42e40d3255385a9982b1,,,point estimate; empirical LM/sparse ranges reported separately,h,4,"[4.0,4.0,4.0,4.0,4.0,4.0]",0,0,l0_median,seed0_l0_sae_k4_s1,P9,READ,20000,experiment_v1_4/evidence/P9/v1_4_p9_evaluation_return_1790842429996719913.zip::sae/runs/seed0_l0_sae_k4_s1/semantic.json,1,test,h reconstruction,sae,4.0
,,,fidelity,76d86f1a83bde7f8f6389684cd2a3913c923e21ccfbe42e40d3255385a9982b1,,,point estimate; empirical LM/sparse ranges reported separately,h,4,"[4.0,4.0,4.0,4.0,4.0,4.0]",0,0,dead_fraction,seed0_l0_sae_k4_s1,P9,READ,20000,experiment_v1_4/evidence/P9/v1_4_p9_evaluation_return_1790842429996719913.zip::sae/runs/seed0_l0_sae_k4_s1/semantic.json,1,test,h reconstruction,sae,0.6875
1000,17851667456523253793,1000,replacement,76d86f1a83bde7f8f6389684cd2a3913c923e21ccfbe42e40d3255385a9982b1,0.0006213014697071139,0.00017038042321200765,,h,4,,0,0,original_ce,seed0_l0_sae_k4_s1,P9,READ,2048,experiment_v1_4/evidence/P9/v1_4_p9_evaluation_return_1790842429996719913.zip::sae/runs/seed0_l0_sae_k4_s1/summary.json,1,behavior_test,h reconstruction,sae,0.00037435924538775645
1000,17851667456523253793,1000,replacement,76d86f1a83bde7f8f6389684cd2a3913c923e21ccfbe42e40d3255385a9982b1,0.0006228529880326959,0.00017169986624800959,,h,4,,0,0,patched_ce,seed0_l0_sae_k4_s1,P9,READ,2048,experiment_v1_4/evidence/P9/v1_4_p9_evaluation_return_1790842429996719913.zip::sae/runs/seed0_l0_sae_k4_s1/summary.json,1,behavior_test,h reconstruction,sae,0.000376968003357403
1000,17851667456523253793,1000,replacement,76d86f1a83bde7f8f6389684cd2a3913c923e21ccfbe42e40d3255385a9982b1,1.0176595398492249e-05,-3.0358662231000363e-06,,h,4,,0,0,delta_ce,seed0_l0_sae_k4_s1,P9,READ,2048,experiment_v1_4/evidence/P9/v1_4_p9_evaluation_return_1790842429996719913.zip::sae/runs/seed0_l0_sae_k4_s1/summary.json,1,behavior_test,h reconstruction,sae,2.608757969646547e-06
1000,17851667456523253793,1000,replacement,76d86f1a83bde7f8f6389684cd2a3913c923e21ccfbe42e40d3255385a9982b1,1.0,1.0,,h,4,,0,0,original_accuracy,seed0_l0_sae_k4_s1,P9,READ,2048,experiment_v1_4/evidence/P9/v1_4_p9_evaluation_return_1790842429996719913.zip::sae/runs/seed0_l0_sae_k4_s1/summary.json,1,behavior_test,h reconstruction,sae,1.0
1000,17851667456523253793,1000,replacement,76d86f1a83bde7f8f6389684cd2a3913c923e21ccfbe42e40d3255385a9982b1,1.0,1.0,,h,4,,0,0,patched_accuracy,seed0_l0_sae_k4_s1,P9,READ,2048,experiment_v1_4/evidence/P9/v1_4_p9_evaluation_return_1790842429996719913.zip::sae/runs/seed0_l0_sae_k4_s1/summary.json,1,behavior_test,h reconstruction,sae,1.0
1000,17851667456523253793,1000,replacement,76d86f1a83bde7f8f6389684cd2a3913c923e21ccfbe42e40d3255385a9982b1,0.0,0.0,,h,4,,0,0,delta_accuracy,seed0_l0_sae_k4_s1,P9,READ,2048,experiment_v1_4/evidence/P9/v1_4_p9_evaluation_return_1790842429996719913.zip::sae/runs/seed0_l0_sae_k4_s1/summary.json,1,behavior_test,h reconstruction,sae,0.0
,,,fidelity,76d86f1a83bde7f8f6389684cd2a3913c923e21ccfbe42e40d3255385a9982b1,,,point estimate; empirical LM/sparse ranges reported separately,h,16,"[15.0,16.0,16.0,16.0,16.0,16.0]",0,0,mse,seed0_l0_sae_k16_s1,P9,READ,50000,experiment_v1_4/evidence/P9/v1_4_p9_evaluation_return_1790842429996719913.zip::sae/runs/seed0_l0_sae_k16_s1/semantic.json,1,train,h reconstruction,sae,0.00032547330013829834
,,,fidelity,76d86f1a83bde7f8f6389684cd2a3913c923e21ccfbe42e40d3255385a9982b1,,,point estimate; empirical LM/sparse ranges reported separately,h,16,"[15.0,16.0,16.0,16.0,16.0,16.0]",0,0,nmse,seed0_l0_sae_k16_s1,P9,READ,50000,experiment_v1_4/evidence/P9/v1_4_p9_evaluation_return_1790842429996719913.zip::sae/runs/seed0_l0_sae_k16_s1/semantic.json,1,train,h reconstruction,sae,0.0003254733217053575
,,,fidelity,76d86f1a83bde7f8f6389684cd2a3913c923e21ccfbe42e40d3255385a9982b1,,,point estimate; empirical LM/sparse ranges reported separately,h,16,"[15.0,16.0,16.0,16.0,16.0,16.0]",0,0,r2,seed0_l0_sae_k16_s1,P9,READ,50000,experiment_v1_4/evidence/P9/v1_4_p9_evaluation_return_1790842429996719913.zip::sae/runs/seed0_l0_sae_k16_s1/semantic.json,1,train,h reconstruction,sae,0.9996745266782946
,,,fidelity,76d86f1a83bde7f8f6389684cd2a3913c923e21ccfbe42e40d3255385a9982b1,,,point estimate; empirical LM/sparse ranges reported separately,h,16,"[15.0,16.0,16.0,16.0,16.0,16.0]",0,0,ev,seed0_l0_sae_k16_s1,P9,READ,50000,experiment_v1_4/evidence/P9/v1_4_p9_evaluation_return_1790842429996719913.zip::sae/runs/seed0_l0_sae_k16_s1/semantic.json,1,train,h reconstruction,sae,0.9996767725000848
,,,fidelity,76d86f1a83bde7f8f6389684cd2a3913c923e21ccfbe42e40d3255385a9982b1,,,point estimate; empirical LM/sparse ranges reported separately,h,16,"[15.0,16.0,16.0,16.0,16.0,16.0]",0,0,inactive_fraction,seed0_l0_sae_k16_s1,P9,READ,50000,experiment_v1_4/evidence/P9/v1_4_p9_evaluation_return_1790842429996719913.zip::sae/runs/seed0_l0_sae_k16_s1/semantic.json,1,train,h reconstruction,sae,0.67578125
,,,fidelity,76d86f1a83bde7f8f6389684cd2a3913c923e21ccfbe42e40d3255385a9982b1,,,point estimate; empirical LM/sparse ranges reported separately,h,16,"[15.0,16.0,16.0,16.0,16.0,16.0]",0,0,inactive_count,seed0_l0_sae_k16_s1,P9,READ,50000,experiment_v1_4/evidence/P9/v1_4_p9_evaluation_return_1790842429996719913.zip::sae/runs/seed0_l0_sae_k16_s1/semantic.json,1,train,h reconstruction,sae,346
,,,fidelity,76d86f1a83bde7f8f6389684cd2a3913c923e21ccfbe42e40d3255385a9982b1,,,point estimate; empirical LM/sparse ranges reported separately,h,16,"[15.0,16.0,16.0,16.0,16.0,16.0]",0,0,l0_mean,seed0_l0_sae_k16_s1,P9,READ,50000,experiment_v1_4/evidence/P9/v1_4_p9_evaluation_return_1790842429996719913.zip::sae/runs/seed0_l0_sae_k16_s1/semantic.json,1,train,h reconstruction,sae,15.99976
,,,fidelity,76d86f1a83bde7f8f6389684cd2a3913c923e21ccfbe42e40d3255385a9982b1,,,point estimate; empirical LM/sparse ranges reported separately,h,16,"[15.0,16.0,16.0,16.0,16.0,16.0]",0,0,l0_median,seed0_l0_sae_k16_s1,P9,READ,50000,experiment_v1_4/evidence/P9/v1_4_p9_evaluation_return_1790842429996719913.zip::sae/runs/seed0_l0_sae_k16_s1/semantic.json,1,train,h reconstruction,sae,16.0
,,,fidelity,76d86f1a83bde7f8f6389684cd2a3913c923e21ccfbe42e40d3255385a9982b1,,,point estimate; empirical LM/sparse ranges reported separately,h,16,"[15.0,16.0,16.0,16.0,16.0,16.0]",0,0,dead_fraction,seed0_l0_sae_k16_s1,P9,READ,50000,experiment_v1_4/evidence/P9/v1_4_p9_evaluation_return_1790842429996719913.zip::sae/runs/seed0_l0_sae_k16_s1/semantic.json,1,train,h reconstruction,sae,0.67578125
,,,fidelity,76d86f1a83bde7f8f6389684cd2a3913c923e21ccfbe42e40d3255385a9982b1,,,point estimate; empirical LM/sparse ranges reported separately,h,16,"[15.0,16.0,16.0,16.0,16.0,16.0]",0,0,mse,seed0_l0_sae_k16_s1,P9,READ,10000,experiment_v1_4/evidence/P9/v1_4_p9_evaluation_return_1790842429996719913.zip::sae/runs/seed0_l0_sae_k16_s1/semantic.json,1,val,h reconstruction,sae,0.0003344287872647726
,,,fidelity,76d86f1a83bde7f8f6389684cd2a3913c923e21ccfbe42e40d3255385a9982b1,,,point estimate; empirical LM/sparse ranges reported separately,h,16,"[15.0,16.0,16.0,16.0,16.0,16.0]",0,0,nmse,seed0_l0_sae_k16_s1,P9,READ,10000,experiment_v1_4/evidence/P9/v1_4_p9_evaluation_return_1790842429996719913.zip::sae/runs/seed0_l0_sae_k16_s1/semantic.json,1,val,h reconstruction,sae,0.00033397888525102637
,,,fidelity,76d86f1a83bde7f8f6389684cd2a3913c923e21ccfbe42e40d3255385a9982b1,,,point estimate; empirical LM/sparse ranges reported separately,h,16,"[15.0,16.0,16.0,16.0,16.0,16.0]",0,0,r2,seed0_l0_sae_k16_s1,P9,READ,10000,experiment_v1_4/evidence/P9/v1_4_p9_evaluation_return_1790842429996719913.zip::sae/runs/seed0_l0_sae_k16_s1/semantic.json,1,val,h reconstruction,sae,0.9996659743037986
,,,fidelity,76d86f1a83bde7f8f6389684cd2a3913c923e21ccfbe42e40d3255385a9982b1,,,point estimate; empirical LM/sparse ranges reported separately,h,16,"[15.0,16.0,16.0,16.0,16.0,16.0]",0,0,ev,seed0_l0_sae_k16_s1,P9,READ,10000,experiment_v1_4/evidence/P9/v1_4_p9_evaluation_return_1790842429996719913.zip::sae/runs/seed0_l0_sae_k16_s1/semantic.json,1,val,h reconstruction,sae,0.9996683137449078
,,,fidelity,76d86f1a83bde7f8f6389684cd2a3913c923e21ccfbe42e40d3255385a9982b1,,,point estimate; empirical LM/sparse ranges reported separately,h,16,"[15.0,16.0,16.0,16.0,16.0,16.0]",0,0,inactive_fraction,seed0_l0_sae_k16_s1,P9,READ,10000,experiment_v1_4/evidence/P9/v1_4_p9_evaluation_return_1790842429996719913.zip::sae/runs/seed0_l0_sae_k16_s1/semantic.json,1,val,h reconstruction,sae,0.765625
,,,fidelity,76d86f1a83bde7f8f6389684cd2a3913c923e21ccfbe42e40d3255385a9982b1,,,point estimate; empirical LM/sparse ranges reported separately,h,16,"[15.0,16.0,16.0,16.0,16.0,16.0]",0,0,inactive_count,seed0_l0_sae_k16_s1,P9,READ,10000,experiment_v1_4/evidence/P9/v1_4_p9_evaluation_return_1790842429996719913.zip::sae/runs/seed0_l0_sae_k16_s1/semantic.json,1,val,h reconstruction,sae,392
,,,fidelity,76d86f1a83bde7f8f6389684cd2a3913c923e21ccfbe42e40d3255385a9982b1,,,point estimate; empirical LM/sparse ranges reported separately,h,16,"[15.0,16.0,16.0,16.0,16.0,16.0]",0,0,l0_mean,seed0_l0_sae_k16_s1,P9,READ,10000,experiment_v1_4/evidence/P9/v1_4_p9_evaluation_return_1790842429996719913.zip::sae/runs/seed0_l0_sae_k16_s1/semantic.json,1,val,h reconstruction,sae,15.9995
,,,fidelity,76d86f1a83bde7f8f6389684cd2a3913c923e21ccfbe42e40d3255385a9982b1,,,point estimate; empirical LM/sparse ranges reported separately,h,16,"[15.0,16.0,16.0,16.0,16.0,16.0]",0,0,l0_median,seed0_l0_sae_k16_s1,P9,READ,10000,experiment_v1_4/evidence/P9/v1_4_p9_evaluation_return_1790842429996719913.zip::sae/runs/seed0_l0_sae_k16_s1/semantic.json,1,val,h reconstruction,sae,16.0
,,,fidelity,76d86f1a83bde7f8f6389684cd2a3913c923e21ccfbe42e40d3255385a9982b1,,,point estimate; empirical LM/sparse ranges reported separately,h,16,"[15.0,16.0,16.0,16.0,16.0,16.0]",0,0,dead_fraction,seed0_l0_sae_k16_s1,P9,READ,10000,experiment_v1_4/evidence/P9/v1_4_p9_evaluation_return_1790842429996719913.zip::sae/runs/seed0_l0_sae_k16_s1/semantic.json,1,val,h reconstruction,sae,0.67578125
,,,fidelity,76d86f1a83bde7f8f6389684cd2a3913c923e21ccfbe42e40d3255385a9982b1,,,point estimate; empirical LM/sparse ranges reported separately,h,16,"[15.0,16.0,16.0,16.0,16.0,16.0]",0,0,mse,seed0_l0_sae_k16_s1,P9,READ,20000,experiment_v1_4/evidence/P9/v1_4_p9_evaluation_return_1790842429996719913.zip::sae/runs/seed0_l0_sae_k16_s1/semantic.json,1,test,h reconstruction,sae,0.00032863746084903857
,,,fidelity,76d86f1a83bde7f8f6389684cd2a3913c923e21ccfbe42e40d3255385a9982b1,,,point estimate; empirical LM/sparse ranges reported separately,h,16,"[15.0,16.0,16.0,16.0,16.0,16.0]",0,0,nmse,seed0_l0_sae_k16_s1,P9,READ,20000,experiment_v1_4/evidence/P9/v1_4_p9_evaluation_return_1790842429996719913.zip::sae/runs/seed0_l0_sae_k16_s1/semantic.json,1,test,h reconstruction,sae,0.0003285869931780375
,,,fidelity,76d86f1a83bde7f8f6389684cd2a3913c923e21ccfbe42e40d3255385a9982b1,,,point estimate; empirical LM/sparse ranges reported separately,h,16,"[15.0,16.0,16.0,16.0,16.0,16.0]",0,0,r2,seed0_l0_sae_k16_s1,P9,READ,20000,experiment_v1_4/evidence/P9/v1_4_p9_evaluation_return_1790842429996719913.zip::sae/runs/seed0_l0_sae_k16_s1/semantic.json,1,test,h reconstruction,sae,0.9996714055393702
,,,fidelity,76d86f1a83bde7f8f6389684cd2a3913c923e21ccfbe42e40d3255385a9982b1,,,point estimate; empirical LM/sparse ranges reported separately,h,16,"[15.0,16.0,16.0,16.0,16.0,16.0]",0,0,ev,seed0_l0_sae_k16_s1,P9,READ,20000,experiment_v1_4/evidence/P9/v1_4_p9_evaluation_return_1790842429996719913.zip::sae/runs/seed0_l0_sae_k16_s1/semantic.json,1,test,h reconstruction,sae,0.999673698917039
,,,fidelity,76d86f1a83bde7f8f6389684cd2a3913c923e21ccfbe42e40d3255385a9982b1,,,point estimate; empirical LM/sparse ranges reported separately,h,16,"[15.0,16.0,16.0,16.0,16.0,16.0]",0,0,inactive_fraction,seed0_l0_sae_k16_s1,P9,READ,20000,experiment_v1_4/evidence/P9/v1_4_p9_evaluation_return_1790842429996719913.zip::sae/runs/seed0_l0_sae_k16_s1/semantic.json,1,test,h reconstruction,sae,0.734375
,,,fidelity,76d86f1a83bde7f8f6389684cd2a3913c923e21ccfbe42e40d3255385a9982b1,,,point estimate; empirical LM/sparse ranges reported separately,h,16,"[15.0,16.0,16.0,16.0,16.0,16.0]",0,0,inactive_count,seed0_l0_sae_k16_s1,P9,READ,20000,experiment_v1_4/evidence/P9/v1_4_p9_evaluation_return_1790842429996719913.zip::sae/runs/seed0_l0_sae_k16_s1/semantic.json,1,test,h reconstruction,sae,376
,,,fidelity,76d86f1a83bde7f8f6389684cd2a3913c923e21ccfbe42e40d3255385a9982b1,,,point estimate; empirical LM/sparse ranges reported separately,h,16,"[15.0,16.0,16.0,16.0,16.0,16.0]",0,0,l0_mean,seed0_l0_sae_k16_s1,P9,READ,20000,experiment_v1_4/evidence/P9/v1_4_p9_evaluation_return_1790842429996719913.zip::sae/runs/seed0_l0_sae_k16_s1/semantic.json,1,test,h reconstruction,sae,15.9998
,,,fidelity,76d86f1a83bde7f8f6389684cd2a3913c923e21ccfbe42e40d3255385a9982b1,,,point estimate; empirical LM/sparse ranges reported separately,h,16,"[15.0,16.0,16.0,16.0,16.0,16.0]",0,0,l0_median,seed0_l0_sae_k16_s1,P9,READ,20000,experiment_v1_4/evidence/P9/v1_4_p9_evaluation_return_1790842429996719913.zip::sae/runs/seed0_l0_sae_k16_s1/semantic.json,1,test,h reconstruction,sae,16.0
,,,fidelity,76d86f1a83bde7f8f6389684cd2a3913c923e21ccfbe42e40d3255385a9982b1,,,point estimate; empirical LM/sparse ranges reported separately,h,16,"[15.0,16.0,16.0,16.0,16.0,16.0]",0,0,dead_fraction,seed0_l0_sae_k16_s1,P9,READ,20000,experiment_v1_4/evidence/P9/v1_4_p9_evaluation_return_1790842429996719913.zip::sae/runs/seed0_l0_sae_k16_s1/semantic.json,1,test,h reconstruction,sae,0.67578125
1000,13003994005439828422,1000,replacement,76d86f1a83bde7f8f6389684cd2a3913c923e21ccfbe42e40d3255385a9982b1,0.0006487252454921654,0.00018332023588563118,,h,16,,0,0,original_ce,seed0_l0_sae_k16_s1,P9,READ,2048,experiment_v1_4/evidence/P9/v1_4_p9_evaluation_return_1790842429996719913.zip::sae/runs/seed0_l0_sae_k16_s1/summary.json,1,behavior_test,h reconstruction,sae,0.00037435924538775645
1000,13003994005439828422,1000,replacement,76d86f1a83bde7f8f6389684cd2a3913c923e21ccfbe42e40d3255385a9982b1,0.0006541867080232688,0.00018343865113630843,,h,16,,0,0,patched_ce,seed0_l0_sae_k16_s1,P9,READ,2048,experiment_v1_4/evidence/P9/v1_4_p9_evaluation_return_1790842429996719913.zip::sae/runs/seed0_l0_sae_k16_s1/summary.json,1,behavior_test,h reconstruction,sae,0.0003766524362567303
1000,13003994005439828422,1000,replacement,76d86f1a83bde7f8f6389684cd2a3913c923e21ccfbe42e40d3255385a9982b1,6.394647122232032e-06,-5.859379473005522e-07,,h,16,,0,0,delta_ce,seed0_l0_sae_k16_s1,P9,READ,2048,experiment_v1_4/evidence/P9/v1_4_p9_evaluation_return_1790842429996719913.zip::sae/runs/seed0_l0_sae_k16_s1/summary.json,1,behavior_test,h reconstruction,sae,2.293190868973838e-06
1000,13003994005439828422,1000,replacement,76d86f1a83bde7f8f6389684cd2a3913c923e21ccfbe42e40d3255385a9982b1,1.0,1.0,,h,16,,0,0,original_accuracy,seed0_l0_sae_k16_s1,P9,READ,2048,experiment_v1_4/evidence/P9/v1_4_p9_evaluation_return_1790842429996719913.zip::sae/runs/seed0_l0_sae_k16_s1/summary.json,1,behavior_test,h reconstruction,sae,1.0
1000,13003994005439828422,1000,replacement,76d86f1a83bde7f8f6389684cd2a3913c923e21ccfbe42e40d3255385a9982b1,1.0,1.0,,h,16,,0,0,patched_accuracy,seed0_l0_sae_k16_s1,P9,READ,2048,experiment_v1_4/evidence/P9/v1_4_p9_evaluation_return_1790842429996719913.zip::sae/runs/seed0_l0_sae_k16_s1/summary.json,1,behavior_test,h reconstruction,sae,1.0
1000,13003994005439828422,1000,replacement,76d86f1a83bde7f8f6389684cd2a3913c923e21ccfbe42e40d3255385a9982b1,0.0,0.0,,h,16,,0,0,delta_accuracy,seed0_l0_sae_k16_s1,P9,READ,2048,experiment_v1_4/evidence/P9/v1_4_p9_evaluation_return_1790842429996719913.zip::sae/runs/seed0_l0_sae_k16_s1/summary.json,1,behavior_test,h reconstruction,sae,0.0
,,,fidelity,76d86f1a83bde7f8f6389684cd2a3913c923e21ccfbe42e40d3255385a9982b1,,,point estimate; empirical LM/sparse ranges reported separately,h,4,"[4.0,4.0,4.0,4.0,4.0,4.0]",3,0,mse,seed0_l3_sae_k4_s1,P9,READ,50000,experiment_v1_4/evidence/P9/v1_4_p9_evaluation_return_1790842429996719913.zip::sae/runs/seed0_l3_sae_k4_s1/semantic.json,1,train,h reconstruction,sae,0.03999942819956818
,,,fidelity,76d86f1a83bde7f8f6389684cd2a3913c923e21ccfbe42e40d3255385a9982b1,,,point estimate; empirical LM/sparse ranges reported separately,h,4,"[4.0,4.0,4.0,4.0,4.0,4.0]",3,0,nmse,seed0_l3_sae_k4_s1,P9,READ,50000,experiment_v1_4/evidence/P9/v1_4_p9_evaluation_return_1790842429996719913.zip::sae/runs/seed0_l3_sae_k4_s1/semantic.json,1,train,h reconstruction,sae,0.03999942611300467
,,,fidelity,76d86f1a83bde7f8f6389684cd2a3913c923e21ccfbe42e40d3255385a9982b1,,,point estimate; empirical LM/sparse ranges reported separately,h,4,"[4.0,4.0,4.0,4.0,4.0,4.0]",3,0,r2,seed0_l3_sae_k4_s1,P9,READ,50000,experiment_v1_4/evidence/P9/v1_4_p9_evaluation_return_1790842429996719913.zip::sae/runs/seed0_l3_sae_k4_s1/semantic.json,1,train,h reconstruction,sae,0.9600005738869953
,,,fidelity,76d86f1a83bde7f8f6389684cd2a3913c923e21ccfbe42e40d3255385a9982b1,,,point estimate; empirical LM/sparse ranges reported separately,h,4,"[4.0,4.0,4.0,4.0,4.0,4.0]",3,0,ev,seed0_l3_sae_k4_s1,P9,READ,50000,experiment_v1_4/evidence/P9/v1_4_p9_evaluation_return_1790842429996719913.zip::sae/runs/seed0_l3_sae_k4_s1/semantic.json,1,train,h reconstruction,sae,0.9600227848998364
,,,fidelity,76d86f1a83bde7f8f6389684cd2a3913c923e21ccfbe42e40d3255385a9982b1,,,point estimate; empirical LM/sparse ranges reported separately,h,4,"[4.0,4.0,4.0,4.0,4.0,4.0]",3,0,inactive_fraction,seed0_l3_sae_k4_s1,P9,READ,50000,experiment_v1_4/evidence/P9/v1_4_p9_evaluation_return_1790842429996719913.zip::sae/runs/seed0_l3_sae_k4_s1/semantic.json,1,train,h reconstruction,sae,0.734375
,,,fidelity,76d86f1a83bde7f8f6389684cd2a3913c923e21ccfbe42e40d3255385a9982b1,,,point estimate; empirical LM/sparse ranges reported separately,h,4,"[4.0,4.0,4.0,4.0,4.0,4.0]",3,0,inactive_count,seed0_l3_sae_k4_s1,P9,READ,50000,experiment_v1_4/evidence/P9/v1_4_p9_evaluation_return_1790842429996719913.zip::sae/runs/seed0_l3_sae_k4_s1/semantic.json,1,train,h reconstruction,sae,376
,,,fidelity,76d86f1a83bde7f8f6389684cd2a3913c923e21ccfbe42e40d3255385a9982b1,,,point estimate; empirical LM/sparse ranges reported separately,h,4,"[4.0,4.0,4.0,4.0,4.0,4.0]",3,0,l0_mean,seed0_l3_sae_k4_s1,P9,READ,50000,experiment_v1_4/evidence/P9/v1_4_p9_evaluation_return_1790842429996719913.zip::sae/runs/seed0_l3_sae_k4_s1/semantic.json,1,train,h reconstruction,sae,4.0
,,,fidelity,76d86f1a83bde7f8f6389684cd2a3913c923e21ccfbe42e40d3255385a9982b1,,,point estimate; empirical LM/sparse ranges reported separately,h,4,"[4.0,4.0,4.0,4.0,4.0,4.0]",3,0,l0_median,seed0_l3_sae_k4_s1,P9,READ,50000,experiment_v1_4/evidence/P9/v1_4_p9_evaluation_return_1790842429996719913.zip::sae/runs/seed0_l3_sae_k4_s1/semantic.json,1,train,h reconstruction,sae,4.0
,,,fidelity,76d86f1a83bde7f8f6389684cd2a3913c923e21ccfbe42e40d3255385a9982b1,,,point estimate; empirical LM/sparse ranges reported separately,h,4,"[4.0,4.0,4.0,4.0,4.0,4.0]",3,0,dead_fraction,seed0_l3_sae_k4_s1,P9,READ,50000,experiment_v1_4/evidence/P9/v1_4_p9_evaluation_return_1790842429996719913.zip::sae/runs/seed0_l3_sae_k4_s1/semantic.json,1,train,h reconstruction,sae,0.734375
,,,fidelity,76d86f1a83bde7f8f6389684cd2a3913c923e21ccfbe42e40d3255385a9982b1,,,point estimate; empirical LM/sparse ranges reported separately,h,4,"[4.0,4.0,4.0,4.0,4.0,4.0]",3,0,mse,seed0_l3_sae_k4_s1,P9,READ,10000,experiment_v1_4/evidence/P9/v1_4_p9_evaluation_return_1790842429996719913.zip::sae/runs/seed0_l3_sae_k4_s1/semantic.json,1,val,h reconstruction,sae,0.04083841342819843
,,,fidelity,76d86f1a83bde7f8f6389684cd2a3913c923e21ccfbe42e40d3255385a9982b1,,,point estimate; empirical LM/sparse ranges reported separately,h,4,"[4.0,4.0,4.0,4.0,4.0,4.0]",3,0,nmse,seed0_l3_sae_k4_s1,P9,READ,10000,experiment_v1_4/evidence/P9/v1_4_p9_evaluation_return_1790842429996719913.zip::sae/runs/seed0_l3_sae_k4_s1/semantic.json,1,val,h reconstruction,sae,0.040908707693558095
,,,fidelity,76d86f1a83bde7f8f6389684cd2a3913c923e21ccfbe42e40d3255385a9982b1,,,point estimate; empirical LM/sparse ranges reported separately,h,4,"[4.0,4.0,4.0,4.0,4.0,4.0]",3,0,r2,seed0_l3_sae_k4_s1,P9,READ,10000,experiment_v1_4/evidence/P9/v1_4_p9_evaluation_return_1790842429996719913.zip::sae/runs/seed0_l3_sae_k4_s1/semantic.json,1,val,h reconstruction,sae,0.9590839244689848
,,,fidelity,76d86f1a83bde7f8f6389684cd2a3913c923e21ccfbe42e40d3255385a9982b1,,,point estimate; empirical LM/sparse ranges reported separately,h,4,"[4.0,4.0,4.0,4.0,4.0,4.0]",3,0,ev,seed0_l3_sae_k4_s1,P9,READ,10000,experiment_v1_4/evidence/P9/v1_4_p9_evaluation_return_1790842429996719913.zip::sae/runs/seed0_l3_sae_k4_s1/semantic.json,1,val,h reconstruction,sae,0.9591214886477765
,,,fidelity,76d86f1a83bde7f8f6389684cd2a3913c923e21ccfbe42e40d3255385a9982b1,,,point estimate; empirical LM/sparse ranges reported separately,h,4,"[4.0,4.0,4.0,4.0,4.0,4.0]",3,0,inactive_fraction,seed0_l3_sae_k4_s1,P9,READ,10000,experiment_v1_4/evidence/P9/v1_4_p9_evaluation_return_1790842429996719913.zip::sae/runs/seed0_l3_sae_k4_s1/semantic.json,1,val,h reconstruction,sae,0.775390625
,,,fidelity,76d86f1a83bde7f8f6389684cd2a3913c923e21ccfbe42e40d3255385a9982b1,,,point estimate; empirical LM/sparse ranges reported separately,h,4,"[4.0,4.0,4.0,4.0,4.0,4.0]",3,0,inactive_count,seed0_l3_sae_k4_s1,P9,READ,10000,experiment_v1_4/evidence/P9/v1_4_p9_evaluation_return_1790842429996719913.zip::sae/runs/seed0_l3_sae_k4_s1/semantic.json,1,val,h reconstruction,sae,397
,,,fidelity,76d86f1a83bde7f8f6389684cd2a3913c923e21ccfbe42e40d3255385a9982b1,,,point estimate; empirical LM/sparse ranges reported separately,h,4,"[4.0,4.0,4.0,4.0,4.0,4.0]",3,0,l0_mean,seed0_l3_sae_k4_s1,P9,READ,10000,experiment_v1_4/evidence/P9/v1_4_p9_evaluation_return_1790842429996719913.zip::sae/runs/seed0_l3_sae_k4_s1/semantic.json,1,val,h reconstruction,sae,4.0
,,,fidelity,76d86f1a83bde7f8f6389684cd2a3913c923e21ccfbe42e40d3255385a9982b1,,,point estimate; empirical LM/sparse ranges reported separately,h,4,"[4.0,4.0,4.0,4.0,4.0,4.0]",3,0,l0_median,seed0_l3_sae_k4_s1,P9,READ,10000,experiment_v1_4/evidence/P9/v1_4_p9_evaluation_return_1790842429996719913.zip::sae/runs/seed0_l3_sae_k4_s1/semantic.json,1,val,h reconstruction,sae,4.0
,,,fidelity,76d86f1a83bde7f8f6389684cd2a3913c923e21ccfbe42e40d3255385a9982b1,,,point estimate; empirical LM/sparse ranges reported separately,h,4,"[4.0,4.0,4.0,4.0,4.0,4.0]",3,0,dead_fraction,seed0_l3_sae_k4_s1,P9,READ,10000,experiment_v1_4/evidence/P9/v1_4_p9_evaluation_return_1790842429996719913.zip::sae/runs/seed0_l3_sae_k4_s1/semantic.json,1,val,h reconstruction,sae,0.734375
,,,fidelity,76d86f1a83bde7f8f6389684cd2a3913c923e21ccfbe42e40d3255385a9982b1,,,point estimate; empirical LM/sparse ranges reported separately,h,4,"[4.0,4.0,4.0,4.0,4.0,4.0]",3,0,mse,seed0_l3_sae_k4_s1,P9,READ,20000,experiment_v1_4/evidence/P9/v1_4_p9_evaluation_return_1790842429996719913.zip::sae/runs/seed0_l3_sae_k4_s1/semantic.json,1,test,h reconstruction,sae,0.04037648355765557
,,,fidelity,76d86f1a83bde7f8f6389684cd2a3913c923e21ccfbe42e40d3255385a9982b1,,,point estimate; empirical LM/sparse ranges reported separately,h,4,"[4.0,4.0,4.0,4.0,4.0,4.0]",3,0,nmse,seed0_l3_sae_k4_s1,P9,READ,20000,experiment_v1_4/evidence/P9/v1_4_p9_evaluation_return_1790842429996719913.zip::sae/runs/seed0_l3_sae_k4_s1/semantic.json,1,test,h reconstruction,sae,0.04026597458301532
,,,fidelity,76d86f1a83bde7f8f6389684cd2a3913c923e21ccfbe42e40d3255385a9982b1,,,point estimate; empirical LM/sparse ranges reported separately,h,4,"[4.0,4.0,4.0,4.0,4.0,4.0]",3,0,r2,seed0_l3_sae_k4_s1,P9,READ,20000,experiment_v1_4/evidence/P9/v1_4_p9_evaluation_return_1790842429996719913.zip::sae/runs/seed0_l3_sae_k4_s1/semantic.json,1,test,h reconstruction,sae,0.9597323552713384
,,,fidelity,76d86f1a83bde7f8f6389684cd2a3913c923e21ccfbe42e40d3255385a9982b1,,,point estimate; empirical LM/sparse ranges reported separately,h,4,"[4.0,4.0,4.0,4.0,4.0,4.0]",3,0,ev,seed0_l3_sae_k4_s1,P9,READ,20000,experiment_v1_4/evidence/P9/v1_4_p9_evaluation_return_1790842429996719913.zip::sae/runs/seed0_l3_sae_k4_s1/semantic.json,1,test,h reconstruction,sae,0.9597593647255539
,,,fidelity,76d86f1a83bde7f8f6389684cd2a3913c923e21ccfbe42e40d3255385a9982b1,,,point estimate; empirical LM/sparse ranges reported separately,h,4,"[4.0,4.0,4.0,4.0,4.0,4.0]",3,0,inactive_fraction,seed0_l3_sae_k4_s1,P9,READ,20000,experiment_v1_4/evidence/P9/v1_4_p9_evaluation_return_1790842429996719913.zip::sae/runs/seed0_l3_sae_k4_s1/semantic.json,1,test,h reconstruction,sae,0.763671875
,,,fidelity,76d86f1a83bde7f8f6389684cd2a3913c923e21ccfbe42e40d3255385a9982b1,,,point estimate; empirical LM/sparse ranges reported separately,h,4,"[4.0,4.0,4.0,4.0,4.0,4.0]",3,0,inactive_count,seed0_l3_sae_k4_s1,P9,READ,20000,experiment_v1_4/evidence/P9/v1_4_p9_evaluation_return_1790842429996719913.zip::sae/runs/seed0_l3_sae_k4_s1/semantic.json,1,test,h reconstruction,sae,391
,,,fidelity,76d86f1a83bde7f8f6389684cd2a3913c923e21ccfbe42e40d3255385a9982b1,,,point estimate; empirical LM/sparse ranges reported separately,h,4,"[4.0,4.0,4.0,4.0,4.0,4.0]",3,0,l0_mean,seed0_l3_sae_k4_s1,P9,READ,20000,experiment_v1_4/evidence/P9/v1_4_p9_evaluation_return_1790842429996719913.zip::sae/runs/seed0_l3_sae_k4_s1/semantic.json,1,test,h reconstruction,sae,4.0
,,,fidelity,76d86f1a83bde7f8f6389684cd2a3913c923e21ccfbe42e40d3255385a9982b1,,,point estimate; empirical LM/sparse ranges reported separately,h,4,"[4.0,4.0,4.0,4.0,4.0,4.0]",3,0,l0_median,seed0_l3_sae_k4_s1,P9,READ,20000,experiment_v1_4/evidence/P9/v1_4_p9_evaluation_return_1790842429996719913.zip::sae/runs/seed0_l3_sae_k4_s1/semantic.json,1,test,h reconstruction,sae,4.0
,,,fidelity,76d86f1a83bde7f8f6389684cd2a3913c923e21ccfbe42e40d3255385a9982b1,,,point estimate; empirical LM/sparse ranges reported separately,h,4,"[4.0,4.0,4.0,4.0,4.0,4.0]",3,0,dead_fraction,seed0_l3_sae_k4_s1,P9,READ,20000,experiment_v1_4/evidence/P9/v1_4_p9_evaluation_return_1790842429996719913.zip::sae/runs/seed0_l3_sae_k4_s1/semantic.json,1,test,h reconstruction,sae,0.734375
1000,17851667456523253793,1000,replacement,76d86f1a83bde7f8f6389684cd2a3913c923e21ccfbe42e40d3255385a9982b1,0.0006213014697071139,0.00017038042321200765,,h,4,,3,0,original_ce,seed0_l3_sae_k4_s1,P9,READ,2048,experiment_v1_4/evidence/P9/v1_4_p9_evaluation_return_1790842429996719913.zip::sae/runs/seed0_l3_sae_k4_s1/summary.json,1,behavior_test,h reconstruction,sae,0.00037435924538775645
1000,17851667456523253793,1000,replacement,76d86f1a83bde7f8f6389684cd2a3913c923e21ccfbe42e40d3255385a9982b1,0.0013222430383605876,0.00021847562355625238,,h,4,,3,0,patched_ce,seed0_l3_sae_k4_s1,P9,READ,2048,experiment_v1_4/evidence/P9/v1_4_p9_evaluation_return_1790842429996719913.zip::sae/runs/seed0_l3_sae_k4_s1/summary.json,1,behavior_test,h reconstruction,sae,0.0006841836026871828
1000,17851667456523253793,1000,replacement,76d86f1a83bde7f8f6389684cd2a3913c923e21ccfbe42e40d3255385a9982b1,0.0008647857126784452,-6.492634600285815e-07,,h,4,,3,0,delta_ce,seed0_l3_sae_k4_s1,P9,READ,2048,experiment_v1_4/evidence/P9/v1_4_p9_evaluation_return_1790842429996719913.zip::sae/runs/seed0_l3_sae_k4_s1/summary.json,1,behavior_test,h reconstruction,sae,0.0003098243517176691
1000,17851667456523253793,1000,replacement,76d86f1a83bde7f8f6389684cd2a3913c923e21ccfbe42e40d3255385a9982b1,1.0,1.0,,h,4,,3,0,original_accuracy,seed0_l3_sae_k4_s1,P9,READ,2048,experiment_v1_4/evidence/P9/v1_4_p9_evaluation_return_1790842429996719913.zip::sae/runs/seed0_l3_sae_k4_s1/summary.json,1,behavior_test,h reconstruction,sae,1.0
1000,17851667456523253793,1000,replacement,76d86f1a83bde7f8f6389684cd2a3913c923e21ccfbe42e40d3255385a9982b1,1.0,1.0,,h,4,,3,0,patched_accuracy,seed0_l3_sae_k4_s1,P9,READ,2048,experiment_v1_4/evidence/P9/v1_4_p9_evaluation_return_1790842429996719913.zip::sae/runs/seed0_l3_sae_k4_s1/summary.json,1,behavior_test,h reconstruction,sae,1.0
1000,17851667456523253793,1000,replacement,76d86f1a83bde7f8f6389684cd2a3913c923e21ccfbe42e40d3255385a9982b1,0.0,0.0,,h,4,,3,0,delta_accuracy,seed0_l3_sae_k4_s1,P9,READ,2048,experiment_v1_4/evidence/P9/v1_4_p9_evaluation_return_1790842429996719913.zip::sae/runs/seed0_l3_sae_k4_s1/summary.json,1,behavior_test,h reconstruction,sae,0.0
,,,fidelity,76d86f1a83bde7f8f6389684cd2a3913c923e21ccfbe42e40d3255385a9982b1,,,point estimate; empirical LM/sparse ranges reported separately,h,16,"[16.0,16.0,16.0,16.0,16.0,16.0]",3,0,mse,seed0_l3_sae_k16_s1,P9,READ,50000,experiment_v1_4/evidence/P9/v1_4_p9_evaluation_return_1790842429996719913.zip::sae/runs/seed0_l3_sae_k16_s1/semantic.json,1,train,h reconstruction,sae,0.00476220177285766
,,,fidelity,76d86f1a83bde7f8f6389684cd2a3913c923e21ccfbe42e40d3255385a9982b1,,,point estimate; empirical LM/sparse ranges reported separately,h,16,"[16.0,16.0,16.0,16.0,16.0,16.0]",3,0,nmse,seed0_l3_sae_k16_s1,P9,READ,50000,experiment_v1_4/evidence/P9/v1_4_p9_evaluation_return_1790842429996719913.zip::sae/runs/seed0_l3_sae_k16_s1/semantic.json,1,train,h reconstruction,sae,0.0047622015244381975
,,,fidelity,76d86f1a83bde7f8f6389684cd2a3913c923e21ccfbe42e40d3255385a9982b1,,,point estimate; empirical LM/sparse ranges reported separately,h,16,"[16.0,16.0,16.0,16.0,16.0,16.0]",3,0,r2,seed0_l3_sae_k16_s1,P9,READ,50000,experiment_v1_4/evidence/P9/v1_4_p9_evaluation_return_1790842429996719913.zip::sae/runs/seed0_l3_sae_k16_s1/semantic.json,1,train,h reconstruction,sae,0.9952377984755618
,,,fidelity,76d86f1a83bde7f8f6389684cd2a3913c923e21ccfbe42e40d3255385a9982b1,,,point estimate; empirical LM/sparse ranges reported separately,h,16,"[16.0,16.0,16.0,16.0,16.0,16.0]",3,0,ev,seed0_l3_sae_k16_s1,P9,READ,50000,experiment_v1_4/evidence/P9/v1_4_p9_evaluation_return_1790842429996719913.zip::sae/runs/seed0_l3_sae_k16_s1/semantic.json,1,train,h reconstruction,sae,0.9952603054999886
,,,fidelity,76d86f1a83bde7f8f6389684cd2a3913c923e21ccfbe42e40d3255385a9982b1,,,point estimate; empirical LM/sparse ranges reported separately,h,16,"[16.0,16.0,16.0,16.0,16.0,16.0]",3,0,inactive_fraction,seed0_l3_sae_k16_s1,P9,READ,50000,experiment_v1_4/evidence/P9/v1_4_p9_evaluation_return_1790842429996719913.zip::sae/runs/seed0_l3_sae_k16_s1/semantic.json,1,train,h reconstruction,sae,0.5703125
,,,fidelity,76d86f1a83bde7f8f6389684cd2a3913c923e21ccfbe42e40d3255385a9982b1,,,point estimate; empirical LM/sparse ranges reported separately,h,16,"[16.0,16.0,16.0,16.0,16.0,16.0]",3,0,inactive_count,seed0_l3_sae_k16_s1,P9,READ,50000,experiment_v1_4/evidence/P9/v1_4_p9_evaluation_return_1790842429996719913.zip::sae/runs/seed0_l3_sae_k16_s1/semantic.json,1,train,h reconstruction,sae,292
,,,fidelity,76d86f1a83bde7f8f6389684cd2a3913c923e21ccfbe42e40d3255385a9982b1,,,point estimate; empirical LM/sparse ranges reported separately,h,16,"[16.0,16.0,16.0,16.0,16.0,16.0]",3,0,l0_mean,seed0_l3_sae_k16_s1,P9,READ,50000,experiment_v1_4/evidence/P9/v1_4_p9_evaluation_return_1790842429996719913.zip::sae/runs/seed0_l3_sae_k16_s1/semantic.json,1,train,h reconstruction,sae,16.0
,,,fidelity,76d86f1a83bde7f8f6389684cd2a3913c923e21ccfbe42e40d3255385a9982b1,,,point estimate; empirical LM/sparse ranges reported separately,h,16,"[16.0,16.0,16.0,16.0,16.0,16.0]",3,0,l0_median,seed0_l3_sae_k16_s1,P9,READ,50000,experiment_v1_4/evidence/P9/v1_4_p9_evaluation_return_1790842429996719913.zip::sae/runs/seed0_l3_sae_k16_s1/semantic.json,1,train,h reconstruction,sae,16.0
,,,fidelity,76d86f1a83bde7f8f6389684cd2a3913c923e21ccfbe42e40d3255385a9982b1,,,point estimate; empirical LM/sparse ranges reported separately,h,16,"[16.0,16.0,16.0,16.0,16.0,16.0]",3,0,dead_fraction,seed0_l3_sae_k16_s1,P9,READ,50000,experiment_v1_4/evidence/P9/v1_4_p9_evaluation_return_1790842429996719913.zip::sae/runs/seed0_l3_sae_k16_s1/semantic.json,1,train,h reconstruction,sae,0.5703125
,,,fidelity,76d86f1a83bde7f8f6389684cd2a3913c923e21ccfbe42e40d3255385a9982b1,,,point estimate; empirical LM/sparse ranges reported separately,h,16,"[16.0,16.0,16.0,16.0,16.0,16.0]",3,0,mse,seed0_l3_sae_k16_s1,P9,READ,10000,experiment_v1_4/evidence/P9/v1_4_p9_evaluation_return_1790842429996719913.zip::sae/runs/seed0_l3_sae_k16_s1/semantic.json,1,val,h reconstruction,sae,0.004868511824865462
,,,fidelity,76d86f1a83bde7f8f6389684cd2a3913c923e21ccfbe42e40d3255385a9982b1,,,point estimate; empirical LM/sparse ranges reported separately,h,16,"[16.0,16.0,16.0,16.0,16.0,16.0]",3,0,nmse,seed0_l3_sae_k16_s1,P9,READ,10000,experiment_v1_4/evidence/P9/v1_4_p9_evaluation_return_1790842429996719913.zip::sae/runs/seed0_l3_sae_k16_s1/semantic.json,1,val,h reconstruction,sae,0.004876891887492662
,,,fidelity,76d86f1a83bde7f8f6389684cd2a3913c923e21ccfbe42e40d3255385a9982b1,,,point estimate; empirical LM/sparse ranges reported separately,h,16,"[16.0,16.0,16.0,16.0,16.0,16.0]",3,0,r2,seed0_l3_sae_k16_s1,P9,READ,10000,experiment_v1_4/evidence/P9/v1_4_p9_evaluation_return_1790842429996719913.zip::sae/runs/seed0_l3_sae_k16_s1/semantic.json,1,val,h reconstruction,sae,0.9951222297629151
,,,fidelity,76d86f1a83bde7f8f6389684cd2a3913c923e21ccfbe42e40d3255385a9982b1,,,point estimate; empirical LM/sparse ranges reported separately,h,16,"[16.0,16.0,16.0,16.0,16.0,16.0]",3,0,ev,seed0_l3_sae_k16_s1,P9,READ,10000,experiment_v1_4/evidence/P9/v1_4_p9_evaluation_return_1790842429996719913.zip::sae/runs/seed0_l3_sae_k16_s1/semantic.json,1,val,h reconstruction,sae,0.9951490182741285
,,,fidelity,76d86f1a83bde7f8f6389684cd2a3913c923e21ccfbe42e40d3255385a9982b1,,,point estimate; empirical LM/sparse ranges reported separately,h,16,"[16.0,16.0,16.0,16.0,16.0,16.0]",3,0,inactive_fraction,seed0_l3_sae_k16_s1,P9,READ,10000,experiment_v1_4/evidence/P9/v1_4_p9_evaluation_return_1790842429996719913.zip::sae/runs/seed0_l3_sae_k16_s1/semantic.json,1,val,h reconstruction,sae,0.640625
,,,fidelity,76d86f1a83bde7f8f6389684cd2a3913c923e21ccfbe42e40d3255385a9982b1,,,point estimate; empirical LM/sparse ranges reported separately,h,16,"[16.0,16.0,16.0,16.0,16.0,16.0]",3,0,inactive_count,seed0_l3_sae_k16_s1,P9,READ,10000,experiment_v1_4/evidence/P9/v1_4_p9_evaluation_return_1790842429996719913.zip::sae/runs/seed0_l3_sae_k16_s1/semantic.json,1,val,h reconstruction,sae,328
,,,fidelity,76d86f1a83bde7f8f6389684cd2a3913c923e21ccfbe42e40d3255385a9982b1,,,point estimate; empirical LM/sparse ranges reported separately,h,16,"[16.0,16.0,16.0,16.0,16.0,16.0]",3,0,l0_mean,seed0_l3_sae_k16_s1,P9,READ,10000,experiment_v1_4/evidence/P9/v1_4_p9_evaluation_return_1790842429996719913.zip::sae/runs/seed0_l3_sae_k16_s1/semantic.json,1,val,h reconstruction,sae,16.0
,,,fidelity,76d86f1a83bde7f8f6389684cd2a3913c923e21ccfbe42e40d3255385a9982b1,,,point estimate; empirical LM/sparse ranges reported separately,h,16,"[16.0,16.0,16.0,16.0,16.0,16.0]",3,0,l0_median,seed0_l3_sae_k16_s1,P9,READ,10000,experiment_v1_4/evidence/P9/v1_4_p9_evaluation_return_1790842429996719913.zip::sae/runs/seed0_l3_sae_k16_s1/semantic.json,1,val,h reconstruction,sae,16.0
,,,fidelity,76d86f1a83bde7f8f6389684cd2a3913c923e21ccfbe42e40d3255385a9982b1,,,point estimate; empirical LM/sparse ranges reported separately,h,16,"[16.0,16.0,16.0,16.0,16.0,16.0]",3,0,dead_fraction,seed0_l3_sae_k16_s1,P9,READ,10000,experiment_v1_4/evidence/P9/v1_4_p9_evaluation_return_1790842429996719913.zip::sae/runs/seed0_l3_sae_k16_s1/semantic.json,1,val,h reconstruction,sae,0.5703125
,,,fidelity,76d86f1a83bde7f8f6389684cd2a3913c923e21ccfbe42e40d3255385a9982b1,,,point estimate; empirical LM/sparse ranges reported separately,h,16,"[16.0,16.0,16.0,16.0,16.0,16.0]",3,0,mse,seed0_l3_sae_k16_s1,P9,READ,20000,experiment_v1_4/evidence/P9/v1_4_p9_evaluation_return_1790842429996719913.zip::sae/runs/seed0_l3_sae_k16_s1/semantic.json,1,test,h reconstruction,sae,0.004815004856331905
,,,fidelity,76d86f1a83bde7f8f6389684cd2a3913c923e21ccfbe42e40d3255385a9982b1,,,point estimate; empirical LM/sparse ranges reported separately,h,16,"[16.0,16.0,16.0,16.0,16.0,16.0]",3,0,nmse,seed0_l3_sae_k16_s1,P9,READ,20000,experiment_v1_4/evidence/P9/v1_4_p9_evaluation_return_1790842429996719913.zip::sae/runs/seed0_l3_sae_k16_s1/semantic.json,1,test,h reconstruction,sae,0.004801826362251279
,,,fidelity,76d86f1a83bde7f8f6389684cd2a3913c923e21ccfbe42e40d3255385a9982b1,,,point estimate; empirical LM/sparse ranges reported separately,h,16,"[16.0,16.0,16.0,16.0,16.0,16.0]",3,0,r2,seed0_l3_sae_k16_s1,P9,READ,20000,experiment_v1_4/evidence/P9/v1_4_p9_evaluation_return_1790842429996719913.zip::sae/runs/seed0_l3_sae_k16_s1/semantic.json,1,test,h reconstruction,sae,0.9951979744683638
,,,fidelity,76d86f1a83bde7f8f6389684cd2a3913c923e21ccfbe42e40d3255385a9982b1,,,point estimate; empirical LM/sparse ranges reported separately,h,16,"[16.0,16.0,16.0,16.0,16.0,16.0]",3,0,ev,seed0_l3_sae_k16_s1,P9,READ,20000,experiment_v1_4/evidence/P9/v1_4_p9_evaluation_return_1790842429996719913.zip::sae/runs/seed0_l3_sae_k16_s1/semantic.json,1,test,h reconstruction,sae,0.9952211526928736
,,,fidelity,76d86f1a83bde7f8f6389684cd2a3913c923e21ccfbe42e40d3255385a9982b1,,,point estimate; empirical LM/sparse ranges reported separately,h,16,"[16.0,16.0,16.0,16.0,16.0,16.0]",3,0,inactive_fraction,seed0_l3_sae_k16_s1,P9,READ,20000,experiment_v1_4/evidence/P9/v1_4_p9_evaluation_return_1790842429996719913.zip::sae/runs/seed0_l3_sae_k16_s1/semantic.json,1,test,h reconstruction,sae,0.6171875
,,,fidelity,76d86f1a83bde7f8f6389684cd2a3913c923e21ccfbe42e40d3255385a9982b1,,,point estimate; empirical LM/sparse ranges reported separately,h,16,"[16.0,16.0,16.0,16.0,16.0,16.0]",3,0,inactive_count,seed0_l3_sae_k16_s1,P9,READ,20000,experiment_v1_4/evidence/P9/v1_4_p9_evaluation_return_1790842429996719913.zip::sae/runs/seed0_l3_sae_k16_s1/semantic.json,1,test,h reconstruction,sae,316
,,,fidelity,76d86f1a83bde7f8f6389684cd2a3913c923e21ccfbe42e40d3255385a9982b1,,,point estimate; empirical LM/sparse ranges reported separately,h,16,"[16.0,16.0,16.0,16.0,16.0,16.0]",3,0,l0_mean,seed0_l3_sae_k16_s1,P9,READ,20000,experiment_v1_4/evidence/P9/v1_4_p9_evaluation_return_1790842429996719913.zip::sae/runs/seed0_l3_sae_k16_s1/semantic.json,1,test,h reconstruction,sae,16.0
,,,fidelity,76d86f1a83bde7f8f6389684cd2a3913c923e21ccfbe42e40d3255385a9982b1,,,point estimate; empirical LM/sparse ranges reported separately,h,16,"[16.0,16.0,16.0,16.0,16.0,16.0]",3,0,l0_median,seed0_l3_sae_k16_s1,P9,READ,20000,experiment_v1_4/evidence/P9/v1_4_p9_evaluation_return_1790842429996719913.zip::sae/runs/seed0_l3_sae_k16_s1/semantic.json,1,test,h reconstruction,sae,16.0
,,,fidelity,76d86f1a83bde7f8f6389684cd2a3913c923e21ccfbe42e40d3255385a9982b1,,,point estimate; empirical LM/sparse ranges reported separately,h,16,"[16.0,16.0,16.0,16.0,16.0,16.0]",3,0,dead_fraction,seed0_l3_sae_k16_s1,P9,READ,20000,experiment_v1_4/evidence/P9/v1_4_p9_evaluation_return_1790842429996719913.zip::sae/runs/seed0_l3_sae_k16_s1/semantic.json,1,test,h reconstruction,sae,0.5703125
1000,13003994005439828422,1000,replacement,76d86f1a83bde7f8f6389684cd2a3913c923e21ccfbe42e40d3255385a9982b1,0.0006487252454921654,0.00018332023588563118,,h,16,,3,0,original_ce,seed0_l3_sae_k16_s1,P9,READ,2048,experiment_v1_4/evidence/P9/v1_4_p9_evaluation_return_1790842429996719913.zip::sae/runs/seed0_l3_sae_k16_s1/summary.json,1,behavior_test,h reconstruction,sae,0.00037435924538775645
1000,13003994005439828422,1000,replacement,76d86f1a83bde7f8f6389684cd2a3913c923e21ccfbe42e40d3255385a9982b1,0.0006517957921767957,0.000170503824286794,,h,16,,3,0,patched_ce,seed0_l3_sae_k16_s1,P9,READ,2048,experiment_v1_4/evidence/P9/v1_4_p9_evaluation_return_1790842429996719913.zip::sae/runs/seed0_l3_sae_k16_s1/summary.json,1,behavior_test,h reconstruction,sae,0.0003654807512079028
1000,13003994005439828422,1000,replacement,76d86f1a83bde7f8f6389684cd2a3913c923e21ccfbe42e40d3255385a9982b1,3.199075439395681e-05,-5.1563073477012276e-05,,h,16,,3,0,delta_ce,seed0_l3_sae_k16_s1,P9,READ,2048,experiment_v1_4/evidence/P9/v1_4_p9_evaluation_return_1790842429996719913.zip::sae/runs/seed0_l3_sae_k16_s1/summary.json,1,behavior_test,h reconstruction,sae,-8.878494179853647e-06
1000,13003994005439828422,1000,replacement,76d86f1a83bde7f8f6389684cd2a3913c923e21ccfbe42e40d3255385a9982b1,1.0,1.0,,h,16,,3,0,original_accuracy,seed0_l3_sae_k16_s1,P9,READ,2048,experiment_v1_4/evidence/P9/v1_4_p9_evaluation_return_1790842429996719913.zip::sae/runs/seed0_l3_sae_k16_s1/summary.json,1,behavior_test,h reconstruction,sae,1.0
1000,13003994005439828422,1000,replacement,76d86f1a83bde7f8f6389684cd2a3913c923e21ccfbe42e40d3255385a9982b1,1.0,1.0,,h,16,,3,0,patched_accuracy,seed0_l3_sae_k16_s1,P9,READ,2048,experiment_v1_4/evidence/P9/v1_4_p9_evaluation_return_1790842429996719913.zip::sae/runs/seed0_l3_sae_k16_s1/summary.json,1,behavior_test,h reconstruction,sae,1.0
1000,13003994005439828422,1000,replacement,76d86f1a83bde7f8f6389684cd2a3913c923e21ccfbe42e40d3255385a9982b1,0.0,0.0,,h,16,,3,0,delta_accuracy,seed0_l3_sae_k16_s1,P9,READ,2048,experiment_v1_4/evidence/P9/v1_4_p9_evaluation_return_1790842429996719913.zip::sae/runs/seed0_l3_sae_k16_s1/summary.json,1,behavior_test,h reconstruction,sae,0.0
,,,fidelity,76d86f1a83bde7f8f6389684cd2a3913c923e21ccfbe42e40d3255385a9982b1,,,point estimate; empirical LM/sparse ranges reported separately,h,4,"[4.0,4.0,4.0,4.0,4.0,4.0]",7,0,mse,seed0_l7_sae_k4_s1,P9,READ,50000,experiment_v1_4/evidence/P9/v1_4_p9_evaluation_return_1790842429996719913.zip::sae/runs/seed0_l7_sae_k4_s1/semantic.json,1,train,h reconstruction,sae,0.03531906599313625
,,,fidelity,76d86f1a83bde7f8f6389684cd2a3913c923e21ccfbe42e40d3255385a9982b1,,,point estimate; empirical LM/sparse ranges reported separately,h,4,"[4.0,4.0,4.0,4.0,4.0,4.0]",7,0,nmse,seed0_l7_sae_k4_s1,P9,READ,50000,experiment_v1_4/evidence/P9/v1_4_p9_evaluation_return_1790842429996719913.zip::sae/runs/seed0_l7_sae_k4_s1/semantic.json,1,train,h reconstruction,sae,0.03531906609852953
,,,fidelity,76d86f1a83bde7f8f6389684cd2a3913c923e21ccfbe42e40d3255385a9982b1,,,point estimate; empirical LM/sparse ranges reported separately,h,4,"[4.0,4.0,4.0,4.0,4.0,4.0]",7,0,r2,seed0_l7_sae_k4_s1,P9,READ,50000,experiment_v1_4/evidence/P9/v1_4_p9_evaluation_return_1790842429996719913.zip::sae/runs/seed0_l7_sae_k4_s1/semantic.json,1,train,h reconstruction,sae,0.9646809339014705
,,,fidelity,76d86f1a83bde7f8f6389684cd2a3913c923e21ccfbe42e40d3255385a9982b1,,,point estimate; empirical LM/sparse ranges reported separately,h,4,"[4.0,4.0,4.0,4.0,4.0,4.0]",7,0,ev,seed0_l7_sae_k4_s1,P9,READ,50000,experiment_v1_4/evidence/P9/v1_4_p9_evaluation_return_1790842429996719913.zip::sae/runs/seed0_l7_sae_k4_s1/semantic.json,1,train,h reconstruction,sae,0.9647154198473683
,,,fidelity,76d86f1a83bde7f8f6389684cd2a3913c923e21ccfbe42e40d3255385a9982b1,,,point estimate; empirical LM/sparse ranges reported separately,h,4,"[4.0,4.0,4.0,4.0,4.0,4.0]",7,0,inactive_fraction,seed0_l7_sae_k4_s1,P9,READ,50000,experiment_v1_4/evidence/P9/v1_4_p9_evaluation_return_1790842429996719913.zip::sae/runs/seed0_l7_sae_k4_s1/semantic.json,1,train,h reconstruction,sae,0.802734375
,,,fidelity,76d86f1a83bde7f8f6389684cd2a3913c923e21ccfbe42e40d3255385a9982b1,,,point estimate; empirical LM/sparse ranges reported separately,h,4,"[4.0,4.0,4.0,4.0,4.0,4.0]",7,0,inactive_count,seed0_l7_sae_k4_s1,P9,READ,50000,experiment_v1_4/evidence/P9/v1_4_p9_evaluation_return_1790842429996719913.zip::sae/runs/seed0_l7_sae_k4_s1/semantic.json,1,train,h reconstruction,sae,411
,,,fidelity,76d86f1a83bde7f8f6389684cd2a3913c923e21ccfbe42e40d3255385a9982b1,,,point estimate; empirical LM/sparse ranges reported separately,h,4,"[4.0,4.0,4.0,4.0,4.0,4.0]",7,0,l0_mean,seed0_l7_sae_k4_s1,P9,READ,50000,experiment_v1_4/evidence/P9/v1_4_p9_evaluation_return_1790842429996719913.zip::sae/runs/seed0_l7_sae_k4_s1/semantic.json,1,train,h reconstruction,sae,4.0
,,,fidelity,76d86f1a83bde7f8f6389684cd2a3913c923e21ccfbe42e40d3255385a9982b1,,,point estimate; empirical LM/sparse ranges reported separately,h,4,"[4.0,4.0,4.0,4.0,4.0,4.0]",7,0,l0_median,seed0_l7_sae_k4_s1,P9,READ,50000,experiment_v1_4/evidence/P9/v1_4_p9_evaluation_return_1790842429996719913.zip::sae/runs/seed0_l7_sae_k4_s1/semantic.json,1,train,h reconstruction,sae,4.0
,,,fidelity,76d86f1a83bde7f8f6389684cd2a3913c923e21ccfbe42e40d3255385a9982b1,,,point estimate; empirical LM/sparse ranges reported separately,h,4,"[4.0,4.0,4.0,4.0,4.0,4.0]",7,0,dead_fraction,seed0_l7_sae_k4_s1,P9,READ,50000,experiment_v1_4/evidence/P9/v1_4_p9_evaluation_return_1790842429996719913.zip::sae/runs/seed0_l7_sae_k4_s1/semantic.json,1,train,h reconstruction,sae,0.802734375
,,,fidelity,76d86f1a83bde7f8f6389684cd2a3913c923e21ccfbe42e40d3255385a9982b1,,,point estimate; empirical LM/sparse ranges reported separately,h,4,"[4.0,4.0,4.0,4.0,4.0,4.0]",7,0,mse,seed0_l7_sae_k4_s1,P9,READ,10000,experiment_v1_4/evidence/P9/v1_4_p9_evaluation_return_1790842429996719913.zip::sae/runs/seed0_l7_sae_k4_s1/semantic.json,1,val,h reconstruction,sae,0.0358265977323526
,,,fidelity,76d86f1a83bde7f8f6389684cd2a3913c923e21ccfbe42e40d3255385a9982b1,,,point estimate; empirical LM/sparse ranges reported separately,h,4,"[4.0,4.0,4.0,4.0,4.0,4.0]",7,0,nmse,seed0_l7_sae_k4_s1,P9,READ,10000,experiment_v1_4/evidence/P9/v1_4_p9_evaluation_return_1790842429996719913.zip::sae/runs/seed0_l7_sae_k4_s1/semantic.json,1,val,h reconstruction,sae,0.03586853625016441
,,,fidelity,76d86f1a83bde7f8f6389684cd2a3913c923e21ccfbe42e40d3255385a9982b1,,,point estimate; empirical LM/sparse ranges reported separately,h,4,"[4.0,4.0,4.0,4.0,4.0,4.0]",7,0,r2,seed0_l7_sae_k4_s1,P9,READ,10000,experiment_v1_4/evidence/P9/v1_4_p9_evaluation_return_1790842429996719913.zip::sae/runs/seed0_l7_sae_k4_s1/semantic.json,1,val,h reconstruction,sae,0.9641227093605588
,,,fidelity,76d86f1a83bde7f8f6389684cd2a3913c923e21ccfbe42e40d3255385a9982b1,,,point estimate; empirical LM/sparse ranges reported separately,h,4,"[4.0,4.0,4.0,4.0,4.0,4.0]",7,0,ev,seed0_l7_sae_k4_s1,P9,READ,10000,experiment_v1_4/evidence/P9/v1_4_p9_evaluation_return_1790842429996719913.zip::sae/runs/seed0_l7_sae_k4_s1/semantic.json,1,val,h reconstruction,sae,0.9641701224367337
,,,fidelity,76d86f1a83bde7f8f6389684cd2a3913c923e21ccfbe42e40d3255385a9982b1,,,point estimate; empirical LM/sparse ranges reported separately,h,4,"[4.0,4.0,4.0,4.0,4.0,4.0]",7,0,inactive_fraction,seed0_l7_sae_k4_s1,P9,READ,10000,experiment_v1_4/evidence/P9/v1_4_p9_evaluation_return_1790842429996719913.zip::sae/runs/seed0_l7_sae_k4_s1/semantic.json,1,val,h reconstruction,sae,0.841796875
,,,fidelity,76d86f1a83bde7f8f6389684cd2a3913c923e21ccfbe42e40d3255385a9982b1,,,point estimate; empirical LM/sparse ranges reported separately,h,4,"[4.0,4.0,4.0,4.0,4.0,4.0]",7,0,inactive_count,seed0_l7_sae_k4_s1,P9,READ,10000,experiment_v1_4/evidence/P9/v1_4_p9_evaluation_return_1790842429996719913.zip::sae/runs/seed0_l7_sae_k4_s1/semantic.json,1,val,h reconstruction,sae,431
,,,fidelity,76d86f1a83bde7f8f6389684cd2a3913c923e21ccfbe42e40d3255385a9982b1,,,point estimate; empirical LM/sparse ranges reported separately,h,4,"[4.0,4.0,4.0,4.0,4.0,4.0]",7,0,l0_mean,seed0_l7_sae_k4_s1,P9,READ,10000,experiment_v1_4/evidence/P9/v1_4_p9_evaluation_return_1790842429996719913.zip::sae/runs/seed0_l7_sae_k4_s1/semantic.json,1,val,h reconstruction,sae,4.0
,,,fidelity,76d86f1a83bde7f8f6389684cd2a3913c923e21ccfbe42e40d3255385a9982b1,,,point estimate; empirical LM/sparse ranges reported separately,h,4,"[4.0,4.0,4.0,4.0,4.0,4.0]",7,0,l0_median,seed0_l7_sae_k4_s1,P9,READ,10000,experiment_v1_4/evidence/P9/v1_4_p9_evaluation_return_1790842429996719913.zip::sae/runs/seed0_l7_sae_k4_s1/semantic.json,1,val,h reconstruction,sae,4.0
,,,fidelity,76d86f1a83bde7f8f6389684cd2a3913c923e21ccfbe42e40d3255385a9982b1,,,point estimate; empirical LM/sparse ranges reported separately,h,4,"[4.0,4.0,4.0,4.0,4.0,4.0]",7,0,dead_fraction,seed0_l7_sae_k4_s1,P9,READ,10000,experiment_v1_4/evidence/P9/v1_4_p9_evaluation_return_1790842429996719913.zip::sae/runs/seed0_l7_sae_k4_s1/semantic.json,1,val,h reconstruction,sae,0.802734375
,,,fidelity,76d86f1a83bde7f8f6389684cd2a3913c923e21ccfbe42e40d3255385a9982b1,,,point estimate; empirical LM/sparse ranges reported separately,h,4,"[4.0,4.0,4.0,4.0,4.0,4.0]",7,0,mse,seed0_l7_sae_k4_s1,P9,READ,20000,experiment_v1_4/evidence/P9/v1_4_p9_evaluation_return_1790842429996719913.zip::sae/runs/seed0_l7_sae_k4_s1/semantic.json,1,test,h reconstruction,sae,0.03557760219567181
,,,fidelity,76d86f1a83bde7f8f6389684cd2a3913c923e21ccfbe42e40d3255385a9982b1,,,point estimate; empirical LM/sparse ranges reported separately,h,4,"[4.0,4.0,4.0,4.0,4.0,4.0]",7,0,nmse,seed0_l7_sae_k4_s1,P9,READ,20000,experiment_v1_4/evidence/P9/v1_4_p9_evaluation_return_1790842429996719913.zip::sae/runs/seed0_l7_sae_k4_s1/semantic.json,1,test,h reconstruction,sae,0.035537150609706115
,,,fidelity,76d86f1a83bde7f8f6389684cd2a3913c923e21ccfbe42e40d3255385a9982b1,,,point estimate; empirical LM/sparse ranges reported separately,h,4,"[4.0,4.0,4.0,4.0,4.0,4.0]",7,0,r2,seed0_l7_sae_k4_s1,P9,READ,20000,experiment_v1_4/evidence/P9/v1_4_p9_evaluation_return_1790842429996719913.zip::sae/runs/seed0_l7_sae_k4_s1/semantic.json,1,test,h reconstruction,sae,0.9644618418585041
,,,fidelity,76d86f1a83bde7f8f6389684cd2a3913c923e21ccfbe42e40d3255385a9982b1,,,point estimate; empirical LM/sparse ranges reported separately,h,4,"[4.0,4.0,4.0,4.0,4.0,4.0]",7,0,ev,seed0_l7_sae_k4_s1,P9,READ,20000,experiment_v1_4/evidence/P9/v1_4_p9_evaluation_return_1790842429996719913.zip::sae/runs/seed0_l7_sae_k4_s1/semantic.json,1,test,h reconstruction,sae,0.964498800524062
,,,fidelity,76d86f1a83bde7f8f6389684cd2a3913c923e21ccfbe42e40d3255385a9982b1,,,point estimate; empirical LM/sparse ranges reported separately,h,4,"[4.0,4.0,4.0,4.0,4.0,4.0]",7,0,inactive_fraction,seed0_l7_sae_k4_s1,P9,READ,20000,experiment_v1_4/evidence/P9/v1_4_p9_evaluation_return_1790842429996719913.zip::sae/runs/seed0_l7_sae_k4_s1/semantic.json,1,test,h reconstruction,sae,0.8125
,,,fidelity,76d86f1a83bde7f8f6389684cd2a3913c923e21ccfbe42e40d3255385a9982b1,,,point estimate; empirical LM/sparse ranges reported separately,h,4,"[4.0,4.0,4.0,4.0,4.0,4.0]",7,0,inactive_count,seed0_l7_sae_k4_s1,P9,READ,20000,experiment_v1_4/evidence/P9/v1_4_p9_evaluation_return_1790842429996719913.zip::sae/runs/seed0_l7_sae_k4_s1/semantic.json,1,test,h reconstruction,sae,416
,,,fidelity,76d86f1a83bde7f8f6389684cd2a3913c923e21ccfbe42e40d3255385a9982b1,,,point estimate; empirical LM/sparse ranges reported separately,h,4,"[4.0,4.0,4.0,4.0,4.0,4.0]",7,0,l0_mean,seed0_l7_sae_k4_s1,P9,READ,20000,experiment_v1_4/evidence/P9/v1_4_p9_evaluation_return_1790842429996719913.zip::sae/runs/seed0_l7_sae_k4_s1/semantic.json,1,test,h reconstruction,sae,4.0
,,,fidelity,76d86f1a83bde7f8f6389684cd2a3913c923e21ccfbe42e40d3255385a9982b1,,,point estimate; empirical LM/sparse ranges reported separately,h,4,"[4.0,4.0,4.0,4.0,4.0,4.0]",7,0,l0_median,seed0_l7_sae_k4_s1,P9,READ,20000,experiment_v1_4/evidence/P9/v1_4_p9_evaluation_return_1790842429996719913.zip::sae/runs/seed0_l7_sae_k4_s1/semantic.json,1,test,h reconstruction,sae,4.0
,,,fidelity,76d86f1a83bde7f8f6389684cd2a3913c923e21ccfbe42e40d3255385a9982b1,,,point estimate; empirical LM/sparse ranges reported separately,h,4,"[4.0,4.0,4.0,4.0,4.0,4.0]",7,0,dead_fraction,seed0_l7_sae_k4_s1,P9,READ,20000,experiment_v1_4/evidence/P9/v1_4_p9_evaluation_return_1790842429996719913.zip::sae/runs/seed0_l7_sae_k4_s1/semantic.json,1,test,h reconstruction,sae,0.802734375
1000,17851667456523253793,1000,replacement,76d86f1a83bde7f8f6389684cd2a3913c923e21ccfbe42e40d3255385a9982b1,0.0006213014697071139,0.00017038042321200765,,h,4,,7,0,original_ce,seed0_l7_sae_k4_s1,P9,READ,2048,experiment_v1_4/evidence/P9/v1_4_p9_evaluation_return_1790842429996719913.zip::sae/runs/seed0_l7_sae_k4_s1/summary.json,1,behavior_test,h reconstruction,sae,0.00037435924538775645
1000,17851667456523253793,1000,replacement,76d86f1a83bde7f8f6389684cd2a3913c923e21ccfbe42e40d3255385a9982b1,0.0010124761438088492,0.0002152360715966306,,h,4,,7,0,patched_ce,seed0_l7_sae_k4_s1,P9,READ,2048,experiment_v1_4/evidence/P9/v1_4_p9_evaluation_return_1790842429996719913.zip::sae/runs/seed0_l7_sae_k4_s1/summary.json,1,behavior_test,h reconstruction,sae,0.0005582823790137859
1000,17851667456523253793,1000,replacement,76d86f1a83bde7f8f6389684cd2a3913c923e21ccfbe42e40d3255385a9982b1,0.0006022527810341571,-0.0001628835676827589,,h,4,,7,0,delta_ce,seed0_l7_sae_k4_s1,P9,READ,2048,experiment_v1_4/evidence/P9/v1_4_p9_evaluation_return_1790842429996719913.zip::sae/runs/seed0_l7_sae_k4_s1/summary.json,1,behavior_test,h reconstruction,sae,0.00018392313476778277
1000,17851667456523253793,1000,replacement,76d86f1a83bde7f8f6389684cd2a3913c923e21ccfbe42e40d3255385a9982b1,1.0,1.0,,h,4,,7,0,original_accuracy,seed0_l7_sae_k4_s1,P9,READ,2048,experiment_v1_4/evidence/P9/v1_4_p9_evaluation_return_1790842429996719913.zip::sae/runs/seed0_l7_sae_k4_s1/summary.json,1,behavior_test,h reconstruction,sae,1.0
1000,17851667456523253793,1000,replacement,76d86f1a83bde7f8f6389684cd2a3913c923e21ccfbe42e40d3255385a9982b1,1.0,1.0,,h,4,,7,0,patched_accuracy,seed0_l7_sae_k4_s1,P9,READ,2048,experiment_v1_4/evidence/P9/v1_4_p9_evaluation_return_1790842429996719913.zip::sae/runs/seed0_l7_sae_k4_s1/summary.json,1,behavior_test,h reconstruction,sae,1.0
1000,17851667456523253793,1000,replacement,76d86f1a83bde7f8f6389684cd2a3913c923e21ccfbe42e40d3255385a9982b1,0.0,0.0,,h,4,,7,0,delta_accuracy,seed0_l7_sae_k4_s1,P9,READ,2048,experiment_v1_4/evidence/P9/v1_4_p9_evaluation_return_1790842429996719913.zip::sae/runs/seed0_l7_sae_k4_s1/summary.json,1,behavior_test,h reconstruction,sae,0.0
,,,fidelity,76d86f1a83bde7f8f6389684cd2a3913c923e21ccfbe42e40d3255385a9982b1,,,point estimate; empirical LM/sparse ranges reported separately,h,16,"[16.0,16.0,16.0,16.0,16.0,16.0]",7,0,mse,seed0_l7_sae_k16_s1,P9,READ,50000,experiment_v1_4/evidence/P9/v1_4_p9_evaluation_return_1790842429996719913.zip::sae/runs/seed0_l7_sae_k16_s1/semantic.json,1,train,h reconstruction,sae,0.007700999237158419
,,,fidelity,76d86f1a83bde7f8f6389684cd2a3913c923e21ccfbe42e40d3255385a9982b1,,,point estimate; empirical LM/sparse ranges reported separately,h,16,"[16.0,16.0,16.0,16.0,16.0,16.0]",7,0,nmse,seed0_l7_sae_k16_s1,P9,READ,50000,experiment_v1_4/evidence/P9/v1_4_p9_evaluation_return_1790842429996719913.zip::sae/runs/seed0_l7_sae_k16_s1/semantic.json,1,train,h reconstruction,sae,0.0077009992601384586
,,,fidelity,76d86f1a83bde7f8f6389684cd2a3913c923e21ccfbe42e40d3255385a9982b1,,,point estimate; empirical LM/sparse ranges reported separately,h,16,"[16.0,16.0,16.0,16.0,16.0,16.0]",7,0,r2,seed0_l7_sae_k16_s1,P9,READ,50000,experiment_v1_4/evidence/P9/v1_4_p9_evaluation_return_1790842429996719913.zip::sae/runs/seed0_l7_sae_k16_s1/semantic.json,1,train,h reconstruction,sae,0.9922990007398615
,,,fidelity,76d86f1a83bde7f8f6389684cd2a3913c923e21ccfbe42e40d3255385a9982b1,,,point estimate; empirical LM/sparse ranges reported separately,h,16,"[16.0,16.0,16.0,16.0,16.0,16.0]",7,0,ev,seed0_l7_sae_k16_s1,P9,READ,50000,experiment_v1_4/evidence/P9/v1_4_p9_evaluation_return_1790842429996719913.zip::sae/runs/seed0_l7_sae_k16_s1/semantic.json,1,train,h reconstruction,sae,0.9923387210264653
,,,fidelity,76d86f1a83bde7f8f6389684cd2a3913c923e21ccfbe42e40d3255385a9982b1,,,point estimate; empirical LM/sparse ranges reported separately,h,16,"[16.0,16.0,16.0,16.0,16.0,16.0]",7,0,inactive_fraction,seed0_l7_sae_k16_s1,P9,READ,50000,experiment_v1_4/evidence/P9/v1_4_p9_evaluation_return_1790842429996719913.zip::sae/runs/seed0_l7_sae_k16_s1/semantic.json,1,train,h reconstruction,sae,0.548828125
,,,fidelity,76d86f1a83bde7f8f6389684cd2a3913c923e21ccfbe42e40d3255385a9982b1,,,point estimate; empirical LM/sparse ranges reported separately,h,16,"[16.0,16.0,16.0,16.0,16.0,16.0]",7,0,inactive_count,seed0_l7_sae_k16_s1,P9,READ,50000,experiment_v1_4/evidence/P9/v1_4_p9_evaluation_return_1790842429996719913.zip::sae/runs/seed0_l7_sae_k16_s1/semantic.json,1,train,h reconstruction,sae,281
,,,fidelity,76d86f1a83bde7f8f6389684cd2a3913c923e21ccfbe42e40d3255385a9982b1,,,point estimate; empirical LM/sparse ranges reported separately,h,16,"[16.0,16.0,16.0,16.0,16.0,16.0]",7,0,l0_mean,seed0_l7_sae_k16_s1,P9,READ,50000,experiment_v1_4/evidence/P9/v1_4_p9_evaluation_return_1790842429996719913.zip::sae/runs/seed0_l7_sae_k16_s1/semantic.json,1,train,h reconstruction,sae,16.0
,,,fidelity,76d86f1a83bde7f8f6389684cd2a3913c923e21ccfbe42e40d3255385a9982b1,,,point estimate; empirical LM/sparse ranges reported separately,h,16,"[16.0,16.0,16.0,16.0,16.0,16.0]",7,0,l0_median,seed0_l7_sae_k16_s1,P9,READ,50000,experiment_v1_4/evidence/P9/v1_4_p9_evaluation_return_1790842429996719913.zip::sae/runs/seed0_l7_sae_k16_s1/semantic.json,1,train,h reconstruction,sae,16.0
,,,fidelity,76d86f1a83bde7f8f6389684cd2a3913c923e21ccfbe42e40d3255385a9982b1,,,point estimate; empirical LM/sparse ranges reported separately,h,16,"[16.0,16.0,16.0,16.0,16.0,16.0]",7,0,dead_fraction,seed0_l7_sae_k16_s1,P9,READ,50000,experiment_v1_4/evidence/P9/v1_4_p9_evaluation_return_1790842429996719913.zip::sae/runs/seed0_l7_sae_k16_s1/semantic.json,1,train,h reconstruction,sae,0.548828125
,,,fidelity,76d86f1a83bde7f8f6389684cd2a3913c923e21ccfbe42e40d3255385a9982b1,,,point estimate; empirical LM/sparse ranges reported separately,h,16,"[16.0,16.0,16.0,16.0,16.0,16.0]",7,0,mse,seed0_l7_sae_k16_s1,P9,READ,10000,experiment_v1_4/evidence/P9/v1_4_p9_evaluation_return_1790842429996719913.zip::sae/runs/seed0_l7_sae_k16_s1/semantic.json,1,val,h reconstruction,sae,0.007977189072046715
,,,fidelity,76d86f1a83bde7f8f6389684cd2a3913c923e21ccfbe42e40d3255385a9982b1,,,point estimate; empirical LM/sparse ranges reported separately,h,16,"[16.0,16.0,16.0,16.0,16.0,16.0]",7,0,nmse,seed0_l7_sae_k16_s1,P9,READ,10000,experiment_v1_4/evidence/P9/v1_4_p9_evaluation_return_1790842429996719913.zip::sae/runs/seed0_l7_sae_k16_s1/semantic.json,1,val,h reconstruction,sae,0.007986527147866403
,,,fidelity,76d86f1a83bde7f8f6389684cd2a3913c923e21ccfbe42e40d3255385a9982b1,,,point estimate; empirical LM/sparse ranges reported separately,h,16,"[16.0,16.0,16.0,16.0,16.0,16.0]",7,0,r2,seed0_l7_sae_k16_s1,P9,READ,10000,experiment_v1_4/evidence/P9/v1_4_p9_evaluation_return_1790842429996719913.zip::sae/runs/seed0_l7_sae_k16_s1/semantic.json,1,val,h reconstruction,sae,0.9920115235903312
,,,fidelity,76d86f1a83bde7f8f6389684cd2a3913c923e21ccfbe42e40d3255385a9982b1,,,point estimate; empirical LM/sparse ranges reported separately,h,16,"[16.0,16.0,16.0,16.0,16.0,16.0]",7,0,ev,seed0_l7_sae_k16_s1,P9,READ,10000,experiment_v1_4/evidence/P9/v1_4_p9_evaluation_return_1790842429996719913.zip::sae/runs/seed0_l7_sae_k16_s1/semantic.json,1,val,h reconstruction,sae,0.9920549231984617
,,,fidelity,76d86f1a83bde7f8f6389684cd2a3913c923e21ccfbe42e40d3255385a9982b1,,,point estimate; empirical LM/sparse ranges reported separately,h,16,"[16.0,16.0,16.0,16.0,16.0,16.0]",7,0,inactive_fraction,seed0_l7_sae_k16_s1,P9,READ,10000,experiment_v1_4/evidence/P9/v1_4_p9_evaluation_return_1790842429996719913.zip::sae/runs/seed0_l7_sae_k16_s1/semantic.json,1,val,h reconstruction,sae,0.6328125
,,,fidelity,76d86f1a83bde7f8f6389684cd2a3913c923e21ccfbe42e40d3255385a9982b1,,,point estimate; empirical LM/sparse ranges reported separately,h,16,"[16.0,16.0,16.0,16.0,16.0,16.0]",7,0,inactive_count,seed0_l7_sae_k16_s1,P9,READ,10000,experiment_v1_4/evidence/P9/v1_4_p9_evaluation_return_1790842429996719913.zip::sae/runs/seed0_l7_sae_k16_s1/semantic.json,1,val,h reconstruction,sae,324
,,,fidelity,76d86f1a83bde7f8f6389684cd2a3913c923e21ccfbe42e40d3255385a9982b1,,,point estimate; empirical LM/sparse ranges reported separately,h,16,"[16.0,16.0,16.0,16.0,16.0,16.0]",7,0,l0_mean,seed0_l7_sae_k16_s1,P9,READ,10000,experiment_v1_4/evidence/P9/v1_4_p9_evaluation_return_1790842429996719913.zip::sae/runs/seed0_l7_sae_k16_s1/semantic.json,1,val,h reconstruction,sae,16.0
,,,fidelity,76d86f1a83bde7f8f6389684cd2a3913c923e21ccfbe42e40d3255385a9982b1,,,point estimate; empirical LM/sparse ranges reported separately,h,16,"[16.0,16.0,16.0,16.0,16.0,16.0]",7,0,l0_median,seed0_l7_sae_k16_s1,P9,READ,10000,experiment_v1_4/evidence/P9/v1_4_p9_evaluation_return_1790842429996719913.zip::sae/runs/seed0_l7_sae_k16_s1/semantic.json,1,val,h reconstruction,sae,16.0
,,,fidelity,76d86f1a83bde7f8f6389684cd2a3913c923e21ccfbe42e40d3255385a9982b1,,,point estimate; empirical LM/sparse ranges reported separately,h,16,"[16.0,16.0,16.0,16.0,16.0,16.0]",7,0,dead_fraction,seed0_l7_sae_k16_s1,P9,READ,10000,experiment_v1_4/evidence/P9/v1_4_p9_evaluation_return_1790842429996719913.zip::sae/runs/seed0_l7_sae_k16_s1/semantic.json,1,val,h reconstruction,sae,0.548828125
,,,fidelity,76d86f1a83bde7f8f6389684cd2a3913c923e21ccfbe42e40d3255385a9982b1,,,point estimate; empirical LM/sparse ranges reported separately,h,16,"[16.0,16.0,16.0,16.0,16.0,16.0]",7,0,mse,seed0_l7_sae_k16_s1,P9,READ,20000,experiment_v1_4/evidence/P9/v1_4_p9_evaluation_return_1790842429996719913.zip::sae/runs/seed0_l7_sae_k16_s1/semantic.json,1,test,h reconstruction,sae,0.00779827122917106
,,,fidelity,76d86f1a83bde7f8f6389684cd2a3913c923e21ccfbe42e40d3255385a9982b1,,,point estimate; empirical LM/sparse ranges reported separately,h,16,"[16.0,16.0,16.0,16.0,16.0,16.0]",7,0,nmse,seed0_l7_sae_k16_s1,P9,READ,20000,experiment_v1_4/evidence/P9/v1_4_p9_evaluation_return_1790842429996719913.zip::sae/runs/seed0_l7_sae_k16_s1/semantic.json,1,test,h reconstruction,sae,0.0077894046271646715
,,,fidelity,76d86f1a83bde7f8f6389684cd2a3913c923e21ccfbe42e40d3255385a9982b1,,,point estimate; empirical LM/sparse ranges reported separately,h,16,"[16.0,16.0,16.0,16.0,16.0,16.0]",7,0,r2,seed0_l7_sae_k16_s1,P9,READ,20000,experiment_v1_4/evidence/P9/v1_4_p9_evaluation_return_1790842429996719913.zip::sae/runs/seed0_l7_sae_k16_s1/semantic.json,1,test,h reconstruction,sae,0.9922103745314721
,,,fidelity,76d86f1a83bde7f8f6389684cd2a3913c923e21ccfbe42e40d3255385a9982b1,,,point estimate; empirical LM/sparse ranges reported separately,h,16,"[16.0,16.0,16.0,16.0,16.0,16.0]",7,0,ev,seed0_l7_sae_k16_s1,P9,READ,20000,experiment_v1_4/evidence/P9/v1_4_p9_evaluation_return_1790842429996719913.zip::sae/runs/seed0_l7_sae_k16_s1/semantic.json,1,test,h reconstruction,sae,0.9922504115034139
,,,fidelity,76d86f1a83bde7f8f6389684cd2a3913c923e21ccfbe42e40d3255385a9982b1,,,point estimate; empirical LM/sparse ranges reported separately,h,16,"[16.0,16.0,16.0,16.0,16.0,16.0]",7,0,inactive_fraction,seed0_l7_sae_k16_s1,P9,READ,20000,experiment_v1_4/evidence/P9/v1_4_p9_evaluation_return_1790842429996719913.zip::sae/runs/seed0_l7_sae_k16_s1/semantic.json,1,test,h reconstruction,sae,0.59375
,,,fidelity,76d86f1a83bde7f8f6389684cd2a3913c923e21ccfbe42e40d3255385a9982b1,,,point estimate; empirical LM/sparse ranges reported separately,h,16,"[16.0,16.0,16.0,16.0,16.0,16.0]",7,0,inactive_count,seed0_l7_sae_k16_s1,P9,READ,20000,experiment_v1_4/evidence/P9/v1_4_p9_evaluation_return_1790842429996719913.zip::sae/runs/seed0_l7_sae_k16_s1/semantic.json,1,test,h reconstruction,sae,304
,,,fidelity,76d86f1a83bde7f8f6389684cd2a3913c923e21ccfbe42e40d3255385a9982b1,,,point estimate; empirical LM/sparse ranges reported separately,h,16,"[16.0,16.0,16.0,16.0,16.0,16.0]",7,0,l0_mean,seed0_l7_sae_k16_s1,P9,READ,20000,experiment_v1_4/evidence/P9/v1_4_p9_evaluation_return_1790842429996719913.zip::sae/runs/seed0_l7_sae_k16_s1/semantic.json,1,test,h reconstruction,sae,16.0
,,,fidelity,76d86f1a83bde7f8f6389684cd2a3913c923e21ccfbe42e40d3255385a9982b1,,,point estimate; empirical LM/sparse ranges reported separately,h,16,"[16.0,16.0,16.0,16.0,16.0,16.0]",7,0,l0_median,seed0_l7_sae_k16_s1,P9,READ,20000,experiment_v1_4/evidence/P9/v1_4_p9_evaluation_return_1790842429996719913.zip::sae/runs/seed0_l7_sae_k16_s1/semantic.json,1,test,h reconstruction,sae,16.0
,,,fidelity,76d86f1a83bde7f8f6389684cd2a3913c923e21ccfbe42e40d3255385a9982b1,,,point estimate; empirical LM/sparse ranges reported separately,h,16,"[16.0,16.0,16.0,16.0,16.0,16.0]",7,0,dead_fraction,seed0_l7_sae_k16_s1,P9,READ,20000,experiment_v1_4/evidence/P9/v1_4_p9_evaluation_return_1790842429996719913.zip::sae/runs/seed0_l7_sae_k16_s1/semantic.json,1,test,h reconstruction,sae,0.548828125
1000,13003994005439828422,1000,replacement,76d86f1a83bde7f8f6389684cd2a3913c923e21ccfbe42e40d3255385a9982b1,0.0006487252454921654,0.00018332023588563118,,h,16,,7,0,original_ce,seed0_l7_sae_k16_s1,P9,READ,2048,experiment_v1_4/evidence/P9/v1_4_p9_evaluation_return_1790842429996719913.zip::sae/runs/seed0_l7_sae_k16_s1/summary.json,1,behavior_test,h reconstruction,sae,0.00037435924538775645
1000,13003994005439828422,1000,replacement,76d86f1a83bde7f8f6389684cd2a3913c923e21ccfbe42e40d3255385a9982b1,0.0007876155016761752,0.0002027396922973268,,h,16,,7,0,patched_ce,seed0_l7_sae_k16_s1,P9,READ,2048,experiment_v1_4/evidence/P9/v1_4_p9_evaluation_return_1790842429996719913.zip::sae/runs/seed0_l7_sae_k16_s1/summary.json,1,behavior_test,h reconstruction,sae,0.0004527894241017627
1000,13003994005439828422,1000,replacement,76d86f1a83bde7f8f6389684cd2a3913c923e21ccfbe42e40d3255385a9982b1,0.0001900490495879314,-6.4254734746027595e-06,,h,16,,7,0,delta_ce,seed0_l7_sae_k16_s1,P9,READ,2048,experiment_v1_4/evidence/P9/v1_4_p9_evaluation_return_1790842429996719913.zip::sae/runs/seed0_l7_sae_k16_s1/summary.json,1,behavior_test,h reconstruction,sae,7.843017860031942e-05
1000,13003994005439828422,1000,replacement,76d86f1a83bde7f8f6389684cd2a3913c923e21ccfbe42e40d3255385a9982b1,1.0,1.0,,h,16,,7,0,original_accuracy,seed0_l7_sae_k16_s1,P9,READ,2048,experiment_v1_4/evidence/P9/v1_4_p9_evaluation_return_1790842429996719913.zip::sae/runs/seed0_l7_sae_k16_s1/summary.json,1,behavior_test,h reconstruction,sae,1.0
1000,13003994005439828422,1000,replacement,76d86f1a83bde7f8f6389684cd2a3913c923e21ccfbe42e40d3255385a9982b1,1.0,1.0,,h,16,,7,0,patched_accuracy,seed0_l7_sae_k16_s1,P9,READ,2048,experiment_v1_4/evidence/P9/v1_4_p9_evaluation_return_1790842429996719913.zip::sae/runs/seed0_l7_sae_k16_s1/summary.json,1,behavior_test,h reconstruction,sae,1.0
1000,13003994005439828422,1000,replacement,76d86f1a83bde7f8f6389684cd2a3913c923e21ccfbe42e40d3255385a9982b1,0.0,0.0,,h,16,,7,0,delta_accuracy,seed0_l7_sae_k16_s1,P9,READ,2048,experiment_v1_4/evidence/P9/v1_4_p9_evaluation_return_1790842429996719913.zip::sae/runs/seed0_l7_sae_k16_s1/summary.json,1,behavior_test,h reconstruction,sae,0.0
,,,fidelity,76d86f1a83bde7f8f6389684cd2a3913c923e21ccfbe42e40d3255385a9982b1,,,point estimate; empirical LM/sparse ranges reported separately,h,4,"[4.0,4.0,4.0,4.0,4.0,4.0]",11,0,mse,seed0_l11_sae_k4_s1,P9,READ,50000,experiment_v1_4/evidence/P9/v1_4_p9_evaluation_return_1790842429996719913.zip::sae/runs/seed0_l11_sae_k4_s1/semantic.json,1,train,h reconstruction,sae,0.029611701095121457
,,,fidelity,76d86f1a83bde7f8f6389684cd2a3913c923e21ccfbe42e40d3255385a9982b1,,,point estimate; empirical LM/sparse ranges reported separately,h,4,"[4.0,4.0,4.0,4.0,4.0,4.0]",11,0,nmse,seed0_l11_sae_k4_s1,P9,READ,50000,experiment_v1_4/evidence/P9/v1_4_p9_evaluation_return_1790842429996719913.zip::sae/runs/seed0_l11_sae_k4_s1/semantic.json,1,train,h reconstruction,sae,0.02961169957525317
,,,fidelity,76d86f1a83bde7f8f6389684cd2a3913c923e21ccfbe42e40d3255385a9982b1,,,point estimate; empirical LM/sparse ranges reported separately,h,4,"[4.0,4.0,4.0,4.0,4.0,4.0]",11,0,r2,seed0_l11_sae_k4_s1,P9,READ,50000,experiment_v1_4/evidence/P9/v1_4_p9_evaluation_return_1790842429996719913.zip::sae/runs/seed0_l11_sae_k4_s1/semantic.json,1,train,h reconstruction,sae,0.9703883004247469
,,,fidelity,76d86f1a83bde7f8f6389684cd2a3913c923e21ccfbe42e40d3255385a9982b1,,,point estimate; empirical LM/sparse ranges reported separately,h,4,"[4.0,4.0,4.0,4.0,4.0,4.0]",11,0,ev,seed0_l11_sae_k4_s1,P9,READ,50000,experiment_v1_4/evidence/P9/v1_4_p9_evaluation_return_1790842429996719913.zip::sae/runs/seed0_l11_sae_k4_s1/semantic.json,1,train,h reconstruction,sae,0.9704113635030802
,,,fidelity,76d86f1a83bde7f8f6389684cd2a3913c923e21ccfbe42e40d3255385a9982b1,,,point estimate; empirical LM/sparse ranges reported separately,h,4,"[4.0,4.0,4.0,4.0,4.0,4.0]",11,0,inactive_fraction,seed0_l11_sae_k4_s1,P9,READ,50000,experiment_v1_4/evidence/P9/v1_4_p9_evaluation_return_1790842429996719913.zip::sae/runs/seed0_l11_sae_k4_s1/semantic.json,1,train,h reconstruction,sae,0.8125
,,,fidelity,76d86f1a83bde7f8f6389684cd2a3913c923e21ccfbe42e40d3255385a9982b1,,,point estimate; empirical LM/sparse ranges reported separately,h,4,"[4.0,4.0,4.0,4.0,4.0,4.0]",11,0,inactive_count,seed0_l11_sae_k4_s1,P9,READ,50000,experiment_v1_4/evidence/P9/v1_4_p9_evaluation_return_1790842429996719913.zip::sae/runs/seed0_l11_sae_k4_s1/semantic.json,1,train,h reconstruction,sae,416
,,,fidelity,76d86f1a83bde7f8f6389684cd2a3913c923e21ccfbe42e40d3255385a9982b1,,,point estimate; empirical LM/sparse ranges reported separately,h,4,"[4.0,4.0,4.0,4.0,4.0,4.0]",11,0,l0_mean,seed0_l11_sae_k4_s1,P9,READ,50000,experiment_v1_4/evidence/P9/v1_4_p9_evaluation_return_1790842429996719913.zip::sae/runs/seed0_l11_sae_k4_s1/semantic.json,1,train,h reconstruction,sae,4.0
,,,fidelity,76d86f1a83bde7f8f6389684cd2a3913c923e21ccfbe42e40d3255385a9982b1,,,point estimate; empirical LM/sparse ranges reported separately,h,4,"[4.0,4.0,4.0,4.0,4.0,4.0]",11,0,l0_median,seed0_l11_sae_k4_s1,P9,READ,50000,experiment_v1_4/evidence/P9/v1_4_p9_evaluation_return_1790842429996719913.zip::sae/runs/seed0_l11_sae_k4_s1/semantic.json,1,train,h reconstruction,sae,4.0
,,,fidelity,76d86f1a83bde7f8f6389684cd2a3913c923e21ccfbe42e40d3255385a9982b1,,,point estimate; empirical LM/sparse ranges reported separately,h,4,"[4.0,4.0,4.0,4.0,4.0,4.0]",11,0,dead_fraction,seed0_l11_sae_k4_s1,P9,READ,50000,experiment_v1_4/evidence/P9/v1_4_p9_evaluation_return_1790842429996719913.zip::sae/runs/seed0_l11_sae_k4_s1/semantic.json,1,train,h reconstruction,sae,0.8125
,,,fidelity,76d86f1a83bde7f8f6389684cd2a3913c923e21ccfbe42e40d3255385a9982b1,,,point estimate; empirical LM/sparse ranges reported separately,h,4,"[4.0,4.0,4.0,4.0,4.0,4.0]",11,0,mse,seed0_l11_sae_k4_s1,P9,READ,10000,experiment_v1_4/evidence/P9/v1_4_p9_evaluation_return_1790842429996719913.zip::sae/runs/seed0_l11_sae_k4_s1/semantic.json,1,val,h reconstruction,sae,0.030201072676967054
,,,fidelity,76d86f1a83bde7f8f6389684cd2a3913c923e21ccfbe42e40d3255385a9982b1,,,point estimate; empirical LM/sparse ranges reported separately,h,4,"[4.0,4.0,4.0,4.0,4.0,4.0]",11,0,nmse,seed0_l11_sae_k4_s1,P9,READ,10000,experiment_v1_4/evidence/P9/v1_4_p9_evaluation_return_1790842429996719913.zip::sae/runs/seed0_l11_sae_k4_s1/semantic.json,1,val,h reconstruction,sae,0.030220031576727355
,,,fidelity,76d86f1a83bde7f8f6389684cd2a3913c923e21ccfbe42e40d3255385a9982b1,,,point estimate; empirical LM/sparse ranges reported separately,h,4,"[4.0,4.0,4.0,4.0,4.0,4.0]",11,0,r2,seed0_l11_sae_k4_s1,P9,READ,10000,experiment_v1_4/evidence/P9/v1_4_p9_evaluation_return_1790842429996719913.zip::sae/runs/seed0_l11_sae_k4_s1/semantic.json,1,val,h reconstruction,sae,0.9697729338585886
,,,fidelity,76d86f1a83bde7f8f6389684cd2a3913c923e21ccfbe42e40d3255385a9982b1,,,point estimate; empirical LM/sparse ranges reported separately,h,4,"[4.0,4.0,4.0,4.0,4.0,4.0]",11,0,ev,seed0_l11_sae_k4_s1,P9,READ,10000,experiment_v1_4/evidence/P9/v1_4_p9_evaluation_return_1790842429996719913.zip::sae/runs/seed0_l11_sae_k4_s1/semantic.json,1,val,h reconstruction,sae,0.9698027265817448
,,,fidelity,76d86f1a83bde7f8f6389684cd2a3913c923e21ccfbe42e40d3255385a9982b1,,,point estimate; empirical LM/sparse ranges reported separately,h,4,"[4.0,4.0,4.0,4.0,4.0,4.0]",11,0,inactive_fraction,seed0_l11_sae_k4_s1,P9,READ,10000,experiment_v1_4/evidence/P9/v1_4_p9_evaluation_return_1790842429996719913.zip::sae/runs/seed0_l11_sae_k4_s1/semantic.json,1,val,h reconstruction,sae,0.8515625
,,,fidelity,76d86f1a83bde7f8f6389684cd2a3913c923e21ccfbe42e40d3255385a9982b1,,,point estimate; empirical LM/sparse ranges reported separately,h,4,"[4.0,4.0,4.0,4.0,4.0,4.0]",11,0,inactive_count,seed0_l11_sae_k4_s1,P9,READ,10000,experiment_v1_4/evidence/P9/v1_4_p9_evaluation_return_1790842429996719913.zip::sae/runs/seed0_l11_sae_k4_s1/semantic.json,1,val,h reconstruction,sae,436
,,,fidelity,76d86f1a83bde7f8f6389684cd2a3913c923e21ccfbe42e40d3255385a9982b1,,,point estimate; empirical LM/sparse ranges reported separately,h,4,"[4.0,4.0,4.0,4.0,4.0,4.0]",11,0,l0_mean,seed0_l11_sae_k4_s1,P9,READ,10000,experiment_v1_4/evidence/P9/v1_4_p9_evaluation_return_1790842429996719913.zip::sae/runs/seed0_l11_sae_k4_s1/semantic.json,1,val,h reconstruction,sae,4.0
,,,fidelity,76d86f1a83bde7f8f6389684cd2a3913c923e21ccfbe42e40d3255385a9982b1,,,point estimate; empirical LM/sparse ranges reported separately,h,4,"[4.0,4.0,4.0,4.0,4.0,4.0]",11,0,l0_median,seed0_l11_sae_k4_s1,P9,READ,10000,experiment_v1_4/evidence/P9/v1_4_p9_evaluation_return_1790842429996719913.zip::sae/runs/seed0_l11_sae_k4_s1/semantic.json,1,val,h reconstruction,sae,4.0
,,,fidelity,76d86f1a83bde7f8f6389684cd2a3913c923e21ccfbe42e40d3255385a9982b1,,,point estimate; empirical LM/sparse ranges reported separately,h,4,"[4.0,4.0,4.0,4.0,4.0,4.0]",11,0,dead_fraction,seed0_l11_sae_k4_s1,P9,READ,10000,experiment_v1_4/evidence/P9/v1_4_p9_evaluation_return_1790842429996719913.zip::sae/runs/seed0_l11_sae_k4_s1/semantic.json,1,val,h reconstruction,sae,0.8125
,,,fidelity,76d86f1a83bde7f8f6389684cd2a3913c923e21ccfbe42e40d3255385a9982b1,,,point estimate; empirical LM/sparse ranges reported separately,h,4,"[4.0,4.0,4.0,4.0,4.0,4.0]",11,0,mse,seed0_l11_sae_k4_s1,P9,READ,20000,experiment_v1_4/evidence/P9/v1_4_p9_evaluation_return_1790842429996719913.zip::sae/runs/seed0_l11_sae_k4_s1/semantic.json,1,test,h reconstruction,sae,0.029863278794580703
,,,fidelity,76d86f1a83bde7f8f6389684cd2a3913c923e21ccfbe42e40d3255385a9982b1,,,point estimate; empirical LM/sparse ranges reported separately,h,4,"[4.0,4.0,4.0,4.0,4.0,4.0]",11,0,nmse,seed0_l11_sae_k4_s1,P9,READ,20000,experiment_v1_4/evidence/P9/v1_4_p9_evaluation_return_1790842429996719913.zip::sae/runs/seed0_l11_sae_k4_s1/semantic.json,1,test,h reconstruction,sae,0.029800204738356113
,,,fidelity,76d86f1a83bde7f8f6389684cd2a3913c923e21ccfbe42e40d3255385a9982b1,,,point estimate; empirical LM/sparse ranges reported separately,h,4,"[4.0,4.0,4.0,4.0,4.0,4.0]",11,0,r2,seed0_l11_sae_k4_s1,P9,READ,20000,experiment_v1_4/evidence/P9/v1_4_p9_evaluation_return_1790842429996719913.zip::sae/runs/seed0_l11_sae_k4_s1/semantic.json,1,test,h reconstruction,sae,0.9701991451350367
,,,fidelity,76d86f1a83bde7f8f6389684cd2a3913c923e21ccfbe42e40d3255385a9982b1,,,point estimate; empirical LM/sparse ranges reported separately,h,4,"[4.0,4.0,4.0,4.0,4.0,4.0]",11,0,ev,seed0_l11_sae_k4_s1,P9,READ,20000,experiment_v1_4/evidence/P9/v1_4_p9_evaluation_return_1790842429996719913.zip::sae/runs/seed0_l11_sae_k4_s1/semantic.json,1,test,h reconstruction,sae,0.9702287005842233
,,,fidelity,76d86f1a83bde7f8f6389684cd2a3913c923e21ccfbe42e40d3255385a9982b1,,,point estimate; empirical LM/sparse ranges reported separately,h,4,"[4.0,4.0,4.0,4.0,4.0,4.0]",11,0,inactive_fraction,seed0_l11_sae_k4_s1,P9,READ,20000,experiment_v1_4/evidence/P9/v1_4_p9_evaluation_return_1790842429996719913.zip::sae/runs/seed0_l11_sae_k4_s1/semantic.json,1,test,h reconstruction,sae,0.822265625
,,,fidelity,76d86f1a83bde7f8f6389684cd2a3913c923e21ccfbe42e40d3255385a9982b1,,,point estimate; empirical LM/sparse ranges reported separately,h,4,"[4.0,4.0,4.0,4.0,4.0,4.0]",11,0,inactive_count,seed0_l11_sae_k4_s1,P9,READ,20000,experiment_v1_4/evidence/P9/v1_4_p9_evaluation_return_1790842429996719913.zip::sae/runs/seed0_l11_sae_k4_s1/semantic.json,1,test,h reconstruction,sae,421
,,,fidelity,76d86f1a83bde7f8f6389684cd2a3913c923e21ccfbe42e40d3255385a9982b1,,,point estimate; empirical LM/sparse ranges reported separately,h,4,"[4.0,4.0,4.0,4.0,4.0,4.0]",11,0,l0_mean,seed0_l11_sae_k4_s1,P9,READ,20000,experiment_v1_4/evidence/P9/v1_4_p9_evaluation_return_1790842429996719913.zip::sae/runs/seed0_l11_sae_k4_s1/semantic.json,1,test,h reconstruction,sae,4.0
,,,fidelity,76d86f1a83bde7f8f6389684cd2a3913c923e21ccfbe42e40d3255385a9982b1,,,point estimate; empirical LM/sparse ranges reported separately,h,4,"[4.0,4.0,4.0,4.0,4.0,4.0]",11,0,l0_median,seed0_l11_sae_k4_s1,P9,READ,20000,experiment_v1_4/evidence/P9/v1_4_p9_evaluation_return_1790842429996719913.zip::sae/runs/seed0_l11_sae_k4_s1/semantic.json,1,test,h reconstruction,sae,4.0
,,,fidelity,76d86f1a83bde7f8f6389684cd2a3913c923e21ccfbe42e40d3255385a9982b1,,,point estimate; empirical LM/sparse ranges reported separately,h,4,"[4.0,4.0,4.0,4.0,4.0,4.0]",11,0,dead_fraction,seed0_l11_sae_k4_s1,P9,READ,20000,experiment_v1_4/evidence/P9/v1_4_p9_evaluation_return_1790842429996719913.zip::sae/runs/seed0_l11_sae_k4_s1/semantic.json,1,test,h reconstruction,sae,0.8125
1000,17851667456523253793,1000,replacement,76d86f1a83bde7f8f6389684cd2a3913c923e21ccfbe42e40d3255385a9982b1,0.0006213014697071139,0.00017038042321200765,,h,4,,11,0,original_ce,seed0_l11_sae_k4_s1,P9,READ,2048,experiment_v1_4/evidence/P9/v1_4_p9_evaluation_return_1790842429996719913.zip::sae/runs/seed0_l11_sae_k4_s1/summary.json,1,behavior_test,h reconstruction,sae,0.00037435924538775645
1000,17851667456523253793,1000,replacement,76d86f1a83bde7f8f6389684cd2a3913c923e21ccfbe42e40d3255385a9982b1,0.004885827500355319,0.0003751591972777357,,h,4,,11,0,patched_ce,seed0_l11_sae_k4_s1,P9,READ,2048,experiment_v1_4/evidence/P9/v1_4_p9_evaluation_return_1790842429996719913.zip::sae/runs/seed0_l11_sae_k4_s1/summary.json,1,behavior_test,h reconstruction,sae,0.002192448690617077
1000,17851667456523253793,1000,replacement,76d86f1a83bde7f8f6389684cd2a3913c923e21ccfbe42e40d3255385a9982b1,0.0043847767971843254,0.00017006117823272214,,h,4,,11,0,delta_ce,seed0_l11_sae_k4_s1,P9,READ,2048,experiment_v1_4/evidence/P9/v1_4_p9_evaluation_return_1790842429996719913.zip::sae/runs/seed0_l11_sae_k4_s1/summary.json,1,behavior_test,h reconstruction,sae,0.0018180894290644734
1000,17851667456523253793,1000,replacement,76d86f1a83bde7f8f6389684cd2a3913c923e21ccfbe42e40d3255385a9982b1,1.0,1.0,,h,4,,11,0,original_accuracy,seed0_l11_sae_k4_s1,P9,READ,2048,experiment_v1_4/evidence/P9/v1_4_p9_evaluation_return_1790842429996719913.zip::sae/runs/seed0_l11_sae_k4_s1/summary.json,1,behavior_test,h reconstruction,sae,1.0
1000,17851667456523253793,1000,replacement,76d86f1a83bde7f8f6389684cd2a3913c923e21ccfbe42e40d3255385a9982b1,1.0,0.99755859375,,h,4,,11,0,patched_accuracy,seed0_l11_sae_k4_s1,P9,READ,2048,experiment_v1_4/evidence/P9/v1_4_p9_evaluation_return_1790842429996719913.zip::sae/runs/seed0_l11_sae_k4_s1/summary.json,1,behavior_test,h reconstruction,sae,0.9990234375
1000,17851667456523253793,1000,replacement,76d86f1a83bde7f8f6389684cd2a3913c923e21ccfbe42e40d3255385a9982b1,0.0,-0.00244140625,,h,4,,11,0,delta_accuracy,seed0_l11_sae_k4_s1,P9,READ,2048,experiment_v1_4/evidence/P9/v1_4_p9_evaluation_return_1790842429996719913.zip::sae/runs/seed0_l11_sae_k4_s1/summary.json,1,behavior_test,h reconstruction,sae,-0.0009765625
,,,fidelity,76d86f1a83bde7f8f6389684cd2a3913c923e21ccfbe42e40d3255385a9982b1,,,point estimate; empirical LM/sparse ranges reported separately,h,16,"[16.0,16.0,16.0,16.0,16.0,16.0]",11,0,mse,seed0_l11_sae_k16_s1,P9,READ,50000,experiment_v1_4/evidence/P9/v1_4_p9_evaluation_return_1790842429996719913.zip::sae/runs/seed0_l11_sae_k16_s1/semantic.json,1,train,h reconstruction,sae,0.0065086680825886525
,,,fidelity,76d86f1a83bde7f8f6389684cd2a3913c923e21ccfbe42e40d3255385a9982b1,,,point estimate; empirical LM/sparse ranges reported separately,h,16,"[16.0,16.0,16.0,16.0,16.0,16.0]",11,0,nmse,seed0_l11_sae_k16_s1,P9,READ,50000,experiment_v1_4/evidence/P9/v1_4_p9_evaluation_return_1790842429996719913.zip::sae/runs/seed0_l11_sae_k16_s1/semantic.json,1,train,h reconstruction,sae,0.006508667748520772
,,,fidelity,76d86f1a83bde7f8f6389684cd2a3913c923e21ccfbe42e40d3255385a9982b1,,,point estimate; empirical LM/sparse ranges reported separately,h,16,"[16.0,16.0,16.0,16.0,16.0,16.0]",11,0,r2,seed0_l11_sae_k16_s1,P9,READ,50000,experiment_v1_4/evidence/P9/v1_4_p9_evaluation_return_1790842429996719913.zip::sae/runs/seed0_l11_sae_k16_s1/semantic.json,1,train,h reconstruction,sae,0.9934913322514792
,,,fidelity,76d86f1a83bde7f8f6389684cd2a3913c923e21ccfbe42e40d3255385a9982b1,,,point estimate; empirical LM/sparse ranges reported separately,h,16,"[16.0,16.0,16.0,16.0,16.0,16.0]",11,0,ev,seed0_l11_sae_k16_s1,P9,READ,50000,experiment_v1_4/evidence/P9/v1_4_p9_evaluation_return_1790842429996719913.zip::sae/runs/seed0_l11_sae_k16_s1/semantic.json,1,train,h reconstruction,sae,0.9935118830400498
,,,fidelity,76d86f1a83bde7f8f6389684cd2a3913c923e21ccfbe42e40d3255385a9982b1,,,point estimate; empirical LM/sparse ranges reported separately,h,16,"[16.0,16.0,16.0,16.0,16.0,16.0]",11,0,inactive_fraction,seed0_l11_sae_k16_s1,P9,READ,50000,experiment_v1_4/evidence/P9/v1_4_p9_evaluation_return_1790842429996719913.zip::sae/runs/seed0_l11_sae_k16_s1/semantic.json,1,train,h reconstruction,sae,0.509765625
,,,fidelity,76d86f1a83bde7f8f6389684cd2a3913c923e21ccfbe42e40d3255385a9982b1,,,point estimate; empirical LM/sparse ranges reported separately,h,16,"[16.0,16.0,16.0,16.0,16.0,16.0]",11,0,inactive_count,seed0_l11_sae_k16_s1,P9,READ,50000,experiment_v1_4/evidence/P9/v1_4_p9_evaluation_return_1790842429996719913.zip::sae/runs/seed0_l11_sae_k16_s1/semantic.json,1,train,h reconstruction,sae,261
,,,fidelity,76d86f1a83bde7f8f6389684cd2a3913c923e21ccfbe42e40d3255385a9982b1,,,point estimate; empirical LM/sparse ranges reported separately,h,16,"[16.0,16.0,16.0,16.0,16.0,16.0]",11,0,l0_mean,seed0_l11_sae_k16_s1,P9,READ,50000,experiment_v1_4/evidence/P9/v1_4_p9_evaluation_return_1790842429996719913.zip::sae/runs/seed0_l11_sae_k16_s1/semantic.json,1,train,h reconstruction,sae,16.0
,,,fidelity,76d86f1a83bde7f8f6389684cd2a3913c923e21ccfbe42e40d3255385a9982b1,,,point estimate; empirical LM/sparse ranges reported separately,h,16,"[16.0,16.0,16.0,16.0,16.0,16.0]",11,0,l0_median,seed0_l11_sae_k16_s1,P9,READ,50000,experiment_v1_4/evidence/P9/v1_4_p9_evaluation_return_1790842429996719913.zip::sae/runs/seed0_l11_sae_k16_s1/semantic.json,1,train,h reconstruction,sae,16.0
,,,fidelity,76d86f1a83bde7f8f6389684cd2a3913c923e21ccfbe42e40d3255385a9982b1,,,point estimate; empirical LM/sparse ranges reported separately,h,16,"[16.0,16.0,16.0,16.0,16.0,16.0]",11,0,dead_fraction,seed0_l11_sae_k16_s1,P9,READ,50000,experiment_v1_4/evidence/P9/v1_4_p9_evaluation_return_1790842429996719913.zip::sae/runs/seed0_l11_sae_k16_s1/semantic.json,1,train,h reconstruction,sae,0.509765625
,,,fidelity,76d86f1a83bde7f8f6389684cd2a3913c923e21ccfbe42e40d3255385a9982b1,,,point estimate; empirical LM/sparse ranges reported separately,h,16,"[16.0,16.0,16.0,16.0,16.0,16.0]",11,0,mse,seed0_l11_sae_k16_s1,P9,READ,10000,experiment_v1_4/evidence/P9/v1_4_p9_evaluation_return_1790842429996719913.zip::sae/runs/seed0_l11_sae_k16_s1/semantic.json,1,val,h reconstruction,sae,0.006698427778997174
,,,fidelity,76d86f1a83bde7f8f6389684cd2a3913c923e21ccfbe42e40d3255385a9982b1,,,point estimate; empirical LM/sparse ranges reported separately,h,16,"[16.0,16.0,16.0,16.0,16.0,16.0]",11,0,nmse,seed0_l11_sae_k16_s1,P9,READ,10000,experiment_v1_4/evidence/P9/v1_4_p9_evaluation_return_1790842429996719913.zip::sae/runs/seed0_l11_sae_k16_s1/semantic.json,1,val,h reconstruction,sae,0.006702632756157157
,,,fidelity,76d86f1a83bde7f8f6389684cd2a3913c923e21ccfbe42e40d3255385a9982b1,,,point estimate; empirical LM/sparse ranges reported separately,h,16,"[16.0,16.0,16.0,16.0,16.0,16.0]",11,0,r2,seed0_l11_sae_k16_s1,P9,READ,10000,experiment_v1_4/evidence/P9/v1_4_p9_evaluation_return_1790842429996719913.zip::sae/runs/seed0_l11_sae_k16_s1/semantic.json,1,val,h reconstruction,sae,0.9932958070170258
,,,fidelity,76d86f1a83bde7f8f6389684cd2a3913c923e21ccfbe42e40d3255385a9982b1,,,point estimate; empirical LM/sparse ranges reported separately,h,16,"[16.0,16.0,16.0,16.0,16.0,16.0]",11,0,ev,seed0_l11_sae_k16_s1,P9,READ,10000,experiment_v1_4/evidence/P9/v1_4_p9_evaluation_return_1790842429996719913.zip::sae/runs/seed0_l11_sae_k16_s1/semantic.json,1,val,h reconstruction,sae,0.9933179726167868
,,,fidelity,76d86f1a83bde7f8f6389684cd2a3913c923e21ccfbe42e40d3255385a9982b1,,,point estimate; empirical LM/sparse ranges reported separately,h,16,"[16.0,16.0,16.0,16.0,16.0,16.0]",11,0,inactive_fraction,seed0_l11_sae_k16_s1,P9,READ,10000,experiment_v1_4/evidence/P9/v1_4_p9_evaluation_return_1790842429996719913.zip::sae/runs/seed0_l11_sae_k16_s1/semantic.json,1,val,h reconstruction,sae,0.607421875
,,,fidelity,76d86f1a83bde7f8f6389684cd2a3913c923e21ccfbe42e40d3255385a9982b1,,,point estimate; empirical LM/sparse ranges reported separately,h,16,"[16.0,16.0,16.0,16.0,16.0,16.0]",11,0,inactive_count,seed0_l11_sae_k16_s1,P9,READ,10000,experiment_v1_4/evidence/P9/v1_4_p9_evaluation_return_1790842429996719913.zip::sae/runs/seed0_l11_sae_k16_s1/semantic.json,1,val,h reconstruction,sae,311
,,,fidelity,76d86f1a83bde7f8f6389684cd2a3913c923e21ccfbe42e40d3255385a9982b1,,,point estimate; empirical LM/sparse ranges reported separately,h,16,"[16.0,16.0,16.0,16.0,16.0,16.0]",11,0,l0_mean,seed0_l11_sae_k16_s1,P9,READ,10000,experiment_v1_4/evidence/P9/v1_4_p9_evaluation_return_1790842429996719913.zip::sae/runs/seed0_l11_sae_k16_s1/semantic.json,1,val,h reconstruction,sae,16.0
,,,fidelity,76d86f1a83bde7f8f6389684cd2a3913c923e21ccfbe42e40d3255385a9982b1,,,point estimate; empirical LM/sparse ranges reported separately,h,16,"[16.0,16.0,16.0,16.0,16.0,16.0]",11,0,l0_median,seed0_l11_sae_k16_s1,P9,READ,10000,experiment_v1_4/evidence/P9/v1_4_p9_evaluation_return_1790842429996719913.zip::sae/runs/seed0_l11_sae_k16_s1/semantic.json,1,val,h reconstruction,sae,16.0
,,,fidelity,76d86f1a83bde7f8f6389684cd2a3913c923e21ccfbe42e40d3255385a9982b1,,,point estimate; empirical LM/sparse ranges reported separately,h,16,"[16.0,16.0,16.0,16.0,16.0,16.0]",11,0,dead_fraction,seed0_l11_sae_k16_s1,P9,READ,10000,experiment_v1_4/evidence/P9/v1_4_p9_evaluation_return_1790842429996719913.zip::sae/runs/seed0_l11_sae_k16_s1/semantic.json,1,val,h reconstruction,sae,0.509765625
,,,fidelity,76d86f1a83bde7f8f6389684cd2a3913c923e21ccfbe42e40d3255385a9982b1,,,point estimate; empirical LM/sparse ranges reported separately,h,16,"[16.0,16.0,16.0,16.0,16.0,16.0]",11,0,mse,seed0_l11_sae_k16_s1,P9,READ,20000,experiment_v1_4/evidence/P9/v1_4_p9_evaluation_return_1790842429996719913.zip::sae/runs/seed0_l11_sae_k16_s1/semantic.json,1,test,h reconstruction,sae,0.006585872345637524
,,,fidelity,76d86f1a83bde7f8f6389684cd2a3913c923e21ccfbe42e40d3255385a9982b1,,,point estimate; empirical LM/sparse ranges reported separately,h,16,"[16.0,16.0,16.0,16.0,16.0,16.0]",11,0,nmse,seed0_l11_sae_k16_s1,P9,READ,20000,experiment_v1_4/evidence/P9/v1_4_p9_evaluation_return_1790842429996719913.zip::sae/runs/seed0_l11_sae_k16_s1/semantic.json,1,test,h reconstruction,sae,0.0065719623632315705
,,,fidelity,76d86f1a83bde7f8f6389684cd2a3913c923e21ccfbe42e40d3255385a9982b1,,,point estimate; empirical LM/sparse ranges reported separately,h,16,"[16.0,16.0,16.0,16.0,16.0,16.0]",11,0,r2,seed0_l11_sae_k16_s1,P9,READ,20000,experiment_v1_4/evidence/P9/v1_4_p9_evaluation_return_1790842429996719913.zip::sae/runs/seed0_l11_sae_k16_s1/semantic.json,1,test,h reconstruction,sae,0.9934278942616597
,,,fidelity,76d86f1a83bde7f8f6389684cd2a3913c923e21ccfbe42e40d3255385a9982b1,,,point estimate; empirical LM/sparse ranges reported separately,h,16,"[16.0,16.0,16.0,16.0,16.0,16.0]",11,0,ev,seed0_l11_sae_k16_s1,P9,READ,20000,experiment_v1_4/evidence/P9/v1_4_p9_evaluation_return_1790842429996719913.zip::sae/runs/seed0_l11_sae_k16_s1/semantic.json,1,test,h reconstruction,sae,0.9934486248494648
,,,fidelity,76d86f1a83bde7f8f6389684cd2a3913c923e21ccfbe42e40d3255385a9982b1,,,point estimate; empirical LM/sparse ranges reported separately,h,16,"[16.0,16.0,16.0,16.0,16.0,16.0]",11,0,inactive_fraction,seed0_l11_sae_k16_s1,P9,READ,20000,experiment_v1_4/evidence/P9/v1_4_p9_evaluation_return_1790842429996719913.zip::sae/runs/seed0_l11_sae_k16_s1/semantic.json,1,test,h reconstruction,sae,0.56640625
,,,fidelity,76d86f1a83bde7f8f6389684cd2a3913c923e21ccfbe42e40d3255385a9982b1,,,point estimate; empirical LM/sparse ranges reported separately,h,16,"[16.0,16.0,16.0,16.0,16.0,16.0]",11,0,inactive_count,seed0_l11_sae_k16_s1,P9,READ,20000,experiment_v1_4/evidence/P9/v1_4_p9_evaluation_return_1790842429996719913.zip::sae/runs/seed0_l11_sae_k16_s1/semantic.json,1,test,h reconstruction,sae,290
,,,fidelity,76d86f1a83bde7f8f6389684cd2a3913c923e21ccfbe42e40d3255385a9982b1,,,point estimate; empirical LM/sparse ranges reported separately,h,16,"[16.0,16.0,16.0,16.0,16.0,16.0]",11,0,l0_mean,seed0_l11_sae_k16_s1,P9,READ,20000,experiment_v1_4/evidence/P9/v1_4_p9_evaluation_return_1790842429996719913.zip::sae/runs/seed0_l11_sae_k16_s1/semantic.json,1,test,h reconstruction,sae,16.0
,,,fidelity,76d86f1a83bde7f8f6389684cd2a3913c923e21ccfbe42e40d3255385a9982b1,,,point estimate; empirical LM/sparse ranges reported separately,h,16,"[16.0,16.0,16.0,16.0,16.0,16.0]",11,0,l0_median,seed0_l11_sae_k16_s1,P9,READ,20000,experiment_v1_4/evidence/P9/v1_4_p9_evaluation_return_1790842429996719913.zip::sae/runs/seed0_l11_sae_k16_s1/semantic.json,1,test,h reconstruction,sae,16.0
,,,fidelity,76d86f1a83bde7f8f6389684cd2a3913c923e21ccfbe42e40d3255385a9982b1,,,point estimate; empirical LM/sparse ranges reported separately,h,16,"[16.0,16.0,16.0,16.0,16.0,16.0]",11,0,dead_fraction,seed0_l11_sae_k16_s1,P9,READ,20000,experiment_v1_4/evidence/P9/v1_4_p9_evaluation_return_1790842429996719913.zip::sae/runs/seed0_l11_sae_k16_s1/semantic.json,1,test,h reconstruction,sae,0.509765625
1000,13003994005439828422,1000,replacement,76d86f1a83bde7f8f6389684cd2a3913c923e21ccfbe42e40d3255385a9982b1,0.0006487252454921654,0.00018332023588563118,,h,16,,11,0,original_ce,seed0_l11_sae_k16_s1,P9,READ,2048,experiment_v1_4/evidence/P9/v1_4_p9_evaluation_return_1790842429996719913.zip::sae/runs/seed0_l11_sae_k16_s1/summary.json,1,behavior_test,h reconstruction,sae,0.00037435924538775645
1000,13003994005439828422,1000,replacement,76d86f1a83bde7f8f6389684cd2a3913c923e21ccfbe42e40d3255385a9982b1,0.0007280788913835323,0.0001861641970381356,,h,16,,11,0,patched_ce,seed0_l11_sae_k16_s1,P9,READ,2048,experiment_v1_4/evidence/P9/v1_4_p9_evaluation_return_1790842429996719913.zip::sae/runs/seed0_l11_sae_k16_s1/summary.json,1,behavior_test,h reconstruction,sae,0.00040912596801145895
1000,13003994005439828422,1000,replacement,76d86f1a83bde7f8f6389684cd2a3913c923e21ccfbe42e40d3255385a9982b1,0.00011581197417226406,-2.1594394952634264e-05,,h,16,,11,0,delta_ce,seed0_l11_sae_k16_s1,P9,READ,2048,experiment_v1_4/evidence/P9/v1_4_p9_evaluation_return_1790842429996719913.zip::sae/runs/seed0_l11_sae_k16_s1/summary.json,1,behavior_test,h reconstruction,sae,3.476672307844986e-05
1000,13003994005439828422,1000,replacement,76d86f1a83bde7f8f6389684cd2a3913c923e21ccfbe42e40d3255385a9982b1,1.0,1.0,,h,16,,11,0,original_accuracy,seed0_l11_sae_k16_s1,P9,READ,2048,experiment_v1_4/evidence/P9/v1_4_p9_evaluation_return_1790842429996719913.zip::sae/runs/seed0_l11_sae_k16_s1/summary.json,1,behavior_test,h reconstruction,sae,1.0
1000,13003994005439828422,1000,replacement,76d86f1a83bde7f8f6389684cd2a3913c923e21ccfbe42e40d3255385a9982b1,1.0,1.0,,h,16,,11,0,patched_accuracy,seed0_l11_sae_k16_s1,P9,READ,2048,experiment_v1_4/evidence/P9/v1_4_p9_evaluation_return_1790842429996719913.zip::sae/runs/seed0_l11_sae_k16_s1/summary.json,1,behavior_test,h reconstruction,sae,1.0
1000,13003994005439828422,1000,replacement,76d86f1a83bde7f8f6389684cd2a3913c923e21ccfbe42e40d3255385a9982b1,0.0,0.0,,h,16,,11,0,delta_accuracy,seed0_l11_sae_k16_s1,P9,READ,2048,experiment_v1_4/evidence/P9/v1_4_p9_evaluation_return_1790842429996719913.zip::sae/runs/seed0_l11_sae_k16_s1/summary.json,1,behavior_test,h reconstruction,sae,0.0
,,,fidelity,76d86f1a83bde7f8f6389684cd2a3913c923e21ccfbe42e40d3255385a9982b1,,,point estimate; empirical LM/sparse ranges reported separately,u_to_m,4,"[3.0,4.0,4.0,4.0,4.0,4.0]",0,0,mse,seed0_l0_tc_k4_s1,P9,READ,50000,experiment_v1_4/evidence/P9/v1_4_p9_evaluation_return_1790842429996719913.zip::tc/runs/seed0_l0_tc_k4_s1/semantic.json,1,train,m prediction from u,tc,0.0013447722078460142
,,,fidelity,76d86f1a83bde7f8f6389684cd2a3913c923e21ccfbe42e40d3255385a9982b1,,,point estimate; empirical LM/sparse ranges reported separately,u_to_m,4,"[3.0,4.0,4.0,4.0,4.0,4.0]",0,0,nmse,seed0_l0_tc_k4_s1,P9,READ,50000,experiment_v1_4/evidence/P9/v1_4_p9_evaluation_return_1790842429996719913.zip::tc/runs/seed0_l0_tc_k4_s1/semantic.json,1,train,m prediction from u,tc,0.0013447721120953423
,,,fidelity,76d86f1a83bde7f8f6389684cd2a3913c923e21ccfbe42e40d3255385a9982b1,,,point estimate; empirical LM/sparse ranges reported separately,u_to_m,4,"[3.0,4.0,4.0,4.0,4.0,4.0]",0,0,r2,seed0_l0_tc_k4_s1,P9,READ,50000,experiment_v1_4/evidence/P9/v1_4_p9_evaluation_return_1790842429996719913.zip::tc/runs/seed0_l0_tc_k4_s1/semantic.json,1,train,m prediction from u,tc,0.9986552278879046
,,,fidelity,76d86f1a83bde7f8f6389684cd2a3913c923e21ccfbe42e40d3255385a9982b1,,,point estimate; empirical LM/sparse ranges reported separately,u_to_m,4,"[3.0,4.0,4.0,4.0,4.0,4.0]",0,0,ev,seed0_l0_tc_k4_s1,P9,READ,50000,experiment_v1_4/evidence/P9/v1_4_p9_evaluation_return_1790842429996719913.zip::tc/runs/seed0_l0_tc_k4_s1/semantic.json,1,train,m prediction from u,tc,0.9986637393827605
,,,fidelity,76d86f1a83bde7f8f6389684cd2a3913c923e21ccfbe42e40d3255385a9982b1,,,point estimate; empirical LM/sparse ranges reported separately,u_to_m,4,"[3.0,4.0,4.0,4.0,4.0,4.0]",0,0,inactive_fraction,seed0_l0_tc_k4_s1,P9,READ,50000,experiment_v1_4/evidence/P9/v1_4_p9_evaluation_return_1790842429996719913.zip::tc/runs/seed0_l0_tc_k4_s1/semantic.json,1,train,m prediction from u,tc,0.796875
,,,fidelity,76d86f1a83bde7f8f6389684cd2a3913c923e21ccfbe42e40d3255385a9982b1,,,point estimate; empirical LM/sparse ranges reported separately,u_to_m,4,"[3.0,4.0,4.0,4.0,4.0,4.0]",0,0,inactive_count,seed0_l0_tc_k4_s1,P9,READ,50000,experiment_v1_4/evidence/P9/v1_4_p9_evaluation_return_1790842429996719913.zip::tc/runs/seed0_l0_tc_k4_s1/semantic.json,1,train,m prediction from u,tc,408
,,,fidelity,76d86f1a83bde7f8f6389684cd2a3913c923e21ccfbe42e40d3255385a9982b1,,,point estimate; empirical LM/sparse ranges reported separately,u_to_m,4,"[3.0,4.0,4.0,4.0,4.0,4.0]",0,0,l0_mean,seed0_l0_tc_k4_s1,P9,READ,50000,experiment_v1_4/evidence/P9/v1_4_p9_evaluation_return_1790842429996719913.zip::tc/runs/seed0_l0_tc_k4_s1/semantic.json,1,train,m prediction from u,tc,3.99916
,,,fidelity,76d86f1a83bde7f8f6389684cd2a3913c923e21ccfbe42e40d3255385a9982b1,,,point estimate; empirical LM/sparse ranges reported separately,u_to_m,4,"[3.0,4.0,4.0,4.0,4.0,4.0]",0,0,l0_median,seed0_l0_tc_k4_s1,P9,READ,50000,experiment_v1_4/evidence/P9/v1_4_p9_evaluation_return_1790842429996719913.zip::tc/runs/seed0_l0_tc_k4_s1/semantic.json,1,train,m prediction from u,tc,4.0
,,,fidelity,76d86f1a83bde7f8f6389684cd2a3913c923e21ccfbe42e40d3255385a9982b1,,,point estimate; empirical LM/sparse ranges reported separately,u_to_m,4,"[3.0,4.0,4.0,4.0,4.0,4.0]",0,0,dead_fraction,seed0_l0_tc_k4_s1,P9,READ,50000,experiment_v1_4/evidence/P9/v1_4_p9_evaluation_return_1790842429996719913.zip::tc/runs/seed0_l0_tc_k4_s1/semantic.json,1,train,m prediction from u,tc,0.796875
,,,fidelity,76d86f1a83bde7f8f6389684cd2a3913c923e21ccfbe42e40d3255385a9982b1,,,point estimate; empirical LM/sparse ranges reported separately,u_to_m,4,"[3.0,4.0,4.0,4.0,4.0,4.0]",0,0,mse,seed0_l0_tc_k4_s1,P9,READ,10000,experiment_v1_4/evidence/P9/v1_4_p9_evaluation_return_1790842429996719913.zip::tc/runs/seed0_l0_tc_k4_s1/semantic.json,1,val,m prediction from u,tc,0.0013665702314391063
,,,fidelity,76d86f1a83bde7f8f6389684cd2a3913c923e21ccfbe42e40d3255385a9982b1,,,point estimate; empirical LM/sparse ranges reported separately,u_to_m,4,"[3.0,4.0,4.0,4.0,4.0,4.0]",0,0,nmse,seed0_l0_tc_k4_s1,P9,READ,10000,experiment_v1_4/evidence/P9/v1_4_p9_evaluation_return_1790842429996719913.zip::tc/runs/seed0_l0_tc_k4_s1/semantic.json,1,val,m prediction from u,tc,0.001364714675021021
,,,fidelity,76d86f1a83bde7f8f6389684cd2a3913c923e21ccfbe42e40d3255385a9982b1,,,point estimate; empirical LM/sparse ranges reported separately,u_to_m,4,"[3.0,4.0,4.0,4.0,4.0,4.0]",0,0,r2,seed0_l0_tc_k4_s1,P9,READ,10000,experiment_v1_4/evidence/P9/v1_4_p9_evaluation_return_1790842429996719913.zip::tc/runs/seed0_l0_tc_k4_s1/semantic.json,1,val,m prediction from u,tc,0.9986350967973868
,,,fidelity,76d86f1a83bde7f8f6389684cd2a3913c923e21ccfbe42e40d3255385a9982b1,,,point estimate; empirical LM/sparse ranges reported separately,u_to_m,4,"[3.0,4.0,4.0,4.0,4.0,4.0]",0,0,ev,seed0_l0_tc_k4_s1,P9,READ,10000,experiment_v1_4/evidence/P9/v1_4_p9_evaluation_return_1790842429996719913.zip::tc/runs/seed0_l0_tc_k4_s1/semantic.json,1,val,m prediction from u,tc,0.9986447112042921
,,,fidelity,76d86f1a83bde7f8f6389684cd2a3913c923e21ccfbe42e40d3255385a9982b1,,,point estimate; empirical LM/sparse ranges reported separately,u_to_m,4,"[3.0,4.0,4.0,4.0,4.0,4.0]",0,0,inactive_fraction,seed0_l0_tc_k4_s1,P9,READ,10000,experiment_v1_4/evidence/P9/v1_4_p9_evaluation_return_1790842429996719913.zip::tc/runs/seed0_l0_tc_k4_s1/semantic.json,1,val,m prediction from u,tc,0.85546875
,,,fidelity,76d86f1a83bde7f8f6389684cd2a3913c923e21ccfbe42e40d3255385a9982b1,,,point estimate; empirical LM/sparse ranges reported separately,u_to_m,4,"[3.0,4.0,4.0,4.0,4.0,4.0]",0,0,inactive_count,seed0_l0_tc_k4_s1,P9,READ,10000,experiment_v1_4/evidence/P9/v1_4_p9_evaluation_return_1790842429996719913.zip::tc/runs/seed0_l0_tc_k4_s1/semantic.json,1,val,m prediction from u,tc,438
,,,fidelity,76d86f1a83bde7f8f6389684cd2a3913c923e21ccfbe42e40d3255385a9982b1,,,point estimate; empirical LM/sparse ranges reported separately,u_to_m,4,"[3.0,4.0,4.0,4.0,4.0,4.0]",0,0,l0_mean,seed0_l0_tc_k4_s1,P9,READ,10000,experiment_v1_4/evidence/P9/v1_4_p9_evaluation_return_1790842429996719913.zip::tc/runs/seed0_l0_tc_k4_s1/semantic.json,1,val,m prediction from u,tc,3.9987
,,,fidelity,76d86f1a83bde7f8f6389684cd2a3913c923e21ccfbe42e40d3255385a9982b1,,,point estimate; empirical LM/sparse ranges reported separately,u_to_m,4,"[3.0,4.0,4.0,4.0,4.0,4.0]",0,0,l0_median,seed0_l0_tc_k4_s1,P9,READ,10000,experiment_v1_4/evidence/P9/v1_4_p9_evaluation_return_1790842429996719913.zip::tc/runs/seed0_l0_tc_k4_s1/semantic.json,1,val,m prediction from u,tc,4.0
,,,fidelity,76d86f1a83bde7f8f6389684cd2a3913c923e21ccfbe42e40d3255385a9982b1,,,point estimate; empirical LM/sparse ranges reported separately,u_to_m,4,"[3.0,4.0,4.0,4.0,4.0,4.0]",0,0,dead_fraction,seed0_l0_tc_k4_s1,P9,READ,10000,experiment_v1_4/evidence/P9/v1_4_p9_evaluation_return_1790842429996719913.zip::tc/runs/seed0_l0_tc_k4_s1/semantic.json,1,val,m prediction from u,tc,0.796875
,,,fidelity,76d86f1a83bde7f8f6389684cd2a3913c923e21ccfbe42e40d3255385a9982b1,,,point estimate; empirical LM/sparse ranges reported separately,u_to_m,4,"[3.0,4.0,4.0,4.0,4.0,4.0]",0,0,mse,seed0_l0_tc_k4_s1,P9,READ,20000,experiment_v1_4/evidence/P9/v1_4_p9_evaluation_return_1790842429996719913.zip::tc/runs/seed0_l0_tc_k4_s1/semantic.json,1,test,m prediction from u,tc,0.0013469585201493265
,,,fidelity,76d86f1a83bde7f8f6389684cd2a3913c923e21ccfbe42e40d3255385a9982b1,,,point estimate; empirical LM/sparse ranges reported separately,u_to_m,4,"[3.0,4.0,4.0,4.0,4.0,4.0]",0,0,nmse,seed0_l0_tc_k4_s1,P9,READ,20000,experiment_v1_4/evidence/P9/v1_4_p9_evaluation_return_1790842429996719913.zip::tc/runs/seed0_l0_tc_k4_s1/semantic.json,1,test,m prediction from u,tc,0.001346723354799733
,,,fidelity,76d86f1a83bde7f8f6389684cd2a3913c923e21ccfbe42e40d3255385a9982b1,,,point estimate; empirical LM/sparse ranges reported separately,u_to_m,4,"[3.0,4.0,4.0,4.0,4.0,4.0]",0,0,r2,seed0_l0_tc_k4_s1,P9,READ,20000,experiment_v1_4/evidence/P9/v1_4_p9_evaluation_return_1790842429996719913.zip::tc/runs/seed0_l0_tc_k4_s1/semantic.json,1,test,m prediction from u,tc,0.9986532461990059
,,,fidelity,76d86f1a83bde7f8f6389684cd2a3913c923e21ccfbe42e40d3255385a9982b1,,,point estimate; empirical LM/sparse ranges reported separately,u_to_m,4,"[3.0,4.0,4.0,4.0,4.0,4.0]",0,0,ev,seed0_l0_tc_k4_s1,P9,READ,20000,experiment_v1_4/evidence/P9/v1_4_p9_evaluation_return_1790842429996719913.zip::tc/runs/seed0_l0_tc_k4_s1/semantic.json,1,test,m prediction from u,tc,0.9986621355636812
,,,fidelity,76d86f1a83bde7f8f6389684cd2a3913c923e21ccfbe42e40d3255385a9982b1,,,point estimate; empirical LM/sparse ranges reported separately,u_to_m,4,"[3.0,4.0,4.0,4.0,4.0,4.0]",0,0,inactive_fraction,seed0_l0_tc_k4_s1,P9,READ,20000,experiment_v1_4/evidence/P9/v1_4_p9_evaluation_return_1790842429996719913.zip::tc/runs/seed0_l0_tc_k4_s1/semantic.json,1,test,m prediction from u,tc,0.845703125
,,,fidelity,76d86f1a83bde7f8f6389684cd2a3913c923e21ccfbe42e40d3255385a9982b1,,,point estimate; empirical LM/sparse ranges reported separately,u_to_m,4,"[3.0,4.0,4.0,4.0,4.0,4.0]",0,0,inactive_count,seed0_l0_tc_k4_s1,P9,READ,20000,experiment_v1_4/evidence/P9/v1_4_p9_evaluation_return_1790842429996719913.zip::tc/runs/seed0_l0_tc_k4_s1/semantic.json,1,test,m prediction from u,tc,433
,,,fidelity,76d86f1a83bde7f8f6389684cd2a3913c923e21ccfbe42e40d3255385a9982b1,,,point estimate; empirical LM/sparse ranges reported separately,u_to_m,4,"[3.0,4.0,4.0,4.0,4.0,4.0]",0,0,l0_mean,seed0_l0_tc_k4_s1,P9,READ,20000,experiment_v1_4/evidence/P9/v1_4_p9_evaluation_return_1790842429996719913.zip::tc/runs/seed0_l0_tc_k4_s1/semantic.json,1,test,m prediction from u,tc,3.99915
,,,fidelity,76d86f1a83bde7f8f6389684cd2a3913c923e21ccfbe42e40d3255385a9982b1,,,point estimate; empirical LM/sparse ranges reported separately,u_to_m,4,"[3.0,4.0,4.0,4.0,4.0,4.0]",0,0,l0_median,seed0_l0_tc_k4_s1,P9,READ,20000,experiment_v1_4/evidence/P9/v1_4_p9_evaluation_return_1790842429996719913.zip::tc/runs/seed0_l0_tc_k4_s1/semantic.json,1,test,m prediction from u,tc,4.0
,,,fidelity,76d86f1a83bde7f8f6389684cd2a3913c923e21ccfbe42e40d3255385a9982b1,,,point estimate; empirical LM/sparse ranges reported separately,u_to_m,4,"[3.0,4.0,4.0,4.0,4.0,4.0]",0,0,dead_fraction,seed0_l0_tc_k4_s1,P9,READ,20000,experiment_v1_4/evidence/P9/v1_4_p9_evaluation_return_1790842429996719913.zip::tc/runs/seed0_l0_tc_k4_s1/semantic.json,1,test,m prediction from u,tc,0.796875
1000,726868113002170161,1000,replacement,76d86f1a83bde7f8f6389684cd2a3913c923e21ccfbe42e40d3255385a9982b1,0.0006112850903504384,0.00017682572966188915,,u_to_m,4,,0,0,original_ce,seed0_l0_tc_k4_s1,P9,READ,2048,experiment_v1_4/evidence/P9/v1_4_p9_evaluation_return_1790842429996719913.zip::tc/runs/seed0_l0_tc_k4_s1/summary.json,1,behavior_test,m prediction from u,tc,0.00037435924538775645
1000,726868113002170161,1000,replacement,76d86f1a83bde7f8f6389684cd2a3913c923e21ccfbe42e40d3255385a9982b1,0.0006095818341466994,0.00017742117715169314,,u_to_m,4,,0,0,patched_ce,seed0_l0_tc_k4_s1,P9,READ,2048,experiment_v1_4/evidence/P9/v1_4_p9_evaluation_return_1790842429996719913.zip::tc/runs/seed0_l0_tc_k4_s1/summary.json,1,behavior_test,m prediction from u,tc,0.00037565946645967685
1000,726868113002170161,1000,replacement,76d86f1a83bde7f8f6389684cd2a3913c923e21ccfbe42e40d3255385a9982b1,7.4336148483178355e-06,-2.8047368484107604e-06,,u_to_m,4,,0,0,delta_ce,seed0_l0_tc_k4_s1,P9,READ,2048,experiment_v1_4/evidence/P9/v1_4_p9_evaluation_return_1790842429996719913.zip::tc/runs/seed0_l0_tc_k4_s1/summary.json,1,behavior_test,m prediction from u,tc,1.3002210719204044e-06
1000,726868113002170161,1000,replacement,76d86f1a83bde7f8f6389684cd2a3913c923e21ccfbe42e40d3255385a9982b1,1.0,1.0,,u_to_m,4,,0,0,original_accuracy,seed0_l0_tc_k4_s1,P9,READ,2048,experiment_v1_4/evidence/P9/v1_4_p9_evaluation_return_1790842429996719913.zip::tc/runs/seed0_l0_tc_k4_s1/summary.json,1,behavior_test,m prediction from u,tc,1.0
1000,726868113002170161,1000,replacement,76d86f1a83bde7f8f6389684cd2a3913c923e21ccfbe42e40d3255385a9982b1,1.0,1.0,,u_to_m,4,,0,0,patched_accuracy,seed0_l0_tc_k4_s1,P9,READ,2048,experiment_v1_4/evidence/P9/v1_4_p9_evaluation_return_1790842429996719913.zip::tc/runs/seed0_l0_tc_k4_s1/summary.json,1,behavior_test,m prediction from u,tc,1.0
1000,726868113002170161,1000,replacement,76d86f1a83bde7f8f6389684cd2a3913c923e21ccfbe42e40d3255385a9982b1,0.0,0.0,,u_to_m,4,,0,0,delta_accuracy,seed0_l0_tc_k4_s1,P9,READ,2048,experiment_v1_4/evidence/P9/v1_4_p9_evaluation_return_1790842429996719913.zip::tc/runs/seed0_l0_tc_k4_s1/summary.json,1,behavior_test,m prediction from u,tc,0.0
,,,fidelity,76d86f1a83bde7f8f6389684cd2a3913c923e21ccfbe42e40d3255385a9982b1,,,point estimate; empirical LM/sparse ranges reported separately,u_to_m,16,"[13.0,16.0,16.0,16.0,16.0,16.0]",0,0,mse,seed0_l0_tc_k16_s1,P9,READ,50000,experiment_v1_4/evidence/P9/v1_4_p9_evaluation_return_1790842429996719913.zip::tc/runs/seed0_l0_tc_k16_s1/semantic.json,1,train,m prediction from u,tc,0.0003974777135396049
,,,fidelity,76d86f1a83bde7f8f6389684cd2a3913c923e21ccfbe42e40d3255385a9982b1,,,point estimate; empirical LM/sparse ranges reported separately,u_to_m,16,"[13.0,16.0,16.0,16.0,16.0,16.0]",0,0,nmse,seed0_l0_tc_k16_s1,P9,READ,50000,experiment_v1_4/evidence/P9/v1_4_p9_evaluation_return_1790842429996719913.zip::tc/runs/seed0_l0_tc_k16_s1/semantic.json,1,train,m prediction from u,tc,0.0003974776852383372
,,,fidelity,76d86f1a83bde7f8f6389684cd2a3913c923e21ccfbe42e40d3255385a9982b1,,,point estimate; empirical LM/sparse ranges reported separately,u_to_m,16,"[13.0,16.0,16.0,16.0,16.0,16.0]",0,0,r2,seed0_l0_tc_k16_s1,P9,READ,50000,experiment_v1_4/evidence/P9/v1_4_p9_evaluation_return_1790842429996719913.zip::tc/runs/seed0_l0_tc_k16_s1/semantic.json,1,train,m prediction from u,tc,0.9996025223147617
,,,fidelity,76d86f1a83bde7f8f6389684cd2a3913c923e21ccfbe42e40d3255385a9982b1,,,point estimate; empirical LM/sparse ranges reported separately,u_to_m,16,"[13.0,16.0,16.0,16.0,16.0,16.0]",0,0,ev,seed0_l0_tc_k16_s1,P9,READ,50000,experiment_v1_4/evidence/P9/v1_4_p9_evaluation_return_1790842429996719913.zip::tc/runs/seed0_l0_tc_k16_s1/semantic.json,1,train,m prediction from u,tc,0.9996071920957547
,,,fidelity,76d86f1a83bde7f8f6389684cd2a3913c923e21ccfbe42e40d3255385a9982b1,,,point estimate; empirical LM/sparse ranges reported separately,u_to_m,16,"[13.0,16.0,16.0,16.0,16.0,16.0]",0,0,inactive_fraction,seed0_l0_tc_k16_s1,P9,READ,50000,experiment_v1_4/evidence/P9/v1_4_p9_evaluation_return_1790842429996719913.zip::tc/runs/seed0_l0_tc_k16_s1/semantic.json,1,train,m prediction from u,tc,0.357421875
,,,fidelity,76d86f1a83bde7f8f6389684cd2a3913c923e21ccfbe42e40d3255385a9982b1,,,point estimate; empirical LM/sparse ranges reported separately,u_to_m,16,"[13.0,16.0,16.0,16.0,16.0,16.0]",0,0,inactive_count,seed0_l0_tc_k16_s1,P9,READ,50000,experiment_v1_4/evidence/P9/v1_4_p9_evaluation_return_1790842429996719913.zip::tc/runs/seed0_l0_tc_k16_s1/semantic.json,1,train,m prediction from u,tc,183
,,,fidelity,76d86f1a83bde7f8f6389684cd2a3913c923e21ccfbe42e40d3255385a9982b1,,,point estimate; empirical LM/sparse ranges reported separately,u_to_m,16,"[13.0,16.0,16.0,16.0,16.0,16.0]",0,0,l0_mean,seed0_l0_tc_k16_s1,P9,READ,50000,experiment_v1_4/evidence/P9/v1_4_p9_evaluation_return_1790842429996719913.zip::tc/runs/seed0_l0_tc_k16_s1/semantic.json,1,train,m prediction from u,tc,15.96078
,,,fidelity,76d86f1a83bde7f8f6389684cd2a3913c923e21ccfbe42e40d3255385a9982b1,,,point estimate; empirical LM/sparse ranges reported separately,u_to_m,16,"[13.0,16.0,16.0,16.0,16.0,16.0]",0,0,l0_median,seed0_l0_tc_k16_s1,P9,READ,50000,experiment_v1_4/evidence/P9/v1_4_p9_evaluation_return_1790842429996719913.zip::tc/runs/seed0_l0_tc_k16_s1/semantic.json,1,train,m prediction from u,tc,16.0
,,,fidelity,76d86f1a83bde7f8f6389684cd2a3913c923e21ccfbe42e40d3255385a9982b1,,,point estimate; empirical LM/sparse ranges reported separately,u_to_m,16,"[13.0,16.0,16.0,16.0,16.0,16.0]",0,0,dead_fraction,seed0_l0_tc_k16_s1,P9,READ,50000,experiment_v1_4/evidence/P9/v1_4_p9_evaluation_return_1790842429996719913.zip::tc/runs/seed0_l0_tc_k16_s1/semantic.json,1,train,m prediction from u,tc,0.357421875
,,,fidelity,76d86f1a83bde7f8f6389684cd2a3913c923e21ccfbe42e40d3255385a9982b1,,,point estimate; empirical LM/sparse ranges reported separately,u_to_m,16,"[14.0,16.0,16.0,16.0,16.0,16.0]",0,0,mse,seed0_l0_tc_k16_s1,P9,READ,10000,experiment_v1_4/evidence/P9/v1_4_p9_evaluation_return_1790842429996719913.zip::tc/runs/seed0_l0_tc_k16_s1/semantic.json,1,val,m prediction from u,tc,0.0004068617144605061
,,,fidelity,76d86f1a83bde7f8f6389684cd2a3913c923e21ccfbe42e40d3255385a9982b1,,,point estimate; empirical LM/sparse ranges reported separately,u_to_m,16,"[14.0,16.0,16.0,16.0,16.0,16.0]",0,0,nmse,seed0_l0_tc_k16_s1,P9,READ,10000,experiment_v1_4/evidence/P9/v1_4_p9_evaluation_return_1790842429996719913.zip::tc/runs/seed0_l0_tc_k16_s1/semantic.json,1,val,m prediction from u,tc,0.0004063092694795077
,,,fidelity,76d86f1a83bde7f8f6389684cd2a3913c923e21ccfbe42e40d3255385a9982b1,,,point estimate; empirical LM/sparse ranges reported separately,u_to_m,16,"[14.0,16.0,16.0,16.0,16.0,16.0]",0,0,r2,seed0_l0_tc_k16_s1,P9,READ,10000,experiment_v1_4/evidence/P9/v1_4_p9_evaluation_return_1790842429996719913.zip::tc/runs/seed0_l0_tc_k16_s1/semantic.json,1,val,m prediction from u,tc,0.9995936346011993
,,,fidelity,76d86f1a83bde7f8f6389684cd2a3913c923e21ccfbe42e40d3255385a9982b1,,,point estimate; empirical LM/sparse ranges reported separately,u_to_m,16,"[14.0,16.0,16.0,16.0,16.0,16.0]",0,0,ev,seed0_l0_tc_k16_s1,P9,READ,10000,experiment_v1_4/evidence/P9/v1_4_p9_evaluation_return_1790842429996719913.zip::tc/runs/seed0_l0_tc_k16_s1/semantic.json,1,val,m prediction from u,tc,0.9995985347777591
,,,fidelity,76d86f1a83bde7f8f6389684cd2a3913c923e21ccfbe42e40d3255385a9982b1,,,point estimate; empirical LM/sparse ranges reported separately,u_to_m,16,"[14.0,16.0,16.0,16.0,16.0,16.0]",0,0,inactive_fraction,seed0_l0_tc_k16_s1,P9,READ,10000,experiment_v1_4/evidence/P9/v1_4_p9_evaluation_return_1790842429996719913.zip::tc/runs/seed0_l0_tc_k16_s1/semantic.json,1,val,m prediction from u,tc,0.474609375
,,,fidelity,76d86f1a83bde7f8f6389684cd2a3913c923e21ccfbe42e40d3255385a9982b1,,,point estimate; empirical LM/sparse ranges reported separately,u_to_m,16,"[14.0,16.0,16.0,16.0,16.0,16.0]",0,0,inactive_count,seed0_l0_tc_k16_s1,P9,READ,10000,experiment_v1_4/evidence/P9/v1_4_p9_evaluation_return_1790842429996719913.zip::tc/runs/seed0_l0_tc_k16_s1/semantic.json,1,val,m prediction from u,tc,243
,,,fidelity,76d86f1a83bde7f8f6389684cd2a3913c923e21ccfbe42e40d3255385a9982b1,,,point estimate; empirical LM/sparse ranges reported separately,u_to_m,16,"[14.0,16.0,16.0,16.0,16.0,16.0]",0,0,l0_mean,seed0_l0_tc_k16_s1,P9,READ,10000,experiment_v1_4/evidence/P9/v1_4_p9_evaluation_return_1790842429996719913.zip::tc/runs/seed0_l0_tc_k16_s1/semantic.json,1,val,m prediction from u,tc,15.9619
,,,fidelity,76d86f1a83bde7f8f6389684cd2a3913c923e21ccfbe42e40d3255385a9982b1,,,point estimate; empirical LM/sparse ranges reported separately,u_to_m,16,"[14.0,16.0,16.0,16.0,16.0,16.0]",0,0,l0_median,seed0_l0_tc_k16_s1,P9,READ,10000,experiment_v1_4/evidence/P9/v1_4_p9_evaluation_return_1790842429996719913.zip::tc/runs/seed0_l0_tc_k16_s1/semantic.json,1,val,m prediction from u,tc,16.0
,,,fidelity,76d86f1a83bde7f8f6389684cd2a3913c923e21ccfbe42e40d3255385a9982b1,,,point estimate; empirical LM/sparse ranges reported separately,u_to_m,16,"[14.0,16.0,16.0,16.0,16.0,16.0]",0,0,dead_fraction,seed0_l0_tc_k16_s1,P9,READ,10000,experiment_v1_4/evidence/P9/v1_4_p9_evaluation_return_1790842429996719913.zip::tc/runs/seed0_l0_tc_k16_s1/semantic.json,1,val,m prediction from u,tc,0.357421875
,,,fidelity,76d86f1a83bde7f8f6389684cd2a3913c923e21ccfbe42e40d3255385a9982b1,,,point estimate; empirical LM/sparse ranges reported separately,u_to_m,16,"[13.0,16.0,16.0,16.0,16.0,16.0]",0,0,mse,seed0_l0_tc_k16_s1,P9,READ,20000,experiment_v1_4/evidence/P9/v1_4_p9_evaluation_return_1790842429996719913.zip::tc/runs/seed0_l0_tc_k16_s1/semantic.json,1,test,m prediction from u,tc,0.0004017278508098892
,,,fidelity,76d86f1a83bde7f8f6389684cd2a3913c923e21ccfbe42e40d3255385a9982b1,,,point estimate; empirical LM/sparse ranges reported separately,u_to_m,16,"[13.0,16.0,16.0,16.0,16.0,16.0]",0,0,nmse,seed0_l0_tc_k16_s1,P9,READ,20000,experiment_v1_4/evidence/P9/v1_4_p9_evaluation_return_1790842429996719913.zip::tc/runs/seed0_l0_tc_k16_s1/semantic.json,1,test,m prediction from u,tc,0.0004016577131857055
,,,fidelity,76d86f1a83bde7f8f6389684cd2a3913c923e21ccfbe42e40d3255385a9982b1,,,point estimate; empirical LM/sparse ranges reported separately,u_to_m,16,"[13.0,16.0,16.0,16.0,16.0,16.0]",0,0,r2,seed0_l0_tc_k16_s1,P9,READ,20000,experiment_v1_4/evidence/P9/v1_4_p9_evaluation_return_1790842429996719913.zip::tc/runs/seed0_l0_tc_k16_s1/semantic.json,1,test,m prediction from u,tc,0.999598333206294
,,,fidelity,76d86f1a83bde7f8f6389684cd2a3913c923e21ccfbe42e40d3255385a9982b1,,,point estimate; empirical LM/sparse ranges reported separately,u_to_m,16,"[13.0,16.0,16.0,16.0,16.0,16.0]",0,0,ev,seed0_l0_tc_k16_s1,P9,READ,20000,experiment_v1_4/evidence/P9/v1_4_p9_evaluation_return_1790842429996719913.zip::tc/runs/seed0_l0_tc_k16_s1/semantic.json,1,test,m prediction from u,tc,0.9996029366189678
,,,fidelity,76d86f1a83bde7f8f6389684cd2a3913c923e21ccfbe42e40d3255385a9982b1,,,point estimate; empirical LM/sparse ranges reported separately,u_to_m,16,"[13.0,16.0,16.0,16.0,16.0,16.0]",0,0,inactive_fraction,seed0_l0_tc_k16_s1,P9,READ,20000,experiment_v1_4/evidence/P9/v1_4_p9_evaluation_return_1790842429996719913.zip::tc/runs/seed0_l0_tc_k16_s1/semantic.json,1,test,m prediction from u,tc,0.41796875
,,,fidelity,76d86f1a83bde7f8f6389684cd2a3913c923e21ccfbe42e40d3255385a9982b1,,,point estimate; empirical LM/sparse ranges reported separately,u_to_m,16,"[13.0,16.0,16.0,16.0,16.0,16.0]",0,0,inactive_count,seed0_l0_tc_k16_s1,P9,READ,20000,experiment_v1_4/evidence/P9/v1_4_p9_evaluation_return_1790842429996719913.zip::tc/runs/seed0_l0_tc_k16_s1/semantic.json,1,test,m prediction from u,tc,214
,,,fidelity,76d86f1a83bde7f8f6389684cd2a3913c923e21ccfbe42e40d3255385a9982b1,,,point estimate; empirical LM/sparse ranges reported separately,u_to_m,16,"[13.0,16.0,16.0,16.0,16.0,16.0]",0,0,l0_mean,seed0_l0_tc_k16_s1,P9,READ,20000,experiment_v1_4/evidence/P9/v1_4_p9_evaluation_return_1790842429996719913.zip::tc/runs/seed0_l0_tc_k16_s1/semantic.json,1,test,m prediction from u,tc,15.9621
,,,fidelity,76d86f1a83bde7f8f6389684cd2a3913c923e21ccfbe42e40d3255385a9982b1,,,point estimate; empirical LM/sparse ranges reported separately,u_to_m,16,"[13.0,16.0,16.0,16.0,16.0,16.0]",0,0,l0_median,seed0_l0_tc_k16_s1,P9,READ,20000,experiment_v1_4/evidence/P9/v1_4_p9_evaluation_return_1790842429996719913.zip::tc/runs/seed0_l0_tc_k16_s1/semantic.json,1,test,m prediction from u,tc,16.0
,,,fidelity,76d86f1a83bde7f8f6389684cd2a3913c923e21ccfbe42e40d3255385a9982b1,,,point estimate; empirical LM/sparse ranges reported separately,u_to_m,16,"[13.0,16.0,16.0,16.0,16.0,16.0]",0,0,dead_fraction,seed0_l0_tc_k16_s1,P9,READ,20000,experiment_v1_4/evidence/P9/v1_4_p9_evaluation_return_1790842429996719913.zip::tc/runs/seed0_l0_tc_k16_s1/semantic.json,1,test,m prediction from u,tc,0.357421875
1000,14242934783344223598,1000,replacement,76d86f1a83bde7f8f6389684cd2a3913c923e21ccfbe42e40d3255385a9982b1,0.0006450064747478945,0.00016806667241010543,,u_to_m,16,,0,0,original_ce,seed0_l0_tc_k16_s1,P9,READ,2048,experiment_v1_4/evidence/P9/v1_4_p9_evaluation_return_1790842429996719913.zip::tc/runs/seed0_l0_tc_k16_s1/summary.json,1,behavior_test,m prediction from u,tc,0.00037435924538775645
1000,14242934783344223598,1000,replacement,76d86f1a83bde7f8f6389684cd2a3913c923e21ccfbe42e40d3255385a9982b1,0.0006449038252370031,0.0001682106349668977,,u_to_m,16,,0,0,patched_ce,seed0_l0_tc_k16_s1,P9,READ,2048,experiment_v1_4/evidence/P9/v1_4_p9_evaluation_return_1790842429996719913.zip::tc/runs/seed0_l0_tc_k16_s1/summary.json,1,behavior_test,m prediction from u,tc,0.0003737792535403184
1000,14242934783344223598,1000,replacement,76d86f1a83bde7f8f6389684cd2a3913c923e21ccfbe42e40d3255385a9982b1,1.7441430948506032e-06,-2.8303286435160667e-06,,u_to_m,16,,0,0,delta_ce,seed0_l0_tc_k16_s1,P9,READ,2048,experiment_v1_4/evidence/P9/v1_4_p9_evaluation_return_1790842429996719913.zip::tc/runs/seed0_l0_tc_k16_s1/summary.json,1,behavior_test,m prediction from u,tc,-5.799918474380661e-07
1000,14242934783344223598,1000,replacement,76d86f1a83bde7f8f6389684cd2a3913c923e21ccfbe42e40d3255385a9982b1,1.0,1.0,,u_to_m,16,,0,0,original_accuracy,seed0_l0_tc_k16_s1,P9,READ,2048,experiment_v1_4/evidence/P9/v1_4_p9_evaluation_return_1790842429996719913.zip::tc/runs/seed0_l0_tc_k16_s1/summary.json,1,behavior_test,m prediction from u,tc,1.0
1000,14242934783344223598,1000,replacement,76d86f1a83bde7f8f6389684cd2a3913c923e21ccfbe42e40d3255385a9982b1,1.0,1.0,,u_to_m,16,,0,0,patched_accuracy,seed0_l0_tc_k16_s1,P9,READ,2048,experiment_v1_4/evidence/P9/v1_4_p9_evaluation_return_1790842429996719913.zip::tc/runs/seed0_l0_tc_k16_s1/summary.json,1,behavior_test,m prediction from u,tc,1.0
1000,14242934783344223598,1000,replacement,76d86f1a83bde7f8f6389684cd2a3913c923e21ccfbe42e40d3255385a9982b1,0.0,0.0,,u_to_m,16,,0,0,delta_accuracy,seed0_l0_tc_k16_s1,P9,READ,2048,experiment_v1_4/evidence/P9/v1_4_p9_evaluation_return_1790842429996719913.zip::tc/runs/seed0_l0_tc_k16_s1/summary.json,1,behavior_test,m prediction from u,tc,0.0
,,,fidelity,76d86f1a83bde7f8f6389684cd2a3913c923e21ccfbe42e40d3255385a9982b1,,,point estimate; empirical LM/sparse ranges reported separately,u_to_m,4,"[2.0,4.0,4.0,4.0,4.0,4.0]",3,0,mse,seed0_l3_tc_k4_s1,P9,READ,50000,experiment_v1_4/evidence/P9/v1_4_p9_evaluation_return_1790842429996719913.zip::tc/runs/seed0_l3_tc_k4_s1/semantic.json,1,train,m prediction from u,tc,0.020587798099824663
,,,fidelity,76d86f1a83bde7f8f6389684cd2a3913c923e21ccfbe42e40d3255385a9982b1,,,point estimate; empirical LM/sparse ranges reported separately,u_to_m,4,"[2.0,4.0,4.0,4.0,4.0,4.0]",3,0,nmse,seed0_l3_tc_k4_s1,P9,READ,50000,experiment_v1_4/evidence/P9/v1_4_p9_evaluation_return_1790842429996719913.zip::tc/runs/seed0_l3_tc_k4_s1/semantic.json,1,train,m prediction from u,tc,0.020587797358542895
,,,fidelity,76d86f1a83bde7f8f6389684cd2a3913c923e21ccfbe42e40d3255385a9982b1,,,point estimate; empirical LM/sparse ranges reported separately,u_to_m,4,"[2.0,4.0,4.0,4.0,4.0,4.0]",3,0,r2,seed0_l3_tc_k4_s1,P9,READ,50000,experiment_v1_4/evidence/P9/v1_4_p9_evaluation_return_1790842429996719913.zip::tc/runs/seed0_l3_tc_k4_s1/semantic.json,1,train,m prediction from u,tc,0.9794122026414571
,,,fidelity,76d86f1a83bde7f8f6389684cd2a3913c923e21ccfbe42e40d3255385a9982b1,,,point estimate; empirical LM/sparse ranges reported separately,u_to_m,4,"[2.0,4.0,4.0,4.0,4.0,4.0]",3,0,ev,seed0_l3_tc_k4_s1,P9,READ,50000,experiment_v1_4/evidence/P9/v1_4_p9_evaluation_return_1790842429996719913.zip::tc/runs/seed0_l3_tc_k4_s1/semantic.json,1,train,m prediction from u,tc,0.9794449964360529
,,,fidelity,76d86f1a83bde7f8f6389684cd2a3913c923e21ccfbe42e40d3255385a9982b1,,,point estimate; empirical LM/sparse ranges reported separately,u_to_m,4,"[2.0,4.0,4.0,4.0,4.0,4.0]",3,0,inactive_fraction,seed0_l3_tc_k4_s1,P9,READ,50000,experiment_v1_4/evidence/P9/v1_4_p9_evaluation_return_1790842429996719913.zip::tc/runs/seed0_l3_tc_k4_s1/semantic.json,1,train,m prediction from u,tc,0.765625
,,,fidelity,76d86f1a83bde7f8f6389684cd2a3913c923e21ccfbe42e40d3255385a9982b1,,,point estimate; empirical LM/sparse ranges reported separately,u_to_m,4,"[2.0,4.0,4.0,4.0,4.0,4.0]",3,0,inactive_count,seed0_l3_tc_k4_s1,P9,READ,50000,experiment_v1_4/evidence/P9/v1_4_p9_evaluation_return_1790842429996719913.zip::tc/runs/seed0_l3_tc_k4_s1/semantic.json,1,train,m prediction from u,tc,392
,,,fidelity,76d86f1a83bde7f8f6389684cd2a3913c923e21ccfbe42e40d3255385a9982b1,,,point estimate; empirical LM/sparse ranges reported separately,u_to_m,4,"[2.0,4.0,4.0,4.0,4.0,4.0]",3,0,l0_mean,seed0_l3_tc_k4_s1,P9,READ,50000,experiment_v1_4/evidence/P9/v1_4_p9_evaluation_return_1790842429996719913.zip::tc/runs/seed0_l3_tc_k4_s1/semantic.json,1,train,m prediction from u,tc,3.99954
,,,fidelity,76d86f1a83bde7f8f6389684cd2a3913c923e21ccfbe42e40d3255385a9982b1,,,point estimate; empirical LM/sparse ranges reported separately,u_to_m,4,"[2.0,4.0,4.0,4.0,4.0,4.0]",3,0,l0_median,seed0_l3_tc_k4_s1,P9,READ,50000,experiment_v1_4/evidence/P9/v1_4_p9_evaluation_return_1790842429996719913.zip::tc/runs/seed0_l3_tc_k4_s1/semantic.json,1,train,m prediction from u,tc,4.0
,,,fidelity,76d86f1a83bde7f8f6389684cd2a3913c923e21ccfbe42e40d3255385a9982b1,,,point estimate; empirical LM/sparse ranges reported separately,u_to_m,4,"[2.0,4.0,4.0,4.0,4.0,4.0]",3,0,dead_fraction,seed0_l3_tc_k4_s1,P9,READ,50000,experiment_v1_4/evidence/P9/v1_4_p9_evaluation_return_1790842429996719913.zip::tc/runs/seed0_l3_tc_k4_s1/semantic.json,1,train,m prediction from u,tc,0.765625
,,,fidelity,76d86f1a83bde7f8f6389684cd2a3913c923e21ccfbe42e40d3255385a9982b1,,,point estimate; empirical LM/sparse ranges reported separately,u_to_m,4,"[3.0,4.0,4.0,4.0,4.0,4.0]",3,0,mse,seed0_l3_tc_k4_s1,P9,READ,10000,experiment_v1_4/evidence/P9/v1_4_p9_evaluation_return_1790842429996719913.zip::tc/runs/seed0_l3_tc_k4_s1/semantic.json,1,val,m prediction from u,tc,0.021126151116410363
,,,fidelity,76d86f1a83bde7f8f6389684cd2a3913c923e21ccfbe42e40d3255385a9982b1,,,point estimate; empirical LM/sparse ranges reported separately,u_to_m,4,"[3.0,4.0,4.0,4.0,4.0,4.0]",3,0,nmse,seed0_l3_tc_k4_s1,P9,READ,10000,experiment_v1_4/evidence/P9/v1_4_p9_evaluation_return_1790842429996719913.zip::tc/runs/seed0_l3_tc_k4_s1/semantic.json,1,val,m prediction from u,tc,0.02141398690717641
,,,fidelity,76d86f1a83bde7f8f6389684cd2a3913c923e21ccfbe42e40d3255385a9982b1,,,point estimate; empirical LM/sparse ranges reported separately,u_to_m,4,"[3.0,4.0,4.0,4.0,4.0,4.0]",3,0,r2,seed0_l3_tc_k4_s1,P9,READ,10000,experiment_v1_4/evidence/P9/v1_4_p9_evaluation_return_1790842429996719913.zip::tc/runs/seed0_l3_tc_k4_s1/semantic.json,1,val,m prediction from u,tc,0.9785798826746249
,,,fidelity,76d86f1a83bde7f8f6389684cd2a3913c923e21ccfbe42e40d3255385a9982b1,,,point estimate; empirical LM/sparse ranges reported separately,u_to_m,4,"[3.0,4.0,4.0,4.0,4.0,4.0]",3,0,ev,seed0_l3_tc_k4_s1,P9,READ,10000,experiment_v1_4/evidence/P9/v1_4_p9_evaluation_return_1790842429996719913.zip::tc/runs/seed0_l3_tc_k4_s1/semantic.json,1,val,m prediction from u,tc,0.9786145791633242
,,,fidelity,76d86f1a83bde7f8f6389684cd2a3913c923e21ccfbe42e40d3255385a9982b1,,,point estimate; empirical LM/sparse ranges reported separately,u_to_m,4,"[3.0,4.0,4.0,4.0,4.0,4.0]",3,0,inactive_fraction,seed0_l3_tc_k4_s1,P9,READ,10000,experiment_v1_4/evidence/P9/v1_4_p9_evaluation_return_1790842429996719913.zip::tc/runs/seed0_l3_tc_k4_s1/semantic.json,1,val,m prediction from u,tc,0.830078125
,,,fidelity,76d86f1a83bde7f8f6389684cd2a3913c923e21ccfbe42e40d3255385a9982b1,,,point estimate; empirical LM/sparse ranges reported separately,u_to_m,4,"[3.0,4.0,4.0,4.0,4.0,4.0]",3,0,inactive_count,seed0_l3_tc_k4_s1,P9,READ,10000,experiment_v1_4/evidence/P9/v1_4_p9_evaluation_return_1790842429996719913.zip::tc/runs/seed0_l3_tc_k4_s1/semantic.json,1,val,m prediction from u,tc,425
,,,fidelity,76d86f1a83bde7f8f6389684cd2a3913c923e21ccfbe42e40d3255385a9982b1,,,point estimate; empirical LM/sparse ranges reported separately,u_to_m,4,"[3.0,4.0,4.0,4.0,4.0,4.0]",3,0,l0_mean,seed0_l3_tc_k4_s1,P9,READ,10000,experiment_v1_4/evidence/P9/v1_4_p9_evaluation_return_1790842429996719913.zip::tc/runs/seed0_l3_tc_k4_s1/semantic.json,1,val,m prediction from u,tc,3.9995
,,,fidelity,76d86f1a83bde7f8f6389684cd2a3913c923e21ccfbe42e40d3255385a9982b1,,,point estimate; empirical LM/sparse ranges reported separately,u_to_m,4,"[3.0,4.0,4.0,4.0,4.0,4.0]",3,0,l0_median,seed0_l3_tc_k4_s1,P9,READ,10000,experiment_v1_4/evidence/P9/v1_4_p9_evaluation_return_1790842429996719913.zip::tc/runs/seed0_l3_tc_k4_s1/semantic.json,1,val,m prediction from u,tc,4.0
,,,fidelity,76d86f1a83bde7f8f6389684cd2a3913c923e21ccfbe42e40d3255385a9982b1,,,point estimate; empirical LM/sparse ranges reported separately,u_to_m,4,"[3.0,4.0,4.0,4.0,4.0,4.0]",3,0,dead_fraction,seed0_l3_tc_k4_s1,P9,READ,10000,experiment_v1_4/evidence/P9/v1_4_p9_evaluation_return_1790842429996719913.zip::tc/runs/seed0_l3_tc_k4_s1/semantic.json,1,val,m prediction from u,tc,0.765625
,,,fidelity,76d86f1a83bde7f8f6389684cd2a3913c923e21ccfbe42e40d3255385a9982b1,,,point estimate; empirical LM/sparse ranges reported separately,u_to_m,4,"[3.0,4.0,4.0,4.0,4.0,4.0]",3,0,mse,seed0_l3_tc_k4_s1,P9,READ,20000,experiment_v1_4/evidence/P9/v1_4_p9_evaluation_return_1790842429996719913.zip::tc/runs/seed0_l3_tc_k4_s1/semantic.json,1,test,m prediction from u,tc,0.02107053182069823
,,,fidelity,76d86f1a83bde7f8f6389684cd2a3913c923e21ccfbe42e40d3255385a9982b1,,,point estimate; empirical LM/sparse ranges reported separately,u_to_m,4,"[3.0,4.0,4.0,4.0,4.0,4.0]",3,0,nmse,seed0_l3_tc_k4_s1,P9,READ,20000,experiment_v1_4/evidence/P9/v1_4_p9_evaluation_return_1790842429996719913.zip::tc/runs/seed0_l3_tc_k4_s1/semantic.json,1,test,m prediction from u,tc,0.0207222543902743
,,,fidelity,76d86f1a83bde7f8f6389684cd2a3913c923e21ccfbe42e40d3255385a9982b1,,,point estimate; empirical LM/sparse ranges reported separately,u_to_m,4,"[3.0,4.0,4.0,4.0,4.0,4.0]",3,0,r2,seed0_l3_tc_k4_s1,P9,READ,20000,experiment_v1_4/evidence/P9/v1_4_p9_evaluation_return_1790842429996719913.zip::tc/runs/seed0_l3_tc_k4_s1/semantic.json,1,test,m prediction from u,tc,0.9792753904801017
,,,fidelity,76d86f1a83bde7f8f6389684cd2a3913c923e21ccfbe42e40d3255385a9982b1,,,point estimate; empirical LM/sparse ranges reported separately,u_to_m,4,"[3.0,4.0,4.0,4.0,4.0,4.0]",3,0,ev,seed0_l3_tc_k4_s1,P9,READ,20000,experiment_v1_4/evidence/P9/v1_4_p9_evaluation_return_1790842429996719913.zip::tc/runs/seed0_l3_tc_k4_s1/semantic.json,1,test,m prediction from u,tc,0.9793055877282507
,,,fidelity,76d86f1a83bde7f8f6389684cd2a3913c923e21ccfbe42e40d3255385a9982b1,,,point estimate; empirical LM/sparse ranges reported separately,u_to_m,4,"[3.0,4.0,4.0,4.0,4.0,4.0]",3,0,inactive_fraction,seed0_l3_tc_k4_s1,P9,READ,20000,experiment_v1_4/evidence/P9/v1_4_p9_evaluation_return_1790842429996719913.zip::tc/runs/seed0_l3_tc_k4_s1/semantic.json,1,test,m prediction from u,tc,0.8125
,,,fidelity,76d86f1a83bde7f8f6389684cd2a3913c923e21ccfbe42e40d3255385a9982b1,,,point estimate; empirical LM/sparse ranges reported separately,u_to_m,4,"[3.0,4.0,4.0,4.0,4.0,4.0]",3,0,inactive_count,seed0_l3_tc_k4_s1,P9,READ,20000,experiment_v1_4/evidence/P9/v1_4_p9_evaluation_return_1790842429996719913.zip::tc/runs/seed0_l3_tc_k4_s1/semantic.json,1,test,m prediction from u,tc,416
,,,fidelity,76d86f1a83bde7f8f6389684cd2a3913c923e21ccfbe42e40d3255385a9982b1,,,point estimate; empirical LM/sparse ranges reported separately,u_to_m,4,"[3.0,4.0,4.0,4.0,4.0,4.0]",3,0,l0_mean,seed0_l3_tc_k4_s1,P9,READ,20000,experiment_v1_4/evidence/P9/v1_4_p9_evaluation_return_1790842429996719913.zip::tc/runs/seed0_l3_tc_k4_s1/semantic.json,1,test,m prediction from u,tc,3.9994
,,,fidelity,76d86f1a83bde7f8f6389684cd2a3913c923e21ccfbe42e40d3255385a9982b1,,,point estimate; empirical LM/sparse ranges reported separately,u_to_m,4,"[3.0,4.0,4.0,4.0,4.0,4.0]",3,0,l0_median,seed0_l3_tc_k4_s1,P9,READ,20000,experiment_v1_4/evidence/P9/v1_4_p9_evaluation_return_1790842429996719913.zip::tc/runs/seed0_l3_tc_k4_s1/semantic.json,1,test,m prediction from u,tc,4.0
,,,fidelity,76d86f1a83bde7f8f6389684cd2a3913c923e21ccfbe42e40d3255385a9982b1,,,point estimate; empirical LM/sparse ranges reported separately,u_to_m,4,"[3.0,4.0,4.0,4.0,4.0,4.0]",3,0,dead_fraction,seed0_l3_tc_k4_s1,P9,READ,20000,experiment_v1_4/evidence/P9/v1_4_p9_evaluation_return_1790842429996719913.zip::tc/runs/seed0_l3_tc_k4_s1/semantic.json,1,test,m prediction from u,tc,0.765625
1000,726868113002170161,1000,replacement,76d86f1a83bde7f8f6389684cd2a3913c923e21ccfbe42e40d3255385a9982b1,0.0006112850903504384,0.00017682572966188915,,u_to_m,4,,3,0,original_ce,seed0_l3_tc_k4_s1,P9,READ,2048,experiment_v1_4/evidence/P9/v1_4_p9_evaluation_return_1790842429996719913.zip::tc/runs/seed0_l3_tc_k4_s1/summary.json,1,behavior_test,m prediction from u,tc,0.00037435924538775645
1000,726868113002170161,1000,replacement,76d86f1a83bde7f8f6389684cd2a3913c923e21ccfbe42e40d3255385a9982b1,0.0005959251138911325,0.00017595431409022643,,u_to_m,4,,3,0,patched_ce,seed0_l3_tc_k4_s1,P9,READ,2048,experiment_v1_4/evidence/P9/v1_4_p9_evaluation_return_1790842429996719913.zip::tc/runs/seed0_l3_tc_k4_s1/summary.json,1,behavior_test,m prediction from u,tc,0.0003660199920190177
1000,726868113002170161,1000,replacement,76d86f1a83bde7f8f6389684cd2a3913c923e21ccfbe42e40d3255385a9982b1,8.761424159203772e-06,-2.587589884981978e-05,,u_to_m,4,,3,0,delta_ce,seed0_l3_tc_k4_s1,P9,READ,2048,experiment_v1_4/evidence/P9/v1_4_p9_evaluation_return_1790842429996719913.zip::tc/runs/seed0_l3_tc_k4_s1/summary.json,1,behavior_test,m prediction from u,tc,-8.339253425582172e-06
1000,726868113002170161,1000,replacement,76d86f1a83bde7f8f6389684cd2a3913c923e21ccfbe42e40d3255385a9982b1,1.0,1.0,,u_to_m,4,,3,0,original_accuracy,seed0_l3_tc_k4_s1,P9,READ,2048,experiment_v1_4/evidence/P9/v1_4_p9_evaluation_return_1790842429996719913.zip::tc/runs/seed0_l3_tc_k4_s1/summary.json,1,behavior_test,m prediction from u,tc,1.0
1000,726868113002170161,1000,replacement,76d86f1a83bde7f8f6389684cd2a3913c923e21ccfbe42e40d3255385a9982b1,1.0,1.0,,u_to_m,4,,3,0,patched_accuracy,seed0_l3_tc_k4_s1,P9,READ,2048,experiment_v1_4/evidence/P9/v1_4_p9_evaluation_return_1790842429996719913.zip::tc/runs/seed0_l3_tc_k4_s1/summary.json,1,behavior_test,m prediction from u,tc,1.0
1000,726868113002170161,1000,replacement,76d86f1a83bde7f8f6389684cd2a3913c923e21ccfbe42e40d3255385a9982b1,0.0,0.0,,u_to_m,4,,3,0,delta_accuracy,seed0_l3_tc_k4_s1,P9,READ,2048,experiment_v1_4/evidence/P9/v1_4_p9_evaluation_return_1790842429996719913.zip::tc/runs/seed0_l3_tc_k4_s1/summary.json,1,behavior_test,m prediction from u,tc,0.0
,,,fidelity,76d86f1a83bde7f8f6389684cd2a3913c923e21ccfbe42e40d3255385a9982b1,,,point estimate; empirical LM/sparse ranges reported separately,u_to_m,16,"[9.0,16.0,16.0,16.0,16.0,16.0]",3,0,mse,seed0_l3_tc_k16_s1,P9,READ,50000,experiment_v1_4/evidence/P9/v1_4_p9_evaluation_return_1790842429996719913.zip::tc/runs/seed0_l3_tc_k16_s1/semantic.json,1,train,m prediction from u,tc,0.003093607415965866
,,,fidelity,76d86f1a83bde7f8f6389684cd2a3913c923e21ccfbe42e40d3255385a9982b1,,,point estimate; empirical LM/sparse ranges reported separately,u_to_m,16,"[9.0,16.0,16.0,16.0,16.0,16.0]",3,0,nmse,seed0_l3_tc_k16_s1,P9,READ,50000,experiment_v1_4/evidence/P9/v1_4_p9_evaluation_return_1790842429996719913.zip::tc/runs/seed0_l3_tc_k16_s1/semantic.json,1,train,m prediction from u,tc,0.0030936073045778113
,,,fidelity,76d86f1a83bde7f8f6389684cd2a3913c923e21ccfbe42e40d3255385a9982b1,,,point estimate; empirical LM/sparse ranges reported separately,u_to_m,16,"[9.0,16.0,16.0,16.0,16.0,16.0]",3,0,r2,seed0_l3_tc_k16_s1,P9,READ,50000,experiment_v1_4/evidence/P9/v1_4_p9_evaluation_return_1790842429996719913.zip::tc/runs/seed0_l3_tc_k16_s1/semantic.json,1,train,m prediction from u,tc,0.9969063926954221
,,,fidelity,76d86f1a83bde7f8f6389684cd2a3913c923e21ccfbe42e40d3255385a9982b1,,,point estimate; empirical LM/sparse ranges reported separately,u_to_m,16,"[9.0,16.0,16.0,16.0,16.0,16.0]",3,0,ev,seed0_l3_tc_k16_s1,P9,READ,50000,experiment_v1_4/evidence/P9/v1_4_p9_evaluation_return_1790842429996719913.zip::tc/runs/seed0_l3_tc_k16_s1/semantic.json,1,train,m prediction from u,tc,0.9969236570366441
,,,fidelity,76d86f1a83bde7f8f6389684cd2a3913c923e21ccfbe42e40d3255385a9982b1,,,point estimate; empirical LM/sparse ranges reported separately,u_to_m,16,"[9.0,16.0,16.0,16.0,16.0,16.0]",3,0,inactive_fraction,seed0_l3_tc_k16_s1,P9,READ,50000,experiment_v1_4/evidence/P9/v1_4_p9_evaluation_return_1790842429996719913.zip::tc/runs/seed0_l3_tc_k16_s1/semantic.json,1,train,m prediction from u,tc,0.46875
,,,fidelity,76d86f1a83bde7f8f6389684cd2a3913c923e21ccfbe42e40d3255385a9982b1,,,point estimate; empirical LM/sparse ranges reported separately,u_to_m,16,"[9.0,16.0,16.0,16.0,16.0,16.0]",3,0,inactive_count,seed0_l3_tc_k16_s1,P9,READ,50000,experiment_v1_4/evidence/P9/v1_4_p9_evaluation_return_1790842429996719913.zip::tc/runs/seed0_l3_tc_k16_s1/semantic.json,1,train,m prediction from u,tc,240
,,,fidelity,76d86f1a83bde7f8f6389684cd2a3913c923e21ccfbe42e40d3255385a9982b1,,,point estimate; empirical LM/sparse ranges reported separately,u_to_m,16,"[9.0,16.0,16.0,16.0,16.0,16.0]",3,0,l0_mean,seed0_l3_tc_k16_s1,P9,READ,50000,experiment_v1_4/evidence/P9/v1_4_p9_evaluation_return_1790842429996719913.zip::tc/runs/seed0_l3_tc_k16_s1/semantic.json,1,train,m prediction from u,tc,15.92994
,,,fidelity,76d86f1a83bde7f8f6389684cd2a3913c923e21ccfbe42e40d3255385a9982b1,,,point estimate; empirical LM/sparse ranges reported separately,u_to_m,16,"[9.0,16.0,16.0,16.0,16.0,16.0]",3,0,l0_median,seed0_l3_tc_k16_s1,P9,READ,50000,experiment_v1_4/evidence/P9/v1_4_p9_evaluation_return_1790842429996719913.zip::tc/runs/seed0_l3_tc_k16_s1/semantic.json,1,train,m prediction from u,tc,16.0
,,,fidelity,76d86f1a83bde7f8f6389684cd2a3913c923e21ccfbe42e40d3255385a9982b1,,,point estimate; empirical LM/sparse ranges reported separately,u_to_m,16,"[9.0,16.0,16.0,16.0,16.0,16.0]",3,0,dead_fraction,seed0_l3_tc_k16_s1,P9,READ,50000,experiment_v1_4/evidence/P9/v1_4_p9_evaluation_return_1790842429996719913.zip::tc/runs/seed0_l3_tc_k16_s1/semantic.json,1,train,m prediction from u,tc,0.46875
,,,fidelity,76d86f1a83bde7f8f6389684cd2a3913c923e21ccfbe42e40d3255385a9982b1,,,point estimate; empirical LM/sparse ranges reported separately,u_to_m,16,"[10.0,16.0,16.0,16.0,16.0,16.0]",3,0,mse,seed0_l3_tc_k16_s1,P9,READ,10000,experiment_v1_4/evidence/P9/v1_4_p9_evaluation_return_1790842429996719913.zip::tc/runs/seed0_l3_tc_k16_s1/semantic.json,1,val,m prediction from u,tc,0.0031948702027570657
,,,fidelity,76d86f1a83bde7f8f6389684cd2a3913c923e21ccfbe42e40d3255385a9982b1,,,point estimate; empirical LM/sparse ranges reported separately,u_to_m,16,"[10.0,16.0,16.0,16.0,16.0,16.0]",3,0,nmse,seed0_l3_tc_k16_s1,P9,READ,10000,experiment_v1_4/evidence/P9/v1_4_p9_evaluation_return_1790842429996719913.zip::tc/runs/seed0_l3_tc_k16_s1/semantic.json,1,val,m prediction from u,tc,0.003238399096692276
,,,fidelity,76d86f1a83bde7f8f6389684cd2a3913c923e21ccfbe42e40d3255385a9982b1,,,point estimate; empirical LM/sparse ranges reported separately,u_to_m,16,"[10.0,16.0,16.0,16.0,16.0,16.0]",3,0,r2,seed0_l3_tc_k16_s1,P9,READ,10000,experiment_v1_4/evidence/P9/v1_4_p9_evaluation_return_1790842429996719913.zip::tc/runs/seed0_l3_tc_k16_s1/semantic.json,1,val,m prediction from u,tc,0.9967606738110832
,,,fidelity,76d86f1a83bde7f8f6389684cd2a3913c923e21ccfbe42e40d3255385a9982b1,,,point estimate; empirical LM/sparse ranges reported separately,u_to_m,16,"[10.0,16.0,16.0,16.0,16.0,16.0]",3,0,ev,seed0_l3_tc_k16_s1,P9,READ,10000,experiment_v1_4/evidence/P9/v1_4_p9_evaluation_return_1790842429996719913.zip::tc/runs/seed0_l3_tc_k16_s1/semantic.json,1,val,m prediction from u,tc,0.9967787961629675
,,,fidelity,76d86f1a83bde7f8f6389684cd2a3913c923e21ccfbe42e40d3255385a9982b1,,,point estimate; empirical LM/sparse ranges reported separately,u_to_m,16,"[10.0,16.0,16.0,16.0,16.0,16.0]",3,0,inactive_fraction,seed0_l3_tc_k16_s1,P9,READ,10000,experiment_v1_4/evidence/P9/v1_4_p9_evaluation_return_1790842429996719913.zip::tc/runs/seed0_l3_tc_k16_s1/semantic.json,1,val,m prediction from u,tc,0.544921875
,,,fidelity,76d86f1a83bde7f8f6389684cd2a3913c923e21ccfbe42e40d3255385a9982b1,,,point estimate; empirical LM/sparse ranges reported separately,u_to_m,16,"[10.0,16.0,16.0,16.0,16.0,16.0]",3,0,inactive_count,seed0_l3_tc_k16_s1,P9,READ,10000,experiment_v1_4/evidence/P9/v1_4_p9_evaluation_return_1790842429996719913.zip::tc/runs/seed0_l3_tc_k16_s1/semantic.json,1,val,m prediction from u,tc,279
,,,fidelity,76d86f1a83bde7f8f6389684cd2a3913c923e21ccfbe42e40d3255385a9982b1,,,point estimate; empirical LM/sparse ranges reported separately,u_to_m,16,"[10.0,16.0,16.0,16.0,16.0,16.0]",3,0,l0_mean,seed0_l3_tc_k16_s1,P9,READ,10000,experiment_v1_4/evidence/P9/v1_4_p9_evaluation_return_1790842429996719913.zip::tc/runs/seed0_l3_tc_k16_s1/semantic.json,1,val,m prediction from u,tc,15.9313
,,,fidelity,76d86f1a83bde7f8f6389684cd2a3913c923e21ccfbe42e40d3255385a9982b1,,,point estimate; empirical LM/sparse ranges reported separately,u_to_m,16,"[10.0,16.0,16.0,16.0,16.0,16.0]",3,0,l0_median,seed0_l3_tc_k16_s1,P9,READ,10000,experiment_v1_4/evidence/P9/v1_4_p9_evaluation_return_1790842429996719913.zip::tc/runs/seed0_l3_tc_k16_s1/semantic.json,1,val,m prediction from u,tc,16.0
,,,fidelity,76d86f1a83bde7f8f6389684cd2a3913c923e21ccfbe42e40d3255385a9982b1,,,point estimate; empirical LM/sparse ranges reported separately,u_to_m,16,"[10.0,16.0,16.0,16.0,16.0,16.0]",3,0,dead_fraction,seed0_l3_tc_k16_s1,P9,READ,10000,experiment_v1_4/evidence/P9/v1_4_p9_evaluation_return_1790842429996719913.zip::tc/runs/seed0_l3_tc_k16_s1/semantic.json,1,val,m prediction from u,tc,0.46875
,,,fidelity,76d86f1a83bde7f8f6389684cd2a3913c923e21ccfbe42e40d3255385a9982b1,,,point estimate; empirical LM/sparse ranges reported separately,u_to_m,16,"[9.0,16.0,16.0,16.0,16.0,16.0]",3,0,mse,seed0_l3_tc_k16_s1,P9,READ,20000,experiment_v1_4/evidence/P9/v1_4_p9_evaluation_return_1790842429996719913.zip::tc/runs/seed0_l3_tc_k16_s1/semantic.json,1,test,m prediction from u,tc,0.003169644448971392
,,,fidelity,76d86f1a83bde7f8f6389684cd2a3913c923e21ccfbe42e40d3255385a9982b1,,,point estimate; empirical LM/sparse ranges reported separately,u_to_m,16,"[9.0,16.0,16.0,16.0,16.0,16.0]",3,0,nmse,seed0_l3_tc_k16_s1,P9,READ,20000,experiment_v1_4/evidence/P9/v1_4_p9_evaluation_return_1790842429996719913.zip::tc/runs/seed0_l3_tc_k16_s1/semantic.json,1,test,m prediction from u,tc,0.0031172530032575812
,,,fidelity,76d86f1a83bde7f8f6389684cd2a3913c923e21ccfbe42e40d3255385a9982b1,,,point estimate; empirical LM/sparse ranges reported separately,u_to_m,16,"[9.0,16.0,16.0,16.0,16.0,16.0]",3,0,r2,seed0_l3_tc_k16_s1,P9,READ,20000,experiment_v1_4/evidence/P9/v1_4_p9_evaluation_return_1790842429996719913.zip::tc/runs/seed0_l3_tc_k16_s1/semantic.json,1,test,m prediction from u,tc,0.9968823927141072
,,,fidelity,76d86f1a83bde7f8f6389684cd2a3913c923e21ccfbe42e40d3255385a9982b1,,,point estimate; empirical LM/sparse ranges reported separately,u_to_m,16,"[9.0,16.0,16.0,16.0,16.0,16.0]",3,0,ev,seed0_l3_tc_k16_s1,P9,READ,20000,experiment_v1_4/evidence/P9/v1_4_p9_evaluation_return_1790842429996719913.zip::tc/runs/seed0_l3_tc_k16_s1/semantic.json,1,test,m prediction from u,tc,0.9968996271699114
,,,fidelity,76d86f1a83bde7f8f6389684cd2a3913c923e21ccfbe42e40d3255385a9982b1,,,point estimate; empirical LM/sparse ranges reported separately,u_to_m,16,"[9.0,16.0,16.0,16.0,16.0,16.0]",3,0,inactive_fraction,seed0_l3_tc_k16_s1,P9,READ,20000,experiment_v1_4/evidence/P9/v1_4_p9_evaluation_return_1790842429996719913.zip::tc/runs/seed0_l3_tc_k16_s1/semantic.json,1,test,m prediction from u,tc,0.498046875
,,,fidelity,76d86f1a83bde7f8f6389684cd2a3913c923e21ccfbe42e40d3255385a9982b1,,,point estimate; empirical LM/sparse ranges reported separately,u_to_m,16,"[9.0,16.0,16.0,16.0,16.0,16.0]",3,0,inactive_count,seed0_l3_tc_k16_s1,P9,READ,20000,experiment_v1_4/evidence/P9/v1_4_p9_evaluation_return_1790842429996719913.zip::tc/runs/seed0_l3_tc_k16_s1/semantic.json,1,test,m prediction from u,tc,255
,,,fidelity,76d86f1a83bde7f8f6389684cd2a3913c923e21ccfbe42e40d3255385a9982b1,,,point estimate; empirical LM/sparse ranges reported separately,u_to_m,16,"[9.0,16.0,16.0,16.0,16.0,16.0]",3,0,l0_mean,seed0_l3_tc_k16_s1,P9,READ,20000,experiment_v1_4/evidence/P9/v1_4_p9_evaluation_return_1790842429996719913.zip::tc/runs/seed0_l3_tc_k16_s1/semantic.json,1,test,m prediction from u,tc,15.93515
,,,fidelity,76d86f1a83bde7f8f6389684cd2a3913c923e21ccfbe42e40d3255385a9982b1,,,point estimate; empirical LM/sparse ranges reported separately,u_to_m,16,"[9.0,16.0,16.0,16.0,16.0,16.0]",3,0,l0_median,seed0_l3_tc_k16_s1,P9,READ,20000,experiment_v1_4/evidence/P9/v1_4_p9_evaluation_return_1790842429996719913.zip::tc/runs/seed0_l3_tc_k16_s1/semantic.json,1,test,m prediction from u,tc,16.0
,,,fidelity,76d86f1a83bde7f8f6389684cd2a3913c923e21ccfbe42e40d3255385a9982b1,,,point estimate; empirical LM/sparse ranges reported separately,u_to_m,16,"[9.0,16.0,16.0,16.0,16.0,16.0]",3,0,dead_fraction,seed0_l3_tc_k16_s1,P9,READ,20000,experiment_v1_4/evidence/P9/v1_4_p9_evaluation_return_1790842429996719913.zip::tc/runs/seed0_l3_tc_k16_s1/semantic.json,1,test,m prediction from u,tc,0.46875
1000,14242934783344223598,1000,replacement,76d86f1a83bde7f8f6389684cd2a3913c923e21ccfbe42e40d3255385a9982b1,0.0006450064747478945,0.00016806667241010543,,u_to_m,16,,3,0,original_ce,seed0_l3_tc_k16_s1,P9,READ,2048,experiment_v1_4/evidence/P9/v1_4_p9_evaluation_return_1790842429996719913.zip::tc/runs/seed0_l3_tc_k16_s1/summary.json,1,behavior_test,m prediction from u,tc,0.00037435924538775645
1000,14242934783344223598,1000,replacement,76d86f1a83bde7f8f6389684cd2a3913c923e21ccfbe42e40d3255385a9982b1,0.0006336986464210935,0.0001673966520727599,,u_to_m,16,,3,0,patched_ce,seed0_l3_tc_k16_s1,P9,READ,2048,experiment_v1_4/evidence/P9/v1_4_p9_evaluation_return_1790842429996719913.zip::tc/runs/seed0_l3_tc_k16_s1/summary.json,1,behavior_test,m prediction from u,tc,0.0003709073276418895
1000,14242934783344223598,1000,replacement,76d86f1a83bde7f8f6389684cd2a3913c923e21ccfbe42e40d3255385a9982b1,4.6667620595020056e-06,-1.3062146173525857e-05,,u_to_m,16,,3,0,delta_ce,seed0_l3_tc_k16_s1,P9,READ,2048,experiment_v1_4/evidence/P9/v1_4_p9_evaluation_return_1790842429996719913.zip::tc/runs/seed0_l3_tc_k16_s1/summary.json,1,behavior_test,m prediction from u,tc,-3.4519177458669503e-06
1000,14242934783344223598,1000,replacement,76d86f1a83bde7f8f6389684cd2a3913c923e21ccfbe42e40d3255385a9982b1,1.0,1.0,,u_to_m,16,,3,0,original_accuracy,seed0_l3_tc_k16_s1,P9,READ,2048,experiment_v1_4/evidence/P9/v1_4_p9_evaluation_return_1790842429996719913.zip::tc/runs/seed0_l3_tc_k16_s1/summary.json,1,behavior_test,m prediction from u,tc,1.0
1000,14242934783344223598,1000,replacement,76d86f1a83bde7f8f6389684cd2a3913c923e21ccfbe42e40d3255385a9982b1,1.0,1.0,,u_to_m,16,,3,0,patched_accuracy,seed0_l3_tc_k16_s1,P9,READ,2048,experiment_v1_4/evidence/P9/v1_4_p9_evaluation_return_1790842429996719913.zip::tc/runs/seed0_l3_tc_k16_s1/summary.json,1,behavior_test,m prediction from u,tc,1.0
1000,14242934783344223598,1000,replacement,76d86f1a83bde7f8f6389684cd2a3913c923e21ccfbe42e40d3255385a9982b1,0.0,0.0,,u_to_m,16,,3,0,delta_accuracy,seed0_l3_tc_k16_s1,P9,READ,2048,experiment_v1_4/evidence/P9/v1_4_p9_evaluation_return_1790842429996719913.zip::tc/runs/seed0_l3_tc_k16_s1/summary.json,1,behavior_test,m prediction from u,tc,0.0
,,,fidelity,76d86f1a83bde7f8f6389684cd2a3913c923e21ccfbe42e40d3255385a9982b1,,,point estimate; empirical LM/sparse ranges reported separately,u_to_m,4,"[4.0,4.0,4.0,4.0,4.0,4.0]",7,0,mse,seed0_l7_tc_k4_s1,P9,READ,50000,experiment_v1_4/evidence/P9/v1_4_p9_evaluation_return_1790842429996719913.zip::tc/runs/seed0_l7_tc_k4_s1/semantic.json,1,train,m prediction from u,tc,0.012782889117011111
,,,fidelity,76d86f1a83bde7f8f6389684cd2a3913c923e21ccfbe42e40d3255385a9982b1,,,point estimate; empirical LM/sparse ranges reported separately,u_to_m,4,"[4.0,4.0,4.0,4.0,4.0,4.0]",7,0,nmse,seed0_l7_tc_k4_s1,P9,READ,50000,experiment_v1_4/evidence/P9/v1_4_p9_evaluation_return_1790842429996719913.zip::tc/runs/seed0_l7_tc_k4_s1/semantic.json,1,train,m prediction from u,tc,0.012782889785533847
,,,fidelity,76d86f1a83bde7f8f6389684cd2a3913c923e21ccfbe42e40d3255385a9982b1,,,point estimate; empirical LM/sparse ranges reported separately,u_to_m,4,"[4.0,4.0,4.0,4.0,4.0,4.0]",7,0,r2,seed0_l7_tc_k4_s1,P9,READ,50000,experiment_v1_4/evidence/P9/v1_4_p9_evaluation_return_1790842429996719913.zip::tc/runs/seed0_l7_tc_k4_s1/semantic.json,1,train,m prediction from u,tc,0.9872171102144661
,,,fidelity,76d86f1a83bde7f8f6389684cd2a3913c923e21ccfbe42e40d3255385a9982b1,,,point estimate; empirical LM/sparse ranges reported separately,u_to_m,4,"[4.0,4.0,4.0,4.0,4.0,4.0]",7,0,ev,seed0_l7_tc_k4_s1,P9,READ,50000,experiment_v1_4/evidence/P9/v1_4_p9_evaluation_return_1790842429996719913.zip::tc/runs/seed0_l7_tc_k4_s1/semantic.json,1,train,m prediction from u,tc,0.9872466446580709
,,,fidelity,76d86f1a83bde7f8f6389684cd2a3913c923e21ccfbe42e40d3255385a9982b1,,,point estimate; empirical LM/sparse ranges reported separately,u_to_m,4,"[4.0,4.0,4.0,4.0,4.0,4.0]",7,0,inactive_fraction,seed0_l7_tc_k4_s1,P9,READ,50000,experiment_v1_4/evidence/P9/v1_4_p9_evaluation_return_1790842429996719913.zip::tc/runs/seed0_l7_tc_k4_s1/semantic.json,1,train,m prediction from u,tc,0.78125
,,,fidelity,76d86f1a83bde7f8f6389684cd2a3913c923e21ccfbe42e40d3255385a9982b1,,,point estimate; empirical LM/sparse ranges reported separately,u_to_m,4,"[4.0,4.0,4.0,4.0,4.0,4.0]",7,0,inactive_count,seed0_l7_tc_k4_s1,P9,READ,50000,experiment_v1_4/evidence/P9/v1_4_p9_evaluation_return_1790842429996719913.zip::tc/runs/seed0_l7_tc_k4_s1/semantic.json,1,train,m prediction from u,tc,400
,,,fidelity,76d86f1a83bde7f8f6389684cd2a3913c923e21ccfbe42e40d3255385a9982b1,,,point estimate; empirical LM/sparse ranges reported separately,u_to_m,4,"[4.0,4.0,4.0,4.0,4.0,4.0]",7,0,l0_mean,seed0_l7_tc_k4_s1,P9,READ,50000,experiment_v1_4/evidence/P9/v1_4_p9_evaluation_return_1790842429996719913.zip::tc/runs/seed0_l7_tc_k4_s1/semantic.json,1,train,m prediction from u,tc,4.0
,,,fidelity,76d86f1a83bde7f8f6389684cd2a3913c923e21ccfbe42e40d3255385a9982b1,,,point estimate; empirical LM/sparse ranges reported separately,u_to_m,4,"[4.0,4.0,4.0,4.0,4.0,4.0]",7,0,l0_median,seed0_l7_tc_k4_s1,P9,READ,50000,experiment_v1_4/evidence/P9/v1_4_p9_evaluation_return_1790842429996719913.zip::tc/runs/seed0_l7_tc_k4_s1/semantic.json,1,train,m prediction from u,tc,4.0
,,,fidelity,76d86f1a83bde7f8f6389684cd2a3913c923e21ccfbe42e40d3255385a9982b1,,,point estimate; empirical LM/sparse ranges reported separately,u_to_m,4,"[4.0,4.0,4.0,4.0,4.0,4.0]",7,0,dead_fraction,seed0_l7_tc_k4_s1,P9,READ,50000,experiment_v1_4/evidence/P9/v1_4_p9_evaluation_return_1790842429996719913.zip::tc/runs/seed0_l7_tc_k4_s1/semantic.json,1,train,m prediction from u,tc,0.78125
,,,fidelity,76d86f1a83bde7f8f6389684cd2a3913c923e21ccfbe42e40d3255385a9982b1,,,point estimate; empirical LM/sparse ranges reported separately,u_to_m,4,"[4.0,4.0,4.0,4.0,4.0,4.0]",7,0,mse,seed0_l7_tc_k4_s1,P9,READ,10000,experiment_v1_4/evidence/P9/v1_4_p9_evaluation_return_1790842429996719913.zip::tc/runs/seed0_l7_tc_k4_s1/semantic.json,1,val,m prediction from u,tc,0.013245345465312409
,,,fidelity,76d86f1a83bde7f8f6389684cd2a3913c923e21ccfbe42e40d3255385a9982b1,,,point estimate; empirical LM/sparse ranges reported separately,u_to_m,4,"[4.0,4.0,4.0,4.0,4.0,4.0]",7,0,nmse,seed0_l7_tc_k4_s1,P9,READ,10000,experiment_v1_4/evidence/P9/v1_4_p9_evaluation_return_1790842429996719913.zip::tc/runs/seed0_l7_tc_k4_s1/semantic.json,1,val,m prediction from u,tc,0.012940512330326646
,,,fidelity,76d86f1a83bde7f8f6389684cd2a3913c923e21ccfbe42e40d3255385a9982b1,,,point estimate; empirical LM/sparse ranges reported separately,u_to_m,4,"[4.0,4.0,4.0,4.0,4.0,4.0]",7,0,r2,seed0_l7_tc_k4_s1,P9,READ,10000,experiment_v1_4/evidence/P9/v1_4_p9_evaluation_return_1790842429996719913.zip::tc/runs/seed0_l7_tc_k4_s1/semantic.json,1,val,m prediction from u,tc,0.9870579356765182
,,,fidelity,76d86f1a83bde7f8f6389684cd2a3913c923e21ccfbe42e40d3255385a9982b1,,,point estimate; empirical LM/sparse ranges reported separately,u_to_m,4,"[4.0,4.0,4.0,4.0,4.0,4.0]",7,0,ev,seed0_l7_tc_k4_s1,P9,READ,10000,experiment_v1_4/evidence/P9/v1_4_p9_evaluation_return_1790842429996719913.zip::tc/runs/seed0_l7_tc_k4_s1/semantic.json,1,val,m prediction from u,tc,0.9870897703359641
,,,fidelity,76d86f1a83bde7f8f6389684cd2a3913c923e21ccfbe42e40d3255385a9982b1,,,point estimate; empirical LM/sparse ranges reported separately,u_to_m,4,"[4.0,4.0,4.0,4.0,4.0,4.0]",7,0,inactive_fraction,seed0_l7_tc_k4_s1,P9,READ,10000,experiment_v1_4/evidence/P9/v1_4_p9_evaluation_return_1790842429996719913.zip::tc/runs/seed0_l7_tc_k4_s1/semantic.json,1,val,m prediction from u,tc,0.8359375
,,,fidelity,76d86f1a83bde7f8f6389684cd2a3913c923e21ccfbe42e40d3255385a9982b1,,,point estimate; empirical LM/sparse ranges reported separately,u_to_m,4,"[4.0,4.0,4.0,4.0,4.0,4.0]",7,0,inactive_count,seed0_l7_tc_k4_s1,P9,READ,10000,experiment_v1_4/evidence/P9/v1_4_p9_evaluation_return_1790842429996719913.zip::tc/runs/seed0_l7_tc_k4_s1/semantic.json,1,val,m prediction from u,tc,428
,,,fidelity,76d86f1a83bde7f8f6389684cd2a3913c923e21ccfbe42e40d3255385a9982b1,,,point estimate; empirical LM/sparse ranges reported separately,u_to_m,4,"[4.0,4.0,4.0,4.0,4.0,4.0]",7,0,l0_mean,seed0_l7_tc_k4_s1,P9,READ,10000,experiment_v1_4/evidence/P9/v1_4_p9_evaluation_return_1790842429996719913.zip::tc/runs/seed0_l7_tc_k4_s1/semantic.json,1,val,m prediction from u,tc,4.0
,,,fidelity,76d86f1a83bde7f8f6389684cd2a3913c923e21ccfbe42e40d3255385a9982b1,,,point estimate; empirical LM/sparse ranges reported separately,u_to_m,4,"[4.0,4.0,4.0,4.0,4.0,4.0]",7,0,l0_median,seed0_l7_tc_k4_s1,P9,READ,10000,experiment_v1_4/evidence/P9/v1_4_p9_evaluation_return_1790842429996719913.zip::tc/runs/seed0_l7_tc_k4_s1/semantic.json,1,val,m prediction from u,tc,4.0
,,,fidelity,76d86f1a83bde7f8f6389684cd2a3913c923e21ccfbe42e40d3255385a9982b1,,,point estimate; empirical LM/sparse ranges reported separately,u_to_m,4,"[4.0,4.0,4.0,4.0,4.0,4.0]",7,0,dead_fraction,seed0_l7_tc_k4_s1,P9,READ,10000,experiment_v1_4/evidence/P9/v1_4_p9_evaluation_return_1790842429996719913.zip::tc/runs/seed0_l7_tc_k4_s1/semantic.json,1,val,m prediction from u,tc,0.78125
,,,fidelity,76d86f1a83bde7f8f6389684cd2a3913c923e21ccfbe42e40d3255385a9982b1,,,point estimate; empirical LM/sparse ranges reported separately,u_to_m,4,"[4.0,4.0,4.0,4.0,4.0,4.0]",7,0,mse,seed0_l7_tc_k4_s1,P9,READ,20000,experiment_v1_4/evidence/P9/v1_4_p9_evaluation_return_1790842429996719913.zip::tc/runs/seed0_l7_tc_k4_s1/semantic.json,1,test,m prediction from u,tc,0.01310668975866719
,,,fidelity,76d86f1a83bde7f8f6389684cd2a3913c923e21ccfbe42e40d3255385a9982b1,,,point estimate; empirical LM/sparse ranges reported separately,u_to_m,4,"[4.0,4.0,4.0,4.0,4.0,4.0]",7,0,nmse,seed0_l7_tc_k4_s1,P9,READ,20000,experiment_v1_4/evidence/P9/v1_4_p9_evaluation_return_1790842429996719913.zip::tc/runs/seed0_l7_tc_k4_s1/semantic.json,1,test,m prediction from u,tc,0.012950998406744454
,,,fidelity,76d86f1a83bde7f8f6389684cd2a3913c923e21ccfbe42e40d3255385a9982b1,,,point estimate; empirical LM/sparse ranges reported separately,u_to_m,4,"[4.0,4.0,4.0,4.0,4.0,4.0]",7,0,r2,seed0_l7_tc_k4_s1,P9,READ,20000,experiment_v1_4/evidence/P9/v1_4_p9_evaluation_return_1790842429996719913.zip::tc/runs/seed0_l7_tc_k4_s1/semantic.json,1,test,m prediction from u,tc,0.9870487810342421
,,,fidelity,76d86f1a83bde7f8f6389684cd2a3913c923e21ccfbe42e40d3255385a9982b1,,,point estimate; empirical LM/sparse ranges reported separately,u_to_m,4,"[4.0,4.0,4.0,4.0,4.0,4.0]",7,0,ev,seed0_l7_tc_k4_s1,P9,READ,20000,experiment_v1_4/evidence/P9/v1_4_p9_evaluation_return_1790842429996719913.zip::tc/runs/seed0_l7_tc_k4_s1/semantic.json,1,test,m prediction from u,tc,0.9870771289698292
,,,fidelity,76d86f1a83bde7f8f6389684cd2a3913c923e21ccfbe42e40d3255385a9982b1,,,point estimate; empirical LM/sparse ranges reported separately,u_to_m,4,"[4.0,4.0,4.0,4.0,4.0,4.0]",7,0,inactive_fraction,seed0_l7_tc_k4_s1,P9,READ,20000,experiment_v1_4/evidence/P9/v1_4_p9_evaluation_return_1790842429996719913.zip::tc/runs/seed0_l7_tc_k4_s1/semantic.json,1,test,m prediction from u,tc,0.8125
,,,fidelity,76d86f1a83bde7f8f6389684cd2a3913c923e21ccfbe42e40d3255385a9982b1,,,point estimate; empirical LM/sparse ranges reported separately,u_to_m,4,"[4.0,4.0,4.0,4.0,4.0,4.0]",7,0,inactive_count,seed0_l7_tc_k4_s1,P9,READ,20000,experiment_v1_4/evidence/P9/v1_4_p9_evaluation_return_1790842429996719913.zip::tc/runs/seed0_l7_tc_k4_s1/semantic.json,1,test,m prediction from u,tc,416
,,,fidelity,76d86f1a83bde7f8f6389684cd2a3913c923e21ccfbe42e40d3255385a9982b1,,,point estimate; empirical LM/sparse ranges reported separately,u_to_m,4,"[4.0,4.0,4.0,4.0,4.0,4.0]",7,0,l0_mean,seed0_l7_tc_k4_s1,P9,READ,20000,experiment_v1_4/evidence/P9/v1_4_p9_evaluation_return_1790842429996719913.zip::tc/runs/seed0_l7_tc_k4_s1/semantic.json,1,test,m prediction from u,tc,4.0
,,,fidelity,76d86f1a83bde7f8f6389684cd2a3913c923e21ccfbe42e40d3255385a9982b1,,,point estimate; empirical LM/sparse ranges reported separately,u_to_m,4,"[4.0,4.0,4.0,4.0,4.0,4.0]",7,0,l0_median,seed0_l7_tc_k4_s1,P9,READ,20000,experiment_v1_4/evidence/P9/v1_4_p9_evaluation_return_1790842429996719913.zip::tc/runs/seed0_l7_tc_k4_s1/semantic.json,1,test,m prediction from u,tc,4.0
,,,fidelity,76d86f1a83bde7f8f6389684cd2a3913c923e21ccfbe42e40d3255385a9982b1,,,point estimate; empirical LM/sparse ranges reported separately,u_to_m,4,"[4.0,4.0,4.0,4.0,4.0,4.0]",7,0,dead_fraction,seed0_l7_tc_k4_s1,P9,READ,20000,experiment_v1_4/evidence/P9/v1_4_p9_evaluation_return_1790842429996719913.zip::tc/runs/seed0_l7_tc_k4_s1/semantic.json,1,test,m prediction from u,tc,0.78125
1000,726868113002170161,1000,replacement,76d86f1a83bde7f8f6389684cd2a3913c923e21ccfbe42e40d3255385a9982b1,0.0006112850903504384,0.00017682572966188915,,u_to_m,4,,7,0,original_ce,seed0_l7_tc_k4_s1,P9,READ,2048,experiment_v1_4/evidence/P9/v1_4_p9_evaluation_return_1790842429996719913.zip::tc/runs/seed0_l7_tc_k4_s1/summary.json,1,behavior_test,m prediction from u,tc,0.00037435924538775645
1000,726868113002170161,1000,replacement,76d86f1a83bde7f8f6389684cd2a3913c923e21ccfbe42e40d3255385a9982b1,0.0006001575689357719,0.00017695706950179857,,u_to_m,4,,7,0,patched_ce,seed0_l7_tc_k4_s1,P9,READ,2048,experiment_v1_4/evidence/P9/v1_4_p9_evaluation_return_1790842429996719913.zip::tc/runs/seed0_l7_tc_k4_s1/summary.json,1,behavior_test,m prediction from u,tc,0.00037120578399951754
1000,726868113002170161,1000,replacement,76d86f1a83bde7f8f6389684cd2a3913c923e21ccfbe42e40d3255385a9982b1,6.649321048768364e-06,-1.864762308446677e-05,,u_to_m,4,,7,0,delta_ce,seed0_l7_tc_k4_s1,P9,READ,2048,experiment_v1_4/evidence/P9/v1_4_p9_evaluation_return_1790842429996719913.zip::tc/runs/seed0_l7_tc_k4_s1/summary.json,1,behavior_test,m prediction from u,tc,-3.1534613882389095e-06
1000,726868113002170161,1000,replacement,76d86f1a83bde7f8f6389684cd2a3913c923e21ccfbe42e40d3255385a9982b1,1.0,1.0,,u_to_m,4,,7,0,original_accuracy,seed0_l7_tc_k4_s1,P9,READ,2048,experiment_v1_4/evidence/P9/v1_4_p9_evaluation_return_1790842429996719913.zip::tc/runs/seed0_l7_tc_k4_s1/summary.json,1,behavior_test,m prediction from u,tc,1.0
1000,726868113002170161,1000,replacement,76d86f1a83bde7f8f6389684cd2a3913c923e21ccfbe42e40d3255385a9982b1,1.0,1.0,,u_to_m,4,,7,0,patched_accuracy,seed0_l7_tc_k4_s1,P9,READ,2048,experiment_v1_4/evidence/P9/v1_4_p9_evaluation_return_1790842429996719913.zip::tc/runs/seed0_l7_tc_k4_s1/summary.json,1,behavior_test,m prediction from u,tc,1.0
1000,726868113002170161,1000,replacement,76d86f1a83bde7f8f6389684cd2a3913c923e21ccfbe42e40d3255385a9982b1,0.0,0.0,,u_to_m,4,,7,0,delta_accuracy,seed0_l7_tc_k4_s1,P9,READ,2048,experiment_v1_4/evidence/P9/v1_4_p9_evaluation_return_1790842429996719913.zip::tc/runs/seed0_l7_tc_k4_s1/summary.json,1,behavior_test,m prediction from u,tc,0.0
,,,fidelity,76d86f1a83bde7f8f6389684cd2a3913c923e21ccfbe42e40d3255385a9982b1,,,point estimate; empirical LM/sparse ranges reported separately,u_to_m,16,"[13.0,16.0,16.0,16.0,16.0,16.0]",7,0,mse,seed0_l7_tc_k16_s1,P9,READ,50000,experiment_v1_4/evidence/P9/v1_4_p9_evaluation_return_1790842429996719913.zip::tc/runs/seed0_l7_tc_k16_s1/semantic.json,1,train,m prediction from u,tc,0.0017071971103809125
,,,fidelity,76d86f1a83bde7f8f6389684cd2a3913c923e21ccfbe42e40d3255385a9982b1,,,point estimate; empirical LM/sparse ranges reported separately,u_to_m,16,"[13.0,16.0,16.0,16.0,16.0,16.0]",7,0,nmse,seed0_l7_tc_k16_s1,P9,READ,50000,experiment_v1_4/evidence/P9/v1_4_p9_evaluation_return_1790842429996719913.zip::tc/runs/seed0_l7_tc_k16_s1/semantic.json,1,train,m prediction from u,tc,0.0017071971996643343
,,,fidelity,76d86f1a83bde7f8f6389684cd2a3913c923e21ccfbe42e40d3255385a9982b1,,,point estimate; empirical LM/sparse ranges reported separately,u_to_m,16,"[13.0,16.0,16.0,16.0,16.0,16.0]",7,0,r2,seed0_l7_tc_k16_s1,P9,READ,50000,experiment_v1_4/evidence/P9/v1_4_p9_evaluation_return_1790842429996719913.zip::tc/runs/seed0_l7_tc_k16_s1/semantic.json,1,train,m prediction from u,tc,0.9982928028003357
,,,fidelity,76d86f1a83bde7f8f6389684cd2a3913c923e21ccfbe42e40d3255385a9982b1,,,point estimate; empirical LM/sparse ranges reported separately,u_to_m,16,"[13.0,16.0,16.0,16.0,16.0,16.0]",7,0,ev,seed0_l7_tc_k16_s1,P9,READ,50000,experiment_v1_4/evidence/P9/v1_4_p9_evaluation_return_1790842429996719913.zip::tc/runs/seed0_l7_tc_k16_s1/semantic.json,1,train,m prediction from u,tc,0.9983108643334588
,,,fidelity,76d86f1a83bde7f8f6389684cd2a3913c923e21ccfbe42e40d3255385a9982b1,,,point estimate; empirical LM/sparse ranges reported separately,u_to_m,16,"[13.0,16.0,16.0,16.0,16.0,16.0]",7,0,inactive_fraction,seed0_l7_tc_k16_s1,P9,READ,50000,experiment_v1_4/evidence/P9/v1_4_p9_evaluation_return_1790842429996719913.zip::tc/runs/seed0_l7_tc_k16_s1/semantic.json,1,train,m prediction from u,tc,0.41015625
,,,fidelity,76d86f1a83bde7f8f6389684cd2a3913c923e21ccfbe42e40d3255385a9982b1,,,point estimate; empirical LM/sparse ranges reported separately,u_to_m,16,"[13.0,16.0,16.0,16.0,16.0,16.0]",7,0,inactive_count,seed0_l7_tc_k16_s1,P9,READ,50000,experiment_v1_4/evidence/P9/v1_4_p9_evaluation_return_1790842429996719913.zip::tc/runs/seed0_l7_tc_k16_s1/semantic.json,1,train,m prediction from u,tc,210
,,,fidelity,76d86f1a83bde7f8f6389684cd2a3913c923e21ccfbe42e40d3255385a9982b1,,,point estimate; empirical LM/sparse ranges reported separately,u_to_m,16,"[13.0,16.0,16.0,16.0,16.0,16.0]",7,0,l0_mean,seed0_l7_tc_k16_s1,P9,READ,50000,experiment_v1_4/evidence/P9/v1_4_p9_evaluation_return_1790842429996719913.zip::tc/runs/seed0_l7_tc_k16_s1/semantic.json,1,train,m prediction from u,tc,15.9775
,,,fidelity,76d86f1a83bde7f8f6389684cd2a3913c923e21ccfbe42e40d3255385a9982b1,,,point estimate; empirical LM/sparse ranges reported separately,u_to_m,16,"[13.0,16.0,16.0,16.0,16.0,16.0]",7,0,l0_median,seed0_l7_tc_k16_s1,P9,READ,50000,experiment_v1_4/evidence/P9/v1_4_p9_evaluation_return_1790842429996719913.zip::tc/runs/seed0_l7_tc_k16_s1/semantic.json,1,train,m prediction from u,tc,16.0
,,,fidelity,76d86f1a83bde7f8f6389684cd2a3913c923e21ccfbe42e40d3255385a9982b1,,,point estimate; empirical LM/sparse ranges reported separately,u_to_m,16,"[13.0,16.0,16.0,16.0,16.0,16.0]",7,0,dead_fraction,seed0_l7_tc_k16_s1,P9,READ,50000,experiment_v1_4/evidence/P9/v1_4_p9_evaluation_return_1790842429996719913.zip::tc/runs/seed0_l7_tc_k16_s1/semantic.json,1,train,m prediction from u,tc,0.41015625
,,,fidelity,76d86f1a83bde7f8f6389684cd2a3913c923e21ccfbe42e40d3255385a9982b1,,,point estimate; empirical LM/sparse ranges reported separately,u_to_m,16,"[12.0,16.0,16.0,16.0,16.0,16.0]",7,0,mse,seed0_l7_tc_k16_s1,P9,READ,10000,experiment_v1_4/evidence/P9/v1_4_p9_evaluation_return_1790842429996719913.zip::tc/runs/seed0_l7_tc_k16_s1/semantic.json,1,val,m prediction from u,tc,0.0018935015905038157
,,,fidelity,76d86f1a83bde7f8f6389684cd2a3913c923e21ccfbe42e40d3255385a9982b1,,,point estimate; empirical LM/sparse ranges reported separately,u_to_m,16,"[12.0,16.0,16.0,16.0,16.0,16.0]",7,0,nmse,seed0_l7_tc_k16_s1,P9,READ,10000,experiment_v1_4/evidence/P9/v1_4_p9_evaluation_return_1790842429996719913.zip::tc/runs/seed0_l7_tc_k16_s1/semantic.json,1,val,m prediction from u,tc,0.0018499238652232323
,,,fidelity,76d86f1a83bde7f8f6389684cd2a3913c923e21ccfbe42e40d3255385a9982b1,,,point estimate; empirical LM/sparse ranges reported separately,u_to_m,16,"[12.0,16.0,16.0,16.0,16.0,16.0]",7,0,r2,seed0_l7_tc_k16_s1,P9,READ,10000,experiment_v1_4/evidence/P9/v1_4_p9_evaluation_return_1790842429996719913.zip::tc/runs/seed0_l7_tc_k16_s1/semantic.json,1,val,m prediction from u,tc,0.9981498542680451
,,,fidelity,76d86f1a83bde7f8f6389684cd2a3913c923e21ccfbe42e40d3255385a9982b1,,,point estimate; empirical LM/sparse ranges reported separately,u_to_m,16,"[12.0,16.0,16.0,16.0,16.0,16.0]",7,0,ev,seed0_l7_tc_k16_s1,P9,READ,10000,experiment_v1_4/evidence/P9/v1_4_p9_evaluation_return_1790842429996719913.zip::tc/runs/seed0_l7_tc_k16_s1/semantic.json,1,val,m prediction from u,tc,0.998169542066626
,,,fidelity,76d86f1a83bde7f8f6389684cd2a3913c923e21ccfbe42e40d3255385a9982b1,,,point estimate; empirical LM/sparse ranges reported separately,u_to_m,16,"[12.0,16.0,16.0,16.0,16.0,16.0]",7,0,inactive_fraction,seed0_l7_tc_k16_s1,P9,READ,10000,experiment_v1_4/evidence/P9/v1_4_p9_evaluation_return_1790842429996719913.zip::tc/runs/seed0_l7_tc_k16_s1/semantic.json,1,val,m prediction from u,tc,0.52734375
,,,fidelity,76d86f1a83bde7f8f6389684cd2a3913c923e21ccfbe42e40d3255385a9982b1,,,point estimate; empirical LM/sparse ranges reported separately,u_to_m,16,"[12.0,16.0,16.0,16.0,16.0,16.0]",7,0,inactive_count,seed0_l7_tc_k16_s1,P9,READ,10000,experiment_v1_4/evidence/P9/v1_4_p9_evaluation_return_1790842429996719913.zip::tc/runs/seed0_l7_tc_k16_s1/semantic.json,1,val,m prediction from u,tc,270
,,,fidelity,76d86f1a83bde7f8f6389684cd2a3913c923e21ccfbe42e40d3255385a9982b1,,,point estimate; empirical LM/sparse ranges reported separately,u_to_m,16,"[12.0,16.0,16.0,16.0,16.0,16.0]",7,0,l0_mean,seed0_l7_tc_k16_s1,P9,READ,10000,experiment_v1_4/evidence/P9/v1_4_p9_evaluation_return_1790842429996719913.zip::tc/runs/seed0_l7_tc_k16_s1/semantic.json,1,val,m prediction from u,tc,15.9759
,,,fidelity,76d86f1a83bde7f8f6389684cd2a3913c923e21ccfbe42e40d3255385a9982b1,,,point estimate; empirical LM/sparse ranges reported separately,u_to_m,16,"[12.0,16.0,16.0,16.0,16.0,16.0]",7,0,l0_median,seed0_l7_tc_k16_s1,P9,READ,10000,experiment_v1_4/evidence/P9/v1_4_p9_evaluation_return_1790842429996719913.zip::tc/runs/seed0_l7_tc_k16_s1/semantic.json,1,val,m prediction from u,tc,16.0
,,,fidelity,76d86f1a83bde7f8f6389684cd2a3913c923e21ccfbe42e40d3255385a9982b1,,,point estimate; empirical LM/sparse ranges reported separately,u_to_m,16,"[12.0,16.0,16.0,16.0,16.0,16.0]",7,0,dead_fraction,seed0_l7_tc_k16_s1,P9,READ,10000,experiment_v1_4/evidence/P9/v1_4_p9_evaluation_return_1790842429996719913.zip::tc/runs/seed0_l7_tc_k16_s1/semantic.json,1,val,m prediction from u,tc,0.41015625
,,,fidelity,76d86f1a83bde7f8f6389684cd2a3913c923e21ccfbe42e40d3255385a9982b1,,,point estimate; empirical LM/sparse ranges reported separately,u_to_m,16,"[13.0,16.0,16.0,16.0,16.0,16.0]",7,0,mse,seed0_l7_tc_k16_s1,P9,READ,20000,experiment_v1_4/evidence/P9/v1_4_p9_evaluation_return_1790842429996719913.zip::tc/runs/seed0_l7_tc_k16_s1/semantic.json,1,test,m prediction from u,tc,0.0018298586664087207
,,,fidelity,76d86f1a83bde7f8f6389684cd2a3913c923e21ccfbe42e40d3255385a9982b1,,,point estimate; empirical LM/sparse ranges reported separately,u_to_m,16,"[13.0,16.0,16.0,16.0,16.0,16.0]",7,0,nmse,seed0_l7_tc_k16_s1,P9,READ,20000,experiment_v1_4/evidence/P9/v1_4_p9_evaluation_return_1790842429996719913.zip::tc/runs/seed0_l7_tc_k16_s1/semantic.json,1,test,m prediction from u,tc,0.0018081221963429427
,,,fidelity,76d86f1a83bde7f8f6389684cd2a3913c923e21ccfbe42e40d3255385a9982b1,,,point estimate; empirical LM/sparse ranges reported separately,u_to_m,16,"[13.0,16.0,16.0,16.0,16.0,16.0]",7,0,r2,seed0_l7_tc_k16_s1,P9,READ,20000,experiment_v1_4/evidence/P9/v1_4_p9_evaluation_return_1790842429996719913.zip::tc/runs/seed0_l7_tc_k16_s1/semantic.json,1,test,m prediction from u,tc,0.998191847010846
,,,fidelity,76d86f1a83bde7f8f6389684cd2a3913c923e21ccfbe42e40d3255385a9982b1,,,point estimate; empirical LM/sparse ranges reported separately,u_to_m,16,"[13.0,16.0,16.0,16.0,16.0,16.0]",7,0,ev,seed0_l7_tc_k16_s1,P9,READ,20000,experiment_v1_4/evidence/P9/v1_4_p9_evaluation_return_1790842429996719913.zip::tc/runs/seed0_l7_tc_k16_s1/semantic.json,1,test,m prediction from u,tc,0.9982104975953733
,,,fidelity,76d86f1a83bde7f8f6389684cd2a3913c923e21ccfbe42e40d3255385a9982b1,,,point estimate; empirical LM/sparse ranges reported separately,u_to_m,16,"[13.0,16.0,16.0,16.0,16.0,16.0]",7,0,inactive_fraction,seed0_l7_tc_k16_s1,P9,READ,20000,experiment_v1_4/evidence/P9/v1_4_p9_evaluation_return_1790842429996719913.zip::tc/runs/seed0_l7_tc_k16_s1/semantic.json,1,test,m prediction from u,tc,0.44140625
,,,fidelity,76d86f1a83bde7f8f6389684cd2a3913c923e21ccfbe42e40d3255385a9982b1,,,point estimate; empirical LM/sparse ranges reported separately,u_to_m,16,"[13.0,16.0,16.0,16.0,16.0,16.0]",7,0,inactive_count,seed0_l7_tc_k16_s1,P9,READ,20000,experiment_v1_4/evidence/P9/v1_4_p9_evaluation_return_1790842429996719913.zip::tc/runs/seed0_l7_tc_k16_s1/semantic.json,1,test,m prediction from u,tc,226
,,,fidelity,76d86f1a83bde7f8f6389684cd2a3913c923e21ccfbe42e40d3255385a9982b1,,,point estimate; empirical LM/sparse ranges reported separately,u_to_m,16,"[13.0,16.0,16.0,16.0,16.0,16.0]",7,0,l0_mean,seed0_l7_tc_k16_s1,P9,READ,20000,experiment_v1_4/evidence/P9/v1_4_p9_evaluation_return_1790842429996719913.zip::tc/runs/seed0_l7_tc_k16_s1/semantic.json,1,test,m prediction from u,tc,15.98055
,,,fidelity,76d86f1a83bde7f8f6389684cd2a3913c923e21ccfbe42e40d3255385a9982b1,,,point estimate; empirical LM/sparse ranges reported separately,u_to_m,16,"[13.0,16.0,16.0,16.0,16.0,16.0]",7,0,l0_median,seed0_l7_tc_k16_s1,P9,READ,20000,experiment_v1_4/evidence/P9/v1_4_p9_evaluation_return_1790842429996719913.zip::tc/runs/seed0_l7_tc_k16_s1/semantic.json,1,test,m prediction from u,tc,16.0
,,,fidelity,76d86f1a83bde7f8f6389684cd2a3913c923e21ccfbe42e40d3255385a9982b1,,,point estimate; empirical LM/sparse ranges reported separately,u_to_m,16,"[13.0,16.0,16.0,16.0,16.0,16.0]",7,0,dead_fraction,seed0_l7_tc_k16_s1,P9,READ,20000,experiment_v1_4/evidence/P9/v1_4_p9_evaluation_return_1790842429996719913.zip::tc/runs/seed0_l7_tc_k16_s1/semantic.json,1,test,m prediction from u,tc,0.41015625
1000,14242934783344223598,1000,replacement,76d86f1a83bde7f8f6389684cd2a3913c923e21ccfbe42e40d3255385a9982b1,0.0006450064747478945,0.00016806667241010543,,u_to_m,16,,7,0,original_ce,seed0_l7_tc_k16_s1,P9,READ,2048,experiment_v1_4/evidence/P9/v1_4_p9_evaluation_return_1790842429996719913.zip::tc/runs/seed0_l7_tc_k16_s1/summary.json,1,behavior_test,m prediction from u,tc,0.00037435924538775645
1000,14242934783344223598,1000,replacement,76d86f1a83bde7f8f6389684cd2a3913c923e21ccfbe42e40d3255385a9982b1,0.000646917038824335,0.00017005493644639547,,u_to_m,16,,7,0,patched_ce,seed0_l7_tc_k16_s1,P9,READ,2048,experiment_v1_4/evidence/P9/v1_4_p9_evaluation_return_1790842429996719913.zip::tc/runs/seed0_l7_tc_k16_s1/summary.json,1,behavior_test,m prediction from u,tc,0.00037820078263250956
1000,14242934783344223598,1000,replacement,76d86f1a83bde7f8f6389684cd2a3913c923e21ccfbe42e40d3255385a9982b1,8.496473300123596e-06,-4.718334770004161e-07,,u_to_m,16,,7,0,delta_ce,seed0_l7_tc_k16_s1,P9,READ,2048,experiment_v1_4/evidence/P9/v1_4_p9_evaluation_return_1790842429996719913.zip::tc/runs/seed0_l7_tc_k16_s1/summary.json,1,behavior_test,m prediction from u,tc,3.841537244753113e-06
1000,14242934783344223598,1000,replacement,76d86f1a83bde7f8f6389684cd2a3913c923e21ccfbe42e40d3255385a9982b1,1.0,1.0,,u_to_m,16,,7,0,original_accuracy,seed0_l7_tc_k16_s1,P9,READ,2048,experiment_v1_4/evidence/P9/v1_4_p9_evaluation_return_1790842429996719913.zip::tc/runs/seed0_l7_tc_k16_s1/summary.json,1,behavior_test,m prediction from u,tc,1.0
1000,14242934783344223598,1000,replacement,76d86f1a83bde7f8f6389684cd2a3913c923e21ccfbe42e40d3255385a9982b1,1.0,1.0,,u_to_m,16,,7,0,patched_accuracy,seed0_l7_tc_k16_s1,P9,READ,2048,experiment_v1_4/evidence/P9/v1_4_p9_evaluation_return_1790842429996719913.zip::tc/runs/seed0_l7_tc_k16_s1/summary.json,1,behavior_test,m prediction from u,tc,1.0
1000,14242934783344223598,1000,replacement,76d86f1a83bde7f8f6389684cd2a3913c923e21ccfbe42e40d3255385a9982b1,0.0,0.0,,u_to_m,16,,7,0,delta_accuracy,seed0_l7_tc_k16_s1,P9,READ,2048,experiment_v1_4/evidence/P9/v1_4_p9_evaluation_return_1790842429996719913.zip::tc/runs/seed0_l7_tc_k16_s1/summary.json,1,behavior_test,m prediction from u,tc,0.0
,,,fidelity,76d86f1a83bde7f8f6389684cd2a3913c923e21ccfbe42e40d3255385a9982b1,,,point estimate; empirical LM/sparse ranges reported separately,u_to_m,4,"[2.0,4.0,4.0,4.0,4.0,4.0]",11,0,mse,seed0_l11_tc_k4_s1,P9,READ,50000,experiment_v1_4/evidence/P9/v1_4_p9_evaluation_return_1790842429996719913.zip::tc/runs/seed0_l11_tc_k4_s1/semantic.json,1,train,m prediction from u,tc,0.001669125098367015
,,,fidelity,76d86f1a83bde7f8f6389684cd2a3913c923e21ccfbe42e40d3255385a9982b1,,,point estimate; empirical LM/sparse ranges reported separately,u_to_m,4,"[2.0,4.0,4.0,4.0,4.0,4.0]",11,0,nmse,seed0_l11_tc_k4_s1,P9,READ,50000,experiment_v1_4/evidence/P9/v1_4_p9_evaluation_return_1790842429996719913.zip::tc/runs/seed0_l11_tc_k4_s1/semantic.json,1,train,m prediction from u,tc,0.001669125225346023
,,,fidelity,76d86f1a83bde7f8f6389684cd2a3913c923e21ccfbe42e40d3255385a9982b1,,,point estimate; empirical LM/sparse ranges reported separately,u_to_m,4,"[2.0,4.0,4.0,4.0,4.0,4.0]",11,0,r2,seed0_l11_tc_k4_s1,P9,READ,50000,experiment_v1_4/evidence/P9/v1_4_p9_evaluation_return_1790842429996719913.zip::tc/runs/seed0_l11_tc_k4_s1/semantic.json,1,train,m prediction from u,tc,0.998330874774654
,,,fidelity,76d86f1a83bde7f8f6389684cd2a3913c923e21ccfbe42e40d3255385a9982b1,,,point estimate; empirical LM/sparse ranges reported separately,u_to_m,4,"[2.0,4.0,4.0,4.0,4.0,4.0]",11,0,ev,seed0_l11_tc_k4_s1,P9,READ,50000,experiment_v1_4/evidence/P9/v1_4_p9_evaluation_return_1790842429996719913.zip::tc/runs/seed0_l11_tc_k4_s1/semantic.json,1,train,m prediction from u,tc,0.9983410840006611
,,,fidelity,76d86f1a83bde7f8f6389684cd2a3913c923e21ccfbe42e40d3255385a9982b1,,,point estimate; empirical LM/sparse ranges reported separately,u_to_m,4,"[2.0,4.0,4.0,4.0,4.0,4.0]",11,0,inactive_fraction,seed0_l11_tc_k4_s1,P9,READ,50000,experiment_v1_4/evidence/P9/v1_4_p9_evaluation_return_1790842429996719913.zip::tc/runs/seed0_l11_tc_k4_s1/semantic.json,1,train,m prediction from u,tc,0.740234375
,,,fidelity,76d86f1a83bde7f8f6389684cd2a3913c923e21ccfbe42e40d3255385a9982b1,,,point estimate; empirical LM/sparse ranges reported separately,u_to_m,4,"[2.0,4.0,4.0,4.0,4.0,4.0]",11,0,inactive_count,seed0_l11_tc_k4_s1,P9,READ,50000,experiment_v1_4/evidence/P9/v1_4_p9_evaluation_return_1790842429996719913.zip::tc/runs/seed0_l11_tc_k4_s1/semantic.json,1,train,m prediction from u,tc,379
,,,fidelity,76d86f1a83bde7f8f6389684cd2a3913c923e21ccfbe42e40d3255385a9982b1,,,point estimate; empirical LM/sparse ranges reported separately,u_to_m,4,"[2.0,4.0,4.0,4.0,4.0,4.0]",11,0,l0_mean,seed0_l11_tc_k4_s1,P9,READ,50000,experiment_v1_4/evidence/P9/v1_4_p9_evaluation_return_1790842429996719913.zip::tc/runs/seed0_l11_tc_k4_s1/semantic.json,1,train,m prediction from u,tc,3.9979
,,,fidelity,76d86f1a83bde7f8f6389684cd2a3913c923e21ccfbe42e40d3255385a9982b1,,,point estimate; empirical LM/sparse ranges reported separately,u_to_m,4,"[2.0,4.0,4.0,4.0,4.0,4.0]",11,0,l0_median,seed0_l11_tc_k4_s1,P9,READ,50000,experiment_v1_4/evidence/P9/v1_4_p9_evaluation_return_1790842429996719913.zip::tc/runs/seed0_l11_tc_k4_s1/semantic.json,1,train,m prediction from u,tc,4.0
,,,fidelity,76d86f1a83bde7f8f6389684cd2a3913c923e21ccfbe42e40d3255385a9982b1,,,point estimate; empirical LM/sparse ranges reported separately,u_to_m,4,"[2.0,4.0,4.0,4.0,4.0,4.0]",11,0,dead_fraction,seed0_l11_tc_k4_s1,P9,READ,50000,experiment_v1_4/evidence/P9/v1_4_p9_evaluation_return_1790842429996719913.zip::tc/runs/seed0_l11_tc_k4_s1/semantic.json,1,train,m prediction from u,tc,0.740234375
,,,fidelity,76d86f1a83bde7f8f6389684cd2a3913c923e21ccfbe42e40d3255385a9982b1,,,point estimate; empirical LM/sparse ranges reported separately,u_to_m,4,"[2.0,4.0,4.0,4.0,4.0,4.0]",11,0,mse,seed0_l11_tc_k4_s1,P9,READ,10000,experiment_v1_4/evidence/P9/v1_4_p9_evaluation_return_1790842429996719913.zip::tc/runs/seed0_l11_tc_k4_s1/semantic.json,1,val,m prediction from u,tc,0.001712162903356981
,,,fidelity,76d86f1a83bde7f8f6389684cd2a3913c923e21ccfbe42e40d3255385a9982b1,,,point estimate; empirical LM/sparse ranges reported separately,u_to_m,4,"[2.0,4.0,4.0,4.0,4.0,4.0]",11,0,nmse,seed0_l11_tc_k4_s1,P9,READ,10000,experiment_v1_4/evidence/P9/v1_4_p9_evaluation_return_1790842429996719913.zip::tc/runs/seed0_l11_tc_k4_s1/semantic.json,1,val,m prediction from u,tc,0.0017135344434101494
,,,fidelity,76d86f1a83bde7f8f6389684cd2a3913c923e21ccfbe42e40d3255385a9982b1,,,point estimate; empirical LM/sparse ranges reported separately,u_to_m,4,"[2.0,4.0,4.0,4.0,4.0,4.0]",11,0,r2,seed0_l11_tc_k4_s1,P9,READ,10000,experiment_v1_4/evidence/P9/v1_4_p9_evaluation_return_1790842429996719913.zip::tc/runs/seed0_l11_tc_k4_s1/semantic.json,1,val,m prediction from u,tc,0.9982859160703775
,,,fidelity,76d86f1a83bde7f8f6389684cd2a3913c923e21ccfbe42e40d3255385a9982b1,,,point estimate; empirical LM/sparse ranges reported separately,u_to_m,4,"[2.0,4.0,4.0,4.0,4.0,4.0]",11,0,ev,seed0_l11_tc_k4_s1,P9,READ,10000,experiment_v1_4/evidence/P9/v1_4_p9_evaluation_return_1790842429996719913.zip::tc/runs/seed0_l11_tc_k4_s1/semantic.json,1,val,m prediction from u,tc,0.9982967954926897
,,,fidelity,76d86f1a83bde7f8f6389684cd2a3913c923e21ccfbe42e40d3255385a9982b1,,,point estimate; empirical LM/sparse ranges reported separately,u_to_m,4,"[2.0,4.0,4.0,4.0,4.0,4.0]",11,0,inactive_fraction,seed0_l11_tc_k4_s1,P9,READ,10000,experiment_v1_4/evidence/P9/v1_4_p9_evaluation_return_1790842429996719913.zip::tc/runs/seed0_l11_tc_k4_s1/semantic.json,1,val,m prediction from u,tc,0.802734375
,,,fidelity,76d86f1a83bde7f8f6389684cd2a3913c923e21ccfbe42e40d3255385a9982b1,,,point estimate; empirical LM/sparse ranges reported separately,u_to_m,4,"[2.0,4.0,4.0,4.0,4.0,4.0]",11,0,inactive_count,seed0_l11_tc_k4_s1,P9,READ,10000,experiment_v1_4/evidence/P9/v1_4_p9_evaluation_return_1790842429996719913.zip::tc/runs/seed0_l11_tc_k4_s1/semantic.json,1,val,m prediction from u,tc,411
,,,fidelity,76d86f1a83bde7f8f6389684cd2a3913c923e21ccfbe42e40d3255385a9982b1,,,point estimate; empirical LM/sparse ranges reported separately,u_to_m,4,"[2.0,4.0,4.0,4.0,4.0,4.0]",11,0,l0_mean,seed0_l11_tc_k4_s1,P9,READ,10000,experiment_v1_4/evidence/P9/v1_4_p9_evaluation_return_1790842429996719913.zip::tc/runs/seed0_l11_tc_k4_s1/semantic.json,1,val,m prediction from u,tc,3.9983
,,,fidelity,76d86f1a83bde7f8f6389684cd2a3913c923e21ccfbe42e40d3255385a9982b1,,,point estimate; empirical LM/sparse ranges reported separately,u_to_m,4,"[2.0,4.0,4.0,4.0,4.0,4.0]",11,0,l0_median,seed0_l11_tc_k4_s1,P9,READ,10000,experiment_v1_4/evidence/P9/v1_4_p9_evaluation_return_1790842429996719913.zip::tc/runs/seed0_l11_tc_k4_s1/semantic.json,1,val,m prediction from u,tc,4.0
,,,fidelity,76d86f1a83bde7f8f6389684cd2a3913c923e21ccfbe42e40d3255385a9982b1,,,point estimate; empirical LM/sparse ranges reported separately,u_to_m,4,"[2.0,4.0,4.0,4.0,4.0,4.0]",11,0,dead_fraction,seed0_l11_tc_k4_s1,P9,READ,10000,experiment_v1_4/evidence/P9/v1_4_p9_evaluation_return_1790842429996719913.zip::tc/runs/seed0_l11_tc_k4_s1/semantic.json,1,val,m prediction from u,tc,0.740234375
,,,fidelity,76d86f1a83bde7f8f6389684cd2a3913c923e21ccfbe42e40d3255385a9982b1,,,point estimate; empirical LM/sparse ranges reported separately,u_to_m,4,"[3.0,4.0,4.0,4.0,4.0,4.0]",11,0,mse,seed0_l11_tc_k4_s1,P9,READ,20000,experiment_v1_4/evidence/P9/v1_4_p9_evaluation_return_1790842429996719913.zip::tc/runs/seed0_l11_tc_k4_s1/semantic.json,1,test,m prediction from u,tc,0.001708218811701153
,,,fidelity,76d86f1a83bde7f8f6389684cd2a3913c923e21ccfbe42e40d3255385a9982b1,,,point estimate; empirical LM/sparse ranges reported separately,u_to_m,4,"[3.0,4.0,4.0,4.0,4.0,4.0]",11,0,nmse,seed0_l11_tc_k4_s1,P9,READ,20000,experiment_v1_4/evidence/P9/v1_4_p9_evaluation_return_1790842429996719913.zip::tc/runs/seed0_l11_tc_k4_s1/semantic.json,1,test,m prediction from u,tc,0.0017118399021356092
,,,fidelity,76d86f1a83bde7f8f6389684cd2a3913c923e21ccfbe42e40d3255385a9982b1,,,point estimate; empirical LM/sparse ranges reported separately,u_to_m,4,"[3.0,4.0,4.0,4.0,4.0,4.0]",11,0,r2,seed0_l11_tc_k4_s1,P9,READ,20000,experiment_v1_4/evidence/P9/v1_4_p9_evaluation_return_1790842429996719913.zip::tc/runs/seed0_l11_tc_k4_s1/semantic.json,1,test,m prediction from u,tc,0.9982880957116528
,,,fidelity,76d86f1a83bde7f8f6389684cd2a3913c923e21ccfbe42e40d3255385a9982b1,,,point estimate; empirical LM/sparse ranges reported separately,u_to_m,4,"[3.0,4.0,4.0,4.0,4.0,4.0]",11,0,ev,seed0_l11_tc_k4_s1,P9,READ,20000,experiment_v1_4/evidence/P9/v1_4_p9_evaluation_return_1790842429996719913.zip::tc/runs/seed0_l11_tc_k4_s1/semantic.json,1,test,m prediction from u,tc,0.998298113684052
,,,fidelity,76d86f1a83bde7f8f6389684cd2a3913c923e21ccfbe42e40d3255385a9982b1,,,point estimate; empirical LM/sparse ranges reported separately,u_to_m,4,"[3.0,4.0,4.0,4.0,4.0,4.0]",11,0,inactive_fraction,seed0_l11_tc_k4_s1,P9,READ,20000,experiment_v1_4/evidence/P9/v1_4_p9_evaluation_return_1790842429996719913.zip::tc/runs/seed0_l11_tc_k4_s1/semantic.json,1,test,m prediction from u,tc,0.765625
,,,fidelity,76d86f1a83bde7f8f6389684cd2a3913c923e21ccfbe42e40d3255385a9982b1,,,point estimate; empirical LM/sparse ranges reported separately,u_to_m,4,"[3.0,4.0,4.0,4.0,4.0,4.0]",11,0,inactive_count,seed0_l11_tc_k4_s1,P9,READ,20000,experiment_v1_4/evidence/P9/v1_4_p9_evaluation_return_1790842429996719913.zip::tc/runs/seed0_l11_tc_k4_s1/semantic.json,1,test,m prediction from u,tc,392
,,,fidelity,76d86f1a83bde7f8f6389684cd2a3913c923e21ccfbe42e40d3255385a9982b1,,,point estimate; empirical LM/sparse ranges reported separately,u_to_m,4,"[3.0,4.0,4.0,4.0,4.0,4.0]",11,0,l0_mean,seed0_l11_tc_k4_s1,P9,READ,20000,experiment_v1_4/evidence/P9/v1_4_p9_evaluation_return_1790842429996719913.zip::tc/runs/seed0_l11_tc_k4_s1/semantic.json,1,test,m prediction from u,tc,3.9988
,,,fidelity,76d86f1a83bde7f8f6389684cd2a3913c923e21ccfbe42e40d3255385a9982b1,,,point estimate; empirical LM/sparse ranges reported separately,u_to_m,4,"[3.0,4.0,4.0,4.0,4.0,4.0]",11,0,l0_median,seed0_l11_tc_k4_s1,P9,READ,20000,experiment_v1_4/evidence/P9/v1_4_p9_evaluation_return_1790842429996719913.zip::tc/runs/seed0_l11_tc_k4_s1/semantic.json,1,test,m prediction from u,tc,4.0
,,,fidelity,76d86f1a83bde7f8f6389684cd2a3913c923e21ccfbe42e40d3255385a9982b1,,,point estimate; empirical LM/sparse ranges reported separately,u_to_m,4,"[3.0,4.0,4.0,4.0,4.0,4.0]",11,0,dead_fraction,seed0_l11_tc_k4_s1,P9,READ,20000,experiment_v1_4/evidence/P9/v1_4_p9_evaluation_return_1790842429996719913.zip::tc/runs/seed0_l11_tc_k4_s1/semantic.json,1,test,m prediction from u,tc,0.740234375
1000,726868113002170161,1000,replacement,76d86f1a83bde7f8f6389684cd2a3913c923e21ccfbe42e40d3255385a9982b1,0.0006112850903504384,0.00017682572966188915,,u_to_m,4,,11,0,original_ce,seed0_l11_tc_k4_s1,P9,READ,2048,experiment_v1_4/evidence/P9/v1_4_p9_evaluation_return_1790842429996719913.zip::tc/runs/seed0_l11_tc_k4_s1/summary.json,1,behavior_test,m prediction from u,tc,0.00037435924538775645
1000,726868113002170161,1000,replacement,76d86f1a83bde7f8f6389684cd2a3913c923e21ccfbe42e40d3255385a9982b1,0.0005984395521519192,0.00017366805872044976,,u_to_m,4,,11,0,patched_ce,seed0_l11_tc_k4_s1,P9,READ,2048,experiment_v1_4/evidence/P9/v1_4_p9_evaluation_return_1790842429996719913.zip::tc/runs/seed0_l11_tc_k4_s1/summary.json,1,behavior_test,m prediction from u,tc,0.00036709398087086953
1000,726868113002170161,1000,replacement,76d86f1a83bde7f8f6389684cd2a3913c923e21ccfbe42e40d3255385a9982b1,5.959974531677394e-08,-1.6747903904129613e-05,,u_to_m,4,,11,0,delta_ce,seed0_l11_tc_k4_s1,P9,READ,2048,experiment_v1_4/evidence/P9/v1_4_p9_evaluation_return_1790842429996719913.zip::tc/runs/seed0_l11_tc_k4_s1/summary.json,1,behavior_test,m prediction from u,tc,-7.265264516886916e-06
1000,726868113002170161,1000,replacement,76d86f1a83bde7f8f6389684cd2a3913c923e21ccfbe42e40d3255385a9982b1,1.0,1.0,,u_to_m,4,,11,0,original_accuracy,seed0_l11_tc_k4_s1,P9,READ,2048,experiment_v1_4/evidence/P9/v1_4_p9_evaluation_return_1790842429996719913.zip::tc/runs/seed0_l11_tc_k4_s1/summary.json,1,behavior_test,m prediction from u,tc,1.0
1000,726868113002170161,1000,replacement,76d86f1a83bde7f8f6389684cd2a3913c923e21ccfbe42e40d3255385a9982b1,1.0,1.0,,u_to_m,4,,11,0,patched_accuracy,seed0_l11_tc_k4_s1,P9,READ,2048,experiment_v1_4/evidence/P9/v1_4_p9_evaluation_return_1790842429996719913.zip::tc/runs/seed0_l11_tc_k4_s1/summary.json,1,behavior_test,m prediction from u,tc,1.0
1000,726868113002170161,1000,replacement,76d86f1a83bde7f8f6389684cd2a3913c923e21ccfbe42e40d3255385a9982b1,0.0,0.0,,u_to_m,4,,11,0,delta_accuracy,seed0_l11_tc_k4_s1,P9,READ,2048,experiment_v1_4/evidence/P9/v1_4_p9_evaluation_return_1790842429996719913.zip::tc/runs/seed0_l11_tc_k4_s1/summary.json,1,behavior_test,m prediction from u,tc,0.0
,,,fidelity,76d86f1a83bde7f8f6389684cd2a3913c923e21ccfbe42e40d3255385a9982b1,,,point estimate; empirical LM/sparse ranges reported separately,u_to_m,16,"[10.0,16.0,16.0,16.0,16.0,16.0]",11,0,mse,seed0_l11_tc_k16_s1,P9,READ,50000,experiment_v1_4/evidence/P9/v1_4_p9_evaluation_return_1790842429996719913.zip::tc/runs/seed0_l11_tc_k16_s1/semantic.json,1,train,m prediction from u,tc,0.00044940425287338443
,,,fidelity,76d86f1a83bde7f8f6389684cd2a3913c923e21ccfbe42e40d3255385a9982b1,,,point estimate; empirical LM/sparse ranges reported separately,u_to_m,16,"[10.0,16.0,16.0,16.0,16.0,16.0]",11,0,nmse,seed0_l11_tc_k16_s1,P9,READ,50000,experiment_v1_4/evidence/P9/v1_4_p9_evaluation_return_1790842429996719913.zip::tc/runs/seed0_l11_tc_k16_s1/semantic.json,1,train,m prediction from u,tc,0.00044940428706189805
,,,fidelity,76d86f1a83bde7f8f6389684cd2a3913c923e21ccfbe42e40d3255385a9982b1,,,point estimate; empirical LM/sparse ranges reported separately,u_to_m,16,"[10.0,16.0,16.0,16.0,16.0,16.0]",11,0,r2,seed0_l11_tc_k16_s1,P9,READ,50000,experiment_v1_4/evidence/P9/v1_4_p9_evaluation_return_1790842429996719913.zip::tc/runs/seed0_l11_tc_k16_s1/semantic.json,1,train,m prediction from u,tc,0.9995505957129381
,,,fidelity,76d86f1a83bde7f8f6389684cd2a3913c923e21ccfbe42e40d3255385a9982b1,,,point estimate; empirical LM/sparse ranges reported separately,u_to_m,16,"[10.0,16.0,16.0,16.0,16.0,16.0]",11,0,ev,seed0_l11_tc_k16_s1,P9,READ,50000,experiment_v1_4/evidence/P9/v1_4_p9_evaluation_return_1790842429996719913.zip::tc/runs/seed0_l11_tc_k16_s1/semantic.json,1,train,m prediction from u,tc,0.9995686218871418
,,,fidelity,76d86f1a83bde7f8f6389684cd2a3913c923e21ccfbe42e40d3255385a9982b1,,,point estimate; empirical LM/sparse ranges reported separately,u_to_m,16,"[10.0,16.0,16.0,16.0,16.0,16.0]",11,0,inactive_fraction,seed0_l11_tc_k16_s1,P9,READ,50000,experiment_v1_4/evidence/P9/v1_4_p9_evaluation_return_1790842429996719913.zip::tc/runs/seed0_l11_tc_k16_s1/semantic.json,1,train,m prediction from u,tc,0.486328125
,,,fidelity,76d86f1a83bde7f8f6389684cd2a3913c923e21ccfbe42e40d3255385a9982b1,,,point estimate; empirical LM/sparse ranges reported separately,u_to_m,16,"[10.0,16.0,16.0,16.0,16.0,16.0]",11,0,inactive_count,seed0_l11_tc_k16_s1,P9,READ,50000,experiment_v1_4/evidence/P9/v1_4_p9_evaluation_return_1790842429996719913.zip::tc/runs/seed0_l11_tc_k16_s1/semantic.json,1,train,m prediction from u,tc,249
,,,fidelity,76d86f1a83bde7f8f6389684cd2a3913c923e21ccfbe42e40d3255385a9982b1,,,point estimate; empirical LM/sparse ranges reported separately,u_to_m,16,"[10.0,16.0,16.0,16.0,16.0,16.0]",11,0,l0_mean,seed0_l11_tc_k16_s1,P9,READ,50000,experiment_v1_4/evidence/P9/v1_4_p9_evaluation_return_1790842429996719913.zip::tc/runs/seed0_l11_tc_k16_s1/semantic.json,1,train,m prediction from u,tc,15.93416
,,,fidelity,76d86f1a83bde7f8f6389684cd2a3913c923e21ccfbe42e40d3255385a9982b1,,,point estimate; empirical LM/sparse ranges reported separately,u_to_m,16,"[10.0,16.0,16.0,16.0,16.0,16.0]",11,0,l0_median,seed0_l11_tc_k16_s1,P9,READ,50000,experiment_v1_4/evidence/P9/v1_4_p9_evaluation_return_1790842429996719913.zip::tc/runs/seed0_l11_tc_k16_s1/semantic.json,1,train,m prediction from u,tc,16.0
,,,fidelity,76d86f1a83bde7f8f6389684cd2a3913c923e21ccfbe42e40d3255385a9982b1,,,point estimate; empirical LM/sparse ranges reported separately,u_to_m,16,"[10.0,16.0,16.0,16.0,16.0,16.0]",11,0,dead_fraction,seed0_l11_tc_k16_s1,P9,READ,50000,experiment_v1_4/evidence/P9/v1_4_p9_evaluation_return_1790842429996719913.zip::tc/runs/seed0_l11_tc_k16_s1/semantic.json,1,train,m prediction from u,tc,0.486328125
,,,fidelity,76d86f1a83bde7f8f6389684cd2a3913c923e21ccfbe42e40d3255385a9982b1,,,point estimate; empirical LM/sparse ranges reported separately,u_to_m,16,"[11.0,16.0,16.0,16.0,16.0,16.0]",11,0,mse,seed0_l11_tc_k16_s1,P9,READ,10000,experiment_v1_4/evidence/P9/v1_4_p9_evaluation_return_1790842429996719913.zip::tc/runs/seed0_l11_tc_k16_s1/semantic.json,1,val,m prediction from u,tc,0.0004779189599953785
,,,fidelity,76d86f1a83bde7f8f6389684cd2a3913c923e21ccfbe42e40d3255385a9982b1,,,point estimate; empirical LM/sparse ranges reported separately,u_to_m,16,"[11.0,16.0,16.0,16.0,16.0,16.0]",11,0,nmse,seed0_l11_tc_k16_s1,P9,READ,10000,experiment_v1_4/evidence/P9/v1_4_p9_evaluation_return_1790842429996719913.zip::tc/runs/seed0_l11_tc_k16_s1/semantic.json,1,val,m prediction from u,tc,0.00047830180031654013
,,,fidelity,76d86f1a83bde7f8f6389684cd2a3913c923e21ccfbe42e40d3255385a9982b1,,,point estimate; empirical LM/sparse ranges reported separately,u_to_m,16,"[11.0,16.0,16.0,16.0,16.0,16.0]",11,0,r2,seed0_l11_tc_k16_s1,P9,READ,10000,experiment_v1_4/evidence/P9/v1_4_p9_evaluation_return_1790842429996719913.zip::tc/runs/seed0_l11_tc_k16_s1/semantic.json,1,val,m prediction from u,tc,0.9995215448206571
,,,fidelity,76d86f1a83bde7f8f6389684cd2a3913c923e21ccfbe42e40d3255385a9982b1,,,point estimate; empirical LM/sparse ranges reported separately,u_to_m,16,"[11.0,16.0,16.0,16.0,16.0,16.0]",11,0,ev,seed0_l11_tc_k16_s1,P9,READ,10000,experiment_v1_4/evidence/P9/v1_4_p9_evaluation_return_1790842429996719913.zip::tc/runs/seed0_l11_tc_k16_s1/semantic.json,1,val,m prediction from u,tc,0.9995392833230304
,,,fidelity,76d86f1a83bde7f8f6389684cd2a3913c923e21ccfbe42e40d3255385a9982b1,,,point estimate; empirical LM/sparse ranges reported separately,u_to_m,16,"[11.0,16.0,16.0,16.0,16.0,16.0]",11,0,inactive_fraction,seed0_l11_tc_k16_s1,P9,READ,10000,experiment_v1_4/evidence/P9/v1_4_p9_evaluation_return_1790842429996719913.zip::tc/runs/seed0_l11_tc_k16_s1/semantic.json,1,val,m prediction from u,tc,0.56640625
,,,fidelity,76d86f1a83bde7f8f6389684cd2a3913c923e21ccfbe42e40d3255385a9982b1,,,point estimate; empirical LM/sparse ranges reported separately,u_to_m,16,"[11.0,16.0,16.0,16.0,16.0,16.0]",11,0,inactive_count,seed0_l11_tc_k16_s1,P9,READ,10000,experiment_v1_4/evidence/P9/v1_4_p9_evaluation_return_1790842429996719913.zip::tc/runs/seed0_l11_tc_k16_s1/semantic.json,1,val,m prediction from u,tc,290
,,,fidelity,76d86f1a83bde7f8f6389684cd2a3913c923e21ccfbe42e40d3255385a9982b1,,,point estimate; empirical LM/sparse ranges reported separately,u_to_m,16,"[11.0,16.0,16.0,16.0,16.0,16.0]",11,0,l0_mean,seed0_l11_tc_k16_s1,P9,READ,10000,experiment_v1_4/evidence/P9/v1_4_p9_evaluation_return_1790842429996719913.zip::tc/runs/seed0_l11_tc_k16_s1/semantic.json,1,val,m prediction from u,tc,15.9353
,,,fidelity,76d86f1a83bde7f8f6389684cd2a3913c923e21ccfbe42e40d3255385a9982b1,,,point estimate; empirical LM/sparse ranges reported separately,u_to_m,16,"[11.0,16.0,16.0,16.0,16.0,16.0]",11,0,l0_median,seed0_l11_tc_k16_s1,P9,READ,10000,experiment_v1_4/evidence/P9/v1_4_p9_evaluation_return_1790842429996719913.zip::tc/runs/seed0_l11_tc_k16_s1/semantic.json,1,val,m prediction from u,tc,16.0
,,,fidelity,76d86f1a83bde7f8f6389684cd2a3913c923e21ccfbe42e40d3255385a9982b1,,,point estimate; empirical LM/sparse ranges reported separately,u_to_m,16,"[11.0,16.0,16.0,16.0,16.0,16.0]",11,0,dead_fraction,seed0_l11_tc_k16_s1,P9,READ,10000,experiment_v1_4/evidence/P9/v1_4_p9_evaluation_return_1790842429996719913.zip::tc/runs/seed0_l11_tc_k16_s1/semantic.json,1,val,m prediction from u,tc,0.486328125
,,,fidelity,76d86f1a83bde7f8f6389684cd2a3913c923e21ccfbe42e40d3255385a9982b1,,,point estimate; empirical LM/sparse ranges reported separately,u_to_m,16,"[10.0,16.0,16.0,16.0,16.0,16.0]",11,0,mse,seed0_l11_tc_k16_s1,P9,READ,20000,experiment_v1_4/evidence/P9/v1_4_p9_evaluation_return_1790842429996719913.zip::tc/runs/seed0_l11_tc_k16_s1/semantic.json,1,test,m prediction from u,tc,0.0004650691633278199
,,,fidelity,76d86f1a83bde7f8f6389684cd2a3913c923e21ccfbe42e40d3255385a9982b1,,,point estimate; empirical LM/sparse ranges reported separately,u_to_m,16,"[10.0,16.0,16.0,16.0,16.0,16.0]",11,0,nmse,seed0_l11_tc_k16_s1,P9,READ,20000,experiment_v1_4/evidence/P9/v1_4_p9_evaluation_return_1790842429996719913.zip::tc/runs/seed0_l11_tc_k16_s1/semantic.json,1,test,m prediction from u,tc,0.0004660550191720193
,,,fidelity,76d86f1a83bde7f8f6389684cd2a3913c923e21ccfbe42e40d3255385a9982b1,,,point estimate; empirical LM/sparse ranges reported separately,u_to_m,16,"[10.0,16.0,16.0,16.0,16.0,16.0]",11,0,r2,seed0_l11_tc_k16_s1,P9,READ,20000,experiment_v1_4/evidence/P9/v1_4_p9_evaluation_return_1790842429996719913.zip::tc/runs/seed0_l11_tc_k16_s1/semantic.json,1,test,m prediction from u,tc,0.9995339274514334
,,,fidelity,76d86f1a83bde7f8f6389684cd2a3913c923e21ccfbe42e40d3255385a9982b1,,,point estimate; empirical LM/sparse ranges reported separately,u_to_m,16,"[10.0,16.0,16.0,16.0,16.0,16.0]",11,0,ev,seed0_l11_tc_k16_s1,P9,READ,20000,experiment_v1_4/evidence/P9/v1_4_p9_evaluation_return_1790842429996719913.zip::tc/runs/seed0_l11_tc_k16_s1/semantic.json,1,test,m prediction from u,tc,0.9995522426026205
,,,fidelity,76d86f1a83bde7f8f6389684cd2a3913c923e21ccfbe42e40d3255385a9982b1,,,point estimate; empirical LM/sparse ranges reported separately,u_to_m,16,"[10.0,16.0,16.0,16.0,16.0,16.0]",11,0,inactive_fraction,seed0_l11_tc_k16_s1,P9,READ,20000,experiment_v1_4/evidence/P9/v1_4_p9_evaluation_return_1790842429996719913.zip::tc/runs/seed0_l11_tc_k16_s1/semantic.json,1,test,m prediction from u,tc,0.484375
,,,fidelity,76d86f1a83bde7f8f6389684cd2a3913c923e21ccfbe42e40d3255385a9982b1,,,point estimate; empirical LM/sparse ranges reported separately,u_to_m,16,"[10.0,16.0,16.0,16.0,16.0,16.0]",11,0,inactive_count,seed0_l11_tc_k16_s1,P9,READ,20000,experiment_v1_4/evidence/P9/v1_4_p9_evaluation_return_1790842429996719913.zip::tc/runs/seed0_l11_tc_k16_s1/semantic.json,1,test,m prediction from u,tc,248
,,,fidelity,76d86f1a83bde7f8f6389684cd2a3913c923e21ccfbe42e40d3255385a9982b1,,,point estimate; empirical LM/sparse ranges reported separately,u_to_m,16,"[10.0,16.0,16.0,16.0,16.0,16.0]",11,0,l0_mean,seed0_l11_tc_k16_s1,P9,READ,20000,experiment_v1_4/evidence/P9/v1_4_p9_evaluation_return_1790842429996719913.zip::tc/runs/seed0_l11_tc_k16_s1/semantic.json,1,test,m prediction from u,tc,15.93755
,,,fidelity,76d86f1a83bde7f8f6389684cd2a3913c923e21ccfbe42e40d3255385a9982b1,,,point estimate; empirical LM/sparse ranges reported separately,u_to_m,16,"[10.0,16.0,16.0,16.0,16.0,16.0]",11,0,l0_median,seed0_l11_tc_k16_s1,P9,READ,20000,experiment_v1_4/evidence/P9/v1_4_p9_evaluation_return_1790842429996719913.zip::tc/runs/seed0_l11_tc_k16_s1/semantic.json,1,test,m prediction from u,tc,16.0
,,,fidelity,76d86f1a83bde7f8f6389684cd2a3913c923e21ccfbe42e40d3255385a9982b1,,,point estimate; empirical LM/sparse ranges reported separately,u_to_m,16,"[10.0,16.0,16.0,16.0,16.0,16.0]",11,0,dead_fraction,seed0_l11_tc_k16_s1,P9,READ,20000,experiment_v1_4/evidence/P9/v1_4_p9_evaluation_return_1790842429996719913.zip::tc/runs/seed0_l11_tc_k16_s1/semantic.json,1,test,m prediction from u,tc,0.486328125
1000,14242934783344223598,1000,replacement,76d86f1a83bde7f8f6389684cd2a3913c923e21ccfbe42e40d3255385a9982b1,0.0006450064747478945,0.00016806667241010543,,u_to_m,16,,11,0,original_ce,seed0_l11_tc_k16_s1,P9,READ,2048,experiment_v1_4/evidence/P9/v1_4_p9_evaluation_return_1790842429996719913.zip::tc/runs/seed0_l11_tc_k16_s1/summary.json,1,behavior_test,m prediction from u,tc,0.00037435924538775645
1000,14242934783344223598,1000,replacement,76d86f1a83bde7f8f6389684cd2a3913c923e21ccfbe42e40d3255385a9982b1,0.0006417259717999779,0.00016461871844627443,,u_to_m,16,,11,0,patched_ce,seed0_l11_tc_k16_s1,P9,READ,2048,experiment_v1_4/evidence/P9/v1_4_p9_evaluation_return_1790842429996719913.zip::tc/runs/seed0_l11_tc_k16_s1/summary.json,1,behavior_test,m prediction from u,tc,0.000367871569921574
1000,14242934783344223598,1000,replacement,76d86f1a83bde7f8f6389684cd2a3913c923e21ccfbe42e40d3255385a9982b1,2.7434410271864867e-06,-1.798615440323781e-05,,u_to_m,16,,11,0,delta_ce,seed0_l11_tc_k16_s1,P9,READ,2048,experiment_v1_4/evidence/P9/v1_4_p9_evaluation_return_1790842429996719913.zip::tc/runs/seed0_l11_tc_k16_s1/summary.json,1,behavior_test,m prediction from u,tc,-6.487675466182452e-06
1000,14242934783344223598,1000,replacement,76d86f1a83bde7f8f6389684cd2a3913c923e21ccfbe42e40d3255385a9982b1,1.0,1.0,,u_to_m,16,,11,0,original_accuracy,seed0_l11_tc_k16_s1,P9,READ,2048,experiment_v1_4/evidence/P9/v1_4_p9_evaluation_return_1790842429996719913.zip::tc/runs/seed0_l11_tc_k16_s1/summary.json,1,behavior_test,m prediction from u,tc,1.0
1000,14242934783344223598,1000,replacement,76d86f1a83bde7f8f6389684cd2a3913c923e21ccfbe42e40d3255385a9982b1,1.0,1.0,,u_to_m,16,,11,0,patched_accuracy,seed0_l11_tc_k16_s1,P9,READ,2048,experiment_v1_4/evidence/P9/v1_4_p9_evaluation_return_1790842429996719913.zip::tc/runs/seed0_l11_tc_k16_s1/summary.json,1,behavior_test,m prediction from u,tc,1.0
1000,14242934783344223598,1000,replacement,76d86f1a83bde7f8f6389684cd2a3913c923e21ccfbe42e40d3255385a9982b1,0.0,0.0,,u_to_m,16,,11,0,delta_accuracy,seed0_l11_tc_k16_s1,P9,READ,2048,experiment_v1_4/evidence/P9/v1_4_p9_evaluation_return_1790842429996719913.zip::tc/runs/seed0_l11_tc_k16_s1/summary.json,1,behavior_test,m prediction from u,tc,0.0
,,,fidelity,76d86f1a83bde7f8f6389684cd2a3913c923e21ccfbe42e40d3255385a9982b1,,,,,4,,3,0,mse,seed0_l3_update_sae_k4_s0,P10,UPDATE,50000,experiment_v1_4/results/p10_return_audit_20261004_01/returned_metadata/fidelity/seed0_l3_update_sae_k4_s0.json,0,train,h reconstruction,sae,0.029323431003484952
,,,fidelity,76d86f1a83bde7f8f6389684cd2a3913c923e21ccfbe42e40d3255385a9982b1,,,,,4,,3,0,nmse,seed0_l3_update_sae_k4_s0,P10,UPDATE,50000,experiment_v1_4/results/p10_return_audit_20261004_01/returned_metadata/fidelity/seed0_l3_update_sae_k4_s0.json,0,train,h reconstruction,sae,0.02932342924892288
,,,fidelity,76d86f1a83bde7f8f6389684cd2a3913c923e21ccfbe42e40d3255385a9982b1,,,,,4,,3,0,r2,seed0_l3_update_sae_k4_s0,P10,UPDATE,50000,experiment_v1_4/results/p10_return_audit_20261004_01/returned_metadata/fidelity/seed0_l3_update_sae_k4_s0.json,0,train,h reconstruction,sae,0.9706765707510772
,,,fidelity,76d86f1a83bde7f8f6389684cd2a3913c923e21ccfbe42e40d3255385a9982b1,,,,,4,,3,0,ev,seed0_l3_update_sae_k4_s0,P10,UPDATE,50000,experiment_v1_4/results/p10_return_audit_20261004_01/returned_metadata/fidelity/seed0_l3_update_sae_k4_s0.json,0,train,h reconstruction,sae,0.9706954905432863
,,,fidelity,76d86f1a83bde7f8f6389684cd2a3913c923e21ccfbe42e40d3255385a9982b1,,,,,4,,3,0,inactive_fraction,seed0_l3_update_sae_k4_s0,P10,UPDATE,50000,experiment_v1_4/results/p10_return_audit_20261004_01/returned_metadata/fidelity/seed0_l3_update_sae_k4_s0.json,0,train,h reconstruction,sae,0.66796875
,,,fidelity,76d86f1a83bde7f8f6389684cd2a3913c923e21ccfbe42e40d3255385a9982b1,,,,,4,,3,0,inactive_count,seed0_l3_update_sae_k4_s0,P10,UPDATE,50000,experiment_v1_4/results/p10_return_audit_20261004_01/returned_metadata/fidelity/seed0_l3_update_sae_k4_s0.json,0,train,h reconstruction,sae,342
,,,fidelity,76d86f1a83bde7f8f6389684cd2a3913c923e21ccfbe42e40d3255385a9982b1,,,,,4,,3,0,l0_mean,seed0_l3_update_sae_k4_s0,P10,UPDATE,50000,experiment_v1_4/results/p10_return_audit_20261004_01/returned_metadata/fidelity/seed0_l3_update_sae_k4_s0.json,0,train,h reconstruction,sae,4.0
,,,fidelity,76d86f1a83bde7f8f6389684cd2a3913c923e21ccfbe42e40d3255385a9982b1,,,,,4,,3,0,l0_median,seed0_l3_update_sae_k4_s0,P10,UPDATE,50000,experiment_v1_4/results/p10_return_audit_20261004_01/returned_metadata/fidelity/seed0_l3_update_sae_k4_s0.json,0,train,h reconstruction,sae,4.0
,,,fidelity,76d86f1a83bde7f8f6389684cd2a3913c923e21ccfbe42e40d3255385a9982b1,,,,,4,,3,0,dead_fraction,seed0_l3_update_sae_k4_s0,P10,UPDATE,50000,experiment_v1_4/results/p10_return_audit_20261004_01/returned_metadata/fidelity/seed0_l3_update_sae_k4_s0.json,0,train,h reconstruction,sae,0.66796875
,,,fidelity,76d86f1a83bde7f8f6389684cd2a3913c923e21ccfbe42e40d3255385a9982b1,,,,,4,,3,0,mse,seed0_l3_update_sae_k4_s0,P10,UPDATE,10000,experiment_v1_4/results/p10_return_audit_20261004_01/returned_metadata/fidelity/seed0_l3_update_sae_k4_s0.json,0,val,h reconstruction,sae,0.0299751439550315
,,,fidelity,76d86f1a83bde7f8f6389684cd2a3913c923e21ccfbe42e40d3255385a9982b1,,,,,4,,3,0,nmse,seed0_l3_update_sae_k4_s0,P10,UPDATE,10000,experiment_v1_4/results/p10_return_audit_20261004_01/returned_metadata/fidelity/seed0_l3_update_sae_k4_s0.json,0,val,h reconstruction,sae,0.02993423040121483
,,,fidelity,76d86f1a83bde7f8f6389684cd2a3913c923e21ccfbe42e40d3255385a9982b1,,,,,4,,3,0,r2,seed0_l3_update_sae_k4_s0,P10,UPDATE,10000,experiment_v1_4/results/p10_return_audit_20261004_01/returned_metadata/fidelity/seed0_l3_update_sae_k4_s0.json,0,val,h reconstruction,sae,0.9700594797546591
,,,fidelity,76d86f1a83bde7f8f6389684cd2a3913c923e21ccfbe42e40d3255385a9982b1,,,,,4,,3,0,ev,seed0_l3_update_sae_k4_s0,P10,UPDATE,10000,experiment_v1_4/results/p10_return_audit_20261004_01/returned_metadata/fidelity/seed0_l3_update_sae_k4_s0.json,0,val,h reconstruction,sae,0.970081400314864
,,,fidelity,76d86f1a83bde7f8f6389684cd2a3913c923e21ccfbe42e40d3255385a9982b1,,,,,4,,3,0,inactive_fraction,seed0_l3_update_sae_k4_s0,P10,UPDATE,10000,experiment_v1_4/results/p10_return_audit_20261004_01/returned_metadata/fidelity/seed0_l3_update_sae_k4_s0.json,0,val,h reconstruction,sae,0.6875
,,,fidelity,76d86f1a83bde7f8f6389684cd2a3913c923e21ccfbe42e40d3255385a9982b1,,,,,4,,3,0,inactive_count,seed0_l3_update_sae_k4_s0,P10,UPDATE,10000,experiment_v1_4/results/p10_return_audit_20261004_01/returned_metadata/fidelity/seed0_l3_update_sae_k4_s0.json,0,val,h reconstruction,sae,352
,,,fidelity,76d86f1a83bde7f8f6389684cd2a3913c923e21ccfbe42e40d3255385a9982b1,,,,,4,,3,0,l0_mean,seed0_l3_update_sae_k4_s0,P10,UPDATE,10000,experiment_v1_4/results/p10_return_audit_20261004_01/returned_metadata/fidelity/seed0_l3_update_sae_k4_s0.json,0,val,h reconstruction,sae,4.0
,,,fidelity,76d86f1a83bde7f8f6389684cd2a3913c923e21ccfbe42e40d3255385a9982b1,,,,,4,,3,0,l0_median,seed0_l3_update_sae_k4_s0,P10,UPDATE,10000,experiment_v1_4/results/p10_return_audit_20261004_01/returned_metadata/fidelity/seed0_l3_update_sae_k4_s0.json,0,val,h reconstruction,sae,4.0
,,,fidelity,76d86f1a83bde7f8f6389684cd2a3913c923e21ccfbe42e40d3255385a9982b1,,,,,4,,3,0,dead_fraction,seed0_l3_update_sae_k4_s0,P10,UPDATE,10000,experiment_v1_4/results/p10_return_audit_20261004_01/returned_metadata/fidelity/seed0_l3_update_sae_k4_s0.json,0,val,h reconstruction,sae,0.66796875
,,,fidelity,76d86f1a83bde7f8f6389684cd2a3913c923e21ccfbe42e40d3255385a9982b1,,,,,4,,3,0,mse,seed0_l3_update_sae_k4_s0,P10,UPDATE,20000,experiment_v1_4/results/p10_return_audit_20261004_01/returned_metadata/fidelity/seed0_l3_update_sae_k4_s0.json,0,test,h reconstruction,sae,0.030020044781513263
,,,fidelity,76d86f1a83bde7f8f6389684cd2a3913c923e21ccfbe42e40d3255385a9982b1,,,,,4,,3,0,nmse,seed0_l3_update_sae_k4_s0,P10,UPDATE,20000,experiment_v1_4/results/p10_return_audit_20261004_01/returned_metadata/fidelity/seed0_l3_update_sae_k4_s0.json,0,test,h reconstruction,sae,0.030048518295336106
,,,fidelity,76d86f1a83bde7f8f6389684cd2a3913c923e21ccfbe42e40d3255385a9982b1,,,,,4,,3,0,r2,seed0_l3_update_sae_k4_s0,P10,UPDATE,20000,experiment_v1_4/results/p10_return_audit_20261004_01/returned_metadata/fidelity/seed0_l3_update_sae_k4_s0.json,0,test,h reconstruction,sae,0.9699503080695089
,,,fidelity,76d86f1a83bde7f8f6389684cd2a3913c923e21ccfbe42e40d3255385a9982b1,,,,,4,,3,0,ev,seed0_l3_update_sae_k4_s0,P10,UPDATE,20000,experiment_v1_4/results/p10_return_audit_20261004_01/returned_metadata/fidelity/seed0_l3_update_sae_k4_s0.json,0,test,h reconstruction,sae,0.9699682562918147
,,,fidelity,76d86f1a83bde7f8f6389684cd2a3913c923e21ccfbe42e40d3255385a9982b1,,,,,4,,3,0,inactive_fraction,seed0_l3_update_sae_k4_s0,P10,UPDATE,20000,experiment_v1_4/results/p10_return_audit_20261004_01/returned_metadata/fidelity/seed0_l3_update_sae_k4_s0.json,0,test,h reconstruction,sae,0.69140625
,,,fidelity,76d86f1a83bde7f8f6389684cd2a3913c923e21ccfbe42e40d3255385a9982b1,,,,,4,,3,0,inactive_count,seed0_l3_update_sae_k4_s0,P10,UPDATE,20000,experiment_v1_4/results/p10_return_audit_20261004_01/returned_metadata/fidelity/seed0_l3_update_sae_k4_s0.json,0,test,h reconstruction,sae,354
,,,fidelity,76d86f1a83bde7f8f6389684cd2a3913c923e21ccfbe42e40d3255385a9982b1,,,,,4,,3,0,l0_mean,seed0_l3_update_sae_k4_s0,P10,UPDATE,20000,experiment_v1_4/results/p10_return_audit_20261004_01/returned_metadata/fidelity/seed0_l3_update_sae_k4_s0.json,0,test,h reconstruction,sae,4.0
,,,fidelity,76d86f1a83bde7f8f6389684cd2a3913c923e21ccfbe42e40d3255385a9982b1,,,,,4,,3,0,l0_median,seed0_l3_update_sae_k4_s0,P10,UPDATE,20000,experiment_v1_4/results/p10_return_audit_20261004_01/returned_metadata/fidelity/seed0_l3_update_sae_k4_s0.json,0,test,h reconstruction,sae,4.0
,,,fidelity,76d86f1a83bde7f8f6389684cd2a3913c923e21ccfbe42e40d3255385a9982b1,,,,,4,,3,0,dead_fraction,seed0_l3_update_sae_k4_s0,P10,UPDATE,20000,experiment_v1_4/results/p10_return_audit_20261004_01/returned_metadata/fidelity/seed0_l3_update_sae_k4_s0.json,0,test,h reconstruction,sae,0.66796875
,,,fidelity,76d86f1a83bde7f8f6389684cd2a3913c923e21ccfbe42e40d3255385a9982b1,,,,,16,,3,0,mse,seed0_l3_update_sae_k16_s0,P10,UPDATE,50000,experiment_v1_4/results/p10_return_audit_20261004_01/returned_metadata/fidelity/seed0_l3_update_sae_k16_s0.json,0,train,h reconstruction,sae,0.005618970548442819
,,,fidelity,76d86f1a83bde7f8f6389684cd2a3913c923e21ccfbe42e40d3255385a9982b1,,,,,16,,3,0,nmse,seed0_l3_update_sae_k16_s0,P10,UPDATE,50000,experiment_v1_4/results/p10_return_audit_20261004_01/returned_metadata/fidelity/seed0_l3_update_sae_k16_s0.json,0,train,h reconstruction,sae,0.005618970212232756
,,,fidelity,76d86f1a83bde7f8f6389684cd2a3913c923e21ccfbe42e40d3255385a9982b1,,,,,16,,3,0,r2,seed0_l3_update_sae_k16_s0,P10,UPDATE,50000,experiment_v1_4/results/p10_return_audit_20261004_01/returned_metadata/fidelity/seed0_l3_update_sae_k16_s0.json,0,train,h reconstruction,sae,0.9943810297877672
,,,fidelity,76d86f1a83bde7f8f6389684cd2a3913c923e21ccfbe42e40d3255385a9982b1,,,,,16,,3,0,ev,seed0_l3_update_sae_k16_s0,P10,UPDATE,50000,experiment_v1_4/results/p10_return_audit_20261004_01/returned_metadata/fidelity/seed0_l3_update_sae_k16_s0.json,0,train,h reconstruction,sae,0.994396060020056
,,,fidelity,76d86f1a83bde7f8f6389684cd2a3913c923e21ccfbe42e40d3255385a9982b1,,,,,16,,3,0,inactive_fraction,seed0_l3_update_sae_k16_s0,P10,UPDATE,50000,experiment_v1_4/results/p10_return_audit_20261004_01/returned_metadata/fidelity/seed0_l3_update_sae_k16_s0.json,0,train,h reconstruction,sae,0.501953125
,,,fidelity,76d86f1a83bde7f8f6389684cd2a3913c923e21ccfbe42e40d3255385a9982b1,,,,,16,,3,0,inactive_count,seed0_l3_update_sae_k16_s0,P10,UPDATE,50000,experiment_v1_4/results/p10_return_audit_20261004_01/returned_metadata/fidelity/seed0_l3_update_sae_k16_s0.json,0,train,h reconstruction,sae,257
,,,fidelity,76d86f1a83bde7f8f6389684cd2a3913c923e21ccfbe42e40d3255385a9982b1,,,,,16,,3,0,l0_mean,seed0_l3_update_sae_k16_s0,P10,UPDATE,50000,experiment_v1_4/results/p10_return_audit_20261004_01/returned_metadata/fidelity/seed0_l3_update_sae_k16_s0.json,0,train,h reconstruction,sae,16.0
,,,fidelity,76d86f1a83bde7f8f6389684cd2a3913c923e21ccfbe42e40d3255385a9982b1,,,,,16,,3,0,l0_median,seed0_l3_update_sae_k16_s0,P10,UPDATE,50000,experiment_v1_4/results/p10_return_audit_20261004_01/returned_metadata/fidelity/seed0_l3_update_sae_k16_s0.json,0,train,h reconstruction,sae,16.0
,,,fidelity,76d86f1a83bde7f8f6389684cd2a3913c923e21ccfbe42e40d3255385a9982b1,,,,,16,,3,0,dead_fraction,seed0_l3_update_sae_k16_s0,P10,UPDATE,50000,experiment_v1_4/results/p10_return_audit_20261004_01/returned_metadata/fidelity/seed0_l3_update_sae_k16_s0.json,0,train,h reconstruction,sae,0.501953125
,,,fidelity,76d86f1a83bde7f8f6389684cd2a3913c923e21ccfbe42e40d3255385a9982b1,,,,,16,,3,0,mse,seed0_l3_update_sae_k16_s0,P10,UPDATE,10000,experiment_v1_4/results/p10_return_audit_20261004_01/returned_metadata/fidelity/seed0_l3_update_sae_k16_s0.json,0,val,h reconstruction,sae,0.005800710189622126
,,,fidelity,76d86f1a83bde7f8f6389684cd2a3913c923e21ccfbe42e40d3255385a9982b1,,,,,16,,3,0,nmse,seed0_l3_update_sae_k16_s0,P10,UPDATE,10000,experiment_v1_4/results/p10_return_audit_20261004_01/returned_metadata/fidelity/seed0_l3_update_sae_k16_s0.json,0,val,h reconstruction,sae,0.005792792707428411
,,,fidelity,76d86f1a83bde7f8f6389684cd2a3913c923e21ccfbe42e40d3255385a9982b1,,,,,16,,3,0,r2,seed0_l3_update_sae_k16_s0,P10,UPDATE,10000,experiment_v1_4/results/p10_return_audit_20261004_01/returned_metadata/fidelity/seed0_l3_update_sae_k16_s0.json,0,val,h reconstruction,sae,0.9942059900986536
,,,fidelity,76d86f1a83bde7f8f6389684cd2a3913c923e21ccfbe42e40d3255385a9982b1,,,,,16,,3,0,ev,seed0_l3_update_sae_k16_s0,P10,UPDATE,10000,experiment_v1_4/results/p10_return_audit_20261004_01/returned_metadata/fidelity/seed0_l3_update_sae_k16_s0.json,0,val,h reconstruction,sae,0.9942225613891872
,,,fidelity,76d86f1a83bde7f8f6389684cd2a3913c923e21ccfbe42e40d3255385a9982b1,,,,,16,,3,0,inactive_fraction,seed0_l3_update_sae_k16_s0,P10,UPDATE,10000,experiment_v1_4/results/p10_return_audit_20261004_01/returned_metadata/fidelity/seed0_l3_update_sae_k16_s0.json,0,val,h reconstruction,sae,0.5703125
,,,fidelity,76d86f1a83bde7f8f6389684cd2a3913c923e21ccfbe42e40d3255385a9982b1,,,,,16,,3,0,inactive_count,seed0_l3_update_sae_k16_s0,P10,UPDATE,10000,experiment_v1_4/results/p10_return_audit_20261004_01/returned_metadata/fidelity/seed0_l3_update_sae_k16_s0.json,0,val,h reconstruction,sae,292
,,,fidelity,76d86f1a83bde7f8f6389684cd2a3913c923e21ccfbe42e40d3255385a9982b1,,,,,16,,3,0,l0_mean,seed0_l3_update_sae_k16_s0,P10,UPDATE,10000,experiment_v1_4/results/p10_return_audit_20261004_01/returned_metadata/fidelity/seed0_l3_update_sae_k16_s0.json,0,val,h reconstruction,sae,16.0
,,,fidelity,76d86f1a83bde7f8f6389684cd2a3913c923e21ccfbe42e40d3255385a9982b1,,,,,16,,3,0,l0_median,seed0_l3_update_sae_k16_s0,P10,UPDATE,10000,experiment_v1_4/results/p10_return_audit_20261004_01/returned_metadata/fidelity/seed0_l3_update_sae_k16_s0.json,0,val,h reconstruction,sae,16.0
,,,fidelity,76d86f1a83bde7f8f6389684cd2a3913c923e21ccfbe42e40d3255385a9982b1,,,,,16,,3,0,dead_fraction,seed0_l3_update_sae_k16_s0,P10,UPDATE,10000,experiment_v1_4/results/p10_return_audit_20261004_01/returned_metadata/fidelity/seed0_l3_update_sae_k16_s0.json,0,val,h reconstruction,sae,0.501953125
,,,fidelity,76d86f1a83bde7f8f6389684cd2a3913c923e21ccfbe42e40d3255385a9982b1,,,,,16,,3,0,mse,seed0_l3_update_sae_k16_s0,P10,UPDATE,20000,experiment_v1_4/results/p10_return_audit_20261004_01/returned_metadata/fidelity/seed0_l3_update_sae_k16_s0.json,0,test,h reconstruction,sae,0.005767053014388715
,,,fidelity,76d86f1a83bde7f8f6389684cd2a3913c923e21ccfbe42e40d3255385a9982b1,,,,,16,,3,0,nmse,seed0_l3_update_sae_k16_s0,P10,UPDATE,20000,experiment_v1_4/results/p10_return_audit_20261004_01/returned_metadata/fidelity/seed0_l3_update_sae_k16_s0.json,0,test,h reconstruction,sae,0.005772522968378371
,,,fidelity,76d86f1a83bde7f8f6389684cd2a3913c923e21ccfbe42e40d3255385a9982b1,,,,,16,,3,0,r2,seed0_l3_update_sae_k16_s0,P10,UPDATE,20000,experiment_v1_4/results/p10_return_audit_20261004_01/returned_metadata/fidelity/seed0_l3_update_sae_k16_s0.json,0,test,h reconstruction,sae,0.9942272515683951
,,,fidelity,76d86f1a83bde7f8f6389684cd2a3913c923e21ccfbe42e40d3255385a9982b1,,,,,16,,3,0,ev,seed0_l3_update_sae_k16_s0,P10,UPDATE,20000,experiment_v1_4/results/p10_return_audit_20261004_01/returned_metadata/fidelity/seed0_l3_update_sae_k16_s0.json,0,test,h reconstruction,sae,0.9942425383762054
,,,fidelity,76d86f1a83bde7f8f6389684cd2a3913c923e21ccfbe42e40d3255385a9982b1,,,,,16,,3,0,inactive_fraction,seed0_l3_update_sae_k16_s0,P10,UPDATE,20000,experiment_v1_4/results/p10_return_audit_20261004_01/returned_metadata/fidelity/seed0_l3_update_sae_k16_s0.json,0,test,h reconstruction,sae,0.52734375
,,,fidelity,76d86f1a83bde7f8f6389684cd2a3913c923e21ccfbe42e40d3255385a9982b1,,,,,16,,3,0,inactive_count,seed0_l3_update_sae_k16_s0,P10,UPDATE,20000,experiment_v1_4/results/p10_return_audit_20261004_01/returned_metadata/fidelity/seed0_l3_update_sae_k16_s0.json,0,test,h reconstruction,sae,270
,,,fidelity,76d86f1a83bde7f8f6389684cd2a3913c923e21ccfbe42e40d3255385a9982b1,,,,,16,,3,0,l0_mean,seed0_l3_update_sae_k16_s0,P10,UPDATE,20000,experiment_v1_4/results/p10_return_audit_20261004_01/returned_metadata/fidelity/seed0_l3_update_sae_k16_s0.json,0,test,h reconstruction,sae,16.0
,,,fidelity,76d86f1a83bde7f8f6389684cd2a3913c923e21ccfbe42e40d3255385a9982b1,,,,,16,,3,0,l0_median,seed0_l3_update_sae_k16_s0,P10,UPDATE,20000,experiment_v1_4/results/p10_return_audit_20261004_01/returned_metadata/fidelity/seed0_l3_update_sae_k16_s0.json,0,test,h reconstruction,sae,16.0
,,,fidelity,76d86f1a83bde7f8f6389684cd2a3913c923e21ccfbe42e40d3255385a9982b1,,,,,16,,3,0,dead_fraction,seed0_l3_update_sae_k16_s0,P10,UPDATE,20000,experiment_v1_4/results/p10_return_audit_20261004_01/returned_metadata/fidelity/seed0_l3_update_sae_k16_s0.json,0,test,h reconstruction,sae,0.501953125
,,,fidelity,76d86f1a83bde7f8f6389684cd2a3913c923e21ccfbe42e40d3255385a9982b1,,,,,4,,3,0,mse,seed0_l3_update_transcoder_k4_s0,P10,UPDATE,50000,experiment_v1_4/results/p10_return_audit_20261004_01/returned_metadata/fidelity/seed0_l3_update_transcoder_k4_s0.json,0,train,m prediction from u,tc,0.038674017889378895
,,,fidelity,76d86f1a83bde7f8f6389684cd2a3913c923e21ccfbe42e40d3255385a9982b1,,,,,4,,3,0,nmse,seed0_l3_update_transcoder_k4_s0,P10,UPDATE,50000,experiment_v1_4/results/p10_return_audit_20261004_01/returned_metadata/fidelity/seed0_l3_update_transcoder_k4_s0.json,0,train,m prediction from u,tc,0.03867401667855645
,,,fidelity,76d86f1a83bde7f8f6389684cd2a3913c923e21ccfbe42e40d3255385a9982b1,,,,,4,,3,0,r2,seed0_l3_update_transcoder_k4_s0,P10,UPDATE,50000,experiment_v1_4/results/p10_return_audit_20261004_01/returned_metadata/fidelity/seed0_l3_update_transcoder_k4_s0.json,0,train,m prediction from u,tc,0.9613259833214436
,,,fidelity,76d86f1a83bde7f8f6389684cd2a3913c923e21ccfbe42e40d3255385a9982b1,,,,,4,,3,0,ev,seed0_l3_update_transcoder_k4_s0,P10,UPDATE,50000,experiment_v1_4/results/p10_return_audit_20261004_01/returned_metadata/fidelity/seed0_l3_update_transcoder_k4_s0.json,0,train,m prediction from u,tc,0.9613615141470234
,,,fidelity,76d86f1a83bde7f8f6389684cd2a3913c923e21ccfbe42e40d3255385a9982b1,,,,,4,,3,0,inactive_fraction,seed0_l3_update_transcoder_k4_s0,P10,UPDATE,50000,experiment_v1_4/results/p10_return_audit_20261004_01/returned_metadata/fidelity/seed0_l3_update_transcoder_k4_s0.json,0,train,m prediction from u,tc,0.68359375
,,,fidelity,76d86f1a83bde7f8f6389684cd2a3913c923e21ccfbe42e40d3255385a9982b1,,,,,4,,3,0,inactive_count,seed0_l3_update_transcoder_k4_s0,P10,UPDATE,50000,experiment_v1_4/results/p10_return_audit_20261004_01/returned_metadata/fidelity/seed0_l3_update_transcoder_k4_s0.json,0,train,m prediction from u,tc,350
,,,fidelity,76d86f1a83bde7f8f6389684cd2a3913c923e21ccfbe42e40d3255385a9982b1,,,,,4,,3,0,l0_mean,seed0_l3_update_transcoder_k4_s0,P10,UPDATE,50000,experiment_v1_4/results/p10_return_audit_20261004_01/returned_metadata/fidelity/seed0_l3_update_transcoder_k4_s0.json,0,train,m prediction from u,tc,3.99998
,,,fidelity,76d86f1a83bde7f8f6389684cd2a3913c923e21ccfbe42e40d3255385a9982b1,,,,,4,,3,0,l0_median,seed0_l3_update_transcoder_k4_s0,P10,UPDATE,50000,experiment_v1_4/results/p10_return_audit_20261004_01/returned_metadata/fidelity/seed0_l3_update_transcoder_k4_s0.json,0,train,m prediction from u,tc,4.0
,,,fidelity,76d86f1a83bde7f8f6389684cd2a3913c923e21ccfbe42e40d3255385a9982b1,,,,,4,,3,0,dead_fraction,seed0_l3_update_transcoder_k4_s0,P10,UPDATE,50000,experiment_v1_4/results/p10_return_audit_20261004_01/returned_metadata/fidelity/seed0_l3_update_transcoder_k4_s0.json,0,train,m prediction from u,tc,0.68359375
,,,fidelity,76d86f1a83bde7f8f6389684cd2a3913c923e21ccfbe42e40d3255385a9982b1,,,,,4,,3,0,mse,seed0_l3_update_transcoder_k4_s0,P10,UPDATE,10000,experiment_v1_4/results/p10_return_audit_20261004_01/returned_metadata/fidelity/seed0_l3_update_transcoder_k4_s0.json,0,val,m prediction from u,tc,0.03941204617874843
,,,fidelity,76d86f1a83bde7f8f6389684cd2a3913c923e21ccfbe42e40d3255385a9982b1,,,,,4,,3,0,nmse,seed0_l3_update_transcoder_k4_s0,P10,UPDATE,10000,experiment_v1_4/results/p10_return_audit_20261004_01/returned_metadata/fidelity/seed0_l3_update_transcoder_k4_s0.json,0,val,m prediction from u,tc,0.039186523310333767
,,,fidelity,76d86f1a83bde7f8f6389684cd2a3913c923e21ccfbe42e40d3255385a9982b1,,,,,4,,3,0,r2,seed0_l3_update_transcoder_k4_s0,P10,UPDATE,10000,experiment_v1_4/results/p10_return_audit_20261004_01/returned_metadata/fidelity/seed0_l3_update_transcoder_k4_s0.json,0,val,m prediction from u,tc,0.9608075051286424
,,,fidelity,76d86f1a83bde7f8f6389684cd2a3913c923e21ccfbe42e40d3255385a9982b1,,,,,4,,3,0,ev,seed0_l3_update_transcoder_k4_s0,P10,UPDATE,10000,experiment_v1_4/results/p10_return_audit_20261004_01/returned_metadata/fidelity/seed0_l3_update_transcoder_k4_s0.json,0,val,m prediction from u,tc,0.9608637707872335
,,,fidelity,76d86f1a83bde7f8f6389684cd2a3913c923e21ccfbe42e40d3255385a9982b1,,,,,4,,3,0,inactive_fraction,seed0_l3_update_transcoder_k4_s0,P10,UPDATE,10000,experiment_v1_4/results/p10_return_audit_20261004_01/returned_metadata/fidelity/seed0_l3_update_transcoder_k4_s0.json,0,val,m prediction from u,tc,0.798828125
,,,fidelity,76d86f1a83bde7f8f6389684cd2a3913c923e21ccfbe42e40d3255385a9982b1,,,,,4,,3,0,inactive_count,seed0_l3_update_transcoder_k4_s0,P10,UPDATE,10000,experiment_v1_4/results/p10_return_audit_20261004_01/returned_metadata/fidelity/seed0_l3_update_transcoder_k4_s0.json,0,val,m prediction from u,tc,409
,,,fidelity,76d86f1a83bde7f8f6389684cd2a3913c923e21ccfbe42e40d3255385a9982b1,,,,,4,,3,0,l0_mean,seed0_l3_update_transcoder_k4_s0,P10,UPDATE,10000,experiment_v1_4/results/p10_return_audit_20261004_01/returned_metadata/fidelity/seed0_l3_update_transcoder_k4_s0.json,0,val,m prediction from u,tc,4.0
,,,fidelity,76d86f1a83bde7f8f6389684cd2a3913c923e21ccfbe42e40d3255385a9982b1,,,,,4,,3,0,l0_median,seed0_l3_update_transcoder_k4_s0,P10,UPDATE,10000,experiment_v1_4/results/p10_return_audit_20261004_01/returned_metadata/fidelity/seed0_l3_update_transcoder_k4_s0.json,0,val,m prediction from u,tc,4.0
,,,fidelity,76d86f1a83bde7f8f6389684cd2a3913c923e21ccfbe42e40d3255385a9982b1,,,,,4,,3,0,dead_fraction,seed0_l3_update_transcoder_k4_s0,P10,UPDATE,10000,experiment_v1_4/results/p10_return_audit_20261004_01/returned_metadata/fidelity/seed0_l3_update_transcoder_k4_s0.json,0,val,m prediction from u,tc,0.68359375
,,,fidelity,76d86f1a83bde7f8f6389684cd2a3913c923e21ccfbe42e40d3255385a9982b1,,,,,4,,3,0,mse,seed0_l3_update_transcoder_k4_s0,P10,UPDATE,20000,experiment_v1_4/results/p10_return_audit_20261004_01/returned_metadata/fidelity/seed0_l3_update_transcoder_k4_s0.json,0,test,m prediction from u,tc,0.03930212472387802
,,,fidelity,76d86f1a83bde7f8f6389684cd2a3913c923e21ccfbe42e40d3255385a9982b1,,,,,4,,3,0,nmse,seed0_l3_update_transcoder_k4_s0,P10,UPDATE,20000,experiment_v1_4/results/p10_return_audit_20261004_01/returned_metadata/fidelity/seed0_l3_update_transcoder_k4_s0.json,0,test,m prediction from u,tc,0.039435042700374394
,,,fidelity,76d86f1a83bde7f8f6389684cd2a3913c923e21ccfbe42e40d3255385a9982b1,,,,,4,,3,0,r2,seed0_l3_update_transcoder_k4_s0,P10,UPDATE,20000,experiment_v1_4/results/p10_return_audit_20261004_01/returned_metadata/fidelity/seed0_l3_update_transcoder_k4_s0.json,0,test,m prediction from u,tc,0.9605644367003228
,,,fidelity,76d86f1a83bde7f8f6389684cd2a3913c923e21ccfbe42e40d3255385a9982b1,,,,,4,,3,0,ev,seed0_l3_update_transcoder_k4_s0,P10,UPDATE,20000,experiment_v1_4/results/p10_return_audit_20261004_01/returned_metadata/fidelity/seed0_l3_update_transcoder_k4_s0.json,0,test,m prediction from u,tc,0.96061217667048
,,,fidelity,76d86f1a83bde7f8f6389684cd2a3913c923e21ccfbe42e40d3255385a9982b1,,,,,4,,3,0,inactive_fraction,seed0_l3_update_transcoder_k4_s0,P10,UPDATE,20000,experiment_v1_4/results/p10_return_audit_20261004_01/returned_metadata/fidelity/seed0_l3_update_transcoder_k4_s0.json,0,test,m prediction from u,tc,0.75390625
,,,fidelity,76d86f1a83bde7f8f6389684cd2a3913c923e21ccfbe42e40d3255385a9982b1,,,,,4,,3,0,inactive_count,seed0_l3_update_transcoder_k4_s0,P10,UPDATE,20000,experiment_v1_4/results/p10_return_audit_20261004_01/returned_metadata/fidelity/seed0_l3_update_transcoder_k4_s0.json,0,test,m prediction from u,tc,386
,,,fidelity,76d86f1a83bde7f8f6389684cd2a3913c923e21ccfbe42e40d3255385a9982b1,,,,,4,,3,0,l0_mean,seed0_l3_update_transcoder_k4_s0,P10,UPDATE,20000,experiment_v1_4/results/p10_return_audit_20261004_01/returned_metadata/fidelity/seed0_l3_update_transcoder_k4_s0.json,0,test,m prediction from u,tc,4.0
,,,fidelity,76d86f1a83bde7f8f6389684cd2a3913c923e21ccfbe42e40d3255385a9982b1,,,,,4,,3,0,l0_median,seed0_l3_update_transcoder_k4_s0,P10,UPDATE,20000,experiment_v1_4/results/p10_return_audit_20261004_01/returned_metadata/fidelity/seed0_l3_update_transcoder_k4_s0.json,0,test,m prediction from u,tc,4.0
,,,fidelity,76d86f1a83bde7f8f6389684cd2a3913c923e21ccfbe42e40d3255385a9982b1,,,,,4,,3,0,dead_fraction,seed0_l3_update_transcoder_k4_s0,P10,UPDATE,20000,experiment_v1_4/results/p10_return_audit_20261004_01/returned_metadata/fidelity/seed0_l3_update_transcoder_k4_s0.json,0,test,m prediction from u,tc,0.68359375
,,,fidelity,76d86f1a83bde7f8f6389684cd2a3913c923e21ccfbe42e40d3255385a9982b1,,,,,16,,3,0,mse,seed0_l3_update_transcoder_k16_s0,P10,UPDATE,50000,experiment_v1_4/results/p10_return_audit_20261004_01/returned_metadata/fidelity/seed0_l3_update_transcoder_k16_s0.json,0,train,m prediction from u,tc,0.00530131678402629
,,,fidelity,76d86f1a83bde7f8f6389684cd2a3913c923e21ccfbe42e40d3255385a9982b1,,,,,16,,3,0,nmse,seed0_l3_update_transcoder_k16_s0,P10,UPDATE,50000,experiment_v1_4/results/p10_return_audit_20261004_01/returned_metadata/fidelity/seed0_l3_update_transcoder_k16_s0.json,0,train,m prediction from u,tc,0.0053013166180504315
,,,fidelity,76d86f1a83bde7f8f6389684cd2a3913c923e21ccfbe42e40d3255385a9982b1,,,,,16,,3,0,r2,seed0_l3_update_transcoder_k16_s0,P10,UPDATE,50000,experiment_v1_4/results/p10_return_audit_20261004_01/returned_metadata/fidelity/seed0_l3_update_transcoder_k16_s0.json,0,train,m prediction from u,tc,0.9946986833819496
,,,fidelity,76d86f1a83bde7f8f6389684cd2a3913c923e21ccfbe42e40d3255385a9982b1,,,,,16,,3,0,ev,seed0_l3_update_transcoder_k16_s0,P10,UPDATE,50000,experiment_v1_4/results/p10_return_audit_20261004_01/returned_metadata/fidelity/seed0_l3_update_transcoder_k16_s0.json,0,train,m prediction from u,tc,0.9947219625024277
,,,fidelity,76d86f1a83bde7f8f6389684cd2a3913c923e21ccfbe42e40d3255385a9982b1,,,,,16,,3,0,inactive_fraction,seed0_l3_update_transcoder_k16_s0,P10,UPDATE,50000,experiment_v1_4/results/p10_return_audit_20261004_01/returned_metadata/fidelity/seed0_l3_update_transcoder_k16_s0.json,0,train,m prediction from u,tc,0.310546875
,,,fidelity,76d86f1a83bde7f8f6389684cd2a3913c923e21ccfbe42e40d3255385a9982b1,,,,,16,,3,0,inactive_count,seed0_l3_update_transcoder_k16_s0,P10,UPDATE,50000,experiment_v1_4/results/p10_return_audit_20261004_01/returned_metadata/fidelity/seed0_l3_update_transcoder_k16_s0.json,0,train,m prediction from u,tc,159
,,,fidelity,76d86f1a83bde7f8f6389684cd2a3913c923e21ccfbe42e40d3255385a9982b1,,,,,16,,3,0,l0_mean,seed0_l3_update_transcoder_k16_s0,P10,UPDATE,50000,experiment_v1_4/results/p10_return_audit_20261004_01/returned_metadata/fidelity/seed0_l3_update_transcoder_k16_s0.json,0,train,m prediction from u,tc,15.9894
,,,fidelity,76d86f1a83bde7f8f6389684cd2a3913c923e21ccfbe42e40d3255385a9982b1,,,,,16,,3,0,l0_median,seed0_l3_update_transcoder_k16_s0,P10,UPDATE,50000,experiment_v1_4/results/p10_return_audit_20261004_01/returned_metadata/fidelity/seed0_l3_update_transcoder_k16_s0.json,0,train,m prediction from u,tc,16.0
,,,fidelity,76d86f1a83bde7f8f6389684cd2a3913c923e21ccfbe42e40d3255385a9982b1,,,,,16,,3,0,dead_fraction,seed0_l3_update_transcoder_k16_s0,P10,UPDATE,50000,experiment_v1_4/results/p10_return_audit_20261004_01/returned_metadata/fidelity/seed0_l3_update_transcoder_k16_s0.json,0,train,m prediction from u,tc,0.310546875
,,,fidelity,76d86f1a83bde7f8f6389684cd2a3913c923e21ccfbe42e40d3255385a9982b1,,,,,16,,3,0,mse,seed0_l3_update_transcoder_k16_s0,P10,UPDATE,10000,experiment_v1_4/results/p10_return_audit_20261004_01/returned_metadata/fidelity/seed0_l3_update_transcoder_k16_s0.json,0,val,m prediction from u,tc,0.005554912724881172
,,,fidelity,76d86f1a83bde7f8f6389684cd2a3913c923e21ccfbe42e40d3255385a9982b1,,,,,16,,3,0,nmse,seed0_l3_update_transcoder_k16_s0,P10,UPDATE,10000,experiment_v1_4/results/p10_return_audit_20261004_01/returned_metadata/fidelity/seed0_l3_update_transcoder_k16_s0.json,0,val,m prediction from u,tc,0.005523126507900034
,,,fidelity,76d86f1a83bde7f8f6389684cd2a3913c923e21ccfbe42e40d3255385a9982b1,,,,,16,,3,0,r2,seed0_l3_update_transcoder_k16_s0,P10,UPDATE,10000,experiment_v1_4/results/p10_return_audit_20261004_01/returned_metadata/fidelity/seed0_l3_update_transcoder_k16_s0.json,0,val,m prediction from u,tc,0.9944760318331775
,,,fidelity,76d86f1a83bde7f8f6389684cd2a3913c923e21ccfbe42e40d3255385a9982b1,,,,,16,,3,0,ev,seed0_l3_update_transcoder_k16_s0,P10,UPDATE,10000,experiment_v1_4/results/p10_return_audit_20261004_01/returned_metadata/fidelity/seed0_l3_update_transcoder_k16_s0.json,0,val,m prediction from u,tc,0.9945000913657724
,,,fidelity,76d86f1a83bde7f8f6389684cd2a3913c923e21ccfbe42e40d3255385a9982b1,,,,,16,,3,0,inactive_fraction,seed0_l3_update_transcoder_k16_s0,P10,UPDATE,10000,experiment_v1_4/results/p10_return_audit_20261004_01/returned_metadata/fidelity/seed0_l3_update_transcoder_k16_s0.json,0,val,m prediction from u,tc,0.423828125
,,,fidelity,76d86f1a83bde7f8f6389684cd2a3913c923e21ccfbe42e40d3255385a9982b1,,,,,16,,3,0,inactive_count,seed0_l3_update_transcoder_k16_s0,P10,UPDATE,10000,experiment_v1_4/results/p10_return_audit_20261004_01/returned_metadata/fidelity/seed0_l3_update_transcoder_k16_s0.json,0,val,m prediction from u,tc,217
,,,fidelity,76d86f1a83bde7f8f6389684cd2a3913c923e21ccfbe42e40d3255385a9982b1,,,,,16,,3,0,l0_mean,seed0_l3_update_transcoder_k16_s0,P10,UPDATE,10000,experiment_v1_4/results/p10_return_audit_20261004_01/returned_metadata/fidelity/seed0_l3_update_transcoder_k16_s0.json,0,val,m prediction from u,tc,15.99
,,,fidelity,76d86f1a83bde7f8f6389684cd2a3913c923e21ccfbe42e40d3255385a9982b1,,,,,16,,3,0,l0_median,seed0_l3_update_transcoder_k16_s0,P10,UPDATE,10000,experiment_v1_4/results/p10_return_audit_20261004_01/returned_metadata/fidelity/seed0_l3_update_transcoder_k16_s0.json,0,val,m prediction from u,tc,16.0
,,,fidelity,76d86f1a83bde7f8f6389684cd2a3913c923e21ccfbe42e40d3255385a9982b1,,,,,16,,3,0,dead_fraction,seed0_l3_update_transcoder_k16_s0,P10,UPDATE,10000,experiment_v1_4/results/p10_return_audit_20261004_01/returned_metadata/fidelity/seed0_l3_update_transcoder_k16_s0.json,0,val,m prediction from u,tc,0.310546875
,,,fidelity,76d86f1a83bde7f8f6389684cd2a3913c923e21ccfbe42e40d3255385a9982b1,,,,,16,,3,0,mse,seed0_l3_update_transcoder_k16_s0,P10,UPDATE,20000,experiment_v1_4/results/p10_return_audit_20261004_01/returned_metadata/fidelity/seed0_l3_update_transcoder_k16_s0.json,0,test,m prediction from u,tc,0.005534089921418382
,,,fidelity,76d86f1a83bde7f8f6389684cd2a3913c923e21ccfbe42e40d3255385a9982b1,,,,,16,,3,0,nmse,seed0_l3_update_transcoder_k16_s0,P10,UPDATE,20000,experiment_v1_4/results/p10_return_audit_20261004_01/returned_metadata/fidelity/seed0_l3_update_transcoder_k16_s0.json,0,test,m prediction from u,tc,0.005552805958764246
,,,fidelity,76d86f1a83bde7f8f6389684cd2a3913c923e21ccfbe42e40d3255385a9982b1,,,,,16,,3,0,r2,seed0_l3_update_transcoder_k16_s0,P10,UPDATE,20000,experiment_v1_4/results/p10_return_audit_20261004_01/returned_metadata/fidelity/seed0_l3_update_transcoder_k16_s0.json,0,test,m prediction from u,tc,0.9944471207362077
,,,fidelity,76d86f1a83bde7f8f6389684cd2a3913c923e21ccfbe42e40d3255385a9982b1,,,,,16,,3,0,ev,seed0_l3_update_transcoder_k16_s0,P10,UPDATE,20000,experiment_v1_4/results/p10_return_audit_20261004_01/returned_metadata/fidelity/seed0_l3_update_transcoder_k16_s0.json,0,test,m prediction from u,tc,0.9944731503112237
,,,fidelity,76d86f1a83bde7f8f6389684cd2a3913c923e21ccfbe42e40d3255385a9982b1,,,,,16,,3,0,inactive_fraction,seed0_l3_update_transcoder_k16_s0,P10,UPDATE,20000,experiment_v1_4/results/p10_return_audit_20261004_01/returned_metadata/fidelity/seed0_l3_update_transcoder_k16_s0.json,0,test,m prediction from u,tc,0.34375
,,,fidelity,76d86f1a83bde7f8f6389684cd2a3913c923e21ccfbe42e40d3255385a9982b1,,,,,16,,3,0,inactive_count,seed0_l3_update_transcoder_k16_s0,P10,UPDATE,20000,experiment_v1_4/results/p10_return_audit_20261004_01/returned_metadata/fidelity/seed0_l3_update_transcoder_k16_s0.json,0,test,m prediction from u,tc,176
,,,fidelity,76d86f1a83bde7f8f6389684cd2a3913c923e21ccfbe42e40d3255385a9982b1,,,,,16,,3,0,l0_mean,seed0_l3_update_transcoder_k16_s0,P10,UPDATE,20000,experiment_v1_4/results/p10_return_audit_20261004_01/returned_metadata/fidelity/seed0_l3_update_transcoder_k16_s0.json,0,test,m prediction from u,tc,15.9888
,,,fidelity,76d86f1a83bde7f8f6389684cd2a3913c923e21ccfbe42e40d3255385a9982b1,,,,,16,,3,0,l0_median,seed0_l3_update_transcoder_k16_s0,P10,UPDATE,20000,experiment_v1_4/results/p10_return_audit_20261004_01/returned_metadata/fidelity/seed0_l3_update_transcoder_k16_s0.json,0,test,m prediction from u,tc,16.0
,,,fidelity,76d86f1a83bde7f8f6389684cd2a3913c923e21ccfbe42e40d3255385a9982b1,,,,,16,,3,0,dead_fraction,seed0_l3_update_transcoder_k16_s0,P10,UPDATE,20000,experiment_v1_4/results/p10_return_audit_20261004_01/returned_metadata/fidelity/seed0_l3_update_transcoder_k16_s0.json,0,test,m prediction from u,tc,0.310546875
,,,fidelity,bb505254dfde1587e2497238448fd2117f7b1a2292a84497db8fdfb81127e555,,,,,4,,3,1,mse,seed1_l3_update_sae_k4_s0,P10,UPDATE,50000,experiment_v1_4/results/p10_return_audit_20261004_01/returned_metadata/fidelity/seed1_l3_update_sae_k4_s0.json,0,train,h reconstruction,sae,0.0509027180002767
,,,fidelity,bb505254dfde1587e2497238448fd2117f7b1a2292a84497db8fdfb81127e555,,,,,4,,3,1,nmse,seed1_l3_update_sae_k4_s0,P10,UPDATE,50000,experiment_v1_4/results/p10_return_audit_20261004_01/returned_metadata/fidelity/seed1_l3_update_sae_k4_s0.json,0,train,h reconstruction,sae,0.05090271710889492
,,,fidelity,bb505254dfde1587e2497238448fd2117f7b1a2292a84497db8fdfb81127e555,,,,,4,,3,1,r2,seed1_l3_update_sae_k4_s0,P10,UPDATE,50000,experiment_v1_4/results/p10_return_audit_20261004_01/returned_metadata/fidelity/seed1_l3_update_sae_k4_s0.json,0,train,h reconstruction,sae,0.9490972828911051
,,,fidelity,bb505254dfde1587e2497238448fd2117f7b1a2292a84497db8fdfb81127e555,,,,,4,,3,1,ev,seed1_l3_update_sae_k4_s0,P10,UPDATE,50000,experiment_v1_4/results/p10_return_audit_20261004_01/returned_metadata/fidelity/seed1_l3_update_sae_k4_s0.json,0,train,h reconstruction,sae,0.9491307696077946
,,,fidelity,bb505254dfde1587e2497238448fd2117f7b1a2292a84497db8fdfb81127e555,,,,,4,,3,1,inactive_fraction,seed1_l3_update_sae_k4_s0,P10,UPDATE,50000,experiment_v1_4/results/p10_return_audit_20261004_01/returned_metadata/fidelity/seed1_l3_update_sae_k4_s0.json,0,train,h reconstruction,sae,0.673828125
,,,fidelity,bb505254dfde1587e2497238448fd2117f7b1a2292a84497db8fdfb81127e555,,,,,4,,3,1,inactive_count,seed1_l3_update_sae_k4_s0,P10,UPDATE,50000,experiment_v1_4/results/p10_return_audit_20261004_01/returned_metadata/fidelity/seed1_l3_update_sae_k4_s0.json,0,train,h reconstruction,sae,345
,,,fidelity,bb505254dfde1587e2497238448fd2117f7b1a2292a84497db8fdfb81127e555,,,,,4,,3,1,l0_mean,seed1_l3_update_sae_k4_s0,P10,UPDATE,50000,experiment_v1_4/results/p10_return_audit_20261004_01/returned_metadata/fidelity/seed1_l3_update_sae_k4_s0.json,0,train,h reconstruction,sae,4.0
,,,fidelity,bb505254dfde1587e2497238448fd2117f7b1a2292a84497db8fdfb81127e555,,,,,4,,3,1,l0_median,seed1_l3_update_sae_k4_s0,P10,UPDATE,50000,experiment_v1_4/results/p10_return_audit_20261004_01/returned_metadata/fidelity/seed1_l3_update_sae_k4_s0.json,0,train,h reconstruction,sae,4.0
,,,fidelity,bb505254dfde1587e2497238448fd2117f7b1a2292a84497db8fdfb81127e555,,,,,4,,3,1,dead_fraction,seed1_l3_update_sae_k4_s0,P10,UPDATE,50000,experiment_v1_4/results/p10_return_audit_20261004_01/returned_metadata/fidelity/seed1_l3_update_sae_k4_s0.json,0,train,h reconstruction,sae,0.673828125
,,,fidelity,bb505254dfde1587e2497238448fd2117f7b1a2292a84497db8fdfb81127e555,,,,,4,,3,1,mse,seed1_l3_update_sae_k4_s0,P10,UPDATE,10000,experiment_v1_4/results/p10_return_audit_20261004_01/returned_metadata/fidelity/seed1_l3_update_sae_k4_s0.json,0,val,h reconstruction,sae,0.05251312573191092
,,,fidelity,bb505254dfde1587e2497238448fd2117f7b1a2292a84497db8fdfb81127e555,,,,,4,,3,1,nmse,seed1_l3_update_sae_k4_s0,P10,UPDATE,10000,experiment_v1_4/results/p10_return_audit_20261004_01/returned_metadata/fidelity/seed1_l3_update_sae_k4_s0.json,0,val,h reconstruction,sae,0.05239291712043638
,,,fidelity,bb505254dfde1587e2497238448fd2117f7b1a2292a84497db8fdfb81127e555,,,,,4,,3,1,r2,seed1_l3_update_sae_k4_s0,P10,UPDATE,10000,experiment_v1_4/results/p10_return_audit_20261004_01/returned_metadata/fidelity/seed1_l3_update_sae_k4_s0.json,0,val,h reconstruction,sae,0.947595209748708
,,,fidelity,bb505254dfde1587e2497238448fd2117f7b1a2292a84497db8fdfb81127e555,,,,,4,,3,1,ev,seed1_l3_update_sae_k4_s0,P10,UPDATE,10000,experiment_v1_4/results/p10_return_audit_20261004_01/returned_metadata/fidelity/seed1_l3_update_sae_k4_s0.json,0,val,h reconstruction,sae,0.9476462501698723
,,,fidelity,bb505254dfde1587e2497238448fd2117f7b1a2292a84497db8fdfb81127e555,,,,,4,,3,1,inactive_fraction,seed1_l3_update_sae_k4_s0,P10,UPDATE,10000,experiment_v1_4/results/p10_return_audit_20261004_01/returned_metadata/fidelity/seed1_l3_update_sae_k4_s0.json,0,val,h reconstruction,sae,0.724609375
,,,fidelity,bb505254dfde1587e2497238448fd2117f7b1a2292a84497db8fdfb81127e555,,,,,4,,3,1,inactive_count,seed1_l3_update_sae_k4_s0,P10,UPDATE,10000,experiment_v1_4/results/p10_return_audit_20261004_01/returned_metadata/fidelity/seed1_l3_update_sae_k4_s0.json,0,val,h reconstruction,sae,371
,,,fidelity,bb505254dfde1587e2497238448fd2117f7b1a2292a84497db8fdfb81127e555,,,,,4,,3,1,l0_mean,seed1_l3_update_sae_k4_s0,P10,UPDATE,10000,experiment_v1_4/results/p10_return_audit_20261004_01/returned_metadata/fidelity/seed1_l3_update_sae_k4_s0.json,0,val,h reconstruction,sae,4.0
,,,fidelity,bb505254dfde1587e2497238448fd2117f7b1a2292a84497db8fdfb81127e555,,,,,4,,3,1,l0_median,seed1_l3_update_sae_k4_s0,P10,UPDATE,10000,experiment_v1_4/results/p10_return_audit_20261004_01/returned_metadata/fidelity/seed1_l3_update_sae_k4_s0.json,0,val,h reconstruction,sae,4.0
,,,fidelity,bb505254dfde1587e2497238448fd2117f7b1a2292a84497db8fdfb81127e555,,,,,4,,3,1,dead_fraction,seed1_l3_update_sae_k4_s0,P10,UPDATE,10000,experiment_v1_4/results/p10_return_audit_20261004_01/returned_metadata/fidelity/seed1_l3_update_sae_k4_s0.json,0,val,h reconstruction,sae,0.673828125
,,,fidelity,bb505254dfde1587e2497238448fd2117f7b1a2292a84497db8fdfb81127e555,,,,,4,,3,1,mse,seed1_l3_update_sae_k4_s0,P10,UPDATE,20000,experiment_v1_4/results/p10_return_audit_20261004_01/returned_metadata/fidelity/seed1_l3_update_sae_k4_s0.json,0,test,h reconstruction,sae,0.05177509653814691
,,,fidelity,bb505254dfde1587e2497238448fd2117f7b1a2292a84497db8fdfb81127e555,,,,,4,,3,1,nmse,seed1_l3_update_sae_k4_s0,P10,UPDATE,20000,experiment_v1_4/results/p10_return_audit_20261004_01/returned_metadata/fidelity/seed1_l3_update_sae_k4_s0.json,0,test,h reconstruction,sae,0.05177019473110662
,,,fidelity,bb505254dfde1587e2497238448fd2117f7b1a2292a84497db8fdfb81127e555,,,,,4,,3,1,r2,seed1_l3_update_sae_k4_s0,P10,UPDATE,20000,experiment_v1_4/results/p10_return_audit_20261004_01/returned_metadata/fidelity/seed1_l3_update_sae_k4_s0.json,0,test,h reconstruction,sae,0.9482255894046888
,,,fidelity,bb505254dfde1587e2497238448fd2117f7b1a2292a84497db8fdfb81127e555,,,,,4,,3,1,ev,seed1_l3_update_sae_k4_s0,P10,UPDATE,20000,experiment_v1_4/results/p10_return_audit_20261004_01/returned_metadata/fidelity/seed1_l3_update_sae_k4_s0.json,0,test,h reconstruction,sae,0.9482630259839744
,,,fidelity,bb505254dfde1587e2497238448fd2117f7b1a2292a84497db8fdfb81127e555,,,,,4,,3,1,inactive_fraction,seed1_l3_update_sae_k4_s0,P10,UPDATE,20000,experiment_v1_4/results/p10_return_audit_20261004_01/returned_metadata/fidelity/seed1_l3_update_sae_k4_s0.json,0,test,h reconstruction,sae,0.7109375
,,,fidelity,bb505254dfde1587e2497238448fd2117f7b1a2292a84497db8fdfb81127e555,,,,,4,,3,1,inactive_count,seed1_l3_update_sae_k4_s0,P10,UPDATE,20000,experiment_v1_4/results/p10_return_audit_20261004_01/returned_metadata/fidelity/seed1_l3_update_sae_k4_s0.json,0,test,h reconstruction,sae,364
,,,fidelity,bb505254dfde1587e2497238448fd2117f7b1a2292a84497db8fdfb81127e555,,,,,4,,3,1,l0_mean,seed1_l3_update_sae_k4_s0,P10,UPDATE,20000,experiment_v1_4/results/p10_return_audit_20261004_01/returned_metadata/fidelity/seed1_l3_update_sae_k4_s0.json,0,test,h reconstruction,sae,4.0
,,,fidelity,bb505254dfde1587e2497238448fd2117f7b1a2292a84497db8fdfb81127e555,,,,,4,,3,1,l0_median,seed1_l3_update_sae_k4_s0,P10,UPDATE,20000,experiment_v1_4/results/p10_return_audit_20261004_01/returned_metadata/fidelity/seed1_l3_update_sae_k4_s0.json,0,test,h reconstruction,sae,4.0
,,,fidelity,bb505254dfde1587e2497238448fd2117f7b1a2292a84497db8fdfb81127e555,,,,,4,,3,1,dead_fraction,seed1_l3_update_sae_k4_s0,P10,UPDATE,20000,experiment_v1_4/results/p10_return_audit_20261004_01/returned_metadata/fidelity/seed1_l3_update_sae_k4_s0.json,0,test,h reconstruction,sae,0.673828125
,,,fidelity,bb505254dfde1587e2497238448fd2117f7b1a2292a84497db8fdfb81127e555,,,,,16,,3,1,mse,seed1_l3_update_sae_k16_s0,P10,UPDATE,50000,experiment_v1_4/results/p10_return_audit_20261004_01/returned_metadata/fidelity/seed1_l3_update_sae_k16_s0.json,0,train,h reconstruction,sae,0.009176087536366055
,,,fidelity,bb505254dfde1587e2497238448fd2117f7b1a2292a84497db8fdfb81127e555,,,,,16,,3,1,nmse,seed1_l3_update_sae_k16_s0,P10,UPDATE,50000,experiment_v1_4/results/p10_return_audit_20261004_01/returned_metadata/fidelity/seed1_l3_update_sae_k16_s0.json,0,train,h reconstruction,sae,0.00917608737567921
,,,fidelity,bb505254dfde1587e2497238448fd2117f7b1a2292a84497db8fdfb81127e555,,,,,16,,3,1,r2,seed1_l3_update_sae_k16_s0,P10,UPDATE,50000,experiment_v1_4/results/p10_return_audit_20261004_01/returned_metadata/fidelity/seed1_l3_update_sae_k16_s0.json,0,train,h reconstruction,sae,0.9908239126243208
,,,fidelity,bb505254dfde1587e2497238448fd2117f7b1a2292a84497db8fdfb81127e555,,,,,16,,3,1,ev,seed1_l3_update_sae_k16_s0,P10,UPDATE,50000,experiment_v1_4/results/p10_return_audit_20261004_01/returned_metadata/fidelity/seed1_l3_update_sae_k16_s0.json,0,train,h reconstruction,sae,0.9908563647394486
,,,fidelity,bb505254dfde1587e2497238448fd2117f7b1a2292a84497db8fdfb81127e555,,,,,16,,3,1,inactive_fraction,seed1_l3_update_sae_k16_s0,P10,UPDATE,50000,experiment_v1_4/results/p10_return_audit_20261004_01/returned_metadata/fidelity/seed1_l3_update_sae_k16_s0.json,0,train,h reconstruction,sae,0.5390625
,,,fidelity,bb505254dfde1587e2497238448fd2117f7b1a2292a84497db8fdfb81127e555,,,,,16,,3,1,inactive_count,seed1_l3_update_sae_k16_s0,P10,UPDATE,50000,experiment_v1_4/results/p10_return_audit_20261004_01/returned_metadata/fidelity/seed1_l3_update_sae_k16_s0.json,0,train,h reconstruction,sae,276
,,,fidelity,bb505254dfde1587e2497238448fd2117f7b1a2292a84497db8fdfb81127e555,,,,,16,,3,1,l0_mean,seed1_l3_update_sae_k16_s0,P10,UPDATE,50000,experiment_v1_4/results/p10_return_audit_20261004_01/returned_metadata/fidelity/seed1_l3_update_sae_k16_s0.json,0,train,h reconstruction,sae,16.0
,,,fidelity,bb505254dfde1587e2497238448fd2117f7b1a2292a84497db8fdfb81127e555,,,,,16,,3,1,l0_median,seed1_l3_update_sae_k16_s0,P10,UPDATE,50000,experiment_v1_4/results/p10_return_audit_20261004_01/returned_metadata/fidelity/seed1_l3_update_sae_k16_s0.json,0,train,h reconstruction,sae,16.0
,,,fidelity,bb505254dfde1587e2497238448fd2117f7b1a2292a84497db8fdfb81127e555,,,,,16,,3,1,dead_fraction,seed1_l3_update_sae_k16_s0,P10,UPDATE,50000,experiment_v1_4/results/p10_return_audit_20261004_01/returned_metadata/fidelity/seed1_l3_update_sae_k16_s0.json,0,train,h reconstruction,sae,0.5390625
,,,fidelity,bb505254dfde1587e2497238448fd2117f7b1a2292a84497db8fdfb81127e555,,,,,16,,3,1,mse,seed1_l3_update_sae_k16_s0,P10,UPDATE,10000,experiment_v1_4/results/p10_return_audit_20261004_01/returned_metadata/fidelity/seed1_l3_update_sae_k16_s0.json,0,val,h reconstruction,sae,0.00956946622267476
,,,fidelity,bb505254dfde1587e2497238448fd2117f7b1a2292a84497db8fdfb81127e555,,,,,16,,3,1,nmse,seed1_l3_update_sae_k16_s0,P10,UPDATE,10000,experiment_v1_4/results/p10_return_audit_20261004_01/returned_metadata/fidelity/seed1_l3_update_sae_k16_s0.json,0,val,h reconstruction,sae,0.009547560608961097
,,,fidelity,bb505254dfde1587e2497238448fd2117f7b1a2292a84497db8fdfb81127e555,,,,,16,,3,1,r2,seed1_l3_update_sae_k16_s0,P10,UPDATE,10000,experiment_v1_4/results/p10_return_audit_20261004_01/returned_metadata/fidelity/seed1_l3_update_sae_k16_s0.json,0,val,h reconstruction,sae,0.9904502757505567
,,,fidelity,bb505254dfde1587e2497238448fd2117f7b1a2292a84497db8fdfb81127e555,,,,,16,,3,1,ev,seed1_l3_update_sae_k16_s0,P10,UPDATE,10000,experiment_v1_4/results/p10_return_audit_20261004_01/returned_metadata/fidelity/seed1_l3_update_sae_k16_s0.json,0,val,h reconstruction,sae,0.990481292634959
,,,fidelity,bb505254dfde1587e2497238448fd2117f7b1a2292a84497db8fdfb81127e555,,,,,16,,3,1,inactive_fraction,seed1_l3_update_sae_k16_s0,P10,UPDATE,10000,experiment_v1_4/results/p10_return_audit_20261004_01/returned_metadata/fidelity/seed1_l3_update_sae_k16_s0.json,0,val,h reconstruction,sae,0.59375
,,,fidelity,bb505254dfde1587e2497238448fd2117f7b1a2292a84497db8fdfb81127e555,,,,,16,,3,1,inactive_count,seed1_l3_update_sae_k16_s0,P10,UPDATE,10000,experiment_v1_4/results/p10_return_audit_20261004_01/returned_metadata/fidelity/seed1_l3_update_sae_k16_s0.json,0,val,h reconstruction,sae,304
,,,fidelity,bb505254dfde1587e2497238448fd2117f7b1a2292a84497db8fdfb81127e555,,,,,16,,3,1,l0_mean,seed1_l3_update_sae_k16_s0,P10,UPDATE,10000,experiment_v1_4/results/p10_return_audit_20261004_01/returned_metadata/fidelity/seed1_l3_update_sae_k16_s0.json,0,val,h reconstruction,sae,16.0
,,,fidelity,bb505254dfde1587e2497238448fd2117f7b1a2292a84497db8fdfb81127e555,,,,,16,,3,1,l0_median,seed1_l3_update_sae_k16_s0,P10,UPDATE,10000,experiment_v1_4/results/p10_return_audit_20261004_01/returned_metadata/fidelity/seed1_l3_update_sae_k16_s0.json,0,val,h reconstruction,sae,16.0
,,,fidelity,bb505254dfde1587e2497238448fd2117f7b1a2292a84497db8fdfb81127e555,,,,,16,,3,1,dead_fraction,seed1_l3_update_sae_k16_s0,P10,UPDATE,10000,experiment_v1_4/results/p10_return_audit_20261004_01/returned_metadata/fidelity/seed1_l3_update_sae_k16_s0.json,0,val,h reconstruction,sae,0.5390625
,,,fidelity,bb505254dfde1587e2497238448fd2117f7b1a2292a84497db8fdfb81127e555,,,,,16,,3,1,mse,seed1_l3_update_sae_k16_s0,P10,UPDATE,20000,experiment_v1_4/results/p10_return_audit_20261004_01/returned_metadata/fidelity/seed1_l3_update_sae_k16_s0.json,0,test,h reconstruction,sae,0.00940965655392812
,,,fidelity,bb505254dfde1587e2497238448fd2117f7b1a2292a84497db8fdfb81127e555,,,,,16,,3,1,nmse,seed1_l3_update_sae_k16_s0,P10,UPDATE,20000,experiment_v1_4/results/p10_return_audit_20261004_01/returned_metadata/fidelity/seed1_l3_update_sae_k16_s0.json,0,test,h reconstruction,sae,0.00940876569473467
,,,fidelity,bb505254dfde1587e2497238448fd2117f7b1a2292a84497db8fdfb81127e555,,,,,16,,3,1,r2,seed1_l3_update_sae_k16_s0,P10,UPDATE,20000,experiment_v1_4/results/p10_return_audit_20261004_01/returned_metadata/fidelity/seed1_l3_update_sae_k16_s0.json,0,test,h reconstruction,sae,0.990590468109992
,,,fidelity,bb505254dfde1587e2497238448fd2117f7b1a2292a84497db8fdfb81127e555,,,,,16,,3,1,ev,seed1_l3_update_sae_k16_s0,P10,UPDATE,20000,experiment_v1_4/results/p10_return_audit_20261004_01/returned_metadata/fidelity/seed1_l3_update_sae_k16_s0.json,0,test,h reconstruction,sae,0.990624239763911
,,,fidelity,bb505254dfde1587e2497238448fd2117f7b1a2292a84497db8fdfb81127e555,,,,,16,,3,1,inactive_fraction,seed1_l3_update_sae_k16_s0,P10,UPDATE,20000,experiment_v1_4/results/p10_return_audit_20261004_01/returned_metadata/fidelity/seed1_l3_update_sae_k16_s0.json,0,test,h reconstruction,sae,0.57421875
,,,fidelity,bb505254dfde1587e2497238448fd2117f7b1a2292a84497db8fdfb81127e555,,,,,16,,3,1,inactive_count,seed1_l3_update_sae_k16_s0,P10,UPDATE,20000,experiment_v1_4/results/p10_return_audit_20261004_01/returned_metadata/fidelity/seed1_l3_update_sae_k16_s0.json,0,test,h reconstruction,sae,294
,,,fidelity,bb505254dfde1587e2497238448fd2117f7b1a2292a84497db8fdfb81127e555,,,,,16,,3,1,l0_mean,seed1_l3_update_sae_k16_s0,P10,UPDATE,20000,experiment_v1_4/results/p10_return_audit_20261004_01/returned_metadata/fidelity/seed1_l3_update_sae_k16_s0.json,0,test,h reconstruction,sae,16.0
,,,fidelity,bb505254dfde1587e2497238448fd2117f7b1a2292a84497db8fdfb81127e555,,,,,16,,3,1,l0_median,seed1_l3_update_sae_k16_s0,P10,UPDATE,20000,experiment_v1_4/results/p10_return_audit_20261004_01/returned_metadata/fidelity/seed1_l3_update_sae_k16_s0.json,0,test,h reconstruction,sae,16.0
,,,fidelity,bb505254dfde1587e2497238448fd2117f7b1a2292a84497db8fdfb81127e555,,,,,16,,3,1,dead_fraction,seed1_l3_update_sae_k16_s0,P10,UPDATE,20000,experiment_v1_4/results/p10_return_audit_20261004_01/returned_metadata/fidelity/seed1_l3_update_sae_k16_s0.json,0,test,h reconstruction,sae,0.5390625
,,,fidelity,bb505254dfde1587e2497238448fd2117f7b1a2292a84497db8fdfb81127e555,,,,,4,,3,1,mse,seed1_l3_update_transcoder_k4_s0,P10,UPDATE,50000,experiment_v1_4/results/p10_return_audit_20261004_01/returned_metadata/fidelity/seed1_l3_update_transcoder_k4_s0.json,0,train,m prediction from u,tc,0.04837348807780675
,,,fidelity,bb505254dfde1587e2497238448fd2117f7b1a2292a84497db8fdfb81127e555,,,,,4,,3,1,nmse,seed1_l3_update_transcoder_k4_s0,P10,UPDATE,50000,experiment_v1_4/results/p10_return_audit_20261004_01/returned_metadata/fidelity/seed1_l3_update_transcoder_k4_s0.json,0,train,m prediction from u,tc,0.04837349255832926
,,,fidelity,bb505254dfde1587e2497238448fd2117f7b1a2292a84497db8fdfb81127e555,,,,,4,,3,1,r2,seed1_l3_update_transcoder_k4_s0,P10,UPDATE,50000,experiment_v1_4/results/p10_return_audit_20261004_01/returned_metadata/fidelity/seed1_l3_update_transcoder_k4_s0.json,0,train,m prediction from u,tc,0.9516265074416708
,,,fidelity,bb505254dfde1587e2497238448fd2117f7b1a2292a84497db8fdfb81127e555,,,,,4,,3,1,ev,seed1_l3_update_transcoder_k4_s0,P10,UPDATE,50000,experiment_v1_4/results/p10_return_audit_20261004_01/returned_metadata/fidelity/seed1_l3_update_transcoder_k4_s0.json,0,train,m prediction from u,tc,0.9516880293942601
,,,fidelity,bb505254dfde1587e2497238448fd2117f7b1a2292a84497db8fdfb81127e555,,,,,4,,3,1,inactive_fraction,seed1_l3_update_transcoder_k4_s0,P10,UPDATE,50000,experiment_v1_4/results/p10_return_audit_20261004_01/returned_metadata/fidelity/seed1_l3_update_transcoder_k4_s0.json,0,train,m prediction from u,tc,0.765625
,,,fidelity,bb505254dfde1587e2497238448fd2117f7b1a2292a84497db8fdfb81127e555,,,,,4,,3,1,inactive_count,seed1_l3_update_transcoder_k4_s0,P10,UPDATE,50000,experiment_v1_4/results/p10_return_audit_20261004_01/returned_metadata/fidelity/seed1_l3_update_transcoder_k4_s0.json,0,train,m prediction from u,tc,392
,,,fidelity,bb505254dfde1587e2497238448fd2117f7b1a2292a84497db8fdfb81127e555,,,,,4,,3,1,l0_mean,seed1_l3_update_transcoder_k4_s0,P10,UPDATE,50000,experiment_v1_4/results/p10_return_audit_20261004_01/returned_metadata/fidelity/seed1_l3_update_transcoder_k4_s0.json,0,train,m prediction from u,tc,3.99998
,,,fidelity,bb505254dfde1587e2497238448fd2117f7b1a2292a84497db8fdfb81127e555,,,,,4,,3,1,l0_median,seed1_l3_update_transcoder_k4_s0,P10,UPDATE,50000,experiment_v1_4/results/p10_return_audit_20261004_01/returned_metadata/fidelity/seed1_l3_update_transcoder_k4_s0.json,0,train,m prediction from u,tc,4.0
,,,fidelity,bb505254dfde1587e2497238448fd2117f7b1a2292a84497db8fdfb81127e555,,,,,4,,3,1,dead_fraction,seed1_l3_update_transcoder_k4_s0,P10,UPDATE,50000,experiment_v1_4/results/p10_return_audit_20261004_01/returned_metadata/fidelity/seed1_l3_update_transcoder_k4_s0.json,0,train,m prediction from u,tc,0.765625
,,,fidelity,bb505254dfde1587e2497238448fd2117f7b1a2292a84497db8fdfb81127e555,,,,,4,,3,1,mse,seed1_l3_update_transcoder_k4_s0,P10,UPDATE,10000,experiment_v1_4/results/p10_return_audit_20261004_01/returned_metadata/fidelity/seed1_l3_update_transcoder_k4_s0.json,0,val,m prediction from u,tc,0.04992789738298973
,,,fidelity,bb505254dfde1587e2497238448fd2117f7b1a2292a84497db8fdfb81127e555,,,,,4,,3,1,nmse,seed1_l3_update_transcoder_k4_s0,P10,UPDATE,10000,experiment_v1_4/results/p10_return_audit_20261004_01/returned_metadata/fidelity/seed1_l3_update_transcoder_k4_s0.json,0,val,m prediction from u,tc,0.049055367444466036
,,,fidelity,bb505254dfde1587e2497238448fd2117f7b1a2292a84497db8fdfb81127e555,,,,,4,,3,1,r2,seed1_l3_update_transcoder_k4_s0,P10,UPDATE,10000,experiment_v1_4/results/p10_return_audit_20261004_01/returned_metadata/fidelity/seed1_l3_update_transcoder_k4_s0.json,0,val,m prediction from u,tc,0.9509393913310902
,,,fidelity,bb505254dfde1587e2497238448fd2117f7b1a2292a84497db8fdfb81127e555,,,,,4,,3,1,ev,seed1_l3_update_transcoder_k4_s0,P10,UPDATE,10000,experiment_v1_4/results/p10_return_audit_20261004_01/returned_metadata/fidelity/seed1_l3_update_transcoder_k4_s0.json,0,val,m prediction from u,tc,0.9510047871554256
,,,fidelity,bb505254dfde1587e2497238448fd2117f7b1a2292a84497db8fdfb81127e555,,,,,4,,3,1,inactive_fraction,seed1_l3_update_transcoder_k4_s0,P10,UPDATE,10000,experiment_v1_4/results/p10_return_audit_20261004_01/returned_metadata/fidelity/seed1_l3_update_transcoder_k4_s0.json,0,val,m prediction from u,tc,0.845703125
,,,fidelity,bb505254dfde1587e2497238448fd2117f7b1a2292a84497db8fdfb81127e555,,,,,4,,3,1,inactive_count,seed1_l3_update_transcoder_k4_s0,P10,UPDATE,10000,experiment_v1_4/results/p10_return_audit_20261004_01/returned_metadata/fidelity/seed1_l3_update_transcoder_k4_s0.json,0,val,m prediction from u,tc,433
,,,fidelity,bb505254dfde1587e2497238448fd2117f7b1a2292a84497db8fdfb81127e555,,,,,4,,3,1,l0_mean,seed1_l3_update_transcoder_k4_s0,P10,UPDATE,10000,experiment_v1_4/results/p10_return_audit_20261004_01/returned_metadata/fidelity/seed1_l3_update_transcoder_k4_s0.json,0,val,m prediction from u,tc,4.0
,,,fidelity,bb505254dfde1587e2497238448fd2117f7b1a2292a84497db8fdfb81127e555,,,,,4,,3,1,l0_median,seed1_l3_update_transcoder_k4_s0,P10,UPDATE,10000,experiment_v1_4/results/p10_return_audit_20261004_01/returned_metadata/fidelity/seed1_l3_update_transcoder_k4_s0.json,0,val,m prediction from u,tc,4.0
,,,fidelity,bb505254dfde1587e2497238448fd2117f7b1a2292a84497db8fdfb81127e555,,,,,4,,3,1,dead_fraction,seed1_l3_update_transcoder_k4_s0,P10,UPDATE,10000,experiment_v1_4/results/p10_return_audit_20261004_01/returned_metadata/fidelity/seed1_l3_update_transcoder_k4_s0.json,0,val,m prediction from u,tc,0.765625
,,,fidelity,bb505254dfde1587e2497238448fd2117f7b1a2292a84497db8fdfb81127e555,,,,,4,,3,1,mse,seed1_l3_update_transcoder_k4_s0,P10,UPDATE,20000,experiment_v1_4/results/p10_return_audit_20261004_01/returned_metadata/fidelity/seed1_l3_update_transcoder_k4_s0.json,0,test,m prediction from u,tc,0.04851897600394088
,,,fidelity,bb505254dfde1587e2497238448fd2117f7b1a2292a84497db8fdfb81127e555,,,,,4,,3,1,nmse,seed1_l3_update_transcoder_k4_s0,P10,UPDATE,20000,experiment_v1_4/results/p10_return_audit_20261004_01/returned_metadata/fidelity/seed1_l3_update_transcoder_k4_s0.json,0,test,m prediction from u,tc,0.04790004737022178
,,,fidelity,bb505254dfde1587e2497238448fd2117f7b1a2292a84497db8fdfb81127e555,,,,,4,,3,1,r2,seed1_l3_update_transcoder_k4_s0,P10,UPDATE,20000,experiment_v1_4/results/p10_return_audit_20261004_01/returned_metadata/fidelity/seed1_l3_update_transcoder_k4_s0.json,0,test,m prediction from u,tc,0.9520937872536536
,,,fidelity,bb505254dfde1587e2497238448fd2117f7b1a2292a84497db8fdfb81127e555,,,,,4,,3,1,ev,seed1_l3_update_transcoder_k4_s0,P10,UPDATE,20000,experiment_v1_4/results/p10_return_audit_20261004_01/returned_metadata/fidelity/seed1_l3_update_transcoder_k4_s0.json,0,test,m prediction from u,tc,0.9521561773397239
,,,fidelity,bb505254dfde1587e2497238448fd2117f7b1a2292a84497db8fdfb81127e555,,,,,4,,3,1,inactive_fraction,seed1_l3_update_transcoder_k4_s0,P10,UPDATE,20000,experiment_v1_4/results/p10_return_audit_20261004_01/returned_metadata/fidelity/seed1_l3_update_transcoder_k4_s0.json,0,test,m prediction from u,tc,0.8046875
,,,fidelity,bb505254dfde1587e2497238448fd2117f7b1a2292a84497db8fdfb81127e555,,,,,4,,3,1,inactive_count,seed1_l3_update_transcoder_k4_s0,P10,UPDATE,20000,experiment_v1_4/results/p10_return_audit_20261004_01/returned_metadata/fidelity/seed1_l3_update_transcoder_k4_s0.json,0,test,m prediction from u,tc,412
,,,fidelity,bb505254dfde1587e2497238448fd2117f7b1a2292a84497db8fdfb81127e555,,,,,4,,3,1,l0_mean,seed1_l3_update_transcoder_k4_s0,P10,UPDATE,20000,experiment_v1_4/results/p10_return_audit_20261004_01/returned_metadata/fidelity/seed1_l3_update_transcoder_k4_s0.json,0,test,m prediction from u,tc,3.99995
,,,fidelity,bb505254dfde1587e2497238448fd2117f7b1a2292a84497db8fdfb81127e555,,,,,4,,3,1,l0_median,seed1_l3_update_transcoder_k4_s0,P10,UPDATE,20000,experiment_v1_4/results/p10_return_audit_20261004_01/returned_metadata/fidelity/seed1_l3_update_transcoder_k4_s0.json,0,test,m prediction from u,tc,4.0
,,,fidelity,bb505254dfde1587e2497238448fd2117f7b1a2292a84497db8fdfb81127e555,,,,,4,,3,1,dead_fraction,seed1_l3_update_transcoder_k4_s0,P10,UPDATE,20000,experiment_v1_4/results/p10_return_audit_20261004_01/returned_metadata/fidelity/seed1_l3_update_transcoder_k4_s0.json,0,test,m prediction from u,tc,0.765625
,,,fidelity,bb505254dfde1587e2497238448fd2117f7b1a2292a84497db8fdfb81127e555,,,,,16,,3,1,mse,seed1_l3_update_transcoder_k16_s0,P10,UPDATE,50000,experiment_v1_4/results/p10_return_audit_20261004_01/returned_metadata/fidelity/seed1_l3_update_transcoder_k16_s0.json,0,train,m prediction from u,tc,0.0061267788119195
,,,fidelity,bb505254dfde1587e2497238448fd2117f7b1a2292a84497db8fdfb81127e555,,,,,16,,3,1,nmse,seed1_l3_update_transcoder_k16_s0,P10,UPDATE,50000,experiment_v1_4/results/p10_return_audit_20261004_01/returned_metadata/fidelity/seed1_l3_update_transcoder_k16_s0.json,0,train,m prediction from u,tc,0.00612677937940329
,,,fidelity,bb505254dfde1587e2497238448fd2117f7b1a2292a84497db8fdfb81127e555,,,,,16,,3,1,r2,seed1_l3_update_transcoder_k16_s0,P10,UPDATE,50000,experiment_v1_4/results/p10_return_audit_20261004_01/returned_metadata/fidelity/seed1_l3_update_transcoder_k16_s0.json,0,train,m prediction from u,tc,0.9938732206205967
,,,fidelity,bb505254dfde1587e2497238448fd2117f7b1a2292a84497db8fdfb81127e555,,,,,16,,3,1,ev,seed1_l3_update_transcoder_k16_s0,P10,UPDATE,50000,experiment_v1_4/results/p10_return_audit_20261004_01/returned_metadata/fidelity/seed1_l3_update_transcoder_k16_s0.json,0,train,m prediction from u,tc,0.9939051452363525
,,,fidelity,bb505254dfde1587e2497238448fd2117f7b1a2292a84497db8fdfb81127e555,,,,,16,,3,1,inactive_fraction,seed1_l3_update_transcoder_k16_s0,P10,UPDATE,50000,experiment_v1_4/results/p10_return_audit_20261004_01/returned_metadata/fidelity/seed1_l3_update_transcoder_k16_s0.json,0,train,m prediction from u,tc,0.361328125
,,,fidelity,bb505254dfde1587e2497238448fd2117f7b1a2292a84497db8fdfb81127e555,,,,,16,,3,1,inactive_count,seed1_l3_update_transcoder_k16_s0,P10,UPDATE,50000,experiment_v1_4/results/p10_return_audit_20261004_01/returned_metadata/fidelity/seed1_l3_update_transcoder_k16_s0.json,0,train,m prediction from u,tc,185
,,,fidelity,bb505254dfde1587e2497238448fd2117f7b1a2292a84497db8fdfb81127e555,,,,,16,,3,1,l0_mean,seed1_l3_update_transcoder_k16_s0,P10,UPDATE,50000,experiment_v1_4/results/p10_return_audit_20261004_01/returned_metadata/fidelity/seed1_l3_update_transcoder_k16_s0.json,0,train,m prediction from u,tc,15.96698
,,,fidelity,bb505254dfde1587e2497238448fd2117f7b1a2292a84497db8fdfb81127e555,,,,,16,,3,1,l0_median,seed1_l3_update_transcoder_k16_s0,P10,UPDATE,50000,experiment_v1_4/results/p10_return_audit_20261004_01/returned_metadata/fidelity/seed1_l3_update_transcoder_k16_s0.json,0,train,m prediction from u,tc,16.0
,,,fidelity,bb505254dfde1587e2497238448fd2117f7b1a2292a84497db8fdfb81127e555,,,,,16,,3,1,dead_fraction,seed1_l3_update_transcoder_k16_s0,P10,UPDATE,50000,experiment_v1_4/results/p10_return_audit_20261004_01/returned_metadata/fidelity/seed1_l3_update_transcoder_k16_s0.json,0,train,m prediction from u,tc,0.361328125
,,,fidelity,bb505254dfde1587e2497238448fd2117f7b1a2292a84497db8fdfb81127e555,,,,,16,,3,1,mse,seed1_l3_update_transcoder_k16_s0,P10,UPDATE,10000,experiment_v1_4/results/p10_return_audit_20261004_01/returned_metadata/fidelity/seed1_l3_update_transcoder_k16_s0.json,0,val,m prediction from u,tc,0.006617869373531615
,,,fidelity,bb505254dfde1587e2497238448fd2117f7b1a2292a84497db8fdfb81127e555,,,,,16,,3,1,nmse,seed1_l3_update_transcoder_k16_s0,P10,UPDATE,10000,experiment_v1_4/results/p10_return_audit_20261004_01/returned_metadata/fidelity/seed1_l3_update_transcoder_k16_s0.json,0,val,m prediction from u,tc,0.006502216813333623
,,,fidelity,bb505254dfde1587e2497238448fd2117f7b1a2292a84497db8fdfb81127e555,,,,,16,,3,1,r2,seed1_l3_update_transcoder_k16_s0,P10,UPDATE,10000,experiment_v1_4/results/p10_return_audit_20261004_01/returned_metadata/fidelity/seed1_l3_update_transcoder_k16_s0.json,0,val,m prediction from u,tc,0.9934970884700741
,,,fidelity,bb505254dfde1587e2497238448fd2117f7b1a2292a84497db8fdfb81127e555,,,,,16,,3,1,ev,seed1_l3_update_transcoder_k16_s0,P10,UPDATE,10000,experiment_v1_4/results/p10_return_audit_20261004_01/returned_metadata/fidelity/seed1_l3_update_transcoder_k16_s0.json,0,val,m prediction from u,tc,0.9935293710378352
,,,fidelity,bb505254dfde1587e2497238448fd2117f7b1a2292a84497db8fdfb81127e555,,,,,16,,3,1,inactive_fraction,seed1_l3_update_transcoder_k16_s0,P10,UPDATE,10000,experiment_v1_4/results/p10_return_audit_20261004_01/returned_metadata/fidelity/seed1_l3_update_transcoder_k16_s0.json,0,val,m prediction from u,tc,0.46875
,,,fidelity,bb505254dfde1587e2497238448fd2117f7b1a2292a84497db8fdfb81127e555,,,,,16,,3,1,inactive_count,seed1_l3_update_transcoder_k16_s0,P10,UPDATE,10000,experiment_v1_4/results/p10_return_audit_20261004_01/returned_metadata/fidelity/seed1_l3_update_transcoder_k16_s0.json,0,val,m prediction from u,tc,240
,,,fidelity,bb505254dfde1587e2497238448fd2117f7b1a2292a84497db8fdfb81127e555,,,,,16,,3,1,l0_mean,seed1_l3_update_transcoder_k16_s0,P10,UPDATE,10000,experiment_v1_4/results/p10_return_audit_20261004_01/returned_metadata/fidelity/seed1_l3_update_transcoder_k16_s0.json,0,val,m prediction from u,tc,15.9758
,,,fidelity,bb505254dfde1587e2497238448fd2117f7b1a2292a84497db8fdfb81127e555,,,,,16,,3,1,l0_median,seed1_l3_update_transcoder_k16_s0,P10,UPDATE,10000,experiment_v1_4/results/p10_return_audit_20261004_01/returned_metadata/fidelity/seed1_l3_update_transcoder_k16_s0.json,0,val,m prediction from u,tc,16.0
,,,fidelity,bb505254dfde1587e2497238448fd2117f7b1a2292a84497db8fdfb81127e555,,,,,16,,3,1,dead_fraction,seed1_l3_update_transcoder_k16_s0,P10,UPDATE,10000,experiment_v1_4/results/p10_return_audit_20261004_01/returned_metadata/fidelity/seed1_l3_update_transcoder_k16_s0.json,0,val,m prediction from u,tc,0.361328125
,,,fidelity,bb505254dfde1587e2497238448fd2117f7b1a2292a84497db8fdfb81127e555,,,,,16,,3,1,mse,seed1_l3_update_transcoder_k16_s0,P10,UPDATE,20000,experiment_v1_4/results/p10_return_audit_20261004_01/returned_metadata/fidelity/seed1_l3_update_transcoder_k16_s0.json,0,test,m prediction from u,tc,0.00633994013357294
,,,fidelity,bb505254dfde1587e2497238448fd2117f7b1a2292a84497db8fdfb81127e555,,,,,16,,3,1,nmse,seed1_l3_update_transcoder_k16_s0,P10,UPDATE,20000,experiment_v1_4/results/p10_return_audit_20261004_01/returned_metadata/fidelity/seed1_l3_update_transcoder_k16_s0.json,0,test,m prediction from u,tc,0.006259065168602235
,,,fidelity,bb505254dfde1587e2497238448fd2117f7b1a2292a84497db8fdfb81127e555,,,,,16,,3,1,r2,seed1_l3_update_transcoder_k16_s0,P10,UPDATE,20000,experiment_v1_4/results/p10_return_audit_20261004_01/returned_metadata/fidelity/seed1_l3_update_transcoder_k16_s0.json,0,test,m prediction from u,tc,0.9937401292060786
,,,fidelity,bb505254dfde1587e2497238448fd2117f7b1a2292a84497db8fdfb81127e555,,,,,16,,3,1,ev,seed1_l3_update_transcoder_k16_s0,P10,UPDATE,20000,experiment_v1_4/results/p10_return_audit_20261004_01/returned_metadata/fidelity/seed1_l3_update_transcoder_k16_s0.json,0,test,m prediction from u,tc,0.9937718812392584
,,,fidelity,bb505254dfde1587e2497238448fd2117f7b1a2292a84497db8fdfb81127e555,,,,,16,,3,1,inactive_fraction,seed1_l3_update_transcoder_k16_s0,P10,UPDATE,20000,experiment_v1_4/results/p10_return_audit_20261004_01/returned_metadata/fidelity/seed1_l3_update_transcoder_k16_s0.json,0,test,m prediction from u,tc,0.39453125
,,,fidelity,bb505254dfde1587e2497238448fd2117f7b1a2292a84497db8fdfb81127e555,,,,,16,,3,1,inactive_count,seed1_l3_update_transcoder_k16_s0,P10,UPDATE,20000,experiment_v1_4/results/p10_return_audit_20261004_01/returned_metadata/fidelity/seed1_l3_update_transcoder_k16_s0.json,0,test,m prediction from u,tc,202
,,,fidelity,bb505254dfde1587e2497238448fd2117f7b1a2292a84497db8fdfb81127e555,,,,,16,,3,1,l0_mean,seed1_l3_update_transcoder_k16_s0,P10,UPDATE,20000,experiment_v1_4/results/p10_return_audit_20261004_01/returned_metadata/fidelity/seed1_l3_update_transcoder_k16_s0.json,0,test,m prediction from u,tc,15.9694
,,,fidelity,bb505254dfde1587e2497238448fd2117f7b1a2292a84497db8fdfb81127e555,,,,,16,,3,1,l0_median,seed1_l3_update_transcoder_k16_s0,P10,UPDATE,20000,experiment_v1_4/results/p10_return_audit_20261004_01/returned_metadata/fidelity/seed1_l3_update_transcoder_k16_s0.json,0,test,m prediction from u,tc,16.0
,,,fidelity,bb505254dfde1587e2497238448fd2117f7b1a2292a84497db8fdfb81127e555,,,,,16,,3,1,dead_fraction,seed1_l3_update_transcoder_k16_s0,P10,UPDATE,20000,experiment_v1_4/results/p10_return_audit_20261004_01/returned_metadata/fidelity/seed1_l3_update_transcoder_k16_s0.json,0,test,m prediction from u,tc,0.361328125
,,,fidelity,f9f496b5b5d55bed9f0efc1f3694f91486a1cae97c14af6091f8fe91ec235ec4,,,,,4,,3,2,mse,seed2_l3_update_sae_k4_s0,P10,UPDATE,50000,experiment_v1_4/results/p10_return_audit_20261004_01/returned_metadata/fidelity/seed2_l3_update_sae_k4_s0.json,0,train,h reconstruction,sae,0.03673878551238892
,,,fidelity,f9f496b5b5d55bed9f0efc1f3694f91486a1cae97c14af6091f8fe91ec235ec4,,,,,4,,3,2,nmse,seed2_l3_update_sae_k4_s0,P10,UPDATE,50000,experiment_v1_4/results/p10_return_audit_20261004_01/returned_metadata/fidelity/seed2_l3_update_sae_k4_s0.json,0,train,h reconstruction,sae,0.036738783767539814
,,,fidelity,f9f496b5b5d55bed9f0efc1f3694f91486a1cae97c14af6091f8fe91ec235ec4,,,,,4,,3,2,r2,seed2_l3_update_sae_k4_s0,P10,UPDATE,50000,experiment_v1_4/results/p10_return_audit_20261004_01/returned_metadata/fidelity/seed2_l3_update_sae_k4_s0.json,0,train,h reconstruction,sae,0.9632612162324602
,,,fidelity,f9f496b5b5d55bed9f0efc1f3694f91486a1cae97c14af6091f8fe91ec235ec4,,,,,4,,3,2,ev,seed2_l3_update_sae_k4_s0,P10,UPDATE,50000,experiment_v1_4/results/p10_return_audit_20261004_01/returned_metadata/fidelity/seed2_l3_update_sae_k4_s0.json,0,train,h reconstruction,sae,0.9632869502066108
,,,fidelity,f9f496b5b5d55bed9f0efc1f3694f91486a1cae97c14af6091f8fe91ec235ec4,,,,,4,,3,2,inactive_fraction,seed2_l3_update_sae_k4_s0,P10,UPDATE,50000,experiment_v1_4/results/p10_return_audit_20261004_01/returned_metadata/fidelity/seed2_l3_update_sae_k4_s0.json,0,train,h reconstruction,sae,0.6953125
,,,fidelity,f9f496b5b5d55bed9f0efc1f3694f91486a1cae97c14af6091f8fe91ec235ec4,,,,,4,,3,2,inactive_count,seed2_l3_update_sae_k4_s0,P10,UPDATE,50000,experiment_v1_4/results/p10_return_audit_20261004_01/returned_metadata/fidelity/seed2_l3_update_sae_k4_s0.json,0,train,h reconstruction,sae,356
,,,fidelity,f9f496b5b5d55bed9f0efc1f3694f91486a1cae97c14af6091f8fe91ec235ec4,,,,,4,,3,2,l0_mean,seed2_l3_update_sae_k4_s0,P10,UPDATE,50000,experiment_v1_4/results/p10_return_audit_20261004_01/returned_metadata/fidelity/seed2_l3_update_sae_k4_s0.json,0,train,h reconstruction,sae,4.0
,,,fidelity,f9f496b5b5d55bed9f0efc1f3694f91486a1cae97c14af6091f8fe91ec235ec4,,,,,4,,3,2,l0_median,seed2_l3_update_sae_k4_s0,P10,UPDATE,50000,experiment_v1_4/results/p10_return_audit_20261004_01/returned_metadata/fidelity/seed2_l3_update_sae_k4_s0.json,0,train,h reconstruction,sae,4.0
,,,fidelity,f9f496b5b5d55bed9f0efc1f3694f91486a1cae97c14af6091f8fe91ec235ec4,,,,,4,,3,2,dead_fraction,seed2_l3_update_sae_k4_s0,P10,UPDATE,50000,experiment_v1_4/results/p10_return_audit_20261004_01/returned_metadata/fidelity/seed2_l3_update_sae_k4_s0.json,0,train,h reconstruction,sae,0.6953125
,,,fidelity,f9f496b5b5d55bed9f0efc1f3694f91486a1cae97c14af6091f8fe91ec235ec4,,,,,4,,3,2,mse,seed2_l3_update_sae_k4_s0,P10,UPDATE,10000,experiment_v1_4/results/p10_return_audit_20261004_01/returned_metadata/fidelity/seed2_l3_update_sae_k4_s0.json,0,val,h reconstruction,sae,0.03777347736609314
,,,fidelity,f9f496b5b5d55bed9f0efc1f3694f91486a1cae97c14af6091f8fe91ec235ec4,,,,,4,,3,2,nmse,seed2_l3_update_sae_k4_s0,P10,UPDATE,10000,experiment_v1_4/results/p10_return_audit_20261004_01/returned_metadata/fidelity/seed2_l3_update_sae_k4_s0.json,0,val,h reconstruction,sae,0.0376922155588599
,,,fidelity,f9f496b5b5d55bed9f0efc1f3694f91486a1cae97c14af6091f8fe91ec235ec4,,,,,4,,3,2,r2,seed2_l3_update_sae_k4_s0,P10,UPDATE,10000,experiment_v1_4/results/p10_return_audit_20261004_01/returned_metadata/fidelity/seed2_l3_update_sae_k4_s0.json,0,val,h reconstruction,sae,0.9622982495630511
,,,fidelity,f9f496b5b5d55bed9f0efc1f3694f91486a1cae97c14af6091f8fe91ec235ec4,,,,,4,,3,2,ev,seed2_l3_update_sae_k4_s0,P10,UPDATE,10000,experiment_v1_4/results/p10_return_audit_20261004_01/returned_metadata/fidelity/seed2_l3_update_sae_k4_s0.json,0,val,h reconstruction,sae,0.9623374208596299
,,,fidelity,f9f496b5b5d55bed9f0efc1f3694f91486a1cae97c14af6091f8fe91ec235ec4,,,,,4,,3,2,inactive_fraction,seed2_l3_update_sae_k4_s0,P10,UPDATE,10000,experiment_v1_4/results/p10_return_audit_20261004_01/returned_metadata/fidelity/seed2_l3_update_sae_k4_s0.json,0,val,h reconstruction,sae,0.720703125
,,,fidelity,f9f496b5b5d55bed9f0efc1f3694f91486a1cae97c14af6091f8fe91ec235ec4,,,,,4,,3,2,inactive_count,seed2_l3_update_sae_k4_s0,P10,UPDATE,10000,experiment_v1_4/results/p10_return_audit_20261004_01/returned_metadata/fidelity/seed2_l3_update_sae_k4_s0.json,0,val,h reconstruction,sae,369
,,,fidelity,f9f496b5b5d55bed9f0efc1f3694f91486a1cae97c14af6091f8fe91ec235ec4,,,,,4,,3,2,l0_mean,seed2_l3_update_sae_k4_s0,P10,UPDATE,10000,experiment_v1_4/results/p10_return_audit_20261004_01/returned_metadata/fidelity/seed2_l3_update_sae_k4_s0.json,0,val,h reconstruction,sae,4.0
,,,fidelity,f9f496b5b5d55bed9f0efc1f3694f91486a1cae97c14af6091f8fe91ec235ec4,,,,,4,,3,2,l0_median,seed2_l3_update_sae_k4_s0,P10,UPDATE,10000,experiment_v1_4/results/p10_return_audit_20261004_01/returned_metadata/fidelity/seed2_l3_update_sae_k4_s0.json,0,val,h reconstruction,sae,4.0
,,,fidelity,f9f496b5b5d55bed9f0efc1f3694f91486a1cae97c14af6091f8fe91ec235ec4,,,,,4,,3,2,dead_fraction,seed2_l3_update_sae_k4_s0,P10,UPDATE,10000,experiment_v1_4/results/p10_return_audit_20261004_01/returned_metadata/fidelity/seed2_l3_update_sae_k4_s0.json,0,val,h reconstruction,sae,0.6953125
,,,fidelity,f9f496b5b5d55bed9f0efc1f3694f91486a1cae97c14af6091f8fe91ec235ec4,,,,,4,,3,2,mse,seed2_l3_update_sae_k4_s0,P10,UPDATE,20000,experiment_v1_4/results/p10_return_audit_20261004_01/returned_metadata/fidelity/seed2_l3_update_sae_k4_s0.json,0,test,h reconstruction,sae,0.03736249206288394
,,,fidelity,f9f496b5b5d55bed9f0efc1f3694f91486a1cae97c14af6091f8fe91ec235ec4,,,,,4,,3,2,nmse,seed2_l3_update_sae_k4_s0,P10,UPDATE,20000,experiment_v1_4/results/p10_return_audit_20261004_01/returned_metadata/fidelity/seed2_l3_update_sae_k4_s0.json,0,test,h reconstruction,sae,0.037366890181273926
,,,fidelity,f9f496b5b5d55bed9f0efc1f3694f91486a1cae97c14af6091f8fe91ec235ec4,,,,,4,,3,2,r2,seed2_l3_update_sae_k4_s0,P10,UPDATE,20000,experiment_v1_4/results/p10_return_audit_20261004_01/returned_metadata/fidelity/seed2_l3_update_sae_k4_s0.json,0,test,h reconstruction,sae,0.9626320957801873
,,,fidelity,f9f496b5b5d55bed9f0efc1f3694f91486a1cae97c14af6091f8fe91ec235ec4,,,,,4,,3,2,ev,seed2_l3_update_sae_k4_s0,P10,UPDATE,20000,experiment_v1_4/results/p10_return_audit_20261004_01/returned_metadata/fidelity/seed2_l3_update_sae_k4_s0.json,0,test,h reconstruction,sae,0.9626598042852142
,,,fidelity,f9f496b5b5d55bed9f0efc1f3694f91486a1cae97c14af6091f8fe91ec235ec4,,,,,4,,3,2,inactive_fraction,seed2_l3_update_sae_k4_s0,P10,UPDATE,20000,experiment_v1_4/results/p10_return_audit_20261004_01/returned_metadata/fidelity/seed2_l3_update_sae_k4_s0.json,0,test,h reconstruction,sae,0.69140625
,,,fidelity,f9f496b5b5d55bed9f0efc1f3694f91486a1cae97c14af6091f8fe91ec235ec4,,,,,4,,3,2,inactive_count,seed2_l3_update_sae_k4_s0,P10,UPDATE,20000,experiment_v1_4/results/p10_return_audit_20261004_01/returned_metadata/fidelity/seed2_l3_update_sae_k4_s0.json,0,test,h reconstruction,sae,354
,,,fidelity,f9f496b5b5d55bed9f0efc1f3694f91486a1cae97c14af6091f8fe91ec235ec4,,,,,4,,3,2,l0_mean,seed2_l3_update_sae_k4_s0,P10,UPDATE,20000,experiment_v1_4/results/p10_return_audit_20261004_01/returned_metadata/fidelity/seed2_l3_update_sae_k4_s0.json,0,test,h reconstruction,sae,4.0
,,,fidelity,f9f496b5b5d55bed9f0efc1f3694f91486a1cae97c14af6091f8fe91ec235ec4,,,,,4,,3,2,l0_median,seed2_l3_update_sae_k4_s0,P10,UPDATE,20000,experiment_v1_4/results/p10_return_audit_20261004_01/returned_metadata/fidelity/seed2_l3_update_sae_k4_s0.json,0,test,h reconstruction,sae,4.0
,,,fidelity,f9f496b5b5d55bed9f0efc1f3694f91486a1cae97c14af6091f8fe91ec235ec4,,,,,4,,3,2,dead_fraction,seed2_l3_update_sae_k4_s0,P10,UPDATE,20000,experiment_v1_4/results/p10_return_audit_20261004_01/returned_metadata/fidelity/seed2_l3_update_sae_k4_s0.json,0,test,h reconstruction,sae,0.6953125
,,,fidelity,f9f496b5b5d55bed9f0efc1f3694f91486a1cae97c14af6091f8fe91ec235ec4,,,,,16,,3,2,mse,seed2_l3_update_sae_k16_s0,P10,UPDATE,50000,experiment_v1_4/results/p10_return_audit_20261004_01/returned_metadata/fidelity/seed2_l3_update_sae_k16_s0.json,0,train,h reconstruction,sae,0.005471483362606318
,,,fidelity,f9f496b5b5d55bed9f0efc1f3694f91486a1cae97c14af6091f8fe91ec235ec4,,,,,16,,3,2,nmse,seed2_l3_update_sae_k16_s0,P10,UPDATE,50000,experiment_v1_4/results/p10_return_audit_20261004_01/returned_metadata/fidelity/seed2_l3_update_sae_k16_s0.json,0,train,h reconstruction,sae,0.005471483102747078
,,,fidelity,f9f496b5b5d55bed9f0efc1f3694f91486a1cae97c14af6091f8fe91ec235ec4,,,,,16,,3,2,r2,seed2_l3_update_sae_k16_s0,P10,UPDATE,50000,experiment_v1_4/results/p10_return_audit_20261004_01/returned_metadata/fidelity/seed2_l3_update_sae_k16_s0.json,0,train,h reconstruction,sae,0.994528516897253
,,,fidelity,f9f496b5b5d55bed9f0efc1f3694f91486a1cae97c14af6091f8fe91ec235ec4,,,,,16,,3,2,ev,seed2_l3_update_sae_k16_s0,P10,UPDATE,50000,experiment_v1_4/results/p10_return_audit_20261004_01/returned_metadata/fidelity/seed2_l3_update_sae_k16_s0.json,0,train,h reconstruction,sae,0.9945489909811135
,,,fidelity,f9f496b5b5d55bed9f0efc1f3694f91486a1cae97c14af6091f8fe91ec235ec4,,,,,16,,3,2,inactive_fraction,seed2_l3_update_sae_k16_s0,P10,UPDATE,50000,experiment_v1_4/results/p10_return_audit_20261004_01/returned_metadata/fidelity/seed2_l3_update_sae_k16_s0.json,0,train,h reconstruction,sae,0.525390625
,,,fidelity,f9f496b5b5d55bed9f0efc1f3694f91486a1cae97c14af6091f8fe91ec235ec4,,,,,16,,3,2,inactive_count,seed2_l3_update_sae_k16_s0,P10,UPDATE,50000,experiment_v1_4/results/p10_return_audit_20261004_01/returned_metadata/fidelity/seed2_l3_update_sae_k16_s0.json,0,train,h reconstruction,sae,269
,,,fidelity,f9f496b5b5d55bed9f0efc1f3694f91486a1cae97c14af6091f8fe91ec235ec4,,,,,16,,3,2,l0_mean,seed2_l3_update_sae_k16_s0,P10,UPDATE,50000,experiment_v1_4/results/p10_return_audit_20261004_01/returned_metadata/fidelity/seed2_l3_update_sae_k16_s0.json,0,train,h reconstruction,sae,15.9998
,,,fidelity,f9f496b5b5d55bed9f0efc1f3694f91486a1cae97c14af6091f8fe91ec235ec4,,,,,16,,3,2,l0_median,seed2_l3_update_sae_k16_s0,P10,UPDATE,50000,experiment_v1_4/results/p10_return_audit_20261004_01/returned_metadata/fidelity/seed2_l3_update_sae_k16_s0.json,0,train,h reconstruction,sae,16.0
,,,fidelity,f9f496b5b5d55bed9f0efc1f3694f91486a1cae97c14af6091f8fe91ec235ec4,,,,,16,,3,2,dead_fraction,seed2_l3_update_sae_k16_s0,P10,UPDATE,50000,experiment_v1_4/results/p10_return_audit_20261004_01/returned_metadata/fidelity/seed2_l3_update_sae_k16_s0.json,0,train,h reconstruction,sae,0.525390625
,,,fidelity,f9f496b5b5d55bed9f0efc1f3694f91486a1cae97c14af6091f8fe91ec235ec4,,,,,16,,3,2,mse,seed2_l3_update_sae_k16_s0,P10,UPDATE,10000,experiment_v1_4/results/p10_return_audit_20261004_01/returned_metadata/fidelity/seed2_l3_update_sae_k16_s0.json,0,val,h reconstruction,sae,0.005650066098039706
,,,fidelity,f9f496b5b5d55bed9f0efc1f3694f91486a1cae97c14af6091f8fe91ec235ec4,,,,,16,,3,2,nmse,seed2_l3_update_sae_k16_s0,P10,UPDATE,10000,experiment_v1_4/results/p10_return_audit_20261004_01/returned_metadata/fidelity/seed2_l3_update_sae_k16_s0.json,0,val,h reconstruction,sae,0.005637911151920656
,,,fidelity,f9f496b5b5d55bed9f0efc1f3694f91486a1cae97c14af6091f8fe91ec235ec4,,,,,16,,3,2,r2,seed2_l3_update_sae_k16_s0,P10,UPDATE,10000,experiment_v1_4/results/p10_return_audit_20261004_01/returned_metadata/fidelity/seed2_l3_update_sae_k16_s0.json,0,val,h reconstruction,sae,0.994360662643896
,,,fidelity,f9f496b5b5d55bed9f0efc1f3694f91486a1cae97c14af6091f8fe91ec235ec4,,,,,16,,3,2,ev,seed2_l3_update_sae_k16_s0,P10,UPDATE,10000,experiment_v1_4/results/p10_return_audit_20261004_01/returned_metadata/fidelity/seed2_l3_update_sae_k16_s0.json,0,val,h reconstruction,sae,0.9943826050552214
,,,fidelity,f9f496b5b5d55bed9f0efc1f3694f91486a1cae97c14af6091f8fe91ec235ec4,,,,,16,,3,2,inactive_fraction,seed2_l3_update_sae_k16_s0,P10,UPDATE,10000,experiment_v1_4/results/p10_return_audit_20261004_01/returned_metadata/fidelity/seed2_l3_update_sae_k16_s0.json,0,val,h reconstruction,sae,0.572265625
,,,fidelity,f9f496b5b5d55bed9f0efc1f3694f91486a1cae97c14af6091f8fe91ec235ec4,,,,,16,,3,2,inactive_count,seed2_l3_update_sae_k16_s0,P10,UPDATE,10000,experiment_v1_4/results/p10_return_audit_20261004_01/returned_metadata/fidelity/seed2_l3_update_sae_k16_s0.json,0,val,h reconstruction,sae,293
,,,fidelity,f9f496b5b5d55bed9f0efc1f3694f91486a1cae97c14af6091f8fe91ec235ec4,,,,,16,,3,2,l0_mean,seed2_l3_update_sae_k16_s0,P10,UPDATE,10000,experiment_v1_4/results/p10_return_audit_20261004_01/returned_metadata/fidelity/seed2_l3_update_sae_k16_s0.json,0,val,h reconstruction,sae,15.9999
,,,fidelity,f9f496b5b5d55bed9f0efc1f3694f91486a1cae97c14af6091f8fe91ec235ec4,,,,,16,,3,2,l0_median,seed2_l3_update_sae_k16_s0,P10,UPDATE,10000,experiment_v1_4/results/p10_return_audit_20261004_01/returned_metadata/fidelity/seed2_l3_update_sae_k16_s0.json,0,val,h reconstruction,sae,16.0
,,,fidelity,f9f496b5b5d55bed9f0efc1f3694f91486a1cae97c14af6091f8fe91ec235ec4,,,,,16,,3,2,dead_fraction,seed2_l3_update_sae_k16_s0,P10,UPDATE,10000,experiment_v1_4/results/p10_return_audit_20261004_01/returned_metadata/fidelity/seed2_l3_update_sae_k16_s0.json,0,val,h reconstruction,sae,0.525390625
,,,fidelity,f9f496b5b5d55bed9f0efc1f3694f91486a1cae97c14af6091f8fe91ec235ec4,,,,,16,,3,2,mse,seed2_l3_update_sae_k16_s0,P10,UPDATE,20000,experiment_v1_4/results/p10_return_audit_20261004_01/returned_metadata/fidelity/seed2_l3_update_sae_k16_s0.json,0,test,h reconstruction,sae,0.00558440677687242
,,,fidelity,f9f496b5b5d55bed9f0efc1f3694f91486a1cae97c14af6091f8fe91ec235ec4,,,,,16,,3,2,nmse,seed2_l3_update_sae_k16_s0,P10,UPDATE,20000,experiment_v1_4/results/p10_return_audit_20261004_01/returned_metadata/fidelity/seed2_l3_update_sae_k16_s0.json,0,test,h reconstruction,sae,0.005585064144215615
,,,fidelity,f9f496b5b5d55bed9f0efc1f3694f91486a1cae97c14af6091f8fe91ec235ec4,,,,,16,,3,2,r2,seed2_l3_update_sae_k16_s0,P10,UPDATE,20000,experiment_v1_4/results/p10_return_audit_20261004_01/returned_metadata/fidelity/seed2_l3_update_sae_k16_s0.json,0,test,h reconstruction,sae,0.9944147842919198
,,,fidelity,f9f496b5b5d55bed9f0efc1f3694f91486a1cae97c14af6091f8fe91ec235ec4,,,,,16,,3,2,ev,seed2_l3_update_sae_k16_s0,P10,UPDATE,20000,experiment_v1_4/results/p10_return_audit_20261004_01/returned_metadata/fidelity/seed2_l3_update_sae_k16_s0.json,0,test,h reconstruction,sae,0.9944352797150238
,,,fidelity,f9f496b5b5d55bed9f0efc1f3694f91486a1cae97c14af6091f8fe91ec235ec4,,,,,16,,3,2,inactive_fraction,seed2_l3_update_sae_k16_s0,P10,UPDATE,20000,experiment_v1_4/results/p10_return_audit_20261004_01/returned_metadata/fidelity/seed2_l3_update_sae_k16_s0.json,0,test,h reconstruction,sae,0.537109375
,,,fidelity,f9f496b5b5d55bed9f0efc1f3694f91486a1cae97c14af6091f8fe91ec235ec4,,,,,16,,3,2,inactive_count,seed2_l3_update_sae_k16_s0,P10,UPDATE,20000,experiment_v1_4/results/p10_return_audit_20261004_01/returned_metadata/fidelity/seed2_l3_update_sae_k16_s0.json,0,test,h reconstruction,sae,275
,,,fidelity,f9f496b5b5d55bed9f0efc1f3694f91486a1cae97c14af6091f8fe91ec235ec4,,,,,16,,3,2,l0_mean,seed2_l3_update_sae_k16_s0,P10,UPDATE,20000,experiment_v1_4/results/p10_return_audit_20261004_01/returned_metadata/fidelity/seed2_l3_update_sae_k16_s0.json,0,test,h reconstruction,sae,15.9998
,,,fidelity,f9f496b5b5d55bed9f0efc1f3694f91486a1cae97c14af6091f8fe91ec235ec4,,,,,16,,3,2,l0_median,seed2_l3_update_sae_k16_s0,P10,UPDATE,20000,experiment_v1_4/results/p10_return_audit_20261004_01/returned_metadata/fidelity/seed2_l3_update_sae_k16_s0.json,0,test,h reconstruction,sae,16.0
,,,fidelity,f9f496b5b5d55bed9f0efc1f3694f91486a1cae97c14af6091f8fe91ec235ec4,,,,,16,,3,2,dead_fraction,seed2_l3_update_sae_k16_s0,P10,UPDATE,20000,experiment_v1_4/results/p10_return_audit_20261004_01/returned_metadata/fidelity/seed2_l3_update_sae_k16_s0.json,0,test,h reconstruction,sae,0.525390625
,,,fidelity,f9f496b5b5d55bed9f0efc1f3694f91486a1cae97c14af6091f8fe91ec235ec4,,,,,4,,3,2,mse,seed2_l3_update_transcoder_k4_s0,P10,UPDATE,50000,experiment_v1_4/results/p10_return_audit_20261004_01/returned_metadata/fidelity/seed2_l3_update_transcoder_k4_s0.json,0,train,m prediction from u,tc,0.022244897830143186
,,,fidelity,f9f496b5b5d55bed9f0efc1f3694f91486a1cae97c14af6091f8fe91ec235ec4,,,,,4,,3,2,nmse,seed2_l3_update_transcoder_k4_s0,P10,UPDATE,50000,experiment_v1_4/results/p10_return_audit_20261004_01/returned_metadata/fidelity/seed2_l3_update_transcoder_k4_s0.json,0,train,m prediction from u,tc,0.022244897734660842
,,,fidelity,f9f496b5b5d55bed9f0efc1f3694f91486a1cae97c14af6091f8fe91ec235ec4,,,,,4,,3,2,r2,seed2_l3_update_transcoder_k4_s0,P10,UPDATE,50000,experiment_v1_4/results/p10_return_audit_20261004_01/returned_metadata/fidelity/seed2_l3_update_transcoder_k4_s0.json,0,train,m prediction from u,tc,0.9777551022653391
,,,fidelity,f9f496b5b5d55bed9f0efc1f3694f91486a1cae97c14af6091f8fe91ec235ec4,,,,,4,,3,2,ev,seed2_l3_update_transcoder_k4_s0,P10,UPDATE,50000,experiment_v1_4/results/p10_return_audit_20261004_01/returned_metadata/fidelity/seed2_l3_update_transcoder_k4_s0.json,0,train,m prediction from u,tc,0.9777778393690971
,,,fidelity,f9f496b5b5d55bed9f0efc1f3694f91486a1cae97c14af6091f8fe91ec235ec4,,,,,4,,3,2,inactive_fraction,seed2_l3_update_transcoder_k4_s0,P10,UPDATE,50000,experiment_v1_4/results/p10_return_audit_20261004_01/returned_metadata/fidelity/seed2_l3_update_transcoder_k4_s0.json,0,train,m prediction from u,tc,0.744140625
,,,fidelity,f9f496b5b5d55bed9f0efc1f3694f91486a1cae97c14af6091f8fe91ec235ec4,,,,,4,,3,2,inactive_count,seed2_l3_update_transcoder_k4_s0,P10,UPDATE,50000,experiment_v1_4/results/p10_return_audit_20261004_01/returned_metadata/fidelity/seed2_l3_update_transcoder_k4_s0.json,0,train,m prediction from u,tc,381
,,,fidelity,f9f496b5b5d55bed9f0efc1f3694f91486a1cae97c14af6091f8fe91ec235ec4,,,,,4,,3,2,l0_mean,seed2_l3_update_transcoder_k4_s0,P10,UPDATE,50000,experiment_v1_4/results/p10_return_audit_20261004_01/returned_metadata/fidelity/seed2_l3_update_transcoder_k4_s0.json,0,train,m prediction from u,tc,3.99982
,,,fidelity,f9f496b5b5d55bed9f0efc1f3694f91486a1cae97c14af6091f8fe91ec235ec4,,,,,4,,3,2,l0_median,seed2_l3_update_transcoder_k4_s0,P10,UPDATE,50000,experiment_v1_4/results/p10_return_audit_20261004_01/returned_metadata/fidelity/seed2_l3_update_transcoder_k4_s0.json,0,train,m prediction from u,tc,4.0
,,,fidelity,f9f496b5b5d55bed9f0efc1f3694f91486a1cae97c14af6091f8fe91ec235ec4,,,,,4,,3,2,dead_fraction,seed2_l3_update_transcoder_k4_s0,P10,UPDATE,50000,experiment_v1_4/results/p10_return_audit_20261004_01/returned_metadata/fidelity/seed2_l3_update_transcoder_k4_s0.json,0,train,m prediction from u,tc,0.744140625
,,,fidelity,f9f496b5b5d55bed9f0efc1f3694f91486a1cae97c14af6091f8fe91ec235ec4,,,,,4,,3,2,mse,seed2_l3_update_transcoder_k4_s0,P10,UPDATE,10000,experiment_v1_4/results/p10_return_audit_20261004_01/returned_metadata/fidelity/seed2_l3_update_transcoder_k4_s0.json,0,val,m prediction from u,tc,0.02254661953014969
,,,fidelity,f9f496b5b5d55bed9f0efc1f3694f91486a1cae97c14af6091f8fe91ec235ec4,,,,,4,,3,2,nmse,seed2_l3_update_transcoder_k4_s0,P10,UPDATE,10000,experiment_v1_4/results/p10_return_audit_20261004_01/returned_metadata/fidelity/seed2_l3_update_transcoder_k4_s0.json,0,val,m prediction from u,tc,0.022374822334184644
,,,fidelity,f9f496b5b5d55bed9f0efc1f3694f91486a1cae97c14af6091f8fe91ec235ec4,,,,,4,,3,2,r2,seed2_l3_update_transcoder_k4_s0,P10,UPDATE,10000,experiment_v1_4/results/p10_return_audit_20261004_01/returned_metadata/fidelity/seed2_l3_update_transcoder_k4_s0.json,0,val,m prediction from u,tc,0.9776233121234298
,,,fidelity,f9f496b5b5d55bed9f0efc1f3694f91486a1cae97c14af6091f8fe91ec235ec4,,,,,4,,3,2,ev,seed2_l3_update_transcoder_k4_s0,P10,UPDATE,10000,experiment_v1_4/results/p10_return_audit_20261004_01/returned_metadata/fidelity/seed2_l3_update_transcoder_k4_s0.json,0,val,m prediction from u,tc,0.9776490014738618
,,,fidelity,f9f496b5b5d55bed9f0efc1f3694f91486a1cae97c14af6091f8fe91ec235ec4,,,,,4,,3,2,inactive_fraction,seed2_l3_update_transcoder_k4_s0,P10,UPDATE,10000,experiment_v1_4/results/p10_return_audit_20261004_01/returned_metadata/fidelity/seed2_l3_update_transcoder_k4_s0.json,0,val,m prediction from u,tc,0.826171875
,,,fidelity,f9f496b5b5d55bed9f0efc1f3694f91486a1cae97c14af6091f8fe91ec235ec4,,,,,4,,3,2,inactive_count,seed2_l3_update_transcoder_k4_s0,P10,UPDATE,10000,experiment_v1_4/results/p10_return_audit_20261004_01/returned_metadata/fidelity/seed2_l3_update_transcoder_k4_s0.json,0,val,m prediction from u,tc,423
,,,fidelity,f9f496b5b5d55bed9f0efc1f3694f91486a1cae97c14af6091f8fe91ec235ec4,,,,,4,,3,2,l0_mean,seed2_l3_update_transcoder_k4_s0,P10,UPDATE,10000,experiment_v1_4/results/p10_return_audit_20261004_01/returned_metadata/fidelity/seed2_l3_update_transcoder_k4_s0.json,0,val,m prediction from u,tc,3.9996
,,,fidelity,f9f496b5b5d55bed9f0efc1f3694f91486a1cae97c14af6091f8fe91ec235ec4,,,,,4,,3,2,l0_median,seed2_l3_update_transcoder_k4_s0,P10,UPDATE,10000,experiment_v1_4/results/p10_return_audit_20261004_01/returned_metadata/fidelity/seed2_l3_update_transcoder_k4_s0.json,0,val,m prediction from u,tc,4.0
,,,fidelity,f9f496b5b5d55bed9f0efc1f3694f91486a1cae97c14af6091f8fe91ec235ec4,,,,,4,,3,2,dead_fraction,seed2_l3_update_transcoder_k4_s0,P10,UPDATE,10000,experiment_v1_4/results/p10_return_audit_20261004_01/returned_metadata/fidelity/seed2_l3_update_transcoder_k4_s0.json,0,val,m prediction from u,tc,0.744140625
,,,fidelity,f9f496b5b5d55bed9f0efc1f3694f91486a1cae97c14af6091f8fe91ec235ec4,,,,,4,,3,2,mse,seed2_l3_update_transcoder_k4_s0,P10,UPDATE,20000,experiment_v1_4/results/p10_return_audit_20261004_01/returned_metadata/fidelity/seed2_l3_update_transcoder_k4_s0.json,0,test,m prediction from u,tc,0.022508846336404566
,,,fidelity,f9f496b5b5d55bed9f0efc1f3694f91486a1cae97c14af6091f8fe91ec235ec4,,,,,4,,3,2,nmse,seed2_l3_update_transcoder_k4_s0,P10,UPDATE,20000,experiment_v1_4/results/p10_return_audit_20261004_01/returned_metadata/fidelity/seed2_l3_update_transcoder_k4_s0.json,0,test,m prediction from u,tc,0.02246723669684124
,,,fidelity,f9f496b5b5d55bed9f0efc1f3694f91486a1cae97c14af6091f8fe91ec235ec4,,,,,4,,3,2,r2,seed2_l3_update_transcoder_k4_s0,P10,UPDATE,20000,experiment_v1_4/results/p10_return_audit_20261004_01/returned_metadata/fidelity/seed2_l3_update_transcoder_k4_s0.json,0,test,m prediction from u,tc,0.9775321122088781
,,,fidelity,f9f496b5b5d55bed9f0efc1f3694f91486a1cae97c14af6091f8fe91ec235ec4,,,,,4,,3,2,ev,seed2_l3_update_transcoder_k4_s0,P10,UPDATE,20000,experiment_v1_4/results/p10_return_audit_20261004_01/returned_metadata/fidelity/seed2_l3_update_transcoder_k4_s0.json,0,test,m prediction from u,tc,0.9775618040913041
,,,fidelity,f9f496b5b5d55bed9f0efc1f3694f91486a1cae97c14af6091f8fe91ec235ec4,,,,,4,,3,2,inactive_fraction,seed2_l3_update_transcoder_k4_s0,P10,UPDATE,20000,experiment_v1_4/results/p10_return_audit_20261004_01/returned_metadata/fidelity/seed2_l3_update_transcoder_k4_s0.json,0,test,m prediction from u,tc,0.77734375
,,,fidelity,f9f496b5b5d55bed9f0efc1f3694f91486a1cae97c14af6091f8fe91ec235ec4,,,,,4,,3,2,inactive_count,seed2_l3_update_transcoder_k4_s0,P10,UPDATE,20000,experiment_v1_4/results/p10_return_audit_20261004_01/returned_metadata/fidelity/seed2_l3_update_transcoder_k4_s0.json,0,test,m prediction from u,tc,398
,,,fidelity,f9f496b5b5d55bed9f0efc1f3694f91486a1cae97c14af6091f8fe91ec235ec4,,,,,4,,3,2,l0_mean,seed2_l3_update_transcoder_k4_s0,P10,UPDATE,20000,experiment_v1_4/results/p10_return_audit_20261004_01/returned_metadata/fidelity/seed2_l3_update_transcoder_k4_s0.json,0,test,m prediction from u,tc,3.9998
,,,fidelity,f9f496b5b5d55bed9f0efc1f3694f91486a1cae97c14af6091f8fe91ec235ec4,,,,,4,,3,2,l0_median,seed2_l3_update_transcoder_k4_s0,P10,UPDATE,20000,experiment_v1_4/results/p10_return_audit_20261004_01/returned_metadata/fidelity/seed2_l3_update_transcoder_k4_s0.json,0,test,m prediction from u,tc,4.0
,,,fidelity,f9f496b5b5d55bed9f0efc1f3694f91486a1cae97c14af6091f8fe91ec235ec4,,,,,4,,3,2,dead_fraction,seed2_l3_update_transcoder_k4_s0,P10,UPDATE,20000,experiment_v1_4/results/p10_return_audit_20261004_01/returned_metadata/fidelity/seed2_l3_update_transcoder_k4_s0.json,0,test,m prediction from u,tc,0.744140625
,,,fidelity,f9f496b5b5d55bed9f0efc1f3694f91486a1cae97c14af6091f8fe91ec235ec4,,,,,16,,3,2,mse,seed2_l3_update_transcoder_k16_s0,P10,UPDATE,50000,experiment_v1_4/results/p10_return_audit_20261004_01/returned_metadata/fidelity/seed2_l3_update_transcoder_k16_s0.json,0,train,m prediction from u,tc,0.0028022773528321864
,,,fidelity,f9f496b5b5d55bed9f0efc1f3694f91486a1cae97c14af6091f8fe91ec235ec4,,,,,16,,3,2,nmse,seed2_l3_update_transcoder_k16_s0,P10,UPDATE,50000,experiment_v1_4/results/p10_return_audit_20261004_01/returned_metadata/fidelity/seed2_l3_update_transcoder_k16_s0.json,0,train,m prediction from u,tc,0.0028022773408038996
,,,fidelity,f9f496b5b5d55bed9f0efc1f3694f91486a1cae97c14af6091f8fe91ec235ec4,,,,,16,,3,2,r2,seed2_l3_update_transcoder_k16_s0,P10,UPDATE,50000,experiment_v1_4/results/p10_return_audit_20261004_01/returned_metadata/fidelity/seed2_l3_update_transcoder_k16_s0.json,0,train,m prediction from u,tc,0.9971977226591962
,,,fidelity,f9f496b5b5d55bed9f0efc1f3694f91486a1cae97c14af6091f8fe91ec235ec4,,,,,16,,3,2,ev,seed2_l3_update_transcoder_k16_s0,P10,UPDATE,50000,experiment_v1_4/results/p10_return_audit_20261004_01/returned_metadata/fidelity/seed2_l3_update_transcoder_k16_s0.json,0,train,m prediction from u,tc,0.9972107534832609
,,,fidelity,f9f496b5b5d55bed9f0efc1f3694f91486a1cae97c14af6091f8fe91ec235ec4,,,,,16,,3,2,inactive_fraction,seed2_l3_update_transcoder_k16_s0,P10,UPDATE,50000,experiment_v1_4/results/p10_return_audit_20261004_01/returned_metadata/fidelity/seed2_l3_update_transcoder_k16_s0.json,0,train,m prediction from u,tc,0.3359375
,,,fidelity,f9f496b5b5d55bed9f0efc1f3694f91486a1cae97c14af6091f8fe91ec235ec4,,,,,16,,3,2,inactive_count,seed2_l3_update_transcoder_k16_s0,P10,UPDATE,50000,experiment_v1_4/results/p10_return_audit_20261004_01/returned_metadata/fidelity/seed2_l3_update_transcoder_k16_s0.json,0,train,m prediction from u,tc,172
,,,fidelity,f9f496b5b5d55bed9f0efc1f3694f91486a1cae97c14af6091f8fe91ec235ec4,,,,,16,,3,2,l0_mean,seed2_l3_update_transcoder_k16_s0,P10,UPDATE,50000,experiment_v1_4/results/p10_return_audit_20261004_01/returned_metadata/fidelity/seed2_l3_update_transcoder_k16_s0.json,0,train,m prediction from u,tc,15.92382
,,,fidelity,f9f496b5b5d55bed9f0efc1f3694f91486a1cae97c14af6091f8fe91ec235ec4,,,,,16,,3,2,l0_median,seed2_l3_update_transcoder_k16_s0,P10,UPDATE,50000,experiment_v1_4/results/p10_return_audit_20261004_01/returned_metadata/fidelity/seed2_l3_update_transcoder_k16_s0.json,0,train,m prediction from u,tc,16.0
,,,fidelity,f9f496b5b5d55bed9f0efc1f3694f91486a1cae97c14af6091f8fe91ec235ec4,,,,,16,,3,2,dead_fraction,seed2_l3_update_transcoder_k16_s0,P10,UPDATE,50000,experiment_v1_4/results/p10_return_audit_20261004_01/returned_metadata/fidelity/seed2_l3_update_transcoder_k16_s0.json,0,train,m prediction from u,tc,0.3359375
,,,fidelity,f9f496b5b5d55bed9f0efc1f3694f91486a1cae97c14af6091f8fe91ec235ec4,,,,,16,,3,2,mse,seed2_l3_update_transcoder_k16_s0,P10,UPDATE,10000,experiment_v1_4/results/p10_return_audit_20261004_01/returned_metadata/fidelity/seed2_l3_update_transcoder_k16_s0.json,0,val,m prediction from u,tc,0.0029203845847297154
,,,fidelity,f9f496b5b5d55bed9f0efc1f3694f91486a1cae97c14af6091f8fe91ec235ec4,,,,,16,,3,2,nmse,seed2_l3_update_transcoder_k16_s0,P10,UPDATE,10000,experiment_v1_4/results/p10_return_audit_20261004_01/returned_metadata/fidelity/seed2_l3_update_transcoder_k16_s0.json,0,val,m prediction from u,tc,0.0028981322962159006
,,,fidelity,f9f496b5b5d55bed9f0efc1f3694f91486a1cae97c14af6091f8fe91ec235ec4,,,,,16,,3,2,r2,seed2_l3_update_transcoder_k16_s0,P10,UPDATE,10000,experiment_v1_4/results/p10_return_audit_20261004_01/returned_metadata/fidelity/seed2_l3_update_transcoder_k16_s0.json,0,val,m prediction from u,tc,0.997101626066619
,,,fidelity,f9f496b5b5d55bed9f0efc1f3694f91486a1cae97c14af6091f8fe91ec235ec4,,,,,16,,3,2,ev,seed2_l3_update_transcoder_k16_s0,P10,UPDATE,10000,experiment_v1_4/results/p10_return_audit_20261004_01/returned_metadata/fidelity/seed2_l3_update_transcoder_k16_s0.json,0,val,m prediction from u,tc,0.9971142768990755
,,,fidelity,f9f496b5b5d55bed9f0efc1f3694f91486a1cae97c14af6091f8fe91ec235ec4,,,,,16,,3,2,inactive_fraction,seed2_l3_update_transcoder_k16_s0,P10,UPDATE,10000,experiment_v1_4/results/p10_return_audit_20261004_01/returned_metadata/fidelity/seed2_l3_update_transcoder_k16_s0.json,0,val,m prediction from u,tc,0.43359375
,,,fidelity,f9f496b5b5d55bed9f0efc1f3694f91486a1cae97c14af6091f8fe91ec235ec4,,,,,16,,3,2,inactive_count,seed2_l3_update_transcoder_k16_s0,P10,UPDATE,10000,experiment_v1_4/results/p10_return_audit_20261004_01/returned_metadata/fidelity/seed2_l3_update_transcoder_k16_s0.json,0,val,m prediction from u,tc,222
,,,fidelity,f9f496b5b5d55bed9f0efc1f3694f91486a1cae97c14af6091f8fe91ec235ec4,,,,,16,,3,2,l0_mean,seed2_l3_update_transcoder_k16_s0,P10,UPDATE,10000,experiment_v1_4/results/p10_return_audit_20261004_01/returned_metadata/fidelity/seed2_l3_update_transcoder_k16_s0.json,0,val,m prediction from u,tc,15.9254
,,,fidelity,f9f496b5b5d55bed9f0efc1f3694f91486a1cae97c14af6091f8fe91ec235ec4,,,,,16,,3,2,l0_median,seed2_l3_update_transcoder_k16_s0,P10,UPDATE,10000,experiment_v1_4/results/p10_return_audit_20261004_01/returned_metadata/fidelity/seed2_l3_update_transcoder_k16_s0.json,0,val,m prediction from u,tc,16.0
,,,fidelity,f9f496b5b5d55bed9f0efc1f3694f91486a1cae97c14af6091f8fe91ec235ec4,,,,,16,,3,2,dead_fraction,seed2_l3_update_transcoder_k16_s0,P10,UPDATE,10000,experiment_v1_4/results/p10_return_audit_20261004_01/returned_metadata/fidelity/seed2_l3_update_transcoder_k16_s0.json,0,val,m prediction from u,tc,0.3359375
,,,fidelity,f9f496b5b5d55bed9f0efc1f3694f91486a1cae97c14af6091f8fe91ec235ec4,,,,,16,,3,2,mse,seed2_l3_update_transcoder_k16_s0,P10,UPDATE,20000,experiment_v1_4/results/p10_return_audit_20261004_01/returned_metadata/fidelity/seed2_l3_update_transcoder_k16_s0.json,0,test,m prediction from u,tc,0.0028596080946221543
,,,fidelity,f9f496b5b5d55bed9f0efc1f3694f91486a1cae97c14af6091f8fe91ec235ec4,,,,,16,,3,2,nmse,seed2_l3_update_transcoder_k16_s0,P10,UPDATE,20000,experiment_v1_4/results/p10_return_audit_20261004_01/returned_metadata/fidelity/seed2_l3_update_transcoder_k16_s0.json,0,test,m prediction from u,tc,0.0028543218502571042
,,,fidelity,f9f496b5b5d55bed9f0efc1f3694f91486a1cae97c14af6091f8fe91ec235ec4,,,,,16,,3,2,r2,seed2_l3_update_transcoder_k16_s0,P10,UPDATE,20000,experiment_v1_4/results/p10_return_audit_20261004_01/returned_metadata/fidelity/seed2_l3_update_transcoder_k16_s0.json,0,test,m prediction from u,tc,0.9971455954322883
,,,fidelity,f9f496b5b5d55bed9f0efc1f3694f91486a1cae97c14af6091f8fe91ec235ec4,,,,,16,,3,2,ev,seed2_l3_update_transcoder_k16_s0,P10,UPDATE,20000,experiment_v1_4/results/p10_return_audit_20261004_01/returned_metadata/fidelity/seed2_l3_update_transcoder_k16_s0.json,0,test,m prediction from u,tc,0.9971596425692575
,,,fidelity,f9f496b5b5d55bed9f0efc1f3694f91486a1cae97c14af6091f8fe91ec235ec4,,,,,16,,3,2,inactive_fraction,seed2_l3_update_transcoder_k16_s0,P10,UPDATE,20000,experiment_v1_4/results/p10_return_audit_20261004_01/returned_metadata/fidelity/seed2_l3_update_transcoder_k16_s0.json,0,test,m prediction from u,tc,0.37890625
,,,fidelity,f9f496b5b5d55bed9f0efc1f3694f91486a1cae97c14af6091f8fe91ec235ec4,,,,,16,,3,2,inactive_count,seed2_l3_update_transcoder_k16_s0,P10,UPDATE,20000,experiment_v1_4/results/p10_return_audit_20261004_01/returned_metadata/fidelity/seed2_l3_update_transcoder_k16_s0.json,0,test,m prediction from u,tc,194
,,,fidelity,f9f496b5b5d55bed9f0efc1f3694f91486a1cae97c14af6091f8fe91ec235ec4,,,,,16,,3,2,l0_mean,seed2_l3_update_transcoder_k16_s0,P10,UPDATE,20000,experiment_v1_4/results/p10_return_audit_20261004_01/returned_metadata/fidelity/seed2_l3_update_transcoder_k16_s0.json,0,test,m prediction from u,tc,15.9227
,,,fidelity,f9f496b5b5d55bed9f0efc1f3694f91486a1cae97c14af6091f8fe91ec235ec4,,,,,16,,3,2,l0_median,seed2_l3_update_transcoder_k16_s0,P10,UPDATE,20000,experiment_v1_4/results/p10_return_audit_20261004_01/returned_metadata/fidelity/seed2_l3_update_transcoder_k16_s0.json,0,test,m prediction from u,tc,16.0
,,,fidelity,f9f496b5b5d55bed9f0efc1f3694f91486a1cae97c14af6091f8fe91ec235ec4,,,,,16,,3,2,dead_fraction,seed2_l3_update_transcoder_k16_s0,P10,UPDATE,20000,experiment_v1_4/results/p10_return_audit_20261004_01/returned_metadata/fidelity/seed2_l3_update_transcoder_k16_s0.json,0,test,m prediction from u,tc,0.3359375
