contract_sha256,expected_sha256,path,phase,role
9fb4688636cea7c338fbc0da1292477915dd7fd9c1d45a76d981a6d85c0ca2b0,f8655acaddd0a8219139dc52e5e21ca835bf3e2d835c89fdff27a2636c731fa7,01_experiment_design.md,P7,frozen evaluation input
9fb4688636cea7c338fbc0da1292477915dd7fd9c1d45a76d981a6d85c0ca2b0,ada661f972a2aa52b38281e06c20e6cfcf2f7a729dd0fe04d1b5c6ce7c64b98b,02_language_and_corpus.md,P7,frozen evaluation input
9fb4688636cea7c338fbc0da1292477915dd7fd9c1d45a76d981a6d85c0ca2b0,b249117f426dc649e6fd23752b22f566efca0a5cf3f4147edd4309fcc952699a,03_experiment_spec.md,P7,frozen evaluation input
9fb4688636cea7c338fbc0da1292477915dd7fd9c1d45a76d981a6d85c0ca2b0,ebdd8e28f2d87d6f564bc3b8898f424f38565fe60dac66f46105e77b5371a5da,archive/legacy/interp_v1_2/__init__.py,P7,frozen evaluation input
9fb4688636cea7c338fbc0da1292477915dd7fd9c1d45a76d981a6d85c0ca2b0,0fa52ba2b3561bc81c892ea31a1f8aba19ed74d70a6b59854bb33c9fc2ffeac9,archive/legacy/interp_v1_2/behavior.py,P7,frozen evaluation input
9fb4688636cea7c338fbc0da1292477915dd7fd9c1d45a76d981a6d85c0ca2b0,7cd545ff6f3be34c8e85572f28cbc58668c55f99d50a6dd5dce1111ff3bc01a3,archive/legacy/interp_v1_2/cli.py,P7,frozen evaluation input
9fb4688636cea7c338fbc0da1292477915dd7fd9c1d45a76d981a6d85c0ca2b0,dd21ad13cde95bf3c11d5ca08b6c66e5aead13a31c7150b28ab5d5268adb267c,archive/legacy/interp_v1_2/data.py,P7,frozen evaluation input
9fb4688636cea7c338fbc0da1292477915dd7fd9c1d45a76d981a6d85c0ca2b0,ece4d1beca294b0d3b819af16bba1a98261247fc9036a903ce7bf5bfdbdfd54c,archive/legacy/interp_v1_2/dictionary.py,P7,frozen evaluation input
9fb4688636cea7c338fbc0da1292477915dd7fd9c1d45a76d981a6d85c0ca2b0,061ef32e12219b4daa1294584d2ce674c02ef615426f216cf38734b24a9e7e26,archive/legacy/interp_v1_2/model.py,P7,frozen evaluation input
9fb4688636cea7c338fbc0da1292477915dd7fd9c1d45a76d981a6d85c0ca2b0,190dd3f2b7f846c8bac7422a1b2d03602e6a4cac600599dd8552bdda22206ff5,archive/legacy/interp_v1_2/patching.py,P7,frozen evaluation input
9fb4688636cea7c338fbc0da1292477915dd7fd9c1d45a76d981a6d85c0ca2b0,b4af6ccd7c0c3aa55f5b72085181d6e6f83c8e7cf6d62d6c0b0c23df28955c80,archive/legacy/interp_v1_2/persistence.py,P7,frozen evaluation input
9fb4688636cea7c338fbc0da1292477915dd7fd9c1d45a76d981a6d85c0ca2b0,7b60477d1a4fe00442141f0dce34b4454343be606c8f7d1eba8bc0296830343e,archive/legacy/interp_v1_2/probe.py,P7,frozen evaluation input
9fb4688636cea7c338fbc0da1292477915dd7fd9c1d45a76d981a6d85c0ca2b0,5e2e567e28058a100b09907b427032054a5bc121087247382cad32896470cf9b,archive/legacy/interp_v1_2/runtime.py,P7,frozen evaluation input
9fb4688636cea7c338fbc0da1292477915dd7fd9c1d45a76d981a6d85c0ca2b0,78093f4a019ee499b62392f998d7fd594712cefaa5f8cd158e3bead20ca1e34a,archive/legacy/interp_v1_2/smoke.py,P7,frozen evaluation input
9fb4688636cea7c338fbc0da1292477915dd7fd9c1d45a76d981a6d85c0ca2b0,75f5d340dd0ddb0e268e26a62fbe0c32387a8e872a2f6abbe531abcc2c1abed8,archive/legacy/interp_v1_2/training.py,P7,frozen evaluation input
9fb4688636cea7c338fbc0da1292477915dd7fd9c1d45a76d981a6d85c0ca2b0,8c5214860062d4fa21cfdbd9cb19f5701037b4f4537b057611b7f5076710c9e6,corpus/__init__.py,P7,frozen evaluation input
9fb4688636cea7c338fbc0da1292477915dd7fd9c1d45a76d981a6d85c0ca2b0,7b1fca975636ff107f62739c98d869f5b9461a98be781b2b9648bc8d130eb3e7,corpus/audit.py,P7,frozen evaluation input
9fb4688636cea7c338fbc0da1292477915dd7fd9c1d45a76d981a6d85c0ca2b0,bc5bcfd8938edb5197f54e1328c55c39ef4d2d7056db77d7d571567779651c00,corpus/generate.py,P7,frozen evaluation input
9fb4688636cea7c338fbc0da1292477915dd7fd9c1d45a76d981a6d85c0ca2b0,3f1762ab88a23fd58895371b9862edc7e11ecfbcbbe7acd00a29369a3f130c50,corpus/generate_v1_4_base.py,P7,frozen evaluation input
9fb4688636cea7c338fbc0da1292477915dd7fd9c1d45a76d981a6d85c0ca2b0,4c90c9d1a66f15d6062ac292a24c5c6f47ec65e4a6c1423713e4332ca942312c,corpus/language.py,P7,frozen evaluation input
9fb4688636cea7c338fbc0da1292477915dd7fd9c1d45a76d981a6d85c0ca2b0,4d4861be3ca04b1a0a7212ed3f39aa16d939b4cb31ae40ccf423d07d48f73a01,corpus/replay.py,P7,frozen evaluation input
9fb4688636cea7c338fbc0da1292477915dd7fd9c1d45a76d981a6d85c0ca2b0,75640df81a754a0e0dd7f42768693e2484d724a470493dd96d9e4aba3f49871c,corpus/v1_3.py,P7,frozen evaluation input
9fb4688636cea7c338fbc0da1292477915dd7fd9c1d45a76d981a6d85c0ca2b0,0350dd89d14a18d30af02d880bc839ad379c13e12ca9a5986abbb3bae2e7f01b,corpus/v1_4.py,P7,frozen evaluation input
9fb4688636cea7c338fbc0da1292477915dd7fd9c1d45a76d981a6d85c0ca2b0,2e53a465b409abaae43bff4b4980cb28c12e4f076452a9088b13d29e2839d9be,data/language_v1_4/rebuild_01/causal_pairs/test_changed_composition.jsonl.gz,P7,frozen evaluation input
9fb4688636cea7c338fbc0da1292477915dd7fd9c1d45a76d981a6d85c0ca2b0,59f2d2197d59d5cd3b6b47d359fef372a90e66d5a803f95cfb028c7fcc20725b,data/language_v1_4/rebuild_01/causal_pairs/test_changed_memory.jsonl.gz,P7,frozen evaluation input
9fb4688636cea7c338fbc0da1292477915dd7fd9c1d45a76d981a6d85c0ca2b0,3e9b0c50f806e06373d3f77784ca78cd1268d3994c05c8053009398a365f094b,data/language_v1_4/rebuild_01/causal_pairs/test_unchanged_composition.jsonl.gz,P7,frozen evaluation input
9fb4688636cea7c338fbc0da1292477915dd7fd9c1d45a76d981a6d85c0ca2b0,1ecf51d8b152e4beba58217d701bc4a63ec738c41860746078f1d8628047ad5a,data/language_v1_4/rebuild_01/causal_pairs/test_unchanged_memory.jsonl.gz,P7,frozen evaluation input
9fb4688636cea7c338fbc0da1292477915dd7fd9c1d45a76d981a6d85c0ca2b0,765bebfccb9070fb1d9a2cf2f9c7315c36fc60e69499bc6ea4773736a4e8e4a1,data/language_v1_4/rebuild_01/causal_pairs/val_changed_composition.jsonl.gz,P7,frozen evaluation input
9fb4688636cea7c338fbc0da1292477915dd7fd9c1d45a76d981a6d85c0ca2b0,c6b32e1be4c74f1c030e71f1e4e79f860e9e10bb6b5aa65a434c35f0d0613e56,data/language_v1_4/rebuild_01/causal_pairs/val_changed_memory.jsonl.gz,P7,frozen evaluation input
9fb4688636cea7c338fbc0da1292477915dd7fd9c1d45a76d981a6d85c0ca2b0,8759a3723f476e1f657dc3c52559935fe7b65e21b2ea02758a6620b95264587b,data/language_v1_4/rebuild_01/causal_pairs/val_unchanged_composition.jsonl.gz,P7,frozen evaluation input
9fb4688636cea7c338fbc0da1292477915dd7fd9c1d45a76d981a6d85c0ca2b0,f62b33a7ca8279ad58bb7987c2207cd135d8c8d45a2f5a836df3d76f8dddd769,data/language_v1_4/rebuild_01/causal_pairs/val_unchanged_memory.jsonl.gz,P7,frozen evaluation input
9fb4688636cea7c338fbc0da1292477915dd7fd9c1d45a76d981a6d85c0ca2b0,5f8ba14160717e0eb5d14387ea5f1115114dea9199ade90cd8f5c4d7239dd311,data/language_v1_4/rebuild_01/interpretation/test.jsonl.gz,P7,frozen evaluation input
9fb4688636cea7c338fbc0da1292477915dd7fd9c1d45a76d981a6d85c0ca2b0,70fceef3424bdb972e1294b0c529f222e221bd16e72b6acbbb465888e80d2e46,data/language_v1_4/rebuild_01/interpretation/test.read_positions.json,P7,frozen evaluation input
9fb4688636cea7c338fbc0da1292477915dd7fd9c1d45a76d981a6d85c0ca2b0,8554ec3de0c8f42e7f1d589c99aa94042393712b8266b567c7ff01c6756b598a,data/language_v1_4/rebuild_01/interpretation/train.jsonl.gz,P7,frozen evaluation input
9fb4688636cea7c338fbc0da1292477915dd7fd9c1d45a76d981a6d85c0ca2b0,65db44a5423421683f195cfe0c240d31e767540d82dc98a5c28b8e57d8ff7b30,data/language_v1_4/rebuild_01/interpretation/train.read_positions.json,P7,frozen evaluation input
9fb4688636cea7c338fbc0da1292477915dd7fd9c1d45a76d981a6d85c0ca2b0,ac8bb4b56fecc77fb303e560a7ebe3f00c8cac08e599ce9c17935d059fbfbaf2,data/language_v1_4/rebuild_01/interpretation/val.jsonl.gz,P7,frozen evaluation input
9fb4688636cea7c338fbc0da1292477915dd7fd9c1d45a76d981a6d85c0ca2b0,25199e66e6d08a73d14c3f32af7e413e84278298deff2929df05887f58ba04ea,data/language_v1_4/rebuild_01/interpretation/val.read_positions.json,P7,frozen evaluation input
9fb4688636cea7c338fbc0da1292477915dd7fd9c1d45a76d981a6d85c0ca2b0,ea47cfa7d74782256c6ff66a706bb2bfe01a810c7c5e6074e7a174c7856fbad2,data/language_v1_4/rebuild_01/test/general.jsonl.gz,P7,frozen evaluation input
9fb4688636cea7c338fbc0da1292477915dd7fd9c1d45a76d981a6d85c0ca2b0,7d443d0378b603073842a5c1e5b0d8efcac9d6c04aacdde8aea095094e04c170,experiment_v1_4/analysis_plan.json,P7,frozen evaluation input
9fb4688636cea7c338fbc0da1292477915dd7fd9c1d45a76d981a6d85c0ca2b0,76d86f1a83bde7f8f6389684cd2a3913c923e21ccfbe42e40d3255385a9982b1,experiment_v1_4/frozen_test_r1/checkpoints/seed0.pt,P7,frozen evaluation input
9fb4688636cea7c338fbc0da1292477915dd7fd9c1d45a76d981a6d85c0ca2b0,bb505254dfde1587e2497238448fd2117f7b1a2292a84497db8fdfb81127e555,experiment_v1_4/frozen_test_r1/checkpoints/seed1.pt,P7,frozen evaluation input
9fb4688636cea7c338fbc0da1292477915dd7fd9c1d45a76d981a6d85c0ca2b0,f9f496b5b5d55bed9f0efc1f3694f91486a1cae97c14af6091f8fe91ec235ec4,experiment_v1_4/frozen_test_r1/checkpoints/seed2.pt,P7,frozen evaluation input
9fb4688636cea7c338fbc0da1292477915dd7fd9c1d45a76d981a6d85c0ca2b0,8490365f3dc46ef1d10a899cfac3cd844c18616c6f20bb8a3b0b93e78563fd83,experiment_v1_4/p5_r2/contract.json,P7,frozen evaluation input
9fb4688636cea7c338fbc0da1292477915dd7fd9c1d45a76d981a6d85c0ca2b0,8bebc83263c39d31c1aae9f168ee9f91b31c640aac807926f3d49d889dd3090a,experiment_v1_4/p6_selected/seed0_l0_sae_k16_s0/update_05000.pt,P7,frozen evaluation input
9fb4688636cea7c338fbc0da1292477915dd7fd9c1d45a76d981a6d85c0ca2b0,2090d61ddb07bb27574f52ba183d4d84b8c64ecc49c322c6f2786db4f58f6236,experiment_v1_4/p6_selected/seed0_l0_sae_k4_s0/update_05000.pt,P7,frozen evaluation input
9fb4688636cea7c338fbc0da1292477915dd7fd9c1d45a76d981a6d85c0ca2b0,1d5db2058776996204a9f9983c5af3ec504a15d5be924e1a8b9e732985380fed,experiment_v1_4/p6_selected/seed0_l11_sae_k16_s0/update_05000.pt,P7,frozen evaluation input
9fb4688636cea7c338fbc0da1292477915dd7fd9c1d45a76d981a6d85c0ca2b0,7c0f7178463cc59950e13b4f361ff6e8957b888eddd01c52b6a03fcc22bc01f8,experiment_v1_4/p6_selected/seed0_l11_sae_k4_s0/update_05000.pt,P7,frozen evaluation input
9fb4688636cea7c338fbc0da1292477915dd7fd9c1d45a76d981a6d85c0ca2b0,3afee2c304314fba3b59999c48a172be55f2a495d475348fed618629f88d6d2a,experiment_v1_4/p6_selected/seed0_l3_sae_k16_s0/update_05000.pt,P7,frozen evaluation input
9fb4688636cea7c338fbc0da1292477915dd7fd9c1d45a76d981a6d85c0ca2b0,17712803b9c6924255d2aa1999b8aa67099a4ec08ac79602174f413c4417dd68,experiment_v1_4/p6_selected/seed0_l3_sae_k4_s0/update_05000.pt,P7,frozen evaluation input
9fb4688636cea7c338fbc0da1292477915dd7fd9c1d45a76d981a6d85c0ca2b0,48e2d7a69b82a222e0a175f53bd2a683c9fc6c2b1c59b644f467ae5d670b220d,experiment_v1_4/p6_selected/seed0_l7_sae_k16_s0/update_05000.pt,P7,frozen evaluation input
9fb4688636cea7c338fbc0da1292477915dd7fd9c1d45a76d981a6d85c0ca2b0,f8cbb5795341736725f1f24b031d775bb2b259502be57b8097219cbbc2845924,experiment_v1_4/p6_selected/seed0_l7_sae_k4_s0/update_05000.pt,P7,frozen evaluation input
9fb4688636cea7c338fbc0da1292477915dd7fd9c1d45a76d981a6d85c0ca2b0,841d63f9dc9a033e11f04f27e1460c02b1ce436d40f1655ac69954f3ee504b42,experiment_v1_4/p6_selected/seed1_l0_sae_k16_s0/update_04750.pt,P7,frozen evaluation input
9fb4688636cea7c338fbc0da1292477915dd7fd9c1d45a76d981a6d85c0ca2b0,de32ba03c9d43c4c7029c695b0ffd33b9fe7d2326d18e4290b1c952490b19e29,experiment_v1_4/p6_selected/seed1_l0_sae_k4_s0/update_05000.pt,P7,frozen evaluation input
9fb4688636cea7c338fbc0da1292477915dd7fd9c1d45a76d981a6d85c0ca2b0,d3964b228fb00f846b595e9e9874004e3844f2b42b422de33d7ecfc435819b7d,experiment_v1_4/p6_selected/seed1_l11_sae_k16_s0/update_05000.pt,P7,frozen evaluation input
9fb4688636cea7c338fbc0da1292477915dd7fd9c1d45a76d981a6d85c0ca2b0,8d7ef5aa78e4f4f24d216110f49ad4db861ba00833b01be0aef6ed7976af99ac,experiment_v1_4/p6_selected/seed1_l11_sae_k4_s0/update_05000.pt,P7,frozen evaluation input
9fb4688636cea7c338fbc0da1292477915dd7fd9c1d45a76d981a6d85c0ca2b0,399c14ce74d230487acb95203f1ac6c35a02583d57a488032898d38d80f553e3,experiment_v1_4/p6_selected/seed1_l3_sae_k16_s0/update_05000.pt,P7,frozen evaluation input
9fb4688636cea7c338fbc0da1292477915dd7fd9c1d45a76d981a6d85c0ca2b0,0283ea5fd3760e74e98ae9cc9e2f00258b47aae898df26793574dfce1b3dbc42,experiment_v1_4/p6_selected/seed1_l3_sae_k4_s0/update_05000.pt,P7,frozen evaluation input
9fb4688636cea7c338fbc0da1292477915dd7fd9c1d45a76d981a6d85c0ca2b0,7d068714831b8835019df1ab827cf73b8ce148d2c20df0ad85a6716e5b1af71d,experiment_v1_4/p6_selected/seed1_l7_sae_k16_s0/update_05000.pt,P7,frozen evaluation input
9fb4688636cea7c338fbc0da1292477915dd7fd9c1d45a76d981a6d85c0ca2b0,e9bab1cb52ea6af63ee33542c94f854da04c48e14387a6f73c8b48da87199bf0,experiment_v1_4/p6_selected/seed1_l7_sae_k4_s0/update_05000.pt,P7,frozen evaluation input
9fb4688636cea7c338fbc0da1292477915dd7fd9c1d45a76d981a6d85c0ca2b0,5a95f7b60d41cf9345905f8b868761c657576d2ac7f0c5580c8e6338da2d9aff,experiment_v1_4/p6_selected/seed2_l0_sae_k16_s0/update_05000.pt,P7,frozen evaluation input
9fb4688636cea7c338fbc0da1292477915dd7fd9c1d45a76d981a6d85c0ca2b0,fb938ad20db3c1abd6525be6dfc0f82faf1c9d76b00ffebf25000bf08637e760,experiment_v1_4/p6_selected/seed2_l0_sae_k4_s0/update_05000.pt,P7,frozen evaluation input
9fb4688636cea7c338fbc0da1292477915dd7fd9c1d45a76d981a6d85c0ca2b0,772439a7f6c9648e4d5d790c5e19bd303588deb6d7dde98bc599b91f278e4666,experiment_v1_4/p6_selected/seed2_l11_sae_k16_s0/update_04750.pt,P7,frozen evaluation input
9fb4688636cea7c338fbc0da1292477915dd7fd9c1d45a76d981a6d85c0ca2b0,24b96b85f46b3e932db79398306180bbc8d11c23ae6d665b3127d9eb3f6b1475,experiment_v1_4/p6_selected/seed2_l11_sae_k4_s0/update_05000.pt,P7,frozen evaluation input
9fb4688636cea7c338fbc0da1292477915dd7fd9c1d45a76d981a6d85c0ca2b0,0a5d7980b18ef110a87b7ce0ada9422cc3818746c4aa61ad6390704569c2e724,experiment_v1_4/p6_selected/seed2_l3_sae_k16_s0/update_05000.pt,P7,frozen evaluation input
9fb4688636cea7c338fbc0da1292477915dd7fd9c1d45a76d981a6d85c0ca2b0,e7b431c651ccd2c1fb42c19b3782ac349cfb889331731e03232ec1a5b8c255d4,experiment_v1_4/p6_selected/seed2_l3_sae_k4_s0/update_05000.pt,P7,frozen evaluation input
9fb4688636cea7c338fbc0da1292477915dd7fd9c1d45a76d981a6d85c0ca2b0,657c1deac5a65b08b540f786c3aa212bb51ebc07c61b5a014995aca3304a472b,experiment_v1_4/p6_selected/seed2_l7_sae_k16_s0/update_05000.pt,P7,frozen evaluation input
9fb4688636cea7c338fbc0da1292477915dd7fd9c1d45a76d981a6d85c0ca2b0,3dd4b293ed156855698fe478d7c5d7c81ae2cd8fa42a359247151b233b3861de,experiment_v1_4/p6_selected/seed2_l7_sae_k4_s0/update_05000.pt,P7,frozen evaluation input
9fb4688636cea7c338fbc0da1292477915dd7fd9c1d45a76d981a6d85c0ca2b0,6affa778bc3edd1fd77fbebb6b0beb1d83cd27a0be587a62427a67c7d7d9e2c0,experiment_v1_4/p7_r1/patch_rng.json,P7,frozen evaluation input
9fb4688636cea7c338fbc0da1292477915dd7fd9c1d45a76d981a6d85c0ca2b0,15076f7db632f5c4ddeb9ed210468c78dd6a778cef637214577d1a326f61140e,experiment_v1_4/p7_r1/reconstruction_targets.json,P7,frozen evaluation input
9fb4688636cea7c338fbc0da1292477915dd7fd9c1d45a76d981a6d85c0ca2b0,d7cbaf5af774b2a8b10b3dd8db3ea580a7ca3e1565f0a1698a595f83f9048098,experiment_v1_4/results/p5_final_audit_20260925_01/completion.json,P7,frozen evaluation input
9fb4688636cea7c338fbc0da1292477915dd7fd9c1d45a76d981a6d85c0ca2b0,7afcd821522c77a20225b205e764788e67531aee8cff08263feffae6cd981d44,experiment_v1_4/results/p5_final_audit_20260925_01/p6_cache_manifest.json,P7,frozen evaluation input
9fb4688636cea7c338fbc0da1292477915dd7fd9c1d45a76d981a6d85c0ca2b0,b93e3779ff0fae597664d6c4da157c1852351912f2bcccdcb3e771c23153b8e2,experiment_v1_4/results/p5_final_audit_20260925_01/returned/tasks/seed0_trained_l0_h_coordinate_128_A_iid.json,P7,frozen evaluation input
9fb4688636cea7c338fbc0da1292477915dd7fd9c1d45a76d981a6d85c0ca2b0,e41a04461b1d925e6acfe51bee385e588d126a1e3789b1b8df7333073bf0c5a4,experiment_v1_4/results/p5_final_audit_20260925_01/returned/tasks/seed0_trained_l0_h_coordinate_128_B_iid.json,P7,frozen evaluation input
9fb4688636cea7c338fbc0da1292477915dd7fd9c1d45a76d981a6d85c0ca2b0,31426caf9d0585fca818be7db2a63a3e50b952ecc0dff29689f0f6330d27f5ab,experiment_v1_4/results/p5_final_audit_20260925_01/returned/tasks/seed0_trained_l0_h_coordinate_128_C_iid.json,P7,frozen evaluation input
9fb4688636cea7c338fbc0da1292477915dd7fd9c1d45a76d981a6d85c0ca2b0,9c572a63e2aa57b4ace9d9fb76327aaeca9d47340b04bb74c0f07eb02eb36c83,experiment_v1_4/results/p5_final_audit_20260925_01/returned/tasks/seed0_trained_l0_h_coordinate_128_D_iid.json,P7,frozen evaluation input
9fb4688636cea7c338fbc0da1292477915dd7fd9c1d45a76d981a6d85c0ca2b0,9f22f3895efd2003fe9d648bda5dfb77437181a5297801196ad92e2371e15be3,experiment_v1_4/results/p5_final_audit_20260925_01/returned/tasks/seed0_trained_l0_h_coordinate_128_current_iid.json,P7,frozen evaluation input
9fb4688636cea7c338fbc0da1292477915dd7fd9c1d45a76d981a6d85c0ca2b0,555a370752c767f94d83b3220e22dd7be5a3c65e1382380cc5cd911ed3380674,experiment_v1_4/results/p5_final_audit_20260925_01/returned/tasks/seed0_trained_l0_h_coordinate_128_current_transfer.json,P7,frozen evaluation input
9fb4688636cea7c338fbc0da1292477915dd7fd9c1d45a76d981a6d85c0ca2b0,18aa7ab16cb5974907d4d20e9e2e054194ac17e7f81494715148209c47b0e836,experiment_v1_4/results/p5_final_audit_20260925_01/returned/tasks/seed0_trained_l0_h_coordinate_128_previous_iid.json,P7,frozen evaluation input
9fb4688636cea7c338fbc0da1292477915dd7fd9c1d45a76d981a6d85c0ca2b0,a7678d427f6a325126a0203dfac4a04013ffc2a82f3f78ef8026493bcd14b7df,experiment_v1_4/results/p5_final_audit_20260925_01/returned/tasks/seed0_trained_l0_h_coordinate_128_previous_transfer.json,P7,frozen evaluation input
9fb4688636cea7c338fbc0da1292477915dd7fd9c1d45a76d981a6d85c0ca2b0,04fa2dc54f91a340fda81157066b46bad0bc14a7197ad2c7d241a184858f83cb,experiment_v1_4/results/p5_final_audit_20260925_01/returned/tasks/seed0_trained_l0_h_coordinate_128_query_iid.json,P7,frozen evaluation input
9fb4688636cea7c338fbc0da1292477915dd7fd9c1d45a76d981a6d85c0ca2b0,c68a7517160247274699f12a6f579dde37fa3ab14018a3f2a9dad2982bf457d4,experiment_v1_4/results/p5_final_audit_20260925_01/returned/tasks/seed0_trained_l0_h_coordinate_128_state_iid.json,P7,frozen evaluation input
9fb4688636cea7c338fbc0da1292477915dd7fd9c1d45a76d981a6d85c0ca2b0,c3f9926861212a93e37a70b42af27f245b37600de2b7b737b7e92af315488045,experiment_v1_4/results/p5_final_audit_20260925_01/returned/tasks/seed0_trained_l0_h_coordinate_A_iid.json,P7,frozen evaluation input
9fb4688636cea7c338fbc0da1292477915dd7fd9c1d45a76d981a6d85c0ca2b0,3d70d8aed80b72158b41a30140c50d3bddd67286441403fb71db12157a2a288a,experiment_v1_4/results/p5_final_audit_20260925_01/returned/tasks/seed0_trained_l0_h_coordinate_B_iid.json,P7,frozen evaluation input
9fb4688636cea7c338fbc0da1292477915dd7fd9c1d45a76d981a6d85c0ca2b0,1d982dff341d2eb6f9c1ba0d12b0dcc970cf264cf59646a61faaf7620645e974,experiment_v1_4/results/p5_final_audit_20260925_01/returned/tasks/seed0_trained_l0_h_coordinate_C_iid.json,P7,frozen evaluation input
9fb4688636cea7c338fbc0da1292477915dd7fd9c1d45a76d981a6d85c0ca2b0,9a046577c37bb1aa02a2ceaf78d5bd5956d12c48c39e8eaa160d3e5a47e95a38,experiment_v1_4/results/p5_final_audit_20260925_01/returned/tasks/seed0_trained_l0_h_coordinate_D_iid.json,P7,frozen evaluation input
9fb4688636cea7c338fbc0da1292477915dd7fd9c1d45a76d981a6d85c0ca2b0,8408707c2f0c84ce81a6858ce525aed7591b65d049b25529b86886785b72ef56,experiment_v1_4/results/p5_final_audit_20260925_01/returned/tasks/seed0_trained_l0_h_coordinate_current_iid.json,P7,frozen evaluation input
9fb4688636cea7c338fbc0da1292477915dd7fd9c1d45a76d981a6d85c0ca2b0,79652d59be4aed406614de2b448bc4ab7169c4c6b2ae4a92893115718461abea,experiment_v1_4/results/p5_final_audit_20260925_01/returned/tasks/seed0_trained_l0_h_coordinate_current_transfer.json,P7,frozen evaluation input
9fb4688636cea7c338fbc0da1292477915dd7fd9c1d45a76d981a6d85c0ca2b0,6942690e1f66d85410c517ba808969ed74734a1f339fc130f30e8982fbcabc55,experiment_v1_4/results/p5_final_audit_20260925_01/returned/tasks/seed0_trained_l0_h_coordinate_previous_iid.json,P7,frozen evaluation input
9fb4688636cea7c338fbc0da1292477915dd7fd9c1d45a76d981a6d85c0ca2b0,d219707bd125625d53ed4717f226c654b47b650b0bd0fa7e9105416c8e0aa853,experiment_v1_4/results/p5_final_audit_20260925_01/returned/tasks/seed0_trained_l0_h_coordinate_previous_transfer.json,P7,frozen evaluation input
9fb4688636cea7c338fbc0da1292477915dd7fd9c1d45a76d981a6d85c0ca2b0,5b63d384b7bc42b4225573344ec0162a9c4d0f0ef53cd8cbb7020acd3c23cb0b,experiment_v1_4/results/p5_final_audit_20260925_01/returned/tasks/seed0_trained_l0_h_coordinate_query_iid.json,P7,frozen evaluation input
9fb4688636cea7c338fbc0da1292477915dd7fd9c1d45a76d981a6d85c0ca2b0,fac298864da9a97c4b630b18d6859e4341ddf61253084179b4200a17edef6ba1,experiment_v1_4/results/p5_final_audit_20260925_01/returned/tasks/seed0_trained_l0_h_coordinate_state_iid.json,P7,frozen evaluation input
9fb4688636cea7c338fbc0da1292477915dd7fd9c1d45a76d981a6d85c0ca2b0,31d1d6873295b4adff4f44f98db685a2f5bb6393b3cb6acc3031bf299dff542b,experiment_v1_4/results/p5_final_audit_20260925_01/returned/tasks/seed0_trained_l0_h_full_A_iid.json,P7,frozen evaluation input
9fb4688636cea7c338fbc0da1292477915dd7fd9c1d45a76d981a6d85c0ca2b0,62bf833cfff00684a9484b8bbb6fccc09f2e06c5f71a44c70dbdaf38327a9857,experiment_v1_4/results/p5_final_audit_20260925_01/returned/tasks/seed0_trained_l0_h_full_B_iid.json,P7,frozen evaluation input
9fb4688636cea7c338fbc0da1292477915dd7fd9c1d45a76d981a6d85c0ca2b0,2e4032e8849d62d5264791209fdd772f4205bd3cae16476c3972495be8a4621e,experiment_v1_4/results/p5_final_audit_20260925_01/returned/tasks/seed0_trained_l0_h_full_C_iid.json,P7,frozen evaluation input
9fb4688636cea7c338fbc0da1292477915dd7fd9c1d45a76d981a6d85c0ca2b0,1abb8e7adfb92c8a39f401d853fb94092c4fd48ab78e64264f779edd200dbcd0,experiment_v1_4/results/p5_final_audit_20260925_01/returned/tasks/seed0_trained_l0_h_full_D_iid.json,P7,frozen evaluation input
9fb4688636cea7c338fbc0da1292477915dd7fd9c1d45a76d981a6d85c0ca2b0,35e89ea511cbc236925e263fb7710ee55b738efe030f32c77285fc1b3a370783,experiment_v1_4/results/p5_final_audit_20260925_01/returned/tasks/seed0_trained_l0_h_full_current_iid.json,P7,frozen evaluation input
9fb4688636cea7c338fbc0da1292477915dd7fd9c1d45a76d981a6d85c0ca2b0,e6419de45fb3c979c3b7d0073395777612e1ff45cb0f10079c0f730a87a2e04c,experiment_v1_4/results/p5_final_audit_20260925_01/returned/tasks/seed0_trained_l0_h_full_current_transfer.json,P7,frozen evaluation input
9fb4688636cea7c338fbc0da1292477915dd7fd9c1d45a76d981a6d85c0ca2b0,2b7eff3d739b98657b33f678eb258e59b3276f0ab11cd9e06add0166322d86b6,experiment_v1_4/results/p5_final_audit_20260925_01/returned/tasks/seed0_trained_l0_h_full_previous_iid.json,P7,frozen evaluation input
9fb4688636cea7c338fbc0da1292477915dd7fd9c1d45a76d981a6d85c0ca2b0,01a6993036a10a1dc36f38a44c50797ef32ad73e0e5ef094368e615e38560eee,experiment_v1_4/results/p5_final_audit_20260925_01/returned/tasks/seed0_trained_l0_h_full_previous_transfer.json,P7,frozen evaluation input
9fb4688636cea7c338fbc0da1292477915dd7fd9c1d45a76d981a6d85c0ca2b0,c2413e8b87d750d004f53c197b270db465110124b08d0b4bfe4caed8626318e3,experiment_v1_4/results/p5_final_audit_20260925_01/returned/tasks/seed0_trained_l0_h_full_query_iid.json,P7,frozen evaluation input
9fb4688636cea7c338fbc0da1292477915dd7fd9c1d45a76d981a6d85c0ca2b0,fd9bc5cf8c76481c124f289cda97e9e5a724c9cf24adadf324a2f901def68b40,experiment_v1_4/results/p5_final_audit_20260925_01/returned/tasks/seed0_trained_l0_h_full_state_iid.json,P7,frozen evaluation input
9fb4688636cea7c338fbc0da1292477915dd7fd9c1d45a76d981a6d85c0ca2b0,2eddb4615167a55212b984389dba48387683c7fa3506c11d24a5dcbb8f0c30f8,experiment_v1_4/results/p5_final_audit_20260925_01/returned/tasks/seed0_trained_l0_h_random_128_A_iid.json,P7,frozen evaluation input
9fb4688636cea7c338fbc0da1292477915dd7fd9c1d45a76d981a6d85c0ca2b0,7a5f3e349b7511691db07dbd8044cf283b6cdbba7f8f8b15b44db096cc9d6367,experiment_v1_4/results/p5_final_audit_20260925_01/returned/tasks/seed0_trained_l0_h_random_128_B_iid.json,P7,frozen evaluation input
9fb4688636cea7c338fbc0da1292477915dd7fd9c1d45a76d981a6d85c0ca2b0,f830115f41183fd384df10af2e6cd24d625ec7c8e9fdf7736ca94184fbc90d6e,experiment_v1_4/results/p5_final_audit_20260925_01/returned/tasks/seed0_trained_l0_h_random_128_C_iid.json,P7,frozen evaluation input
9fb4688636cea7c338fbc0da1292477915dd7fd9c1d45a76d981a6d85c0ca2b0,66db9bada5a4b1431de254df440cad36fe2ea613c3c268b1bed2d56c913429df,experiment_v1_4/results/p5_final_audit_20260925_01/returned/tasks/seed0_trained_l0_h_random_128_D_iid.json,P7,frozen evaluation input
9fb4688636cea7c338fbc0da1292477915dd7fd9c1d45a76d981a6d85c0ca2b0,9823e3283f617b02f223cf9f64e50a161e46e11655d7160b9768c82cc892872f,experiment_v1_4/results/p5_final_audit_20260925_01/returned/tasks/seed0_trained_l0_h_random_128_current_iid.json,P7,frozen evaluation input
9fb4688636cea7c338fbc0da1292477915dd7fd9c1d45a76d981a6d85c0ca2b0,3efc6962574a9f1121aff8d37be3fb396bae2938841ca544dcf1e0bc71aed5ab,experiment_v1_4/results/p5_final_audit_20260925_01/returned/tasks/seed0_trained_l0_h_random_128_current_transfer.json,P7,frozen evaluation input
9fb4688636cea7c338fbc0da1292477915dd7fd9c1d45a76d981a6d85c0ca2b0,2a86a9c71bcaf14f243de51cec3e53bf0dde5bbe8d6514ec40ffae1c677800c5,experiment_v1_4/results/p5_final_audit_20260925_01/returned/tasks/seed0_trained_l0_h_random_128_previous_iid.json,P7,frozen evaluation input
9fb4688636cea7c338fbc0da1292477915dd7fd9c1d45a76d981a6d85c0ca2b0,8a04aa1ad096b453326105db9edc9b54f7a31dc692e282b9fd8b47ae730c9181,experiment_v1_4/results/p5_final_audit_20260925_01/returned/tasks/seed0_trained_l0_h_random_128_previous_transfer.json,P7,frozen evaluation input
9fb4688636cea7c338fbc0da1292477915dd7fd9c1d45a76d981a6d85c0ca2b0,c1fe14867a74fb7e74a3984bb9c8fe0956d3ea2b4c6a128cdee0b1582bf683de,experiment_v1_4/results/p5_final_audit_20260925_01/returned/tasks/seed0_trained_l0_h_random_128_query_iid.json,P7,frozen evaluation input
9fb4688636cea7c338fbc0da1292477915dd7fd9c1d45a76d981a6d85c0ca2b0,b7f96016ab4935fa6d9ac0890bcd87c1c362b2383fb005ba15c3d2ac6ebf4c79,experiment_v1_4/results/p5_final_audit_20260925_01/returned/tasks/seed0_trained_l0_h_random_128_state_iid.json,P7,frozen evaluation input
9fb4688636cea7c338fbc0da1292477915dd7fd9c1d45a76d981a6d85c0ca2b0,ae92a5bf262d6b2a82719100e469967ca0ac591dc8bffd3db129161b1d37b533,experiment_v1_4/results/p5_final_audit_20260925_01/returned/tasks/seed0_trained_l0_h_random_A_iid.json,P7,frozen evaluation input
9fb4688636cea7c338fbc0da1292477915dd7fd9c1d45a76d981a6d85c0ca2b0,4e9393b72244cd5860a70e7a47feaee6c7b468d85267cd5fdeb21b74c2063b4d,experiment_v1_4/results/p5_final_audit_20260925_01/returned/tasks/seed0_trained_l0_h_random_B_iid.json,P7,frozen evaluation input
9fb4688636cea7c338fbc0da1292477915dd7fd9c1d45a76d981a6d85c0ca2b0,5c3461d1a82de34ca8c8864b6cc61b3e73df177cd2a75b2951c2e5303a43ef94,experiment_v1_4/results/p5_final_audit_20260925_01/returned/tasks/seed0_trained_l0_h_random_C_iid.json,P7,frozen evaluation input
9fb4688636cea7c338fbc0da1292477915dd7fd9c1d45a76d981a6d85c0ca2b0,d0c43893c0834ad2f9b37a6f9717bf9b41a37b06568917180a102e8f17727dd3,experiment_v1_4/results/p5_final_audit_20260925_01/returned/tasks/seed0_trained_l0_h_random_D_iid.json,P7,frozen evaluation input
9fb4688636cea7c338fbc0da1292477915dd7fd9c1d45a76d981a6d85c0ca2b0,c6e355e4045159ed568ec5d2ec08b504e4d8adb8b2ec673bb295cc9658397900,experiment_v1_4/results/p5_final_audit_20260925_01/returned/tasks/seed0_trained_l0_h_random_current_iid.json,P7,frozen evaluation input
9fb4688636cea7c338fbc0da1292477915dd7fd9c1d45a76d981a6d85c0ca2b0,d21a131c5de151e78ae852be5a2c22ebfdcf230afb78abb33ec52945557ccc99,experiment_v1_4/results/p5_final_audit_20260925_01/returned/tasks/seed0_trained_l0_h_random_current_transfer.json,P7,frozen evaluation input
9fb4688636cea7c338fbc0da1292477915dd7fd9c1d45a76d981a6d85c0ca2b0,496fdafc2beb8cb231c8b5a4b98b0cefa38271f9025995b1d442cbe8500645f2,experiment_v1_4/results/p5_final_audit_20260925_01/returned/tasks/seed0_trained_l0_h_random_previous_iid.json,P7,frozen evaluation input
9fb4688636cea7c338fbc0da1292477915dd7fd9c1d45a76d981a6d85c0ca2b0,ee81499fd297f73e0ae49e5e9faece258ae01b03193f2a0de1d768732b039f45,experiment_v1_4/results/p5_final_audit_20260925_01/returned/tasks/seed0_trained_l0_h_random_previous_transfer.json,P7,frozen evaluation input
9fb4688636cea7c338fbc0da1292477915dd7fd9c1d45a76d981a6d85c0ca2b0,251b81ba10e161e636206ab170864d43d15bbb9b9213bf0723ca17fab040a6d8,experiment_v1_4/results/p5_final_audit_20260925_01/returned/tasks/seed0_trained_l0_h_random_query_iid.json,P7,frozen evaluation input
9fb4688636cea7c338fbc0da1292477915dd7fd9c1d45a76d981a6d85c0ca2b0,8438ed8fdb94e3e3ca98fd5ef3071981af72acd33c999d545860a7e59d2e9d59,experiment_v1_4/results/p5_final_audit_20260925_01/returned/tasks/seed0_trained_l0_h_random_state_iid.json,P7,frozen evaluation input
9fb4688636cea7c338fbc0da1292477915dd7fd9c1d45a76d981a6d85c0ca2b0,fc4ca9a202f6698269d7d98742e3fa45a01cc5152b87b0f873653574a21360ba,experiment_v1_4/results/p5_final_audit_20260925_01/returned/tasks/seed0_trained_l11_h_full_A_iid.json,P7,frozen evaluation input
9fb4688636cea7c338fbc0da1292477915dd7fd9c1d45a76d981a6d85c0ca2b0,602256832e771bd0285fc48d8ee9f440de70461ecf1c1f9bb2ac94af61075f25,experiment_v1_4/results/p5_final_audit_20260925_01/returned/tasks/seed0_trained_l11_h_full_B_iid.json,P7,frozen evaluation input
9fb4688636cea7c338fbc0da1292477915dd7fd9c1d45a76d981a6d85c0ca2b0,5d21ffef6374bc6d290ec4a099ac26512cd256489fd85aa8a925fb8921bc900a,experiment_v1_4/results/p5_final_audit_20260925_01/returned/tasks/seed0_trained_l11_h_full_C_iid.json,P7,frozen evaluation input
9fb4688636cea7c338fbc0da1292477915dd7fd9c1d45a76d981a6d85c0ca2b0,d720fd78e33f47cdb14322b88b55c9b06af9ea3da8dafeb3b6adb7e980da82d1,experiment_v1_4/results/p5_final_audit_20260925_01/returned/tasks/seed0_trained_l11_h_full_D_iid.json,P7,frozen evaluation input
9fb4688636cea7c338fbc0da1292477915dd7fd9c1d45a76d981a6d85c0ca2b0,91dda1d571b92d484bbe31d1908038e6cdece2a48000713d0fe7bf89dd9c7d07,experiment_v1_4/results/p5_final_audit_20260925_01/returned/tasks/seed0_trained_l11_h_full_current_iid.json,P7,frozen evaluation input
9fb4688636cea7c338fbc0da1292477915dd7fd9c1d45a76d981a6d85c0ca2b0,8d36a5e4db25d90e3cfa8975ab7ec4644b99a66cd40892dc8aeefcb2e41783c4,experiment_v1_4/results/p5_final_audit_20260925_01/returned/tasks/seed0_trained_l11_h_full_current_transfer.json,P7,frozen evaluation input
9fb4688636cea7c338fbc0da1292477915dd7fd9c1d45a76d981a6d85c0ca2b0,1a6c0a5d699432fc2fe6f3bc1a8497474b8c7f2818db786138f4d532e35dcdd2,experiment_v1_4/results/p5_final_audit_20260925_01/returned/tasks/seed0_trained_l11_h_full_previous_iid.json,P7,frozen evaluation input
9fb4688636cea7c338fbc0da1292477915dd7fd9c1d45a76d981a6d85c0ca2b0,9c4c091bd30db3ce792fbc17cefdde5557ce2931a5bde25bc28edd432148c883,experiment_v1_4/results/p5_final_audit_20260925_01/returned/tasks/seed0_trained_l11_h_full_previous_transfer.json,P7,frozen evaluation input
9fb4688636cea7c338fbc0da1292477915dd7fd9c1d45a76d981a6d85c0ca2b0,009762112f6e0a3c27f45baca4f73072988dbc37f539c8f02d765a9ce5fcd2cc,experiment_v1_4/results/p5_final_audit_20260925_01/returned/tasks/seed0_trained_l11_h_full_query_iid.json,P7,frozen evaluation input
9fb4688636cea7c338fbc0da1292477915dd7fd9c1d45a76d981a6d85c0ca2b0,66f9e29f629c815447b5727e6e786ae167c2d23e5eac303eae621be1a84cee75,experiment_v1_4/results/p5_final_audit_20260925_01/returned/tasks/seed0_trained_l11_h_full_state_iid.json,P7,frozen evaluation input
9fb4688636cea7c338fbc0da1292477915dd7fd9c1d45a76d981a6d85c0ca2b0,4947b9ceba97ed236a2d1686bf34253fc822fbff7555080de6fd7ac6c709d2ae,experiment_v1_4/results/p5_final_audit_20260925_01/returned/tasks/seed0_trained_l3_h_full_A_iid.json,P7,frozen evaluation input
9fb4688636cea7c338fbc0da1292477915dd7fd9c1d45a76d981a6d85c0ca2b0,9c3c7ceb6cbea2d0d27f6ab6b6d72da312769a68eab4abf14f72e96b4c377251,experiment_v1_4/results/p5_final_audit_20260925_01/returned/tasks/seed0_trained_l3_h_full_B_iid.json,P7,frozen evaluation input
9fb4688636cea7c338fbc0da1292477915dd7fd9c1d45a76d981a6d85c0ca2b0,ddd6e516529c6f76a8a7b1a893ac0998a37423ad7c99707ff4c02bd8435cb110,experiment_v1_4/results/p5_final_audit_20260925_01/returned/tasks/seed0_trained_l3_h_full_C_iid.json,P7,frozen evaluation input
9fb4688636cea7c338fbc0da1292477915dd7fd9c1d45a76d981a6d85c0ca2b0,e2e80bb36e60053087819db9e4c273c1f7cc394c677add94d3e06921d91d345d,experiment_v1_4/results/p5_final_audit_20260925_01/returned/tasks/seed0_trained_l3_h_full_D_iid.json,P7,frozen evaluation input
9fb4688636cea7c338fbc0da1292477915dd7fd9c1d45a76d981a6d85c0ca2b0,1bccdbb9f31fa897c141cf7d8baf3cbc5ac614fe6e2cde94d763407e7f442ca2,experiment_v1_4/results/p5_final_audit_20260925_01/returned/tasks/seed0_trained_l3_h_full_current_iid.json,P7,frozen evaluation input
9fb4688636cea7c338fbc0da1292477915dd7fd9c1d45a76d981a6d85c0ca2b0,d3f7a1d5fe9901dadc3e2490e0bea33b8905ba61cbf7d01ea10ddf58ca61e962,experiment_v1_4/results/p5_final_audit_20260925_01/returned/tasks/seed0_trained_l3_h_full_current_transfer.json,P7,frozen evaluation input
9fb4688636cea7c338fbc0da1292477915dd7fd9c1d45a76d981a6d85c0ca2b0,758104a5de1ff770aa9d0f3a4e59c9aa2c6150e25105f3928c92fbca77095167,experiment_v1_4/results/p5_final_audit_20260925_01/returned/tasks/seed0_trained_l3_h_full_previous_iid.json,P7,frozen evaluation input
9fb4688636cea7c338fbc0da1292477915dd7fd9c1d45a76d981a6d85c0ca2b0,6eb2c08026fc0ef787b6c384d199d940a7857aeccbcbe485a6352c44b1f91f8f,experiment_v1_4/results/p5_final_audit_20260925_01/returned/tasks/seed0_trained_l3_h_full_previous_transfer.json,P7,frozen evaluation input
9fb4688636cea7c338fbc0da1292477915dd7fd9c1d45a76d981a6d85c0ca2b0,0bcc4052f7051c1cd58333b85b3bf790ed02cb748fb5d17394df21d8bc84bc23,experiment_v1_4/results/p5_final_audit_20260925_01/returned/tasks/seed0_trained_l3_h_full_query_iid.json,P7,frozen evaluation input
9fb4688636cea7c338fbc0da1292477915dd7fd9c1d45a76d981a6d85c0ca2b0,efff566ade6e2fed4dc275d26682b7dbed4601a20425926993c57f2f0f41712f,experiment_v1_4/results/p5_final_audit_20260925_01/returned/tasks/seed0_trained_l3_h_full_state_iid.json,P7,frozen evaluation input
9fb4688636cea7c338fbc0da1292477915dd7fd9c1d45a76d981a6d85c0ca2b0,bfda3ebbc598648784d9bba0eb4a30d4ff0fd0061fc1b8d1bf272e30680c5cb5,experiment_v1_4/results/p5_final_audit_20260925_01/returned/tasks/seed0_trained_l7_h_full_A_iid.json,P7,frozen evaluation input
9fb4688636cea7c338fbc0da1292477915dd7fd9c1d45a76d981a6d85c0ca2b0,5e3d1ee6c1decfaba8ebef008e63b44edea30ae39c1b6cf85fdf0c640da0ec7a,experiment_v1_4/results/p5_final_audit_20260925_01/returned/tasks/seed0_trained_l7_h_full_B_iid.json,P7,frozen evaluation input
9fb4688636cea7c338fbc0da1292477915dd7fd9c1d45a76d981a6d85c0ca2b0,bbad0fac0a64011a150e12cc49676de37eee6ca1de80c2961df65c7d27a4e491,experiment_v1_4/results/p5_final_audit_20260925_01/returned/tasks/seed0_trained_l7_h_full_C_iid.json,P7,frozen evaluation input
9fb4688636cea7c338fbc0da1292477915dd7fd9c1d45a76d981a6d85c0ca2b0,230d0da1768197b76d430dd8121d3977f9d33b0ef23878966a6303fef3b11b32,experiment_v1_4/results/p5_final_audit_20260925_01/returned/tasks/seed0_trained_l7_h_full_D_iid.json,P7,frozen evaluation input
9fb4688636cea7c338fbc0da1292477915dd7fd9c1d45a76d981a6d85c0ca2b0,9297b47fe4bd99aa78d5b9b39cb8c03d0c0410764d523f7055ed382cd6ff8b93,experiment_v1_4/results/p5_final_audit_20260925_01/returned/tasks/seed0_trained_l7_h_full_current_iid.json,P7,frozen evaluation input
9fb4688636cea7c338fbc0da1292477915dd7fd9c1d45a76d981a6d85c0ca2b0,1e8e575fb58b1197e45a2f81f7eb07aa08a5dc1a2ecce890de3eb7480dfc6504,experiment_v1_4/results/p5_final_audit_20260925_01/returned/tasks/seed0_trained_l7_h_full_current_transfer.json,P7,frozen evaluation input
9fb4688636cea7c338fbc0da1292477915dd7fd9c1d45a76d981a6d85c0ca2b0,0198625af9909b19bf49b90cd4b3b555d4a5faa7dfa54475d40769959e32f17c,experiment_v1_4/results/p5_final_audit_20260925_01/returned/tasks/seed0_trained_l7_h_full_previous_iid.json,P7,frozen evaluation input
9fb4688636cea7c338fbc0da1292477915dd7fd9c1d45a76d981a6d85c0ca2b0,cf1799fca395da4057f1db10474e2a98d1729da0edb588cb500365526b9c7fd3,experiment_v1_4/results/p5_final_audit_20260925_01/returned/tasks/seed0_trained_l7_h_full_previous_transfer.json,P7,frozen evaluation input
9fb4688636cea7c338fbc0da1292477915dd7fd9c1d45a76d981a6d85c0ca2b0,bdbb8c25a65771b615d975422f872cbaa7b99f26e8764ba0efb49dfe76bc80e8,experiment_v1_4/results/p5_final_audit_20260925_01/returned/tasks/seed0_trained_l7_h_full_query_iid.json,P7,frozen evaluation input
9fb4688636cea7c338fbc0da1292477915dd7fd9c1d45a76d981a6d85c0ca2b0,2a6b61628cf68a0bd4b9ed2341b12d1e680ecb34d7017ece13d0d48af9ea0705,experiment_v1_4/results/p5_final_audit_20260925_01/returned/tasks/seed0_trained_l7_h_full_state_iid.json,P7,frozen evaluation input
9fb4688636cea7c338fbc0da1292477915dd7fd9c1d45a76d981a6d85c0ca2b0,bc2bb1cabb17dd8c692e895eb9d7ad0847b8392c5b21dd21ab7efbfb0093e71a,experiment_v1_4/results/p5_final_audit_20260925_01/returned/tasks/seed1_trained_l0_h_coordinate_128_A_iid.json,P7,frozen evaluation input
9fb4688636cea7c338fbc0da1292477915dd7fd9c1d45a76d981a6d85c0ca2b0,89d38b6411c66eaf820c09cef6dd078c26c433b78292cd5e1475b504a29261e9,experiment_v1_4/results/p5_final_audit_20260925_01/returned/tasks/seed1_trained_l0_h_coordinate_128_B_iid.json,P7,frozen evaluation input
9fb4688636cea7c338fbc0da1292477915dd7fd9c1d45a76d981a6d85c0ca2b0,ed35bb688b577946612de2f58c342b6406705d56ec97a12ca0603263aa6be65f,experiment_v1_4/results/p5_final_audit_20260925_01/returned/tasks/seed1_trained_l0_h_coordinate_128_C_iid.json,P7,frozen evaluation input
9fb4688636cea7c338fbc0da1292477915dd7fd9c1d45a76d981a6d85c0ca2b0,b8cdbd15e0b37770350c5d68e0a57d314937ac95028ae3838037efbfe397a446,experiment_v1_4/results/p5_final_audit_20260925_01/returned/tasks/seed1_trained_l0_h_coordinate_128_D_iid.json,P7,frozen evaluation input
9fb4688636cea7c338fbc0da1292477915dd7fd9c1d45a76d981a6d85c0ca2b0,188e3b228911159b6f59e6f4498d8a137a185a2a8280aa65a925fcd09260de6d,experiment_v1_4/results/p5_final_audit_20260925_01/returned/tasks/seed1_trained_l0_h_coordinate_128_current_iid.json,P7,frozen evaluation input
9fb4688636cea7c338fbc0da1292477915dd7fd9c1d45a76d981a6d85c0ca2b0,0d26de85a3eb5257f34e5a71762fc8a29e6e03b4f2251f18db35d70d62236d44,experiment_v1_4/results/p5_final_audit_20260925_01/returned/tasks/seed1_trained_l0_h_coordinate_128_current_transfer.json,P7,frozen evaluation input
9fb4688636cea7c338fbc0da1292477915dd7fd9c1d45a76d981a6d85c0ca2b0,7f96e33e43b7b1c6b7d0635fb4b457be06c3de679d68257f3c1268161e70353a,experiment_v1_4/results/p5_final_audit_20260925_01/returned/tasks/seed1_trained_l0_h_coordinate_128_previous_iid.json,P7,frozen evaluation input
9fb4688636cea7c338fbc0da1292477915dd7fd9c1d45a76d981a6d85c0ca2b0,a81e933e3f4d07b300ca3e57eed849783bcd7b83438ea1baa805d7a1a012dac6,experiment_v1_4/results/p5_final_audit_20260925_01/returned/tasks/seed1_trained_l0_h_coordinate_128_previous_transfer.json,P7,frozen evaluation input
9fb4688636cea7c338fbc0da1292477915dd7fd9c1d45a76d981a6d85c0ca2b0,751c35d8d8dd807b933556a2a8cda0057742eb2a16be15a822d673af9ecc9d2d,experiment_v1_4/results/p5_final_audit_20260925_01/returned/tasks/seed1_trained_l0_h_coordinate_128_query_iid.json,P7,frozen evaluation input
9fb4688636cea7c338fbc0da1292477915dd7fd9c1d45a76d981a6d85c0ca2b0,57ae29812d4772632973169290475ce3737a618ac9d8146f32d67a5cd8f10f11,experiment_v1_4/results/p5_final_audit_20260925_01/returned/tasks/seed1_trained_l0_h_coordinate_128_state_iid.json,P7,frozen evaluation input
9fb4688636cea7c338fbc0da1292477915dd7fd9c1d45a76d981a6d85c0ca2b0,84db84f5abbb0bea52327a25ce4cac491d9a6de4af165b3cb6a182e527b1160d,experiment_v1_4/results/p5_final_audit_20260925_01/returned/tasks/seed1_trained_l0_h_coordinate_A_iid.json,P7,frozen evaluation input
9fb4688636cea7c338fbc0da1292477915dd7fd9c1d45a76d981a6d85c0ca2b0,e7c7a9ada24ea6c5a4333ffcdde4597f6e74c4ea695d9f0ebd4bd207ad11b749,experiment_v1_4/results/p5_final_audit_20260925_01/returned/tasks/seed1_trained_l0_h_coordinate_B_iid.json,P7,frozen evaluation input
9fb4688636cea7c338fbc0da1292477915dd7fd9c1d45a76d981a6d85c0ca2b0,7a4311164afcbfd4c31b0ff3f66b1952d2c5eb053236ca2b9976db8cad41d5de,experiment_v1_4/results/p5_final_audit_20260925_01/returned/tasks/seed1_trained_l0_h_coordinate_C_iid.json,P7,frozen evaluation input
9fb4688636cea7c338fbc0da1292477915dd7fd9c1d45a76d981a6d85c0ca2b0,7f4dc72926c7fdb317d68177ecfcf95e79abbb7616f6a006e5714307ff113c5b,experiment_v1_4/results/p5_final_audit_20260925_01/returned/tasks/seed1_trained_l0_h_coordinate_D_iid.json,P7,frozen evaluation input
9fb4688636cea7c338fbc0da1292477915dd7fd9c1d45a76d981a6d85c0ca2b0,ec99781661ce5bcff1aa306ff7ef349770b8b4d64cdda45abd96c9c2f671d016,experiment_v1_4/results/p5_final_audit_20260925_01/returned/tasks/seed1_trained_l0_h_coordinate_current_iid.json,P7,frozen evaluation input
9fb4688636cea7c338fbc0da1292477915dd7fd9c1d45a76d981a6d85c0ca2b0,a92441793d8fb7eb173099d2e78060fd56be7175f6eb2f28c8d957b597f94d77,experiment_v1_4/results/p5_final_audit_20260925_01/returned/tasks/seed1_trained_l0_h_coordinate_current_transfer.json,P7,frozen evaluation input
9fb4688636cea7c338fbc0da1292477915dd7fd9c1d45a76d981a6d85c0ca2b0,31dbf203e2dadb3b8bdb1ac6b3bfafcbaad51a2d848e1d0700c6cafea946fd55,experiment_v1_4/results/p5_final_audit_20260925_01/returned/tasks/seed1_trained_l0_h_coordinate_previous_iid.json,P7,frozen evaluation input
9fb4688636cea7c338fbc0da1292477915dd7fd9c1d45a76d981a6d85c0ca2b0,6ceb89fdfdf2bcd6829fdffef218ac02d809424f958491b176f1f01c971f82fe,experiment_v1_4/results/p5_final_audit_20260925_01/returned/tasks/seed1_trained_l0_h_coordinate_previous_transfer.json,P7,frozen evaluation input
9fb4688636cea7c338fbc0da1292477915dd7fd9c1d45a76d981a6d85c0ca2b0,306b4e4f9bd428da2a67363859d3695c7b90313d14ec4eea82658649834ff44e,experiment_v1_4/results/p5_final_audit_20260925_01/returned/tasks/seed1_trained_l0_h_coordinate_query_iid.json,P7,frozen evaluation input
9fb4688636cea7c338fbc0da1292477915dd7fd9c1d45a76d981a6d85c0ca2b0,a50a89460888d1ae4a34ffe974d318281865b73ad5fa8b9186b5d10c2e25122d,experiment_v1_4/results/p5_final_audit_20260925_01/returned/tasks/seed1_trained_l0_h_coordinate_state_iid.json,P7,frozen evaluation input
9fb4688636cea7c338fbc0da1292477915dd7fd9c1d45a76d981a6d85c0ca2b0,9b823286c09b9222c747a0715ef98062147a621a60e0e6619d9485b21379dece,experiment_v1_4/results/p5_final_audit_20260925_01/returned/tasks/seed1_trained_l0_h_full_A_iid.json,P7,frozen evaluation input
9fb4688636cea7c338fbc0da1292477915dd7fd9c1d45a76d981a6d85c0ca2b0,e1796b70d172ba2829279c09fcf2143e669e253b1455fa830ec150d6ead37554,experiment_v1_4/results/p5_final_audit_20260925_01/returned/tasks/seed1_trained_l0_h_full_B_iid.json,P7,frozen evaluation input
9fb4688636cea7c338fbc0da1292477915dd7fd9c1d45a76d981a6d85c0ca2b0,74cc6adc190abec01739c94bd68f850a5065fc1327be4ab049386c5e36a487c5,experiment_v1_4/results/p5_final_audit_20260925_01/returned/tasks/seed1_trained_l0_h_full_C_iid.json,P7,frozen evaluation input
9fb4688636cea7c338fbc0da1292477915dd7fd9c1d45a76d981a6d85c0ca2b0,acbededf5b6770722cc50d5ace8a4cc8e99d74de1e8161a0db4914d303c3a77b,experiment_v1_4/results/p5_final_audit_20260925_01/returned/tasks/seed1_trained_l0_h_full_D_iid.json,P7,frozen evaluation input
9fb4688636cea7c338fbc0da1292477915dd7fd9c1d45a76d981a6d85c0ca2b0,fc854433ffe2aa13c98d4077638c85627386fb4b7b13bd7a992ed2d7688457a2,experiment_v1_4/results/p5_final_audit_20260925_01/returned/tasks/seed1_trained_l0_h_full_current_iid.json,P7,frozen evaluation input
9fb4688636cea7c338fbc0da1292477915dd7fd9c1d45a76d981a6d85c0ca2b0,42fea961a7b675d8bb1c7d2e9d61e04efc64fdb5d78d548b50bd7338b6fb524d,experiment_v1_4/results/p5_final_audit_20260925_01/returned/tasks/seed1_trained_l0_h_full_current_transfer.json,P7,frozen evaluation input
9fb4688636cea7c338fbc0da1292477915dd7fd9c1d45a76d981a6d85c0ca2b0,0140fc4669f2634486404adb54f38316bc08f5857281999206d9834292d66ac6,experiment_v1_4/results/p5_final_audit_20260925_01/returned/tasks/seed1_trained_l0_h_full_previous_iid.json,P7,frozen evaluation input
9fb4688636cea7c338fbc0da1292477915dd7fd9c1d45a76d981a6d85c0ca2b0,6cdc441716f197d79542416783f02de3a58bf1f056a285cb81e7a5151b565d71,experiment_v1_4/results/p5_final_audit_20260925_01/returned/tasks/seed1_trained_l0_h_full_previous_transfer.json,P7,frozen evaluation input
9fb4688636cea7c338fbc0da1292477915dd7fd9c1d45a76d981a6d85c0ca2b0,355ae87c9f2911ec0b10337b1d887f18c8e735aa007d6a2ef65f5abddd3056b4,experiment_v1_4/results/p5_final_audit_20260925_01/returned/tasks/seed1_trained_l0_h_full_query_iid.json,P7,frozen evaluation input
9fb4688636cea7c338fbc0da1292477915dd7fd9c1d45a76d981a6d85c0ca2b0,a4ba46115fe57359fe38add001c9bad6dd9b3f97a2c881e04ebc0c5e5987b4c8,experiment_v1_4/results/p5_final_audit_20260925_01/returned/tasks/seed1_trained_l0_h_full_state_iid.json,P7,frozen evaluation input
9fb4688636cea7c338fbc0da1292477915dd7fd9c1d45a76d981a6d85c0ca2b0,aa765823c5f49239770a7c0280c750c5681dad26a8d523e1281ffcc67b4a97aa,experiment_v1_4/results/p5_final_audit_20260925_01/returned/tasks/seed1_trained_l0_h_random_128_A_iid.json,P7,frozen evaluation input
9fb4688636cea7c338fbc0da1292477915dd7fd9c1d45a76d981a6d85c0ca2b0,6bbf6179c4834ebff8fb1e27288707f36e9ecbf0bc7e654d24dfc6784b44ea2b,experiment_v1_4/results/p5_final_audit_20260925_01/returned/tasks/seed1_trained_l0_h_random_128_B_iid.json,P7,frozen evaluation input
9fb4688636cea7c338fbc0da1292477915dd7fd9c1d45a76d981a6d85c0ca2b0,58d371d137d09369cc695130c8fefb97ceccecf59ea7e2ea1490b9c56e5ba470,experiment_v1_4/results/p5_final_audit_20260925_01/returned/tasks/seed1_trained_l0_h_random_128_C_iid.json,P7,frozen evaluation input
9fb4688636cea7c338fbc0da1292477915dd7fd9c1d45a76d981a6d85c0ca2b0,3aa38ca0add9bf5a76f3e2b89fdbe293ff76f894ac482eeb01cae13a90c2912f,experiment_v1_4/results/p5_final_audit_20260925_01/returned/tasks/seed1_trained_l0_h_random_128_D_iid.json,P7,frozen evaluation input
9fb4688636cea7c338fbc0da1292477915dd7fd9c1d45a76d981a6d85c0ca2b0,f9c35b382585cac51cb5f8fdf6de91434ff33d8167b6a6153fd3e71f7573329d,experiment_v1_4/results/p5_final_audit_20260925_01/returned/tasks/seed1_trained_l0_h_random_128_current_iid.json,P7,frozen evaluation input
9fb4688636cea7c338fbc0da1292477915dd7fd9c1d45a76d981a6d85c0ca2b0,bf8b8fc2a2ba26ecafab718c54b6b202b113c408f13e72fecebc2e972e14fee8,experiment_v1_4/results/p5_final_audit_20260925_01/returned/tasks/seed1_trained_l0_h_random_128_current_transfer.json,P7,frozen evaluation input
9fb4688636cea7c338fbc0da1292477915dd7fd9c1d45a76d981a6d85c0ca2b0,7f3400758bdf2ccb4ed6bdd4d9c7366530e6585a1fa34f76210ef711c28ca705,experiment_v1_4/results/p5_final_audit_20260925_01/returned/tasks/seed1_trained_l0_h_random_128_previous_iid.json,P7,frozen evaluation input
9fb4688636cea7c338fbc0da1292477915dd7fd9c1d45a76d981a6d85c0ca2b0,0b9a926790a90d12328678d5f9b09a2c270265e3505285787c1aae9d65fe452c,experiment_v1_4/results/p5_final_audit_20260925_01/returned/tasks/seed1_trained_l0_h_random_128_previous_transfer.json,P7,frozen evaluation input
9fb4688636cea7c338fbc0da1292477915dd7fd9c1d45a76d981a6d85c0ca2b0,5cd812b2e1e33f493433a57c05dc5a40be73da4849834cbf9aaf43bd7e3c7751,experiment_v1_4/results/p5_final_audit_20260925_01/returned/tasks/seed1_trained_l0_h_random_128_query_iid.json,P7,frozen evaluation input
9fb4688636cea7c338fbc0da1292477915dd7fd9c1d45a76d981a6d85c0ca2b0,2d1682d8028cdb65a6887c3d414268d9c6426c924c673eeb27652a34dcdf7335,experiment_v1_4/results/p5_final_audit_20260925_01/returned/tasks/seed1_trained_l0_h_random_128_state_iid.json,P7,frozen evaluation input
9fb4688636cea7c338fbc0da1292477915dd7fd9c1d45a76d981a6d85c0ca2b0,f60d8eb6a3c15f61e594fa43819e57bb9f23ff0a30a5c1ac2acf3d7d18f5dacd,experiment_v1_4/results/p5_final_audit_20260925_01/returned/tasks/seed1_trained_l0_h_random_A_iid.json,P7,frozen evaluation input
9fb4688636cea7c338fbc0da1292477915dd7fd9c1d45a76d981a6d85c0ca2b0,2ff04031e6fc5d21f3dc4e0aab40bd1462f8b531e53e00732b2b622d9caa919e,experiment_v1_4/results/p5_final_audit_20260925_01/returned/tasks/seed1_trained_l0_h_random_B_iid.json,P7,frozen evaluation input
9fb4688636cea7c338fbc0da1292477915dd7fd9c1d45a76d981a6d85c0ca2b0,bb25c027e9b35a1156d245ec82e95a43c8501b6abb7117c5e5f334e9eb8e0c50,experiment_v1_4/results/p5_final_audit_20260925_01/returned/tasks/seed1_trained_l0_h_random_C_iid.json,P7,frozen evaluation input
9fb4688636cea7c338fbc0da1292477915dd7fd9c1d45a76d981a6d85c0ca2b0,657a35cbff5e1e9d16303efbc59ef16a7c2d84db2bf874997d3f0b5f2e51d5ae,experiment_v1_4/results/p5_final_audit_20260925_01/returned/tasks/seed1_trained_l0_h_random_D_iid.json,P7,frozen evaluation input
9fb4688636cea7c338fbc0da1292477915dd7fd9c1d45a76d981a6d85c0ca2b0,145c5f0599a34f0a32ad885b4572ee1a0b76fc0c9216c2ccc4401771f7e96e5b,experiment_v1_4/results/p5_final_audit_20260925_01/returned/tasks/seed1_trained_l0_h_random_current_iid.json,P7,frozen evaluation input
9fb4688636cea7c338fbc0da1292477915dd7fd9c1d45a76d981a6d85c0ca2b0,f52b0699b1e7974d9a2c42f889892c129e84b6fdad51f2691dc9775a26b36207,experiment_v1_4/results/p5_final_audit_20260925_01/returned/tasks/seed1_trained_l0_h_random_current_transfer.json,P7,frozen evaluation input
9fb4688636cea7c338fbc0da1292477915dd7fd9c1d45a76d981a6d85c0ca2b0,26bb04c547bb70685c9f716ee9538a45e1f4df03bdb124186a58d0e82d596f01,experiment_v1_4/results/p5_final_audit_20260925_01/returned/tasks/seed1_trained_l0_h_random_previous_iid.json,P7,frozen evaluation input
9fb4688636cea7c338fbc0da1292477915dd7fd9c1d45a76d981a6d85c0ca2b0,46e884f278c3cc94b7875567110eb97add5be04e5008050ecf79cd172418857c,experiment_v1_4/results/p5_final_audit_20260925_01/returned/tasks/seed1_trained_l0_h_random_previous_transfer.json,P7,frozen evaluation input
9fb4688636cea7c338fbc0da1292477915dd7fd9c1d45a76d981a6d85c0ca2b0,d9b28ac78af91082732e979561fb9e635e528b986efe782bdf486a670ad96483,experiment_v1_4/results/p5_final_audit_20260925_01/returned/tasks/seed1_trained_l0_h_random_query_iid.json,P7,frozen evaluation input
9fb4688636cea7c338fbc0da1292477915dd7fd9c1d45a76d981a6d85c0ca2b0,f10c259966565ff4fa64dea598d2f86e7ffd44f2f253c64bbda5111f195e9229,experiment_v1_4/results/p5_final_audit_20260925_01/returned/tasks/seed1_trained_l0_h_random_state_iid.json,P7,frozen evaluation input
9fb4688636cea7c338fbc0da1292477915dd7fd9c1d45a76d981a6d85c0ca2b0,a00ce08ce5410bf703c065963023f40397415313cf7c1d80af30e94714adc3d9,experiment_v1_4/results/p5_final_audit_20260925_01/returned/tasks/seed1_trained_l11_h_full_A_iid.json,P7,frozen evaluation input
9fb4688636cea7c338fbc0da1292477915dd7fd9c1d45a76d981a6d85c0ca2b0,13e046ca95c4237d964f1d3f79583de69525b72ee19eb7dee71d8d25d9682f86,experiment_v1_4/results/p5_final_audit_20260925_01/returned/tasks/seed1_trained_l11_h_full_B_iid.json,P7,frozen evaluation input
9fb4688636cea7c338fbc0da1292477915dd7fd9c1d45a76d981a6d85c0ca2b0,e1358819a4be33633fea042e033071ac6f43041ad620aeceb3f4ee7dae21e6aa,experiment_v1_4/results/p5_final_audit_20260925_01/returned/tasks/seed1_trained_l11_h_full_C_iid.json,P7,frozen evaluation input
9fb4688636cea7c338fbc0da1292477915dd7fd9c1d45a76d981a6d85c0ca2b0,6ae264c742e7d9957d555f08ab4c6fe815e8889d5af373407a3af801d999be0e,experiment_v1_4/results/p5_final_audit_20260925_01/returned/tasks/seed1_trained_l11_h_full_D_iid.json,P7,frozen evaluation input
9fb4688636cea7c338fbc0da1292477915dd7fd9c1d45a76d981a6d85c0ca2b0,c31b0c1ed1dc51235a259d01d60fa52943d4890f9466e5cf3ec650eaadae1587,experiment_v1_4/results/p5_final_audit_20260925_01/returned/tasks/seed1_trained_l11_h_full_current_iid.json,P7,frozen evaluation input
9fb4688636cea7c338fbc0da1292477915dd7fd9c1d45a76d981a6d85c0ca2b0,d5affab0576531d7d5716bf349e3b9643418ff6d0c478e4eb9ff54e6e89e3396,experiment_v1_4/results/p5_final_audit_20260925_01/returned/tasks/seed1_trained_l11_h_full_current_transfer.json,P7,frozen evaluation input
9fb4688636cea7c338fbc0da1292477915dd7fd9c1d45a76d981a6d85c0ca2b0,a5e8d59cf884785a323fc1fa15405df328e4ba8ffec14580d59700a79e294df8,experiment_v1_4/results/p5_final_audit_20260925_01/returned/tasks/seed1_trained_l11_h_full_previous_iid.json,P7,frozen evaluation input
9fb4688636cea7c338fbc0da1292477915dd7fd9c1d45a76d981a6d85c0ca2b0,b7072f4615857d6ec20588926c5739fb9b7ab23dcd485c9bea62dde6f18cd69a,experiment_v1_4/results/p5_final_audit_20260925_01/returned/tasks/seed1_trained_l11_h_full_previous_transfer.json,P7,frozen evaluation input
9fb4688636cea7c338fbc0da1292477915dd7fd9c1d45a76d981a6d85c0ca2b0,f96f5dd7bcb2f36bdbca50b88f72eaccb4dacea06db359da5b2fff53241047d5,experiment_v1_4/results/p5_final_audit_20260925_01/returned/tasks/seed1_trained_l11_h_full_query_iid.json,P7,frozen evaluation input
9fb4688636cea7c338fbc0da1292477915dd7fd9c1d45a76d981a6d85c0ca2b0,bafcb5d93aff6e11a532ed7ef4fd735a24b6ccb41b1bd3b6ea73dff055e07180,experiment_v1_4/results/p5_final_audit_20260925_01/returned/tasks/seed1_trained_l11_h_full_state_iid.json,P7,frozen evaluation input
9fb4688636cea7c338fbc0da1292477915dd7fd9c1d45a76d981a6d85c0ca2b0,1c5ef7ec5de2e3a8dcebd924f1f3308c9d7437811fbedb325bb1a485f02d5cc0,experiment_v1_4/results/p5_final_audit_20260925_01/returned/tasks/seed1_trained_l3_h_full_A_iid.json,P7,frozen evaluation input
9fb4688636cea7c338fbc0da1292477915dd7fd9c1d45a76d981a6d85c0ca2b0,898ceed4172713bc8d83869036c98653af060dd00652e9b532e16b119ab310e2,experiment_v1_4/results/p5_final_audit_20260925_01/returned/tasks/seed1_trained_l3_h_full_B_iid.json,P7,frozen evaluation input
9fb4688636cea7c338fbc0da1292477915dd7fd9c1d45a76d981a6d85c0ca2b0,127cad3ac4be7f830d18fdf323a26cd3aef3567a2d8b9c7ad4894ebfc452c8e4,experiment_v1_4/results/p5_final_audit_20260925_01/returned/tasks/seed1_trained_l3_h_full_C_iid.json,P7,frozen evaluation input
9fb4688636cea7c338fbc0da1292477915dd7fd9c1d45a76d981a6d85c0ca2b0,faf8abf6b33a9233d14524da8cff9c1f71ffc442cfa326c08d5d968036adf1a8,experiment_v1_4/results/p5_final_audit_20260925_01/returned/tasks/seed1_trained_l3_h_full_D_iid.json,P7,frozen evaluation input
9fb4688636cea7c338fbc0da1292477915dd7fd9c1d45a76d981a6d85c0ca2b0,330075f75fd6b88b5aaa4c7c1478636824a0762e454bfbd549364b6969b53d5f,experiment_v1_4/results/p5_final_audit_20260925_01/returned/tasks/seed1_trained_l3_h_full_current_iid.json,P7,frozen evaluation input
9fb4688636cea7c338fbc0da1292477915dd7fd9c1d45a76d981a6d85c0ca2b0,c31bb27e225d428ae2b01c6b22c9b752b80e8198af68a6a398114b78d459f3f9,experiment_v1_4/results/p5_final_audit_20260925_01/returned/tasks/seed1_trained_l3_h_full_current_transfer.json,P7,frozen evaluation input
9fb4688636cea7c338fbc0da1292477915dd7fd9c1d45a76d981a6d85c0ca2b0,a2b1eab2cbb12cf7c19dd7beaaabbe89acd2bc3a24c7365c863ce99a0c1b04c5,experiment_v1_4/results/p5_final_audit_20260925_01/returned/tasks/seed1_trained_l3_h_full_previous_iid.json,P7,frozen evaluation input
9fb4688636cea7c338fbc0da1292477915dd7fd9c1d45a76d981a6d85c0ca2b0,14bec3c3dbecca3faa8b18ec1d743951848963be3a1390931a9a944a9913d24d,experiment_v1_4/results/p5_final_audit_20260925_01/returned/tasks/seed1_trained_l3_h_full_previous_transfer.json,P7,frozen evaluation input
9fb4688636cea7c338fbc0da1292477915dd7fd9c1d45a76d981a6d85c0ca2b0,64377089c5f44ca37adfcb34f8f0e93ab868a4624e9066348b349591befe779a,experiment_v1_4/results/p5_final_audit_20260925_01/returned/tasks/seed1_trained_l3_h_full_query_iid.json,P7,frozen evaluation input
9fb4688636cea7c338fbc0da1292477915dd7fd9c1d45a76d981a6d85c0ca2b0,eccd54d83c85427baaced224ebc5d169a66a2da434ffd436ab72546507946607,experiment_v1_4/results/p5_final_audit_20260925_01/returned/tasks/seed1_trained_l3_h_full_state_iid.json,P7,frozen evaluation input
9fb4688636cea7c338fbc0da1292477915dd7fd9c1d45a76d981a6d85c0ca2b0,8abf26dbf96bfb5ff6996b203fb4cd276fa5f856ea8a7c541ef79e4af7684bc9,experiment_v1_4/results/p5_final_audit_20260925_01/returned/tasks/seed1_trained_l7_h_full_A_iid.json,P7,frozen evaluation input
9fb4688636cea7c338fbc0da1292477915dd7fd9c1d45a76d981a6d85c0ca2b0,27dd599fd879f9202803ccc7c111c49b4fb10d0a5d403b4922e6fec91c04a3b2,experiment_v1_4/results/p5_final_audit_20260925_01/returned/tasks/seed1_trained_l7_h_full_B_iid.json,P7,frozen evaluation input
9fb4688636cea7c338fbc0da1292477915dd7fd9c1d45a76d981a6d85c0ca2b0,e58b44b9ca0f941931e78ef112484de224b7614fa089134e39336af12c0a128d,experiment_v1_4/results/p5_final_audit_20260925_01/returned/tasks/seed1_trained_l7_h_full_C_iid.json,P7,frozen evaluation input
9fb4688636cea7c338fbc0da1292477915dd7fd9c1d45a76d981a6d85c0ca2b0,55fd082d42e8c3056c5148b5a1a4382553c305143c88940a7e379407012c7107,experiment_v1_4/results/p5_final_audit_20260925_01/returned/tasks/seed1_trained_l7_h_full_D_iid.json,P7,frozen evaluation input
9fb4688636cea7c338fbc0da1292477915dd7fd9c1d45a76d981a6d85c0ca2b0,177e20035becdbe48314ba39c509864bf66d2741b64ff6844d8a5e87220cc26d,experiment_v1_4/results/p5_final_audit_20260925_01/returned/tasks/seed1_trained_l7_h_full_current_iid.json,P7,frozen evaluation input
9fb4688636cea7c338fbc0da1292477915dd7fd9c1d45a76d981a6d85c0ca2b0,a8fd78c45a21a7c7aa71f6fae8db0fae6590c05a2bd02768a5d4a988bffb0342,experiment_v1_4/results/p5_final_audit_20260925_01/returned/tasks/seed1_trained_l7_h_full_current_transfer.json,P7,frozen evaluation input
9fb4688636cea7c338fbc0da1292477915dd7fd9c1d45a76d981a6d85c0ca2b0,375c6f9ca133c4d3f87b51c9a7ac5c386f56fc6df38a669d4ba7f13161e93c3a,experiment_v1_4/results/p5_final_audit_20260925_01/returned/tasks/seed1_trained_l7_h_full_previous_iid.json,P7,frozen evaluation input
9fb4688636cea7c338fbc0da1292477915dd7fd9c1d45a76d981a6d85c0ca2b0,00fb3e8e7c0decb94df6e59261a114b0c5af863441db1f908226eb3277e8b79a,experiment_v1_4/results/p5_final_audit_20260925_01/returned/tasks/seed1_trained_l7_h_full_previous_transfer.json,P7,frozen evaluation input
9fb4688636cea7c338fbc0da1292477915dd7fd9c1d45a76d981a6d85c0ca2b0,275457bceffd0260565e6b6f5c5c1ab4eabfe50b129f6c1eec7d15e319e68004,experiment_v1_4/results/p5_final_audit_20260925_01/returned/tasks/seed1_trained_l7_h_full_query_iid.json,P7,frozen evaluation input
9fb4688636cea7c338fbc0da1292477915dd7fd9c1d45a76d981a6d85c0ca2b0,e24ffa1eb1cb3a3b10ab50adf20ac34ce91d70ea95594d5cf0261cfc88dfcedf,experiment_v1_4/results/p5_final_audit_20260925_01/returned/tasks/seed1_trained_l7_h_full_state_iid.json,P7,frozen evaluation input
9fb4688636cea7c338fbc0da1292477915dd7fd9c1d45a76d981a6d85c0ca2b0,7c31c40b101ac005a5ba0785b4774a40b51d2cc25510a52ed0699bd6a3c379cb,experiment_v1_4/results/p5_final_audit_20260925_01/returned/tasks/seed2_trained_l0_h_coordinate_128_A_iid.json,P7,frozen evaluation input
9fb4688636cea7c338fbc0da1292477915dd7fd9c1d45a76d981a6d85c0ca2b0,0b08e45ec165f1ff6fdf15c415af6a4d0e6e931c85feb075ad3fc03f3c22d550,experiment_v1_4/results/p5_final_audit_20260925_01/returned/tasks/seed2_trained_l0_h_coordinate_128_B_iid.json,P7,frozen evaluation input
9fb4688636cea7c338fbc0da1292477915dd7fd9c1d45a76d981a6d85c0ca2b0,2e1778e738de5c81a13c91b090f423efff55134f588fd108881b62461ecf6552,experiment_v1_4/results/p5_final_audit_20260925_01/returned/tasks/seed2_trained_l0_h_coordinate_128_C_iid.json,P7,frozen evaluation input
9fb4688636cea7c338fbc0da1292477915dd7fd9c1d45a76d981a6d85c0ca2b0,73bd4c351901f47fc803876a261bfb3880ed611358f2bb81ef5803cd0b800c24,experiment_v1_4/results/p5_final_audit_20260925_01/returned/tasks/seed2_trained_l0_h_coordinate_128_D_iid.json,P7,frozen evaluation input
9fb4688636cea7c338fbc0da1292477915dd7fd9c1d45a76d981a6d85c0ca2b0,e9f017c1fb878d1a9e5f72e1e9555aee0f174948cde47f2a906e321d7ca3ef09,experiment_v1_4/results/p5_final_audit_20260925_01/returned/tasks/seed2_trained_l0_h_coordinate_128_current_iid.json,P7,frozen evaluation input
9fb4688636cea7c338fbc0da1292477915dd7fd9c1d45a76d981a6d85c0ca2b0,c1e6eaeb278e79c4041aac08bf0749f621ee499b804400cb78a920b7887f4925,experiment_v1_4/results/p5_final_audit_20260925_01/returned/tasks/seed2_trained_l0_h_coordinate_128_current_transfer.json,P7,frozen evaluation input
9fb4688636cea7c338fbc0da1292477915dd7fd9c1d45a76d981a6d85c0ca2b0,f120fe45fe29e6ab92784eee290106dae6c54b95c7fca5f7446c919cfa9fcba2,experiment_v1_4/results/p5_final_audit_20260925_01/returned/tasks/seed2_trained_l0_h_coordinate_128_previous_iid.json,P7,frozen evaluation input
9fb4688636cea7c338fbc0da1292477915dd7fd9c1d45a76d981a6d85c0ca2b0,f9813e69846297135794d2f78c60fcfbfbe0c5a0cdd3a5b7a084ceae2200791c,experiment_v1_4/results/p5_final_audit_20260925_01/returned/tasks/seed2_trained_l0_h_coordinate_128_previous_transfer.json,P7,frozen evaluation input
9fb4688636cea7c338fbc0da1292477915dd7fd9c1d45a76d981a6d85c0ca2b0,1feca8233d80b35f6103af326be8edad45ef95ebb1c6da71302cfb3bc8976aad,experiment_v1_4/results/p5_final_audit_20260925_01/returned/tasks/seed2_trained_l0_h_coordinate_128_query_iid.json,P7,frozen evaluation input
9fb4688636cea7c338fbc0da1292477915dd7fd9c1d45a76d981a6d85c0ca2b0,9a9d51a5058d8e2403064447fe9adfebd92717881b6ab4239e2d755930b24db9,experiment_v1_4/results/p5_final_audit_20260925_01/returned/tasks/seed2_trained_l0_h_coordinate_128_state_iid.json,P7,frozen evaluation input
9fb4688636cea7c338fbc0da1292477915dd7fd9c1d45a76d981a6d85c0ca2b0,0f957eaf54ddd2e01df51e1754206a92af1c529ee5a13c49a6c90d6eadc60f76,experiment_v1_4/results/p5_final_audit_20260925_01/returned/tasks/seed2_trained_l0_h_coordinate_A_iid.json,P7,frozen evaluation input
9fb4688636cea7c338fbc0da1292477915dd7fd9c1d45a76d981a6d85c0ca2b0,fd8f4261dbcf8a6134b3df49923a648ed2a39e1e322548936bfa33bfea3ec0e6,experiment_v1_4/results/p5_final_audit_20260925_01/returned/tasks/seed2_trained_l0_h_coordinate_B_iid.json,P7,frozen evaluation input
9fb4688636cea7c338fbc0da1292477915dd7fd9c1d45a76d981a6d85c0ca2b0,10e1144cd66e12cd9c6a3645d9c7e58ce18d255ddf8a572a201b609875905800,experiment_v1_4/results/p5_final_audit_20260925_01/returned/tasks/seed2_trained_l0_h_coordinate_C_iid.json,P7,frozen evaluation input
9fb4688636cea7c338fbc0da1292477915dd7fd9c1d45a76d981a6d85c0ca2b0,de72bd291693a9ac7e91853ba8caf38b00b0da1397baa96382ea54365cea8a04,experiment_v1_4/results/p5_final_audit_20260925_01/returned/tasks/seed2_trained_l0_h_coordinate_D_iid.json,P7,frozen evaluation input
9fb4688636cea7c338fbc0da1292477915dd7fd9c1d45a76d981a6d85c0ca2b0,21c31fefb84409d430617b5fea2b6e7cb5edd16944d4b2f3364fe40a4bacc144,experiment_v1_4/results/p5_final_audit_20260925_01/returned/tasks/seed2_trained_l0_h_coordinate_current_iid.json,P7,frozen evaluation input
9fb4688636cea7c338fbc0da1292477915dd7fd9c1d45a76d981a6d85c0ca2b0,6bd1aec21f9cd93a3f353e9509c90a185c0b3b2e00f3b8c89a72417d62bda6fd,experiment_v1_4/results/p5_final_audit_20260925_01/returned/tasks/seed2_trained_l0_h_coordinate_current_transfer.json,P7,frozen evaluation input
9fb4688636cea7c338fbc0da1292477915dd7fd9c1d45a76d981a6d85c0ca2b0,c223bdeb4727aad40ca982f059e06f981974b85be8a8dd33c3d31fb89751cc35,experiment_v1_4/results/p5_final_audit_20260925_01/returned/tasks/seed2_trained_l0_h_coordinate_previous_iid.json,P7,frozen evaluation input
9fb4688636cea7c338fbc0da1292477915dd7fd9c1d45a76d981a6d85c0ca2b0,f5a8caf5f147716171271fa176102b35dae6b473fff3cf427ba4d19c8d903918,experiment_v1_4/results/p5_final_audit_20260925_01/returned/tasks/seed2_trained_l0_h_coordinate_previous_transfer.json,P7,frozen evaluation input
9fb4688636cea7c338fbc0da1292477915dd7fd9c1d45a76d981a6d85c0ca2b0,305ba4b61571ad31d2c090b09b00f19b2d43d414fbe321cb04298da8b5cb1703,experiment_v1_4/results/p5_final_audit_20260925_01/returned/tasks/seed2_trained_l0_h_coordinate_query_iid.json,P7,frozen evaluation input
9fb4688636cea7c338fbc0da1292477915dd7fd9c1d45a76d981a6d85c0ca2b0,251eda119ffdb56efa855dc91fce9ed80258812ac2ffb5fbdc81fe35bf3f1d24,experiment_v1_4/results/p5_final_audit_20260925_01/returned/tasks/seed2_trained_l0_h_coordinate_state_iid.json,P7,frozen evaluation input
9fb4688636cea7c338fbc0da1292477915dd7fd9c1d45a76d981a6d85c0ca2b0,2874c51d46d484b9ed9a73017f5727319c198b5c74ec46086d980bc91c60ff0f,experiment_v1_4/results/p5_final_audit_20260925_01/returned/tasks/seed2_trained_l0_h_full_A_iid.json,P7,frozen evaluation input
9fb4688636cea7c338fbc0da1292477915dd7fd9c1d45a76d981a6d85c0ca2b0,691a2e9e469e8e3ea970cc545cb3e80a9c28f4546f4994594d3c68c6e943dc78,experiment_v1_4/results/p5_final_audit_20260925_01/returned/tasks/seed2_trained_l0_h_full_B_iid.json,P7,frozen evaluation input
9fb4688636cea7c338fbc0da1292477915dd7fd9c1d45a76d981a6d85c0ca2b0,e8683f8d7b26235392ebbfcc084b7bbdc5e8ee42795973705d85de155050645c,experiment_v1_4/results/p5_final_audit_20260925_01/returned/tasks/seed2_trained_l0_h_full_C_iid.json,P7,frozen evaluation input
9fb4688636cea7c338fbc0da1292477915dd7fd9c1d45a76d981a6d85c0ca2b0,64842e5e2c01d1acc8d36a3b412b1df3325fab02eca897f048f01535d123fad2,experiment_v1_4/results/p5_final_audit_20260925_01/returned/tasks/seed2_trained_l0_h_full_D_iid.json,P7,frozen evaluation input
9fb4688636cea7c338fbc0da1292477915dd7fd9c1d45a76d981a6d85c0ca2b0,08c8dd23e2b9615a4fb8db0957278de1596131ccb4cb9fb0178fb3fb4604976d,experiment_v1_4/results/p5_final_audit_20260925_01/returned/tasks/seed2_trained_l0_h_full_current_iid.json,P7,frozen evaluation input
9fb4688636cea7c338fbc0da1292477915dd7fd9c1d45a76d981a6d85c0ca2b0,c42b807897e5d88bd7fd93e50c1b34a7ffafb1bf4e1622e0c75282753419eacd,experiment_v1_4/results/p5_final_audit_20260925_01/returned/tasks/seed2_trained_l0_h_full_current_transfer.json,P7,frozen evaluation input
9fb4688636cea7c338fbc0da1292477915dd7fd9c1d45a76d981a6d85c0ca2b0,4dfbfc9fd409372d6215f1e86773273545ceae24b770119b017e50f632ff2a5b,experiment_v1_4/results/p5_final_audit_20260925_01/returned/tasks/seed2_trained_l0_h_full_previous_iid.json,P7,frozen evaluation input
9fb4688636cea7c338fbc0da1292477915dd7fd9c1d45a76d981a6d85c0ca2b0,d2904dd84c37d0c08c74101dbcee1801315f29e91e8d07175a4fff197bb323df,experiment_v1_4/results/p5_final_audit_20260925_01/returned/tasks/seed2_trained_l0_h_full_previous_transfer.json,P7,frozen evaluation input
9fb4688636cea7c338fbc0da1292477915dd7fd9c1d45a76d981a6d85c0ca2b0,99f565400a66758c82d64c66e90377e1ebfa9ac174e7bafdcd7ddc995a9bf6b0,experiment_v1_4/results/p5_final_audit_20260925_01/returned/tasks/seed2_trained_l0_h_full_query_iid.json,P7,frozen evaluation input
9fb4688636cea7c338fbc0da1292477915dd7fd9c1d45a76d981a6d85c0ca2b0,833d27df8aa7576005cae82824e5c9abcc06cabbe4250f996ef423146da5debe,experiment_v1_4/results/p5_final_audit_20260925_01/returned/tasks/seed2_trained_l0_h_full_state_iid.json,P7,frozen evaluation input
9fb4688636cea7c338fbc0da1292477915dd7fd9c1d45a76d981a6d85c0ca2b0,6273fe36936e7a5eda1529c11f70512fb13e102b2dc400e32e88d40718e506ea,experiment_v1_4/results/p5_final_audit_20260925_01/returned/tasks/seed2_trained_l0_h_random_128_A_iid.json,P7,frozen evaluation input
9fb4688636cea7c338fbc0da1292477915dd7fd9c1d45a76d981a6d85c0ca2b0,395bf1535b7068fdb4faa652d2000d55a3167d5a73106a4947b04e17509d3067,experiment_v1_4/results/p5_final_audit_20260925_01/returned/tasks/seed2_trained_l0_h_random_128_B_iid.json,P7,frozen evaluation input
9fb4688636cea7c338fbc0da1292477915dd7fd9c1d45a76d981a6d85c0ca2b0,38d259f2324d664c35eaf443d8206212722df593b7ccb30da7c2b6f159662086,experiment_v1_4/results/p5_final_audit_20260925_01/returned/tasks/seed2_trained_l0_h_random_128_C_iid.json,P7,frozen evaluation input
9fb4688636cea7c338fbc0da1292477915dd7fd9c1d45a76d981a6d85c0ca2b0,b48c7a8d5ed1218c7d3e876072a0da7967ebf1db670952b1b5aa33b73c042f39,experiment_v1_4/results/p5_final_audit_20260925_01/returned/tasks/seed2_trained_l0_h_random_128_D_iid.json,P7,frozen evaluation input
9fb4688636cea7c338fbc0da1292477915dd7fd9c1d45a76d981a6d85c0ca2b0,a7b7ca347f1364563620c05fc0b5c9615d138bf96af4cb0277d3389e61e9f853,experiment_v1_4/results/p5_final_audit_20260925_01/returned/tasks/seed2_trained_l0_h_random_128_current_iid.json,P7,frozen evaluation input
9fb4688636cea7c338fbc0da1292477915dd7fd9c1d45a76d981a6d85c0ca2b0,d32d23fbb560983b562ff8da19634a55a81cd9c8dbe900b3a375ef7512ca86db,experiment_v1_4/results/p5_final_audit_20260925_01/returned/tasks/seed2_trained_l0_h_random_128_current_transfer.json,P7,frozen evaluation input
9fb4688636cea7c338fbc0da1292477915dd7fd9c1d45a76d981a6d85c0ca2b0,f96c19e50ba0b28a903f17cef4783c94c212dce3191adb22371308c332f177b2,experiment_v1_4/results/p5_final_audit_20260925_01/returned/tasks/seed2_trained_l0_h_random_128_previous_iid.json,P7,frozen evaluation input
9fb4688636cea7c338fbc0da1292477915dd7fd9c1d45a76d981a6d85c0ca2b0,e53f3276ba63561f35bf2926cb497e9f06370ca6d2eb3706237019ae6eefed3a,experiment_v1_4/results/p5_final_audit_20260925_01/returned/tasks/seed2_trained_l0_h_random_128_previous_transfer.json,P7,frozen evaluation input
9fb4688636cea7c338fbc0da1292477915dd7fd9c1d45a76d981a6d85c0ca2b0,3c1583c0fdc096da09344cc134f9a047b62395e66a3869c0c746aee25ef46d94,experiment_v1_4/results/p5_final_audit_20260925_01/returned/tasks/seed2_trained_l0_h_random_128_query_iid.json,P7,frozen evaluation input
9fb4688636cea7c338fbc0da1292477915dd7fd9c1d45a76d981a6d85c0ca2b0,ca724437398244541403ec0eb35aff52ab2cf27aa0f7d89efd5ba6f6b228680d,experiment_v1_4/results/p5_final_audit_20260925_01/returned/tasks/seed2_trained_l0_h_random_128_state_iid.json,P7,frozen evaluation input
9fb4688636cea7c338fbc0da1292477915dd7fd9c1d45a76d981a6d85c0ca2b0,43201a130bd25ca3184a7d184e408e12d007df66c48ef37a57193bed0b044e42,experiment_v1_4/results/p5_final_audit_20260925_01/returned/tasks/seed2_trained_l0_h_random_A_iid.json,P7,frozen evaluation input
9fb4688636cea7c338fbc0da1292477915dd7fd9c1d45a76d981a6d85c0ca2b0,367c53711ce90bd9c32b3cb31cab8103ccb57c3a1d0201475f293d7759f8fa9d,experiment_v1_4/results/p5_final_audit_20260925_01/returned/tasks/seed2_trained_l0_h_random_B_iid.json,P7,frozen evaluation input
9fb4688636cea7c338fbc0da1292477915dd7fd9c1d45a76d981a6d85c0ca2b0,dea7f28fbce171ff44aba2899d29f268272011370ba95b40bb7052d549c8a94e,experiment_v1_4/results/p5_final_audit_20260925_01/returned/tasks/seed2_trained_l0_h_random_C_iid.json,P7,frozen evaluation input
9fb4688636cea7c338fbc0da1292477915dd7fd9c1d45a76d981a6d85c0ca2b0,7b580e2114ddbc50776fca80e7b1e582a02f1a67cdec3a27d3e099fe313d0c55,experiment_v1_4/results/p5_final_audit_20260925_01/returned/tasks/seed2_trained_l0_h_random_D_iid.json,P7,frozen evaluation input
9fb4688636cea7c338fbc0da1292477915dd7fd9c1d45a76d981a6d85c0ca2b0,c3aa40763b7ba830f942c176f55edeac85e559b91bd320536988fd7ef71ddc78,experiment_v1_4/results/p5_final_audit_20260925_01/returned/tasks/seed2_trained_l0_h_random_current_iid.json,P7,frozen evaluation input
9fb4688636cea7c338fbc0da1292477915dd7fd9c1d45a76d981a6d85c0ca2b0,870bc6962173aa583a7ea209d02575340fbc80a33968517a7d76880b7647dcc2,experiment_v1_4/results/p5_final_audit_20260925_01/returned/tasks/seed2_trained_l0_h_random_current_transfer.json,P7,frozen evaluation input
9fb4688636cea7c338fbc0da1292477915dd7fd9c1d45a76d981a6d85c0ca2b0,c08e3a925ceb014eb617bccab1aa7e8059a200f98a480c36f563288dec3803cc,experiment_v1_4/results/p5_final_audit_20260925_01/returned/tasks/seed2_trained_l0_h_random_previous_iid.json,P7,frozen evaluation input
9fb4688636cea7c338fbc0da1292477915dd7fd9c1d45a76d981a6d85c0ca2b0,74f29cd821b8d1dd1154fe520324f37ff1980906d3258a608b5a4e430b0af7e1,experiment_v1_4/results/p5_final_audit_20260925_01/returned/tasks/seed2_trained_l0_h_random_previous_transfer.json,P7,frozen evaluation input
9fb4688636cea7c338fbc0da1292477915dd7fd9c1d45a76d981a6d85c0ca2b0,3f870c9049d3dc642990fed24dc5ebd9f53c3028c7e5dc13591636eb314d5553,experiment_v1_4/results/p5_final_audit_20260925_01/returned/tasks/seed2_trained_l0_h_random_query_iid.json,P7,frozen evaluation input
9fb4688636cea7c338fbc0da1292477915dd7fd9c1d45a76d981a6d85c0ca2b0,33ac5fe009b14b55d9a88fc07edd0e6baa5c3b68b08d0cff047f0f751583b29d,experiment_v1_4/results/p5_final_audit_20260925_01/returned/tasks/seed2_trained_l0_h_random_state_iid.json,P7,frozen evaluation input
9fb4688636cea7c338fbc0da1292477915dd7fd9c1d45a76d981a6d85c0ca2b0,6bf6bee42d76e1db1d3d10ae68c18b5b617fcee6e29bf2924b94c482fa974109,experiment_v1_4/results/p5_final_audit_20260925_01/returned/tasks/seed2_trained_l11_h_full_A_iid.json,P7,frozen evaluation input
9fb4688636cea7c338fbc0da1292477915dd7fd9c1d45a76d981a6d85c0ca2b0,ff334baf1b83833815491d54a7acca7478d44d01b3d468ad612289557394bf8e,experiment_v1_4/results/p5_final_audit_20260925_01/returned/tasks/seed2_trained_l11_h_full_B_iid.json,P7,frozen evaluation input
9fb4688636cea7c338fbc0da1292477915dd7fd9c1d45a76d981a6d85c0ca2b0,acb532bb7d63e7622f8265d54949038cc698f8b798e6f9c8255bdfec630eade2,experiment_v1_4/results/p5_final_audit_20260925_01/returned/tasks/seed2_trained_l11_h_full_C_iid.json,P7,frozen evaluation input
9fb4688636cea7c338fbc0da1292477915dd7fd9c1d45a76d981a6d85c0ca2b0,b2438f94793c3844a19eb97061957a9d2112329d7ba1d3fc90c28b6636ba1092,experiment_v1_4/results/p5_final_audit_20260925_01/returned/tasks/seed2_trained_l11_h_full_D_iid.json,P7,frozen evaluation input
9fb4688636cea7c338fbc0da1292477915dd7fd9c1d45a76d981a6d85c0ca2b0,5d7ece92cda8f2d7beac7c0883e32deba2e18641bd945c4bf16f1cfa8c00838e,experiment_v1_4/results/p5_final_audit_20260925_01/returned/tasks/seed2_trained_l11_h_full_current_iid.json,P7,frozen evaluation input
9fb4688636cea7c338fbc0da1292477915dd7fd9c1d45a76d981a6d85c0ca2b0,9684c4ee84fb820b5302344ec2b253e277f0178183089b659ca16697a6eb1148,experiment_v1_4/results/p5_final_audit_20260925_01/returned/tasks/seed2_trained_l11_h_full_current_transfer.json,P7,frozen evaluation input
9fb4688636cea7c338fbc0da1292477915dd7fd9c1d45a76d981a6d85c0ca2b0,580914ec065aecbfa133f68745264c21219e1a53b473f86836a652540d9aa4ea,experiment_v1_4/results/p5_final_audit_20260925_01/returned/tasks/seed2_trained_l11_h_full_previous_iid.json,P7,frozen evaluation input
9fb4688636cea7c338fbc0da1292477915dd7fd9c1d45a76d981a6d85c0ca2b0,62c1abf14d6a63614ab1b18fc316c38f619063179bc1366b3ce30efe05c7df38,experiment_v1_4/results/p5_final_audit_20260925_01/returned/tasks/seed2_trained_l11_h_full_previous_transfer.json,P7,frozen evaluation input
9fb4688636cea7c338fbc0da1292477915dd7fd9c1d45a76d981a6d85c0ca2b0,93116c75b2151239d699ba4e152e2eeca0a188035def850a7c226a7e8de24450,experiment_v1_4/results/p5_final_audit_20260925_01/returned/tasks/seed2_trained_l11_h_full_query_iid.json,P7,frozen evaluation input
9fb4688636cea7c338fbc0da1292477915dd7fd9c1d45a76d981a6d85c0ca2b0,2a74bad9c33dc427121d14a9441a7615da7d2150ca7eb67547db379ed6cfe914,experiment_v1_4/results/p5_final_audit_20260925_01/returned/tasks/seed2_trained_l11_h_full_state_iid.json,P7,frozen evaluation input
9fb4688636cea7c338fbc0da1292477915dd7fd9c1d45a76d981a6d85c0ca2b0,7874a35d35c89a228a7c9ad54854eaea5429702c639fdd5f29920c9fb9b910b2,experiment_v1_4/results/p5_final_audit_20260925_01/returned/tasks/seed2_trained_l3_h_full_A_iid.json,P7,frozen evaluation input
9fb4688636cea7c338fbc0da1292477915dd7fd9c1d45a76d981a6d85c0ca2b0,65125218a1442a0a49edaff01183e29d6b525a081d7c7327833cf61556e16ab2,experiment_v1_4/results/p5_final_audit_20260925_01/returned/tasks/seed2_trained_l3_h_full_B_iid.json,P7,frozen evaluation input
9fb4688636cea7c338fbc0da1292477915dd7fd9c1d45a76d981a6d85c0ca2b0,488184792a46d6b82943d99d7e24ad3d8644a80cb08b358a937dbdc28c33466c,experiment_v1_4/results/p5_final_audit_20260925_01/returned/tasks/seed2_trained_l3_h_full_C_iid.json,P7,frozen evaluation input
9fb4688636cea7c338fbc0da1292477915dd7fd9c1d45a76d981a6d85c0ca2b0,597735b65ad792408617f90236bc71719f97cd38df361ecdb6e300de3efec274,experiment_v1_4/results/p5_final_audit_20260925_01/returned/tasks/seed2_trained_l3_h_full_D_iid.json,P7,frozen evaluation input
9fb4688636cea7c338fbc0da1292477915dd7fd9c1d45a76d981a6d85c0ca2b0,116d2fe77cc994e0d5356c113206a62d4ce57e7df7c08b8dd0a46bbf68037f6b,experiment_v1_4/results/p5_final_audit_20260925_01/returned/tasks/seed2_trained_l3_h_full_current_iid.json,P7,frozen evaluation input
9fb4688636cea7c338fbc0da1292477915dd7fd9c1d45a76d981a6d85c0ca2b0,11c2d141d580a4b7bc2bff134f283f4ca0b72bc3ba505f8612a282d20e5b4527,experiment_v1_4/results/p5_final_audit_20260925_01/returned/tasks/seed2_trained_l3_h_full_current_transfer.json,P7,frozen evaluation input
9fb4688636cea7c338fbc0da1292477915dd7fd9c1d45a76d981a6d85c0ca2b0,9d507a2ebfaa5b9c319d65db4f6490677d1c53768968e3796fd8f7cd552ee6fa,experiment_v1_4/results/p5_final_audit_20260925_01/returned/tasks/seed2_trained_l3_h_full_previous_iid.json,P7,frozen evaluation input
9fb4688636cea7c338fbc0da1292477915dd7fd9c1d45a76d981a6d85c0ca2b0,4381d7734622115d0e9820ecd9f927241c8190072c2fa031273f6949985cc679,experiment_v1_4/results/p5_final_audit_20260925_01/returned/tasks/seed2_trained_l3_h_full_previous_transfer.json,P7,frozen evaluation input
9fb4688636cea7c338fbc0da1292477915dd7fd9c1d45a76d981a6d85c0ca2b0,cf3322b42b791e3ce54c30992c2d3dba3d9ae732d7ae024c4535202af564d28d,experiment_v1_4/results/p5_final_audit_20260925_01/returned/tasks/seed2_trained_l3_h_full_query_iid.json,P7,frozen evaluation input
9fb4688636cea7c338fbc0da1292477915dd7fd9c1d45a76d981a6d85c0ca2b0,b31f73fa6ba01480188131e02950173d701e7bd15debe68baa5c661f18676af4,experiment_v1_4/results/p5_final_audit_20260925_01/returned/tasks/seed2_trained_l3_h_full_state_iid.json,P7,frozen evaluation input
9fb4688636cea7c338fbc0da1292477915dd7fd9c1d45a76d981a6d85c0ca2b0,7bd34042e9d42399c368e40c52b43d490d5a3d8d8b685153cd93a08aebb73121,experiment_v1_4/results/p5_final_audit_20260925_01/returned/tasks/seed2_trained_l7_h_full_A_iid.json,P7,frozen evaluation input
9fb4688636cea7c338fbc0da1292477915dd7fd9c1d45a76d981a6d85c0ca2b0,0ea156e2c5ae3d1c9d367654d3679de96278f0bc7af144fc6e2bace894a77ff1,experiment_v1_4/results/p5_final_audit_20260925_01/returned/tasks/seed2_trained_l7_h_full_B_iid.json,P7,frozen evaluation input
9fb4688636cea7c338fbc0da1292477915dd7fd9c1d45a76d981a6d85c0ca2b0,18ca58127c062a9161866c683c377b48da71d2aef91d2c829913eea2081cedfe,experiment_v1_4/results/p5_final_audit_20260925_01/returned/tasks/seed2_trained_l7_h_full_C_iid.json,P7,frozen evaluation input
9fb4688636cea7c338fbc0da1292477915dd7fd9c1d45a76d981a6d85c0ca2b0,7890c13d848dd0822849d86eec88498b171ef74f183a1d3451c801fd50225494,experiment_v1_4/results/p5_final_audit_20260925_01/returned/tasks/seed2_trained_l7_h_full_D_iid.json,P7,frozen evaluation input
9fb4688636cea7c338fbc0da1292477915dd7fd9c1d45a76d981a6d85c0ca2b0,0944d2ccafbe26956f020c6ab32c0d23183053d050654da3c078bffc32fbe010,experiment_v1_4/results/p5_final_audit_20260925_01/returned/tasks/seed2_trained_l7_h_full_current_iid.json,P7,frozen evaluation input
9fb4688636cea7c338fbc0da1292477915dd7fd9c1d45a76d981a6d85c0ca2b0,323739aca45a5a1e604a049c4293aac62e4273518ce2832e15bab3fb3ea61292,experiment_v1_4/results/p5_final_audit_20260925_01/returned/tasks/seed2_trained_l7_h_full_current_transfer.json,P7,frozen evaluation input
9fb4688636cea7c338fbc0da1292477915dd7fd9c1d45a76d981a6d85c0ca2b0,c81258b43c678c82000f94c8addf106e58375277bc7c17c4d30251091e35ff62,experiment_v1_4/results/p5_final_audit_20260925_01/returned/tasks/seed2_trained_l7_h_full_previous_iid.json,P7,frozen evaluation input
9fb4688636cea7c338fbc0da1292477915dd7fd9c1d45a76d981a6d85c0ca2b0,903b0d3a060251fc147a34390a2fb71d8f47ed05b62ea59274f4f53e8cc948c2,experiment_v1_4/results/p5_final_audit_20260925_01/returned/tasks/seed2_trained_l7_h_full_previous_transfer.json,P7,frozen evaluation input
9fb4688636cea7c338fbc0da1292477915dd7fd9c1d45a76d981a6d85c0ca2b0,e590696de71e1a37ea34c5cefe8e38ed4add690cfc9e1bb9f18fadb5c0470fcc,experiment_v1_4/results/p5_final_audit_20260925_01/returned/tasks/seed2_trained_l7_h_full_query_iid.json,P7,frozen evaluation input
9fb4688636cea7c338fbc0da1292477915dd7fd9c1d45a76d981a6d85c0ca2b0,9ede4a46d70e8ffb7ad33ffc297477c78e07081c19306f914552b1519e4cb4d7,experiment_v1_4/results/p5_final_audit_20260925_01/returned/tasks/seed2_trained_l7_h_full_state_iid.json,P7,frozen evaluation input
9fb4688636cea7c338fbc0da1292477915dd7fd9c1d45a76d981a6d85c0ca2b0,e9247506b7e7715a92e6df3aa43ac47b21fc15e81be067198d1a8c1bb5cc8646,experiment_v1_4/results/p5_metadata_audit_20260924_01/returned/probes/seed0_trained_l0_h_coordinate_128_A_iid.json,P7,frozen evaluation input
9fb4688636cea7c338fbc0da1292477915dd7fd9c1d45a76d981a6d85c0ca2b0,2e277eef2d66f2865b9b36ab06352f4738de066fdd4039b26726edfd64b6d5e8,experiment_v1_4/results/p5_metadata_audit_20260924_01/returned/probes/seed0_trained_l0_h_coordinate_128_B_iid.json,P7,frozen evaluation input
9fb4688636cea7c338fbc0da1292477915dd7fd9c1d45a76d981a6d85c0ca2b0,90b885f1547d8849b8116b07582060c42c1a93705d4f88fafc61f73b5afac15a,experiment_v1_4/results/p5_metadata_audit_20260924_01/returned/probes/seed0_trained_l0_h_coordinate_128_C_iid.json,P7,frozen evaluation input
9fb4688636cea7c338fbc0da1292477915dd7fd9c1d45a76d981a6d85c0ca2b0,c1c9ca887766b3e0fcfb1d7aaf783596f98ddab977323d50f1057d973ad79c77,experiment_v1_4/results/p5_metadata_audit_20260924_01/returned/probes/seed0_trained_l0_h_coordinate_128_D_iid.json,P7,frozen evaluation input
9fb4688636cea7c338fbc0da1292477915dd7fd9c1d45a76d981a6d85c0ca2b0,b1ef5ce639f94ad4aae1136c8c3d08e5d34369d39f246d2706cbd1951351594e,experiment_v1_4/results/p5_metadata_audit_20260924_01/returned/probes/seed0_trained_l0_h_coordinate_128_current_iid.json,P7,frozen evaluation input
9fb4688636cea7c338fbc0da1292477915dd7fd9c1d45a76d981a6d85c0ca2b0,59e85e65700f3d79e43a77df678cd4e026a7fc29e94bb1fe82b1a63e9d346e44,experiment_v1_4/results/p5_metadata_audit_20260924_01/returned/probes/seed0_trained_l0_h_coordinate_128_current_transfer.json,P7,frozen evaluation input
9fb4688636cea7c338fbc0da1292477915dd7fd9c1d45a76d981a6d85c0ca2b0,e15c5c5ce05d7366eaefaf9dbfd4d4fbad6a85d7e415e95fe217c603b3bcf084,experiment_v1_4/results/p5_metadata_audit_20260924_01/returned/probes/seed0_trained_l0_h_coordinate_128_previous_iid.json,P7,frozen evaluation input
9fb4688636cea7c338fbc0da1292477915dd7fd9c1d45a76d981a6d85c0ca2b0,3d3cec25fbc5d9420489511a61f6b0c59057388cde18334f66ed4c89895f7e16,experiment_v1_4/results/p5_metadata_audit_20260924_01/returned/probes/seed0_trained_l0_h_coordinate_128_previous_transfer.json,P7,frozen evaluation input
9fb4688636cea7c338fbc0da1292477915dd7fd9c1d45a76d981a6d85c0ca2b0,bf69d5c2c20d3fe457fd4d1537b2a22cb342c4a02af568fceca8b53dd622ec30,experiment_v1_4/results/p5_metadata_audit_20260924_01/returned/probes/seed0_trained_l0_h_coordinate_128_query_iid.json,P7,frozen evaluation input
9fb4688636cea7c338fbc0da1292477915dd7fd9c1d45a76d981a6d85c0ca2b0,6efd5cb8e879b749d10a42d79586754943ccffacff1e3ff98b2d1da9491b6603,experiment_v1_4/results/p5_metadata_audit_20260924_01/returned/probes/seed0_trained_l0_h_coordinate_128_state_iid.json,P7,frozen evaluation input
9fb4688636cea7c338fbc0da1292477915dd7fd9c1d45a76d981a6d85c0ca2b0,f42ee5ac4c0275f4fd9b1c367f5b6a2d62163a446a544a5bd8bca3a36d132f86,experiment_v1_4/results/p5_metadata_audit_20260924_01/returned/probes/seed0_trained_l0_h_coordinate_A_iid.json,P7,frozen evaluation input
9fb4688636cea7c338fbc0da1292477915dd7fd9c1d45a76d981a6d85c0ca2b0,bbe13b466082aa8fcf354b0051e5bf7a31fc6aec7b40aa123e753cfb95789fca,experiment_v1_4/results/p5_metadata_audit_20260924_01/returned/probes/seed0_trained_l0_h_coordinate_B_iid.json,P7,frozen evaluation input
9fb4688636cea7c338fbc0da1292477915dd7fd9c1d45a76d981a6d85c0ca2b0,5488d5b5ec6681112bcd0453c2b36726e7ad68f6d2e70931c38ded5fadfd914e,experiment_v1_4/results/p5_metadata_audit_20260924_01/returned/probes/seed0_trained_l0_h_coordinate_C_iid.json,P7,frozen evaluation input
9fb4688636cea7c338fbc0da1292477915dd7fd9c1d45a76d981a6d85c0ca2b0,09405f58e11aec2bc478939b942957892af16248bf24a9beeab3fc8eb34680f9,experiment_v1_4/results/p5_metadata_audit_20260924_01/returned/probes/seed0_trained_l0_h_coordinate_D_iid.json,P7,frozen evaluation input
9fb4688636cea7c338fbc0da1292477915dd7fd9c1d45a76d981a6d85c0ca2b0,aca67f1d3c898cc0a4f53d7aacbb8980dee203759c43166349639e08d2837602,experiment_v1_4/results/p5_metadata_audit_20260924_01/returned/probes/seed0_trained_l0_h_coordinate_current_iid.json,P7,frozen evaluation input
9fb4688636cea7c338fbc0da1292477915dd7fd9c1d45a76d981a6d85c0ca2b0,9c8d96d15d721d8c7ed79cf489aeea55eaa70787681749c5abc49a30d07cad41,experiment_v1_4/results/p5_metadata_audit_20260924_01/returned/probes/seed0_trained_l0_h_coordinate_current_transfer.json,P7,frozen evaluation input
9fb4688636cea7c338fbc0da1292477915dd7fd9c1d45a76d981a6d85c0ca2b0,48b9cadee1f9885c9655ecdf0de18f7e61c210ce3d9cee7a3c94955f94b1146f,experiment_v1_4/results/p5_metadata_audit_20260924_01/returned/probes/seed0_trained_l0_h_coordinate_previous_iid.json,P7,frozen evaluation input
9fb4688636cea7c338fbc0da1292477915dd7fd9c1d45a76d981a6d85c0ca2b0,1b1d02b039fe7a51239e4dc5244ec74bc073e9860bc46df4b254bc26e0b2406c,experiment_v1_4/results/p5_metadata_audit_20260924_01/returned/probes/seed0_trained_l0_h_coordinate_previous_transfer.json,P7,frozen evaluation input
9fb4688636cea7c338fbc0da1292477915dd7fd9c1d45a76d981a6d85c0ca2b0,12d57f7fdc3eafa012835a97fc2247216e180763cccf24d05f8d6a810c5c4f56,experiment_v1_4/results/p5_metadata_audit_20260924_01/returned/probes/seed0_trained_l0_h_coordinate_query_iid.json,P7,frozen evaluation input
9fb4688636cea7c338fbc0da1292477915dd7fd9c1d45a76d981a6d85c0ca2b0,8eea0182c19857320357f6fa024466b2f64af47d5b1bb42f561b0044e9ff5d0b,experiment_v1_4/results/p5_metadata_audit_20260924_01/returned/probes/seed0_trained_l0_h_coordinate_state_iid.json,P7,frozen evaluation input
9fb4688636cea7c338fbc0da1292477915dd7fd9c1d45a76d981a6d85c0ca2b0,b012d61079b28c4225500a11d37bc6741ca53e1a77d891e329f6d79684529a2d,experiment_v1_4/results/p5_metadata_audit_20260924_01/returned/probes/seed0_trained_l0_h_full_A_iid.json,P7,frozen evaluation input
9fb4688636cea7c338fbc0da1292477915dd7fd9c1d45a76d981a6d85c0ca2b0,5f69bc68ae13ae85c12273d68dcdecdf2314e923ccd03047d763924394f214a0,experiment_v1_4/results/p5_metadata_audit_20260924_01/returned/probes/seed0_trained_l0_h_full_B_iid.json,P7,frozen evaluation input
9fb4688636cea7c338fbc0da1292477915dd7fd9c1d45a76d981a6d85c0ca2b0,27030e7176a61baf738304e645ce6edb8bd309f8adeac74e50e02e679696e7d4,experiment_v1_4/results/p5_metadata_audit_20260924_01/returned/probes/seed0_trained_l0_h_full_C_iid.json,P7,frozen evaluation input
9fb4688636cea7c338fbc0da1292477915dd7fd9c1d45a76d981a6d85c0ca2b0,71f89682e6454210de0b0047b66342cb8db9f60b08d5e2175fcaa9c01c347c0b,experiment_v1_4/results/p5_metadata_audit_20260924_01/returned/probes/seed0_trained_l0_h_full_D_iid.json,P7,frozen evaluation input
9fb4688636cea7c338fbc0da1292477915dd7fd9c1d45a76d981a6d85c0ca2b0,6c8c76867c06ec4efdfa46408396192ade253553005c79832c3aedd97e24085d,experiment_v1_4/results/p5_metadata_audit_20260924_01/returned/probes/seed0_trained_l0_h_full_current_iid.json,P7,frozen evaluation input
9fb4688636cea7c338fbc0da1292477915dd7fd9c1d45a76d981a6d85c0ca2b0,857c0ed593392a8ba9019e4e5cf584092282d0579619ff4539647fab96021396,experiment_v1_4/results/p5_metadata_audit_20260924_01/returned/probes/seed0_trained_l0_h_full_current_transfer.json,P7,frozen evaluation input
9fb4688636cea7c338fbc0da1292477915dd7fd9c1d45a76d981a6d85c0ca2b0,a7c3716e3923ebc06df84de08741397f93281d120d628cd8f87c3ab545dab8cb,experiment_v1_4/results/p5_metadata_audit_20260924_01/returned/probes/seed0_trained_l0_h_full_previous_iid.json,P7,frozen evaluation input
9fb4688636cea7c338fbc0da1292477915dd7fd9c1d45a76d981a6d85c0ca2b0,8c4060b4fba0957c63e9e47854ea4bfaadefef0119744f3d6ad816ae11ad11a7,experiment_v1_4/results/p5_metadata_audit_20260924_01/returned/probes/seed0_trained_l0_h_full_previous_transfer.json,P7,frozen evaluation input
9fb4688636cea7c338fbc0da1292477915dd7fd9c1d45a76d981a6d85c0ca2b0,8d34fa633349bc3bd8531d24ed9d21305c3614a852bd7ffa37d367cd40095567,experiment_v1_4/results/p5_metadata_audit_20260924_01/returned/probes/seed0_trained_l0_h_full_query_iid.json,P7,frozen evaluation input
9fb4688636cea7c338fbc0da1292477915dd7fd9c1d45a76d981a6d85c0ca2b0,89a0e704d2e6592f561782a3810ce3b60dc7dd767e2a5cd9200ee4cf28c1ae76,experiment_v1_4/results/p5_metadata_audit_20260924_01/returned/probes/seed0_trained_l0_h_full_state_iid.json,P7,frozen evaluation input
9fb4688636cea7c338fbc0da1292477915dd7fd9c1d45a76d981a6d85c0ca2b0,1f5f7d355641e88d122caec30ac1b5d52e0bb632ac3f2230b9267795007cfb2f,experiment_v1_4/results/p5_metadata_audit_20260924_01/returned/probes/seed0_trained_l0_h_random_128_A_iid.json,P7,frozen evaluation input
9fb4688636cea7c338fbc0da1292477915dd7fd9c1d45a76d981a6d85c0ca2b0,ebeadfa269c45ad81c4bca5a2edf4d463b4900b658c2b7a2c940cf203d82b5ef,experiment_v1_4/results/p5_metadata_audit_20260924_01/returned/probes/seed0_trained_l0_h_random_128_B_iid.json,P7,frozen evaluation input
9fb4688636cea7c338fbc0da1292477915dd7fd9c1d45a76d981a6d85c0ca2b0,47c4d3f1cc061fcf2ecb1f7ce12db13d2085c0d9231ea23dbb1c013394666403,experiment_v1_4/results/p5_metadata_audit_20260924_01/returned/probes/seed0_trained_l0_h_random_128_C_iid.json,P7,frozen evaluation input
9fb4688636cea7c338fbc0da1292477915dd7fd9c1d45a76d981a6d85c0ca2b0,55fa0704c41f95852f73d5325cd9f06d4249cb90882e89a6b55c2c9496e798ad,experiment_v1_4/results/p5_metadata_audit_20260924_01/returned/probes/seed0_trained_l0_h_random_128_D_iid.json,P7,frozen evaluation input
9fb4688636cea7c338fbc0da1292477915dd7fd9c1d45a76d981a6d85c0ca2b0,4358d46ff8cbc3bb335a1cc82477cf3d9c45db94f08176e1981bb24c128995f1,experiment_v1_4/results/p5_metadata_audit_20260924_01/returned/probes/seed0_trained_l0_h_random_128_current_iid.json,P7,frozen evaluation input
9fb4688636cea7c338fbc0da1292477915dd7fd9c1d45a76d981a6d85c0ca2b0,c80236119c2997a6625d3e1edc16ea14dc0841120b181c716debbfd9efb80abe,experiment_v1_4/results/p5_metadata_audit_20260924_01/returned/probes/seed0_trained_l0_h_random_128_current_transfer.json,P7,frozen evaluation input
9fb4688636cea7c338fbc0da1292477915dd7fd9c1d45a76d981a6d85c0ca2b0,8678f74476da03dce275e6ecfd8a7633280d30ba37a8cbedfe4d474b06f7a550,experiment_v1_4/results/p5_metadata_audit_20260924_01/returned/probes/seed0_trained_l0_h_random_128_previous_iid.json,P7,frozen evaluation input
9fb4688636cea7c338fbc0da1292477915dd7fd9c1d45a76d981a6d85c0ca2b0,9d2498c55725075bfe633a082e0e4d029689e5f6df15a5162cda940317ff5ae9,experiment_v1_4/results/p5_metadata_audit_20260924_01/returned/probes/seed0_trained_l0_h_random_128_previous_transfer.json,P7,frozen evaluation input
9fb4688636cea7c338fbc0da1292477915dd7fd9c1d45a76d981a6d85c0ca2b0,eb545dace5f67d242d8385a53bc6ff01249a96862720085e2beda8bcb5cef9c5,experiment_v1_4/results/p5_metadata_audit_20260924_01/returned/probes/seed0_trained_l0_h_random_128_query_iid.json,P7,frozen evaluation input
9fb4688636cea7c338fbc0da1292477915dd7fd9c1d45a76d981a6d85c0ca2b0,45c076586c9ab511445971bfea4057546f5a394132a28e041095ec0fe81e3ca3,experiment_v1_4/results/p5_metadata_audit_20260924_01/returned/probes/seed0_trained_l0_h_random_128_state_iid.json,P7,frozen evaluation input
9fb4688636cea7c338fbc0da1292477915dd7fd9c1d45a76d981a6d85c0ca2b0,985609a090fcdfac8323eff2f1c6c9d95740f7538e5da11be0a91a8d42dfb08c,experiment_v1_4/results/p5_metadata_audit_20260924_01/returned/probes/seed0_trained_l0_h_random_A_iid.json,P7,frozen evaluation input
9fb4688636cea7c338fbc0da1292477915dd7fd9c1d45a76d981a6d85c0ca2b0,d90e9ecdc5a9f2025567e6478508dda06daad54c71def0aed2f36d47bc6f0cc3,experiment_v1_4/results/p5_metadata_audit_20260924_01/returned/probes/seed0_trained_l0_h_random_B_iid.json,P7,frozen evaluation input
9fb4688636cea7c338fbc0da1292477915dd7fd9c1d45a76d981a6d85c0ca2b0,553555e931bd1a469b9b4e6d0364e61027b8b8b31e141cd11f52c509a45b9325,experiment_v1_4/results/p5_metadata_audit_20260924_01/returned/probes/seed0_trained_l0_h_random_C_iid.json,P7,frozen evaluation input
9fb4688636cea7c338fbc0da1292477915dd7fd9c1d45a76d981a6d85c0ca2b0,40212abbd97c89a6719213877eb56e4720486a399913ce7c8f3e66ce01e85d5f,experiment_v1_4/results/p5_metadata_audit_20260924_01/returned/probes/seed0_trained_l0_h_random_D_iid.json,P7,frozen evaluation input
9fb4688636cea7c338fbc0da1292477915dd7fd9c1d45a76d981a6d85c0ca2b0,8ad40b4cf5149001e8c8b00753e4fb6af0bdc73aed6c9be9bbcada49a150e035,experiment_v1_4/results/p5_metadata_audit_20260924_01/returned/probes/seed0_trained_l0_h_random_current_iid.json,P7,frozen evaluation input
9fb4688636cea7c338fbc0da1292477915dd7fd9c1d45a76d981a6d85c0ca2b0,2d911748ce15e0615a1e96b4d68310b8d4155fa77941f252fc420c405dc14c9d,experiment_v1_4/results/p5_metadata_audit_20260924_01/returned/probes/seed0_trained_l0_h_random_current_transfer.json,P7,frozen evaluation input
9fb4688636cea7c338fbc0da1292477915dd7fd9c1d45a76d981a6d85c0ca2b0,40087fc3f7ed0f2ce7b7c3af1d835f91cd2cfcd4f4e18739db2a1512eac80051,experiment_v1_4/results/p5_metadata_audit_20260924_01/returned/probes/seed0_trained_l0_h_random_previous_iid.json,P7,frozen evaluation input
9fb4688636cea7c338fbc0da1292477915dd7fd9c1d45a76d981a6d85c0ca2b0,d9c18b632c9b248d864b41de0ae71aebe580ce90d2a1bc5f45e06789628ebb7f,experiment_v1_4/results/p5_metadata_audit_20260924_01/returned/probes/seed0_trained_l0_h_random_previous_transfer.json,P7,frozen evaluation input
9fb4688636cea7c338fbc0da1292477915dd7fd9c1d45a76d981a6d85c0ca2b0,338b151090c3e412183b6291f1b90d3e1a4be10109ac2bf1a88f1feb4325092a,experiment_v1_4/results/p5_metadata_audit_20260924_01/returned/probes/seed0_trained_l0_h_random_query_iid.json,P7,frozen evaluation input
9fb4688636cea7c338fbc0da1292477915dd7fd9c1d45a76d981a6d85c0ca2b0,811bbdd2485e9f36e992e85c1963427c857dfac24832f44264b28bfff7a9daf5,experiment_v1_4/results/p5_metadata_audit_20260924_01/returned/probes/seed0_trained_l0_h_random_state_iid.json,P7,frozen evaluation input
9fb4688636cea7c338fbc0da1292477915dd7fd9c1d45a76d981a6d85c0ca2b0,02a5391bb6878ef3a3d97630ee978864dd0a5452644ef5007dcfab4e66ed1986,experiment_v1_4/results/p5_metadata_audit_20260924_01/returned/probes/seed0_trained_l11_h_full_A_iid.json,P7,frozen evaluation input
9fb4688636cea7c338fbc0da1292477915dd7fd9c1d45a76d981a6d85c0ca2b0,53e331a5a2630d706f092072d125de8779e16327a5fc4150b0188d747e28c1a0,experiment_v1_4/results/p5_metadata_audit_20260924_01/returned/probes/seed0_trained_l11_h_full_B_iid.json,P7,frozen evaluation input
9fb4688636cea7c338fbc0da1292477915dd7fd9c1d45a76d981a6d85c0ca2b0,e9a02f8dd02d77f143d7bb8a48f46956b2cbe2c099573da5f2491c27ebb41ec8,experiment_v1_4/results/p5_metadata_audit_20260924_01/returned/probes/seed0_trained_l11_h_full_C_iid.json,P7,frozen evaluation input
9fb4688636cea7c338fbc0da1292477915dd7fd9c1d45a76d981a6d85c0ca2b0,ad4e015ac35cd8886aa385464688360e6dc1b282ca058ad52cf01bd116912947,experiment_v1_4/results/p5_metadata_audit_20260924_01/returned/probes/seed0_trained_l11_h_full_D_iid.json,P7,frozen evaluation input
9fb4688636cea7c338fbc0da1292477915dd7fd9c1d45a76d981a6d85c0ca2b0,9305f76b9a97def820da45f0d3eb671893244199b786856f355ec56c77a8f9b5,experiment_v1_4/results/p5_metadata_audit_20260924_01/returned/probes/seed0_trained_l11_h_full_current_iid.json,P7,frozen evaluation input
9fb4688636cea7c338fbc0da1292477915dd7fd9c1d45a76d981a6d85c0ca2b0,39009fe71c71b877f4a5469818324ecdbe2abc73f02e0a623a55d8d51dddbab7,experiment_v1_4/results/p5_metadata_audit_20260924_01/returned/probes/seed0_trained_l11_h_full_current_transfer.json,P7,frozen evaluation input
9fb4688636cea7c338fbc0da1292477915dd7fd9c1d45a76d981a6d85c0ca2b0,8a1178f6ad6ad46d03bbeb6f3ec9eaf7ab42ea9cece18e84082eac9f3ce6cbc6,experiment_v1_4/results/p5_metadata_audit_20260924_01/returned/probes/seed0_trained_l11_h_full_previous_iid.json,P7,frozen evaluation input
9fb4688636cea7c338fbc0da1292477915dd7fd9c1d45a76d981a6d85c0ca2b0,ad8fbf8b24e4dd2d25ae6519bc4f3652837f4c2f6e17d49e79f8d90a5ccb5293,experiment_v1_4/results/p5_metadata_audit_20260924_01/returned/probes/seed0_trained_l11_h_full_previous_transfer.json,P7,frozen evaluation input
9fb4688636cea7c338fbc0da1292477915dd7fd9c1d45a76d981a6d85c0ca2b0,fb627bb77b769fe3f0650f0472866686222036402c91bdb95e80a638297fe682,experiment_v1_4/results/p5_metadata_audit_20260924_01/returned/probes/seed0_trained_l11_h_full_query_iid.json,P7,frozen evaluation input
9fb4688636cea7c338fbc0da1292477915dd7fd9c1d45a76d981a6d85c0ca2b0,98866e03b179df8a209c247645d730156da620fd0f9b2f319b090ef715e151a7,experiment_v1_4/results/p5_metadata_audit_20260924_01/returned/probes/seed0_trained_l11_h_full_state_iid.json,P7,frozen evaluation input
9fb4688636cea7c338fbc0da1292477915dd7fd9c1d45a76d981a6d85c0ca2b0,e3dc80f73f6b612f250ee9ad5be55823df8ace7444e435f3da13ae9d3dc2c67d,experiment_v1_4/results/p5_metadata_audit_20260924_01/returned/probes/seed0_trained_l3_h_full_A_iid.json,P7,frozen evaluation input
9fb4688636cea7c338fbc0da1292477915dd7fd9c1d45a76d981a6d85c0ca2b0,5598af36c6cc8c90ea4ab9934f4b807f35e9fe08405237c86cfccb295cc5de04,experiment_v1_4/results/p5_metadata_audit_20260924_01/returned/probes/seed0_trained_l3_h_full_B_iid.json,P7,frozen evaluation input
9fb4688636cea7c338fbc0da1292477915dd7fd9c1d45a76d981a6d85c0ca2b0,593aa4c554095570a8c14f9d66a12a285eb4c5bde15ca18f8a300d6d8c98b4c3,experiment_v1_4/results/p5_metadata_audit_20260924_01/returned/probes/seed0_trained_l3_h_full_C_iid.json,P7,frozen evaluation input
9fb4688636cea7c338fbc0da1292477915dd7fd9c1d45a76d981a6d85c0ca2b0,3f4d7f57b88f6806253701c9f5b189632e1bf2899bc531a67f02f300b1f64cae,experiment_v1_4/results/p5_metadata_audit_20260924_01/returned/probes/seed0_trained_l3_h_full_D_iid.json,P7,frozen evaluation input
9fb4688636cea7c338fbc0da1292477915dd7fd9c1d45a76d981a6d85c0ca2b0,dc3b2a4f215719d28021f4830836b99109d9af123c207469648a66aba5e53663,experiment_v1_4/results/p5_metadata_audit_20260924_01/returned/probes/seed0_trained_l3_h_full_current_iid.json,P7,frozen evaluation input
9fb4688636cea7c338fbc0da1292477915dd7fd9c1d45a76d981a6d85c0ca2b0,9c7462ddb080c46feca1c788c3e6ab3bf8f011c523ff21e8f8332845a162cf8c,experiment_v1_4/results/p5_metadata_audit_20260924_01/returned/probes/seed0_trained_l3_h_full_current_transfer.json,P7,frozen evaluation input
9fb4688636cea7c338fbc0da1292477915dd7fd9c1d45a76d981a6d85c0ca2b0,f6689d0865dc77ddc8521999705b94e45e71b6929b01554e7d670234679335f8,experiment_v1_4/results/p5_metadata_audit_20260924_01/returned/probes/seed0_trained_l3_h_full_previous_iid.json,P7,frozen evaluation input
9fb4688636cea7c338fbc0da1292477915dd7fd9c1d45a76d981a6d85c0ca2b0,4a4c49b3a17659afa9c8f0a55d7a05f5383f58bb90e1b850447bb8acacf224f9,experiment_v1_4/results/p5_metadata_audit_20260924_01/returned/probes/seed0_trained_l3_h_full_previous_transfer.json,P7,frozen evaluation input
9fb4688636cea7c338fbc0da1292477915dd7fd9c1d45a76d981a6d85c0ca2b0,fddf94aa217cf84eec233a30f1324ebb9af6f5f79ef5c59540705631fd07ae0c,experiment_v1_4/results/p5_metadata_audit_20260924_01/returned/probes/seed0_trained_l3_h_full_query_iid.json,P7,frozen evaluation input
9fb4688636cea7c338fbc0da1292477915dd7fd9c1d45a76d981a6d85c0ca2b0,c258d8cb4954eb215e841e34c3d31d7772a0cfac8e3c40d24643e317f9db69b6,experiment_v1_4/results/p5_metadata_audit_20260924_01/returned/probes/seed0_trained_l3_h_full_state_iid.json,P7,frozen evaluation input
9fb4688636cea7c338fbc0da1292477915dd7fd9c1d45a76d981a6d85c0ca2b0,2f5265b4185b9ae186576d097558d22a578d2b9829f18908a2063cffc3c7aa15,experiment_v1_4/results/p5_metadata_audit_20260924_01/returned/probes/seed0_trained_l7_h_full_A_iid.json,P7,frozen evaluation input
9fb4688636cea7c338fbc0da1292477915dd7fd9c1d45a76d981a6d85c0ca2b0,73ed4f4c4f8cac31ede9cd1ceb2d3c13f9217d369fb3a0fbc01976baa1b14f0a,experiment_v1_4/results/p5_metadata_audit_20260924_01/returned/probes/seed0_trained_l7_h_full_B_iid.json,P7,frozen evaluation input
9fb4688636cea7c338fbc0da1292477915dd7fd9c1d45a76d981a6d85c0ca2b0,bba6b980b9ca972d0cff08b6d91208739f82284f1e5d6eac95b834e5d7523253,experiment_v1_4/results/p5_metadata_audit_20260924_01/returned/probes/seed0_trained_l7_h_full_C_iid.json,P7,frozen evaluation input
9fb4688636cea7c338fbc0da1292477915dd7fd9c1d45a76d981a6d85c0ca2b0,52fc4ebf50cfac33d54654cbcf956c79d6708464caa63390ac0d207e428645d3,experiment_v1_4/results/p5_metadata_audit_20260924_01/returned/probes/seed0_trained_l7_h_full_D_iid.json,P7,frozen evaluation input
9fb4688636cea7c338fbc0da1292477915dd7fd9c1d45a76d981a6d85c0ca2b0,655a33accc1bd3fc8acb789ba72809e109a1ce45aa9826e753d48f8f7aac469b,experiment_v1_4/results/p5_metadata_audit_20260924_01/returned/probes/seed0_trained_l7_h_full_current_iid.json,P7,frozen evaluation input
9fb4688636cea7c338fbc0da1292477915dd7fd9c1d45a76d981a6d85c0ca2b0,1ddc2478e97164c38a7a9cea642a8811936940d36ec5e3b230b6346dc23b7048,experiment_v1_4/results/p5_metadata_audit_20260924_01/returned/probes/seed0_trained_l7_h_full_current_transfer.json,P7,frozen evaluation input
9fb4688636cea7c338fbc0da1292477915dd7fd9c1d45a76d981a6d85c0ca2b0,21303b8f37a30a6fad56a20886ea5c4652dfb3b852246ecc007ad0a183d5e1e0,experiment_v1_4/results/p5_metadata_audit_20260924_01/returned/probes/seed0_trained_l7_h_full_previous_iid.json,P7,frozen evaluation input
9fb4688636cea7c338fbc0da1292477915dd7fd9c1d45a76d981a6d85c0ca2b0,5a0ffecbaf167f1c0fd6c81cbd6d75c1939b2db7644f5c281b5702db406758be,experiment_v1_4/results/p5_metadata_audit_20260924_01/returned/probes/seed0_trained_l7_h_full_previous_transfer.json,P7,frozen evaluation input
9fb4688636cea7c338fbc0da1292477915dd7fd9c1d45a76d981a6d85c0ca2b0,7ea56c64be049e58adcb6d5adf7814a275996e1b5f4146c303da7ccb7f7b7c1d,experiment_v1_4/results/p5_metadata_audit_20260924_01/returned/probes/seed0_trained_l7_h_full_query_iid.json,P7,frozen evaluation input
9fb4688636cea7c338fbc0da1292477915dd7fd9c1d45a76d981a6d85c0ca2b0,d580dceddefd5c4c57f159c3ee7aa5fd685a0785976fd9668f29f1df5ad4e209,experiment_v1_4/results/p5_metadata_audit_20260924_01/returned/probes/seed0_trained_l7_h_full_state_iid.json,P7,frozen evaluation input
9fb4688636cea7c338fbc0da1292477915dd7fd9c1d45a76d981a6d85c0ca2b0,79960b3637d8d58f4cc269d827334490a42fbc87f66cd1aead7818b2e6d522c2,experiment_v1_4/results/p5_metadata_audit_20260924_01/returned/probes/seed1_trained_l0_h_coordinate_128_A_iid.json,P7,frozen evaluation input
9fb4688636cea7c338fbc0da1292477915dd7fd9c1d45a76d981a6d85c0ca2b0,edb11875347d025996e229d2a4c8b86d82d9b9bd7a0d129098f2c0dee35c7ae9,experiment_v1_4/results/p5_metadata_audit_20260924_01/returned/probes/seed1_trained_l0_h_coordinate_128_B_iid.json,P7,frozen evaluation input
9fb4688636cea7c338fbc0da1292477915dd7fd9c1d45a76d981a6d85c0ca2b0,62b95323df2971f6adf74694d4e1b9eab82cebc60f44e72039bb410f69e94f1b,experiment_v1_4/results/p5_metadata_audit_20260924_01/returned/probes/seed1_trained_l0_h_coordinate_128_C_iid.json,P7,frozen evaluation input
9fb4688636cea7c338fbc0da1292477915dd7fd9c1d45a76d981a6d85c0ca2b0,b65b9b1a6c1b37e9af97223deb9542166729bb9741eb4dcba57e60e5248b8486,experiment_v1_4/results/p5_metadata_audit_20260924_01/returned/probes/seed1_trained_l0_h_coordinate_128_D_iid.json,P7,frozen evaluation input
9fb4688636cea7c338fbc0da1292477915dd7fd9c1d45a76d981a6d85c0ca2b0,a785127bb3a7505ff752f723c8e517db14e174247db032b71c20dd078f873c62,experiment_v1_4/results/p5_metadata_audit_20260924_01/returned/probes/seed1_trained_l0_h_coordinate_128_current_iid.json,P7,frozen evaluation input
9fb4688636cea7c338fbc0da1292477915dd7fd9c1d45a76d981a6d85c0ca2b0,4f3fac59bba28c399fb3c9212008a1e0dc7aca7e8d9cdd53c8968e6fa1040b0c,experiment_v1_4/results/p5_metadata_audit_20260924_01/returned/probes/seed1_trained_l0_h_coordinate_128_current_transfer.json,P7,frozen evaluation input
9fb4688636cea7c338fbc0da1292477915dd7fd9c1d45a76d981a6d85c0ca2b0,235c9504e13c9b2661284cb19f3d99767b9d1e29b0e1e2f951dd1f71402a2b0e,experiment_v1_4/results/p5_metadata_audit_20260924_01/returned/probes/seed1_trained_l0_h_coordinate_128_previous_iid.json,P7,frozen evaluation input
9fb4688636cea7c338fbc0da1292477915dd7fd9c1d45a76d981a6d85c0ca2b0,8eb9aaae716d8620e1fead7fc163bfd9fdef913d88a954722d7614321be001dc,experiment_v1_4/results/p5_metadata_audit_20260924_01/returned/probes/seed1_trained_l0_h_coordinate_128_previous_transfer.json,P7,frozen evaluation input
9fb4688636cea7c338fbc0da1292477915dd7fd9c1d45a76d981a6d85c0ca2b0,2454483b7b294ea249948427cd675ccf2ea542c85fcd4c9a0c4daf9fd9430175,experiment_v1_4/results/p5_metadata_audit_20260924_01/returned/probes/seed1_trained_l0_h_coordinate_128_query_iid.json,P7,frozen evaluation input
9fb4688636cea7c338fbc0da1292477915dd7fd9c1d45a76d981a6d85c0ca2b0,25e3eca276b6817c64f5e4c7e5800e56adb69fdb20eddc953c1847b6de4adc16,experiment_v1_4/results/p5_metadata_audit_20260924_01/returned/probes/seed1_trained_l0_h_coordinate_128_state_iid.json,P7,frozen evaluation input
9fb4688636cea7c338fbc0da1292477915dd7fd9c1d45a76d981a6d85c0ca2b0,93bdefd9ad35df92c2dc3eabf7545254b177e412f219c5f3d4bb71418ceebcc1,experiment_v1_4/results/p5_metadata_audit_20260924_01/returned/probes/seed1_trained_l0_h_coordinate_A_iid.json,P7,frozen evaluation input
9fb4688636cea7c338fbc0da1292477915dd7fd9c1d45a76d981a6d85c0ca2b0,831c45fa81e344e2f8e3cc6d69c0296af66d5775fb2c9856603806f575e2a119,experiment_v1_4/results/p5_metadata_audit_20260924_01/returned/probes/seed1_trained_l0_h_coordinate_B_iid.json,P7,frozen evaluation input
9fb4688636cea7c338fbc0da1292477915dd7fd9c1d45a76d981a6d85c0ca2b0,eb7988a3062d56e2d0b0a4ad8c86ae12aa52a447ac8da242139cf3972ea933ef,experiment_v1_4/results/p5_metadata_audit_20260924_01/returned/probes/seed1_trained_l0_h_coordinate_C_iid.json,P7,frozen evaluation input
9fb4688636cea7c338fbc0da1292477915dd7fd9c1d45a76d981a6d85c0ca2b0,640478a2ef9e5070e15a0bd49fab2648686cb80758fe6fa5ed24fb21b41bf545,experiment_v1_4/results/p5_metadata_audit_20260924_01/returned/probes/seed1_trained_l0_h_coordinate_D_iid.json,P7,frozen evaluation input
9fb4688636cea7c338fbc0da1292477915dd7fd9c1d45a76d981a6d85c0ca2b0,ac13c8c7586518c57ddb1b3f228e108c651c5e02355ec6a31668924fe7de8c98,experiment_v1_4/results/p5_metadata_audit_20260924_01/returned/probes/seed1_trained_l0_h_coordinate_current_iid.json,P7,frozen evaluation input
9fb4688636cea7c338fbc0da1292477915dd7fd9c1d45a76d981a6d85c0ca2b0,5c350efeb571e0fe5834a7a94f284295999c0dc3e9e1bdfdb32cac838c015647,experiment_v1_4/results/p5_metadata_audit_20260924_01/returned/probes/seed1_trained_l0_h_coordinate_current_transfer.json,P7,frozen evaluation input
9fb4688636cea7c338fbc0da1292477915dd7fd9c1d45a76d981a6d85c0ca2b0,f88d7ec2030dc504b071096e4b833e14221c266248909d2cf3e16434fef38a69,experiment_v1_4/results/p5_metadata_audit_20260924_01/returned/probes/seed1_trained_l0_h_coordinate_previous_iid.json,P7,frozen evaluation input
9fb4688636cea7c338fbc0da1292477915dd7fd9c1d45a76d981a6d85c0ca2b0,14205b4f15e16caeb9d291a29b5c62c5756786cbbd9cedf9afdfc18a7664f1f5,experiment_v1_4/results/p5_metadata_audit_20260924_01/returned/probes/seed1_trained_l0_h_coordinate_previous_transfer.json,P7,frozen evaluation input
9fb4688636cea7c338fbc0da1292477915dd7fd9c1d45a76d981a6d85c0ca2b0,99a14335d49f0c40385ab106e268f4833d6d72b2c6e2fefc64859e22087f48f9,experiment_v1_4/results/p5_metadata_audit_20260924_01/returned/probes/seed1_trained_l0_h_coordinate_query_iid.json,P7,frozen evaluation input
9fb4688636cea7c338fbc0da1292477915dd7fd9c1d45a76d981a6d85c0ca2b0,1cc226b2267f0e7febfdef3d6f5da1dd544cb315b63c9b875b7c8bbd46637617,experiment_v1_4/results/p5_metadata_audit_20260924_01/returned/probes/seed1_trained_l0_h_coordinate_state_iid.json,P7,frozen evaluation input
9fb4688636cea7c338fbc0da1292477915dd7fd9c1d45a76d981a6d85c0ca2b0,01217deaee6b2ff090133e78d44374a202d01ac5411c98d6e06945404491a60f,experiment_v1_4/results/p5_metadata_audit_20260924_01/returned/probes/seed1_trained_l0_h_full_A_iid.json,P7,frozen evaluation input
9fb4688636cea7c338fbc0da1292477915dd7fd9c1d45a76d981a6d85c0ca2b0,b06c1a6177f2d253e2d964c924460c1fac9427a9ec2fe75e1c6d2599e7c4d474,experiment_v1_4/results/p5_metadata_audit_20260924_01/returned/probes/seed1_trained_l0_h_full_B_iid.json,P7,frozen evaluation input
9fb4688636cea7c338fbc0da1292477915dd7fd9c1d45a76d981a6d85c0ca2b0,50c043131e66d93e4e0fae84d6dd8ea807f55fe5e2741a95b2e9a9e4d609bac9,experiment_v1_4/results/p5_metadata_audit_20260924_01/returned/probes/seed1_trained_l0_h_full_C_iid.json,P7,frozen evaluation input
9fb4688636cea7c338fbc0da1292477915dd7fd9c1d45a76d981a6d85c0ca2b0,355e98e9b9c6b197741cbed89a75bd2dad7680987e6de18e2970f3f314744635,experiment_v1_4/results/p5_metadata_audit_20260924_01/returned/probes/seed1_trained_l0_h_full_D_iid.json,P7,frozen evaluation input
9fb4688636cea7c338fbc0da1292477915dd7fd9c1d45a76d981a6d85c0ca2b0,25c584f4b4cb198b777fa48f20e8b6c4c83806776d9929a7d232d4f915beb22b,experiment_v1_4/results/p5_metadata_audit_20260924_01/returned/probes/seed1_trained_l0_h_full_current_iid.json,P7,frozen evaluation input
9fb4688636cea7c338fbc0da1292477915dd7fd9c1d45a76d981a6d85c0ca2b0,e0fd58db091a36d52c79a0bda4ffe0fe889921371731154ad535503a9bdabe45,experiment_v1_4/results/p5_metadata_audit_20260924_01/returned/probes/seed1_trained_l0_h_full_current_transfer.json,P7,frozen evaluation input
9fb4688636cea7c338fbc0da1292477915dd7fd9c1d45a76d981a6d85c0ca2b0,7684b68e0eeacc361436b13ac3c53647dca5ed9d03d6851610a82970e27480cd,experiment_v1_4/results/p5_metadata_audit_20260924_01/returned/probes/seed1_trained_l0_h_full_previous_iid.json,P7,frozen evaluation input
9fb4688636cea7c338fbc0da1292477915dd7fd9c1d45a76d981a6d85c0ca2b0,91e7666f43af1c973d7d0c6c25be6d2ffce52f7aaee58d2791dfc99ae4345585,experiment_v1_4/results/p5_metadata_audit_20260924_01/returned/probes/seed1_trained_l0_h_full_previous_transfer.json,P7,frozen evaluation input
9fb4688636cea7c338fbc0da1292477915dd7fd9c1d45a76d981a6d85c0ca2b0,416a9515c2989d0ca215eba594b3dbe4c4abdac709296f939e6c70325bb5dcf0,experiment_v1_4/results/p5_metadata_audit_20260924_01/returned/probes/seed1_trained_l0_h_full_query_iid.json,P7,frozen evaluation input
9fb4688636cea7c338fbc0da1292477915dd7fd9c1d45a76d981a6d85c0ca2b0,04f819fd726de3cfc5825821887fd3bb54a0385b2f6fd729be0131edf50fa8f1,experiment_v1_4/results/p5_metadata_audit_20260924_01/returned/probes/seed1_trained_l0_h_full_state_iid.json,P7,frozen evaluation input
9fb4688636cea7c338fbc0da1292477915dd7fd9c1d45a76d981a6d85c0ca2b0,324372ac0be0188103a1416ac219f1ffbd4bb7c7b7f9a682d5d80c5bc05f3d77,experiment_v1_4/results/p5_metadata_audit_20260924_01/returned/probes/seed1_trained_l0_h_random_128_A_iid.json,P7,frozen evaluation input
9fb4688636cea7c338fbc0da1292477915dd7fd9c1d45a76d981a6d85c0ca2b0,9dafa5b54a98e03da7e482afdc66cbe819b12aeb48ac53c3b564ad9adf0a2818,experiment_v1_4/results/p5_metadata_audit_20260924_01/returned/probes/seed1_trained_l0_h_random_128_B_iid.json,P7,frozen evaluation input
9fb4688636cea7c338fbc0da1292477915dd7fd9c1d45a76d981a6d85c0ca2b0,51a339a49aac257c86889fa960c4e97c995851a0aa9978a96012b63a6642ebee,experiment_v1_4/results/p5_metadata_audit_20260924_01/returned/probes/seed1_trained_l0_h_random_128_C_iid.json,P7,frozen evaluation input
9fb4688636cea7c338fbc0da1292477915dd7fd9c1d45a76d981a6d85c0ca2b0,b8c5d95ce21e89270c28920e4dd2b0735e95772eee201f2d7a5473ff027a75ba,experiment_v1_4/results/p5_metadata_audit_20260924_01/returned/probes/seed1_trained_l0_h_random_128_D_iid.json,P7,frozen evaluation input
9fb4688636cea7c338fbc0da1292477915dd7fd9c1d45a76d981a6d85c0ca2b0,414fb6c2e6ecee34a591bd659837167068c305c8d0d323ad3cdcfe4eb1f78be6,experiment_v1_4/results/p5_metadata_audit_20260924_01/returned/probes/seed1_trained_l0_h_random_128_current_iid.json,P7,frozen evaluation input
9fb4688636cea7c338fbc0da1292477915dd7fd9c1d45a76d981a6d85c0ca2b0,b6a0760f1ab330f4bebc113114ad4ec23425e42e9c2f1a713373d4f9688e0d6f,experiment_v1_4/results/p5_metadata_audit_20260924_01/returned/probes/seed1_trained_l0_h_random_128_current_transfer.json,P7,frozen evaluation input
9fb4688636cea7c338fbc0da1292477915dd7fd9c1d45a76d981a6d85c0ca2b0,28ff38dc9d7d29e7cc4880b5633bdfcc99324b5bcdd977a8d397551eab53e445,experiment_v1_4/results/p5_metadata_audit_20260924_01/returned/probes/seed1_trained_l0_h_random_128_previous_iid.json,P7,frozen evaluation input
9fb4688636cea7c338fbc0da1292477915dd7fd9c1d45a76d981a6d85c0ca2b0,b46d980aeb671fdcd04789388e7602febbeedac4f00583b37cbaf6a2cb1d6e26,experiment_v1_4/results/p5_metadata_audit_20260924_01/returned/probes/seed1_trained_l0_h_random_128_previous_transfer.json,P7,frozen evaluation input
9fb4688636cea7c338fbc0da1292477915dd7fd9c1d45a76d981a6d85c0ca2b0,1c6c2eeeaf290b5f69ba84661a5b1749ec3b3cdec0d4175dd2e59976946e2e1b,experiment_v1_4/results/p5_metadata_audit_20260924_01/returned/probes/seed1_trained_l0_h_random_128_query_iid.json,P7,frozen evaluation input
9fb4688636cea7c338fbc0da1292477915dd7fd9c1d45a76d981a6d85c0ca2b0,12e7867dc5e4fec46e850c583a93508ede7a25bdc0fc50db6adba04a8cc7e3d8,experiment_v1_4/results/p5_metadata_audit_20260924_01/returned/probes/seed1_trained_l0_h_random_128_state_iid.json,P7,frozen evaluation input
9fb4688636cea7c338fbc0da1292477915dd7fd9c1d45a76d981a6d85c0ca2b0,e80c741b0f455c75a2107fcb4bf38ffbdd6d0697ccf2567f634a8ae3873cfa41,experiment_v1_4/results/p5_metadata_audit_20260924_01/returned/probes/seed1_trained_l0_h_random_A_iid.json,P7,frozen evaluation input
9fb4688636cea7c338fbc0da1292477915dd7fd9c1d45a76d981a6d85c0ca2b0,048819f47049fb16e284ddd0f6d23fb8cf8ff59f783930a09cd9a95cd11f1769,experiment_v1_4/results/p5_metadata_audit_20260924_01/returned/probes/seed1_trained_l0_h_random_B_iid.json,P7,frozen evaluation input
9fb4688636cea7c338fbc0da1292477915dd7fd9c1d45a76d981a6d85c0ca2b0,467c46b7e025ebbad49e4e7c655ddb9e8aaf69c23cde1cd1df1d9ceae2fdf405,experiment_v1_4/results/p5_metadata_audit_20260924_01/returned/probes/seed1_trained_l0_h_random_C_iid.json,P7,frozen evaluation input
9fb4688636cea7c338fbc0da1292477915dd7fd9c1d45a76d981a6d85c0ca2b0,cfd7d835661ffad3e40e64c9ef759d55a53f1e53ade5f45e181dcfc926ddee37,experiment_v1_4/results/p5_metadata_audit_20260924_01/returned/probes/seed1_trained_l0_h_random_D_iid.json,P7,frozen evaluation input
9fb4688636cea7c338fbc0da1292477915dd7fd9c1d45a76d981a6d85c0ca2b0,0a57ee1d0752da6c08848afe9177a49c770ea2bb12ab5a28ea4e811150c58d6f,experiment_v1_4/results/p5_metadata_audit_20260924_01/returned/probes/seed1_trained_l0_h_random_current_iid.json,P7,frozen evaluation input
9fb4688636cea7c338fbc0da1292477915dd7fd9c1d45a76d981a6d85c0ca2b0,8d4d437521ce85529f7a65dd2663397bdfc82ccb1349fdc1868e049557b3d51f,experiment_v1_4/results/p5_metadata_audit_20260924_01/returned/probes/seed1_trained_l0_h_random_current_transfer.json,P7,frozen evaluation input
9fb4688636cea7c338fbc0da1292477915dd7fd9c1d45a76d981a6d85c0ca2b0,4d3a8e57f447715984343391d51ea7f9d95beb2f71adebfc2e862268ee305c5d,experiment_v1_4/results/p5_metadata_audit_20260924_01/returned/probes/seed1_trained_l0_h_random_previous_iid.json,P7,frozen evaluation input
9fb4688636cea7c338fbc0da1292477915dd7fd9c1d45a76d981a6d85c0ca2b0,5da2d6264549147dfbb9ea13a461c3f3b9e1665b42d134d844f16a0a3f4c5e9f,experiment_v1_4/results/p5_metadata_audit_20260924_01/returned/probes/seed1_trained_l0_h_random_previous_transfer.json,P7,frozen evaluation input
9fb4688636cea7c338fbc0da1292477915dd7fd9c1d45a76d981a6d85c0ca2b0,0edb03d7b4a2eee8cf0c69cbfa49ddd98d1f2d0696af206c95d6d7c1a34530f0,experiment_v1_4/results/p5_metadata_audit_20260924_01/returned/probes/seed1_trained_l0_h_random_query_iid.json,P7,frozen evaluation input
9fb4688636cea7c338fbc0da1292477915dd7fd9c1d45a76d981a6d85c0ca2b0,36bea51c60accff7ea812c3fc4f59e9b57b8a80afa403c44165f34c7dc1b4639,experiment_v1_4/results/p5_metadata_audit_20260924_01/returned/probes/seed1_trained_l0_h_random_state_iid.json,P7,frozen evaluation input
9fb4688636cea7c338fbc0da1292477915dd7fd9c1d45a76d981a6d85c0ca2b0,ae5fc591c407472464b76a296504ee6719f5c5df82b467064cc4790d8fcc92b4,experiment_v1_4/results/p5_metadata_audit_20260924_01/returned/probes/seed1_trained_l11_h_full_A_iid.json,P7,frozen evaluation input
9fb4688636cea7c338fbc0da1292477915dd7fd9c1d45a76d981a6d85c0ca2b0,240291c68b1ddb07a19614e19db4fb91c0db7b419b1670894c91c018372e758d,experiment_v1_4/results/p5_metadata_audit_20260924_01/returned/probes/seed1_trained_l11_h_full_B_iid.json,P7,frozen evaluation input
9fb4688636cea7c338fbc0da1292477915dd7fd9c1d45a76d981a6d85c0ca2b0,f7a4455806a7d0d2a6db38e4ec458a2b8cd536be038ccc6da6f5005e112535c0,experiment_v1_4/results/p5_metadata_audit_20260924_01/returned/probes/seed1_trained_l11_h_full_C_iid.json,P7,frozen evaluation input
9fb4688636cea7c338fbc0da1292477915dd7fd9c1d45a76d981a6d85c0ca2b0,2d5c52b59a37e2f69ee0192dd7e8868001bd3afb4e2e947736542b8939505cb7,experiment_v1_4/results/p5_metadata_audit_20260924_01/returned/probes/seed1_trained_l11_h_full_D_iid.json,P7,frozen evaluation input
9fb4688636cea7c338fbc0da1292477915dd7fd9c1d45a76d981a6d85c0ca2b0,adaf9d1e61e54e32bff98f9884957ad47cd0143d1f7872463bc39392b6c32f90,experiment_v1_4/results/p5_metadata_audit_20260924_01/returned/probes/seed1_trained_l11_h_full_current_iid.json,P7,frozen evaluation input
9fb4688636cea7c338fbc0da1292477915dd7fd9c1d45a76d981a6d85c0ca2b0,8db5f78ba7b4d8c93cadb08de4c8c6cacd668bc17983a4a1e181fdf0f9670736,experiment_v1_4/results/p5_metadata_audit_20260924_01/returned/probes/seed1_trained_l11_h_full_current_transfer.json,P7,frozen evaluation input
9fb4688636cea7c338fbc0da1292477915dd7fd9c1d45a76d981a6d85c0ca2b0,c147ee885188b55d5e3a04294a8a61b0c1abc7fef4ee400eb21a7a23b1208517,experiment_v1_4/results/p5_metadata_audit_20260924_01/returned/probes/seed1_trained_l11_h_full_previous_iid.json,P7,frozen evaluation input
9fb4688636cea7c338fbc0da1292477915dd7fd9c1d45a76d981a6d85c0ca2b0,979e5d99fb54a3c517f95e518651297afd8ca4d53c1431c137a5d1ee9f287852,experiment_v1_4/results/p5_metadata_audit_20260924_01/returned/probes/seed1_trained_l11_h_full_previous_transfer.json,P7,frozen evaluation input
9fb4688636cea7c338fbc0da1292477915dd7fd9c1d45a76d981a6d85c0ca2b0,6680a298755234cfd09ccd9e59c13ceede23ce3787e8d8aa774495726ffa2927,experiment_v1_4/results/p5_metadata_audit_20260924_01/returned/probes/seed1_trained_l11_h_full_query_iid.json,P7,frozen evaluation input
9fb4688636cea7c338fbc0da1292477915dd7fd9c1d45a76d981a6d85c0ca2b0,21a866a07023fddc2541220bbea132eb27012a760155a0b2b2f02bd9a16e8988,experiment_v1_4/results/p5_metadata_audit_20260924_01/returned/probes/seed1_trained_l11_h_full_state_iid.json,P7,frozen evaluation input
9fb4688636cea7c338fbc0da1292477915dd7fd9c1d45a76d981a6d85c0ca2b0,4e478388191a91c1a51f89f0a11d5d02ae6176325b7ce42994769af4e086a20f,experiment_v1_4/results/p5_metadata_audit_20260924_01/returned/probes/seed1_trained_l3_h_full_A_iid.json,P7,frozen evaluation input
9fb4688636cea7c338fbc0da1292477915dd7fd9c1d45a76d981a6d85c0ca2b0,15f1189943af08bb71bf2c2eea1280c9ce35da4a6422ecb55b23257118a871df,experiment_v1_4/results/p5_metadata_audit_20260924_01/returned/probes/seed1_trained_l3_h_full_B_iid.json,P7,frozen evaluation input
9fb4688636cea7c338fbc0da1292477915dd7fd9c1d45a76d981a6d85c0ca2b0,2fd80c92a641fdd765e7e25f794de034c2922f50e7a8efa84b5be9b927ddb236,experiment_v1_4/results/p5_metadata_audit_20260924_01/returned/probes/seed1_trained_l3_h_full_C_iid.json,P7,frozen evaluation input
9fb4688636cea7c338fbc0da1292477915dd7fd9c1d45a76d981a6d85c0ca2b0,bbf7d7c1f3d3d8b7dfa5027975628ac8b7ec20f129b5ff5fc153ba90f91e2ec8,experiment_v1_4/results/p5_metadata_audit_20260924_01/returned/probes/seed1_trained_l3_h_full_D_iid.json,P7,frozen evaluation input
9fb4688636cea7c338fbc0da1292477915dd7fd9c1d45a76d981a6d85c0ca2b0,b325c9f0febcc066950b6c57aadc6ab31316fbb6f08e8a336f923e96cdfb9fa3,experiment_v1_4/results/p5_metadata_audit_20260924_01/returned/probes/seed1_trained_l3_h_full_current_iid.json,P7,frozen evaluation input
9fb4688636cea7c338fbc0da1292477915dd7fd9c1d45a76d981a6d85c0ca2b0,0c1f5e5b7663c9eb547fb262222e2807a9e6b9784213bdf78c7f11ea88ebe45d,experiment_v1_4/results/p5_metadata_audit_20260924_01/returned/probes/seed1_trained_l3_h_full_current_transfer.json,P7,frozen evaluation input
9fb4688636cea7c338fbc0da1292477915dd7fd9c1d45a76d981a6d85c0ca2b0,ae006ed25fa44888c375c9ebeb7b61e9f6a37ebfda49e7504b0a9ae409d37f72,experiment_v1_4/results/p5_metadata_audit_20260924_01/returned/probes/seed1_trained_l3_h_full_previous_iid.json,P7,frozen evaluation input
9fb4688636cea7c338fbc0da1292477915dd7fd9c1d45a76d981a6d85c0ca2b0,ab34e9117881ef284b0f277208681e57444d6eaa97c86fea2c536bc81e6e5f58,experiment_v1_4/results/p5_metadata_audit_20260924_01/returned/probes/seed1_trained_l3_h_full_previous_transfer.json,P7,frozen evaluation input
9fb4688636cea7c338fbc0da1292477915dd7fd9c1d45a76d981a6d85c0ca2b0,2e65a599fd2db8b6f8e468c5d46db61f2e49efba62c78015f023d08c7446a1ff,experiment_v1_4/results/p5_metadata_audit_20260924_01/returned/probes/seed1_trained_l3_h_full_query_iid.json,P7,frozen evaluation input
9fb4688636cea7c338fbc0da1292477915dd7fd9c1d45a76d981a6d85c0ca2b0,d4899f8a5729957d63c5203207373cc5a5c0b7a74ad0de147272403c34cb27eb,experiment_v1_4/results/p5_metadata_audit_20260924_01/returned/probes/seed1_trained_l3_h_full_state_iid.json,P7,frozen evaluation input
9fb4688636cea7c338fbc0da1292477915dd7fd9c1d45a76d981a6d85c0ca2b0,25f83d3a7830d40ddc8ab2cd55385ff75baf5f49638a8e5409a4d4f974a6e9f3,experiment_v1_4/results/p5_metadata_audit_20260924_01/returned/probes/seed1_trained_l7_h_full_A_iid.json,P7,frozen evaluation input
9fb4688636cea7c338fbc0da1292477915dd7fd9c1d45a76d981a6d85c0ca2b0,0e5b6e98f4a1a5df74ac39c6214e50aab43f86a0b3625b41b6daf7cbce06e39a,experiment_v1_4/results/p5_metadata_audit_20260924_01/returned/probes/seed1_trained_l7_h_full_B_iid.json,P7,frozen evaluation input
9fb4688636cea7c338fbc0da1292477915dd7fd9c1d45a76d981a6d85c0ca2b0,f9aaee0ee4e40cae4546185dab8f122fe7e564bda6ea6a9ca83cd890325d23b8,experiment_v1_4/results/p5_metadata_audit_20260924_01/returned/probes/seed1_trained_l7_h_full_C_iid.json,P7,frozen evaluation input
9fb4688636cea7c338fbc0da1292477915dd7fd9c1d45a76d981a6d85c0ca2b0,2acdd4c940a276ab3ab21f39b3a07ffe1dbd63627acd96608347de4b024db827,experiment_v1_4/results/p5_metadata_audit_20260924_01/returned/probes/seed1_trained_l7_h_full_D_iid.json,P7,frozen evaluation input
9fb4688636cea7c338fbc0da1292477915dd7fd9c1d45a76d981a6d85c0ca2b0,b47e01bdbde9ca105fede2e5fdb5c1923f6c018dac3e4e3968ae7896a2177110,experiment_v1_4/results/p5_metadata_audit_20260924_01/returned/probes/seed1_trained_l7_h_full_current_iid.json,P7,frozen evaluation input
9fb4688636cea7c338fbc0da1292477915dd7fd9c1d45a76d981a6d85c0ca2b0,6b80336b4140e3cc8ace2f4beb8ebacafc02b0da7cace061e04b4885575ba4b0,experiment_v1_4/results/p5_metadata_audit_20260924_01/returned/probes/seed1_trained_l7_h_full_current_transfer.json,P7,frozen evaluation input
9fb4688636cea7c338fbc0da1292477915dd7fd9c1d45a76d981a6d85c0ca2b0,751beeacb0058965f24ef4558dfe52ae81f0c7d637067a2548c301fb1881a59d,experiment_v1_4/results/p5_metadata_audit_20260924_01/returned/probes/seed1_trained_l7_h_full_previous_iid.json,P7,frozen evaluation input
9fb4688636cea7c338fbc0da1292477915dd7fd9c1d45a76d981a6d85c0ca2b0,54b81fc194407f6957606516b7b74bfe6759c4f9f94f31bca403e4385eeace65,experiment_v1_4/results/p5_metadata_audit_20260924_01/returned/probes/seed1_trained_l7_h_full_previous_transfer.json,P7,frozen evaluation input
9fb4688636cea7c338fbc0da1292477915dd7fd9c1d45a76d981a6d85c0ca2b0,a6fdfa3188c2c40d74f296dc61de6183f345a521923be0e5e80270c413d2a74d,experiment_v1_4/results/p5_metadata_audit_20260924_01/returned/probes/seed1_trained_l7_h_full_query_iid.json,P7,frozen evaluation input
9fb4688636cea7c338fbc0da1292477915dd7fd9c1d45a76d981a6d85c0ca2b0,082de4222f294c816ca008d45b7790ae05582ae2b2cfffd7a4379a1995d4cc92,experiment_v1_4/results/p5_metadata_audit_20260924_01/returned/probes/seed1_trained_l7_h_full_state_iid.json,P7,frozen evaluation input
9fb4688636cea7c338fbc0da1292477915dd7fd9c1d45a76d981a6d85c0ca2b0,eb5ce5f99f8951d22fcf8d42479a7d7d33d49367db184cde587d5d24d11671e0,experiment_v1_4/results/p5_metadata_audit_20260924_01/returned/probes/seed2_trained_l0_h_coordinate_128_A_iid.json,P7,frozen evaluation input
9fb4688636cea7c338fbc0da1292477915dd7fd9c1d45a76d981a6d85c0ca2b0,ab40c66f1f5e1873845ebce933aaa0ac70ae2697cd26774619bbb7fa86fb16e6,experiment_v1_4/results/p5_metadata_audit_20260924_01/returned/probes/seed2_trained_l0_h_coordinate_128_B_iid.json,P7,frozen evaluation input
9fb4688636cea7c338fbc0da1292477915dd7fd9c1d45a76d981a6d85c0ca2b0,e399d789889b094a9e18aed2e65e46fa78e7cc2ab2de0ccac735913af37a6047,experiment_v1_4/results/p5_metadata_audit_20260924_01/returned/probes/seed2_trained_l0_h_coordinate_128_C_iid.json,P7,frozen evaluation input
9fb4688636cea7c338fbc0da1292477915dd7fd9c1d45a76d981a6d85c0ca2b0,6f21bcc85ed79ca60d39c3e944c3572fc1264ac8885385e6878a98f14f41d0e5,experiment_v1_4/results/p5_metadata_audit_20260924_01/returned/probes/seed2_trained_l0_h_coordinate_128_D_iid.json,P7,frozen evaluation input
9fb4688636cea7c338fbc0da1292477915dd7fd9c1d45a76d981a6d85c0ca2b0,cf64edb1afa394039cb8c4259d0c51f690f6661ae4409c9c1ddfe6941b5a2533,experiment_v1_4/results/p5_metadata_audit_20260924_01/returned/probes/seed2_trained_l0_h_coordinate_128_current_iid.json,P7,frozen evaluation input
9fb4688636cea7c338fbc0da1292477915dd7fd9c1d45a76d981a6d85c0ca2b0,02710bfa73d5d6d7e0426e06c1b7ecf40cdbd42c1cd00bc9b19c05c5276264e7,experiment_v1_4/results/p5_metadata_audit_20260924_01/returned/probes/seed2_trained_l0_h_coordinate_128_current_transfer.json,P7,frozen evaluation input
9fb4688636cea7c338fbc0da1292477915dd7fd9c1d45a76d981a6d85c0ca2b0,5403224a024fc3c651475ffe50bf933e55a13f1dab87db930a5d6467fff3b5df,experiment_v1_4/results/p5_metadata_audit_20260924_01/returned/probes/seed2_trained_l0_h_coordinate_128_previous_iid.json,P7,frozen evaluation input
9fb4688636cea7c338fbc0da1292477915dd7fd9c1d45a76d981a6d85c0ca2b0,5c8ec448bf91d258bdd38a85ba7a9fe3a2010ca6138acc2be25ddb878aa45710,experiment_v1_4/results/p5_metadata_audit_20260924_01/returned/probes/seed2_trained_l0_h_coordinate_128_previous_transfer.json,P7,frozen evaluation input
9fb4688636cea7c338fbc0da1292477915dd7fd9c1d45a76d981a6d85c0ca2b0,553d1e49a72c5e482dd9e427b272b175fbd7deed9dc7568b45c16fbc2b54d285,experiment_v1_4/results/p5_metadata_audit_20260924_01/returned/probes/seed2_trained_l0_h_coordinate_128_query_iid.json,P7,frozen evaluation input
9fb4688636cea7c338fbc0da1292477915dd7fd9c1d45a76d981a6d85c0ca2b0,911605829aa3ccce1e65cb2e6b33d7ca514c9573eeaa79f94ab7b34b514a2390,experiment_v1_4/results/p5_metadata_audit_20260924_01/returned/probes/seed2_trained_l0_h_coordinate_128_state_iid.json,P7,frozen evaluation input
9fb4688636cea7c338fbc0da1292477915dd7fd9c1d45a76d981a6d85c0ca2b0,1cf477a19e6795e40f7737928725971c5f896ced4b82d2b672533c0e6beeb41e,experiment_v1_4/results/p5_metadata_audit_20260924_01/returned/probes/seed2_trained_l0_h_coordinate_A_iid.json,P7,frozen evaluation input
9fb4688636cea7c338fbc0da1292477915dd7fd9c1d45a76d981a6d85c0ca2b0,01b941399795f35c99a5c5e9e819ef6de9a7bf04d9c9421ced4ee6b6dc2f3274,experiment_v1_4/results/p5_metadata_audit_20260924_01/returned/probes/seed2_trained_l0_h_coordinate_B_iid.json,P7,frozen evaluation input
9fb4688636cea7c338fbc0da1292477915dd7fd9c1d45a76d981a6d85c0ca2b0,203efb3c70e4f2485f1738e5fd1902431f85703322e8a6a967db951db1d89de2,experiment_v1_4/results/p5_metadata_audit_20260924_01/returned/probes/seed2_trained_l0_h_coordinate_C_iid.json,P7,frozen evaluation input
9fb4688636cea7c338fbc0da1292477915dd7fd9c1d45a76d981a6d85c0ca2b0,bb82e32ddf305c45a1c3d6958f95109456b76f2716aa3a1be91dc72fd920e3db,experiment_v1_4/results/p5_metadata_audit_20260924_01/returned/probes/seed2_trained_l0_h_coordinate_D_iid.json,P7,frozen evaluation input
9fb4688636cea7c338fbc0da1292477915dd7fd9c1d45a76d981a6d85c0ca2b0,0c60fd13d672b8437ac3a198294334aa7e5232aa66934ebf0700fae7aeffde95,experiment_v1_4/results/p5_metadata_audit_20260924_01/returned/probes/seed2_trained_l0_h_coordinate_current_iid.json,P7,frozen evaluation input
9fb4688636cea7c338fbc0da1292477915dd7fd9c1d45a76d981a6d85c0ca2b0,07a02b19989f5cfb6c38b5e01af3ed02fd816f35ebaa1e0431485e10e44521b5,experiment_v1_4/results/p5_metadata_audit_20260924_01/returned/probes/seed2_trained_l0_h_coordinate_current_transfer.json,P7,frozen evaluation input
9fb4688636cea7c338fbc0da1292477915dd7fd9c1d45a76d981a6d85c0ca2b0,6f2fe03fba2db43093b2e31d07497088cea9283b8a078f433b52f56b0e1cf268,experiment_v1_4/results/p5_metadata_audit_20260924_01/returned/probes/seed2_trained_l0_h_coordinate_previous_iid.json,P7,frozen evaluation input
9fb4688636cea7c338fbc0da1292477915dd7fd9c1d45a76d981a6d85c0ca2b0,5e20499cb03e78d13bd6acfd4a7ddd075df8fc7e1568fbeeee545a5d24a58608,experiment_v1_4/results/p5_metadata_audit_20260924_01/returned/probes/seed2_trained_l0_h_coordinate_previous_transfer.json,P7,frozen evaluation input
9fb4688636cea7c338fbc0da1292477915dd7fd9c1d45a76d981a6d85c0ca2b0,c4f57feb63677d665cddc1cf1f3b09c243c6f737915d1f4f4d41354c4d64b881,experiment_v1_4/results/p5_metadata_audit_20260924_01/returned/probes/seed2_trained_l0_h_coordinate_query_iid.json,P7,frozen evaluation input
9fb4688636cea7c338fbc0da1292477915dd7fd9c1d45a76d981a6d85c0ca2b0,c093d52d02519847193082d74981446ebef54c6613758cec27d153aef029208c,experiment_v1_4/results/p5_metadata_audit_20260924_01/returned/probes/seed2_trained_l0_h_coordinate_state_iid.json,P7,frozen evaluation input
9fb4688636cea7c338fbc0da1292477915dd7fd9c1d45a76d981a6d85c0ca2b0,7eec9f0578af0de34ed0647a08cbef7d1fbb7484de489541e3d0ae1b53579a5c,experiment_v1_4/results/p5_metadata_audit_20260924_01/returned/probes/seed2_trained_l0_h_full_A_iid.json,P7,frozen evaluation input
9fb4688636cea7c338fbc0da1292477915dd7fd9c1d45a76d981a6d85c0ca2b0,bc62689c875c1bf39698aa638f55242cec3ef6bd4a39fd5047f9a0341b1a10da,experiment_v1_4/results/p5_metadata_audit_20260924_01/returned/probes/seed2_trained_l0_h_full_B_iid.json,P7,frozen evaluation input
9fb4688636cea7c338fbc0da1292477915dd7fd9c1d45a76d981a6d85c0ca2b0,687e2c6afacdf0e09a7d69e4775d76c76066d819ea46c326328e11a13902f0d6,experiment_v1_4/results/p5_metadata_audit_20260924_01/returned/probes/seed2_trained_l0_h_full_C_iid.json,P7,frozen evaluation input
9fb4688636cea7c338fbc0da1292477915dd7fd9c1d45a76d981a6d85c0ca2b0,299d21719301ab49b02f8e0eba2592d3384869a6b83ad76cf7eca7ebd76b8315,experiment_v1_4/results/p5_metadata_audit_20260924_01/returned/probes/seed2_trained_l0_h_full_D_iid.json,P7,frozen evaluation input
9fb4688636cea7c338fbc0da1292477915dd7fd9c1d45a76d981a6d85c0ca2b0,c2b0a4a5597dd5769ca0b1d594ef0e9abcb17b2262293d4807e935b6caf981a2,experiment_v1_4/results/p5_metadata_audit_20260924_01/returned/probes/seed2_trained_l0_h_full_current_iid.json,P7,frozen evaluation input
9fb4688636cea7c338fbc0da1292477915dd7fd9c1d45a76d981a6d85c0ca2b0,ae0b25e74c519788422ea5100b62fdc1b8f2dc9b8b68a239bb66cd90d6960e57,experiment_v1_4/results/p5_metadata_audit_20260924_01/returned/probes/seed2_trained_l0_h_full_current_transfer.json,P7,frozen evaluation input
9fb4688636cea7c338fbc0da1292477915dd7fd9c1d45a76d981a6d85c0ca2b0,25c6bf736760a5901d9c9904d230fd3a2ae70e16f59e02f3901faea32be1dadd,experiment_v1_4/results/p5_metadata_audit_20260924_01/returned/probes/seed2_trained_l0_h_full_previous_iid.json,P7,frozen evaluation input
9fb4688636cea7c338fbc0da1292477915dd7fd9c1d45a76d981a6d85c0ca2b0,b8cf47c28fd4aeecdaba961e3cf4b63875107989936bf6aaf7f195a6581335eb,experiment_v1_4/results/p5_metadata_audit_20260924_01/returned/probes/seed2_trained_l0_h_full_previous_transfer.json,P7,frozen evaluation input
9fb4688636cea7c338fbc0da1292477915dd7fd9c1d45a76d981a6d85c0ca2b0,b8a1bdd2ae18a1c378ba865b0af6b21989199fe2dc6a30b440d89b519aa2b07e,experiment_v1_4/results/p5_metadata_audit_20260924_01/returned/probes/seed2_trained_l0_h_full_query_iid.json,P7,frozen evaluation input
9fb4688636cea7c338fbc0da1292477915dd7fd9c1d45a76d981a6d85c0ca2b0,469f88d10d2dab44e61799775b4853c0fac2dffed0b804524f4abfda20c1d724,experiment_v1_4/results/p5_metadata_audit_20260924_01/returned/probes/seed2_trained_l0_h_full_state_iid.json,P7,frozen evaluation input
9fb4688636cea7c338fbc0da1292477915dd7fd9c1d45a76d981a6d85c0ca2b0,0c40ea0c87fa0fd53ff163d9dec8dd3d5738d86341f62fc1353ffdef52cccd15,experiment_v1_4/results/p5_metadata_audit_20260924_01/returned/probes/seed2_trained_l0_h_random_128_A_iid.json,P7,frozen evaluation input
9fb4688636cea7c338fbc0da1292477915dd7fd9c1d45a76d981a6d85c0ca2b0,e6f28041f96b400e2c6b88743f58b69d9ceb22e0d332d57516aa44a72e943ab8,experiment_v1_4/results/p5_metadata_audit_20260924_01/returned/probes/seed2_trained_l0_h_random_128_B_iid.json,P7,frozen evaluation input
9fb4688636cea7c338fbc0da1292477915dd7fd9c1d45a76d981a6d85c0ca2b0,b6692884a0633d6fc2ee76c2416be0eba2ac9686db2c0c336dee10d27b603fd0,experiment_v1_4/results/p5_metadata_audit_20260924_01/returned/probes/seed2_trained_l0_h_random_128_C_iid.json,P7,frozen evaluation input
9fb4688636cea7c338fbc0da1292477915dd7fd9c1d45a76d981a6d85c0ca2b0,7d3ef75692ecb75e0b9f54e785c6b154f640453a1dfd13f8e4cc1792cae4db6c,experiment_v1_4/results/p5_metadata_audit_20260924_01/returned/probes/seed2_trained_l0_h_random_128_D_iid.json,P7,frozen evaluation input
9fb4688636cea7c338fbc0da1292477915dd7fd9c1d45a76d981a6d85c0ca2b0,d4a7a81862fadf0debf0579c9c7834b7fd5c091e0496f2f5b21ebf0a95b9bde1,experiment_v1_4/results/p5_metadata_audit_20260924_01/returned/probes/seed2_trained_l0_h_random_128_current_iid.json,P7,frozen evaluation input
9fb4688636cea7c338fbc0da1292477915dd7fd9c1d45a76d981a6d85c0ca2b0,76e410b6b442ecf026cfc0c779935c5d127254eafcd5cf16cbea4472a4cd68d7,experiment_v1_4/results/p5_metadata_audit_20260924_01/returned/probes/seed2_trained_l0_h_random_128_current_transfer.json,P7,frozen evaluation input
9fb4688636cea7c338fbc0da1292477915dd7fd9c1d45a76d981a6d85c0ca2b0,f8c9a2fbb303072ed2e9a81ce7fca0499669fa1962c0ad20fb06a594cac99e59,experiment_v1_4/results/p5_metadata_audit_20260924_01/returned/probes/seed2_trained_l0_h_random_128_previous_iid.json,P7,frozen evaluation input
9fb4688636cea7c338fbc0da1292477915dd7fd9c1d45a76d981a6d85c0ca2b0,85f99835bd68a1ab907bf1425205d62509b40dea64e4a25bb769c64e88ae458e,experiment_v1_4/results/p5_metadata_audit_20260924_01/returned/probes/seed2_trained_l0_h_random_128_previous_transfer.json,P7,frozen evaluation input
9fb4688636cea7c338fbc0da1292477915dd7fd9c1d45a76d981a6d85c0ca2b0,afbbccde5aee102df1a3382b3bb3476083ad0a6f2b74ed72d4f6ec3e0ae56907,experiment_v1_4/results/p5_metadata_audit_20260924_01/returned/probes/seed2_trained_l0_h_random_128_query_iid.json,P7,frozen evaluation input
9fb4688636cea7c338fbc0da1292477915dd7fd9c1d45a76d981a6d85c0ca2b0,21d2faf6da6dbdf58774cce0306e9cc2da658652a3f71a24573aa44cad0f010f,experiment_v1_4/results/p5_metadata_audit_20260924_01/returned/probes/seed2_trained_l0_h_random_128_state_iid.json,P7,frozen evaluation input
9fb4688636cea7c338fbc0da1292477915dd7fd9c1d45a76d981a6d85c0ca2b0,b4c838da57c3dffd7f13604526d1c16a716e43d5018e5cf4c80a45c42448e7dc,experiment_v1_4/results/p5_metadata_audit_20260924_01/returned/probes/seed2_trained_l0_h_random_A_iid.json,P7,frozen evaluation input
9fb4688636cea7c338fbc0da1292477915dd7fd9c1d45a76d981a6d85c0ca2b0,b914f62e33c39b4f427525c26331d91ea398db021d19b5799eb7432dff0de0ea,experiment_v1_4/results/p5_metadata_audit_20260924_01/returned/probes/seed2_trained_l0_h_random_B_iid.json,P7,frozen evaluation input
9fb4688636cea7c338fbc0da1292477915dd7fd9c1d45a76d981a6d85c0ca2b0,96720292c061443989ca28fd267b51935a208beeb2791a88e81dd985df5d4f62,experiment_v1_4/results/p5_metadata_audit_20260924_01/returned/probes/seed2_trained_l0_h_random_C_iid.json,P7,frozen evaluation input
9fb4688636cea7c338fbc0da1292477915dd7fd9c1d45a76d981a6d85c0ca2b0,06d0f76e325ab5bb62bf75d4796e80a7146de00f128775874889b73aea8c9e58,experiment_v1_4/results/p5_metadata_audit_20260924_01/returned/probes/seed2_trained_l0_h_random_D_iid.json,P7,frozen evaluation input
9fb4688636cea7c338fbc0da1292477915dd7fd9c1d45a76d981a6d85c0ca2b0,182b8e06a0973915a3e320dbb327e2ec9801229ed571b071ac88839cbca894ec,experiment_v1_4/results/p5_metadata_audit_20260924_01/returned/probes/seed2_trained_l0_h_random_current_iid.json,P7,frozen evaluation input
9fb4688636cea7c338fbc0da1292477915dd7fd9c1d45a76d981a6d85c0ca2b0,84ad5d4380727b1b1f557febfdd4e548e9c356aee7f1428af5d2bfd7092a09a0,experiment_v1_4/results/p5_metadata_audit_20260924_01/returned/probes/seed2_trained_l0_h_random_current_transfer.json,P7,frozen evaluation input
9fb4688636cea7c338fbc0da1292477915dd7fd9c1d45a76d981a6d85c0ca2b0,ad42a10c352964ede1fc3a66ad756ddfc84f11fd9aaf9901e4d22ec5edd10069,experiment_v1_4/results/p5_metadata_audit_20260924_01/returned/probes/seed2_trained_l0_h_random_previous_iid.json,P7,frozen evaluation input
9fb4688636cea7c338fbc0da1292477915dd7fd9c1d45a76d981a6d85c0ca2b0,1a2708854987ecfd9ebd0f257fb4859e89d713f10f6ef09d20ba839d985b4a1b,experiment_v1_4/results/p5_metadata_audit_20260924_01/returned/probes/seed2_trained_l0_h_random_previous_transfer.json,P7,frozen evaluation input
9fb4688636cea7c338fbc0da1292477915dd7fd9c1d45a76d981a6d85c0ca2b0,1e555312e0868ae0305e8e777470d484b942c719be5d98a58328a3924a091662,experiment_v1_4/results/p5_metadata_audit_20260924_01/returned/probes/seed2_trained_l0_h_random_query_iid.json,P7,frozen evaluation input
9fb4688636cea7c338fbc0da1292477915dd7fd9c1d45a76d981a6d85c0ca2b0,e046ec8b69b9cb461537120950fcc5ff5853c97b496349c9cdded710b297372b,experiment_v1_4/results/p5_metadata_audit_20260924_01/returned/probes/seed2_trained_l0_h_random_state_iid.json,P7,frozen evaluation input
9fb4688636cea7c338fbc0da1292477915dd7fd9c1d45a76d981a6d85c0ca2b0,5672f72a6bb15f99497b6098a8a638be28bf3dd19ba7b0f9930396b8c5e43dcb,experiment_v1_4/results/p5_metadata_audit_20260924_01/returned/probes/seed2_trained_l11_h_full_A_iid.json,P7,frozen evaluation input
9fb4688636cea7c338fbc0da1292477915dd7fd9c1d45a76d981a6d85c0ca2b0,075221ae1acb14541ccdab1610c38a7e250b78eb8dbe99c524ba81713c0f0ac0,experiment_v1_4/results/p5_metadata_audit_20260924_01/returned/probes/seed2_trained_l11_h_full_B_iid.json,P7,frozen evaluation input
9fb4688636cea7c338fbc0da1292477915dd7fd9c1d45a76d981a6d85c0ca2b0,ee197718bf32e77a446aa902ac4efec8a5f656d7c236737a17a1156bec1c2359,experiment_v1_4/results/p5_metadata_audit_20260924_01/returned/probes/seed2_trained_l11_h_full_C_iid.json,P7,frozen evaluation input
9fb4688636cea7c338fbc0da1292477915dd7fd9c1d45a76d981a6d85c0ca2b0,a9cf6a18c17f4266cf7a1145d16e044dcefa51fff41d47854d75106ecf065c60,experiment_v1_4/results/p5_metadata_audit_20260924_01/returned/probes/seed2_trained_l11_h_full_D_iid.json,P7,frozen evaluation input
9fb4688636cea7c338fbc0da1292477915dd7fd9c1d45a76d981a6d85c0ca2b0,2f30e39643bac4c4f7ba4725fe5b3343c3b6547800fd9235ef709f664c5f87cf,experiment_v1_4/results/p5_metadata_audit_20260924_01/returned/probes/seed2_trained_l11_h_full_current_iid.json,P7,frozen evaluation input
9fb4688636cea7c338fbc0da1292477915dd7fd9c1d45a76d981a6d85c0ca2b0,8622c46630f723657374dfd4c66a8c2f606bd572d5c037da8091defd4ba9c60b,experiment_v1_4/results/p5_metadata_audit_20260924_01/returned/probes/seed2_trained_l11_h_full_current_transfer.json,P7,frozen evaluation input
9fb4688636cea7c338fbc0da1292477915dd7fd9c1d45a76d981a6d85c0ca2b0,a413fd68d15ac5293f3133913551dc067a964e836008c11b71f385186cc968c6,experiment_v1_4/results/p5_metadata_audit_20260924_01/returned/probes/seed2_trained_l11_h_full_previous_iid.json,P7,frozen evaluation input
9fb4688636cea7c338fbc0da1292477915dd7fd9c1d45a76d981a6d85c0ca2b0,23705adb5dc5ee41711ea2b7b2bbc5103de18a7e7822e061804a3812431d8057,experiment_v1_4/results/p5_metadata_audit_20260924_01/returned/probes/seed2_trained_l11_h_full_previous_transfer.json,P7,frozen evaluation input
9fb4688636cea7c338fbc0da1292477915dd7fd9c1d45a76d981a6d85c0ca2b0,a10e658b6700f9b4e794f23af8ebcf12f21fa9f18df044f45f6254488df5481b,experiment_v1_4/results/p5_metadata_audit_20260924_01/returned/probes/seed2_trained_l11_h_full_query_iid.json,P7,frozen evaluation input
9fb4688636cea7c338fbc0da1292477915dd7fd9c1d45a76d981a6d85c0ca2b0,bbfd50e1c1f0d72b9d5fa6117e404997bd9d7533a88c838a4f214ab4c9d80613,experiment_v1_4/results/p5_metadata_audit_20260924_01/returned/probes/seed2_trained_l11_h_full_state_iid.json,P7,frozen evaluation input
9fb4688636cea7c338fbc0da1292477915dd7fd9c1d45a76d981a6d85c0ca2b0,a2ca95ea06569de7786febf1b550fe3d9a4821c5079e6fe9c53b6748c3fa0280,experiment_v1_4/results/p5_metadata_audit_20260924_01/returned/probes/seed2_trained_l3_h_full_A_iid.json,P7,frozen evaluation input
9fb4688636cea7c338fbc0da1292477915dd7fd9c1d45a76d981a6d85c0ca2b0,7b589f9a2f1df9fa735497747c3e8a2e0ba55e8b66d9c45c3a3fa6159b96aee2,experiment_v1_4/results/p5_metadata_audit_20260924_01/returned/probes/seed2_trained_l3_h_full_B_iid.json,P7,frozen evaluation input
9fb4688636cea7c338fbc0da1292477915dd7fd9c1d45a76d981a6d85c0ca2b0,e00e00fd48aac05155dc27cd9c0de48217866b8a58b9537a9df11cb2374b534f,experiment_v1_4/results/p5_metadata_audit_20260924_01/returned/probes/seed2_trained_l3_h_full_C_iid.json,P7,frozen evaluation input
9fb4688636cea7c338fbc0da1292477915dd7fd9c1d45a76d981a6d85c0ca2b0,800b523cc98bf2e4034e43369b6b8695484de42efe745b8e7d49d0adbe97bf67,experiment_v1_4/results/p5_metadata_audit_20260924_01/returned/probes/seed2_trained_l3_h_full_D_iid.json,P7,frozen evaluation input
9fb4688636cea7c338fbc0da1292477915dd7fd9c1d45a76d981a6d85c0ca2b0,e0452c5f6487d012aada033e9d305c9083e4939fc001ec56c049fe5f545a59db,experiment_v1_4/results/p5_metadata_audit_20260924_01/returned/probes/seed2_trained_l3_h_full_current_iid.json,P7,frozen evaluation input
9fb4688636cea7c338fbc0da1292477915dd7fd9c1d45a76d981a6d85c0ca2b0,28df053735e1ab3025e4f1b02d982c4e6d167e10f8771260fe4544d65d9bad6e,experiment_v1_4/results/p5_metadata_audit_20260924_01/returned/probes/seed2_trained_l3_h_full_current_transfer.json,P7,frozen evaluation input
9fb4688636cea7c338fbc0da1292477915dd7fd9c1d45a76d981a6d85c0ca2b0,95547ac2989cd6767cfbb1618d09fa2df72b6c055f9dc166a9a01405a80b536f,experiment_v1_4/results/p5_metadata_audit_20260924_01/returned/probes/seed2_trained_l3_h_full_previous_iid.json,P7,frozen evaluation input
9fb4688636cea7c338fbc0da1292477915dd7fd9c1d45a76d981a6d85c0ca2b0,8d1b771743d2ccce2e5386822750a5896760709b51ff3af51c244953391851fe,experiment_v1_4/results/p5_metadata_audit_20260924_01/returned/probes/seed2_trained_l3_h_full_previous_transfer.json,P7,frozen evaluation input
9fb4688636cea7c338fbc0da1292477915dd7fd9c1d45a76d981a6d85c0ca2b0,2224afd70ccf1c7bd0a59be7a1d31b91a4144db5a291278b9b4f4a26bd5e809c,experiment_v1_4/results/p5_metadata_audit_20260924_01/returned/probes/seed2_trained_l3_h_full_query_iid.json,P7,frozen evaluation input
9fb4688636cea7c338fbc0da1292477915dd7fd9c1d45a76d981a6d85c0ca2b0,f0f4ae72f92e62f6b2eacd3d2167b4b2ea43c123ee0bc16756a11ead59fe9f56,experiment_v1_4/results/p5_metadata_audit_20260924_01/returned/probes/seed2_trained_l3_h_full_state_iid.json,P7,frozen evaluation input
9fb4688636cea7c338fbc0da1292477915dd7fd9c1d45a76d981a6d85c0ca2b0,21cda852217c655b31bb8ebfcd62e23b9ec54ab960a936f0fd9ffb68eeb7f6ea,experiment_v1_4/results/p5_metadata_audit_20260924_01/returned/probes/seed2_trained_l7_h_full_A_iid.json,P7,frozen evaluation input
9fb4688636cea7c338fbc0da1292477915dd7fd9c1d45a76d981a6d85c0ca2b0,ac437081c17bccc85df53acbd67938f9e41e17a880fc9454b9073af450e868d0,experiment_v1_4/results/p5_metadata_audit_20260924_01/returned/probes/seed2_trained_l7_h_full_B_iid.json,P7,frozen evaluation input
9fb4688636cea7c338fbc0da1292477915dd7fd9c1d45a76d981a6d85c0ca2b0,d5073f233bbd4c37f88930c2dffd4b54985565c21ae3c82571c54743d6e2dc97,experiment_v1_4/results/p5_metadata_audit_20260924_01/returned/probes/seed2_trained_l7_h_full_C_iid.json,P7,frozen evaluation input
9fb4688636cea7c338fbc0da1292477915dd7fd9c1d45a76d981a6d85c0ca2b0,369b344af86a21007910e5365a3c7216bd5cc9265ae616ead3a2a0b085bca8ca,experiment_v1_4/results/p5_metadata_audit_20260924_01/returned/probes/seed2_trained_l7_h_full_D_iid.json,P7,frozen evaluation input
9fb4688636cea7c338fbc0da1292477915dd7fd9c1d45a76d981a6d85c0ca2b0,bddc153ad211ca7744f67e19fe32b0b11d321d20cf76d5255ae447db5b9d2e0a,experiment_v1_4/results/p5_metadata_audit_20260924_01/returned/probes/seed2_trained_l7_h_full_current_iid.json,P7,frozen evaluation input
9fb4688636cea7c338fbc0da1292477915dd7fd9c1d45a76d981a6d85c0ca2b0,c1cab93d4b0dad1924f07810adacd2a8948ecd4497daab65814b8282ec626616,experiment_v1_4/results/p5_metadata_audit_20260924_01/returned/probes/seed2_trained_l7_h_full_current_transfer.json,P7,frozen evaluation input
9fb4688636cea7c338fbc0da1292477915dd7fd9c1d45a76d981a6d85c0ca2b0,3b1c903811168e263b0557cb8cf1108e8bb0a16e3ea10d09caf3889e805d620d,experiment_v1_4/results/p5_metadata_audit_20260924_01/returned/probes/seed2_trained_l7_h_full_previous_iid.json,P7,frozen evaluation input
9fb4688636cea7c338fbc0da1292477915dd7fd9c1d45a76d981a6d85c0ca2b0,046cba111c328667ef8f4043ae9a3a8ddf02bda073cc16a91b4f1a56856d9ece,experiment_v1_4/results/p5_metadata_audit_20260924_01/returned/probes/seed2_trained_l7_h_full_previous_transfer.json,P7,frozen evaluation input
9fb4688636cea7c338fbc0da1292477915dd7fd9c1d45a76d981a6d85c0ca2b0,96d8160fde0ae7c30c355ff3c76fcd2dd8426d9524b28718e3e710b2a9d42b15,experiment_v1_4/results/p5_metadata_audit_20260924_01/returned/probes/seed2_trained_l7_h_full_query_iid.json,P7,frozen evaluation input
9fb4688636cea7c338fbc0da1292477915dd7fd9c1d45a76d981a6d85c0ca2b0,f150f83a8540d3586ba9e16ba4cc054465536b58f6888776de71627fa7336adf,experiment_v1_4/results/p5_metadata_audit_20260924_01/returned/probes/seed2_trained_l7_h_full_state_iid.json,P7,frozen evaluation input
9fb4688636cea7c338fbc0da1292477915dd7fd9c1d45a76d981a6d85c0ca2b0,713d75c0794504d1959417d380ae5c3cac211c08829a50b73249e68446093c73,experiment_v1_4/results/p6_final_audit_20260925/completion.json,P7,frozen evaluation input
9fb4688636cea7c338fbc0da1292477915dd7fd9c1d45a76d981a6d85c0ca2b0,4b0f742259e85ac22247b0d15f4bb5a3b47ff1c4b46203b9cdf5e3a2326fcc27,experiment_v1_4/results/p6_final_audit_20260925/selected_sae_manifest.json,P7,frozen evaluation input
9fb4688636cea7c338fbc0da1292477915dd7fd9c1d45a76d981a6d85c0ca2b0,e933879401f5451110760ded33960b1b00b89d1aafad2f0cb2a0a83c20414a9d,interp_v1_4/__init__.py,P7,frozen evaluation input
9fb4688636cea7c338fbc0da1292477915dd7fd9c1d45a76d981a6d85c0ca2b0,54d777377a20bd39d22504a569ecaae10bcac671a1ef271e92c29514dcbf063f,interp_v1_4/behavior.py,P7,frozen evaluation input
9fb4688636cea7c338fbc0da1292477915dd7fd9c1d45a76d981a6d85c0ca2b0,6e5ea1bf3c79bf5d80ab4f096322e6bd7d2c6e79bcb626c95749139306f35a10,interp_v1_4/cli.py,P7,frozen evaluation input
9fb4688636cea7c338fbc0da1292477915dd7fd9c1d45a76d981a6d85c0ca2b0,1e806ee3e382cc3268b1007b3dbbfcaf38793419304733de1f0a3b923ec184f8,interp_v1_4/data.py,P7,frozen evaluation input
9fb4688636cea7c338fbc0da1292477915dd7fd9c1d45a76d981a6d85c0ca2b0,8ed9f2998bd0fbcb227eaadcfb80dd627ad001c6d679708527a631ab9051d242,interp_v1_4/dictionary.py,P7,frozen evaluation input
9fb4688636cea7c338fbc0da1292477915dd7fd9c1d45a76d981a6d85c0ca2b0,d22c5bd5e9d61e1538562e660596382c0b683b6c8472c6e4f0287ae0cc53cc48,interp_v1_4/frozen_test.py,P7,frozen evaluation input
9fb4688636cea7c338fbc0da1292477915dd7fd9c1d45a76d981a6d85c0ca2b0,edd92d64a658aec3123d7534ed8df88dff72b45dcddf8015cad7ab8ee55d902f,interp_v1_4/integration.py,P7,frozen evaluation input
9fb4688636cea7c338fbc0da1292477915dd7fd9c1d45a76d981a6d85c0ca2b0,db4c3225238fb913b3d312a52304952af34f2b848823bd99f1af15c79250487d,interp_v1_4/model.py,P7,frozen evaluation input
9fb4688636cea7c338fbc0da1292477915dd7fd9c1d45a76d981a6d85c0ca2b0,3de39cf23f2116a3ad69db683e0de8e0db5a332905a66815a4c37b4919b9a51c,interp_v1_4/p5.py,P7,frozen evaluation input
9fb4688636cea7c338fbc0da1292477915dd7fd9c1d45a76d981a6d85c0ca2b0,80ea16106ff97812acf777bc9864e29ac274bcb9c252c0601a4785cba085101b,interp_v1_4/p5_probe.py,P7,frozen evaluation input
9fb4688636cea7c338fbc0da1292477915dd7fd9c1d45a76d981a6d85c0ca2b0,2a60b2041eaf659889d8161169bed02f438c4c2a6bb1c5f23e2e562338254103,interp_v1_4/p6.py,P7,frozen evaluation input
9fb4688636cea7c338fbc0da1292477915dd7fd9c1d45a76d981a6d85c0ca2b0,804c90172fbad22f4c627ea928a22238169a096fd9ea59782ec3c5ba86d0ba4b,interp_v1_4/p6_integration.py,P7,frozen evaluation input
9fb4688636cea7c338fbc0da1292477915dd7fd9c1d45a76d981a6d85c0ca2b0,5e2f302447c263ea7957807672929688c1b81336ad19f2430f7c349fe5d6602c,interp_v1_4/p6_smoke.py,P7,frozen evaluation input
9fb4688636cea7c338fbc0da1292477915dd7fd9c1d45a76d981a6d85c0ca2b0,9eff4be992d90bef408835e6bf4d74047194d5dca2ddcbc79a8f4df6349932da,interp_v1_4/p7.py,P7,frozen evaluation input
9fb4688636cea7c338fbc0da1292477915dd7fd9c1d45a76d981a6d85c0ca2b0,16520dab864f4969d3e3d58f0433f146a100c92ce4429d1db9d985912ad0829e,interp_v1_4/p7_aggregate.py,P7,frozen evaluation input
9fb4688636cea7c338fbc0da1292477915dd7fd9c1d45a76d981a6d85c0ca2b0,c6a2facbb20f4bc5f4698a8bf0be4c1377b51e612e00c042c3faa8f33887ad43,interp_v1_4/p7_metrics.py,P7,frozen evaluation input
9fb4688636cea7c338fbc0da1292477915dd7fd9c1d45a76d981a6d85c0ca2b0,28e96d46dca6eaa2858c86c87548f31baa8f87c69fe64af16bc8cf037baee0a6,interp_v1_4/p7_patching.py,P7,frozen evaluation input
9fb4688636cea7c338fbc0da1292477915dd7fd9c1d45a76d981a6d85c0ca2b0,015c3d90bc2d5ab9fefa0b7ccc61df4239729fbae005bd41844c15df06ed3b65,interp_v1_4/p7_runner.py,P7,frozen evaluation input
9fb4688636cea7c338fbc0da1292477915dd7fd9c1d45a76d981a6d85c0ca2b0,ff392ad9864bce95d39eed755efefdedd68dafc37b2bf2e578696e7b8f6429c1,interp_v1_4/patching.py,P7,frozen evaluation input
9fb4688636cea7c338fbc0da1292477915dd7fd9c1d45a76d981a6d85c0ca2b0,d625a3d35969a253d3732ff1cac13101be38024b380a174d8cae61c86a645da4,interp_v1_4/persistence.py,P7,frozen evaluation input
9fb4688636cea7c338fbc0da1292477915dd7fd9c1d45a76d981a6d85c0ca2b0,e329bd9267a0355fe9a7a747b7ca0eef46b810e4162b18d4d76abcf1c1afde83,interp_v1_4/probe.py,P7,frozen evaluation input
9fb4688636cea7c338fbc0da1292477915dd7fd9c1d45a76d981a6d85c0ca2b0,e5a1c784ffa305da292704faebf115c7309e6526174cf1948ea973f182e259c0,interp_v1_4/replication.py,P7,frozen evaluation input
9fb4688636cea7c338fbc0da1292477915dd7fd9c1d45a76d981a6d85c0ca2b0,d813c4a60be1b32fc270f0662a21516bbf33a114e6fadd58c5c14af30d82fe0a,interp_v1_4/reporting.py,P7,frozen evaluation input
9fb4688636cea7c338fbc0da1292477915dd7fd9c1d45a76d981a6d85c0ca2b0,dfbb680cd63854df9479b24985b3164bfe3f2bf5b42b9fa2d19dcf3489f8efc6,interp_v1_4/runtime.py,P7,frozen evaluation input
9fb4688636cea7c338fbc0da1292477915dd7fd9c1d45a76d981a6d85c0ca2b0,c831fc2c1fc260bf13bf0c09acc7319ff0855eacbab6ffeb47fc42add157bb4e,interp_v1_4/smoke.py,P7,frozen evaluation input
9fb4688636cea7c338fbc0da1292477915dd7fd9c1d45a76d981a6d85c0ca2b0,b94b4a37cac5b0149317ca891ceb03d3995b25c36914d4481e72007265e6b69c,interp_v1_4/training.py,P7,frozen evaluation input
9fb4688636cea7c338fbc0da1292477915dd7fd9c1d45a76d981a6d85c0ca2b0,056a7e0309da3845942191f1fc2a51166c5440239800f7ace971a97ddc797cea,scripts/build_v1_4_p7.py,P7,frozen evaluation input
9fb4688636cea7c338fbc0da1292477915dd7fd9c1d45a76d981a6d85c0ca2b0,341b55139bb14d006679c646c90f33560c9df9815bd52ff8f57dda0cb800eb15,scripts/verify_v1_4_p7_return.py,P7,frozen evaluation input
9fb4688636cea7c338fbc0da1292477915dd7fd9c1d45a76d981a6d85c0ca2b0,60dce29c1f3c39ba285108d09659fd12aab3be23b701c266cdba0bce3cdfcd0b,tests_v1_4/test_p7.py,P7,frozen evaluation input
9bc2b6745e9303fa0e62299263ae7c8c4cfaa5e45d76a5db7175cd26c1a14a9e,f8655acaddd0a8219139dc52e5e21ca835bf3e2d835c89fdff27a2636c731fa7,01_experiment_design.md,P8,frozen evaluation input
9bc2b6745e9303fa0e62299263ae7c8c4cfaa5e45d76a5db7175cd26c1a14a9e,ada661f972a2aa52b38281e06c20e6cfcf2f7a729dd0fe04d1b5c6ce7c64b98b,02_language_and_corpus.md,P8,frozen evaluation input
9bc2b6745e9303fa0e62299263ae7c8c4cfaa5e45d76a5db7175cd26c1a14a9e,b249117f426dc649e6fd23752b22f566efca0a5cf3f4147edd4309fcc952699a,03_experiment_spec.md,P8,frozen evaluation input
9bc2b6745e9303fa0e62299263ae7c8c4cfaa5e45d76a5db7175cd26c1a14a9e,ebdd8e28f2d87d6f564bc3b8898f424f38565fe60dac66f46105e77b5371a5da,archive/legacy/interp_v1_2/__init__.py,P8,frozen evaluation input
9bc2b6745e9303fa0e62299263ae7c8c4cfaa5e45d76a5db7175cd26c1a14a9e,0fa52ba2b3561bc81c892ea31a1f8aba19ed74d70a6b59854bb33c9fc2ffeac9,archive/legacy/interp_v1_2/behavior.py,P8,frozen evaluation input
9bc2b6745e9303fa0e62299263ae7c8c4cfaa5e45d76a5db7175cd26c1a14a9e,7cd545ff6f3be34c8e85572f28cbc58668c55f99d50a6dd5dce1111ff3bc01a3,archive/legacy/interp_v1_2/cli.py,P8,frozen evaluation input
9bc2b6745e9303fa0e62299263ae7c8c4cfaa5e45d76a5db7175cd26c1a14a9e,dd21ad13cde95bf3c11d5ca08b6c66e5aead13a31c7150b28ab5d5268adb267c,archive/legacy/interp_v1_2/data.py,P8,frozen evaluation input
9bc2b6745e9303fa0e62299263ae7c8c4cfaa5e45d76a5db7175cd26c1a14a9e,ece4d1beca294b0d3b819af16bba1a98261247fc9036a903ce7bf5bfdbdfd54c,archive/legacy/interp_v1_2/dictionary.py,P8,frozen evaluation input
9bc2b6745e9303fa0e62299263ae7c8c4cfaa5e45d76a5db7175cd26c1a14a9e,061ef32e12219b4daa1294584d2ce674c02ef615426f216cf38734b24a9e7e26,archive/legacy/interp_v1_2/model.py,P8,frozen evaluation input
9bc2b6745e9303fa0e62299263ae7c8c4cfaa5e45d76a5db7175cd26c1a14a9e,190dd3f2b7f846c8bac7422a1b2d03602e6a4cac600599dd8552bdda22206ff5,archive/legacy/interp_v1_2/patching.py,P8,frozen evaluation input
9bc2b6745e9303fa0e62299263ae7c8c4cfaa5e45d76a5db7175cd26c1a14a9e,b4af6ccd7c0c3aa55f5b72085181d6e6f83c8e7cf6d62d6c0b0c23df28955c80,archive/legacy/interp_v1_2/persistence.py,P8,frozen evaluation input
9bc2b6745e9303fa0e62299263ae7c8c4cfaa5e45d76a5db7175cd26c1a14a9e,7b60477d1a4fe00442141f0dce34b4454343be606c8f7d1eba8bc0296830343e,archive/legacy/interp_v1_2/probe.py,P8,frozen evaluation input
9bc2b6745e9303fa0e62299263ae7c8c4cfaa5e45d76a5db7175cd26c1a14a9e,5e2e567e28058a100b09907b427032054a5bc121087247382cad32896470cf9b,archive/legacy/interp_v1_2/runtime.py,P8,frozen evaluation input
9bc2b6745e9303fa0e62299263ae7c8c4cfaa5e45d76a5db7175cd26c1a14a9e,78093f4a019ee499b62392f998d7fd594712cefaa5f8cd158e3bead20ca1e34a,archive/legacy/interp_v1_2/smoke.py,P8,frozen evaluation input
9bc2b6745e9303fa0e62299263ae7c8c4cfaa5e45d76a5db7175cd26c1a14a9e,75f5d340dd0ddb0e268e26a62fbe0c32387a8e872a2f6abbe531abcc2c1abed8,archive/legacy/interp_v1_2/training.py,P8,frozen evaluation input
9bc2b6745e9303fa0e62299263ae7c8c4cfaa5e45d76a5db7175cd26c1a14a9e,8c5214860062d4fa21cfdbd9cb19f5701037b4f4537b057611b7f5076710c9e6,corpus/__init__.py,P8,frozen evaluation input
9bc2b6745e9303fa0e62299263ae7c8c4cfaa5e45d76a5db7175cd26c1a14a9e,7b1fca975636ff107f62739c98d869f5b9461a98be781b2b9648bc8d130eb3e7,corpus/audit.py,P8,frozen evaluation input
9bc2b6745e9303fa0e62299263ae7c8c4cfaa5e45d76a5db7175cd26c1a14a9e,bc5bcfd8938edb5197f54e1328c55c39ef4d2d7056db77d7d571567779651c00,corpus/generate.py,P8,frozen evaluation input
9bc2b6745e9303fa0e62299263ae7c8c4cfaa5e45d76a5db7175cd26c1a14a9e,3f1762ab88a23fd58895371b9862edc7e11ecfbcbbe7acd00a29369a3f130c50,corpus/generate_v1_4_base.py,P8,frozen evaluation input
9bc2b6745e9303fa0e62299263ae7c8c4cfaa5e45d76a5db7175cd26c1a14a9e,4c90c9d1a66f15d6062ac292a24c5c6f47ec65e4a6c1423713e4332ca942312c,corpus/language.py,P8,frozen evaluation input
9bc2b6745e9303fa0e62299263ae7c8c4cfaa5e45d76a5db7175cd26c1a14a9e,4d4861be3ca04b1a0a7212ed3f39aa16d939b4cb31ae40ccf423d07d48f73a01,corpus/replay.py,P8,frozen evaluation input
9bc2b6745e9303fa0e62299263ae7c8c4cfaa5e45d76a5db7175cd26c1a14a9e,75640df81a754a0e0dd7f42768693e2484d724a470493dd96d9e4aba3f49871c,corpus/v1_3.py,P8,frozen evaluation input
9bc2b6745e9303fa0e62299263ae7c8c4cfaa5e45d76a5db7175cd26c1a14a9e,0350dd89d14a18d30af02d880bc839ad379c13e12ca9a5986abbb3bae2e7f01b,corpus/v1_4.py,P8,frozen evaluation input
9bc2b6745e9303fa0e62299263ae7c8c4cfaa5e45d76a5db7175cd26c1a14a9e,2e53a465b409abaae43bff4b4980cb28c12e4f076452a9088b13d29e2839d9be,data/language_v1_4/rebuild_01/causal_pairs/test_changed_composition.jsonl.gz,P8,frozen evaluation input
9bc2b6745e9303fa0e62299263ae7c8c4cfaa5e45d76a5db7175cd26c1a14a9e,59f2d2197d59d5cd3b6b47d359fef372a90e66d5a803f95cfb028c7fcc20725b,data/language_v1_4/rebuild_01/causal_pairs/test_changed_memory.jsonl.gz,P8,frozen evaluation input
9bc2b6745e9303fa0e62299263ae7c8c4cfaa5e45d76a5db7175cd26c1a14a9e,3e9b0c50f806e06373d3f77784ca78cd1268d3994c05c8053009398a365f094b,data/language_v1_4/rebuild_01/causal_pairs/test_unchanged_composition.jsonl.gz,P8,frozen evaluation input
9bc2b6745e9303fa0e62299263ae7c8c4cfaa5e45d76a5db7175cd26c1a14a9e,1ecf51d8b152e4beba58217d701bc4a63ec738c41860746078f1d8628047ad5a,data/language_v1_4/rebuild_01/causal_pairs/test_unchanged_memory.jsonl.gz,P8,frozen evaluation input
9bc2b6745e9303fa0e62299263ae7c8c4cfaa5e45d76a5db7175cd26c1a14a9e,765bebfccb9070fb1d9a2cf2f9c7315c36fc60e69499bc6ea4773736a4e8e4a1,data/language_v1_4/rebuild_01/causal_pairs/val_changed_composition.jsonl.gz,P8,frozen evaluation input
9bc2b6745e9303fa0e62299263ae7c8c4cfaa5e45d76a5db7175cd26c1a14a9e,c6b32e1be4c74f1c030e71f1e4e79f860e9e10bb6b5aa65a434c35f0d0613e56,data/language_v1_4/rebuild_01/causal_pairs/val_changed_memory.jsonl.gz,P8,frozen evaluation input
9bc2b6745e9303fa0e62299263ae7c8c4cfaa5e45d76a5db7175cd26c1a14a9e,8759a3723f476e1f657dc3c52559935fe7b65e21b2ea02758a6620b95264587b,data/language_v1_4/rebuild_01/causal_pairs/val_unchanged_composition.jsonl.gz,P8,frozen evaluation input
9bc2b6745e9303fa0e62299263ae7c8c4cfaa5e45d76a5db7175cd26c1a14a9e,f62b33a7ca8279ad58bb7987c2207cd135d8c8d45a2f5a836df3d76f8dddd769,data/language_v1_4/rebuild_01/causal_pairs/val_unchanged_memory.jsonl.gz,P8,frozen evaluation input
9bc2b6745e9303fa0e62299263ae7c8c4cfaa5e45d76a5db7175cd26c1a14a9e,5f8ba14160717e0eb5d14387ea5f1115114dea9199ade90cd8f5c4d7239dd311,data/language_v1_4/rebuild_01/interpretation/test.jsonl.gz,P8,frozen evaluation input
9bc2b6745e9303fa0e62299263ae7c8c4cfaa5e45d76a5db7175cd26c1a14a9e,70fceef3424bdb972e1294b0c529f222e221bd16e72b6acbbb465888e80d2e46,data/language_v1_4/rebuild_01/interpretation/test.read_positions.json,P8,frozen evaluation input
9bc2b6745e9303fa0e62299263ae7c8c4cfaa5e45d76a5db7175cd26c1a14a9e,8554ec3de0c8f42e7f1d589c99aa94042393712b8266b567c7ff01c6756b598a,data/language_v1_4/rebuild_01/interpretation/train.jsonl.gz,P8,frozen evaluation input
9bc2b6745e9303fa0e62299263ae7c8c4cfaa5e45d76a5db7175cd26c1a14a9e,65db44a5423421683f195cfe0c240d31e767540d82dc98a5c28b8e57d8ff7b30,data/language_v1_4/rebuild_01/interpretation/train.read_positions.json,P8,frozen evaluation input
9bc2b6745e9303fa0e62299263ae7c8c4cfaa5e45d76a5db7175cd26c1a14a9e,ac8bb4b56fecc77fb303e560a7ebe3f00c8cac08e599ce9c17935d059fbfbaf2,data/language_v1_4/rebuild_01/interpretation/val.jsonl.gz,P8,frozen evaluation input
9bc2b6745e9303fa0e62299263ae7c8c4cfaa5e45d76a5db7175cd26c1a14a9e,25199e66e6d08a73d14c3f32af7e413e84278298deff2929df05887f58ba04ea,data/language_v1_4/rebuild_01/interpretation/val.read_positions.json,P8,frozen evaluation input
9bc2b6745e9303fa0e62299263ae7c8c4cfaa5e45d76a5db7175cd26c1a14a9e,ea47cfa7d74782256c6ff66a706bb2bfe01a810c7c5e6074e7a174c7856fbad2,data/language_v1_4/rebuild_01/test/general.jsonl.gz,P8,frozen evaluation input
9bc2b6745e9303fa0e62299263ae7c8c4cfaa5e45d76a5db7175cd26c1a14a9e,7d443d0378b603073842a5c1e5b0d8efcac9d6c04aacdde8aea095094e04c170,experiment_v1_4/analysis_plan.json,P8,frozen evaluation input
9bc2b6745e9303fa0e62299263ae7c8c4cfaa5e45d76a5db7175cd26c1a14a9e,76d86f1a83bde7f8f6389684cd2a3913c923e21ccfbe42e40d3255385a9982b1,experiment_v1_4/frozen_test_r1/checkpoints/seed0.pt,P8,frozen evaluation input
9bc2b6745e9303fa0e62299263ae7c8c4cfaa5e45d76a5db7175cd26c1a14a9e,bb505254dfde1587e2497238448fd2117f7b1a2292a84497db8fdfb81127e555,experiment_v1_4/frozen_test_r1/checkpoints/seed1.pt,P8,frozen evaluation input
9bc2b6745e9303fa0e62299263ae7c8c4cfaa5e45d76a5db7175cd26c1a14a9e,f9f496b5b5d55bed9f0efc1f3694f91486a1cae97c14af6091f8fe91ec235ec4,experiment_v1_4/frozen_test_r1/checkpoints/seed2.pt,P8,frozen evaluation input
9bc2b6745e9303fa0e62299263ae7c8c4cfaa5e45d76a5db7175cd26c1a14a9e,8490365f3dc46ef1d10a899cfac3cd844c18616c6f20bb8a3b0b93e78563fd83,experiment_v1_4/p5_r2/contract.json,P8,frozen evaluation input
9bc2b6745e9303fa0e62299263ae7c8c4cfaa5e45d76a5db7175cd26c1a14a9e,15076f7db632f5c4ddeb9ed210468c78dd6a778cef637214577d1a326f61140e,experiment_v1_4/p7_r1/reconstruction_targets.json,P8,frozen evaluation input
9bc2b6745e9303fa0e62299263ae7c8c4cfaa5e45d76a5db7175cd26c1a14a9e,e6a8556a2a2afcb668466a3900b826893bc49692cec60fc75c8d65f44d844f3a,experiment_v1_4/p8_eval_r1/patch_rng.json,P8,frozen evaluation input
9bc2b6745e9303fa0e62299263ae7c8c4cfaa5e45d76a5db7175cd26c1a14a9e,0c8307bc44083a6fb9c49830e2265e3437eab1d6a439dedba24468a3ca7b4633,experiment_v1_4/p8_r1/contract.json,P8,frozen evaluation input
9bc2b6745e9303fa0e62299263ae7c8c4cfaa5e45d76a5db7175cd26c1a14a9e,33eef9228c43ae86000da9e0bf7c3e855d0e7f4abb47e07632fa1bf514105b28,experiment_v1_4/p8_r1/evaluation_rules.json,P8,frozen evaluation input
9bc2b6745e9303fa0e62299263ae7c8c4cfaa5e45d76a5db7175cd26c1a14a9e,2466a26ce85c45ff0d65d16452e38168e09a22de467576cff2e2bfe0f5241185,experiment_v1_4/p8_selected/seed0_l0_tc_k16_s0/update_05000.pt,P8,frozen evaluation input
9bc2b6745e9303fa0e62299263ae7c8c4cfaa5e45d76a5db7175cd26c1a14a9e,99e7718905a37e681b062fcb21fb7b5a68496c6c48147cef74537fd2012157ab,experiment_v1_4/p8_selected/seed0_l0_tc_k4_s0/update_05000.pt,P8,frozen evaluation input
9bc2b6745e9303fa0e62299263ae7c8c4cfaa5e45d76a5db7175cd26c1a14a9e,45de558930b9617bcab6624e940796693e9fa86840a13df341759b8e685fc949,experiment_v1_4/p8_selected/seed0_l11_tc_k16_s0/update_04750.pt,P8,frozen evaluation input
9bc2b6745e9303fa0e62299263ae7c8c4cfaa5e45d76a5db7175cd26c1a14a9e,5b12ea817a5d905e6c46080b710dee442ce3837e9dabd6115bad2d259f348f6d,experiment_v1_4/p8_selected/seed0_l11_tc_k4_s0/update_05000.pt,P8,frozen evaluation input
9bc2b6745e9303fa0e62299263ae7c8c4cfaa5e45d76a5db7175cd26c1a14a9e,8712e29855b3c815570971031099951f36a08dd77c8f0a1fe0ca4a78919a8037,experiment_v1_4/p8_selected/seed0_l3_tc_k16_s0/update_05000.pt,P8,frozen evaluation input
9bc2b6745e9303fa0e62299263ae7c8c4cfaa5e45d76a5db7175cd26c1a14a9e,2391ccee1801fac183fb67d8e60e59e2a6da735e38707db52917b15b74006ca0,experiment_v1_4/p8_selected/seed0_l3_tc_k4_s0/update_05000.pt,P8,frozen evaluation input
9bc2b6745e9303fa0e62299263ae7c8c4cfaa5e45d76a5db7175cd26c1a14a9e,1dbcc438f46a21a04c17788bae77d79502f5f2a6714cacb5743d2302c0c6c244,experiment_v1_4/p8_selected/seed0_l7_tc_k16_s0/update_05000.pt,P8,frozen evaluation input
9bc2b6745e9303fa0e62299263ae7c8c4cfaa5e45d76a5db7175cd26c1a14a9e,901a78e772a7fdd86c8260ab79735c84a580c4e06bd9527193ad93d5d35345f1,experiment_v1_4/p8_selected/seed0_l7_tc_k4_s0/update_05000.pt,P8,frozen evaluation input
9bc2b6745e9303fa0e62299263ae7c8c4cfaa5e45d76a5db7175cd26c1a14a9e,0158100fef7aab23a293ca2b3bb3342747513c000f679441c8b9e2c09e321097,experiment_v1_4/p8_selected/seed1_l0_tc_k16_s0/update_05000.pt,P8,frozen evaluation input
9bc2b6745e9303fa0e62299263ae7c8c4cfaa5e45d76a5db7175cd26c1a14a9e,64567070e40366817cc866664325b286667ec984d8a9ea2d65d99e4f8aa8fcef,experiment_v1_4/p8_selected/seed1_l0_tc_k4_s0/update_05000.pt,P8,frozen evaluation input
9bc2b6745e9303fa0e62299263ae7c8c4cfaa5e45d76a5db7175cd26c1a14a9e,b68766e1b1d0feb3164e2649513dc034711eaac9c195c66a0e0c955dfe6ca748,experiment_v1_4/p8_selected/seed1_l11_tc_k16_s0/update_05000.pt,P8,frozen evaluation input
9bc2b6745e9303fa0e62299263ae7c8c4cfaa5e45d76a5db7175cd26c1a14a9e,61a912aa2e76e2f0201d3caf5e5e0c243a3fac45d847e77cc219fd1b68a14ae0,experiment_v1_4/p8_selected/seed1_l11_tc_k4_s0/update_05000.pt,P8,frozen evaluation input
9bc2b6745e9303fa0e62299263ae7c8c4cfaa5e45d76a5db7175cd26c1a14a9e,c630b446c2d0e7c032e82058e31fb33f00f409d6f84824f7ff676c9c8b3be3a2,experiment_v1_4/p8_selected/seed1_l3_tc_k16_s0/update_05000.pt,P8,frozen evaluation input
9bc2b6745e9303fa0e62299263ae7c8c4cfaa5e45d76a5db7175cd26c1a14a9e,4ea2eeedf442817d8818df253290fcfc2ecdb7ee39b8747680be148d1e03a21e,experiment_v1_4/p8_selected/seed1_l3_tc_k4_s0/update_05000.pt,P8,frozen evaluation input
9bc2b6745e9303fa0e62299263ae7c8c4cfaa5e45d76a5db7175cd26c1a14a9e,20e81379d045db0bcec34cd94fb3b67dfb42fd4f6c33197adab8b524bca9f360,experiment_v1_4/p8_selected/seed1_l7_tc_k16_s0/update_05000.pt,P8,frozen evaluation input
9bc2b6745e9303fa0e62299263ae7c8c4cfaa5e45d76a5db7175cd26c1a14a9e,3113d442672d9b4a17cdaec57d23dfaf6916b41ed45815e68d20568aaeb7ebfe,experiment_v1_4/p8_selected/seed1_l7_tc_k4_s0/update_05000.pt,P8,frozen evaluation input
9bc2b6745e9303fa0e62299263ae7c8c4cfaa5e45d76a5db7175cd26c1a14a9e,dfb09fe1c5614cb9066da72f675a3449dfc01ef12526587abea66b2a32fac915,experiment_v1_4/p8_selected/seed2_l0_tc_k16_s0/update_04750.pt,P8,frozen evaluation input
9bc2b6745e9303fa0e62299263ae7c8c4cfaa5e45d76a5db7175cd26c1a14a9e,413e3cc4170bd9d170f527eae71e5da40d229dee5a0045d7448a2105da549f47,experiment_v1_4/p8_selected/seed2_l0_tc_k4_s0/update_05000.pt,P8,frozen evaluation input
9bc2b6745e9303fa0e62299263ae7c8c4cfaa5e45d76a5db7175cd26c1a14a9e,c3334bf967821d82cc6904335c30bffd068240ffac2154c75e3f810ed8352d96,experiment_v1_4/p8_selected/seed2_l11_tc_k16_s0/update_04500.pt,P8,frozen evaluation input
9bc2b6745e9303fa0e62299263ae7c8c4cfaa5e45d76a5db7175cd26c1a14a9e,eb4488d03b6f8170f590fe8d4c48e8be8dab3607ff2a72ed1912dac30d35b06d,experiment_v1_4/p8_selected/seed2_l11_tc_k4_s0/update_05000.pt,P8,frozen evaluation input
9bc2b6745e9303fa0e62299263ae7c8c4cfaa5e45d76a5db7175cd26c1a14a9e,bea65c3b324ed06eaeab4e2f5c750e2b3c0915fd18addedecd58ecc5fd5fc39c,experiment_v1_4/p8_selected/seed2_l3_tc_k16_s0/update_05000.pt,P8,frozen evaluation input
9bc2b6745e9303fa0e62299263ae7c8c4cfaa5e45d76a5db7175cd26c1a14a9e,b567a5b24942fdce07fb64b144b265139999cdf821719bfd2518def2f2ac373c,experiment_v1_4/p8_selected/seed2_l3_tc_k4_s0/update_05000.pt,P8,frozen evaluation input
9bc2b6745e9303fa0e62299263ae7c8c4cfaa5e45d76a5db7175cd26c1a14a9e,dba69aa8455429bb482905ef6f5e3bd425b599e5bd73867525112e654837b6f1,experiment_v1_4/p8_selected/seed2_l7_tc_k16_s0/update_05000.pt,P8,frozen evaluation input
9bc2b6745e9303fa0e62299263ae7c8c4cfaa5e45d76a5db7175cd26c1a14a9e,e965b37ac9756c46f2e0b0461e4b52ea577ad23001786a33604b8d9a9c1a7619,experiment_v1_4/p8_selected/seed2_l7_tc_k4_s0/update_05000.pt,P8,frozen evaluation input
9bc2b6745e9303fa0e62299263ae7c8c4cfaa5e45d76a5db7175cd26c1a14a9e,7afcd821522c77a20225b205e764788e67531aee8cff08263feffae6cd981d44,experiment_v1_4/results/p5_final_audit_20260925_01/p6_cache_manifest.json,P8,frozen evaluation input
9bc2b6745e9303fa0e62299263ae7c8c4cfaa5e45d76a5db7175cd26c1a14a9e,98f155c650424b52f3954aad4164fe31ea19ac7f026f26984fc85e225048a085,experiment_v1_4/results/p5_final_audit_20260925_01/returned/tasks/seed0_trained_l0_m_coordinate_128_A_iid.json,P8,frozen evaluation input
9bc2b6745e9303fa0e62299263ae7c8c4cfaa5e45d76a5db7175cd26c1a14a9e,faf56ab7d4c2026a4a4c0a1c042d97948acde0a934eea26600b98ee01de0b277,experiment_v1_4/results/p5_final_audit_20260925_01/returned/tasks/seed0_trained_l0_m_coordinate_128_B_iid.json,P8,frozen evaluation input
9bc2b6745e9303fa0e62299263ae7c8c4cfaa5e45d76a5db7175cd26c1a14a9e,8555e79f9bda5878135602ecd6795704e34c04ab9738bd28b1ea9b576c4fc085,experiment_v1_4/results/p5_final_audit_20260925_01/returned/tasks/seed0_trained_l0_m_coordinate_128_C_iid.json,P8,frozen evaluation input
9bc2b6745e9303fa0e62299263ae7c8c4cfaa5e45d76a5db7175cd26c1a14a9e,21d9abd394beec9bad4c03d6cd91dcbfd97e3b494a5922327f99809112ae18fa,experiment_v1_4/results/p5_final_audit_20260925_01/returned/tasks/seed0_trained_l0_m_coordinate_128_D_iid.json,P8,frozen evaluation input
9bc2b6745e9303fa0e62299263ae7c8c4cfaa5e45d76a5db7175cd26c1a14a9e,fe0d63ce467efccca3c029573f7ebe43c1dbcc679ec643e30649bfb72e2a9308,experiment_v1_4/results/p5_final_audit_20260925_01/returned/tasks/seed0_trained_l0_m_coordinate_128_current_iid.json,P8,frozen evaluation input
9bc2b6745e9303fa0e62299263ae7c8c4cfaa5e45d76a5db7175cd26c1a14a9e,7c403d1eb420dc84651bd66a63b3bf96d631fbcee47b4ad1a760a99f0c333b12,experiment_v1_4/results/p5_final_audit_20260925_01/returned/tasks/seed0_trained_l0_m_coordinate_128_current_transfer.json,P8,frozen evaluation input
9bc2b6745e9303fa0e62299263ae7c8c4cfaa5e45d76a5db7175cd26c1a14a9e,9ebecd920dc3a34a34f3a4f9fba7e36556c747229ffd3902f849cd4deae171b3,experiment_v1_4/results/p5_final_audit_20260925_01/returned/tasks/seed0_trained_l0_m_coordinate_128_previous_iid.json,P8,frozen evaluation input
9bc2b6745e9303fa0e62299263ae7c8c4cfaa5e45d76a5db7175cd26c1a14a9e,672bfa316a68e7effae9235650dfa753cca160881edb47d6431835fdc465c402,experiment_v1_4/results/p5_final_audit_20260925_01/returned/tasks/seed0_trained_l0_m_coordinate_128_previous_transfer.json,P8,frozen evaluation input
9bc2b6745e9303fa0e62299263ae7c8c4cfaa5e45d76a5db7175cd26c1a14a9e,6520c2cf1e0a02c9542276f9844e2b0d6f21149b267c10d774bcec6e398cb531,experiment_v1_4/results/p5_final_audit_20260925_01/returned/tasks/seed0_trained_l0_m_coordinate_128_query_iid.json,P8,frozen evaluation input
9bc2b6745e9303fa0e62299263ae7c8c4cfaa5e45d76a5db7175cd26c1a14a9e,fca35c352e24526ccb8fd19bff217f76ec583d0a310921062aa401669fc13569,experiment_v1_4/results/p5_final_audit_20260925_01/returned/tasks/seed0_trained_l0_m_coordinate_128_state_iid.json,P8,frozen evaluation input
9bc2b6745e9303fa0e62299263ae7c8c4cfaa5e45d76a5db7175cd26c1a14a9e,1b8dc96a428cf81c319b318a5f0c498d459851fcb05fcff6bc078ed4769c8128,experiment_v1_4/results/p5_final_audit_20260925_01/returned/tasks/seed0_trained_l0_m_coordinate_A_iid.json,P8,frozen evaluation input
9bc2b6745e9303fa0e62299263ae7c8c4cfaa5e45d76a5db7175cd26c1a14a9e,a987211756366eda2eb8794e820f55ef835f5ee6a73f30e94bf66a04ed6297dd,experiment_v1_4/results/p5_final_audit_20260925_01/returned/tasks/seed0_trained_l0_m_coordinate_B_iid.json,P8,frozen evaluation input
9bc2b6745e9303fa0e62299263ae7c8c4cfaa5e45d76a5db7175cd26c1a14a9e,cdb73d6ade4550dd7c4435b97a3d1c8e80318f4e0d86b6714f466a87a398e558,experiment_v1_4/results/p5_final_audit_20260925_01/returned/tasks/seed0_trained_l0_m_coordinate_C_iid.json,P8,frozen evaluation input
9bc2b6745e9303fa0e62299263ae7c8c4cfaa5e45d76a5db7175cd26c1a14a9e,f4328071776566cbfb17899d89999e4bf7c4f0125afd7981ceed8f303a3e5715,experiment_v1_4/results/p5_final_audit_20260925_01/returned/tasks/seed0_trained_l0_m_coordinate_D_iid.json,P8,frozen evaluation input
9bc2b6745e9303fa0e62299263ae7c8c4cfaa5e45d76a5db7175cd26c1a14a9e,c5c4a231a9283255e0fcfb4acef358e459f4eb5ce40b7b2aaf8b3baa2a031a69,experiment_v1_4/results/p5_final_audit_20260925_01/returned/tasks/seed0_trained_l0_m_coordinate_current_iid.json,P8,frozen evaluation input
9bc2b6745e9303fa0e62299263ae7c8c4cfaa5e45d76a5db7175cd26c1a14a9e,846ce58548529224cece1bbe18ba402391fee0e642f3b1ac3648761a160d552e,experiment_v1_4/results/p5_final_audit_20260925_01/returned/tasks/seed0_trained_l0_m_coordinate_current_transfer.json,P8,frozen evaluation input
9bc2b6745e9303fa0e62299263ae7c8c4cfaa5e45d76a5db7175cd26c1a14a9e,c2a08e915e46d212e648ffbf19f1ee03f50c450e65c6abe0d7a2e64cb1dc3b8d,experiment_v1_4/results/p5_final_audit_20260925_01/returned/tasks/seed0_trained_l0_m_coordinate_previous_iid.json,P8,frozen evaluation input
9bc2b6745e9303fa0e62299263ae7c8c4cfaa5e45d76a5db7175cd26c1a14a9e,f21e981e6dd4d25c03b047184e6852f1ac8ffb8c80ca86bd46c9678eb26d86d1,experiment_v1_4/results/p5_final_audit_20260925_01/returned/tasks/seed0_trained_l0_m_coordinate_previous_transfer.json,P8,frozen evaluation input
9bc2b6745e9303fa0e62299263ae7c8c4cfaa5e45d76a5db7175cd26c1a14a9e,52b4d41d606947a9a4951d4ac3749568b8bb9fb4a7cd1089ca32616ecbfb8c1f,experiment_v1_4/results/p5_final_audit_20260925_01/returned/tasks/seed0_trained_l0_m_coordinate_query_iid.json,P8,frozen evaluation input
9bc2b6745e9303fa0e62299263ae7c8c4cfaa5e45d76a5db7175cd26c1a14a9e,cb7a77a3c06601a836d7743a5ef37936534b488062702dd698cc91db00bf0c8c,experiment_v1_4/results/p5_final_audit_20260925_01/returned/tasks/seed0_trained_l0_m_coordinate_state_iid.json,P8,frozen evaluation input
9bc2b6745e9303fa0e62299263ae7c8c4cfaa5e45d76a5db7175cd26c1a14a9e,3ed72f20b1d65ed106435b25b94a38ca29a3514aa5533d7eca8eb3ec8adaa674,experiment_v1_4/results/p5_final_audit_20260925_01/returned/tasks/seed0_trained_l0_m_full_A_iid.json,P8,frozen evaluation input
9bc2b6745e9303fa0e62299263ae7c8c4cfaa5e45d76a5db7175cd26c1a14a9e,9d024fb5977212aba819ec63db34fe5dc137325fe744ca638c0ade55a4a01f52,experiment_v1_4/results/p5_final_audit_20260925_01/returned/tasks/seed0_trained_l0_m_full_B_iid.json,P8,frozen evaluation input
9bc2b6745e9303fa0e62299263ae7c8c4cfaa5e45d76a5db7175cd26c1a14a9e,39aee2b7a46dc6cc810ad29cc3e75e23e80cb5ceb078cddaff02b1e1b81c2616,experiment_v1_4/results/p5_final_audit_20260925_01/returned/tasks/seed0_trained_l0_m_full_C_iid.json,P8,frozen evaluation input
9bc2b6745e9303fa0e62299263ae7c8c4cfaa5e45d76a5db7175cd26c1a14a9e,4780660796854d26287a276084abb7bf6e8bdb9adfdadfd5298be6b4ce03490a,experiment_v1_4/results/p5_final_audit_20260925_01/returned/tasks/seed0_trained_l0_m_full_D_iid.json,P8,frozen evaluation input
9bc2b6745e9303fa0e62299263ae7c8c4cfaa5e45d76a5db7175cd26c1a14a9e,730d955ff04f5fd648bb0a3e492f8db16283a2b798acb5ab8f7f035b72782713,experiment_v1_4/results/p5_final_audit_20260925_01/returned/tasks/seed0_trained_l0_m_full_current_iid.json,P8,frozen evaluation input
9bc2b6745e9303fa0e62299263ae7c8c4cfaa5e45d76a5db7175cd26c1a14a9e,89c9b9d8590002b2662c42e5657a8c21bbdb7ff5b4be7ed4aef3dfdbae470944,experiment_v1_4/results/p5_final_audit_20260925_01/returned/tasks/seed0_trained_l0_m_full_current_transfer.json,P8,frozen evaluation input
9bc2b6745e9303fa0e62299263ae7c8c4cfaa5e45d76a5db7175cd26c1a14a9e,d5146e9a3e21072d931ef02029a7d2aaced8b4d7040d6d01daf4b2c6294d1136,experiment_v1_4/results/p5_final_audit_20260925_01/returned/tasks/seed0_trained_l0_m_full_previous_iid.json,P8,frozen evaluation input
9bc2b6745e9303fa0e62299263ae7c8c4cfaa5e45d76a5db7175cd26c1a14a9e,6ef53e1e345c37a21b3ec120d1b841e667f86f840533edbe7f7ad4fd6162060e,experiment_v1_4/results/p5_final_audit_20260925_01/returned/tasks/seed0_trained_l0_m_full_previous_transfer.json,P8,frozen evaluation input
9bc2b6745e9303fa0e62299263ae7c8c4cfaa5e45d76a5db7175cd26c1a14a9e,dc81ac60a050c7deadc0d00ee1301269b633c665bcf958985f47de873c615bf9,experiment_v1_4/results/p5_final_audit_20260925_01/returned/tasks/seed0_trained_l0_m_full_query_iid.json,P8,frozen evaluation input
9bc2b6745e9303fa0e62299263ae7c8c4cfaa5e45d76a5db7175cd26c1a14a9e,0010082bd599c0fd07b5761bb0abb975ce324a52793a41f4fbfdbd93c67e30e2,experiment_v1_4/results/p5_final_audit_20260925_01/returned/tasks/seed0_trained_l0_m_full_state_iid.json,P8,frozen evaluation input
9bc2b6745e9303fa0e62299263ae7c8c4cfaa5e45d76a5db7175cd26c1a14a9e,d8480b6b4ef43281ba594ae2aac3daa4900c6ddd12645436c4a054b43f7feec0,experiment_v1_4/results/p5_final_audit_20260925_01/returned/tasks/seed0_trained_l0_m_random_128_A_iid.json,P8,frozen evaluation input
9bc2b6745e9303fa0e62299263ae7c8c4cfaa5e45d76a5db7175cd26c1a14a9e,c7d0e363f538db85c582280821debf50735bf2a8ebf9108b382d9a9ed2b8586d,experiment_v1_4/results/p5_final_audit_20260925_01/returned/tasks/seed0_trained_l0_m_random_128_B_iid.json,P8,frozen evaluation input
9bc2b6745e9303fa0e62299263ae7c8c4cfaa5e45d76a5db7175cd26c1a14a9e,60e7515255ab48d24af8029fc688f84112aadd7d433ebc9347c80a2640e10c70,experiment_v1_4/results/p5_final_audit_20260925_01/returned/tasks/seed0_trained_l0_m_random_128_C_iid.json,P8,frozen evaluation input
9bc2b6745e9303fa0e62299263ae7c8c4cfaa5e45d76a5db7175cd26c1a14a9e,4e7e475cf670802efad0c5dc26285df28ccd08d6a8faea253c3f69fb52b584ee,experiment_v1_4/results/p5_final_audit_20260925_01/returned/tasks/seed0_trained_l0_m_random_128_D_iid.json,P8,frozen evaluation input
9bc2b6745e9303fa0e62299263ae7c8c4cfaa5e45d76a5db7175cd26c1a14a9e,69be1bf4ab5f0162f032124dd63e7c485ae38d9fbd04f1442c6aebbfcf54f9f2,experiment_v1_4/results/p5_final_audit_20260925_01/returned/tasks/seed0_trained_l0_m_random_128_current_iid.json,P8,frozen evaluation input
9bc2b6745e9303fa0e62299263ae7c8c4cfaa5e45d76a5db7175cd26c1a14a9e,41b1081fb854aa576a9440f9cedeec7c9513ed3214bb1d33874ef90c939dd44a,experiment_v1_4/results/p5_final_audit_20260925_01/returned/tasks/seed0_trained_l0_m_random_128_current_transfer.json,P8,frozen evaluation input
9bc2b6745e9303fa0e62299263ae7c8c4cfaa5e45d76a5db7175cd26c1a14a9e,4590698f0cd4d3589f2b9794ac11a36ced59e2da156c6a76ab0f62dcb5367471,experiment_v1_4/results/p5_final_audit_20260925_01/returned/tasks/seed0_trained_l0_m_random_128_previous_iid.json,P8,frozen evaluation input
9bc2b6745e9303fa0e62299263ae7c8c4cfaa5e45d76a5db7175cd26c1a14a9e,e6f3a753be0a94c5626ba7952912ac9c7356c1c2651d83e8f164b442d80556e1,experiment_v1_4/results/p5_final_audit_20260925_01/returned/tasks/seed0_trained_l0_m_random_128_previous_transfer.json,P8,frozen evaluation input
9bc2b6745e9303fa0e62299263ae7c8c4cfaa5e45d76a5db7175cd26c1a14a9e,6ccd33b03927137ac29eae91e56b07bc9d80aeadd6ea85f313e18701ba8d2f18,experiment_v1_4/results/p5_final_audit_20260925_01/returned/tasks/seed0_trained_l0_m_random_128_query_iid.json,P8,frozen evaluation input
9bc2b6745e9303fa0e62299263ae7c8c4cfaa5e45d76a5db7175cd26c1a14a9e,0fad5ffb74272c49aeeb81e66567fbfb2107dd7b801c760bcc615ff98e065afe,experiment_v1_4/results/p5_final_audit_20260925_01/returned/tasks/seed0_trained_l0_m_random_128_state_iid.json,P8,frozen evaluation input
9bc2b6745e9303fa0e62299263ae7c8c4cfaa5e45d76a5db7175cd26c1a14a9e,64656ffa116adcffc81dc3a8da49a4aed183b6214c8f46dbd30c53bf8c549765,experiment_v1_4/results/p5_final_audit_20260925_01/returned/tasks/seed0_trained_l0_m_random_A_iid.json,P8,frozen evaluation input
9bc2b6745e9303fa0e62299263ae7c8c4cfaa5e45d76a5db7175cd26c1a14a9e,8886ae3bb36704a61aec3ac11b56862f1bcf8b27f41581a3623a847648f676ef,experiment_v1_4/results/p5_final_audit_20260925_01/returned/tasks/seed0_trained_l0_m_random_B_iid.json,P8,frozen evaluation input
9bc2b6745e9303fa0e62299263ae7c8c4cfaa5e45d76a5db7175cd26c1a14a9e,fa436f54f4dd343e938b53e7c55a12a796a530903a67d4acd63e70357f49017f,experiment_v1_4/results/p5_final_audit_20260925_01/returned/tasks/seed0_trained_l0_m_random_C_iid.json,P8,frozen evaluation input
9bc2b6745e9303fa0e62299263ae7c8c4cfaa5e45d76a5db7175cd26c1a14a9e,45f1ac2846bf56964a41eefe5bf939b7ecce973cd68e5f7a7f0c8bfc3fe12d73,experiment_v1_4/results/p5_final_audit_20260925_01/returned/tasks/seed0_trained_l0_m_random_D_iid.json,P8,frozen evaluation input
9bc2b6745e9303fa0e62299263ae7c8c4cfaa5e45d76a5db7175cd26c1a14a9e,37479c8f5165ded293b8d734f18bea99cbdf552f20b484e36fac487a4bd03422,experiment_v1_4/results/p5_final_audit_20260925_01/returned/tasks/seed0_trained_l0_m_random_current_iid.json,P8,frozen evaluation input
9bc2b6745e9303fa0e62299263ae7c8c4cfaa5e45d76a5db7175cd26c1a14a9e,c1d4bb783222e4d57c0d4d944463779d9e002abdffd9e2f90a42d15711f1da1c,experiment_v1_4/results/p5_final_audit_20260925_01/returned/tasks/seed0_trained_l0_m_random_current_transfer.json,P8,frozen evaluation input
9bc2b6745e9303fa0e62299263ae7c8c4cfaa5e45d76a5db7175cd26c1a14a9e,de963113e7f411b37d33d828bb630218c7330c88c669cb2c71439a1adda8f52b,experiment_v1_4/results/p5_final_audit_20260925_01/returned/tasks/seed0_trained_l0_m_random_previous_iid.json,P8,frozen evaluation input
9bc2b6745e9303fa0e62299263ae7c8c4cfaa5e45d76a5db7175cd26c1a14a9e,a039db9cf0ff182b4932683d778a36aadcfd2637d9bd11c2d0c33014bcd18fa6,experiment_v1_4/results/p5_final_audit_20260925_01/returned/tasks/seed0_trained_l0_m_random_previous_transfer.json,P8,frozen evaluation input
9bc2b6745e9303fa0e62299263ae7c8c4cfaa5e45d76a5db7175cd26c1a14a9e,2cd327a818ac9c00d90a7c4bbc73e32ef147346e75edbbf76b19179a8a7d891a,experiment_v1_4/results/p5_final_audit_20260925_01/returned/tasks/seed0_trained_l0_m_random_query_iid.json,P8,frozen evaluation input
9bc2b6745e9303fa0e62299263ae7c8c4cfaa5e45d76a5db7175cd26c1a14a9e,ce3d0b232c378f1abb2db05d4275fc6435101dcb152180e319c915013d5f1b3e,experiment_v1_4/results/p5_final_audit_20260925_01/returned/tasks/seed0_trained_l0_m_random_state_iid.json,P8,frozen evaluation input
9bc2b6745e9303fa0e62299263ae7c8c4cfaa5e45d76a5db7175cd26c1a14a9e,c726b79f041fa112a7e30f18f4845da980a664e92fa24f3e045ccb58f5bbb680,experiment_v1_4/results/p5_final_audit_20260925_01/returned/tasks/seed0_trained_l0_u_full_A_iid.json,P8,frozen evaluation input
9bc2b6745e9303fa0e62299263ae7c8c4cfaa5e45d76a5db7175cd26c1a14a9e,aba2c10713013dc5571f2aceecafe479242a9d62ee7225075177c794ad5a88d2,experiment_v1_4/results/p5_final_audit_20260925_01/returned/tasks/seed0_trained_l0_u_full_B_iid.json,P8,frozen evaluation input
9bc2b6745e9303fa0e62299263ae7c8c4cfaa5e45d76a5db7175cd26c1a14a9e,fc163241c36b9039f1d1aed61f81a9b50e5380eb6ccf9344417213ec3930a88a,experiment_v1_4/results/p5_final_audit_20260925_01/returned/tasks/seed0_trained_l0_u_full_C_iid.json,P8,frozen evaluation input
9bc2b6745e9303fa0e62299263ae7c8c4cfaa5e45d76a5db7175cd26c1a14a9e,28064c83d3318492bc1caff521c3923883092f818d93a8aeda6518993377be6b,experiment_v1_4/results/p5_final_audit_20260925_01/returned/tasks/seed0_trained_l0_u_full_D_iid.json,P8,frozen evaluation input
9bc2b6745e9303fa0e62299263ae7c8c4cfaa5e45d76a5db7175cd26c1a14a9e,b018aea2bb023ec15d6d2c3489196a81163b4c5313dbd340c43cda0e338b404d,experiment_v1_4/results/p5_final_audit_20260925_01/returned/tasks/seed0_trained_l0_u_full_current_iid.json,P8,frozen evaluation input
9bc2b6745e9303fa0e62299263ae7c8c4cfaa5e45d76a5db7175cd26c1a14a9e,becfcfb83a403d34aa70b47db104d8cb08220f45914eb97e73a07a07dd7fc230,experiment_v1_4/results/p5_final_audit_20260925_01/returned/tasks/seed0_trained_l0_u_full_current_transfer.json,P8,frozen evaluation input
9bc2b6745e9303fa0e62299263ae7c8c4cfaa5e45d76a5db7175cd26c1a14a9e,2d9d756985219fc6f1354e0e07fa7738f4024150b3e45e046bc757f4c1e67ade,experiment_v1_4/results/p5_final_audit_20260925_01/returned/tasks/seed0_trained_l0_u_full_previous_iid.json,P8,frozen evaluation input
9bc2b6745e9303fa0e62299263ae7c8c4cfaa5e45d76a5db7175cd26c1a14a9e,954885d935ea0952a6ac1308d4b5147c9f34a11ec17e4f3c95f278e4ed1a371e,experiment_v1_4/results/p5_final_audit_20260925_01/returned/tasks/seed0_trained_l0_u_full_previous_transfer.json,P8,frozen evaluation input
9bc2b6745e9303fa0e62299263ae7c8c4cfaa5e45d76a5db7175cd26c1a14a9e,33db78fc5c6d5919b73c6eac34d043d912776e897e9c0705cb8669c539601918,experiment_v1_4/results/p5_final_audit_20260925_01/returned/tasks/seed0_trained_l0_u_full_query_iid.json,P8,frozen evaluation input
9bc2b6745e9303fa0e62299263ae7c8c4cfaa5e45d76a5db7175cd26c1a14a9e,46cefdce71fddea7fef06c39b94fdb0efe484dea651c50ff4b7d203fdb702196,experiment_v1_4/results/p5_final_audit_20260925_01/returned/tasks/seed0_trained_l0_u_full_state_iid.json,P8,frozen evaluation input
9bc2b6745e9303fa0e62299263ae7c8c4cfaa5e45d76a5db7175cd26c1a14a9e,2438f5daf781bc15b5c62c4aadd905279ebdbd02c414cef1df3c232a6f4b8a95,experiment_v1_4/results/p5_final_audit_20260925_01/returned/tasks/seed0_trained_l11_m_full_A_iid.json,P8,frozen evaluation input
9bc2b6745e9303fa0e62299263ae7c8c4cfaa5e45d76a5db7175cd26c1a14a9e,d3e70b7f9cec4ca7573746c859d68f0da74204bfe6e4729b94fa622485a44b49,experiment_v1_4/results/p5_final_audit_20260925_01/returned/tasks/seed0_trained_l11_m_full_B_iid.json,P8,frozen evaluation input
9bc2b6745e9303fa0e62299263ae7c8c4cfaa5e45d76a5db7175cd26c1a14a9e,cb1445766e11d8297d39c967643dc7224ebdb971379ef48cff74aeed8e48d1c5,experiment_v1_4/results/p5_final_audit_20260925_01/returned/tasks/seed0_trained_l11_m_full_C_iid.json,P8,frozen evaluation input
9bc2b6745e9303fa0e62299263ae7c8c4cfaa5e45d76a5db7175cd26c1a14a9e,4786bb3ec002937c44a27d2f3afe809e7b69326353f47547a30d7d414249bbce,experiment_v1_4/results/p5_final_audit_20260925_01/returned/tasks/seed0_trained_l11_m_full_D_iid.json,P8,frozen evaluation input
9bc2b6745e9303fa0e62299263ae7c8c4cfaa5e45d76a5db7175cd26c1a14a9e,0b0f4ff9e00b429c99de0515b6739cac6c5e032c4b4959ceb0c01bfbdcad9000,experiment_v1_4/results/p5_final_audit_20260925_01/returned/tasks/seed0_trained_l11_m_full_current_iid.json,P8,frozen evaluation input
9bc2b6745e9303fa0e62299263ae7c8c4cfaa5e45d76a5db7175cd26c1a14a9e,332523a168b89e7f1995bf8184f780aee7e721260adfac7cc1b0233119cfb2dd,experiment_v1_4/results/p5_final_audit_20260925_01/returned/tasks/seed0_trained_l11_m_full_current_transfer.json,P8,frozen evaluation input
9bc2b6745e9303fa0e62299263ae7c8c4cfaa5e45d76a5db7175cd26c1a14a9e,38ed7f2f9373e412dbfe74af423c1cb8e1d34169d66bc7621e9624f42a37415c,experiment_v1_4/results/p5_final_audit_20260925_01/returned/tasks/seed0_trained_l11_m_full_previous_iid.json,P8,frozen evaluation input
9bc2b6745e9303fa0e62299263ae7c8c4cfaa5e45d76a5db7175cd26c1a14a9e,1f59c20699bab82f11bc0879b3468ac9f1b14def0a96953bff327974b38a147e,experiment_v1_4/results/p5_final_audit_20260925_01/returned/tasks/seed0_trained_l11_m_full_previous_transfer.json,P8,frozen evaluation input
9bc2b6745e9303fa0e62299263ae7c8c4cfaa5e45d76a5db7175cd26c1a14a9e,077fdf8610d783868a98cde0f0f27e23911f3fbf42eebeacb0404d71d41e9045,experiment_v1_4/results/p5_final_audit_20260925_01/returned/tasks/seed0_trained_l11_m_full_query_iid.json,P8,frozen evaluation input
9bc2b6745e9303fa0e62299263ae7c8c4cfaa5e45d76a5db7175cd26c1a14a9e,97c73dcb785dedfb1b34bb6412f01c0c0dfbf052da1bd74446c320638a030c55,experiment_v1_4/results/p5_final_audit_20260925_01/returned/tasks/seed0_trained_l11_m_full_state_iid.json,P8,frozen evaluation input
9bc2b6745e9303fa0e62299263ae7c8c4cfaa5e45d76a5db7175cd26c1a14a9e,0b4cbd802a42ff03a1b881dbe65e4bf84c78f4264eb16111b043ea9092077f27,experiment_v1_4/results/p5_final_audit_20260925_01/returned/tasks/seed0_trained_l11_u_full_A_iid.json,P8,frozen evaluation input
9bc2b6745e9303fa0e62299263ae7c8c4cfaa5e45d76a5db7175cd26c1a14a9e,6de1fcee3a3538df5a0fe025ffa42271ac39a76aff2fa61ed975caf4a102e646,experiment_v1_4/results/p5_final_audit_20260925_01/returned/tasks/seed0_trained_l11_u_full_B_iid.json,P8,frozen evaluation input
9bc2b6745e9303fa0e62299263ae7c8c4cfaa5e45d76a5db7175cd26c1a14a9e,b287be9f411006a4c3f1689e610749902c19f36cbf492fbfa54fafc1244c8528,experiment_v1_4/results/p5_final_audit_20260925_01/returned/tasks/seed0_trained_l11_u_full_C_iid.json,P8,frozen evaluation input
9bc2b6745e9303fa0e62299263ae7c8c4cfaa5e45d76a5db7175cd26c1a14a9e,235dc1ae294f48d8832426406aec14e2205a3d92e805b8eb9d3a7099cea658b1,experiment_v1_4/results/p5_final_audit_20260925_01/returned/tasks/seed0_trained_l11_u_full_D_iid.json,P8,frozen evaluation input
9bc2b6745e9303fa0e62299263ae7c8c4cfaa5e45d76a5db7175cd26c1a14a9e,b73bc8f33b26b8fee4a2fbf3e7b974ee007ce292a0dc0f237521d148c130a78d,experiment_v1_4/results/p5_final_audit_20260925_01/returned/tasks/seed0_trained_l11_u_full_current_iid.json,P8,frozen evaluation input
9bc2b6745e9303fa0e62299263ae7c8c4cfaa5e45d76a5db7175cd26c1a14a9e,1c9a9886da6e248326d361d8203b22ec7ca342a4839f33f9484955a8d4678ca2,experiment_v1_4/results/p5_final_audit_20260925_01/returned/tasks/seed0_trained_l11_u_full_current_transfer.json,P8,frozen evaluation input
9bc2b6745e9303fa0e62299263ae7c8c4cfaa5e45d76a5db7175cd26c1a14a9e,523071f95f87583d0da974e09df1b4f75d28bb0538805fd319c745a508101990,experiment_v1_4/results/p5_final_audit_20260925_01/returned/tasks/seed0_trained_l11_u_full_previous_iid.json,P8,frozen evaluation input
9bc2b6745e9303fa0e62299263ae7c8c4cfaa5e45d76a5db7175cd26c1a14a9e,780eee31c7d0af28bb88a9e121095c32495a4d45e28ba33475957ef514b42350,experiment_v1_4/results/p5_final_audit_20260925_01/returned/tasks/seed0_trained_l11_u_full_previous_transfer.json,P8,frozen evaluation input
9bc2b6745e9303fa0e62299263ae7c8c4cfaa5e45d76a5db7175cd26c1a14a9e,58af07d8094e41a6f0be1fcde2dad032f14df8b3338b4b4c10f291bed5cbe012,experiment_v1_4/results/p5_final_audit_20260925_01/returned/tasks/seed0_trained_l11_u_full_query_iid.json,P8,frozen evaluation input
9bc2b6745e9303fa0e62299263ae7c8c4cfaa5e45d76a5db7175cd26c1a14a9e,8ea775000767568d97808b19528295134956147aee47bdbd21c3cbba1323c4bc,experiment_v1_4/results/p5_final_audit_20260925_01/returned/tasks/seed0_trained_l11_u_full_state_iid.json,P8,frozen evaluation input
9bc2b6745e9303fa0e62299263ae7c8c4cfaa5e45d76a5db7175cd26c1a14a9e,098104d743b17742587bf33c1aae2590c14045b5b859108160c991d291368fd1,experiment_v1_4/results/p5_final_audit_20260925_01/returned/tasks/seed0_trained_l3_m_full_A_iid.json,P8,frozen evaluation input
9bc2b6745e9303fa0e62299263ae7c8c4cfaa5e45d76a5db7175cd26c1a14a9e,4380b8ebaf9198c6260763ecfa085690ae1d47090b102971991f9a56d538f3a5,experiment_v1_4/results/p5_final_audit_20260925_01/returned/tasks/seed0_trained_l3_m_full_B_iid.json,P8,frozen evaluation input
9bc2b6745e9303fa0e62299263ae7c8c4cfaa5e45d76a5db7175cd26c1a14a9e,b19e1d24ddd744b817ba7a08c9921043d9fa27bdae77e650fac4c04fd2c8983c,experiment_v1_4/results/p5_final_audit_20260925_01/returned/tasks/seed0_trained_l3_m_full_C_iid.json,P8,frozen evaluation input
9bc2b6745e9303fa0e62299263ae7c8c4cfaa5e45d76a5db7175cd26c1a14a9e,955a60076a55d42920d6d829c2d91d6402735ae16fa788909e7f3f52741a49f6,experiment_v1_4/results/p5_final_audit_20260925_01/returned/tasks/seed0_trained_l3_m_full_D_iid.json,P8,frozen evaluation input
9bc2b6745e9303fa0e62299263ae7c8c4cfaa5e45d76a5db7175cd26c1a14a9e,6ca1d228877ea4e5dff718704db37758044e64e572e12b76f34574f07305a773,experiment_v1_4/results/p5_final_audit_20260925_01/returned/tasks/seed0_trained_l3_m_full_current_iid.json,P8,frozen evaluation input
9bc2b6745e9303fa0e62299263ae7c8c4cfaa5e45d76a5db7175cd26c1a14a9e,1f44079053ecf3572a7c62a60937c5f93ee6d3461eee12fca0f497683c9afb63,experiment_v1_4/results/p5_final_audit_20260925_01/returned/tasks/seed0_trained_l3_m_full_current_transfer.json,P8,frozen evaluation input
9bc2b6745e9303fa0e62299263ae7c8c4cfaa5e45d76a5db7175cd26c1a14a9e,617fd6925e190ee6272c80d6ab4ef6ce3bb4e53f9a959eea4c34e32d1996b15d,experiment_v1_4/results/p5_final_audit_20260925_01/returned/tasks/seed0_trained_l3_m_full_previous_iid.json,P8,frozen evaluation input
9bc2b6745e9303fa0e62299263ae7c8c4cfaa5e45d76a5db7175cd26c1a14a9e,e32b44cec012c5853442befe10319bdd21a145f4e48fe94b8c660cb59aa2bc0e,experiment_v1_4/results/p5_final_audit_20260925_01/returned/tasks/seed0_trained_l3_m_full_previous_transfer.json,P8,frozen evaluation input
9bc2b6745e9303fa0e62299263ae7c8c4cfaa5e45d76a5db7175cd26c1a14a9e,5d773805c9578483c147c37af02cdf3114c67ae0acee66ec9b4f493da135b59e,experiment_v1_4/results/p5_final_audit_20260925_01/returned/tasks/seed0_trained_l3_m_full_query_iid.json,P8,frozen evaluation input
9bc2b6745e9303fa0e62299263ae7c8c4cfaa5e45d76a5db7175cd26c1a14a9e,59c0aa2f8918c622078ffdd546db4fd3106f240f3a410ad1514229357d768bb8,experiment_v1_4/results/p5_final_audit_20260925_01/returned/tasks/seed0_trained_l3_m_full_state_iid.json,P8,frozen evaluation input
9bc2b6745e9303fa0e62299263ae7c8c4cfaa5e45d76a5db7175cd26c1a14a9e,d133f28c596e52b9ca4f2952e9519f7d7dec3852fb735607295a138046a53578,experiment_v1_4/results/p5_final_audit_20260925_01/returned/tasks/seed0_trained_l3_u_full_A_iid.json,P8,frozen evaluation input
9bc2b6745e9303fa0e62299263ae7c8c4cfaa5e45d76a5db7175cd26c1a14a9e,d41437a8279a79c2ce92e3bd7d3aa936a0c3e7da1a327373de96184acb1a48ad,experiment_v1_4/results/p5_final_audit_20260925_01/returned/tasks/seed0_trained_l3_u_full_B_iid.json,P8,frozen evaluation input
9bc2b6745e9303fa0e62299263ae7c8c4cfaa5e45d76a5db7175cd26c1a14a9e,a3f60b987e18731120cc9bab94fe06ddda6c9f48330c7eeb4bc5d362b6b7cc9e,experiment_v1_4/results/p5_final_audit_20260925_01/returned/tasks/seed0_trained_l3_u_full_C_iid.json,P8,frozen evaluation input
9bc2b6745e9303fa0e62299263ae7c8c4cfaa5e45d76a5db7175cd26c1a14a9e,a1d2f7bc08976214f0a4d595880a9babacf626f50c34cc8460be283b0ab1a827,experiment_v1_4/results/p5_final_audit_20260925_01/returned/tasks/seed0_trained_l3_u_full_D_iid.json,P8,frozen evaluation input
9bc2b6745e9303fa0e62299263ae7c8c4cfaa5e45d76a5db7175cd26c1a14a9e,41648c7f2afb341b63baa1c8d0086632458db95a40cdb6f6c70e56c4506847f5,experiment_v1_4/results/p5_final_audit_20260925_01/returned/tasks/seed0_trained_l3_u_full_current_iid.json,P8,frozen evaluation input
9bc2b6745e9303fa0e62299263ae7c8c4cfaa5e45d76a5db7175cd26c1a14a9e,d74f46e9c0af3f2e982b921e29138c8da0756da21262bfbfd78cfdddfaef0130,experiment_v1_4/results/p5_final_audit_20260925_01/returned/tasks/seed0_trained_l3_u_full_current_transfer.json,P8,frozen evaluation input
9bc2b6745e9303fa0e62299263ae7c8c4cfaa5e45d76a5db7175cd26c1a14a9e,4abe38285b84cde73c46da14de79d9b8b7eef14fa9f84ba4cf8e7d16bbb694b5,experiment_v1_4/results/p5_final_audit_20260925_01/returned/tasks/seed0_trained_l3_u_full_previous_iid.json,P8,frozen evaluation input
9bc2b6745e9303fa0e62299263ae7c8c4cfaa5e45d76a5db7175cd26c1a14a9e,aab19a34b63eaf5a9775c6859bd426e42e1d67609b015949b32940014f31ebed,experiment_v1_4/results/p5_final_audit_20260925_01/returned/tasks/seed0_trained_l3_u_full_previous_transfer.json,P8,frozen evaluation input
9bc2b6745e9303fa0e62299263ae7c8c4cfaa5e45d76a5db7175cd26c1a14a9e,9e5fce3828fd0a20e472795f24ad69510c9b34bd7190ef47645560cc37aba581,experiment_v1_4/results/p5_final_audit_20260925_01/returned/tasks/seed0_trained_l3_u_full_query_iid.json,P8,frozen evaluation input
9bc2b6745e9303fa0e62299263ae7c8c4cfaa5e45d76a5db7175cd26c1a14a9e,4e710ea39891317fa781cd3c6886fdf342bbb924b3b2dfbaab87cfd82a146f06,experiment_v1_4/results/p5_final_audit_20260925_01/returned/tasks/seed0_trained_l3_u_full_state_iid.json,P8,frozen evaluation input
9bc2b6745e9303fa0e62299263ae7c8c4cfaa5e45d76a5db7175cd26c1a14a9e,3950c167f5eac1c014e16d11d83c92dc9121bad784649093768cda4a329bdf0b,experiment_v1_4/results/p5_final_audit_20260925_01/returned/tasks/seed0_trained_l7_m_full_A_iid.json,P8,frozen evaluation input
9bc2b6745e9303fa0e62299263ae7c8c4cfaa5e45d76a5db7175cd26c1a14a9e,2f8437063f6708bddfbdd39f1d01cecedbaeae144e2d87731ca7c4e5edd22c82,experiment_v1_4/results/p5_final_audit_20260925_01/returned/tasks/seed0_trained_l7_m_full_B_iid.json,P8,frozen evaluation input
9bc2b6745e9303fa0e62299263ae7c8c4cfaa5e45d76a5db7175cd26c1a14a9e,be3a18b5bab00e91f671bba3dfb0eb796ba6f8a4f8a1345453831d3361fbc9e9,experiment_v1_4/results/p5_final_audit_20260925_01/returned/tasks/seed0_trained_l7_m_full_C_iid.json,P8,frozen evaluation input
9bc2b6745e9303fa0e62299263ae7c8c4cfaa5e45d76a5db7175cd26c1a14a9e,1c6d349b2055dba8fb9851cd5fb8723d60b85197233f757b3d144788370e6dda,experiment_v1_4/results/p5_final_audit_20260925_01/returned/tasks/seed0_trained_l7_m_full_D_iid.json,P8,frozen evaluation input
9bc2b6745e9303fa0e62299263ae7c8c4cfaa5e45d76a5db7175cd26c1a14a9e,7fc06d8bb300d9f0af7452f8ca40f8dbb4d45b25c71d93fd81973c12a1c2c509,experiment_v1_4/results/p5_final_audit_20260925_01/returned/tasks/seed0_trained_l7_m_full_current_iid.json,P8,frozen evaluation input
9bc2b6745e9303fa0e62299263ae7c8c4cfaa5e45d76a5db7175cd26c1a14a9e,7fb0cbf5b8dbf48ee19b2ff432ecb6fd49bbc63ce78b67f399c6021b2da58f5a,experiment_v1_4/results/p5_final_audit_20260925_01/returned/tasks/seed0_trained_l7_m_full_current_transfer.json,P8,frozen evaluation input
9bc2b6745e9303fa0e62299263ae7c8c4cfaa5e45d76a5db7175cd26c1a14a9e,f2697109c1959efff7b8f736ef7ec1456089d0abee9af5b00b535031459422ce,experiment_v1_4/results/p5_final_audit_20260925_01/returned/tasks/seed0_trained_l7_m_full_previous_iid.json,P8,frozen evaluation input
9bc2b6745e9303fa0e62299263ae7c8c4cfaa5e45d76a5db7175cd26c1a14a9e,ef859aaff603e733f5a308ee00332f7a0b9730ab14a9e1f3e0f686d248ab599b,experiment_v1_4/results/p5_final_audit_20260925_01/returned/tasks/seed0_trained_l7_m_full_previous_transfer.json,P8,frozen evaluation input
9bc2b6745e9303fa0e62299263ae7c8c4cfaa5e45d76a5db7175cd26c1a14a9e,da1c55a666a35c330288041c06cd3c103043973f95edb940351e9b66b34fd336,experiment_v1_4/results/p5_final_audit_20260925_01/returned/tasks/seed0_trained_l7_m_full_query_iid.json,P8,frozen evaluation input
9bc2b6745e9303fa0e62299263ae7c8c4cfaa5e45d76a5db7175cd26c1a14a9e,30ea376fc1f7134eb6b97e47f14800e404d254d2ecc3f5a7bcb411ffa8adfdb8,experiment_v1_4/results/p5_final_audit_20260925_01/returned/tasks/seed0_trained_l7_m_full_state_iid.json,P8,frozen evaluation input
9bc2b6745e9303fa0e62299263ae7c8c4cfaa5e45d76a5db7175cd26c1a14a9e,1252612dc0e9fde4795906a593200408f07b61452a194eef4461fc09ca3d7d88,experiment_v1_4/results/p5_final_audit_20260925_01/returned/tasks/seed0_trained_l7_u_full_A_iid.json,P8,frozen evaluation input
9bc2b6745e9303fa0e62299263ae7c8c4cfaa5e45d76a5db7175cd26c1a14a9e,1d6efd9fdb16f79b1aff4d9ec8dcb400b6e2f802f52491b40e85c4c8a10edc84,experiment_v1_4/results/p5_final_audit_20260925_01/returned/tasks/seed0_trained_l7_u_full_B_iid.json,P8,frozen evaluation input
9bc2b6745e9303fa0e62299263ae7c8c4cfaa5e45d76a5db7175cd26c1a14a9e,45dac7fdd7ff7fbe2b4ea380bbe27381115a7ef41785435e2745d7c59de7f678,experiment_v1_4/results/p5_final_audit_20260925_01/returned/tasks/seed0_trained_l7_u_full_C_iid.json,P8,frozen evaluation input
9bc2b6745e9303fa0e62299263ae7c8c4cfaa5e45d76a5db7175cd26c1a14a9e,70feac1ec2b243081d5c0db7047118d521f83184b0976b3f47c1b615549efafe,experiment_v1_4/results/p5_final_audit_20260925_01/returned/tasks/seed0_trained_l7_u_full_D_iid.json,P8,frozen evaluation input
9bc2b6745e9303fa0e62299263ae7c8c4cfaa5e45d76a5db7175cd26c1a14a9e,771cdded2ee5a60699767498277bc04ab6bb3e5611f4e1337a1e953c766f41ff,experiment_v1_4/results/p5_final_audit_20260925_01/returned/tasks/seed0_trained_l7_u_full_current_iid.json,P8,frozen evaluation input
9bc2b6745e9303fa0e62299263ae7c8c4cfaa5e45d76a5db7175cd26c1a14a9e,425ed196666f3c2582f32d46fb0c402a0f734296f867ff81983c7b0a622884f3,experiment_v1_4/results/p5_final_audit_20260925_01/returned/tasks/seed0_trained_l7_u_full_current_transfer.json,P8,frozen evaluation input
9bc2b6745e9303fa0e62299263ae7c8c4cfaa5e45d76a5db7175cd26c1a14a9e,e8c4d8c80c18c2d5af5609fc7830076fd55c464eaf9a0e642377105b658c47ef,experiment_v1_4/results/p5_final_audit_20260925_01/returned/tasks/seed0_trained_l7_u_full_previous_iid.json,P8,frozen evaluation input
9bc2b6745e9303fa0e62299263ae7c8c4cfaa5e45d76a5db7175cd26c1a14a9e,fb3a371a5d6d90d6e474b81ff0227f897606fe30bfd1ee4c4238f7407b55df4e,experiment_v1_4/results/p5_final_audit_20260925_01/returned/tasks/seed0_trained_l7_u_full_previous_transfer.json,P8,frozen evaluation input
9bc2b6745e9303fa0e62299263ae7c8c4cfaa5e45d76a5db7175cd26c1a14a9e,e8f8031d2f316dcfab7401a2c5b780a94945db449bd43f66b81122ca684207e7,experiment_v1_4/results/p5_final_audit_20260925_01/returned/tasks/seed0_trained_l7_u_full_query_iid.json,P8,frozen evaluation input
9bc2b6745e9303fa0e62299263ae7c8c4cfaa5e45d76a5db7175cd26c1a14a9e,91f97d26d725361772b2919338363ca9972027767c5c1ea69db8f4849b9cf4e6,experiment_v1_4/results/p5_final_audit_20260925_01/returned/tasks/seed0_trained_l7_u_full_state_iid.json,P8,frozen evaluation input
9bc2b6745e9303fa0e62299263ae7c8c4cfaa5e45d76a5db7175cd26c1a14a9e,491c3a172d49a5a9620ec31d802b8ffb89c3a4aca95ee40a8e2ceaf2c9879278,experiment_v1_4/results/p5_final_audit_20260925_01/returned/tasks/seed1_trained_l0_m_coordinate_128_A_iid.json,P8,frozen evaluation input
9bc2b6745e9303fa0e62299263ae7c8c4cfaa5e45d76a5db7175cd26c1a14a9e,ef153d17c9367725819c39abaddcb3287579d8b0b70490004bd17e6d902dfcf4,experiment_v1_4/results/p5_final_audit_20260925_01/returned/tasks/seed1_trained_l0_m_coordinate_128_B_iid.json,P8,frozen evaluation input
9bc2b6745e9303fa0e62299263ae7c8c4cfaa5e45d76a5db7175cd26c1a14a9e,858f57163432b7747125d81fc927e39e25410695948f502ff63e7d436f174108,experiment_v1_4/results/p5_final_audit_20260925_01/returned/tasks/seed1_trained_l0_m_coordinate_128_C_iid.json,P8,frozen evaluation input
9bc2b6745e9303fa0e62299263ae7c8c4cfaa5e45d76a5db7175cd26c1a14a9e,2ac48fd10038e5a72f0713fe72f50dde6071bf764cfee1d9d1d66f6e445391e0,experiment_v1_4/results/p5_final_audit_20260925_01/returned/tasks/seed1_trained_l0_m_coordinate_128_D_iid.json,P8,frozen evaluation input
9bc2b6745e9303fa0e62299263ae7c8c4cfaa5e45d76a5db7175cd26c1a14a9e,a3df1095b0a1fb4bd5be2bf8ab714cfefd805dfa0ef2d12694aeb38b0dd9aa33,experiment_v1_4/results/p5_final_audit_20260925_01/returned/tasks/seed1_trained_l0_m_coordinate_128_current_iid.json,P8,frozen evaluation input
9bc2b6745e9303fa0e62299263ae7c8c4cfaa5e45d76a5db7175cd26c1a14a9e,636692f2a8aab836b7dd413ae65251bd8e091d54c73a797f9b93c349a6f6cdfa,experiment_v1_4/results/p5_final_audit_20260925_01/returned/tasks/seed1_trained_l0_m_coordinate_128_current_transfer.json,P8,frozen evaluation input
9bc2b6745e9303fa0e62299263ae7c8c4cfaa5e45d76a5db7175cd26c1a14a9e,80f3f926072a08fc4a0add262a97c2621cdf1b6a1171818eb75f5163f04d899c,experiment_v1_4/results/p5_final_audit_20260925_01/returned/tasks/seed1_trained_l0_m_coordinate_128_previous_iid.json,P8,frozen evaluation input
9bc2b6745e9303fa0e62299263ae7c8c4cfaa5e45d76a5db7175cd26c1a14a9e,9684a5228f3b54458ae884b3f845538df8d4dd84f406415d7b85df5b356ad008,experiment_v1_4/results/p5_final_audit_20260925_01/returned/tasks/seed1_trained_l0_m_coordinate_128_previous_transfer.json,P8,frozen evaluation input
9bc2b6745e9303fa0e62299263ae7c8c4cfaa5e45d76a5db7175cd26c1a14a9e,0a2f3aec607bcc4ee5562bc8874e55e8ca8c3344eff9593a537ca44406f52ec8,experiment_v1_4/results/p5_final_audit_20260925_01/returned/tasks/seed1_trained_l0_m_coordinate_128_query_iid.json,P8,frozen evaluation input
9bc2b6745e9303fa0e62299263ae7c8c4cfaa5e45d76a5db7175cd26c1a14a9e,318b69965fa9bef6b6957a7824e2ab0996875c31cec66cb797e59cd6c388fc5b,experiment_v1_4/results/p5_final_audit_20260925_01/returned/tasks/seed1_trained_l0_m_coordinate_128_state_iid.json,P8,frozen evaluation input
9bc2b6745e9303fa0e62299263ae7c8c4cfaa5e45d76a5db7175cd26c1a14a9e,6cc92f7235506eb6883561c9c7746f8fd72e05bfdac2ba8688708de70017a3e3,experiment_v1_4/results/p5_final_audit_20260925_01/returned/tasks/seed1_trained_l0_m_coordinate_A_iid.json,P8,frozen evaluation input
9bc2b6745e9303fa0e62299263ae7c8c4cfaa5e45d76a5db7175cd26c1a14a9e,4a7a71b5a56a0ba770ebaa2690d23156543bb2be75ac362e2775a717e755b437,experiment_v1_4/results/p5_final_audit_20260925_01/returned/tasks/seed1_trained_l0_m_coordinate_B_iid.json,P8,frozen evaluation input
9bc2b6745e9303fa0e62299263ae7c8c4cfaa5e45d76a5db7175cd26c1a14a9e,3e1a4af619ef3aa4e48444182c823d927b7c642616ae29ee4f6a6db06f726ce7,experiment_v1_4/results/p5_final_audit_20260925_01/returned/tasks/seed1_trained_l0_m_coordinate_C_iid.json,P8,frozen evaluation input
9bc2b6745e9303fa0e62299263ae7c8c4cfaa5e45d76a5db7175cd26c1a14a9e,d882fcfadd61b1038bb388d2c7b19d9a13e1abe604c8f1113e63f3f38a56ef17,experiment_v1_4/results/p5_final_audit_20260925_01/returned/tasks/seed1_trained_l0_m_coordinate_D_iid.json,P8,frozen evaluation input
9bc2b6745e9303fa0e62299263ae7c8c4cfaa5e45d76a5db7175cd26c1a14a9e,a2c0209926d315590e5b19182b8fbeb45992a8ba4891865123a40b2f4721e6d0,experiment_v1_4/results/p5_final_audit_20260925_01/returned/tasks/seed1_trained_l0_m_coordinate_current_iid.json,P8,frozen evaluation input
9bc2b6745e9303fa0e62299263ae7c8c4cfaa5e45d76a5db7175cd26c1a14a9e,735a213a0b51102983266d931dcfb1d7bcf0a53ede836779011ad023a582a764,experiment_v1_4/results/p5_final_audit_20260925_01/returned/tasks/seed1_trained_l0_m_coordinate_current_transfer.json,P8,frozen evaluation input
9bc2b6745e9303fa0e62299263ae7c8c4cfaa5e45d76a5db7175cd26c1a14a9e,6516b538b01ffc3c32c7d1f23395f2cf1cd8161de2d6c2da6ba2dce9ad04e5b0,experiment_v1_4/results/p5_final_audit_20260925_01/returned/tasks/seed1_trained_l0_m_coordinate_previous_iid.json,P8,frozen evaluation input
9bc2b6745e9303fa0e62299263ae7c8c4cfaa5e45d76a5db7175cd26c1a14a9e,b909a46202ae9ac07ba52de397f4efcccab65133bd32ebb05d2b39850151340f,experiment_v1_4/results/p5_final_audit_20260925_01/returned/tasks/seed1_trained_l0_m_coordinate_previous_transfer.json,P8,frozen evaluation input
9bc2b6745e9303fa0e62299263ae7c8c4cfaa5e45d76a5db7175cd26c1a14a9e,0cacb1cc7702dbae8a07d7896670378108b74b52a63af54b7f79ba7107164136,experiment_v1_4/results/p5_final_audit_20260925_01/returned/tasks/seed1_trained_l0_m_coordinate_query_iid.json,P8,frozen evaluation input
9bc2b6745e9303fa0e62299263ae7c8c4cfaa5e45d76a5db7175cd26c1a14a9e,f8e13b22e5b63e5e842053a189bcb9d47a3d7b89871c4afe1114b878201dbbbf,experiment_v1_4/results/p5_final_audit_20260925_01/returned/tasks/seed1_trained_l0_m_coordinate_state_iid.json,P8,frozen evaluation input
9bc2b6745e9303fa0e62299263ae7c8c4cfaa5e45d76a5db7175cd26c1a14a9e,e3cfc77e54b135d6c715cbdbbaf9b55f35b403bc54288c0e7e0cf851ef7dc5d8,experiment_v1_4/results/p5_final_audit_20260925_01/returned/tasks/seed1_trained_l0_m_full_A_iid.json,P8,frozen evaluation input
9bc2b6745e9303fa0e62299263ae7c8c4cfaa5e45d76a5db7175cd26c1a14a9e,b4053c3cf4ecaac35bef7357b2789b76c93ebc8f35b6750fd4c7ebda836f04bf,experiment_v1_4/results/p5_final_audit_20260925_01/returned/tasks/seed1_trained_l0_m_full_B_iid.json,P8,frozen evaluation input
9bc2b6745e9303fa0e62299263ae7c8c4cfaa5e45d76a5db7175cd26c1a14a9e,77deadb1154206dcf045f06d1a7cb7eadd5de3303a3af22a9e3f574dad5df8cf,experiment_v1_4/results/p5_final_audit_20260925_01/returned/tasks/seed1_trained_l0_m_full_C_iid.json,P8,frozen evaluation input
9bc2b6745e9303fa0e62299263ae7c8c4cfaa5e45d76a5db7175cd26c1a14a9e,5bff0de96ec3437fb614686c726b2464389b42fabe3fc5666587ad161902917d,experiment_v1_4/results/p5_final_audit_20260925_01/returned/tasks/seed1_trained_l0_m_full_D_iid.json,P8,frozen evaluation input
9bc2b6745e9303fa0e62299263ae7c8c4cfaa5e45d76a5db7175cd26c1a14a9e,f2ea9e92e0e306460a121f0f816f257426ace1e8d0e22ec0486df2ebd7efb467,experiment_v1_4/results/p5_final_audit_20260925_01/returned/tasks/seed1_trained_l0_m_full_current_iid.json,P8,frozen evaluation input
9bc2b6745e9303fa0e62299263ae7c8c4cfaa5e45d76a5db7175cd26c1a14a9e,33f07b565372ae3651c7994055b47b42ed7d80ed337132399a025ec5f53e40d4,experiment_v1_4/results/p5_final_audit_20260925_01/returned/tasks/seed1_trained_l0_m_full_current_transfer.json,P8,frozen evaluation input
9bc2b6745e9303fa0e62299263ae7c8c4cfaa5e45d76a5db7175cd26c1a14a9e,9e714a64f742edc1d798c4cb8fd6d0ac62a269025e7fa0027a42d2f974f1b6ab,experiment_v1_4/results/p5_final_audit_20260925_01/returned/tasks/seed1_trained_l0_m_full_previous_iid.json,P8,frozen evaluation input
9bc2b6745e9303fa0e62299263ae7c8c4cfaa5e45d76a5db7175cd26c1a14a9e,0032f89e61940fd1449686877869dc3e8d3014b3ba01393cb98b30c0131f3963,experiment_v1_4/results/p5_final_audit_20260925_01/returned/tasks/seed1_trained_l0_m_full_previous_transfer.json,P8,frozen evaluation input
9bc2b6745e9303fa0e62299263ae7c8c4cfaa5e45d76a5db7175cd26c1a14a9e,dbe58fc5f882fa7f9344210623c22b6f4b9fc356168199f3a45fee2c2e85eada,experiment_v1_4/results/p5_final_audit_20260925_01/returned/tasks/seed1_trained_l0_m_full_query_iid.json,P8,frozen evaluation input
9bc2b6745e9303fa0e62299263ae7c8c4cfaa5e45d76a5db7175cd26c1a14a9e,099d9a0bd2c24f4429b0ed2ff974ce5e0786612b54fed15410f1607f2c472cc5,experiment_v1_4/results/p5_final_audit_20260925_01/returned/tasks/seed1_trained_l0_m_full_state_iid.json,P8,frozen evaluation input
9bc2b6745e9303fa0e62299263ae7c8c4cfaa5e45d76a5db7175cd26c1a14a9e,32ad3d01bb8466e5496b216b66ab9b63f7149c1469c1d4f33f73fb68e2f85f46,experiment_v1_4/results/p5_final_audit_20260925_01/returned/tasks/seed1_trained_l0_m_random_128_A_iid.json,P8,frozen evaluation input
9bc2b6745e9303fa0e62299263ae7c8c4cfaa5e45d76a5db7175cd26c1a14a9e,97374f6c50e6341f1104a2ece083853c7de29d43e679fd8c8420e63509a8f365,experiment_v1_4/results/p5_final_audit_20260925_01/returned/tasks/seed1_trained_l0_m_random_128_B_iid.json,P8,frozen evaluation input
9bc2b6745e9303fa0e62299263ae7c8c4cfaa5e45d76a5db7175cd26c1a14a9e,0a88e32413ca438c2d7c864d7d268411dd113f778d40cde5d5bf7a77a19373de,experiment_v1_4/results/p5_final_audit_20260925_01/returned/tasks/seed1_trained_l0_m_random_128_C_iid.json,P8,frozen evaluation input
9bc2b6745e9303fa0e62299263ae7c8c4cfaa5e45d76a5db7175cd26c1a14a9e,a93bdb5c1e1478d453f2286ac6e179e86cb4cee553c3f5103480da934d26db75,experiment_v1_4/results/p5_final_audit_20260925_01/returned/tasks/seed1_trained_l0_m_random_128_D_iid.json,P8,frozen evaluation input
9bc2b6745e9303fa0e62299263ae7c8c4cfaa5e45d76a5db7175cd26c1a14a9e,844efaaedd67a5bc7cb677d03695ab9754189121267ea695b386279c80121bd2,experiment_v1_4/results/p5_final_audit_20260925_01/returned/tasks/seed1_trained_l0_m_random_128_current_iid.json,P8,frozen evaluation input
9bc2b6745e9303fa0e62299263ae7c8c4cfaa5e45d76a5db7175cd26c1a14a9e,5c02588c8d7a0a07773020501607b81f47d53a8664e0f4fba062de8232510a5c,experiment_v1_4/results/p5_final_audit_20260925_01/returned/tasks/seed1_trained_l0_m_random_128_current_transfer.json,P8,frozen evaluation input
9bc2b6745e9303fa0e62299263ae7c8c4cfaa5e45d76a5db7175cd26c1a14a9e,3ef139c0e1b80f4a440bfd6652301d900ca1f011b3c2e327320155d8b19871dd,experiment_v1_4/results/p5_final_audit_20260925_01/returned/tasks/seed1_trained_l0_m_random_128_previous_iid.json,P8,frozen evaluation input
9bc2b6745e9303fa0e62299263ae7c8c4cfaa5e45d76a5db7175cd26c1a14a9e,b77c49af7ec1458ff976ea0bd16137a0c878bfe1080d39ee8af2b80f6b5acd67,experiment_v1_4/results/p5_final_audit_20260925_01/returned/tasks/seed1_trained_l0_m_random_128_previous_transfer.json,P8,frozen evaluation input
9bc2b6745e9303fa0e62299263ae7c8c4cfaa5e45d76a5db7175cd26c1a14a9e,c3d7e269268431182b2446407c63561d9c621baf6b9f1b2edbfcc708f83e407c,experiment_v1_4/results/p5_final_audit_20260925_01/returned/tasks/seed1_trained_l0_m_random_128_query_iid.json,P8,frozen evaluation input
9bc2b6745e9303fa0e62299263ae7c8c4cfaa5e45d76a5db7175cd26c1a14a9e,7ebd02cc2bdc6c91d1476b6d72d6a260c9394a5f4b11d113a54a601ecdbcb2ab,experiment_v1_4/results/p5_final_audit_20260925_01/returned/tasks/seed1_trained_l0_m_random_128_state_iid.json,P8,frozen evaluation input
9bc2b6745e9303fa0e62299263ae7c8c4cfaa5e45d76a5db7175cd26c1a14a9e,914ebbcba026baa639f6be9ca86bddf2b3580ed12e13a09232995e3f7abc42f9,experiment_v1_4/results/p5_final_audit_20260925_01/returned/tasks/seed1_trained_l0_m_random_A_iid.json,P8,frozen evaluation input
9bc2b6745e9303fa0e62299263ae7c8c4cfaa5e45d76a5db7175cd26c1a14a9e,7c851c35be8798a24b485e26b562a274704f2c9ccb816a85c6e4862ffe985eba,experiment_v1_4/results/p5_final_audit_20260925_01/returned/tasks/seed1_trained_l0_m_random_B_iid.json,P8,frozen evaluation input
9bc2b6745e9303fa0e62299263ae7c8c4cfaa5e45d76a5db7175cd26c1a14a9e,229ad72733e4cdff8642b79a8d667031d061cec7e28fd9de69f61312da848e3f,experiment_v1_4/results/p5_final_audit_20260925_01/returned/tasks/seed1_trained_l0_m_random_C_iid.json,P8,frozen evaluation input
9bc2b6745e9303fa0e62299263ae7c8c4cfaa5e45d76a5db7175cd26c1a14a9e,662eac0c43af79cbf67371f1903e18b779384e3a1a8292345d2882994200f73e,experiment_v1_4/results/p5_final_audit_20260925_01/returned/tasks/seed1_trained_l0_m_random_D_iid.json,P8,frozen evaluation input
9bc2b6745e9303fa0e62299263ae7c8c4cfaa5e45d76a5db7175cd26c1a14a9e,0531e36da4334c8fdaaf77ebb63006456d20aba8e6af21f5ff15b423e5e8819e,experiment_v1_4/results/p5_final_audit_20260925_01/returned/tasks/seed1_trained_l0_m_random_current_iid.json,P8,frozen evaluation input
9bc2b6745e9303fa0e62299263ae7c8c4cfaa5e45d76a5db7175cd26c1a14a9e,3fdb55459921bc61e5c14ceba412eef7b9ea869424eff0e98728cb9317855ce4,experiment_v1_4/results/p5_final_audit_20260925_01/returned/tasks/seed1_trained_l0_m_random_current_transfer.json,P8,frozen evaluation input
9bc2b6745e9303fa0e62299263ae7c8c4cfaa5e45d76a5db7175cd26c1a14a9e,4467810c91187a80c29cbb3b00821eda1c0eaf8e18847b517e44f20c43315516,experiment_v1_4/results/p5_final_audit_20260925_01/returned/tasks/seed1_trained_l0_m_random_previous_iid.json,P8,frozen evaluation input
9bc2b6745e9303fa0e62299263ae7c8c4cfaa5e45d76a5db7175cd26c1a14a9e,aabc90ccc0e0c342a4f677939a2ae7360c5b4a26a8159def1bd63c5e0c57b249,experiment_v1_4/results/p5_final_audit_20260925_01/returned/tasks/seed1_trained_l0_m_random_previous_transfer.json,P8,frozen evaluation input
9bc2b6745e9303fa0e62299263ae7c8c4cfaa5e45d76a5db7175cd26c1a14a9e,fb2b64961cff2fc8430edf5a14ddbb62572c80947f0356c26aedd4e0afe3e48e,experiment_v1_4/results/p5_final_audit_20260925_01/returned/tasks/seed1_trained_l0_m_random_query_iid.json,P8,frozen evaluation input
9bc2b6745e9303fa0e62299263ae7c8c4cfaa5e45d76a5db7175cd26c1a14a9e,4dafbfffbc23dbc4b3d9b5ae0586eb81f78fc6867ec687f239e153d10c1641e5,experiment_v1_4/results/p5_final_audit_20260925_01/returned/tasks/seed1_trained_l0_m_random_state_iid.json,P8,frozen evaluation input
9bc2b6745e9303fa0e62299263ae7c8c4cfaa5e45d76a5db7175cd26c1a14a9e,906a680a992359172b9b6986eb02878f0d02c560ab6635322a2f78d8478515c7,experiment_v1_4/results/p5_final_audit_20260925_01/returned/tasks/seed1_trained_l0_u_full_A_iid.json,P8,frozen evaluation input
9bc2b6745e9303fa0e62299263ae7c8c4cfaa5e45d76a5db7175cd26c1a14a9e,055674f9c82278a7ee9fc1efab7528a1d416acd1967b79827899835b780b1a15,experiment_v1_4/results/p5_final_audit_20260925_01/returned/tasks/seed1_trained_l0_u_full_B_iid.json,P8,frozen evaluation input
9bc2b6745e9303fa0e62299263ae7c8c4cfaa5e45d76a5db7175cd26c1a14a9e,0d137b27142e5473650942051156e7c6f278ac08c93d07be3d870221bfd0511a,experiment_v1_4/results/p5_final_audit_20260925_01/returned/tasks/seed1_trained_l0_u_full_C_iid.json,P8,frozen evaluation input
9bc2b6745e9303fa0e62299263ae7c8c4cfaa5e45d76a5db7175cd26c1a14a9e,bba749f0b2441914bdb522836cb2a5e7c19dc1bd1715d8aea016443d3f130004,experiment_v1_4/results/p5_final_audit_20260925_01/returned/tasks/seed1_trained_l0_u_full_D_iid.json,P8,frozen evaluation input
9bc2b6745e9303fa0e62299263ae7c8c4cfaa5e45d76a5db7175cd26c1a14a9e,86e7be9e1b8389cfa84186056d672869bf4bd4b7a5294306787d2631c01dadb6,experiment_v1_4/results/p5_final_audit_20260925_01/returned/tasks/seed1_trained_l0_u_full_current_iid.json,P8,frozen evaluation input
9bc2b6745e9303fa0e62299263ae7c8c4cfaa5e45d76a5db7175cd26c1a14a9e,ca8a3b6cbb9f917aeecc9efabd255bdf4117c7ca623a677b847cf91bd3250f19,experiment_v1_4/results/p5_final_audit_20260925_01/returned/tasks/seed1_trained_l0_u_full_current_transfer.json,P8,frozen evaluation input
9bc2b6745e9303fa0e62299263ae7c8c4cfaa5e45d76a5db7175cd26c1a14a9e,48987fa31fea4dde40857be016804b6d309050e77df4a045c442af5fe5e29800,experiment_v1_4/results/p5_final_audit_20260925_01/returned/tasks/seed1_trained_l0_u_full_previous_iid.json,P8,frozen evaluation input
9bc2b6745e9303fa0e62299263ae7c8c4cfaa5e45d76a5db7175cd26c1a14a9e,473f97b1938bb38ba19ac176d27ab9bcbe3826c0f3f88b5401c7e388425ca6b0,experiment_v1_4/results/p5_final_audit_20260925_01/returned/tasks/seed1_trained_l0_u_full_previous_transfer.json,P8,frozen evaluation input
9bc2b6745e9303fa0e62299263ae7c8c4cfaa5e45d76a5db7175cd26c1a14a9e,af43bb30c6a712727a1a9d7943626429250d6b191d47fc0f6c3d12d9e5b9fd23,experiment_v1_4/results/p5_final_audit_20260925_01/returned/tasks/seed1_trained_l0_u_full_query_iid.json,P8,frozen evaluation input
9bc2b6745e9303fa0e62299263ae7c8c4cfaa5e45d76a5db7175cd26c1a14a9e,3169db50f2345dddf8ca28c9082f32f20d76ce5f0c2221d34675a335dc8e4190,experiment_v1_4/results/p5_final_audit_20260925_01/returned/tasks/seed1_trained_l0_u_full_state_iid.json,P8,frozen evaluation input
9bc2b6745e9303fa0e62299263ae7c8c4cfaa5e45d76a5db7175cd26c1a14a9e,a341aa9fb09ecd32bfee0b74f11f9a404fca8b7d95c68da66a3bd5fa16c6e29b,experiment_v1_4/results/p5_final_audit_20260925_01/returned/tasks/seed1_trained_l11_m_full_A_iid.json,P8,frozen evaluation input
9bc2b6745e9303fa0e62299263ae7c8c4cfaa5e45d76a5db7175cd26c1a14a9e,1370abb73886f3ee5f235f92ad57047fa950498876a95fa52b9e7d3bf6c58117,experiment_v1_4/results/p5_final_audit_20260925_01/returned/tasks/seed1_trained_l11_m_full_B_iid.json,P8,frozen evaluation input
9bc2b6745e9303fa0e62299263ae7c8c4cfaa5e45d76a5db7175cd26c1a14a9e,40200a79537be0e5c4492995783eb76ad3c378fe8d579bb6011243c01691d08a,experiment_v1_4/results/p5_final_audit_20260925_01/returned/tasks/seed1_trained_l11_m_full_C_iid.json,P8,frozen evaluation input
9bc2b6745e9303fa0e62299263ae7c8c4cfaa5e45d76a5db7175cd26c1a14a9e,ccce7db26d5cee212b6e4517f0b89a846440f8c7dac774fe8eb59738ca0e8d7a,experiment_v1_4/results/p5_final_audit_20260925_01/returned/tasks/seed1_trained_l11_m_full_D_iid.json,P8,frozen evaluation input
9bc2b6745e9303fa0e62299263ae7c8c4cfaa5e45d76a5db7175cd26c1a14a9e,e0fa326b7191eac8ab3eac89d8fcae15eadcfc2d3bec7e495ab03ae206313ae3,experiment_v1_4/results/p5_final_audit_20260925_01/returned/tasks/seed1_trained_l11_m_full_current_iid.json,P8,frozen evaluation input
9bc2b6745e9303fa0e62299263ae7c8c4cfaa5e45d76a5db7175cd26c1a14a9e,3e2ac4bee0ded63faeea2914afddd50cff4124adeff5d4314ddc1f0c47acb16d,experiment_v1_4/results/p5_final_audit_20260925_01/returned/tasks/seed1_trained_l11_m_full_current_transfer.json,P8,frozen evaluation input
9bc2b6745e9303fa0e62299263ae7c8c4cfaa5e45d76a5db7175cd26c1a14a9e,67ad9cefa53536d06944a6e29a3100120e951b5ef18bf63f46cd2468ba961951,experiment_v1_4/results/p5_final_audit_20260925_01/returned/tasks/seed1_trained_l11_m_full_previous_iid.json,P8,frozen evaluation input
9bc2b6745e9303fa0e62299263ae7c8c4cfaa5e45d76a5db7175cd26c1a14a9e,f57031c37e20c9f08438d39ec420a8d08ad050894e8d3492a3b160c710926bf6,experiment_v1_4/results/p5_final_audit_20260925_01/returned/tasks/seed1_trained_l11_m_full_previous_transfer.json,P8,frozen evaluation input
9bc2b6745e9303fa0e62299263ae7c8c4cfaa5e45d76a5db7175cd26c1a14a9e,1adb899a0a92b53c13843bab29bd540466b474945650358ab7e67b3190ab89e2,experiment_v1_4/results/p5_final_audit_20260925_01/returned/tasks/seed1_trained_l11_m_full_query_iid.json,P8,frozen evaluation input
9bc2b6745e9303fa0e62299263ae7c8c4cfaa5e45d76a5db7175cd26c1a14a9e,b490c577ccddbe2b4f4fa2b90ed24c785c8c6ad7289c65061ada811ead1f0fed,experiment_v1_4/results/p5_final_audit_20260925_01/returned/tasks/seed1_trained_l11_m_full_state_iid.json,P8,frozen evaluation input
9bc2b6745e9303fa0e62299263ae7c8c4cfaa5e45d76a5db7175cd26c1a14a9e,0da1653538c8824846cb475edbaa8dd11589d6f920e00b6bbd9e1dbba9a8ffc4,experiment_v1_4/results/p5_final_audit_20260925_01/returned/tasks/seed1_trained_l11_u_full_A_iid.json,P8,frozen evaluation input
9bc2b6745e9303fa0e62299263ae7c8c4cfaa5e45d76a5db7175cd26c1a14a9e,aa7af32e699241cd9ad7fe25a75abf106e35b77a590accdea13afab3745126d0,experiment_v1_4/results/p5_final_audit_20260925_01/returned/tasks/seed1_trained_l11_u_full_B_iid.json,P8,frozen evaluation input
9bc2b6745e9303fa0e62299263ae7c8c4cfaa5e45d76a5db7175cd26c1a14a9e,e1b9e85cbf0757f144cad70c3a04b7ab22ae907b37bc013dac599c8a900a1138,experiment_v1_4/results/p5_final_audit_20260925_01/returned/tasks/seed1_trained_l11_u_full_C_iid.json,P8,frozen evaluation input
9bc2b6745e9303fa0e62299263ae7c8c4cfaa5e45d76a5db7175cd26c1a14a9e,03a027d6931d30a410563c8eed780a39ee07cd7b60381f56534d1bbb3babb5f7,experiment_v1_4/results/p5_final_audit_20260925_01/returned/tasks/seed1_trained_l11_u_full_D_iid.json,P8,frozen evaluation input
9bc2b6745e9303fa0e62299263ae7c8c4cfaa5e45d76a5db7175cd26c1a14a9e,b8d3299d15a007da20fa2d9e78a7d2a00c81522788e0adf93f1a561069e79447,experiment_v1_4/results/p5_final_audit_20260925_01/returned/tasks/seed1_trained_l11_u_full_current_iid.json,P8,frozen evaluation input
9bc2b6745e9303fa0e62299263ae7c8c4cfaa5e45d76a5db7175cd26c1a14a9e,6997508e6ac474040d5dd83619d2faec6c749be3349455d812b22b2fb3760edd,experiment_v1_4/results/p5_final_audit_20260925_01/returned/tasks/seed1_trained_l11_u_full_current_transfer.json,P8,frozen evaluation input
9bc2b6745e9303fa0e62299263ae7c8c4cfaa5e45d76a5db7175cd26c1a14a9e,81b61a24ce02cbfee2b94ac51f2aed6e4ba64812c623ebc4e3ae274aef635879,experiment_v1_4/results/p5_final_audit_20260925_01/returned/tasks/seed1_trained_l11_u_full_previous_iid.json,P8,frozen evaluation input
9bc2b6745e9303fa0e62299263ae7c8c4cfaa5e45d76a5db7175cd26c1a14a9e,2c11f2de57b6bca94c08d3d7f80d4938c6644af27921e460d6d91a34919e7572,experiment_v1_4/results/p5_final_audit_20260925_01/returned/tasks/seed1_trained_l11_u_full_previous_transfer.json,P8,frozen evaluation input
9bc2b6745e9303fa0e62299263ae7c8c4cfaa5e45d76a5db7175cd26c1a14a9e,a1636bbeb9442b285735eeaa1ea445eff513397039ea80f2c516372a758268e7,experiment_v1_4/results/p5_final_audit_20260925_01/returned/tasks/seed1_trained_l11_u_full_query_iid.json,P8,frozen evaluation input
9bc2b6745e9303fa0e62299263ae7c8c4cfaa5e45d76a5db7175cd26c1a14a9e,2af08b74c9e0fd01cd3c3cefbebea0e5b81df2b7a35901bd0652b895ee3e1c7f,experiment_v1_4/results/p5_final_audit_20260925_01/returned/tasks/seed1_trained_l11_u_full_state_iid.json,P8,frozen evaluation input
9bc2b6745e9303fa0e62299263ae7c8c4cfaa5e45d76a5db7175cd26c1a14a9e,0dcde3a0ff7e81f8bb9cc414990a1658abbe2f3a12495988a0c905f0ab7815bd,experiment_v1_4/results/p5_final_audit_20260925_01/returned/tasks/seed1_trained_l3_m_full_A_iid.json,P8,frozen evaluation input
9bc2b6745e9303fa0e62299263ae7c8c4cfaa5e45d76a5db7175cd26c1a14a9e,c7c214be9e9dafd799dc548ae3a1e65cdcf00edf5c34a95bc6cf4579d93ca113,experiment_v1_4/results/p5_final_audit_20260925_01/returned/tasks/seed1_trained_l3_m_full_B_iid.json,P8,frozen evaluation input
9bc2b6745e9303fa0e62299263ae7c8c4cfaa5e45d76a5db7175cd26c1a14a9e,34d042e09268477e63d6c171f7b12e0a4f84622c665e85e0c619dabb87bd44d7,experiment_v1_4/results/p5_final_audit_20260925_01/returned/tasks/seed1_trained_l3_m_full_C_iid.json,P8,frozen evaluation input
9bc2b6745e9303fa0e62299263ae7c8c4cfaa5e45d76a5db7175cd26c1a14a9e,f06079c5ea763b9db22eb4ff13a50f004a1f6f4c4d139f8f5348c0269051e90b,experiment_v1_4/results/p5_final_audit_20260925_01/returned/tasks/seed1_trained_l3_m_full_D_iid.json,P8,frozen evaluation input
9bc2b6745e9303fa0e62299263ae7c8c4cfaa5e45d76a5db7175cd26c1a14a9e,bc0e708e146df9975686c397d6de839f55cbe08eb458855198e603865ef8f7ee,experiment_v1_4/results/p5_final_audit_20260925_01/returned/tasks/seed1_trained_l3_m_full_current_iid.json,P8,frozen evaluation input
9bc2b6745e9303fa0e62299263ae7c8c4cfaa5e45d76a5db7175cd26c1a14a9e,e36d1f87a194a8a91df31b12262264ad32d0c607c82ec1562c4bcee2c5c4e72a,experiment_v1_4/results/p5_final_audit_20260925_01/returned/tasks/seed1_trained_l3_m_full_current_transfer.json,P8,frozen evaluation input
9bc2b6745e9303fa0e62299263ae7c8c4cfaa5e45d76a5db7175cd26c1a14a9e,b0f3a09733e8817d7a902d9542dc5c2daa44cec83e3422e08493ed758a47ceec,experiment_v1_4/results/p5_final_audit_20260925_01/returned/tasks/seed1_trained_l3_m_full_previous_iid.json,P8,frozen evaluation input
9bc2b6745e9303fa0e62299263ae7c8c4cfaa5e45d76a5db7175cd26c1a14a9e,ad659b44c78e47b235eabd5e119f9d739e3a802d15b818046a5ecedbca1571fd,experiment_v1_4/results/p5_final_audit_20260925_01/returned/tasks/seed1_trained_l3_m_full_previous_transfer.json,P8,frozen evaluation input
9bc2b6745e9303fa0e62299263ae7c8c4cfaa5e45d76a5db7175cd26c1a14a9e,df740d0041182f7da11359b84a101fd3d9861fa82fd1626ea49dd55447212763,experiment_v1_4/results/p5_final_audit_20260925_01/returned/tasks/seed1_trained_l3_m_full_query_iid.json,P8,frozen evaluation input
9bc2b6745e9303fa0e62299263ae7c8c4cfaa5e45d76a5db7175cd26c1a14a9e,ba58d1c1b5fd36e77457108274682684f984d8d8d52b073c8b5b240d221b402e,experiment_v1_4/results/p5_final_audit_20260925_01/returned/tasks/seed1_trained_l3_m_full_state_iid.json,P8,frozen evaluation input
9bc2b6745e9303fa0e62299263ae7c8c4cfaa5e45d76a5db7175cd26c1a14a9e,2cbb8fc6fd0cd0123d87b334c508041bcfbfa441e87e388d70c1b333d43c3600,experiment_v1_4/results/p5_final_audit_20260925_01/returned/tasks/seed1_trained_l3_u_full_A_iid.json,P8,frozen evaluation input
9bc2b6745e9303fa0e62299263ae7c8c4cfaa5e45d76a5db7175cd26c1a14a9e,e4176f3f9d6e229cdcf6226d74237965920014318fef7779356c7c0cb872e018,experiment_v1_4/results/p5_final_audit_20260925_01/returned/tasks/seed1_trained_l3_u_full_B_iid.json,P8,frozen evaluation input
9bc2b6745e9303fa0e62299263ae7c8c4cfaa5e45d76a5db7175cd26c1a14a9e,7124fdab8b25150413c59289f6813e5ed44d88d878a6f58bc4f932f1da471974,experiment_v1_4/results/p5_final_audit_20260925_01/returned/tasks/seed1_trained_l3_u_full_C_iid.json,P8,frozen evaluation input
9bc2b6745e9303fa0e62299263ae7c8c4cfaa5e45d76a5db7175cd26c1a14a9e,0ad6a3682e68ada41f11ac94ef7deadb2ddb99833425ae991c94970dcd34163b,experiment_v1_4/results/p5_final_audit_20260925_01/returned/tasks/seed1_trained_l3_u_full_D_iid.json,P8,frozen evaluation input
9bc2b6745e9303fa0e62299263ae7c8c4cfaa5e45d76a5db7175cd26c1a14a9e,7f92432ba09555c56c72124f5d2a1f1feade656035aa011cb158466dbe7c6af8,experiment_v1_4/results/p5_final_audit_20260925_01/returned/tasks/seed1_trained_l3_u_full_current_iid.json,P8,frozen evaluation input
9bc2b6745e9303fa0e62299263ae7c8c4cfaa5e45d76a5db7175cd26c1a14a9e,3c77d5907b0898edcbcc9ae0b6848faeb97a3be641e60ca20520c70cea472d40,experiment_v1_4/results/p5_final_audit_20260925_01/returned/tasks/seed1_trained_l3_u_full_current_transfer.json,P8,frozen evaluation input
9bc2b6745e9303fa0e62299263ae7c8c4cfaa5e45d76a5db7175cd26c1a14a9e,dfe7f76714e50a7b776f4b76c49b9fb8fc91f0ca72867d0db41488da97c23aac,experiment_v1_4/results/p5_final_audit_20260925_01/returned/tasks/seed1_trained_l3_u_full_previous_iid.json,P8,frozen evaluation input
9bc2b6745e9303fa0e62299263ae7c8c4cfaa5e45d76a5db7175cd26c1a14a9e,b426501ae960858563df220b307f23a666928d58ccaadb155a73087cc2bf45ef,experiment_v1_4/results/p5_final_audit_20260925_01/returned/tasks/seed1_trained_l3_u_full_previous_transfer.json,P8,frozen evaluation input
9bc2b6745e9303fa0e62299263ae7c8c4cfaa5e45d76a5db7175cd26c1a14a9e,1ffc1fe9bc297eba9e8a96926418431b05a4616a7c6ca12fb4eb9ff14ffe5be8,experiment_v1_4/results/p5_final_audit_20260925_01/returned/tasks/seed1_trained_l3_u_full_query_iid.json,P8,frozen evaluation input
9bc2b6745e9303fa0e62299263ae7c8c4cfaa5e45d76a5db7175cd26c1a14a9e,60dbe1e163c42a7adcee4adabe1ef8d1f79b1f966c5198bca781b0aea20803c8,experiment_v1_4/results/p5_final_audit_20260925_01/returned/tasks/seed1_trained_l3_u_full_state_iid.json,P8,frozen evaluation input
9bc2b6745e9303fa0e62299263ae7c8c4cfaa5e45d76a5db7175cd26c1a14a9e,a2c29b062645f6d0f7ae06e2ec35634bf7ad9a620c6fe5ad277e0ee5cab2b7fd,experiment_v1_4/results/p5_final_audit_20260925_01/returned/tasks/seed1_trained_l7_m_full_A_iid.json,P8,frozen evaluation input
9bc2b6745e9303fa0e62299263ae7c8c4cfaa5e45d76a5db7175cd26c1a14a9e,74eaf9475a55550007cd6f831b58f545b197c77a7b42511ca3a3fa9c19b58d67,experiment_v1_4/results/p5_final_audit_20260925_01/returned/tasks/seed1_trained_l7_m_full_B_iid.json,P8,frozen evaluation input
9bc2b6745e9303fa0e62299263ae7c8c4cfaa5e45d76a5db7175cd26c1a14a9e,7832f6489ba36bf1fb7a5cc4884229f5011ac81e68e464ae26374791f32d3906,experiment_v1_4/results/p5_final_audit_20260925_01/returned/tasks/seed1_trained_l7_m_full_C_iid.json,P8,frozen evaluation input
9bc2b6745e9303fa0e62299263ae7c8c4cfaa5e45d76a5db7175cd26c1a14a9e,c3e54a35e2864f554ad4abd287e9f534ab20aaabd86cc3dc1fd79afd1d833cbd,experiment_v1_4/results/p5_final_audit_20260925_01/returned/tasks/seed1_trained_l7_m_full_D_iid.json,P8,frozen evaluation input
9bc2b6745e9303fa0e62299263ae7c8c4cfaa5e45d76a5db7175cd26c1a14a9e,8b662a19cc6e6755169a1b1d56ba0450f2e67532444b795a7c196d032fd7fe3b,experiment_v1_4/results/p5_final_audit_20260925_01/returned/tasks/seed1_trained_l7_m_full_current_iid.json,P8,frozen evaluation input
9bc2b6745e9303fa0e62299263ae7c8c4cfaa5e45d76a5db7175cd26c1a14a9e,2881f19b76dced87f60cdf704114ab0a0e103a9d59d209022912d336eda2d095,experiment_v1_4/results/p5_final_audit_20260925_01/returned/tasks/seed1_trained_l7_m_full_current_transfer.json,P8,frozen evaluation input
9bc2b6745e9303fa0e62299263ae7c8c4cfaa5e45d76a5db7175cd26c1a14a9e,811af9781784e0c802abbe7af928a530736a1279137cb821eb28b676348f2b8f,experiment_v1_4/results/p5_final_audit_20260925_01/returned/tasks/seed1_trained_l7_m_full_previous_iid.json,P8,frozen evaluation input
9bc2b6745e9303fa0e62299263ae7c8c4cfaa5e45d76a5db7175cd26c1a14a9e,1ba57e33f1a94f82f385cec5518386c3e2cc6d2a9cc0387ce56113c0622558c4,experiment_v1_4/results/p5_final_audit_20260925_01/returned/tasks/seed1_trained_l7_m_full_previous_transfer.json,P8,frozen evaluation input
9bc2b6745e9303fa0e62299263ae7c8c4cfaa5e45d76a5db7175cd26c1a14a9e,033d7876192f66a284880316656077788e88cc51764146420564cb688e257337,experiment_v1_4/results/p5_final_audit_20260925_01/returned/tasks/seed1_trained_l7_m_full_query_iid.json,P8,frozen evaluation input
9bc2b6745e9303fa0e62299263ae7c8c4cfaa5e45d76a5db7175cd26c1a14a9e,7018a3bed533e3376d79a80b25a1037f34071ef7581c6316ed252e89d198c5aa,experiment_v1_4/results/p5_final_audit_20260925_01/returned/tasks/seed1_trained_l7_m_full_state_iid.json,P8,frozen evaluation input
9bc2b6745e9303fa0e62299263ae7c8c4cfaa5e45d76a5db7175cd26c1a14a9e,ad1d3c25cf703bf92619483d9dcc195d9fd7466248f105c6996dc6430132525e,experiment_v1_4/results/p5_final_audit_20260925_01/returned/tasks/seed1_trained_l7_u_full_A_iid.json,P8,frozen evaluation input
9bc2b6745e9303fa0e62299263ae7c8c4cfaa5e45d76a5db7175cd26c1a14a9e,8d721942c10ce8c25b05726b2dd62d343158fcb6c1d60ac42056a5869956f16f,experiment_v1_4/results/p5_final_audit_20260925_01/returned/tasks/seed1_trained_l7_u_full_B_iid.json,P8,frozen evaluation input
9bc2b6745e9303fa0e62299263ae7c8c4cfaa5e45d76a5db7175cd26c1a14a9e,c27e3227b6e31daf410814bdd2ed670a0155d1c97101e03880355a3ff3506e90,experiment_v1_4/results/p5_final_audit_20260925_01/returned/tasks/seed1_trained_l7_u_full_C_iid.json,P8,frozen evaluation input
9bc2b6745e9303fa0e62299263ae7c8c4cfaa5e45d76a5db7175cd26c1a14a9e,80d023ff1652dcb9b349bc74879c3d23e642e0c37c9772c3d3b2accd25fef8fc,experiment_v1_4/results/p5_final_audit_20260925_01/returned/tasks/seed1_trained_l7_u_full_D_iid.json,P8,frozen evaluation input
9bc2b6745e9303fa0e62299263ae7c8c4cfaa5e45d76a5db7175cd26c1a14a9e,e112a41ec898d5d014c41b281678c6dfbf9335880ddf5264d886df464c234f5b,experiment_v1_4/results/p5_final_audit_20260925_01/returned/tasks/seed1_trained_l7_u_full_current_iid.json,P8,frozen evaluation input
9bc2b6745e9303fa0e62299263ae7c8c4cfaa5e45d76a5db7175cd26c1a14a9e,326e8d8bb4662da54e65ba35434457f9769380d007a05bdaa54928dadae58f5f,experiment_v1_4/results/p5_final_audit_20260925_01/returned/tasks/seed1_trained_l7_u_full_current_transfer.json,P8,frozen evaluation input
9bc2b6745e9303fa0e62299263ae7c8c4cfaa5e45d76a5db7175cd26c1a14a9e,d240cd4e8b86c4196d957c50ee077311fb3d4ac06f65be60d566f4bf9eb1ad95,experiment_v1_4/results/p5_final_audit_20260925_01/returned/tasks/seed1_trained_l7_u_full_previous_iid.json,P8,frozen evaluation input
9bc2b6745e9303fa0e62299263ae7c8c4cfaa5e45d76a5db7175cd26c1a14a9e,366e019bd3d83d608ec9d9a9ecfa084aeaaad0d7306e4a9b5cb84098418c433f,experiment_v1_4/results/p5_final_audit_20260925_01/returned/tasks/seed1_trained_l7_u_full_previous_transfer.json,P8,frozen evaluation input
9bc2b6745e9303fa0e62299263ae7c8c4cfaa5e45d76a5db7175cd26c1a14a9e,7c947f824d6818ff39d97ec03ab3964ad82c3135b9b06678bb6ef5cdd8fdbbea,experiment_v1_4/results/p5_final_audit_20260925_01/returned/tasks/seed1_trained_l7_u_full_query_iid.json,P8,frozen evaluation input
9bc2b6745e9303fa0e62299263ae7c8c4cfaa5e45d76a5db7175cd26c1a14a9e,cd150258b58e0f02415295218fe00975c48d9d7f7f20e34d5e04050d3774df36,experiment_v1_4/results/p5_final_audit_20260925_01/returned/tasks/seed1_trained_l7_u_full_state_iid.json,P8,frozen evaluation input
9bc2b6745e9303fa0e62299263ae7c8c4cfaa5e45d76a5db7175cd26c1a14a9e,bedd66c57f9c5b18019f4fff678d541a3d938644ba466b0484f95a69a3c8c1d5,experiment_v1_4/results/p5_final_audit_20260925_01/returned/tasks/seed2_trained_l0_m_coordinate_128_A_iid.json,P8,frozen evaluation input
9bc2b6745e9303fa0e62299263ae7c8c4cfaa5e45d76a5db7175cd26c1a14a9e,d632c8fc5707db65653db48866c631c118661911635c45423afc9394c6820462,experiment_v1_4/results/p5_final_audit_20260925_01/returned/tasks/seed2_trained_l0_m_coordinate_128_B_iid.json,P8,frozen evaluation input
9bc2b6745e9303fa0e62299263ae7c8c4cfaa5e45d76a5db7175cd26c1a14a9e,ec391117ca0e585001161d580609f1bddee14c34d042baa6ae878f2bc25efd77,experiment_v1_4/results/p5_final_audit_20260925_01/returned/tasks/seed2_trained_l0_m_coordinate_128_C_iid.json,P8,frozen evaluation input
9bc2b6745e9303fa0e62299263ae7c8c4cfaa5e45d76a5db7175cd26c1a14a9e,d9e9f44ac77776d020698bc019e0fc6dc9bd25400e5cdfa1ab4b1c05088483eb,experiment_v1_4/results/p5_final_audit_20260925_01/returned/tasks/seed2_trained_l0_m_coordinate_128_D_iid.json,P8,frozen evaluation input
9bc2b6745e9303fa0e62299263ae7c8c4cfaa5e45d76a5db7175cd26c1a14a9e,18fdf27a80dbc4464dd9bb1f2aa2e86a68599562b3970e774d071888d3f7fcd3,experiment_v1_4/results/p5_final_audit_20260925_01/returned/tasks/seed2_trained_l0_m_coordinate_128_current_iid.json,P8,frozen evaluation input
9bc2b6745e9303fa0e62299263ae7c8c4cfaa5e45d76a5db7175cd26c1a14a9e,43a865a7d02ed635a8e6d22e662f62ea3acf825ce4d05b9f4fbd5d6566947515,experiment_v1_4/results/p5_final_audit_20260925_01/returned/tasks/seed2_trained_l0_m_coordinate_128_current_transfer.json,P8,frozen evaluation input
9bc2b6745e9303fa0e62299263ae7c8c4cfaa5e45d76a5db7175cd26c1a14a9e,226d47efe2582b6177a0691181b49c14dd0cbbd593521ef4194df87184346b97,experiment_v1_4/results/p5_final_audit_20260925_01/returned/tasks/seed2_trained_l0_m_coordinate_128_previous_iid.json,P8,frozen evaluation input
9bc2b6745e9303fa0e62299263ae7c8c4cfaa5e45d76a5db7175cd26c1a14a9e,f0faf2f426920b0ac6982d8778657a2987081539c93a389f2ebc8355e9ace037,experiment_v1_4/results/p5_final_audit_20260925_01/returned/tasks/seed2_trained_l0_m_coordinate_128_previous_transfer.json,P8,frozen evaluation input
9bc2b6745e9303fa0e62299263ae7c8c4cfaa5e45d76a5db7175cd26c1a14a9e,8b3a3f0851414f33fc3a52a36b6f10a65cd2160bb53af89a3a679a40f48094f5,experiment_v1_4/results/p5_final_audit_20260925_01/returned/tasks/seed2_trained_l0_m_coordinate_128_query_iid.json,P8,frozen evaluation input
9bc2b6745e9303fa0e62299263ae7c8c4cfaa5e45d76a5db7175cd26c1a14a9e,c2cd3a6bf898732e5fc37dde85f41ee2c174eda3fee6e8c1a2447a5c6423d7f6,experiment_v1_4/results/p5_final_audit_20260925_01/returned/tasks/seed2_trained_l0_m_coordinate_128_state_iid.json,P8,frozen evaluation input
9bc2b6745e9303fa0e62299263ae7c8c4cfaa5e45d76a5db7175cd26c1a14a9e,c2e051c3a511787973037c079f4084ef7dd5c5e34ee7357abf08006f1ea00127,experiment_v1_4/results/p5_final_audit_20260925_01/returned/tasks/seed2_trained_l0_m_coordinate_A_iid.json,P8,frozen evaluation input
9bc2b6745e9303fa0e62299263ae7c8c4cfaa5e45d76a5db7175cd26c1a14a9e,10804b3e30d4ac04187bfb00c5f87f180b9a2fea2baff810e61b3c9e3d2dd730,experiment_v1_4/results/p5_final_audit_20260925_01/returned/tasks/seed2_trained_l0_m_coordinate_B_iid.json,P8,frozen evaluation input
9bc2b6745e9303fa0e62299263ae7c8c4cfaa5e45d76a5db7175cd26c1a14a9e,e67a3e4d7e484c65fe167bfdad36cd88653221583db88b05043852e16bcad00e,experiment_v1_4/results/p5_final_audit_20260925_01/returned/tasks/seed2_trained_l0_m_coordinate_C_iid.json,P8,frozen evaluation input
9bc2b6745e9303fa0e62299263ae7c8c4cfaa5e45d76a5db7175cd26c1a14a9e,16152fbdeb10e962a8490aa974aab4b895736748383c1767ff3cbf41afcecf02,experiment_v1_4/results/p5_final_audit_20260925_01/returned/tasks/seed2_trained_l0_m_coordinate_D_iid.json,P8,frozen evaluation input
9bc2b6745e9303fa0e62299263ae7c8c4cfaa5e45d76a5db7175cd26c1a14a9e,ef6a7ec055faed012b646bd39afa959a1b0826d6ffdb5f5b8437c18e094b7646,experiment_v1_4/results/p5_final_audit_20260925_01/returned/tasks/seed2_trained_l0_m_coordinate_current_iid.json,P8,frozen evaluation input
9bc2b6745e9303fa0e62299263ae7c8c4cfaa5e45d76a5db7175cd26c1a14a9e,99d03c64e6ca8da4267a5a37cbe9ea9b19dfba723f6c5374d0bd10bf92ed6154,experiment_v1_4/results/p5_final_audit_20260925_01/returned/tasks/seed2_trained_l0_m_coordinate_current_transfer.json,P8,frozen evaluation input
9bc2b6745e9303fa0e62299263ae7c8c4cfaa5e45d76a5db7175cd26c1a14a9e,1ae2a756da21a304800de7fed077252a1a5a33713b815b04b99f81701c05c0a4,experiment_v1_4/results/p5_final_audit_20260925_01/returned/tasks/seed2_trained_l0_m_coordinate_previous_iid.json,P8,frozen evaluation input
9bc2b6745e9303fa0e62299263ae7c8c4cfaa5e45d76a5db7175cd26c1a14a9e,8662342ca627ee856461533bd48999baa0273fa19195f082cf69b773bbb925dc,experiment_v1_4/results/p5_final_audit_20260925_01/returned/tasks/seed2_trained_l0_m_coordinate_previous_transfer.json,P8,frozen evaluation input
9bc2b6745e9303fa0e62299263ae7c8c4cfaa5e45d76a5db7175cd26c1a14a9e,5194eeb3ef2990418b4a768fd3d838471cf46386a9513ee2a278f5fd88b602fa,experiment_v1_4/results/p5_final_audit_20260925_01/returned/tasks/seed2_trained_l0_m_coordinate_query_iid.json,P8,frozen evaluation input
9bc2b6745e9303fa0e62299263ae7c8c4cfaa5e45d76a5db7175cd26c1a14a9e,04807ef9ee6ae06d4765a598e0f9b9c445e4fe494f27f1541315dd4f83d2051c,experiment_v1_4/results/p5_final_audit_20260925_01/returned/tasks/seed2_trained_l0_m_coordinate_state_iid.json,P8,frozen evaluation input
9bc2b6745e9303fa0e62299263ae7c8c4cfaa5e45d76a5db7175cd26c1a14a9e,bf918542021267e458d0d93074a7afdef8f5ad782026bb7852461adad8e09594,experiment_v1_4/results/p5_final_audit_20260925_01/returned/tasks/seed2_trained_l0_m_full_A_iid.json,P8,frozen evaluation input
9bc2b6745e9303fa0e62299263ae7c8c4cfaa5e45d76a5db7175cd26c1a14a9e,cbecc56808ba6b638b1fb6102d03c90cf5cf4d040dd961622dac3152393103ba,experiment_v1_4/results/p5_final_audit_20260925_01/returned/tasks/seed2_trained_l0_m_full_B_iid.json,P8,frozen evaluation input
9bc2b6745e9303fa0e62299263ae7c8c4cfaa5e45d76a5db7175cd26c1a14a9e,7f64ae7d1372b28338b7bbe80c051f44305b6749f653769ed876aca4dc495d2d,experiment_v1_4/results/p5_final_audit_20260925_01/returned/tasks/seed2_trained_l0_m_full_C_iid.json,P8,frozen evaluation input
9bc2b6745e9303fa0e62299263ae7c8c4cfaa5e45d76a5db7175cd26c1a14a9e,bb898d958d1de4ec989b2a0a2aa091d73880e5e963f0067a8c275853c2fc4d02,experiment_v1_4/results/p5_final_audit_20260925_01/returned/tasks/seed2_trained_l0_m_full_D_iid.json,P8,frozen evaluation input
9bc2b6745e9303fa0e62299263ae7c8c4cfaa5e45d76a5db7175cd26c1a14a9e,0746bb4277ccc42cf12a36618e87de922eef1f5772afd1d48e05223c6aa2cc07,experiment_v1_4/results/p5_final_audit_20260925_01/returned/tasks/seed2_trained_l0_m_full_current_iid.json,P8,frozen evaluation input
9bc2b6745e9303fa0e62299263ae7c8c4cfaa5e45d76a5db7175cd26c1a14a9e,777cda7180db918cc9aca9edb0caf1457b9bb2c810ab79820976c396e32baa90,experiment_v1_4/results/p5_final_audit_20260925_01/returned/tasks/seed2_trained_l0_m_full_current_transfer.json,P8,frozen evaluation input
9bc2b6745e9303fa0e62299263ae7c8c4cfaa5e45d76a5db7175cd26c1a14a9e,d1534747e3e8f211ca1c0e972bd278cff8822955b08dcfbaab08c510c5cff6c2,experiment_v1_4/results/p5_final_audit_20260925_01/returned/tasks/seed2_trained_l0_m_full_previous_iid.json,P8,frozen evaluation input
9bc2b6745e9303fa0e62299263ae7c8c4cfaa5e45d76a5db7175cd26c1a14a9e,c7cb73d11bbbc3add181e64a5e15b9117b382db215eddf67589198148fb7a3e6,experiment_v1_4/results/p5_final_audit_20260925_01/returned/tasks/seed2_trained_l0_m_full_previous_transfer.json,P8,frozen evaluation input
9bc2b6745e9303fa0e62299263ae7c8c4cfaa5e45d76a5db7175cd26c1a14a9e,1922ef148157c2881cdbb0744ce83f32a67f5d64991e2ec81be48b91f89db3bb,experiment_v1_4/results/p5_final_audit_20260925_01/returned/tasks/seed2_trained_l0_m_full_query_iid.json,P8,frozen evaluation input
9bc2b6745e9303fa0e62299263ae7c8c4cfaa5e45d76a5db7175cd26c1a14a9e,f1ed717d95052be2efe5201826f551c691628bc93342d8d4f2013ab7f63927d2,experiment_v1_4/results/p5_final_audit_20260925_01/returned/tasks/seed2_trained_l0_m_full_state_iid.json,P8,frozen evaluation input
9bc2b6745e9303fa0e62299263ae7c8c4cfaa5e45d76a5db7175cd26c1a14a9e,68b4c988cc39cd7a11540f64b0f5257ba2178bcaaa3f457de5c0ac128741f4f8,experiment_v1_4/results/p5_final_audit_20260925_01/returned/tasks/seed2_trained_l0_m_random_128_A_iid.json,P8,frozen evaluation input
9bc2b6745e9303fa0e62299263ae7c8c4cfaa5e45d76a5db7175cd26c1a14a9e,a555427575ca3382a79cbce4e314292916eb05624360dc7fa5d08c52df36e47f,experiment_v1_4/results/p5_final_audit_20260925_01/returned/tasks/seed2_trained_l0_m_random_128_B_iid.json,P8,frozen evaluation input
9bc2b6745e9303fa0e62299263ae7c8c4cfaa5e45d76a5db7175cd26c1a14a9e,71f525986eb844c6d2a5c2d591b17d32f0d747103c271929dfb783f52a81338e,experiment_v1_4/results/p5_final_audit_20260925_01/returned/tasks/seed2_trained_l0_m_random_128_C_iid.json,P8,frozen evaluation input
9bc2b6745e9303fa0e62299263ae7c8c4cfaa5e45d76a5db7175cd26c1a14a9e,534eb612ee9d195734a48c39dcfc23273dcacd4e9ad77dbe3238bab21251bffd,experiment_v1_4/results/p5_final_audit_20260925_01/returned/tasks/seed2_trained_l0_m_random_128_D_iid.json,P8,frozen evaluation input
9bc2b6745e9303fa0e62299263ae7c8c4cfaa5e45d76a5db7175cd26c1a14a9e,e3eaa902851a7ffa3623798a7167dff04d4fc5f0a906f80227205ad4efcc415c,experiment_v1_4/results/p5_final_audit_20260925_01/returned/tasks/seed2_trained_l0_m_random_128_current_iid.json,P8,frozen evaluation input
9bc2b6745e9303fa0e62299263ae7c8c4cfaa5e45d76a5db7175cd26c1a14a9e,d39507edf9e27670069097570ebd667c1c834a5540e59bb29c5710f6ce240b44,experiment_v1_4/results/p5_final_audit_20260925_01/returned/tasks/seed2_trained_l0_m_random_128_current_transfer.json,P8,frozen evaluation input
9bc2b6745e9303fa0e62299263ae7c8c4cfaa5e45d76a5db7175cd26c1a14a9e,824b2abc583feaaeb9c37812696ecc079ad24c0d30d3b6eb5ce06c77bb633b54,experiment_v1_4/results/p5_final_audit_20260925_01/returned/tasks/seed2_trained_l0_m_random_128_previous_iid.json,P8,frozen evaluation input
9bc2b6745e9303fa0e62299263ae7c8c4cfaa5e45d76a5db7175cd26c1a14a9e,95c6df60f7dc5acb9a737bd24c7897fbee2040e1c1d6c317ab3f9798e75ef083,experiment_v1_4/results/p5_final_audit_20260925_01/returned/tasks/seed2_trained_l0_m_random_128_previous_transfer.json,P8,frozen evaluation input
9bc2b6745e9303fa0e62299263ae7c8c4cfaa5e45d76a5db7175cd26c1a14a9e,e6276bee1c1d0f5a69bf489782d7f73034aafa876481e156c02b84c00f058391,experiment_v1_4/results/p5_final_audit_20260925_01/returned/tasks/seed2_trained_l0_m_random_128_query_iid.json,P8,frozen evaluation input
9bc2b6745e9303fa0e62299263ae7c8c4cfaa5e45d76a5db7175cd26c1a14a9e,9ef79c0599656f5ed6bdfbaed83f2d4d60a01cf2de4d94fab27189a5e87570a2,experiment_v1_4/results/p5_final_audit_20260925_01/returned/tasks/seed2_trained_l0_m_random_128_state_iid.json,P8,frozen evaluation input
9bc2b6745e9303fa0e62299263ae7c8c4cfaa5e45d76a5db7175cd26c1a14a9e,64566083590cb6ec53f2e503780962062dc8d2309e91fded8570676683527a79,experiment_v1_4/results/p5_final_audit_20260925_01/returned/tasks/seed2_trained_l0_m_random_A_iid.json,P8,frozen evaluation input
9bc2b6745e9303fa0e62299263ae7c8c4cfaa5e45d76a5db7175cd26c1a14a9e,492f3c22d7e47a1596cf54436e11a167b2b256bf3d6fc78b570f8a305137ebe3,experiment_v1_4/results/p5_final_audit_20260925_01/returned/tasks/seed2_trained_l0_m_random_B_iid.json,P8,frozen evaluation input
9bc2b6745e9303fa0e62299263ae7c8c4cfaa5e45d76a5db7175cd26c1a14a9e,9059575605f1a86be7d41d61b665a979f7d782bc1f94d89ae6a9a6ea9dc798c9,experiment_v1_4/results/p5_final_audit_20260925_01/returned/tasks/seed2_trained_l0_m_random_C_iid.json,P8,frozen evaluation input
9bc2b6745e9303fa0e62299263ae7c8c4cfaa5e45d76a5db7175cd26c1a14a9e,a7751be804f3edba0904b31e388fd08ac6c01efb99ec7137ea548b0ceb72fa1d,experiment_v1_4/results/p5_final_audit_20260925_01/returned/tasks/seed2_trained_l0_m_random_D_iid.json,P8,frozen evaluation input
9bc2b6745e9303fa0e62299263ae7c8c4cfaa5e45d76a5db7175cd26c1a14a9e,3555cd7632d21bd6d79704f33bc8bfb5256bf19ba7196bd99639ed4f0efafbbd,experiment_v1_4/results/p5_final_audit_20260925_01/returned/tasks/seed2_trained_l0_m_random_current_iid.json,P8,frozen evaluation input
9bc2b6745e9303fa0e62299263ae7c8c4cfaa5e45d76a5db7175cd26c1a14a9e,14cb57a1d8a2ce82d56543d69624513d1885a707344716d80126490267984e41,experiment_v1_4/results/p5_final_audit_20260925_01/returned/tasks/seed2_trained_l0_m_random_current_transfer.json,P8,frozen evaluation input
9bc2b6745e9303fa0e62299263ae7c8c4cfaa5e45d76a5db7175cd26c1a14a9e,754abaaa7c83b08e766feb7f08a1384b57fc1a3f39142af7fbe85bb00e1c5b5e,experiment_v1_4/results/p5_final_audit_20260925_01/returned/tasks/seed2_trained_l0_m_random_previous_iid.json,P8,frozen evaluation input
9bc2b6745e9303fa0e62299263ae7c8c4cfaa5e45d76a5db7175cd26c1a14a9e,8f15f3ed112e173e230ca120156c444538df6ba2ca616c71a535f401e257cd0b,experiment_v1_4/results/p5_final_audit_20260925_01/returned/tasks/seed2_trained_l0_m_random_previous_transfer.json,P8,frozen evaluation input
9bc2b6745e9303fa0e62299263ae7c8c4cfaa5e45d76a5db7175cd26c1a14a9e,ec687a5c1a50acb4fb2ecbe1ae713cb669f6ebe6fff46c9ece3f25c92794e36e,experiment_v1_4/results/p5_final_audit_20260925_01/returned/tasks/seed2_trained_l0_m_random_query_iid.json,P8,frozen evaluation input
9bc2b6745e9303fa0e62299263ae7c8c4cfaa5e45d76a5db7175cd26c1a14a9e,5f358585da675e5a6182c35e4a1267df54268bf877e94238fdc34e080477fd82,experiment_v1_4/results/p5_final_audit_20260925_01/returned/tasks/seed2_trained_l0_m_random_state_iid.json,P8,frozen evaluation input
9bc2b6745e9303fa0e62299263ae7c8c4cfaa5e45d76a5db7175cd26c1a14a9e,6242e35729e748c1057116c530c081b9ecb4737f4d9542d10cff7e30b7ef2efb,experiment_v1_4/results/p5_final_audit_20260925_01/returned/tasks/seed2_trained_l0_u_full_A_iid.json,P8,frozen evaluation input
9bc2b6745e9303fa0e62299263ae7c8c4cfaa5e45d76a5db7175cd26c1a14a9e,e4803156e4f1a514cd834952ea8a8599478fb48e31c3b4bad75708384ae0e8c0,experiment_v1_4/results/p5_final_audit_20260925_01/returned/tasks/seed2_trained_l0_u_full_B_iid.json,P8,frozen evaluation input
9bc2b6745e9303fa0e62299263ae7c8c4cfaa5e45d76a5db7175cd26c1a14a9e,4d74e7764db02cd080fe8ca743df54e3e74ccdae2907b75cfc14fdcfe952e6d9,experiment_v1_4/results/p5_final_audit_20260925_01/returned/tasks/seed2_trained_l0_u_full_C_iid.json,P8,frozen evaluation input
9bc2b6745e9303fa0e62299263ae7c8c4cfaa5e45d76a5db7175cd26c1a14a9e,d34748120fe6422f6457055f59afacd81d3c138f5920e989f5cfae34816f692c,experiment_v1_4/results/p5_final_audit_20260925_01/returned/tasks/seed2_trained_l0_u_full_D_iid.json,P8,frozen evaluation input
9bc2b6745e9303fa0e62299263ae7c8c4cfaa5e45d76a5db7175cd26c1a14a9e,dbbc64ba07cd0904d0803e225665bdb8318f6030631361337d2d5ef8b7b034cb,experiment_v1_4/results/p5_final_audit_20260925_01/returned/tasks/seed2_trained_l0_u_full_current_iid.json,P8,frozen evaluation input
9bc2b6745e9303fa0e62299263ae7c8c4cfaa5e45d76a5db7175cd26c1a14a9e,09c8e89d8c20da27c17674605812429a050142ee3570fa9b6c8c63c0627b52f3,experiment_v1_4/results/p5_final_audit_20260925_01/returned/tasks/seed2_trained_l0_u_full_current_transfer.json,P8,frozen evaluation input
9bc2b6745e9303fa0e62299263ae7c8c4cfaa5e45d76a5db7175cd26c1a14a9e,d3fe47d75af510ee5b91da45c5f2cc3ea2d2fd3f34ee152ad1e65e6e402f20ee,experiment_v1_4/results/p5_final_audit_20260925_01/returned/tasks/seed2_trained_l0_u_full_previous_iid.json,P8,frozen evaluation input
9bc2b6745e9303fa0e62299263ae7c8c4cfaa5e45d76a5db7175cd26c1a14a9e,929e3ce62ae01376dfcb0f06109cba87579fca2befab1342248937b79f8162c5,experiment_v1_4/results/p5_final_audit_20260925_01/returned/tasks/seed2_trained_l0_u_full_previous_transfer.json,P8,frozen evaluation input
9bc2b6745e9303fa0e62299263ae7c8c4cfaa5e45d76a5db7175cd26c1a14a9e,639b35219d432905a4472aaccece63029bb212aa7706aa1e4a8c98cfa10ad664,experiment_v1_4/results/p5_final_audit_20260925_01/returned/tasks/seed2_trained_l0_u_full_query_iid.json,P8,frozen evaluation input
9bc2b6745e9303fa0e62299263ae7c8c4cfaa5e45d76a5db7175cd26c1a14a9e,f447d804bd65bca9dd6d95bc05d2f841dcf865627953134789fff115ddd2da53,experiment_v1_4/results/p5_final_audit_20260925_01/returned/tasks/seed2_trained_l0_u_full_state_iid.json,P8,frozen evaluation input
9bc2b6745e9303fa0e62299263ae7c8c4cfaa5e45d76a5db7175cd26c1a14a9e,dfa1f513c922bb6882050d94ea635b5fbe07f80020371eb42af369f65e28fe09,experiment_v1_4/results/p5_final_audit_20260925_01/returned/tasks/seed2_trained_l11_m_full_A_iid.json,P8,frozen evaluation input
9bc2b6745e9303fa0e62299263ae7c8c4cfaa5e45d76a5db7175cd26c1a14a9e,7cd57d4c05486a6e5bfd40912e7f65642e4a21f5b58f212689c08a578a358798,experiment_v1_4/results/p5_final_audit_20260925_01/returned/tasks/seed2_trained_l11_m_full_B_iid.json,P8,frozen evaluation input
9bc2b6745e9303fa0e62299263ae7c8c4cfaa5e45d76a5db7175cd26c1a14a9e,e673dd675aa26a7cab63ddc5ee1d6e25d373ed37dabc3c21c5ecb5cfe8a33183,experiment_v1_4/results/p5_final_audit_20260925_01/returned/tasks/seed2_trained_l11_m_full_C_iid.json,P8,frozen evaluation input
9bc2b6745e9303fa0e62299263ae7c8c4cfaa5e45d76a5db7175cd26c1a14a9e,e358713b5809f2f83879860f181d3528a1e1a1fdbc9f04488a126dcb56112a7d,experiment_v1_4/results/p5_final_audit_20260925_01/returned/tasks/seed2_trained_l11_m_full_D_iid.json,P8,frozen evaluation input
9bc2b6745e9303fa0e62299263ae7c8c4cfaa5e45d76a5db7175cd26c1a14a9e,d77005329b9fb179ad879bb4f07e6f54120104bef64712b94600b31c9287382f,experiment_v1_4/results/p5_final_audit_20260925_01/returned/tasks/seed2_trained_l11_m_full_current_iid.json,P8,frozen evaluation input
9bc2b6745e9303fa0e62299263ae7c8c4cfaa5e45d76a5db7175cd26c1a14a9e,1b3085fe488591d3684a138432b35e9ca9df0513d64394751d3b45f632dab377,experiment_v1_4/results/p5_final_audit_20260925_01/returned/tasks/seed2_trained_l11_m_full_current_transfer.json,P8,frozen evaluation input
9bc2b6745e9303fa0e62299263ae7c8c4cfaa5e45d76a5db7175cd26c1a14a9e,c44c0063bc437776e060bbcfb0e20cc43c1914ee354feb503343cd0dd55146a4,experiment_v1_4/results/p5_final_audit_20260925_01/returned/tasks/seed2_trained_l11_m_full_previous_iid.json,P8,frozen evaluation input
9bc2b6745e9303fa0e62299263ae7c8c4cfaa5e45d76a5db7175cd26c1a14a9e,b49d7b8f4f71b1561d7f8872b890e64a75e9f4337ea1c5b72e6d1eecc1ab9a7a,experiment_v1_4/results/p5_final_audit_20260925_01/returned/tasks/seed2_trained_l11_m_full_previous_transfer.json,P8,frozen evaluation input
9bc2b6745e9303fa0e62299263ae7c8c4cfaa5e45d76a5db7175cd26c1a14a9e,6fdd291acdd899e8b00aea219ef485c01588195b4eea3a272ed38d4694398336,experiment_v1_4/results/p5_final_audit_20260925_01/returned/tasks/seed2_trained_l11_m_full_query_iid.json,P8,frozen evaluation input
9bc2b6745e9303fa0e62299263ae7c8c4cfaa5e45d76a5db7175cd26c1a14a9e,c96e6f5040463558bc9783bbdce5cefb73dde7b3476588304fe7a8ad29b499e6,experiment_v1_4/results/p5_final_audit_20260925_01/returned/tasks/seed2_trained_l11_m_full_state_iid.json,P8,frozen evaluation input
9bc2b6745e9303fa0e62299263ae7c8c4cfaa5e45d76a5db7175cd26c1a14a9e,828f8b9feaf65a0c0c45d9a34e95ee9fef6fd6fe0d3a5f163b3422c2a30d82b3,experiment_v1_4/results/p5_final_audit_20260925_01/returned/tasks/seed2_trained_l11_u_full_A_iid.json,P8,frozen evaluation input
9bc2b6745e9303fa0e62299263ae7c8c4cfaa5e45d76a5db7175cd26c1a14a9e,4a7ef75a7fd4469e1187ab342c537d9e7a9cd2e7a396480ae6c513665314e207,experiment_v1_4/results/p5_final_audit_20260925_01/returned/tasks/seed2_trained_l11_u_full_B_iid.json,P8,frozen evaluation input
9bc2b6745e9303fa0e62299263ae7c8c4cfaa5e45d76a5db7175cd26c1a14a9e,ae3cfd486e4dfcd04bf2c6735c28cd370455d9787d038ad63e80508ab77096b5,experiment_v1_4/results/p5_final_audit_20260925_01/returned/tasks/seed2_trained_l11_u_full_C_iid.json,P8,frozen evaluation input
9bc2b6745e9303fa0e62299263ae7c8c4cfaa5e45d76a5db7175cd26c1a14a9e,039b3f5fcd964c93afa6c1e700479e0711af5c68eb4872599061ce826464994d,experiment_v1_4/results/p5_final_audit_20260925_01/returned/tasks/seed2_trained_l11_u_full_D_iid.json,P8,frozen evaluation input
9bc2b6745e9303fa0e62299263ae7c8c4cfaa5e45d76a5db7175cd26c1a14a9e,b93748baef8fb88159a6f962b2c94777255ea05a3de5356e02206f673564f12d,experiment_v1_4/results/p5_final_audit_20260925_01/returned/tasks/seed2_trained_l11_u_full_current_iid.json,P8,frozen evaluation input
9bc2b6745e9303fa0e62299263ae7c8c4cfaa5e45d76a5db7175cd26c1a14a9e,2eaeae637cb852abf6025fb1a5290dabbf751f91381d522c2a691cdea7453a53,experiment_v1_4/results/p5_final_audit_20260925_01/returned/tasks/seed2_trained_l11_u_full_current_transfer.json,P8,frozen evaluation input
9bc2b6745e9303fa0e62299263ae7c8c4cfaa5e45d76a5db7175cd26c1a14a9e,78dfda659a9a238fc89b7cff74a3665c9b328b5a57bbde27af3eeb260433585f,experiment_v1_4/results/p5_final_audit_20260925_01/returned/tasks/seed2_trained_l11_u_full_previous_iid.json,P8,frozen evaluation input
9bc2b6745e9303fa0e62299263ae7c8c4cfaa5e45d76a5db7175cd26c1a14a9e,14ce4327e5752ee1be9140a68bba5400a89b553410792e198f379cd8d3b8f5cc,experiment_v1_4/results/p5_final_audit_20260925_01/returned/tasks/seed2_trained_l11_u_full_previous_transfer.json,P8,frozen evaluation input
9bc2b6745e9303fa0e62299263ae7c8c4cfaa5e45d76a5db7175cd26c1a14a9e,9c03e2035449d03f971baa55e138a754016d89a6e67fa198cdf17f25b1628261,experiment_v1_4/results/p5_final_audit_20260925_01/returned/tasks/seed2_trained_l11_u_full_query_iid.json,P8,frozen evaluation input
9bc2b6745e9303fa0e62299263ae7c8c4cfaa5e45d76a5db7175cd26c1a14a9e,ffcbc0731c09c21631d172eac32905ce60cfb2f24a0eb982819fe95b21d08688,experiment_v1_4/results/p5_final_audit_20260925_01/returned/tasks/seed2_trained_l11_u_full_state_iid.json,P8,frozen evaluation input
9bc2b6745e9303fa0e62299263ae7c8c4cfaa5e45d76a5db7175cd26c1a14a9e,e226c65ae9d558784bcdb8b27d7b946e1db572b4b26b88bb070bc53c80849e12,experiment_v1_4/results/p5_final_audit_20260925_01/returned/tasks/seed2_trained_l3_m_full_A_iid.json,P8,frozen evaluation input
9bc2b6745e9303fa0e62299263ae7c8c4cfaa5e45d76a5db7175cd26c1a14a9e,69dea42b3062177a86a1047fdf8c9cc470867943abb21908d882da986c889ca8,experiment_v1_4/results/p5_final_audit_20260925_01/returned/tasks/seed2_trained_l3_m_full_B_iid.json,P8,frozen evaluation input
9bc2b6745e9303fa0e62299263ae7c8c4cfaa5e45d76a5db7175cd26c1a14a9e,4933fb9fe74be08a26768666d8738ab0f2c339fb39366ae841f2400c2099c5ea,experiment_v1_4/results/p5_final_audit_20260925_01/returned/tasks/seed2_trained_l3_m_full_C_iid.json,P8,frozen evaluation input
9bc2b6745e9303fa0e62299263ae7c8c4cfaa5e45d76a5db7175cd26c1a14a9e,a996f3d33024bd9575d1cd0a1b7e3ba0db21e540bdbdc5087a132cd32a778156,experiment_v1_4/results/p5_final_audit_20260925_01/returned/tasks/seed2_trained_l3_m_full_D_iid.json,P8,frozen evaluation input
9bc2b6745e9303fa0e62299263ae7c8c4cfaa5e45d76a5db7175cd26c1a14a9e,df1ae2d5b849718dab2d0d09f26c480e43c9f4b3902898595f229bf9cea6dd05,experiment_v1_4/results/p5_final_audit_20260925_01/returned/tasks/seed2_trained_l3_m_full_current_iid.json,P8,frozen evaluation input
9bc2b6745e9303fa0e62299263ae7c8c4cfaa5e45d76a5db7175cd26c1a14a9e,96fd90d3152be2ff7562a367f136275e2e9acc880f5ce612151a7722178fc008,experiment_v1_4/results/p5_final_audit_20260925_01/returned/tasks/seed2_trained_l3_m_full_current_transfer.json,P8,frozen evaluation input
9bc2b6745e9303fa0e62299263ae7c8c4cfaa5e45d76a5db7175cd26c1a14a9e,b2be1b404ebbaaa833af246774ed3570f46e897a24627f7076a22c0b926b63dd,experiment_v1_4/results/p5_final_audit_20260925_01/returned/tasks/seed2_trained_l3_m_full_previous_iid.json,P8,frozen evaluation input
9bc2b6745e9303fa0e62299263ae7c8c4cfaa5e45d76a5db7175cd26c1a14a9e,c115d2b5e22fdf25a444c6d2eb20ec8692e0477878122c7b8c86d86853d96d97,experiment_v1_4/results/p5_final_audit_20260925_01/returned/tasks/seed2_trained_l3_m_full_previous_transfer.json,P8,frozen evaluation input
9bc2b6745e9303fa0e62299263ae7c8c4cfaa5e45d76a5db7175cd26c1a14a9e,b74c3c1fc91af7209c4122a67dd03d2e20661da467ee36534173085200b2e816,experiment_v1_4/results/p5_final_audit_20260925_01/returned/tasks/seed2_trained_l3_m_full_query_iid.json,P8,frozen evaluation input
9bc2b6745e9303fa0e62299263ae7c8c4cfaa5e45d76a5db7175cd26c1a14a9e,d6be78d346024f34550b7633b8822dac6da8085fda708b5c6f525433d9e5bb14,experiment_v1_4/results/p5_final_audit_20260925_01/returned/tasks/seed2_trained_l3_m_full_state_iid.json,P8,frozen evaluation input
9bc2b6745e9303fa0e62299263ae7c8c4cfaa5e45d76a5db7175cd26c1a14a9e,86d3bfb396710ec5dc14809ab08d0c16405770e400f46d8eee46027b5bb2690b,experiment_v1_4/results/p5_final_audit_20260925_01/returned/tasks/seed2_trained_l3_u_full_A_iid.json,P8,frozen evaluation input
9bc2b6745e9303fa0e62299263ae7c8c4cfaa5e45d76a5db7175cd26c1a14a9e,0a777f2e07b43ca13111a9f6b6983c5d6c47b9dbf3f7d83a09b4d5a9381d1932,experiment_v1_4/results/p5_final_audit_20260925_01/returned/tasks/seed2_trained_l3_u_full_B_iid.json,P8,frozen evaluation input
9bc2b6745e9303fa0e62299263ae7c8c4cfaa5e45d76a5db7175cd26c1a14a9e,596befad878ec1f7a79118a49507b0fe175fd096c2a85a690e6e83237e2e358d,experiment_v1_4/results/p5_final_audit_20260925_01/returned/tasks/seed2_trained_l3_u_full_C_iid.json,P8,frozen evaluation input
9bc2b6745e9303fa0e62299263ae7c8c4cfaa5e45d76a5db7175cd26c1a14a9e,88deed3bb9efda1bbbc675cb28e2409c671388f76ab128c4c9f166fc01907084,experiment_v1_4/results/p5_final_audit_20260925_01/returned/tasks/seed2_trained_l3_u_full_D_iid.json,P8,frozen evaluation input
9bc2b6745e9303fa0e62299263ae7c8c4cfaa5e45d76a5db7175cd26c1a14a9e,3e4a199db310ef552751373ea0bca4f114c315e1ccd90317e49777aab7e83a72,experiment_v1_4/results/p5_final_audit_20260925_01/returned/tasks/seed2_trained_l3_u_full_current_iid.json,P8,frozen evaluation input
9bc2b6745e9303fa0e62299263ae7c8c4cfaa5e45d76a5db7175cd26c1a14a9e,735d36ff8d09263f41e3ce6377f336d0c35db9cd3e35e75927d370c4470a905c,experiment_v1_4/results/p5_final_audit_20260925_01/returned/tasks/seed2_trained_l3_u_full_current_transfer.json,P8,frozen evaluation input
9bc2b6745e9303fa0e62299263ae7c8c4cfaa5e45d76a5db7175cd26c1a14a9e,d37feb58addd72ff41bec4ae2f0ee0bf52bd9790b890eff7e14585c02600092f,experiment_v1_4/results/p5_final_audit_20260925_01/returned/tasks/seed2_trained_l3_u_full_previous_iid.json,P8,frozen evaluation input
9bc2b6745e9303fa0e62299263ae7c8c4cfaa5e45d76a5db7175cd26c1a14a9e,b311a0f612cc162c8507ea4f415cb48c6780b1fc85e9b4fbe6a733007ee85574,experiment_v1_4/results/p5_final_audit_20260925_01/returned/tasks/seed2_trained_l3_u_full_previous_transfer.json,P8,frozen evaluation input
9bc2b6745e9303fa0e62299263ae7c8c4cfaa5e45d76a5db7175cd26c1a14a9e,b2d7a89cb6bbaaf2974b908d384b2e63a8f10f4043fdbab94f2b70e081e50f6e,experiment_v1_4/results/p5_final_audit_20260925_01/returned/tasks/seed2_trained_l3_u_full_query_iid.json,P8,frozen evaluation input
9bc2b6745e9303fa0e62299263ae7c8c4cfaa5e45d76a5db7175cd26c1a14a9e,f2cc2153a391dd0f00bba5b52a2c0adf539f571f16df545ee4cc39a66d3e7f48,experiment_v1_4/results/p5_final_audit_20260925_01/returned/tasks/seed2_trained_l3_u_full_state_iid.json,P8,frozen evaluation input
9bc2b6745e9303fa0e62299263ae7c8c4cfaa5e45d76a5db7175cd26c1a14a9e,9313d0e2ea7b55be8b2e79cf8a2b62dfe11d296bbe28ec14c3f41511b003269f,experiment_v1_4/results/p5_final_audit_20260925_01/returned/tasks/seed2_trained_l7_m_full_A_iid.json,P8,frozen evaluation input
9bc2b6745e9303fa0e62299263ae7c8c4cfaa5e45d76a5db7175cd26c1a14a9e,955237ca953aad4f48bbe19769538689e0903b53588ff8f91fa4586aabf99dc3,experiment_v1_4/results/p5_final_audit_20260925_01/returned/tasks/seed2_trained_l7_m_full_B_iid.json,P8,frozen evaluation input
9bc2b6745e9303fa0e62299263ae7c8c4cfaa5e45d76a5db7175cd26c1a14a9e,bc8d0ac3c9acb8a51c0ee7c25f8a7c2034b5225bf7e7993ab994dcb8b442b964,experiment_v1_4/results/p5_final_audit_20260925_01/returned/tasks/seed2_trained_l7_m_full_C_iid.json,P8,frozen evaluation input
9bc2b6745e9303fa0e62299263ae7c8c4cfaa5e45d76a5db7175cd26c1a14a9e,0d190d9679cfb56c91b69de6406d6042104d1eab38e6a426c7768015cf4d7857,experiment_v1_4/results/p5_final_audit_20260925_01/returned/tasks/seed2_trained_l7_m_full_D_iid.json,P8,frozen evaluation input
9bc2b6745e9303fa0e62299263ae7c8c4cfaa5e45d76a5db7175cd26c1a14a9e,4064048288acec55a0cbac7b0a706dbd6023c28f411c0460a80da6aa93f2b0df,experiment_v1_4/results/p5_final_audit_20260925_01/returned/tasks/seed2_trained_l7_m_full_current_iid.json,P8,frozen evaluation input
9bc2b6745e9303fa0e62299263ae7c8c4cfaa5e45d76a5db7175cd26c1a14a9e,94ede1d6fd79edddb9d961ece86933a06ca36afffce5a3feef28b8bee91b2630,experiment_v1_4/results/p5_final_audit_20260925_01/returned/tasks/seed2_trained_l7_m_full_current_transfer.json,P8,frozen evaluation input
9bc2b6745e9303fa0e62299263ae7c8c4cfaa5e45d76a5db7175cd26c1a14a9e,35ff96b6ad125d1696cd0c9f7206584bbe340a921bd8e63f1063393ff7ae6568,experiment_v1_4/results/p5_final_audit_20260925_01/returned/tasks/seed2_trained_l7_m_full_previous_iid.json,P8,frozen evaluation input
9bc2b6745e9303fa0e62299263ae7c8c4cfaa5e45d76a5db7175cd26c1a14a9e,1aae0e86342073f0f47e30bd76b4e039faf7c7bdc989a4dca253c3269f4bd607,experiment_v1_4/results/p5_final_audit_20260925_01/returned/tasks/seed2_trained_l7_m_full_previous_transfer.json,P8,frozen evaluation input
9bc2b6745e9303fa0e62299263ae7c8c4cfaa5e45d76a5db7175cd26c1a14a9e,1cd1864dfff9c2b8798bafa52b3b1f20b81b260bb309cb77796605b560e3deac,experiment_v1_4/results/p5_final_audit_20260925_01/returned/tasks/seed2_trained_l7_m_full_query_iid.json,P8,frozen evaluation input
9bc2b6745e9303fa0e62299263ae7c8c4cfaa5e45d76a5db7175cd26c1a14a9e,14ae929e46b430f833137e57b4f34ac57d11a228525ccceded35581eb0dbb6b9,experiment_v1_4/results/p5_final_audit_20260925_01/returned/tasks/seed2_trained_l7_m_full_state_iid.json,P8,frozen evaluation input
9bc2b6745e9303fa0e62299263ae7c8c4cfaa5e45d76a5db7175cd26c1a14a9e,53b4e5f3fc8e25c30838de9bb942538cbdbe23f569a2a13e10b5552da8654f24,experiment_v1_4/results/p5_final_audit_20260925_01/returned/tasks/seed2_trained_l7_u_full_A_iid.json,P8,frozen evaluation input
9bc2b6745e9303fa0e62299263ae7c8c4cfaa5e45d76a5db7175cd26c1a14a9e,41747d446b1089b4c58fd27949429ef7afd370f46f3241f51fb5b2877b364fe9,experiment_v1_4/results/p5_final_audit_20260925_01/returned/tasks/seed2_trained_l7_u_full_B_iid.json,P8,frozen evaluation input
9bc2b6745e9303fa0e62299263ae7c8c4cfaa5e45d76a5db7175cd26c1a14a9e,0978adf9b31141ba32cc0888f174d5229cb3165434a0ac3e714c204ed3d5fab6,experiment_v1_4/results/p5_final_audit_20260925_01/returned/tasks/seed2_trained_l7_u_full_C_iid.json,P8,frozen evaluation input
9bc2b6745e9303fa0e62299263ae7c8c4cfaa5e45d76a5db7175cd26c1a14a9e,cf978af09bdfaa931932a77448e625d0caa009c55aa29794fae29383e48e68fe,experiment_v1_4/results/p5_final_audit_20260925_01/returned/tasks/seed2_trained_l7_u_full_D_iid.json,P8,frozen evaluation input
9bc2b6745e9303fa0e62299263ae7c8c4cfaa5e45d76a5db7175cd26c1a14a9e,3e5d60f6f343f60b701936bde07cb1b62161a7e4612259f86f50f1fb25bc5f2b,experiment_v1_4/results/p5_final_audit_20260925_01/returned/tasks/seed2_trained_l7_u_full_current_iid.json,P8,frozen evaluation input
9bc2b6745e9303fa0e62299263ae7c8c4cfaa5e45d76a5db7175cd26c1a14a9e,85745ee77d0f67e20afa66dc998b34b5a3d05dc2aa2139a2e4138fb3049ff8c8,experiment_v1_4/results/p5_final_audit_20260925_01/returned/tasks/seed2_trained_l7_u_full_current_transfer.json,P8,frozen evaluation input
9bc2b6745e9303fa0e62299263ae7c8c4cfaa5e45d76a5db7175cd26c1a14a9e,63abc55e6de03f3e954698c52eaac27d57877c61f9622c1feb9037f8e167d385,experiment_v1_4/results/p5_final_audit_20260925_01/returned/tasks/seed2_trained_l7_u_full_previous_iid.json,P8,frozen evaluation input
9bc2b6745e9303fa0e62299263ae7c8c4cfaa5e45d76a5db7175cd26c1a14a9e,c5d45538b76c403a229734cc4d80233818789df44772da32672e11eefc3346fc,experiment_v1_4/results/p5_final_audit_20260925_01/returned/tasks/seed2_trained_l7_u_full_previous_transfer.json,P8,frozen evaluation input
9bc2b6745e9303fa0e62299263ae7c8c4cfaa5e45d76a5db7175cd26c1a14a9e,b70ae394c47880086641d686a64ef05c33bb5c08a4e00bf0fe7fc3ede0375ea2,experiment_v1_4/results/p5_final_audit_20260925_01/returned/tasks/seed2_trained_l7_u_full_query_iid.json,P8,frozen evaluation input
9bc2b6745e9303fa0e62299263ae7c8c4cfaa5e45d76a5db7175cd26c1a14a9e,dfb619743155361e4ddde05c15320c54a8e5232c1f0c0738c88d721628908fa5,experiment_v1_4/results/p5_final_audit_20260925_01/returned/tasks/seed2_trained_l7_u_full_state_iid.json,P8,frozen evaluation input
9bc2b6745e9303fa0e62299263ae7c8c4cfaa5e45d76a5db7175cd26c1a14a9e,7b2d459477d8230a35d23e1a25eb7b6acc92f943a1b474171fbdb35d19a15b31,experiment_v1_4/results/p5_metadata_audit_20260924_01/returned/probes/seed0_trained_l0_m_coordinate_128_A_iid.json,P8,frozen evaluation input
9bc2b6745e9303fa0e62299263ae7c8c4cfaa5e45d76a5db7175cd26c1a14a9e,d53143776339e13dcf72ea773d25987c6fbecdbb210ecf1df48570bc9b4e6abf,experiment_v1_4/results/p5_metadata_audit_20260924_01/returned/probes/seed0_trained_l0_m_coordinate_128_B_iid.json,P8,frozen evaluation input
9bc2b6745e9303fa0e62299263ae7c8c4cfaa5e45d76a5db7175cd26c1a14a9e,d5b3c43d75c33a0ceda39a8373756ec909a3cca56fd83749f74cc578ea5083d7,experiment_v1_4/results/p5_metadata_audit_20260924_01/returned/probes/seed0_trained_l0_m_coordinate_128_C_iid.json,P8,frozen evaluation input
9bc2b6745e9303fa0e62299263ae7c8c4cfaa5e45d76a5db7175cd26c1a14a9e,a2e40eab5f335be142675d8af16de114296a806c40e72673c19f0f3007eaae5c,experiment_v1_4/results/p5_metadata_audit_20260924_01/returned/probes/seed0_trained_l0_m_coordinate_128_D_iid.json,P8,frozen evaluation input
9bc2b6745e9303fa0e62299263ae7c8c4cfaa5e45d76a5db7175cd26c1a14a9e,d05ef5266e9b8587bfcda460389f0e5f2a609003d3a99923890669b4799389cc,experiment_v1_4/results/p5_metadata_audit_20260924_01/returned/probes/seed0_trained_l0_m_coordinate_128_current_iid.json,P8,frozen evaluation input
9bc2b6745e9303fa0e62299263ae7c8c4cfaa5e45d76a5db7175cd26c1a14a9e,fde3194b4aa883a01a152f14e005e47c6e6e531612c168c7b4e823903fe4259f,experiment_v1_4/results/p5_metadata_audit_20260924_01/returned/probes/seed0_trained_l0_m_coordinate_128_current_transfer.json,P8,frozen evaluation input
9bc2b6745e9303fa0e62299263ae7c8c4cfaa5e45d76a5db7175cd26c1a14a9e,5ddcad10bec469468e6f70da9492e183d5ff591843cb820d2a30cc7f56b8adc5,experiment_v1_4/results/p5_metadata_audit_20260924_01/returned/probes/seed0_trained_l0_m_coordinate_128_previous_iid.json,P8,frozen evaluation input
9bc2b6745e9303fa0e62299263ae7c8c4cfaa5e45d76a5db7175cd26c1a14a9e,9e94cb3c1ac00dfcda473f5f6fd369adec6fe55687873232765ac3d7051b4c98,experiment_v1_4/results/p5_metadata_audit_20260924_01/returned/probes/seed0_trained_l0_m_coordinate_128_previous_transfer.json,P8,frozen evaluation input
9bc2b6745e9303fa0e62299263ae7c8c4cfaa5e45d76a5db7175cd26c1a14a9e,5919556a1dc798b39914d7f4d145d1a60b7b53946c26222db040a9410b9fe795,experiment_v1_4/results/p5_metadata_audit_20260924_01/returned/probes/seed0_trained_l0_m_coordinate_128_query_iid.json,P8,frozen evaluation input
9bc2b6745e9303fa0e62299263ae7c8c4cfaa5e45d76a5db7175cd26c1a14a9e,b7fe6af5c3445d199bb6cdda04923408a4f09aedb8a099b68380e3675b419629,experiment_v1_4/results/p5_metadata_audit_20260924_01/returned/probes/seed0_trained_l0_m_coordinate_128_state_iid.json,P8,frozen evaluation input
9bc2b6745e9303fa0e62299263ae7c8c4cfaa5e45d76a5db7175cd26c1a14a9e,025887156482f75e164ad5cf494c515e5bc343324b4461e0601d8f60f27e9959,experiment_v1_4/results/p5_metadata_audit_20260924_01/returned/probes/seed0_trained_l0_m_coordinate_A_iid.json,P8,frozen evaluation input
9bc2b6745e9303fa0e62299263ae7c8c4cfaa5e45d76a5db7175cd26c1a14a9e,24951f0a3442619aaf708d9f60062825400f6d0a8dd367e91d877c1cabeee1d6,experiment_v1_4/results/p5_metadata_audit_20260924_01/returned/probes/seed0_trained_l0_m_coordinate_B_iid.json,P8,frozen evaluation input
9bc2b6745e9303fa0e62299263ae7c8c4cfaa5e45d76a5db7175cd26c1a14a9e,d8150162fe6f2b5cdbdeff098a1aaaf21cb7bf44e8a653f5ee95a26ece69bc2c,experiment_v1_4/results/p5_metadata_audit_20260924_01/returned/probes/seed0_trained_l0_m_coordinate_C_iid.json,P8,frozen evaluation input
9bc2b6745e9303fa0e62299263ae7c8c4cfaa5e45d76a5db7175cd26c1a14a9e,0a0d95c941d7794d82b6b1d5c8e8ddbb4e27d5e0ee7d0628d6a94042712f2823,experiment_v1_4/results/p5_metadata_audit_20260924_01/returned/probes/seed0_trained_l0_m_coordinate_D_iid.json,P8,frozen evaluation input
9bc2b6745e9303fa0e62299263ae7c8c4cfaa5e45d76a5db7175cd26c1a14a9e,bd39fda583a1b01dff59d8db18f7606ed06cbb42c1620f3ba8632545a8331563,experiment_v1_4/results/p5_metadata_audit_20260924_01/returned/probes/seed0_trained_l0_m_coordinate_current_iid.json,P8,frozen evaluation input
9bc2b6745e9303fa0e62299263ae7c8c4cfaa5e45d76a5db7175cd26c1a14a9e,813147fecf6fa0ea446ecd526cf109307b24e587a41316cbbecb82df0ec5543c,experiment_v1_4/results/p5_metadata_audit_20260924_01/returned/probes/seed0_trained_l0_m_coordinate_current_transfer.json,P8,frozen evaluation input
9bc2b6745e9303fa0e62299263ae7c8c4cfaa5e45d76a5db7175cd26c1a14a9e,88ec6223a0843938524418cd7af81d0be158dbcf41ec0f2561c7ea0179604c1d,experiment_v1_4/results/p5_metadata_audit_20260924_01/returned/probes/seed0_trained_l0_m_coordinate_previous_iid.json,P8,frozen evaluation input
9bc2b6745e9303fa0e62299263ae7c8c4cfaa5e45d76a5db7175cd26c1a14a9e,77749779b282efb5ae8c89b52e8be7dfa3a09f69ebda78d8e2bf7e36ff338361,experiment_v1_4/results/p5_metadata_audit_20260924_01/returned/probes/seed0_trained_l0_m_coordinate_previous_transfer.json,P8,frozen evaluation input
9bc2b6745e9303fa0e62299263ae7c8c4cfaa5e45d76a5db7175cd26c1a14a9e,807723dbbe250e8c9786317a9a7efe826f3313594c19cfd0a613af7418be2509,experiment_v1_4/results/p5_metadata_audit_20260924_01/returned/probes/seed0_trained_l0_m_coordinate_query_iid.json,P8,frozen evaluation input
9bc2b6745e9303fa0e62299263ae7c8c4cfaa5e45d76a5db7175cd26c1a14a9e,cc9194895633973714c590b2ba71e12d9f8d45c3f5bd1c836822fbe967873ddf,experiment_v1_4/results/p5_metadata_audit_20260924_01/returned/probes/seed0_trained_l0_m_coordinate_state_iid.json,P8,frozen evaluation input
9bc2b6745e9303fa0e62299263ae7c8c4cfaa5e45d76a5db7175cd26c1a14a9e,e2066f08de3d0ad1e4e117f617ccc2fbd5c609235ef480837dbeec42ec06bb99,experiment_v1_4/results/p5_metadata_audit_20260924_01/returned/probes/seed0_trained_l0_m_full_A_iid.json,P8,frozen evaluation input
9bc2b6745e9303fa0e62299263ae7c8c4cfaa5e45d76a5db7175cd26c1a14a9e,42e177c7404b67faa9ebf567f366237ec8e78d1eea741ed8f24fedd1f8a29b71,experiment_v1_4/results/p5_metadata_audit_20260924_01/returned/probes/seed0_trained_l0_m_full_B_iid.json,P8,frozen evaluation input
9bc2b6745e9303fa0e62299263ae7c8c4cfaa5e45d76a5db7175cd26c1a14a9e,0fc20a9f886820a29e8e9ab214244c9b122c26e42c7246e0f44f28fe53ba9ed4,experiment_v1_4/results/p5_metadata_audit_20260924_01/returned/probes/seed0_trained_l0_m_full_C_iid.json,P8,frozen evaluation input
9bc2b6745e9303fa0e62299263ae7c8c4cfaa5e45d76a5db7175cd26c1a14a9e,0c94822552a45b2516b2afae869b4e7c082fc9a1c246df511c3c66b8ab2cbe00,experiment_v1_4/results/p5_metadata_audit_20260924_01/returned/probes/seed0_trained_l0_m_full_D_iid.json,P8,frozen evaluation input
9bc2b6745e9303fa0e62299263ae7c8c4cfaa5e45d76a5db7175cd26c1a14a9e,c4f4ac7ac33ebd1edd5ad3bde74b8f3546d8084336f17254519ae3b342baa540,experiment_v1_4/results/p5_metadata_audit_20260924_01/returned/probes/seed0_trained_l0_m_full_current_iid.json,P8,frozen evaluation input
9bc2b6745e9303fa0e62299263ae7c8c4cfaa5e45d76a5db7175cd26c1a14a9e,871d8aa610dcd9126e44198cde9f0510d43b27a083b851540b7a89f2420ecad0,experiment_v1_4/results/p5_metadata_audit_20260924_01/returned/probes/seed0_trained_l0_m_full_current_transfer.json,P8,frozen evaluation input
9bc2b6745e9303fa0e62299263ae7c8c4cfaa5e45d76a5db7175cd26c1a14a9e,b914d946b9d287bc5906a4afda5d628959e59a3dab8fc4c65f75f46af68e5278,experiment_v1_4/results/p5_metadata_audit_20260924_01/returned/probes/seed0_trained_l0_m_full_previous_iid.json,P8,frozen evaluation input
9bc2b6745e9303fa0e62299263ae7c8c4cfaa5e45d76a5db7175cd26c1a14a9e,c9ef4ec2b8582c4c8cdf920a4295cf2e97d639b96a93a97ca1c53fbab01802cc,experiment_v1_4/results/p5_metadata_audit_20260924_01/returned/probes/seed0_trained_l0_m_full_previous_transfer.json,P8,frozen evaluation input
9bc2b6745e9303fa0e62299263ae7c8c4cfaa5e45d76a5db7175cd26c1a14a9e,43ff4ee397dfb66215c4a80d85f2f27c8b4aca35691b764872b698e7950db8f2,experiment_v1_4/results/p5_metadata_audit_20260924_01/returned/probes/seed0_trained_l0_m_full_query_iid.json,P8,frozen evaluation input
9bc2b6745e9303fa0e62299263ae7c8c4cfaa5e45d76a5db7175cd26c1a14a9e,4f5635d2c9a37e16f9aadb4dfdf66586828dc3f81a3f66e3b38bd24b761cc621,experiment_v1_4/results/p5_metadata_audit_20260924_01/returned/probes/seed0_trained_l0_m_full_state_iid.json,P8,frozen evaluation input
9bc2b6745e9303fa0e62299263ae7c8c4cfaa5e45d76a5db7175cd26c1a14a9e,579e6984b824b315a75aca6409a747a5915647c846a3dd65ac471bcd0780f2aa,experiment_v1_4/results/p5_metadata_audit_20260924_01/returned/probes/seed0_trained_l0_m_random_128_A_iid.json,P8,frozen evaluation input
9bc2b6745e9303fa0e62299263ae7c8c4cfaa5e45d76a5db7175cd26c1a14a9e,3e4214185f1e243e152c8ba0f6e263342b7414653c6050fd45becab18a3a3a5d,experiment_v1_4/results/p5_metadata_audit_20260924_01/returned/probes/seed0_trained_l0_m_random_128_B_iid.json,P8,frozen evaluation input
9bc2b6745e9303fa0e62299263ae7c8c4cfaa5e45d76a5db7175cd26c1a14a9e,d887bec7c0e83a058af1cea2a5063bfb381a8afe1021aab286a647505a8fca7d,experiment_v1_4/results/p5_metadata_audit_20260924_01/returned/probes/seed0_trained_l0_m_random_128_C_iid.json,P8,frozen evaluation input
9bc2b6745e9303fa0e62299263ae7c8c4cfaa5e45d76a5db7175cd26c1a14a9e,8ec80daff60243460ff56a8a6256124821e4919c747c09db62753c62d9ba2d32,experiment_v1_4/results/p5_metadata_audit_20260924_01/returned/probes/seed0_trained_l0_m_random_128_D_iid.json,P8,frozen evaluation input
9bc2b6745e9303fa0e62299263ae7c8c4cfaa5e45d76a5db7175cd26c1a14a9e,7147c5a32b01d88cf3690e805936aa48d210f285f36eaa9f5f0d05548f60730c,experiment_v1_4/results/p5_metadata_audit_20260924_01/returned/probes/seed0_trained_l0_m_random_128_current_iid.json,P8,frozen evaluation input
9bc2b6745e9303fa0e62299263ae7c8c4cfaa5e45d76a5db7175cd26c1a14a9e,6a43cee16583628267ca4bf54ce4a3fb9384728c15213da54ca1a7d4fabcf402,experiment_v1_4/results/p5_metadata_audit_20260924_01/returned/probes/seed0_trained_l0_m_random_128_current_transfer.json,P8,frozen evaluation input
9bc2b6745e9303fa0e62299263ae7c8c4cfaa5e45d76a5db7175cd26c1a14a9e,a6039e50954ef9487fb04ed50a0820b621e2522be319c5f9c93b83e8ae393019,experiment_v1_4/results/p5_metadata_audit_20260924_01/returned/probes/seed0_trained_l0_m_random_128_previous_iid.json,P8,frozen evaluation input
9bc2b6745e9303fa0e62299263ae7c8c4cfaa5e45d76a5db7175cd26c1a14a9e,16495de9a153a4d4a89332b57da5e831d7b143426c8dd27f2d698cf9f28ca15c,experiment_v1_4/results/p5_metadata_audit_20260924_01/returned/probes/seed0_trained_l0_m_random_128_previous_transfer.json,P8,frozen evaluation input
9bc2b6745e9303fa0e62299263ae7c8c4cfaa5e45d76a5db7175cd26c1a14a9e,b2fc3d43cfa3ae781fc82a45a9dfb3b584c2ab3ddfb021afad81f4708f7b96e3,experiment_v1_4/results/p5_metadata_audit_20260924_01/returned/probes/seed0_trained_l0_m_random_128_query_iid.json,P8,frozen evaluation input
9bc2b6745e9303fa0e62299263ae7c8c4cfaa5e45d76a5db7175cd26c1a14a9e,cb6b3bd93335eb5b137386238aaac24b88fdd5d9c31761bed2a9524ac6b1c741,experiment_v1_4/results/p5_metadata_audit_20260924_01/returned/probes/seed0_trained_l0_m_random_128_state_iid.json,P8,frozen evaluation input
9bc2b6745e9303fa0e62299263ae7c8c4cfaa5e45d76a5db7175cd26c1a14a9e,78819afca90c8d647aa68e80f502e753406e30d9299c57986f4e05ca30776487,experiment_v1_4/results/p5_metadata_audit_20260924_01/returned/probes/seed0_trained_l0_m_random_A_iid.json,P8,frozen evaluation input
9bc2b6745e9303fa0e62299263ae7c8c4cfaa5e45d76a5db7175cd26c1a14a9e,431531cb2ac67796c4189ff319917080609980aa7778d279a538f7717c09bd63,experiment_v1_4/results/p5_metadata_audit_20260924_01/returned/probes/seed0_trained_l0_m_random_B_iid.json,P8,frozen evaluation input
9bc2b6745e9303fa0e62299263ae7c8c4cfaa5e45d76a5db7175cd26c1a14a9e,57617d1b1f56d9123e4bffb706b9c36456e0fbb530e5be45b6ed6b4794b9c082,experiment_v1_4/results/p5_metadata_audit_20260924_01/returned/probes/seed0_trained_l0_m_random_C_iid.json,P8,frozen evaluation input
9bc2b6745e9303fa0e62299263ae7c8c4cfaa5e45d76a5db7175cd26c1a14a9e,488bb35a6e7c6b3e1953672be380429eabeacc505ebb85c25a14721e0d014bfc,experiment_v1_4/results/p5_metadata_audit_20260924_01/returned/probes/seed0_trained_l0_m_random_D_iid.json,P8,frozen evaluation input
9bc2b6745e9303fa0e62299263ae7c8c4cfaa5e45d76a5db7175cd26c1a14a9e,9021c8e16ad77424e708f5e172eafd9e126d045207e622dcf49b2e19d6ac83fb,experiment_v1_4/results/p5_metadata_audit_20260924_01/returned/probes/seed0_trained_l0_m_random_current_iid.json,P8,frozen evaluation input
9bc2b6745e9303fa0e62299263ae7c8c4cfaa5e45d76a5db7175cd26c1a14a9e,8ef1d8a77fe217add2d0faee8c0e9f20e7e6a1bb54de1b9fa8cc95cfb9b8ed71,experiment_v1_4/results/p5_metadata_audit_20260924_01/returned/probes/seed0_trained_l0_m_random_current_transfer.json,P8,frozen evaluation input
9bc2b6745e9303fa0e62299263ae7c8c4cfaa5e45d76a5db7175cd26c1a14a9e,eb797806d18393fb0ebd21d0082d691188fd1783c2a6ab0c3167d38c92877ecb,experiment_v1_4/results/p5_metadata_audit_20260924_01/returned/probes/seed0_trained_l0_m_random_previous_iid.json,P8,frozen evaluation input
9bc2b6745e9303fa0e62299263ae7c8c4cfaa5e45d76a5db7175cd26c1a14a9e,75330cca20817ab075035c28adcff536a54eac95b2ac85b02dadb40b47bc1572,experiment_v1_4/results/p5_metadata_audit_20260924_01/returned/probes/seed0_trained_l0_m_random_previous_transfer.json,P8,frozen evaluation input
9bc2b6745e9303fa0e62299263ae7c8c4cfaa5e45d76a5db7175cd26c1a14a9e,8cb9abae38777de098a6616b6a022883a4cc840c456b3eb38dedcc4f240c8ad9,experiment_v1_4/results/p5_metadata_audit_20260924_01/returned/probes/seed0_trained_l0_m_random_query_iid.json,P8,frozen evaluation input
9bc2b6745e9303fa0e62299263ae7c8c4cfaa5e45d76a5db7175cd26c1a14a9e,ad30c73244c6385b4af28ba9f7dc8dd14e207187d4da0cbe8a40402fec7536fa,experiment_v1_4/results/p5_metadata_audit_20260924_01/returned/probes/seed0_trained_l0_m_random_state_iid.json,P8,frozen evaluation input
9bc2b6745e9303fa0e62299263ae7c8c4cfaa5e45d76a5db7175cd26c1a14a9e,8f4161774fb98a65badb9d1477d27568cdc56ac669b8fa69dbe6813116f43cc3,experiment_v1_4/results/p5_metadata_audit_20260924_01/returned/probes/seed0_trained_l0_u_full_A_iid.json,P8,frozen evaluation input
9bc2b6745e9303fa0e62299263ae7c8c4cfaa5e45d76a5db7175cd26c1a14a9e,c40f622261d924246cc6fe95f33ccdb2c8cd93977dcc2cb8a08fae4c2e9bbec5,experiment_v1_4/results/p5_metadata_audit_20260924_01/returned/probes/seed0_trained_l0_u_full_B_iid.json,P8,frozen evaluation input
9bc2b6745e9303fa0e62299263ae7c8c4cfaa5e45d76a5db7175cd26c1a14a9e,10030608c3fd96ebaad646fdcd234b89db84c0ac89f25046133754d7090fcd56,experiment_v1_4/results/p5_metadata_audit_20260924_01/returned/probes/seed0_trained_l0_u_full_C_iid.json,P8,frozen evaluation input
9bc2b6745e9303fa0e62299263ae7c8c4cfaa5e45d76a5db7175cd26c1a14a9e,2fa8ad67d706fd9482be7363a1e04b30ab9868430244ced5720fafcb4eec8782,experiment_v1_4/results/p5_metadata_audit_20260924_01/returned/probes/seed0_trained_l0_u_full_D_iid.json,P8,frozen evaluation input
9bc2b6745e9303fa0e62299263ae7c8c4cfaa5e45d76a5db7175cd26c1a14a9e,825fc1c87b354adbe90de006e92d3ad5acf19b1357f63a28f75c7380fd96c00d,experiment_v1_4/results/p5_metadata_audit_20260924_01/returned/probes/seed0_trained_l0_u_full_current_iid.json,P8,frozen evaluation input
9bc2b6745e9303fa0e62299263ae7c8c4cfaa5e45d76a5db7175cd26c1a14a9e,5ca6a0ee029c314d1dee51ddea413dab3ca55c8d508e9849eb442d5d245ba985,experiment_v1_4/results/p5_metadata_audit_20260924_01/returned/probes/seed0_trained_l0_u_full_current_transfer.json,P8,frozen evaluation input
9bc2b6745e9303fa0e62299263ae7c8c4cfaa5e45d76a5db7175cd26c1a14a9e,cf2adfe77f501939eb8db89301614a1bdddd755c5ad11eb09f7b011f85ded915,experiment_v1_4/results/p5_metadata_audit_20260924_01/returned/probes/seed0_trained_l0_u_full_previous_iid.json,P8,frozen evaluation input
9bc2b6745e9303fa0e62299263ae7c8c4cfaa5e45d76a5db7175cd26c1a14a9e,fd5700ce0e46bc3fc527fe0925439726d02fb8677603329653f31f6c07fa398e,experiment_v1_4/results/p5_metadata_audit_20260924_01/returned/probes/seed0_trained_l0_u_full_previous_transfer.json,P8,frozen evaluation input
9bc2b6745e9303fa0e62299263ae7c8c4cfaa5e45d76a5db7175cd26c1a14a9e,6d060245a173bc4b1a9db8f52258212aa63a52b029ab09fbf5e8bd546ff89061,experiment_v1_4/results/p5_metadata_audit_20260924_01/returned/probes/seed0_trained_l0_u_full_query_iid.json,P8,frozen evaluation input
9bc2b6745e9303fa0e62299263ae7c8c4cfaa5e45d76a5db7175cd26c1a14a9e,021e2313656ad3784f371b3c1e004291f26c09865144f443e9e2c115b3b0f2b4,experiment_v1_4/results/p5_metadata_audit_20260924_01/returned/probes/seed0_trained_l0_u_full_state_iid.json,P8,frozen evaluation input
9bc2b6745e9303fa0e62299263ae7c8c4cfaa5e45d76a5db7175cd26c1a14a9e,4db7c823a1d975c86fe95b81f7c035611a740c34703e4f6f32def5033e3e1e60,experiment_v1_4/results/p5_metadata_audit_20260924_01/returned/probes/seed0_trained_l11_m_full_A_iid.json,P8,frozen evaluation input
9bc2b6745e9303fa0e62299263ae7c8c4cfaa5e45d76a5db7175cd26c1a14a9e,8f88ae03dec0ea048f47c383b70f34eb58615990cf66f088381dfa87c07415e1,experiment_v1_4/results/p5_metadata_audit_20260924_01/returned/probes/seed0_trained_l11_m_full_B_iid.json,P8,frozen evaluation input
9bc2b6745e9303fa0e62299263ae7c8c4cfaa5e45d76a5db7175cd26c1a14a9e,ac0f53a6d3b254d26bf75ef6956fe5a51ee441fb99ba542115fa04dae94c429f,experiment_v1_4/results/p5_metadata_audit_20260924_01/returned/probes/seed0_trained_l11_m_full_C_iid.json,P8,frozen evaluation input
9bc2b6745e9303fa0e62299263ae7c8c4cfaa5e45d76a5db7175cd26c1a14a9e,16dfa1a48288ce9deb524b35cdce6655da56b0fec7fae3e7208689c2b27ee0c5,experiment_v1_4/results/p5_metadata_audit_20260924_01/returned/probes/seed0_trained_l11_m_full_D_iid.json,P8,frozen evaluation input
9bc2b6745e9303fa0e62299263ae7c8c4cfaa5e45d76a5db7175cd26c1a14a9e,88fe2429fd80a60aba8c6c4eecb7895a31360370405da7e65143cccad3a2227d,experiment_v1_4/results/p5_metadata_audit_20260924_01/returned/probes/seed0_trained_l11_m_full_current_iid.json,P8,frozen evaluation input
9bc2b6745e9303fa0e62299263ae7c8c4cfaa5e45d76a5db7175cd26c1a14a9e,a0131ed36dd85ab6956ef691799d9e299fbf186fcf836732e2a692d19c74bd94,experiment_v1_4/results/p5_metadata_audit_20260924_01/returned/probes/seed0_trained_l11_m_full_current_transfer.json,P8,frozen evaluation input
9bc2b6745e9303fa0e62299263ae7c8c4cfaa5e45d76a5db7175cd26c1a14a9e,175446ab22bf359d5e0c94c8e361ccf74571b67f1fedebe4d2626c1941dae0c7,experiment_v1_4/results/p5_metadata_audit_20260924_01/returned/probes/seed0_trained_l11_m_full_previous_iid.json,P8,frozen evaluation input
9bc2b6745e9303fa0e62299263ae7c8c4cfaa5e45d76a5db7175cd26c1a14a9e,f77989a49a9745b3e6e37f1f68fc3b85a53f071ab576835e106e767d15024e4d,experiment_v1_4/results/p5_metadata_audit_20260924_01/returned/probes/seed0_trained_l11_m_full_previous_transfer.json,P8,frozen evaluation input
9bc2b6745e9303fa0e62299263ae7c8c4cfaa5e45d76a5db7175cd26c1a14a9e,ad2a7320a5f655e6ea8506566ff5516dce80542b10c8a9a77364a62e67a45d64,experiment_v1_4/results/p5_metadata_audit_20260924_01/returned/probes/seed0_trained_l11_m_full_query_iid.json,P8,frozen evaluation input
9bc2b6745e9303fa0e62299263ae7c8c4cfaa5e45d76a5db7175cd26c1a14a9e,e3d7069aaa3071ba51daff791e71be05c47a361b35f9ebfd482444c1a1d1d73a,experiment_v1_4/results/p5_metadata_audit_20260924_01/returned/probes/seed0_trained_l11_m_full_state_iid.json,P8,frozen evaluation input
9bc2b6745e9303fa0e62299263ae7c8c4cfaa5e45d76a5db7175cd26c1a14a9e,10e00b56f40dee5a2fa373ccbb80edf8631554f46addb59f8833ef1c6807a08f,experiment_v1_4/results/p5_metadata_audit_20260924_01/returned/probes/seed0_trained_l11_u_full_A_iid.json,P8,frozen evaluation input
9bc2b6745e9303fa0e62299263ae7c8c4cfaa5e45d76a5db7175cd26c1a14a9e,6bf5f5717c427f08ba361d7b5a06e5e828a9b414bc95ad3afc02752b38916970,experiment_v1_4/results/p5_metadata_audit_20260924_01/returned/probes/seed0_trained_l11_u_full_B_iid.json,P8,frozen evaluation input
9bc2b6745e9303fa0e62299263ae7c8c4cfaa5e45d76a5db7175cd26c1a14a9e,ca957952e3475679e1a8f500a8ce66af9b5883b1dc5e6cbaf04f458fbf29a761,experiment_v1_4/results/p5_metadata_audit_20260924_01/returned/probes/seed0_trained_l11_u_full_C_iid.json,P8,frozen evaluation input
9bc2b6745e9303fa0e62299263ae7c8c4cfaa5e45d76a5db7175cd26c1a14a9e,214ba206e86e47196c1e58be22d1620a4c92f794831bafba21f6168ddfc26d1b,experiment_v1_4/results/p5_metadata_audit_20260924_01/returned/probes/seed0_trained_l11_u_full_D_iid.json,P8,frozen evaluation input
9bc2b6745e9303fa0e62299263ae7c8c4cfaa5e45d76a5db7175cd26c1a14a9e,7770c63007d572e8ad5d20aeb6536d42f96f037d37c9094fb0e21c7f1a3e98e1,experiment_v1_4/results/p5_metadata_audit_20260924_01/returned/probes/seed0_trained_l11_u_full_current_iid.json,P8,frozen evaluation input
9bc2b6745e9303fa0e62299263ae7c8c4cfaa5e45d76a5db7175cd26c1a14a9e,f55c648d9f2f7de9eda90f646f3486eec5d7ff8c74d34daaa752bad3f2ccee14,experiment_v1_4/results/p5_metadata_audit_20260924_01/returned/probes/seed0_trained_l11_u_full_current_transfer.json,P8,frozen evaluation input
9bc2b6745e9303fa0e62299263ae7c8c4cfaa5e45d76a5db7175cd26c1a14a9e,5d71dcb8219ff0bd2feab1be784c377ded6b1b2e7fc8ada35031778eb3b4e164,experiment_v1_4/results/p5_metadata_audit_20260924_01/returned/probes/seed0_trained_l11_u_full_previous_iid.json,P8,frozen evaluation input
9bc2b6745e9303fa0e62299263ae7c8c4cfaa5e45d76a5db7175cd26c1a14a9e,f3eea60bfbf6b499f8eb9cf409bde4991afd5e2536309a0118f2be570d9dfdfa,experiment_v1_4/results/p5_metadata_audit_20260924_01/returned/probes/seed0_trained_l11_u_full_previous_transfer.json,P8,frozen evaluation input
9bc2b6745e9303fa0e62299263ae7c8c4cfaa5e45d76a5db7175cd26c1a14a9e,05ca04a6a4d556a87cb8c9a92d7dc6a731ed05af574322038023b6438fd37f6a,experiment_v1_4/results/p5_metadata_audit_20260924_01/returned/probes/seed0_trained_l11_u_full_query_iid.json,P8,frozen evaluation input
9bc2b6745e9303fa0e62299263ae7c8c4cfaa5e45d76a5db7175cd26c1a14a9e,7742a84c0610d3bee59a4c309605405d669c7431a3262db7032e205c1abaebde,experiment_v1_4/results/p5_metadata_audit_20260924_01/returned/probes/seed0_trained_l11_u_full_state_iid.json,P8,frozen evaluation input
9bc2b6745e9303fa0e62299263ae7c8c4cfaa5e45d76a5db7175cd26c1a14a9e,e70cd3d497cae489a19118f64f3c3682bdbad1909fc6df2a09a282db7b1a6ca7,experiment_v1_4/results/p5_metadata_audit_20260924_01/returned/probes/seed0_trained_l3_m_full_A_iid.json,P8,frozen evaluation input
9bc2b6745e9303fa0e62299263ae7c8c4cfaa5e45d76a5db7175cd26c1a14a9e,61266211131ad8c5ffbbe7c986fcc99b78b865574567d9e652fb2922ac2f0601,experiment_v1_4/results/p5_metadata_audit_20260924_01/returned/probes/seed0_trained_l3_m_full_B_iid.json,P8,frozen evaluation input
9bc2b6745e9303fa0e62299263ae7c8c4cfaa5e45d76a5db7175cd26c1a14a9e,7b7b2a491e89920a7cfc84ba439101cd453cf32cfdfb31ff96b27a2c4a72b94b,experiment_v1_4/results/p5_metadata_audit_20260924_01/returned/probes/seed0_trained_l3_m_full_C_iid.json,P8,frozen evaluation input
9bc2b6745e9303fa0e62299263ae7c8c4cfaa5e45d76a5db7175cd26c1a14a9e,74b8658f1c8dccecdad7210124476c4d00c7ba3cd1594a6e0ef2b5dee80973a7,experiment_v1_4/results/p5_metadata_audit_20260924_01/returned/probes/seed0_trained_l3_m_full_D_iid.json,P8,frozen evaluation input
9bc2b6745e9303fa0e62299263ae7c8c4cfaa5e45d76a5db7175cd26c1a14a9e,61a639c9c82b2c5ff6379d4f8a70894f30a582f3b988f5f37770b846fa248d2f,experiment_v1_4/results/p5_metadata_audit_20260924_01/returned/probes/seed0_trained_l3_m_full_current_iid.json,P8,frozen evaluation input
9bc2b6745e9303fa0e62299263ae7c8c4cfaa5e45d76a5db7175cd26c1a14a9e,978b48383908f8aa5a033454eebfb587ca8bec1ad7bddd8bc2b2f730072238df,experiment_v1_4/results/p5_metadata_audit_20260924_01/returned/probes/seed0_trained_l3_m_full_current_transfer.json,P8,frozen evaluation input
9bc2b6745e9303fa0e62299263ae7c8c4cfaa5e45d76a5db7175cd26c1a14a9e,2d13493bce7492108b4dd11e1b5d9f8528e0559082d2016b3d365583af991abb,experiment_v1_4/results/p5_metadata_audit_20260924_01/returned/probes/seed0_trained_l3_m_full_previous_iid.json,P8,frozen evaluation input
9bc2b6745e9303fa0e62299263ae7c8c4cfaa5e45d76a5db7175cd26c1a14a9e,dc760300d3d9defca3a83bac25facf7ad8032db5d516088e3e44eb282b4f1fde,experiment_v1_4/results/p5_metadata_audit_20260924_01/returned/probes/seed0_trained_l3_m_full_previous_transfer.json,P8,frozen evaluation input
9bc2b6745e9303fa0e62299263ae7c8c4cfaa5e45d76a5db7175cd26c1a14a9e,5bd4228e5c6fdb9b985256db247e38b1f32d3550b7c2d9b84a37964875075267,experiment_v1_4/results/p5_metadata_audit_20260924_01/returned/probes/seed0_trained_l3_m_full_query_iid.json,P8,frozen evaluation input
9bc2b6745e9303fa0e62299263ae7c8c4cfaa5e45d76a5db7175cd26c1a14a9e,1aa482dafb3443d15112f76a603303083dd504f8ffe56eac818da3dcb3236c09,experiment_v1_4/results/p5_metadata_audit_20260924_01/returned/probes/seed0_trained_l3_m_full_state_iid.json,P8,frozen evaluation input
9bc2b6745e9303fa0e62299263ae7c8c4cfaa5e45d76a5db7175cd26c1a14a9e,6044082ffb3cd89ca47ef9a259a65bc59866299436c69bba579176902cef03e8,experiment_v1_4/results/p5_metadata_audit_20260924_01/returned/probes/seed0_trained_l3_u_full_A_iid.json,P8,frozen evaluation input
9bc2b6745e9303fa0e62299263ae7c8c4cfaa5e45d76a5db7175cd26c1a14a9e,ed50dea8a182719ee0e0240d1d761e7dd788eea652fa85b548291f98b4579c80,experiment_v1_4/results/p5_metadata_audit_20260924_01/returned/probes/seed0_trained_l3_u_full_B_iid.json,P8,frozen evaluation input
9bc2b6745e9303fa0e62299263ae7c8c4cfaa5e45d76a5db7175cd26c1a14a9e,c5fb4c4d03fd286ff6ccf52bb9eba8ca70f30de1e68a5ed410b3d2f5f85ce7f9,experiment_v1_4/results/p5_metadata_audit_20260924_01/returned/probes/seed0_trained_l3_u_full_C_iid.json,P8,frozen evaluation input
9bc2b6745e9303fa0e62299263ae7c8c4cfaa5e45d76a5db7175cd26c1a14a9e,f6d8e54de32d86d88661ac023df58082482848137e6f4ebb9c42eb908207a910,experiment_v1_4/results/p5_metadata_audit_20260924_01/returned/probes/seed0_trained_l3_u_full_D_iid.json,P8,frozen evaluation input
9bc2b6745e9303fa0e62299263ae7c8c4cfaa5e45d76a5db7175cd26c1a14a9e,8728011f91074cdb3141ecfd9667c0843d9ed6dd7897db8d84209c39e227bfa1,experiment_v1_4/results/p5_metadata_audit_20260924_01/returned/probes/seed0_trained_l3_u_full_current_iid.json,P8,frozen evaluation input
9bc2b6745e9303fa0e62299263ae7c8c4cfaa5e45d76a5db7175cd26c1a14a9e,f0f9f6a4e7ae821dd4b8ac927b4d7bf79d98640bf39449af9a6f4044c531497a,experiment_v1_4/results/p5_metadata_audit_20260924_01/returned/probes/seed0_trained_l3_u_full_current_transfer.json,P8,frozen evaluation input
9bc2b6745e9303fa0e62299263ae7c8c4cfaa5e45d76a5db7175cd26c1a14a9e,aa5611a8054fc227f8bb27c5dcc0475dba670b8caf564dbfa093ea5c0c64c7c0,experiment_v1_4/results/p5_metadata_audit_20260924_01/returned/probes/seed0_trained_l3_u_full_previous_iid.json,P8,frozen evaluation input
9bc2b6745e9303fa0e62299263ae7c8c4cfaa5e45d76a5db7175cd26c1a14a9e,9a33bf7767530a4415e94b86cc8ef741560f395831694af5b92ffcb44ec90d2a,experiment_v1_4/results/p5_metadata_audit_20260924_01/returned/probes/seed0_trained_l3_u_full_previous_transfer.json,P8,frozen evaluation input
9bc2b6745e9303fa0e62299263ae7c8c4cfaa5e45d76a5db7175cd26c1a14a9e,dae5771c7a4e4af3ef78e495b8e02d79f03175322e199fe68176b3d20a8e8166,experiment_v1_4/results/p5_metadata_audit_20260924_01/returned/probes/seed0_trained_l3_u_full_query_iid.json,P8,frozen evaluation input
9bc2b6745e9303fa0e62299263ae7c8c4cfaa5e45d76a5db7175cd26c1a14a9e,a38627ab020e1fe5c344445b0b0782837c05430455f5b0fcd655d6e26fbc6a08,experiment_v1_4/results/p5_metadata_audit_20260924_01/returned/probes/seed0_trained_l3_u_full_state_iid.json,P8,frozen evaluation input
9bc2b6745e9303fa0e62299263ae7c8c4cfaa5e45d76a5db7175cd26c1a14a9e,1d913670a90aab720c7289283997932343ec8911b1fa158a9c7135a02637227f,experiment_v1_4/results/p5_metadata_audit_20260924_01/returned/probes/seed0_trained_l7_m_full_A_iid.json,P8,frozen evaluation input
9bc2b6745e9303fa0e62299263ae7c8c4cfaa5e45d76a5db7175cd26c1a14a9e,20e515721a231e43b579507bc9aa425d580530b57930246dc65f2bc4bed5d6c1,experiment_v1_4/results/p5_metadata_audit_20260924_01/returned/probes/seed0_trained_l7_m_full_B_iid.json,P8,frozen evaluation input
9bc2b6745e9303fa0e62299263ae7c8c4cfaa5e45d76a5db7175cd26c1a14a9e,264aea7dc00d84cd2249d3755fe5e2cd2730cc9b60b0b89cc9e50d134860b880,experiment_v1_4/results/p5_metadata_audit_20260924_01/returned/probes/seed0_trained_l7_m_full_C_iid.json,P8,frozen evaluation input
9bc2b6745e9303fa0e62299263ae7c8c4cfaa5e45d76a5db7175cd26c1a14a9e,56e2e19e045863866010b16d390691c137ef2ddd36feeac83bbffb7556e8326e,experiment_v1_4/results/p5_metadata_audit_20260924_01/returned/probes/seed0_trained_l7_m_full_D_iid.json,P8,frozen evaluation input
9bc2b6745e9303fa0e62299263ae7c8c4cfaa5e45d76a5db7175cd26c1a14a9e,4d5ffca273e00012920648ee206b9f93e489e529e6506c2644a6b1c0b3e42674,experiment_v1_4/results/p5_metadata_audit_20260924_01/returned/probes/seed0_trained_l7_m_full_current_iid.json,P8,frozen evaluation input
9bc2b6745e9303fa0e62299263ae7c8c4cfaa5e45d76a5db7175cd26c1a14a9e,6e0e8c892113d933ece985c7affa20cdc3bbe53fa73c15154f409df718941516,experiment_v1_4/results/p5_metadata_audit_20260924_01/returned/probes/seed0_trained_l7_m_full_current_transfer.json,P8,frozen evaluation input
9bc2b6745e9303fa0e62299263ae7c8c4cfaa5e45d76a5db7175cd26c1a14a9e,d02f6f6c6a031da956bfdf09eb1489b940334019d75944317e7a215b6112aee9,experiment_v1_4/results/p5_metadata_audit_20260924_01/returned/probes/seed0_trained_l7_m_full_previous_iid.json,P8,frozen evaluation input
9bc2b6745e9303fa0e62299263ae7c8c4cfaa5e45d76a5db7175cd26c1a14a9e,f2dbed41626ce636e61aeafdf6fd022d57ad2e34e45c6544a5fc007f5963ac29,experiment_v1_4/results/p5_metadata_audit_20260924_01/returned/probes/seed0_trained_l7_m_full_previous_transfer.json,P8,frozen evaluation input
9bc2b6745e9303fa0e62299263ae7c8c4cfaa5e45d76a5db7175cd26c1a14a9e,2628aee1686c65859e2b1977f19a0ff4d632e0f8cb2522d99c454d68e4c4e4da,experiment_v1_4/results/p5_metadata_audit_20260924_01/returned/probes/seed0_trained_l7_m_full_query_iid.json,P8,frozen evaluation input
9bc2b6745e9303fa0e62299263ae7c8c4cfaa5e45d76a5db7175cd26c1a14a9e,f6561a4065bc47a6da839d4ba684285d3946dcfa768b3d3462a57910c1610a47,experiment_v1_4/results/p5_metadata_audit_20260924_01/returned/probes/seed0_trained_l7_m_full_state_iid.json,P8,frozen evaluation input
9bc2b6745e9303fa0e62299263ae7c8c4cfaa5e45d76a5db7175cd26c1a14a9e,1fbdb4e3ddcd121cd64c6f059d10de5af4b3e6651c3f63c6b5cea29ed14fc83a,experiment_v1_4/results/p5_metadata_audit_20260924_01/returned/probes/seed0_trained_l7_u_full_A_iid.json,P8,frozen evaluation input
9bc2b6745e9303fa0e62299263ae7c8c4cfaa5e45d76a5db7175cd26c1a14a9e,5e7895f268a678a8a639072eec96b62bb152ed1abdf8b91ccb50afaeb0e3c98b,experiment_v1_4/results/p5_metadata_audit_20260924_01/returned/probes/seed0_trained_l7_u_full_B_iid.json,P8,frozen evaluation input
9bc2b6745e9303fa0e62299263ae7c8c4cfaa5e45d76a5db7175cd26c1a14a9e,406cb0273adc6ba9a6f337902dc76db99990f06e4cf561767e04c5c66a2eabf4,experiment_v1_4/results/p5_metadata_audit_20260924_01/returned/probes/seed0_trained_l7_u_full_C_iid.json,P8,frozen evaluation input
9bc2b6745e9303fa0e62299263ae7c8c4cfaa5e45d76a5db7175cd26c1a14a9e,68abe88b1fdb8498f4e0510f9d7fff8f43ae6545c06d7b6890e004f1c7d7a61c,experiment_v1_4/results/p5_metadata_audit_20260924_01/returned/probes/seed0_trained_l7_u_full_D_iid.json,P8,frozen evaluation input
9bc2b6745e9303fa0e62299263ae7c8c4cfaa5e45d76a5db7175cd26c1a14a9e,8ce3ef648e3c7d0c8750533475ef5ad3cb97e1f7d67a175c4e75277edc184ace,experiment_v1_4/results/p5_metadata_audit_20260924_01/returned/probes/seed0_trained_l7_u_full_current_iid.json,P8,frozen evaluation input
9bc2b6745e9303fa0e62299263ae7c8c4cfaa5e45d76a5db7175cd26c1a14a9e,d9f9fec421ac34fbf6d6d235f67ea642888c31f858873a9f3c2ab750cb8ed0e9,experiment_v1_4/results/p5_metadata_audit_20260924_01/returned/probes/seed0_trained_l7_u_full_current_transfer.json,P8,frozen evaluation input
9bc2b6745e9303fa0e62299263ae7c8c4cfaa5e45d76a5db7175cd26c1a14a9e,a8a7db43151af7005d7c5968181395b2f797fc98a29cffda1c3ba864391597cd,experiment_v1_4/results/p5_metadata_audit_20260924_01/returned/probes/seed0_trained_l7_u_full_previous_iid.json,P8,frozen evaluation input
9bc2b6745e9303fa0e62299263ae7c8c4cfaa5e45d76a5db7175cd26c1a14a9e,7b77edfd252322541fd3d1aa8fab62540336b87fb0bfde4e8b7418e3a18273bb,experiment_v1_4/results/p5_metadata_audit_20260924_01/returned/probes/seed0_trained_l7_u_full_previous_transfer.json,P8,frozen evaluation input
9bc2b6745e9303fa0e62299263ae7c8c4cfaa5e45d76a5db7175cd26c1a14a9e,b116aa17b72e740a1c0ebb957048429ae21a9d2ac5a32c86fb7bb6ed0920a799,experiment_v1_4/results/p5_metadata_audit_20260924_01/returned/probes/seed0_trained_l7_u_full_query_iid.json,P8,frozen evaluation input
9bc2b6745e9303fa0e62299263ae7c8c4cfaa5e45d76a5db7175cd26c1a14a9e,d90463e8d27b5cd2479e8eea3def1ed1ea9119cae2bbce862844e9ab2247208d,experiment_v1_4/results/p5_metadata_audit_20260924_01/returned/probes/seed0_trained_l7_u_full_state_iid.json,P8,frozen evaluation input
9bc2b6745e9303fa0e62299263ae7c8c4cfaa5e45d76a5db7175cd26c1a14a9e,dfaae70b70fcac660849abb05650e8cea4443ac8a3e67b3268ae43dc24ea314a,experiment_v1_4/results/p5_metadata_audit_20260924_01/returned/probes/seed1_trained_l0_m_coordinate_128_A_iid.json,P8,frozen evaluation input
9bc2b6745e9303fa0e62299263ae7c8c4cfaa5e45d76a5db7175cd26c1a14a9e,da7ce99ea38980a6b885aac138afdae2dcc9512ff92fc90f7e2c47db2a6804f2,experiment_v1_4/results/p5_metadata_audit_20260924_01/returned/probes/seed1_trained_l0_m_coordinate_128_B_iid.json,P8,frozen evaluation input
9bc2b6745e9303fa0e62299263ae7c8c4cfaa5e45d76a5db7175cd26c1a14a9e,55f7564deffa74c650da981be44b15a1d16be57f2d9c06956ff18bc339bebeef,experiment_v1_4/results/p5_metadata_audit_20260924_01/returned/probes/seed1_trained_l0_m_coordinate_128_C_iid.json,P8,frozen evaluation input
9bc2b6745e9303fa0e62299263ae7c8c4cfaa5e45d76a5db7175cd26c1a14a9e,23359a9aa5555483af52185f69adb2cd4c2ddc752404e95fc4288d63fdbdf365,experiment_v1_4/results/p5_metadata_audit_20260924_01/returned/probes/seed1_trained_l0_m_coordinate_128_D_iid.json,P8,frozen evaluation input
9bc2b6745e9303fa0e62299263ae7c8c4cfaa5e45d76a5db7175cd26c1a14a9e,b732724cf2df6d745d50222bb4b049b6234935550e680dbe726ef24b78438337,experiment_v1_4/results/p5_metadata_audit_20260924_01/returned/probes/seed1_trained_l0_m_coordinate_128_current_iid.json,P8,frozen evaluation input
9bc2b6745e9303fa0e62299263ae7c8c4cfaa5e45d76a5db7175cd26c1a14a9e,6e4b9ba96c15b7d244d7e56ebb6042e777dbd631aa8f86ebd483930aba96e063,experiment_v1_4/results/p5_metadata_audit_20260924_01/returned/probes/seed1_trained_l0_m_coordinate_128_current_transfer.json,P8,frozen evaluation input
9bc2b6745e9303fa0e62299263ae7c8c4cfaa5e45d76a5db7175cd26c1a14a9e,046d957fe30f4b27779b8fc02e2a4814782de3d52c319fb244db2d5244881d02,experiment_v1_4/results/p5_metadata_audit_20260924_01/returned/probes/seed1_trained_l0_m_coordinate_128_previous_iid.json,P8,frozen evaluation input
9bc2b6745e9303fa0e62299263ae7c8c4cfaa5e45d76a5db7175cd26c1a14a9e,5c70c3b08a99b8f13ca02bf22fd33675a98b29e173a6bf47d4eafba07e68107d,experiment_v1_4/results/p5_metadata_audit_20260924_01/returned/probes/seed1_trained_l0_m_coordinate_128_previous_transfer.json,P8,frozen evaluation input
9bc2b6745e9303fa0e62299263ae7c8c4cfaa5e45d76a5db7175cd26c1a14a9e,df3a0d74afceae912514aeb91fc396287be239c467e0b838f995824c1dcf4e46,experiment_v1_4/results/p5_metadata_audit_20260924_01/returned/probes/seed1_trained_l0_m_coordinate_128_query_iid.json,P8,frozen evaluation input
9bc2b6745e9303fa0e62299263ae7c8c4cfaa5e45d76a5db7175cd26c1a14a9e,659e2547fa1a50efb73217e8c64d4945ff86a61c32f2b2128bf02ff6744306c0,experiment_v1_4/results/p5_metadata_audit_20260924_01/returned/probes/seed1_trained_l0_m_coordinate_128_state_iid.json,P8,frozen evaluation input
9bc2b6745e9303fa0e62299263ae7c8c4cfaa5e45d76a5db7175cd26c1a14a9e,6c5e445237b1dfcf0a4ca8c02be6ea8b57ad8da0ca0d7224f8653b58f959598f,experiment_v1_4/results/p5_metadata_audit_20260924_01/returned/probes/seed1_trained_l0_m_coordinate_A_iid.json,P8,frozen evaluation input
9bc2b6745e9303fa0e62299263ae7c8c4cfaa5e45d76a5db7175cd26c1a14a9e,efaac1744fe7baf79416c4b3b162d0a5fa29ba399c6b022c80282554a32539ad,experiment_v1_4/results/p5_metadata_audit_20260924_01/returned/probes/seed1_trained_l0_m_coordinate_B_iid.json,P8,frozen evaluation input
9bc2b6745e9303fa0e62299263ae7c8c4cfaa5e45d76a5db7175cd26c1a14a9e,8da6518bc43073e78c7db01bea94d6145eae1aca89b19a32fd2be6b2255d990f,experiment_v1_4/results/p5_metadata_audit_20260924_01/returned/probes/seed1_trained_l0_m_coordinate_C_iid.json,P8,frozen evaluation input
9bc2b6745e9303fa0e62299263ae7c8c4cfaa5e45d76a5db7175cd26c1a14a9e,2722df12d741ba7a2ddcd89af4acfc28377272486f86232114aad4b9a1c7bb2d,experiment_v1_4/results/p5_metadata_audit_20260924_01/returned/probes/seed1_trained_l0_m_coordinate_D_iid.json,P8,frozen evaluation input
9bc2b6745e9303fa0e62299263ae7c8c4cfaa5e45d76a5db7175cd26c1a14a9e,9bd6a00cda499369c688e049188f49d8bbd6a2cebc5f723df343dd7f17002829,experiment_v1_4/results/p5_metadata_audit_20260924_01/returned/probes/seed1_trained_l0_m_coordinate_current_iid.json,P8,frozen evaluation input
9bc2b6745e9303fa0e62299263ae7c8c4cfaa5e45d76a5db7175cd26c1a14a9e,327f8b625eaec13801d7f1bb9ab7d7377f535789ddae0b5a20f1bd66fcd49881,experiment_v1_4/results/p5_metadata_audit_20260924_01/returned/probes/seed1_trained_l0_m_coordinate_current_transfer.json,P8,frozen evaluation input
9bc2b6745e9303fa0e62299263ae7c8c4cfaa5e45d76a5db7175cd26c1a14a9e,180e8e3a7eefc0dec605147119cf47a9b20a90feeddefb62e5f54ce61f3d9f3b,experiment_v1_4/results/p5_metadata_audit_20260924_01/returned/probes/seed1_trained_l0_m_coordinate_previous_iid.json,P8,frozen evaluation input
9bc2b6745e9303fa0e62299263ae7c8c4cfaa5e45d76a5db7175cd26c1a14a9e,59c4ea5370fcb3cf27e0d38366e5c293a358506441836b12bcbc00c37aed0ef0,experiment_v1_4/results/p5_metadata_audit_20260924_01/returned/probes/seed1_trained_l0_m_coordinate_previous_transfer.json,P8,frozen evaluation input
9bc2b6745e9303fa0e62299263ae7c8c4cfaa5e45d76a5db7175cd26c1a14a9e,209157fa2feb4bdc83a4e16a1d11e43fe659b9284e5ee4b7cc5adbdda9f4a4af,experiment_v1_4/results/p5_metadata_audit_20260924_01/returned/probes/seed1_trained_l0_m_coordinate_query_iid.json,P8,frozen evaluation input
9bc2b6745e9303fa0e62299263ae7c8c4cfaa5e45d76a5db7175cd26c1a14a9e,64ce4598dfa2cbea36362148d81a3ddea96b6142ce3b174a4b2fe459f2451b2a,experiment_v1_4/results/p5_metadata_audit_20260924_01/returned/probes/seed1_trained_l0_m_coordinate_state_iid.json,P8,frozen evaluation input
9bc2b6745e9303fa0e62299263ae7c8c4cfaa5e45d76a5db7175cd26c1a14a9e,8ab2b5286ddd732c736c9fea6960b25270b67ee290eacd5cf3612d265f5df4af,experiment_v1_4/results/p5_metadata_audit_20260924_01/returned/probes/seed1_trained_l0_m_full_A_iid.json,P8,frozen evaluation input
9bc2b6745e9303fa0e62299263ae7c8c4cfaa5e45d76a5db7175cd26c1a14a9e,1d02987673f765bc8636da162d353a8c95e237507055168d076182792a7e77c6,experiment_v1_4/results/p5_metadata_audit_20260924_01/returned/probes/seed1_trained_l0_m_full_B_iid.json,P8,frozen evaluation input
9bc2b6745e9303fa0e62299263ae7c8c4cfaa5e45d76a5db7175cd26c1a14a9e,b7eb2b35c90915dc93db9f6ea9fb4718432ba420820003482edd9639ba639415,experiment_v1_4/results/p5_metadata_audit_20260924_01/returned/probes/seed1_trained_l0_m_full_C_iid.json,P8,frozen evaluation input
9bc2b6745e9303fa0e62299263ae7c8c4cfaa5e45d76a5db7175cd26c1a14a9e,733d2acba86926faf71fada57b8c06ad743ad67f31e399622184e7245862e68a,experiment_v1_4/results/p5_metadata_audit_20260924_01/returned/probes/seed1_trained_l0_m_full_D_iid.json,P8,frozen evaluation input
9bc2b6745e9303fa0e62299263ae7c8c4cfaa5e45d76a5db7175cd26c1a14a9e,26023c918b00685229cc002acb259c35d17760bce4a7e662935664335732f84a,experiment_v1_4/results/p5_metadata_audit_20260924_01/returned/probes/seed1_trained_l0_m_full_current_iid.json,P8,frozen evaluation input
9bc2b6745e9303fa0e62299263ae7c8c4cfaa5e45d76a5db7175cd26c1a14a9e,19395e7c8e550638957d871e32102d4e92bf590010426f3873c13c4ba21b008d,experiment_v1_4/results/p5_metadata_audit_20260924_01/returned/probes/seed1_trained_l0_m_full_current_transfer.json,P8,frozen evaluation input
9bc2b6745e9303fa0e62299263ae7c8c4cfaa5e45d76a5db7175cd26c1a14a9e,9fb82e90041c870d49edd7efba291dac6b342947a775ef7215f74ecf08854aa1,experiment_v1_4/results/p5_metadata_audit_20260924_01/returned/probes/seed1_trained_l0_m_full_previous_iid.json,P8,frozen evaluation input
9bc2b6745e9303fa0e62299263ae7c8c4cfaa5e45d76a5db7175cd26c1a14a9e,a1bb153da5d9c936867760f112fdb9773a930648ae869fa99fee9f36a048a384,experiment_v1_4/results/p5_metadata_audit_20260924_01/returned/probes/seed1_trained_l0_m_full_previous_transfer.json,P8,frozen evaluation input
9bc2b6745e9303fa0e62299263ae7c8c4cfaa5e45d76a5db7175cd26c1a14a9e,9c6e2a1370f999f94b3bde0fcc3ab74734d68b26a4a163859f4e64251cca7bca,experiment_v1_4/results/p5_metadata_audit_20260924_01/returned/probes/seed1_trained_l0_m_full_query_iid.json,P8,frozen evaluation input
9bc2b6745e9303fa0e62299263ae7c8c4cfaa5e45d76a5db7175cd26c1a14a9e,eafee496281df83d68dca38ab66247d22ded99a36de15ea138e81596004cda3d,experiment_v1_4/results/p5_metadata_audit_20260924_01/returned/probes/seed1_trained_l0_m_full_state_iid.json,P8,frozen evaluation input
9bc2b6745e9303fa0e62299263ae7c8c4cfaa5e45d76a5db7175cd26c1a14a9e,64b265e5096f7c98b0f02c97c517f9017f79d2da1a90aa8c8d6c219192b11254,experiment_v1_4/results/p5_metadata_audit_20260924_01/returned/probes/seed1_trained_l0_m_random_128_A_iid.json,P8,frozen evaluation input
9bc2b6745e9303fa0e62299263ae7c8c4cfaa5e45d76a5db7175cd26c1a14a9e,477beb5eed5d0824491ed7e16796a338b9ae66f4acd5930e395577912a61645f,experiment_v1_4/results/p5_metadata_audit_20260924_01/returned/probes/seed1_trained_l0_m_random_128_B_iid.json,P8,frozen evaluation input
9bc2b6745e9303fa0e62299263ae7c8c4cfaa5e45d76a5db7175cd26c1a14a9e,a7e52df1ad7b6e2cb27b07649c17994cdd8cc091414f76bb334336f95d9d2bbb,experiment_v1_4/results/p5_metadata_audit_20260924_01/returned/probes/seed1_trained_l0_m_random_128_C_iid.json,P8,frozen evaluation input
9bc2b6745e9303fa0e62299263ae7c8c4cfaa5e45d76a5db7175cd26c1a14a9e,7f5a3196b4a23e3144fa9f3fab1f866bfa6642f144c184899c6aabff18282e83,experiment_v1_4/results/p5_metadata_audit_20260924_01/returned/probes/seed1_trained_l0_m_random_128_D_iid.json,P8,frozen evaluation input
9bc2b6745e9303fa0e62299263ae7c8c4cfaa5e45d76a5db7175cd26c1a14a9e,2a042707bf21e3f3da198ca5d044325953675ae101e56ae48e13f97670b8354b,experiment_v1_4/results/p5_metadata_audit_20260924_01/returned/probes/seed1_trained_l0_m_random_128_current_iid.json,P8,frozen evaluation input
9bc2b6745e9303fa0e62299263ae7c8c4cfaa5e45d76a5db7175cd26c1a14a9e,57d38a0984106621547522e81e1e8906ef88da95829da95e12c57765ba214ba2,experiment_v1_4/results/p5_metadata_audit_20260924_01/returned/probes/seed1_trained_l0_m_random_128_current_transfer.json,P8,frozen evaluation input
9bc2b6745e9303fa0e62299263ae7c8c4cfaa5e45d76a5db7175cd26c1a14a9e,49c5332a2b409930d9e3ff24a938fd393c13d86fa17fea32793d2cfd17514f53,experiment_v1_4/results/p5_metadata_audit_20260924_01/returned/probes/seed1_trained_l0_m_random_128_previous_iid.json,P8,frozen evaluation input
9bc2b6745e9303fa0e62299263ae7c8c4cfaa5e45d76a5db7175cd26c1a14a9e,272283eaacc6700c1d152a751ea732db685c0c144837d32d0b7f921441a19e32,experiment_v1_4/results/p5_metadata_audit_20260924_01/returned/probes/seed1_trained_l0_m_random_128_previous_transfer.json,P8,frozen evaluation input
9bc2b6745e9303fa0e62299263ae7c8c4cfaa5e45d76a5db7175cd26c1a14a9e,f5002b2764d25175e67227db321d5b738a4338f452a8e6ad0c6c78b2e5412ccb,experiment_v1_4/results/p5_metadata_audit_20260924_01/returned/probes/seed1_trained_l0_m_random_128_query_iid.json,P8,frozen evaluation input
9bc2b6745e9303fa0e62299263ae7c8c4cfaa5e45d76a5db7175cd26c1a14a9e,585cf643051e963496616c886626f71940a6efaf5178dcb75ccb7366affa5dce,experiment_v1_4/results/p5_metadata_audit_20260924_01/returned/probes/seed1_trained_l0_m_random_128_state_iid.json,P8,frozen evaluation input
9bc2b6745e9303fa0e62299263ae7c8c4cfaa5e45d76a5db7175cd26c1a14a9e,4feb7ec1d2196d7d60fc08e1706270a42d0ff32bdbf652033522505042373ea0,experiment_v1_4/results/p5_metadata_audit_20260924_01/returned/probes/seed1_trained_l0_m_random_A_iid.json,P8,frozen evaluation input
9bc2b6745e9303fa0e62299263ae7c8c4cfaa5e45d76a5db7175cd26c1a14a9e,b68f10a1a7cf7014492df78850be2af501e2832dd213ca53963e195d1cfda45c,experiment_v1_4/results/p5_metadata_audit_20260924_01/returned/probes/seed1_trained_l0_m_random_B_iid.json,P8,frozen evaluation input
9bc2b6745e9303fa0e62299263ae7c8c4cfaa5e45d76a5db7175cd26c1a14a9e,cddce3ae114c27850e965aad01b6e35cd76001a1a331411b6403fb3702680fd0,experiment_v1_4/results/p5_metadata_audit_20260924_01/returned/probes/seed1_trained_l0_m_random_C_iid.json,P8,frozen evaluation input
9bc2b6745e9303fa0e62299263ae7c8c4cfaa5e45d76a5db7175cd26c1a14a9e,67ed9494c84385b5f91a1b4567c32beda4767b7ea9e2f2f0111d2ea99c305925,experiment_v1_4/results/p5_metadata_audit_20260924_01/returned/probes/seed1_trained_l0_m_random_D_iid.json,P8,frozen evaluation input
9bc2b6745e9303fa0e62299263ae7c8c4cfaa5e45d76a5db7175cd26c1a14a9e,24e5d037bb3de6ac0bd8d8e5136163ec562e7e2fba261c1e6cd5406ebcf2affe,experiment_v1_4/results/p5_metadata_audit_20260924_01/returned/probes/seed1_trained_l0_m_random_current_iid.json,P8,frozen evaluation input
9bc2b6745e9303fa0e62299263ae7c8c4cfaa5e45d76a5db7175cd26c1a14a9e,24b96de783eec21703a9ac3872c512036b844dd7141b61330651cf382c63df2a,experiment_v1_4/results/p5_metadata_audit_20260924_01/returned/probes/seed1_trained_l0_m_random_current_transfer.json,P8,frozen evaluation input
9bc2b6745e9303fa0e62299263ae7c8c4cfaa5e45d76a5db7175cd26c1a14a9e,9a9e779567f9aadeec363433202c8bf7716a6347da1f532b279ee662d376ac46,experiment_v1_4/results/p5_metadata_audit_20260924_01/returned/probes/seed1_trained_l0_m_random_previous_iid.json,P8,frozen evaluation input
9bc2b6745e9303fa0e62299263ae7c8c4cfaa5e45d76a5db7175cd26c1a14a9e,2cc530cdc645867ad7e64e87eb1389beff4f530825a8f924b63dd16d91a4d95b,experiment_v1_4/results/p5_metadata_audit_20260924_01/returned/probes/seed1_trained_l0_m_random_previous_transfer.json,P8,frozen evaluation input
9bc2b6745e9303fa0e62299263ae7c8c4cfaa5e45d76a5db7175cd26c1a14a9e,64df7bf248fe8ccf6ad0f75549a7489ed410f774035c0b8dbd8ecf16da4cfbba,experiment_v1_4/results/p5_metadata_audit_20260924_01/returned/probes/seed1_trained_l0_m_random_query_iid.json,P8,frozen evaluation input
9bc2b6745e9303fa0e62299263ae7c8c4cfaa5e45d76a5db7175cd26c1a14a9e,8e19e3c167dd920724b84c36afda9d7c429a7f1a0b34cac39cbf7feaa3248221,experiment_v1_4/results/p5_metadata_audit_20260924_01/returned/probes/seed1_trained_l0_m_random_state_iid.json,P8,frozen evaluation input
9bc2b6745e9303fa0e62299263ae7c8c4cfaa5e45d76a5db7175cd26c1a14a9e,57ad1ebda383c5d461eeab796874a1664e57464fbbc9025c297b5268fd765263,experiment_v1_4/results/p5_metadata_audit_20260924_01/returned/probes/seed1_trained_l0_u_full_A_iid.json,P8,frozen evaluation input
9bc2b6745e9303fa0e62299263ae7c8c4cfaa5e45d76a5db7175cd26c1a14a9e,931032dc5e8171fce1a83cb03f1a12cfbc2a3f9f703bd74ebe59a1c64da228e7,experiment_v1_4/results/p5_metadata_audit_20260924_01/returned/probes/seed1_trained_l0_u_full_B_iid.json,P8,frozen evaluation input
9bc2b6745e9303fa0e62299263ae7c8c4cfaa5e45d76a5db7175cd26c1a14a9e,ccd7c08d19a8d6b5e596e08c5b20f0a0ecd37ebe8d34cdc13c967f62b0cabcc0,experiment_v1_4/results/p5_metadata_audit_20260924_01/returned/probes/seed1_trained_l0_u_full_C_iid.json,P8,frozen evaluation input
9bc2b6745e9303fa0e62299263ae7c8c4cfaa5e45d76a5db7175cd26c1a14a9e,8f2562f9063434ebec23473c4397fd64ab2fa064353f5cfce3b2963757ab27df,experiment_v1_4/results/p5_metadata_audit_20260924_01/returned/probes/seed1_trained_l0_u_full_D_iid.json,P8,frozen evaluation input
9bc2b6745e9303fa0e62299263ae7c8c4cfaa5e45d76a5db7175cd26c1a14a9e,322afa3a15ec63d3407af75ee86d3d3909f34c45da1c350b43455d803695b3dd,experiment_v1_4/results/p5_metadata_audit_20260924_01/returned/probes/seed1_trained_l0_u_full_current_iid.json,P8,frozen evaluation input
9bc2b6745e9303fa0e62299263ae7c8c4cfaa5e45d76a5db7175cd26c1a14a9e,dc4471a52534be4050ac808b26ece78fcb1fc4c84e4b5d954303e33ff7c1d828,experiment_v1_4/results/p5_metadata_audit_20260924_01/returned/probes/seed1_trained_l0_u_full_current_transfer.json,P8,frozen evaluation input
9bc2b6745e9303fa0e62299263ae7c8c4cfaa5e45d76a5db7175cd26c1a14a9e,c113fb8c9d5788ca8c308d7bc1988ff82ea04e2a8b64e84ac3bec22b0d4c1234,experiment_v1_4/results/p5_metadata_audit_20260924_01/returned/probes/seed1_trained_l0_u_full_previous_iid.json,P8,frozen evaluation input
9bc2b6745e9303fa0e62299263ae7c8c4cfaa5e45d76a5db7175cd26c1a14a9e,6c3030c0b3f5a46f89a69f70af06079395f06a79d25509c33ca1d4a537b01515,experiment_v1_4/results/p5_metadata_audit_20260924_01/returned/probes/seed1_trained_l0_u_full_previous_transfer.json,P8,frozen evaluation input
9bc2b6745e9303fa0e62299263ae7c8c4cfaa5e45d76a5db7175cd26c1a14a9e,5784b530b8d2356b1a8dbd598deb81a51b93bab0e0b219709dbd507c1c2c818d,experiment_v1_4/results/p5_metadata_audit_20260924_01/returned/probes/seed1_trained_l0_u_full_query_iid.json,P8,frozen evaluation input
9bc2b6745e9303fa0e62299263ae7c8c4cfaa5e45d76a5db7175cd26c1a14a9e,2113e6e6ddee311e72e71842abac5e8bc8dcdd20730e4578df837471cc2579f7,experiment_v1_4/results/p5_metadata_audit_20260924_01/returned/probes/seed1_trained_l0_u_full_state_iid.json,P8,frozen evaluation input
9bc2b6745e9303fa0e62299263ae7c8c4cfaa5e45d76a5db7175cd26c1a14a9e,3ac259459e41f5c7768a7b224106239fc7f26f5e18c2464786aa65c322e567b5,experiment_v1_4/results/p5_metadata_audit_20260924_01/returned/probes/seed1_trained_l11_m_full_A_iid.json,P8,frozen evaluation input
9bc2b6745e9303fa0e62299263ae7c8c4cfaa5e45d76a5db7175cd26c1a14a9e,3437ee3501a4f52a4693848f35c60fdb58364456cda5c2d0377b29af06c7d85b,experiment_v1_4/results/p5_metadata_audit_20260924_01/returned/probes/seed1_trained_l11_m_full_B_iid.json,P8,frozen evaluation input
9bc2b6745e9303fa0e62299263ae7c8c4cfaa5e45d76a5db7175cd26c1a14a9e,e214fdea782f0c6477645b7b137d167d5cc1321bf22efdf9dcf0a58a4e73fdee,experiment_v1_4/results/p5_metadata_audit_20260924_01/returned/probes/seed1_trained_l11_m_full_C_iid.json,P8,frozen evaluation input
9bc2b6745e9303fa0e62299263ae7c8c4cfaa5e45d76a5db7175cd26c1a14a9e,059cde87874e6726d11d56daac98cb1ca0fb296e90d149b618cde995ccd7bc42,experiment_v1_4/results/p5_metadata_audit_20260924_01/returned/probes/seed1_trained_l11_m_full_D_iid.json,P8,frozen evaluation input
9bc2b6745e9303fa0e62299263ae7c8c4cfaa5e45d76a5db7175cd26c1a14a9e,b097206a690cf86b9a2dd180e1c5d17f0a8aaebeb43939801f9c22276f39b47f,experiment_v1_4/results/p5_metadata_audit_20260924_01/returned/probes/seed1_trained_l11_m_full_current_iid.json,P8,frozen evaluation input
9bc2b6745e9303fa0e62299263ae7c8c4cfaa5e45d76a5db7175cd26c1a14a9e,7203103e5bfaffbac7c35c08d73ce2913e36edbfea33d8932ffa708511897d34,experiment_v1_4/results/p5_metadata_audit_20260924_01/returned/probes/seed1_trained_l11_m_full_current_transfer.json,P8,frozen evaluation input
9bc2b6745e9303fa0e62299263ae7c8c4cfaa5e45d76a5db7175cd26c1a14a9e,f2a0ebadd3e0cc914b15029051ff30e0605e84270c9fd9b8bbc874fa6d37b3a0,experiment_v1_4/results/p5_metadata_audit_20260924_01/returned/probes/seed1_trained_l11_m_full_previous_iid.json,P8,frozen evaluation input
9bc2b6745e9303fa0e62299263ae7c8c4cfaa5e45d76a5db7175cd26c1a14a9e,409274b7a320175cb355f6ae1b1d337f52ecf9ca0af404dca6e358a6833953f3,experiment_v1_4/results/p5_metadata_audit_20260924_01/returned/probes/seed1_trained_l11_m_full_previous_transfer.json,P8,frozen evaluation input
9bc2b6745e9303fa0e62299263ae7c8c4cfaa5e45d76a5db7175cd26c1a14a9e,dd86b1edccbcd4dd9b643f98d383072e94fd577e8bde48dbe5ade4d012a96b8a,experiment_v1_4/results/p5_metadata_audit_20260924_01/returned/probes/seed1_trained_l11_m_full_query_iid.json,P8,frozen evaluation input
9bc2b6745e9303fa0e62299263ae7c8c4cfaa5e45d76a5db7175cd26c1a14a9e,f5d580697434bdd8873b09c6166572cc16a8fce82ae15f6a4294c6452bf9a0ed,experiment_v1_4/results/p5_metadata_audit_20260924_01/returned/probes/seed1_trained_l11_m_full_state_iid.json,P8,frozen evaluation input
9bc2b6745e9303fa0e62299263ae7c8c4cfaa5e45d76a5db7175cd26c1a14a9e,c5bb2714a210ac4add51087c1e9a0b1fa2d919c7f67c64506433b9c23d645720,experiment_v1_4/results/p5_metadata_audit_20260924_01/returned/probes/seed1_trained_l11_u_full_A_iid.json,P8,frozen evaluation input
9bc2b6745e9303fa0e62299263ae7c8c4cfaa5e45d76a5db7175cd26c1a14a9e,205d22f53917b24b6c297d01715f98ee29f42e464dfd8c470477cfedb85b9dca,experiment_v1_4/results/p5_metadata_audit_20260924_01/returned/probes/seed1_trained_l11_u_full_B_iid.json,P8,frozen evaluation input
9bc2b6745e9303fa0e62299263ae7c8c4cfaa5e45d76a5db7175cd26c1a14a9e,05aa18c0eb85ac88422e566436fa2fd8909d45d9e55d08bf2a5a435e902a1f6d,experiment_v1_4/results/p5_metadata_audit_20260924_01/returned/probes/seed1_trained_l11_u_full_C_iid.json,P8,frozen evaluation input
9bc2b6745e9303fa0e62299263ae7c8c4cfaa5e45d76a5db7175cd26c1a14a9e,02e51339d8d2f46e6fd442bf1d86f4be5d47f287742731cdf5ab2388f4cb3043,experiment_v1_4/results/p5_metadata_audit_20260924_01/returned/probes/seed1_trained_l11_u_full_D_iid.json,P8,frozen evaluation input
9bc2b6745e9303fa0e62299263ae7c8c4cfaa5e45d76a5db7175cd26c1a14a9e,4d29dd007d17e3f5339467042d0d181028738ad4435f75624e04ddebbad40e71,experiment_v1_4/results/p5_metadata_audit_20260924_01/returned/probes/seed1_trained_l11_u_full_current_iid.json,P8,frozen evaluation input
9bc2b6745e9303fa0e62299263ae7c8c4cfaa5e45d76a5db7175cd26c1a14a9e,8ec8ecbac7c9014758deefcd106ec4cf6ba19c5da7af0458c0b293e27b60b42b,experiment_v1_4/results/p5_metadata_audit_20260924_01/returned/probes/seed1_trained_l11_u_full_current_transfer.json,P8,frozen evaluation input
9bc2b6745e9303fa0e62299263ae7c8c4cfaa5e45d76a5db7175cd26c1a14a9e,8585a13af2592302b0f0128bfcd183da1ef9e8f3523630bd5094530baef55de8,experiment_v1_4/results/p5_metadata_audit_20260924_01/returned/probes/seed1_trained_l11_u_full_previous_iid.json,P8,frozen evaluation input
9bc2b6745e9303fa0e62299263ae7c8c4cfaa5e45d76a5db7175cd26c1a14a9e,ecd8e1141ed810504eec6ad4e7a557be07795287c4d2fd002987b7b32a8fbd76,experiment_v1_4/results/p5_metadata_audit_20260924_01/returned/probes/seed1_trained_l11_u_full_previous_transfer.json,P8,frozen evaluation input
9bc2b6745e9303fa0e62299263ae7c8c4cfaa5e45d76a5db7175cd26c1a14a9e,d0b785ccb674c469dac8cadd06abfb367991b5f692d74026aadfb9a67ac69ec8,experiment_v1_4/results/p5_metadata_audit_20260924_01/returned/probes/seed1_trained_l11_u_full_query_iid.json,P8,frozen evaluation input
9bc2b6745e9303fa0e62299263ae7c8c4cfaa5e45d76a5db7175cd26c1a14a9e,252c6d1db8b5f3a3717a0f0b51fee99672d3bb3baca5381ff64d362a732dd5dc,experiment_v1_4/results/p5_metadata_audit_20260924_01/returned/probes/seed1_trained_l11_u_full_state_iid.json,P8,frozen evaluation input
9bc2b6745e9303fa0e62299263ae7c8c4cfaa5e45d76a5db7175cd26c1a14a9e,f375ff0857f8ca6fbb628d57363638737ff9400664226567f4ad1abf0f5935b2,experiment_v1_4/results/p5_metadata_audit_20260924_01/returned/probes/seed1_trained_l3_m_full_A_iid.json,P8,frozen evaluation input
9bc2b6745e9303fa0e62299263ae7c8c4cfaa5e45d76a5db7175cd26c1a14a9e,a54158edeef057ee77748c29385c5bdcbfa2a66316b5f993ec664e278bbc6719,experiment_v1_4/results/p5_metadata_audit_20260924_01/returned/probes/seed1_trained_l3_m_full_B_iid.json,P8,frozen evaluation input
9bc2b6745e9303fa0e62299263ae7c8c4cfaa5e45d76a5db7175cd26c1a14a9e,a06c9064cd1d8a3fd7ddc11b3870226f336ccd2a5fa5cd4fbb813d1ec02d23b3,experiment_v1_4/results/p5_metadata_audit_20260924_01/returned/probes/seed1_trained_l3_m_full_C_iid.json,P8,frozen evaluation input
9bc2b6745e9303fa0e62299263ae7c8c4cfaa5e45d76a5db7175cd26c1a14a9e,c8f003ecb8570900369389ec423995100035383ac2aa81e56cd6cb612aef39dd,experiment_v1_4/results/p5_metadata_audit_20260924_01/returned/probes/seed1_trained_l3_m_full_D_iid.json,P8,frozen evaluation input
9bc2b6745e9303fa0e62299263ae7c8c4cfaa5e45d76a5db7175cd26c1a14a9e,629e43b969f21990b63b231d76b1b550b2fbae1072e999711eb442491f546fa9,experiment_v1_4/results/p5_metadata_audit_20260924_01/returned/probes/seed1_trained_l3_m_full_current_iid.json,P8,frozen evaluation input
9bc2b6745e9303fa0e62299263ae7c8c4cfaa5e45d76a5db7175cd26c1a14a9e,190bc5de77f2bbdfa2f62f9d5e837bd6c629c9921be4c70d0a4d3a447fb568d8,experiment_v1_4/results/p5_metadata_audit_20260924_01/returned/probes/seed1_trained_l3_m_full_current_transfer.json,P8,frozen evaluation input
9bc2b6745e9303fa0e62299263ae7c8c4cfaa5e45d76a5db7175cd26c1a14a9e,2dd0c0ae7251f086b1e3e5970f2be271b20763d3dd61a79bba12791e9e6ad5ae,experiment_v1_4/results/p5_metadata_audit_20260924_01/returned/probes/seed1_trained_l3_m_full_previous_iid.json,P8,frozen evaluation input
9bc2b6745e9303fa0e62299263ae7c8c4cfaa5e45d76a5db7175cd26c1a14a9e,ccb0be5902a5ef22d596b9ab7769087eaf51268f48fa27ad49ab8ee5abb87d8f,experiment_v1_4/results/p5_metadata_audit_20260924_01/returned/probes/seed1_trained_l3_m_full_previous_transfer.json,P8,frozen evaluation input
9bc2b6745e9303fa0e62299263ae7c8c4cfaa5e45d76a5db7175cd26c1a14a9e,71a79fb7cc5ef3742a3546b54d65095b32c569de3fe5678008402e5e936df872,experiment_v1_4/results/p5_metadata_audit_20260924_01/returned/probes/seed1_trained_l3_m_full_query_iid.json,P8,frozen evaluation input
9bc2b6745e9303fa0e62299263ae7c8c4cfaa5e45d76a5db7175cd26c1a14a9e,d95666d15e4a82a84900693d2ad77d56271c3c266cc21a8f8ee4148a88a01d6e,experiment_v1_4/results/p5_metadata_audit_20260924_01/returned/probes/seed1_trained_l3_m_full_state_iid.json,P8,frozen evaluation input
9bc2b6745e9303fa0e62299263ae7c8c4cfaa5e45d76a5db7175cd26c1a14a9e,dcc6575c1faeb6933e82216243d900ab4383751415b6b042e5f9798d847ad178,experiment_v1_4/results/p5_metadata_audit_20260924_01/returned/probes/seed1_trained_l3_u_full_A_iid.json,P8,frozen evaluation input
9bc2b6745e9303fa0e62299263ae7c8c4cfaa5e45d76a5db7175cd26c1a14a9e,69f00326fa3803dface27471581df07a00c8f9ff3887b27ebf86d6eb33400127,experiment_v1_4/results/p5_metadata_audit_20260924_01/returned/probes/seed1_trained_l3_u_full_B_iid.json,P8,frozen evaluation input
9bc2b6745e9303fa0e62299263ae7c8c4cfaa5e45d76a5db7175cd26c1a14a9e,ce0345030818f91bca85d228d9f98592e6014a48ee88dfee5fb2454df9cd9a30,experiment_v1_4/results/p5_metadata_audit_20260924_01/returned/probes/seed1_trained_l3_u_full_C_iid.json,P8,frozen evaluation input
9bc2b6745e9303fa0e62299263ae7c8c4cfaa5e45d76a5db7175cd26c1a14a9e,9e9e025205f3c538158dff6154dfb9210878df023851d69060c08e0651978985,experiment_v1_4/results/p5_metadata_audit_20260924_01/returned/probes/seed1_trained_l3_u_full_D_iid.json,P8,frozen evaluation input
9bc2b6745e9303fa0e62299263ae7c8c4cfaa5e45d76a5db7175cd26c1a14a9e,388cb7478d4f5eb306f0c717f2c4a6a5f30cfc3a0163acaf40a1d0626d45a305,experiment_v1_4/results/p5_metadata_audit_20260924_01/returned/probes/seed1_trained_l3_u_full_current_iid.json,P8,frozen evaluation input
9bc2b6745e9303fa0e62299263ae7c8c4cfaa5e45d76a5db7175cd26c1a14a9e,0b3a1626060cec83f2fa6cc4be8cfac0a39d360cbe19fd94fcd9dea80104c192,experiment_v1_4/results/p5_metadata_audit_20260924_01/returned/probes/seed1_trained_l3_u_full_current_transfer.json,P8,frozen evaluation input
9bc2b6745e9303fa0e62299263ae7c8c4cfaa5e45d76a5db7175cd26c1a14a9e,aa4ff25b504470f12e7c10e8dca26ffec9335bf4cc9bb86bece78393d6938686,experiment_v1_4/results/p5_metadata_audit_20260924_01/returned/probes/seed1_trained_l3_u_full_previous_iid.json,P8,frozen evaluation input
9bc2b6745e9303fa0e62299263ae7c8c4cfaa5e45d76a5db7175cd26c1a14a9e,0c2b4ca5024d1db9d50bf1e7fcbf36092718a74a9a7c59788e74d1964d186551,experiment_v1_4/results/p5_metadata_audit_20260924_01/returned/probes/seed1_trained_l3_u_full_previous_transfer.json,P8,frozen evaluation input
9bc2b6745e9303fa0e62299263ae7c8c4cfaa5e45d76a5db7175cd26c1a14a9e,2286829afd6e75167d97924f6aee72dbb7ad27eda9c70163e6dd895cc04088f7,experiment_v1_4/results/p5_metadata_audit_20260924_01/returned/probes/seed1_trained_l3_u_full_query_iid.json,P8,frozen evaluation input
9bc2b6745e9303fa0e62299263ae7c8c4cfaa5e45d76a5db7175cd26c1a14a9e,665a80199b37a0cbbe42e6607b67b2fdd71b8aa6400fd2250a07425079026a3b,experiment_v1_4/results/p5_metadata_audit_20260924_01/returned/probes/seed1_trained_l3_u_full_state_iid.json,P8,frozen evaluation input
9bc2b6745e9303fa0e62299263ae7c8c4cfaa5e45d76a5db7175cd26c1a14a9e,c3bbceece9bfc670ef0a3d13e879ae8bb0aac6f115a9ab79c1aeeb9c09ced688,experiment_v1_4/results/p5_metadata_audit_20260924_01/returned/probes/seed1_trained_l7_m_full_A_iid.json,P8,frozen evaluation input
9bc2b6745e9303fa0e62299263ae7c8c4cfaa5e45d76a5db7175cd26c1a14a9e,8b164cbf7ebf8655cfdf6995bb43d47927e5542ee9773b3113295f074d712621,experiment_v1_4/results/p5_metadata_audit_20260924_01/returned/probes/seed1_trained_l7_m_full_B_iid.json,P8,frozen evaluation input
9bc2b6745e9303fa0e62299263ae7c8c4cfaa5e45d76a5db7175cd26c1a14a9e,91c1a106ed9a1aa5ad43c603eb7343e250cf0df534984fb5a7a4f2718a931712,experiment_v1_4/results/p5_metadata_audit_20260924_01/returned/probes/seed1_trained_l7_m_full_C_iid.json,P8,frozen evaluation input
9bc2b6745e9303fa0e62299263ae7c8c4cfaa5e45d76a5db7175cd26c1a14a9e,dd935fc8ebc6b69443f82c0f22eb1689ed090f565b214d720c982529ed5bc4a2,experiment_v1_4/results/p5_metadata_audit_20260924_01/returned/probes/seed1_trained_l7_m_full_D_iid.json,P8,frozen evaluation input
9bc2b6745e9303fa0e62299263ae7c8c4cfaa5e45d76a5db7175cd26c1a14a9e,7a27263844c8438908b348d72b0b049041e39120d5aa547eaea936ad700a7eed,experiment_v1_4/results/p5_metadata_audit_20260924_01/returned/probes/seed1_trained_l7_m_full_current_iid.json,P8,frozen evaluation input
9bc2b6745e9303fa0e62299263ae7c8c4cfaa5e45d76a5db7175cd26c1a14a9e,64fed8ae6cfadb87df5cd8ba6794d1a46e17ff6a57454f44a3bec54e100a2258,experiment_v1_4/results/p5_metadata_audit_20260924_01/returned/probes/seed1_trained_l7_m_full_current_transfer.json,P8,frozen evaluation input
9bc2b6745e9303fa0e62299263ae7c8c4cfaa5e45d76a5db7175cd26c1a14a9e,ab995c0f951f3b77b2312fb6c015956bee8e92ca73f3a1b2f86dd41be26c08f6,experiment_v1_4/results/p5_metadata_audit_20260924_01/returned/probes/seed1_trained_l7_m_full_previous_iid.json,P8,frozen evaluation input
9bc2b6745e9303fa0e62299263ae7c8c4cfaa5e45d76a5db7175cd26c1a14a9e,f1171c31b9cd56494a2955c843656627ddc1e6928dbfe9b7b4a35b709c00ee87,experiment_v1_4/results/p5_metadata_audit_20260924_01/returned/probes/seed1_trained_l7_m_full_previous_transfer.json,P8,frozen evaluation input
9bc2b6745e9303fa0e62299263ae7c8c4cfaa5e45d76a5db7175cd26c1a14a9e,4fbe8d74bf7ee0f502cb185251aa176c8f1dd542a8a4477ed02dd7407b918933,experiment_v1_4/results/p5_metadata_audit_20260924_01/returned/probes/seed1_trained_l7_m_full_query_iid.json,P8,frozen evaluation input
9bc2b6745e9303fa0e62299263ae7c8c4cfaa5e45d76a5db7175cd26c1a14a9e,2e64a6d07c3f77baaa39b9e0077cacc640bfbe12ee58818e50dbf6c3b8c2fc29,experiment_v1_4/results/p5_metadata_audit_20260924_01/returned/probes/seed1_trained_l7_m_full_state_iid.json,P8,frozen evaluation input
9bc2b6745e9303fa0e62299263ae7c8c4cfaa5e45d76a5db7175cd26c1a14a9e,5e721b01851b97441a672f253c2982311a21f5f3d7d85d5ef2ba6f3081cd0cf5,experiment_v1_4/results/p5_metadata_audit_20260924_01/returned/probes/seed1_trained_l7_u_full_A_iid.json,P8,frozen evaluation input
9bc2b6745e9303fa0e62299263ae7c8c4cfaa5e45d76a5db7175cd26c1a14a9e,b6fcc954b5c63d5f296312b6fbf8e58173e18fc8203865a87f0ad0f47df601c3,experiment_v1_4/results/p5_metadata_audit_20260924_01/returned/probes/seed1_trained_l7_u_full_B_iid.json,P8,frozen evaluation input
9bc2b6745e9303fa0e62299263ae7c8c4cfaa5e45d76a5db7175cd26c1a14a9e,c281941aa9db1275cd8bffc037b918a6e6cb9ffcba0e9e109d7819d3b1f2b807,experiment_v1_4/results/p5_metadata_audit_20260924_01/returned/probes/seed1_trained_l7_u_full_C_iid.json,P8,frozen evaluation input
9bc2b6745e9303fa0e62299263ae7c8c4cfaa5e45d76a5db7175cd26c1a14a9e,5d1ee5cf72c5ce3774ee0b67b2da733765a36e5979095be352d67383a9d1d2d5,experiment_v1_4/results/p5_metadata_audit_20260924_01/returned/probes/seed1_trained_l7_u_full_D_iid.json,P8,frozen evaluation input
9bc2b6745e9303fa0e62299263ae7c8c4cfaa5e45d76a5db7175cd26c1a14a9e,31a143e8b2f6d3e3a712174a0c4bc5cdf88038299aaf66c28f81015d2c42ffe2,experiment_v1_4/results/p5_metadata_audit_20260924_01/returned/probes/seed1_trained_l7_u_full_current_iid.json,P8,frozen evaluation input
9bc2b6745e9303fa0e62299263ae7c8c4cfaa5e45d76a5db7175cd26c1a14a9e,220feb6a5256a3860b776300800317152795874305e678f3a7cecf3e924eebc0,experiment_v1_4/results/p5_metadata_audit_20260924_01/returned/probes/seed1_trained_l7_u_full_current_transfer.json,P8,frozen evaluation input
9bc2b6745e9303fa0e62299263ae7c8c4cfaa5e45d76a5db7175cd26c1a14a9e,a66d045787263081689c90ca73201ee0948e53e832376155dd1c47ce90d06dbd,experiment_v1_4/results/p5_metadata_audit_20260924_01/returned/probes/seed1_trained_l7_u_full_previous_iid.json,P8,frozen evaluation input
9bc2b6745e9303fa0e62299263ae7c8c4cfaa5e45d76a5db7175cd26c1a14a9e,9a548623b9a9d46877986dd0b9e13e703383be3f9adb55bca3a8b455f039566c,experiment_v1_4/results/p5_metadata_audit_20260924_01/returned/probes/seed1_trained_l7_u_full_previous_transfer.json,P8,frozen evaluation input
9bc2b6745e9303fa0e62299263ae7c8c4cfaa5e45d76a5db7175cd26c1a14a9e,8ca6c752f230a003f6e5eff8cc481de03f23b1831857353f0e2a6701edf39090,experiment_v1_4/results/p5_metadata_audit_20260924_01/returned/probes/seed1_trained_l7_u_full_query_iid.json,P8,frozen evaluation input
9bc2b6745e9303fa0e62299263ae7c8c4cfaa5e45d76a5db7175cd26c1a14a9e,d900ab8489f777b4a3806881ae748a075c729126aca4ab50570734ed1071ec63,experiment_v1_4/results/p5_metadata_audit_20260924_01/returned/probes/seed1_trained_l7_u_full_state_iid.json,P8,frozen evaluation input
9bc2b6745e9303fa0e62299263ae7c8c4cfaa5e45d76a5db7175cd26c1a14a9e,6328a82c0c1246ddc6e5b3ee4d2581f62f9f737e767ceac95e533f4a4e88d610,experiment_v1_4/results/p5_metadata_audit_20260924_01/returned/probes/seed2_trained_l0_m_coordinate_128_A_iid.json,P8,frozen evaluation input
9bc2b6745e9303fa0e62299263ae7c8c4cfaa5e45d76a5db7175cd26c1a14a9e,e4dc737e616785b15053b988807495cf01f039d6193e6ab0111e1f33f33dd4ff,experiment_v1_4/results/p5_metadata_audit_20260924_01/returned/probes/seed2_trained_l0_m_coordinate_128_B_iid.json,P8,frozen evaluation input
9bc2b6745e9303fa0e62299263ae7c8c4cfaa5e45d76a5db7175cd26c1a14a9e,420195f806e51450fb426baafe52487eb907878329c592af675325cf4bcf658f,experiment_v1_4/results/p5_metadata_audit_20260924_01/returned/probes/seed2_trained_l0_m_coordinate_128_C_iid.json,P8,frozen evaluation input
9bc2b6745e9303fa0e62299263ae7c8c4cfaa5e45d76a5db7175cd26c1a14a9e,14edd0bcb09e76957bcbabed5c0823a5a3e9d9208dc6e742364cc337d5e00151,experiment_v1_4/results/p5_metadata_audit_20260924_01/returned/probes/seed2_trained_l0_m_coordinate_128_D_iid.json,P8,frozen evaluation input
9bc2b6745e9303fa0e62299263ae7c8c4cfaa5e45d76a5db7175cd26c1a14a9e,1f81a205132ceca2b5f93f97862d77e1a37679e4956eece44e27de25217384b2,experiment_v1_4/results/p5_metadata_audit_20260924_01/returned/probes/seed2_trained_l0_m_coordinate_128_current_iid.json,P8,frozen evaluation input
9bc2b6745e9303fa0e62299263ae7c8c4cfaa5e45d76a5db7175cd26c1a14a9e,f9122f7d7426577570ff89d1ed191d5bc706460636fac4fefefe24c4d3b03f8a,experiment_v1_4/results/p5_metadata_audit_20260924_01/returned/probes/seed2_trained_l0_m_coordinate_128_current_transfer.json,P8,frozen evaluation input
9bc2b6745e9303fa0e62299263ae7c8c4cfaa5e45d76a5db7175cd26c1a14a9e,be1648050ebef1b1502f3e5aec30e47c4a1f7824b5df555c1447a6062ed4aa5a,experiment_v1_4/results/p5_metadata_audit_20260924_01/returned/probes/seed2_trained_l0_m_coordinate_128_previous_iid.json,P8,frozen evaluation input
9bc2b6745e9303fa0e62299263ae7c8c4cfaa5e45d76a5db7175cd26c1a14a9e,6bcbc7c4d7b56eef124eeb4f73f1a0ddfa66f07259b5f671ae8e837bf950c884,experiment_v1_4/results/p5_metadata_audit_20260924_01/returned/probes/seed2_trained_l0_m_coordinate_128_previous_transfer.json,P8,frozen evaluation input
9bc2b6745e9303fa0e62299263ae7c8c4cfaa5e45d76a5db7175cd26c1a14a9e,f3452585fd728cb731e52b78d489251f9417d648ca94a4560accbfd493715ef8,experiment_v1_4/results/p5_metadata_audit_20260924_01/returned/probes/seed2_trained_l0_m_coordinate_128_query_iid.json,P8,frozen evaluation input
9bc2b6745e9303fa0e62299263ae7c8c4cfaa5e45d76a5db7175cd26c1a14a9e,531421e62294345c3e88650d09ab0a7798a26bb05447313da8190944e926689e,experiment_v1_4/results/p5_metadata_audit_20260924_01/returned/probes/seed2_trained_l0_m_coordinate_128_state_iid.json,P8,frozen evaluation input
9bc2b6745e9303fa0e62299263ae7c8c4cfaa5e45d76a5db7175cd26c1a14a9e,3dc74b645452fe5d1f586a97ab25a2fe1a4acb75a7bd6f1da4a96a0a934fc53d,experiment_v1_4/results/p5_metadata_audit_20260924_01/returned/probes/seed2_trained_l0_m_coordinate_A_iid.json,P8,frozen evaluation input
9bc2b6745e9303fa0e62299263ae7c8c4cfaa5e45d76a5db7175cd26c1a14a9e,bf5c4cd3d9cb83aa3e034d96d87a77354bfaffc74751b459d8e81d3d05aa423c,experiment_v1_4/results/p5_metadata_audit_20260924_01/returned/probes/seed2_trained_l0_m_coordinate_B_iid.json,P8,frozen evaluation input
9bc2b6745e9303fa0e62299263ae7c8c4cfaa5e45d76a5db7175cd26c1a14a9e,cbc0dba47a32e8c6707ceb5a0b69a250a017e97b4bba45e519e643d87078edc0,experiment_v1_4/results/p5_metadata_audit_20260924_01/returned/probes/seed2_trained_l0_m_coordinate_C_iid.json,P8,frozen evaluation input
9bc2b6745e9303fa0e62299263ae7c8c4cfaa5e45d76a5db7175cd26c1a14a9e,a5f7a6622ad67b15a47558582e9ff15d85bd497c8bbf8bceb94809de4e3ec12f,experiment_v1_4/results/p5_metadata_audit_20260924_01/returned/probes/seed2_trained_l0_m_coordinate_D_iid.json,P8,frozen evaluation input
9bc2b6745e9303fa0e62299263ae7c8c4cfaa5e45d76a5db7175cd26c1a14a9e,6c913a37da9e46fdd5030b003955ed6542d6bf67d1cdfb83f14696341c9a2207,experiment_v1_4/results/p5_metadata_audit_20260924_01/returned/probes/seed2_trained_l0_m_coordinate_current_iid.json,P8,frozen evaluation input
9bc2b6745e9303fa0e62299263ae7c8c4cfaa5e45d76a5db7175cd26c1a14a9e,7edd151f27f53dbe4a9764db6caa2f18988c48a47e71f6697c5831d8182e794c,experiment_v1_4/results/p5_metadata_audit_20260924_01/returned/probes/seed2_trained_l0_m_coordinate_current_transfer.json,P8,frozen evaluation input
9bc2b6745e9303fa0e62299263ae7c8c4cfaa5e45d76a5db7175cd26c1a14a9e,fbbf82a01f6ff6b47bb000ae72a55bfa816415952899b1e61ad594668915f0b5,experiment_v1_4/results/p5_metadata_audit_20260924_01/returned/probes/seed2_trained_l0_m_coordinate_previous_iid.json,P8,frozen evaluation input
9bc2b6745e9303fa0e62299263ae7c8c4cfaa5e45d76a5db7175cd26c1a14a9e,7fd00ecd37e6546444be6ca1a7f152f2a5be1d3665bc55b3c96f312ecc8067ee,experiment_v1_4/results/p5_metadata_audit_20260924_01/returned/probes/seed2_trained_l0_m_coordinate_previous_transfer.json,P8,frozen evaluation input
9bc2b6745e9303fa0e62299263ae7c8c4cfaa5e45d76a5db7175cd26c1a14a9e,7f578a7df7ea640c421f252d4415d2f1acbe0c5bbd7aa5cdbfb666433960b2ca,experiment_v1_4/results/p5_metadata_audit_20260924_01/returned/probes/seed2_trained_l0_m_coordinate_query_iid.json,P8,frozen evaluation input
9bc2b6745e9303fa0e62299263ae7c8c4cfaa5e45d76a5db7175cd26c1a14a9e,5c925a717bb0b78a69802d78fa6ed9c00f0b7b15efeaad9f4eb3bf8580fd4126,experiment_v1_4/results/p5_metadata_audit_20260924_01/returned/probes/seed2_trained_l0_m_coordinate_state_iid.json,P8,frozen evaluation input
9bc2b6745e9303fa0e62299263ae7c8c4cfaa5e45d76a5db7175cd26c1a14a9e,0686821686cfbfffd53e4501e821638060b71622ff85cd1ed038f9557799b64f,experiment_v1_4/results/p5_metadata_audit_20260924_01/returned/probes/seed2_trained_l0_m_full_A_iid.json,P8,frozen evaluation input
9bc2b6745e9303fa0e62299263ae7c8c4cfaa5e45d76a5db7175cd26c1a14a9e,e5db89cef9ed5539162ddcf456683307271fb1013fc7fa0c7b9705efd0988cd9,experiment_v1_4/results/p5_metadata_audit_20260924_01/returned/probes/seed2_trained_l0_m_full_B_iid.json,P8,frozen evaluation input
9bc2b6745e9303fa0e62299263ae7c8c4cfaa5e45d76a5db7175cd26c1a14a9e,62efde391d3e4c99d8a3555f5bc4b1dd7b698009dede9117a5d723301c0df66e,experiment_v1_4/results/p5_metadata_audit_20260924_01/returned/probes/seed2_trained_l0_m_full_C_iid.json,P8,frozen evaluation input
9bc2b6745e9303fa0e62299263ae7c8c4cfaa5e45d76a5db7175cd26c1a14a9e,69c0f3ca8d191608f8f31cd11ba06dc48697a9d0910ef4bb10e25b0f3542b9d9,experiment_v1_4/results/p5_metadata_audit_20260924_01/returned/probes/seed2_trained_l0_m_full_D_iid.json,P8,frozen evaluation input
9bc2b6745e9303fa0e62299263ae7c8c4cfaa5e45d76a5db7175cd26c1a14a9e,da8ec6086a18612dd9b0b7f5d4f2ebb34546029be492e1f9677e0b01f4cec1ee,experiment_v1_4/results/p5_metadata_audit_20260924_01/returned/probes/seed2_trained_l0_m_full_current_iid.json,P8,frozen evaluation input
9bc2b6745e9303fa0e62299263ae7c8c4cfaa5e45d76a5db7175cd26c1a14a9e,555b422afd88d40e0e19820e0e45857bf05b0b707007fb9e4ea713d6a0e0c10b,experiment_v1_4/results/p5_metadata_audit_20260924_01/returned/probes/seed2_trained_l0_m_full_current_transfer.json,P8,frozen evaluation input
9bc2b6745e9303fa0e62299263ae7c8c4cfaa5e45d76a5db7175cd26c1a14a9e,5563dfb2fa97e3228d1bfe0483dc97d9b60f34d5f5234d401b4dc9e9b01ac4a2,experiment_v1_4/results/p5_metadata_audit_20260924_01/returned/probes/seed2_trained_l0_m_full_previous_iid.json,P8,frozen evaluation input
9bc2b6745e9303fa0e62299263ae7c8c4cfaa5e45d76a5db7175cd26c1a14a9e,58ef00ac64f0bf59d87c3f104c9bc969f889164fa36c134c280fc10d63253d33,experiment_v1_4/results/p5_metadata_audit_20260924_01/returned/probes/seed2_trained_l0_m_full_previous_transfer.json,P8,frozen evaluation input
9bc2b6745e9303fa0e62299263ae7c8c4cfaa5e45d76a5db7175cd26c1a14a9e,41ed3a9715ddec63cb0c2cab656e6c094a42f621414e56e028e49d268211f261,experiment_v1_4/results/p5_metadata_audit_20260924_01/returned/probes/seed2_trained_l0_m_full_query_iid.json,P8,frozen evaluation input
9bc2b6745e9303fa0e62299263ae7c8c4cfaa5e45d76a5db7175cd26c1a14a9e,e0a48dea236e73565e27885688121af3796b4186a7b70f3ef6164e0c0a8bc287,experiment_v1_4/results/p5_metadata_audit_20260924_01/returned/probes/seed2_trained_l0_m_full_state_iid.json,P8,frozen evaluation input
9bc2b6745e9303fa0e62299263ae7c8c4cfaa5e45d76a5db7175cd26c1a14a9e,44936e299b4458823cadbf8e4fc1e50776e7827714110bb1ee4abe9a449ed886,experiment_v1_4/results/p5_metadata_audit_20260924_01/returned/probes/seed2_trained_l0_m_random_128_A_iid.json,P8,frozen evaluation input
9bc2b6745e9303fa0e62299263ae7c8c4cfaa5e45d76a5db7175cd26c1a14a9e,5fa24b14aed4a6330e1193ccf7c78782656b009685598ca2b2df17945b0a427a,experiment_v1_4/results/p5_metadata_audit_20260924_01/returned/probes/seed2_trained_l0_m_random_128_B_iid.json,P8,frozen evaluation input
9bc2b6745e9303fa0e62299263ae7c8c4cfaa5e45d76a5db7175cd26c1a14a9e,77a221a4c2798be15fd1f9bbedf8da23e3a28416fed5026de999b6da92c928ac,experiment_v1_4/results/p5_metadata_audit_20260924_01/returned/probes/seed2_trained_l0_m_random_128_C_iid.json,P8,frozen evaluation input
9bc2b6745e9303fa0e62299263ae7c8c4cfaa5e45d76a5db7175cd26c1a14a9e,c61efef9c0183a3ccf076be6e98e6ccc66118da7f445c6f6404a5063d3fbf0ae,experiment_v1_4/results/p5_metadata_audit_20260924_01/returned/probes/seed2_trained_l0_m_random_128_D_iid.json,P8,frozen evaluation input
9bc2b6745e9303fa0e62299263ae7c8c4cfaa5e45d76a5db7175cd26c1a14a9e,cdfc3f49565925b476c86a09c5a06c82b84324d16cc2f15e107f0a1025804227,experiment_v1_4/results/p5_metadata_audit_20260924_01/returned/probes/seed2_trained_l0_m_random_128_current_iid.json,P8,frozen evaluation input
9bc2b6745e9303fa0e62299263ae7c8c4cfaa5e45d76a5db7175cd26c1a14a9e,e833edfc9ab67824971e8c1d27292a315fcdc9ac3752350c763b5166d1a33abd,experiment_v1_4/results/p5_metadata_audit_20260924_01/returned/probes/seed2_trained_l0_m_random_128_current_transfer.json,P8,frozen evaluation input
9bc2b6745e9303fa0e62299263ae7c8c4cfaa5e45d76a5db7175cd26c1a14a9e,7ead595eb29367ee9c3f9250ffaf3861ff1f85a0adca85fc9f604e0f6ad2c4c6,experiment_v1_4/results/p5_metadata_audit_20260924_01/returned/probes/seed2_trained_l0_m_random_128_previous_iid.json,P8,frozen evaluation input
9bc2b6745e9303fa0e62299263ae7c8c4cfaa5e45d76a5db7175cd26c1a14a9e,5a0e901adb5ff45e4696e55e8f6c8eae66daf4bd31866adc1678f59e2c1cf2de,experiment_v1_4/results/p5_metadata_audit_20260924_01/returned/probes/seed2_trained_l0_m_random_128_previous_transfer.json,P8,frozen evaluation input
9bc2b6745e9303fa0e62299263ae7c8c4cfaa5e45d76a5db7175cd26c1a14a9e,b50c455a9251d1d857f130215cdb5d3d6950f81bb738f45280f7ff28ae117f36,experiment_v1_4/results/p5_metadata_audit_20260924_01/returned/probes/seed2_trained_l0_m_random_128_query_iid.json,P8,frozen evaluation input
9bc2b6745e9303fa0e62299263ae7c8c4cfaa5e45d76a5db7175cd26c1a14a9e,c7720a783ca947342c1f706d3db4ac3ac1848247ca0e0fc95eab392d80b3f0f6,experiment_v1_4/results/p5_metadata_audit_20260924_01/returned/probes/seed2_trained_l0_m_random_128_state_iid.json,P8,frozen evaluation input
9bc2b6745e9303fa0e62299263ae7c8c4cfaa5e45d76a5db7175cd26c1a14a9e,07e60d6218839f6e828288f909cee814dc9038c4c40f63cb74643abfe4cf7eac,experiment_v1_4/results/p5_metadata_audit_20260924_01/returned/probes/seed2_trained_l0_m_random_A_iid.json,P8,frozen evaluation input
9bc2b6745e9303fa0e62299263ae7c8c4cfaa5e45d76a5db7175cd26c1a14a9e,90a27091aab6d2c8483091ad76647aa10bf897e33007608f6d96730d079fb67b,experiment_v1_4/results/p5_metadata_audit_20260924_01/returned/probes/seed2_trained_l0_m_random_B_iid.json,P8,frozen evaluation input
9bc2b6745e9303fa0e62299263ae7c8c4cfaa5e45d76a5db7175cd26c1a14a9e,4b4539d44d4aeddeb63b46ca45999b90a226f4e6bc36144ace0b5e41a1187eb7,experiment_v1_4/results/p5_metadata_audit_20260924_01/returned/probes/seed2_trained_l0_m_random_C_iid.json,P8,frozen evaluation input
9bc2b6745e9303fa0e62299263ae7c8c4cfaa5e45d76a5db7175cd26c1a14a9e,ccb5e62efe767a491183949feb43c5abc9195ba32773be6e6f9b4fd12b87f9b9,experiment_v1_4/results/p5_metadata_audit_20260924_01/returned/probes/seed2_trained_l0_m_random_D_iid.json,P8,frozen evaluation input
9bc2b6745e9303fa0e62299263ae7c8c4cfaa5e45d76a5db7175cd26c1a14a9e,adb2121dad856f030aed85da3a8107656c7b868211420da0271378e6f2031373,experiment_v1_4/results/p5_metadata_audit_20260924_01/returned/probes/seed2_trained_l0_m_random_current_iid.json,P8,frozen evaluation input
9bc2b6745e9303fa0e62299263ae7c8c4cfaa5e45d76a5db7175cd26c1a14a9e,3d8c8cef00d963a6d90ffd9a60b1a8db427b92bc58b1f7c768a64709b5c5f3fe,experiment_v1_4/results/p5_metadata_audit_20260924_01/returned/probes/seed2_trained_l0_m_random_current_transfer.json,P8,frozen evaluation input
9bc2b6745e9303fa0e62299263ae7c8c4cfaa5e45d76a5db7175cd26c1a14a9e,c61e694a68d31dc5b3fb60e5b8aa71ad354ab9387b37938af687da20317cb6ba,experiment_v1_4/results/p5_metadata_audit_20260924_01/returned/probes/seed2_trained_l0_m_random_previous_iid.json,P8,frozen evaluation input
9bc2b6745e9303fa0e62299263ae7c8c4cfaa5e45d76a5db7175cd26c1a14a9e,879e3ffa0457a8768aa2635305d312f1c16231113a203386192a171e97a7414d,experiment_v1_4/results/p5_metadata_audit_20260924_01/returned/probes/seed2_trained_l0_m_random_previous_transfer.json,P8,frozen evaluation input
9bc2b6745e9303fa0e62299263ae7c8c4cfaa5e45d76a5db7175cd26c1a14a9e,09d5b86e0df033c28955025009ac457ee003cea0b3b7efa56069d31624f41e5f,experiment_v1_4/results/p5_metadata_audit_20260924_01/returned/probes/seed2_trained_l0_m_random_query_iid.json,P8,frozen evaluation input
9bc2b6745e9303fa0e62299263ae7c8c4cfaa5e45d76a5db7175cd26c1a14a9e,e57ce873f13127823e6576b34593353da5ffa3c9202bb6e75defa1dda7cf20ca,experiment_v1_4/results/p5_metadata_audit_20260924_01/returned/probes/seed2_trained_l0_m_random_state_iid.json,P8,frozen evaluation input
9bc2b6745e9303fa0e62299263ae7c8c4cfaa5e45d76a5db7175cd26c1a14a9e,cac4fe1909fb4337535bf4f9d9bb0fa7c49e0ca7cb1b3f432075a9cbea14c045,experiment_v1_4/results/p5_metadata_audit_20260924_01/returned/probes/seed2_trained_l0_u_full_A_iid.json,P8,frozen evaluation input
9bc2b6745e9303fa0e62299263ae7c8c4cfaa5e45d76a5db7175cd26c1a14a9e,04ed6ef6b819751ef409fd08c56e39cf4d5ce72e72f2eb5bb847b320d563b3cc,experiment_v1_4/results/p5_metadata_audit_20260924_01/returned/probes/seed2_trained_l0_u_full_B_iid.json,P8,frozen evaluation input
9bc2b6745e9303fa0e62299263ae7c8c4cfaa5e45d76a5db7175cd26c1a14a9e,36194a2998fdc1a4244368770e3c8edf268753ed5e3c45a221776246e1006d7f,experiment_v1_4/results/p5_metadata_audit_20260924_01/returned/probes/seed2_trained_l0_u_full_C_iid.json,P8,frozen evaluation input
9bc2b6745e9303fa0e62299263ae7c8c4cfaa5e45d76a5db7175cd26c1a14a9e,f5c81279818dbef18e5fcaee9e9df83365f5469372088e9191c31d2f0e5c658b,experiment_v1_4/results/p5_metadata_audit_20260924_01/returned/probes/seed2_trained_l0_u_full_D_iid.json,P8,frozen evaluation input
9bc2b6745e9303fa0e62299263ae7c8c4cfaa5e45d76a5db7175cd26c1a14a9e,7493c94006d8824377590df6224f3f5eadecf2cd1e184d0d2f8d29c323615128,experiment_v1_4/results/p5_metadata_audit_20260924_01/returned/probes/seed2_trained_l0_u_full_current_iid.json,P8,frozen evaluation input
9bc2b6745e9303fa0e62299263ae7c8c4cfaa5e45d76a5db7175cd26c1a14a9e,431052fab875556af5c1b037b9ee207d8b988d72022f739af2793fdcd62214e9,experiment_v1_4/results/p5_metadata_audit_20260924_01/returned/probes/seed2_trained_l0_u_full_current_transfer.json,P8,frozen evaluation input
9bc2b6745e9303fa0e62299263ae7c8c4cfaa5e45d76a5db7175cd26c1a14a9e,f75c6ad4ce9deedcec9dd30936da6037b64a89cdf328685d54afde12b67e6a0f,experiment_v1_4/results/p5_metadata_audit_20260924_01/returned/probes/seed2_trained_l0_u_full_previous_iid.json,P8,frozen evaluation input
9bc2b6745e9303fa0e62299263ae7c8c4cfaa5e45d76a5db7175cd26c1a14a9e,4ce3c848f5265a5c0ced8570dfbbc5b03c42cbfaf9fb36500b3ec2ae7749e718,experiment_v1_4/results/p5_metadata_audit_20260924_01/returned/probes/seed2_trained_l0_u_full_previous_transfer.json,P8,frozen evaluation input
9bc2b6745e9303fa0e62299263ae7c8c4cfaa5e45d76a5db7175cd26c1a14a9e,fdcb8743daa12c145df592219ee11aed83e6a9eaf9cce6f48a93244b9a4be3d0,experiment_v1_4/results/p5_metadata_audit_20260924_01/returned/probes/seed2_trained_l0_u_full_query_iid.json,P8,frozen evaluation input
9bc2b6745e9303fa0e62299263ae7c8c4cfaa5e45d76a5db7175cd26c1a14a9e,1591f7d3d1a702c2ac66d8858a24083a846cd8ce4431d1e1188dbdbb800f9861,experiment_v1_4/results/p5_metadata_audit_20260924_01/returned/probes/seed2_trained_l0_u_full_state_iid.json,P8,frozen evaluation input
9bc2b6745e9303fa0e62299263ae7c8c4cfaa5e45d76a5db7175cd26c1a14a9e,9681b46ed24d257a1cfb3f3bd3c55460000efe4a48b7ac89488bd6b73a323662,experiment_v1_4/results/p5_metadata_audit_20260924_01/returned/probes/seed2_trained_l11_m_full_A_iid.json,P8,frozen evaluation input
9bc2b6745e9303fa0e62299263ae7c8c4cfaa5e45d76a5db7175cd26c1a14a9e,49a4882d5640e30acae7f3174b1e950c105af39da0a26a3d889a90727e16b47b,experiment_v1_4/results/p5_metadata_audit_20260924_01/returned/probes/seed2_trained_l11_m_full_B_iid.json,P8,frozen evaluation input
9bc2b6745e9303fa0e62299263ae7c8c4cfaa5e45d76a5db7175cd26c1a14a9e,d29b1893f6a3cd875b5b7088826ac492fe927b0bedecfa7c5a7e4dd869233d36,experiment_v1_4/results/p5_metadata_audit_20260924_01/returned/probes/seed2_trained_l11_m_full_C_iid.json,P8,frozen evaluation input
9bc2b6745e9303fa0e62299263ae7c8c4cfaa5e45d76a5db7175cd26c1a14a9e,a78ef2afea5d5ca240f989cc345718286cf38119e3d638350cf3794f69947d69,experiment_v1_4/results/p5_metadata_audit_20260924_01/returned/probes/seed2_trained_l11_m_full_D_iid.json,P8,frozen evaluation input
9bc2b6745e9303fa0e62299263ae7c8c4cfaa5e45d76a5db7175cd26c1a14a9e,496b1aa666f6734b8446df6b193d02414f9d7470b4df3f1f429e8ee35a11bf18,experiment_v1_4/results/p5_metadata_audit_20260924_01/returned/probes/seed2_trained_l11_m_full_current_iid.json,P8,frozen evaluation input
9bc2b6745e9303fa0e62299263ae7c8c4cfaa5e45d76a5db7175cd26c1a14a9e,7e103d17009516338423bf5dba7e0c6575f099b744ec4b249abc240768fa8e7d,experiment_v1_4/results/p5_metadata_audit_20260924_01/returned/probes/seed2_trained_l11_m_full_current_transfer.json,P8,frozen evaluation input
9bc2b6745e9303fa0e62299263ae7c8c4cfaa5e45d76a5db7175cd26c1a14a9e,2753343f8520de681bb05bf80e1cfe148636a6dcda8f1240d2872338ff4da216,experiment_v1_4/results/p5_metadata_audit_20260924_01/returned/probes/seed2_trained_l11_m_full_previous_iid.json,P8,frozen evaluation input
9bc2b6745e9303fa0e62299263ae7c8c4cfaa5e45d76a5db7175cd26c1a14a9e,3fff5ef3d22279ef97b32f61a9685e977644812445847ea5d271675eb4bf9fb7,experiment_v1_4/results/p5_metadata_audit_20260924_01/returned/probes/seed2_trained_l11_m_full_previous_transfer.json,P8,frozen evaluation input
9bc2b6745e9303fa0e62299263ae7c8c4cfaa5e45d76a5db7175cd26c1a14a9e,272ee24fe9e875dbaa5f149240a3d541acc4e49d4659a6bd7a52a7e2e9310b63,experiment_v1_4/results/p5_metadata_audit_20260924_01/returned/probes/seed2_trained_l11_m_full_query_iid.json,P8,frozen evaluation input
9bc2b6745e9303fa0e62299263ae7c8c4cfaa5e45d76a5db7175cd26c1a14a9e,b50bc7c80abc0501abbf968528dbdd5865271bd215ab81b3bf9350be8463ea3d,experiment_v1_4/results/p5_metadata_audit_20260924_01/returned/probes/seed2_trained_l11_m_full_state_iid.json,P8,frozen evaluation input
9bc2b6745e9303fa0e62299263ae7c8c4cfaa5e45d76a5db7175cd26c1a14a9e,7e5a77edcb1df1972262ea09e7ae0a84c3b7add633dd33b28aacf3d5d09f2225,experiment_v1_4/results/p5_metadata_audit_20260924_01/returned/probes/seed2_trained_l11_u_full_A_iid.json,P8,frozen evaluation input
9bc2b6745e9303fa0e62299263ae7c8c4cfaa5e45d76a5db7175cd26c1a14a9e,627e47bd5b6f0236bfbf2147d45aca392d6a5444e1f8da9847d6103009e5571a,experiment_v1_4/results/p5_metadata_audit_20260924_01/returned/probes/seed2_trained_l11_u_full_B_iid.json,P8,frozen evaluation input
9bc2b6745e9303fa0e62299263ae7c8c4cfaa5e45d76a5db7175cd26c1a14a9e,80896f58a3a01fce8dadd65cd174e4eaa9b6f1abbc0c0db84b6ccbda71e6ac78,experiment_v1_4/results/p5_metadata_audit_20260924_01/returned/probes/seed2_trained_l11_u_full_C_iid.json,P8,frozen evaluation input
9bc2b6745e9303fa0e62299263ae7c8c4cfaa5e45d76a5db7175cd26c1a14a9e,a7c7a8998df75e9ffc5ee8fcf703ea9fb4e9c9c4a9f7cea47c0b6d070d58cdcb,experiment_v1_4/results/p5_metadata_audit_20260924_01/returned/probes/seed2_trained_l11_u_full_D_iid.json,P8,frozen evaluation input
9bc2b6745e9303fa0e62299263ae7c8c4cfaa5e45d76a5db7175cd26c1a14a9e,b22ee0badf7a45561b8b7fb5bc641dde882e747704757c58de2552fd2337a1eb,experiment_v1_4/results/p5_metadata_audit_20260924_01/returned/probes/seed2_trained_l11_u_full_current_iid.json,P8,frozen evaluation input
9bc2b6745e9303fa0e62299263ae7c8c4cfaa5e45d76a5db7175cd26c1a14a9e,f7b372acd5dc4c1ecb830db808cbe56ef707d9da5d067ad43e937e237c7256dc,experiment_v1_4/results/p5_metadata_audit_20260924_01/returned/probes/seed2_trained_l11_u_full_current_transfer.json,P8,frozen evaluation input
9bc2b6745e9303fa0e62299263ae7c8c4cfaa5e45d76a5db7175cd26c1a14a9e,eb83b3295870fe610f3cb7ccc2ae316e7cb263dd2521a8b7cfd773f9d6a0a508,experiment_v1_4/results/p5_metadata_audit_20260924_01/returned/probes/seed2_trained_l11_u_full_previous_iid.json,P8,frozen evaluation input
9bc2b6745e9303fa0e62299263ae7c8c4cfaa5e45d76a5db7175cd26c1a14a9e,0415fbdfb3dc85a419802638285d5436d003bb2306a6b1f4497213bd307b46db,experiment_v1_4/results/p5_metadata_audit_20260924_01/returned/probes/seed2_trained_l11_u_full_previous_transfer.json,P8,frozen evaluation input
9bc2b6745e9303fa0e62299263ae7c8c4cfaa5e45d76a5db7175cd26c1a14a9e,ea97043918efd6df8a0c63214676b89b3cc208abd338d1c7b2a3e1d1f58a2f1d,experiment_v1_4/results/p5_metadata_audit_20260924_01/returned/probes/seed2_trained_l11_u_full_query_iid.json,P8,frozen evaluation input
9bc2b6745e9303fa0e62299263ae7c8c4cfaa5e45d76a5db7175cd26c1a14a9e,abb60828b979aee49f09d4e9f400d9ef1321cfda50d22fce15674da71958b307,experiment_v1_4/results/p5_metadata_audit_20260924_01/returned/probes/seed2_trained_l11_u_full_state_iid.json,P8,frozen evaluation input
9bc2b6745e9303fa0e62299263ae7c8c4cfaa5e45d76a5db7175cd26c1a14a9e,1ed49ad1609e65a9e4f80bd63b9899b66ec6f43616099d41eab63cd8c27fb3c4,experiment_v1_4/results/p5_metadata_audit_20260924_01/returned/probes/seed2_trained_l3_m_full_A_iid.json,P8,frozen evaluation input
9bc2b6745e9303fa0e62299263ae7c8c4cfaa5e45d76a5db7175cd26c1a14a9e,73dffff720963a5acf84731f648c90ff7b8618d1e8d2c665545de8714b1f5135,experiment_v1_4/results/p5_metadata_audit_20260924_01/returned/probes/seed2_trained_l3_m_full_B_iid.json,P8,frozen evaluation input
9bc2b6745e9303fa0e62299263ae7c8c4cfaa5e45d76a5db7175cd26c1a14a9e,12ed3f8b893e4e144b813ef25af8cf13add2d5bd2fb9fd822de9b341032a79c9,experiment_v1_4/results/p5_metadata_audit_20260924_01/returned/probes/seed2_trained_l3_m_full_C_iid.json,P8,frozen evaluation input
9bc2b6745e9303fa0e62299263ae7c8c4cfaa5e45d76a5db7175cd26c1a14a9e,18b55b5e75d1f42d0ae99e7b21e91f764d778452101fc034dcdeead81484552d,experiment_v1_4/results/p5_metadata_audit_20260924_01/returned/probes/seed2_trained_l3_m_full_D_iid.json,P8,frozen evaluation input
9bc2b6745e9303fa0e62299263ae7c8c4cfaa5e45d76a5db7175cd26c1a14a9e,0e313c327841e4f35e2862a6b933e0eb4f1216467b83cd9acbe875351e783eab,experiment_v1_4/results/p5_metadata_audit_20260924_01/returned/probes/seed2_trained_l3_m_full_current_iid.json,P8,frozen evaluation input
9bc2b6745e9303fa0e62299263ae7c8c4cfaa5e45d76a5db7175cd26c1a14a9e,90303518d894e458721397280aada2523e24bd185ed09072065a2236642569aa,experiment_v1_4/results/p5_metadata_audit_20260924_01/returned/probes/seed2_trained_l3_m_full_current_transfer.json,P8,frozen evaluation input
9bc2b6745e9303fa0e62299263ae7c8c4cfaa5e45d76a5db7175cd26c1a14a9e,adb3e4f9201f00ea634324086ef6d360169e40e7088995eda28b058dd0bd0c08,experiment_v1_4/results/p5_metadata_audit_20260924_01/returned/probes/seed2_trained_l3_m_full_previous_iid.json,P8,frozen evaluation input
9bc2b6745e9303fa0e62299263ae7c8c4cfaa5e45d76a5db7175cd26c1a14a9e,7832049c4f3943ebbc5196742fcb5fc102226df4de2460545c3a9220dc19f9f9,experiment_v1_4/results/p5_metadata_audit_20260924_01/returned/probes/seed2_trained_l3_m_full_previous_transfer.json,P8,frozen evaluation input
9bc2b6745e9303fa0e62299263ae7c8c4cfaa5e45d76a5db7175cd26c1a14a9e,a62de899a371abf765cbb7df7088082942193d5394d7cb75737c6d14590abeec,experiment_v1_4/results/p5_metadata_audit_20260924_01/returned/probes/seed2_trained_l3_m_full_query_iid.json,P8,frozen evaluation input
9bc2b6745e9303fa0e62299263ae7c8c4cfaa5e45d76a5db7175cd26c1a14a9e,7bf4a7471080b629293177cc019c8557d8b7dc9af8a58b131e236b5b254e57e5,experiment_v1_4/results/p5_metadata_audit_20260924_01/returned/probes/seed2_trained_l3_m_full_state_iid.json,P8,frozen evaluation input
9bc2b6745e9303fa0e62299263ae7c8c4cfaa5e45d76a5db7175cd26c1a14a9e,8173368c0b0bdda58a8083bd02292b9a5f8836587c1709c3c324f5e1be00aa47,experiment_v1_4/results/p5_metadata_audit_20260924_01/returned/probes/seed2_trained_l3_u_full_A_iid.json,P8,frozen evaluation input
9bc2b6745e9303fa0e62299263ae7c8c4cfaa5e45d76a5db7175cd26c1a14a9e,076b2ab11bcc3c2eeebdd6d06e611a738e5d67925efed432f2e0bcfc3f106ecb,experiment_v1_4/results/p5_metadata_audit_20260924_01/returned/probes/seed2_trained_l3_u_full_B_iid.json,P8,frozen evaluation input
9bc2b6745e9303fa0e62299263ae7c8c4cfaa5e45d76a5db7175cd26c1a14a9e,814d764d2928f547c4a1ba0e3515d98742befa55961349596ff365813d281e6c,experiment_v1_4/results/p5_metadata_audit_20260924_01/returned/probes/seed2_trained_l3_u_full_C_iid.json,P8,frozen evaluation input
9bc2b6745e9303fa0e62299263ae7c8c4cfaa5e45d76a5db7175cd26c1a14a9e,a74f2ea9aa0c636b1259383842bb6988c2cad1992a33d157ee0bfb56b8f66ea4,experiment_v1_4/results/p5_metadata_audit_20260924_01/returned/probes/seed2_trained_l3_u_full_D_iid.json,P8,frozen evaluation input
9bc2b6745e9303fa0e62299263ae7c8c4cfaa5e45d76a5db7175cd26c1a14a9e,557e558dc6e4aa0735a086b70acd31b00e56c15363ef249dcf5b2721a0405b7c,experiment_v1_4/results/p5_metadata_audit_20260924_01/returned/probes/seed2_trained_l3_u_full_current_iid.json,P8,frozen evaluation input
9bc2b6745e9303fa0e62299263ae7c8c4cfaa5e45d76a5db7175cd26c1a14a9e,edb0d54d64e10b22b39ef2e2ade3b7436759ab29049b69f93b8530b9b7cc3291,experiment_v1_4/results/p5_metadata_audit_20260924_01/returned/probes/seed2_trained_l3_u_full_current_transfer.json,P8,frozen evaluation input
9bc2b6745e9303fa0e62299263ae7c8c4cfaa5e45d76a5db7175cd26c1a14a9e,74181f029e19a4a0b04ee6db6990cc8e71799dae757eac5e6575bd4b344ceb34,experiment_v1_4/results/p5_metadata_audit_20260924_01/returned/probes/seed2_trained_l3_u_full_previous_iid.json,P8,frozen evaluation input
9bc2b6745e9303fa0e62299263ae7c8c4cfaa5e45d76a5db7175cd26c1a14a9e,558687b4cd23af52eda21cfaee78c3a697d2d150f09bf8de36ad9b571feece7b,experiment_v1_4/results/p5_metadata_audit_20260924_01/returned/probes/seed2_trained_l3_u_full_previous_transfer.json,P8,frozen evaluation input
9bc2b6745e9303fa0e62299263ae7c8c4cfaa5e45d76a5db7175cd26c1a14a9e,4a424bc38fa5dd7273092f3a3d4e04111db8cb53e1d42e6af308e718b0425d52,experiment_v1_4/results/p5_metadata_audit_20260924_01/returned/probes/seed2_trained_l3_u_full_query_iid.json,P8,frozen evaluation input
9bc2b6745e9303fa0e62299263ae7c8c4cfaa5e45d76a5db7175cd26c1a14a9e,4b940beddbdfc7d928ab762d1bc1cfe86bf0cd5279c58452c629c0b575c29ca8,experiment_v1_4/results/p5_metadata_audit_20260924_01/returned/probes/seed2_trained_l3_u_full_state_iid.json,P8,frozen evaluation input
9bc2b6745e9303fa0e62299263ae7c8c4cfaa5e45d76a5db7175cd26c1a14a9e,842339226e1b31fb122b1645d2ca409d99fd123d6a9ae0f5c4a095205546e38d,experiment_v1_4/results/p5_metadata_audit_20260924_01/returned/probes/seed2_trained_l7_m_full_A_iid.json,P8,frozen evaluation input
9bc2b6745e9303fa0e62299263ae7c8c4cfaa5e45d76a5db7175cd26c1a14a9e,61c3d33cd5ac42e114b45e213eea22a473195989acf39277cd1d6f4c1c2fad6d,experiment_v1_4/results/p5_metadata_audit_20260924_01/returned/probes/seed2_trained_l7_m_full_B_iid.json,P8,frozen evaluation input
9bc2b6745e9303fa0e62299263ae7c8c4cfaa5e45d76a5db7175cd26c1a14a9e,4497fdb3287d3f3e8af069346527e8919e13df0c78bc46f68f4df18e10afb481,experiment_v1_4/results/p5_metadata_audit_20260924_01/returned/probes/seed2_trained_l7_m_full_C_iid.json,P8,frozen evaluation input
9bc2b6745e9303fa0e62299263ae7c8c4cfaa5e45d76a5db7175cd26c1a14a9e,78b0e2d1f11020ae45dbb9dd8de21404eed646df8964288133284bb71d6cd229,experiment_v1_4/results/p5_metadata_audit_20260924_01/returned/probes/seed2_trained_l7_m_full_D_iid.json,P8,frozen evaluation input
9bc2b6745e9303fa0e62299263ae7c8c4cfaa5e45d76a5db7175cd26c1a14a9e,6a26143a967c4f25caf66e52c5a27a6bbfd627ca47f57103b95a986714d3e4b9,experiment_v1_4/results/p5_metadata_audit_20260924_01/returned/probes/seed2_trained_l7_m_full_current_iid.json,P8,frozen evaluation input
9bc2b6745e9303fa0e62299263ae7c8c4cfaa5e45d76a5db7175cd26c1a14a9e,010d2d20525b2cb702f0b19f19a630ec02c7fb0a689d903aaaa963f89b7d1198,experiment_v1_4/results/p5_metadata_audit_20260924_01/returned/probes/seed2_trained_l7_m_full_current_transfer.json,P8,frozen evaluation input
9bc2b6745e9303fa0e62299263ae7c8c4cfaa5e45d76a5db7175cd26c1a14a9e,059a248cfc556731e33f5cde7dc317eb376aa45ab2a3642fcdea7888a2978abe,experiment_v1_4/results/p5_metadata_audit_20260924_01/returned/probes/seed2_trained_l7_m_full_previous_iid.json,P8,frozen evaluation input
9bc2b6745e9303fa0e62299263ae7c8c4cfaa5e45d76a5db7175cd26c1a14a9e,78ce723acacf4e80bd959934b252235b7a8734394f66207cc284f6c10a9d4975,experiment_v1_4/results/p5_metadata_audit_20260924_01/returned/probes/seed2_trained_l7_m_full_previous_transfer.json,P8,frozen evaluation input
9bc2b6745e9303fa0e62299263ae7c8c4cfaa5e45d76a5db7175cd26c1a14a9e,1c11ce001b1570de2f09de4c937a1e8698c30aa1aa423d39075c737b15b9d1d7,experiment_v1_4/results/p5_metadata_audit_20260924_01/returned/probes/seed2_trained_l7_m_full_query_iid.json,P8,frozen evaluation input
9bc2b6745e9303fa0e62299263ae7c8c4cfaa5e45d76a5db7175cd26c1a14a9e,5ec90078a181b1647c0df5a459e453d9ccbcefb232a2851bd3b45454e5ace4a8,experiment_v1_4/results/p5_metadata_audit_20260924_01/returned/probes/seed2_trained_l7_m_full_state_iid.json,P8,frozen evaluation input
9bc2b6745e9303fa0e62299263ae7c8c4cfaa5e45d76a5db7175cd26c1a14a9e,15e228e39d5d6f3a17587c977d08a746ef2c51fc39b491a497935e5dbfe56c0d,experiment_v1_4/results/p5_metadata_audit_20260924_01/returned/probes/seed2_trained_l7_u_full_A_iid.json,P8,frozen evaluation input
9bc2b6745e9303fa0e62299263ae7c8c4cfaa5e45d76a5db7175cd26c1a14a9e,ab71914c035a70b3b89a2181d07a1c0c9b69fce1818d911d1cecb14ef5c49eb5,experiment_v1_4/results/p5_metadata_audit_20260924_01/returned/probes/seed2_trained_l7_u_full_B_iid.json,P8,frozen evaluation input
9bc2b6745e9303fa0e62299263ae7c8c4cfaa5e45d76a5db7175cd26c1a14a9e,720a1d790675e7ea15b1d8cf2b35aa3f354fec6cc3ceeba31b8bdc1d0eba83c5,experiment_v1_4/results/p5_metadata_audit_20260924_01/returned/probes/seed2_trained_l7_u_full_C_iid.json,P8,frozen evaluation input
9bc2b6745e9303fa0e62299263ae7c8c4cfaa5e45d76a5db7175cd26c1a14a9e,ca38f07d64b2a350acad23f9a3935e00b63a5d23f1a0b5d048cd06917aaf0b3e,experiment_v1_4/results/p5_metadata_audit_20260924_01/returned/probes/seed2_trained_l7_u_full_D_iid.json,P8,frozen evaluation input
9bc2b6745e9303fa0e62299263ae7c8c4cfaa5e45d76a5db7175cd26c1a14a9e,11714d26ad3c0b0c1a0b9760da1afaf65995f3be1c928f7f754761c46d65def9,experiment_v1_4/results/p5_metadata_audit_20260924_01/returned/probes/seed2_trained_l7_u_full_current_iid.json,P8,frozen evaluation input
9bc2b6745e9303fa0e62299263ae7c8c4cfaa5e45d76a5db7175cd26c1a14a9e,20bf2ccce52f5f8a93d3bc5c7ccb0c6e6b98f106472351df66857cc22fc6b0eb,experiment_v1_4/results/p5_metadata_audit_20260924_01/returned/probes/seed2_trained_l7_u_full_current_transfer.json,P8,frozen evaluation input
9bc2b6745e9303fa0e62299263ae7c8c4cfaa5e45d76a5db7175cd26c1a14a9e,66f05227d7b2d9ff56164ba30b871f6c93b7858746d13014cba3ffa23abfda6d,experiment_v1_4/results/p5_metadata_audit_20260924_01/returned/probes/seed2_trained_l7_u_full_previous_iid.json,P8,frozen evaluation input
9bc2b6745e9303fa0e62299263ae7c8c4cfaa5e45d76a5db7175cd26c1a14a9e,b2c1abd8667f6ceb66db93b8097245283a2eebc9eecb5cdd274acb5dd808f60d,experiment_v1_4/results/p5_metadata_audit_20260924_01/returned/probes/seed2_trained_l7_u_full_previous_transfer.json,P8,frozen evaluation input
9bc2b6745e9303fa0e62299263ae7c8c4cfaa5e45d76a5db7175cd26c1a14a9e,4c2d211621aecaffdd7d05ea2e928d86c32663cb204449aef177eeb3b8fd338f,experiment_v1_4/results/p5_metadata_audit_20260924_01/returned/probes/seed2_trained_l7_u_full_query_iid.json,P8,frozen evaluation input
9bc2b6745e9303fa0e62299263ae7c8c4cfaa5e45d76a5db7175cd26c1a14a9e,09518dae4d30491948b0b815e4c45126bd28c5d6bedb5b0d92dcabdb91e82d34,experiment_v1_4/results/p5_metadata_audit_20260924_01/returned/probes/seed2_trained_l7_u_full_state_iid.json,P8,frozen evaluation input
9bc2b6745e9303fa0e62299263ae7c8c4cfaa5e45d76a5db7175cd26c1a14a9e,3c2617a349cf7b405c22e5793e273fb65b752be6e9dd33eedb038e575a308d52,experiment_v1_4/results/p7_return_audit_20260927_01/returned/tables/causal.csv,P8,frozen evaluation input
9bc2b6745e9303fa0e62299263ae7c8c4cfaa5e45d76a5db7175cd26c1a14a9e,958b8a950f91319b21bc5fc96d185fd992e8a9b92ffb6ac8bf23c5db5d17aece,experiment_v1_4/results/p7_return_audit_20260927_01/returned/tables/fidelity.csv,P8,frozen evaluation input
9bc2b6745e9303fa0e62299263ae7c8c4cfaa5e45d76a5db7175cd26c1a14a9e,e085a2a88c32d3a7a2dd7b508fc8f6bb97ce5288d082498c3bfdb1e5b7342154,experiment_v1_4/results/p7_return_audit_20260927_01/returned/tables/replacement.csv,P8,frozen evaluation input
9bc2b6745e9303fa0e62299263ae7c8c4cfaa5e45d76a5db7175cd26c1a14a9e,f784a4666cfd80b62a037571151ad53ef17c1af36a375fe3936d2f00102e6e8e,experiment_v1_4/results/p7_return_audit_20260927_01/returned/tables/semantic.csv,P8,frozen evaluation input
9bc2b6745e9303fa0e62299263ae7c8c4cfaa5e45d76a5db7175cd26c1a14a9e,2cd96bcea4d4922731f65d58466463d71a44ec7c322e2180001b6146ff02c955,experiment_v1_4/results/p8_training_audit_20260929_01/runs.csv,P8,frozen evaluation input
9bc2b6745e9303fa0e62299263ae7c8c4cfaa5e45d76a5db7175cd26c1a14a9e,f7a46c071f5ed46a9d5ce0f896e88fc787479483d01476d8e877785a3a1af4d0,experiment_v1_4/results/p8_training_audit_20260929_01/selected_tc_manifest.json,P8,frozen evaluation input
9bc2b6745e9303fa0e62299263ae7c8c4cfaa5e45d76a5db7175cd26c1a14a9e,80d7d6aec08e27ea0e70354e847ba31f9d235ab4dce8aed7f9f00fff781470c7,experiment_v1_4/results/p8_training_audit_20260929_01/verification.json,P8,frozen evaluation input
9bc2b6745e9303fa0e62299263ae7c8c4cfaa5e45d76a5db7175cd26c1a14a9e,a0192404741d7b1714ee12c170845cdc74ec84caf3084fb1f3ee3724e91033e1,experiment_v1_4/results/p8_training_audit_20260929_01/verify_return.py,P8,frozen evaluation input
9bc2b6745e9303fa0e62299263ae7c8c4cfaa5e45d76a5db7175cd26c1a14a9e,e933879401f5451110760ded33960b1b00b89d1aafad2f0cb2a0a83c20414a9d,interp_v1_4/__init__.py,P8,frozen evaluation input
9bc2b6745e9303fa0e62299263ae7c8c4cfaa5e45d76a5db7175cd26c1a14a9e,54d777377a20bd39d22504a569ecaae10bcac671a1ef271e92c29514dcbf063f,interp_v1_4/behavior.py,P8,frozen evaluation input
9bc2b6745e9303fa0e62299263ae7c8c4cfaa5e45d76a5db7175cd26c1a14a9e,6e5ea1bf3c79bf5d80ab4f096322e6bd7d2c6e79bcb626c95749139306f35a10,interp_v1_4/cli.py,P8,frozen evaluation input
9bc2b6745e9303fa0e62299263ae7c8c4cfaa5e45d76a5db7175cd26c1a14a9e,1e806ee3e382cc3268b1007b3dbbfcaf38793419304733de1f0a3b923ec184f8,interp_v1_4/data.py,P8,frozen evaluation input
9bc2b6745e9303fa0e62299263ae7c8c4cfaa5e45d76a5db7175cd26c1a14a9e,8ed9f2998bd0fbcb227eaadcfb80dd627ad001c6d679708527a631ab9051d242,interp_v1_4/dictionary.py,P8,frozen evaluation input
9bc2b6745e9303fa0e62299263ae7c8c4cfaa5e45d76a5db7175cd26c1a14a9e,d22c5bd5e9d61e1538562e660596382c0b683b6c8472c6e4f0287ae0cc53cc48,interp_v1_4/frozen_test.py,P8,frozen evaluation input
9bc2b6745e9303fa0e62299263ae7c8c4cfaa5e45d76a5db7175cd26c1a14a9e,edd92d64a658aec3123d7534ed8df88dff72b45dcddf8015cad7ab8ee55d902f,interp_v1_4/integration.py,P8,frozen evaluation input
9bc2b6745e9303fa0e62299263ae7c8c4cfaa5e45d76a5db7175cd26c1a14a9e,db4c3225238fb913b3d312a52304952af34f2b848823bd99f1af15c79250487d,interp_v1_4/model.py,P8,frozen evaluation input
9bc2b6745e9303fa0e62299263ae7c8c4cfaa5e45d76a5db7175cd26c1a14a9e,3de39cf23f2116a3ad69db683e0de8e0db5a332905a66815a4c37b4919b9a51c,interp_v1_4/p5.py,P8,frozen evaluation input
9bc2b6745e9303fa0e62299263ae7c8c4cfaa5e45d76a5db7175cd26c1a14a9e,80ea16106ff97812acf777bc9864e29ac274bcb9c252c0601a4785cba085101b,interp_v1_4/p5_probe.py,P8,frozen evaluation input
9bc2b6745e9303fa0e62299263ae7c8c4cfaa5e45d76a5db7175cd26c1a14a9e,2a60b2041eaf659889d8161169bed02f438c4c2a6bb1c5f23e2e562338254103,interp_v1_4/p6.py,P8,frozen evaluation input
9bc2b6745e9303fa0e62299263ae7c8c4cfaa5e45d76a5db7175cd26c1a14a9e,804c90172fbad22f4c627ea928a22238169a096fd9ea59782ec3c5ba86d0ba4b,interp_v1_4/p6_integration.py,P8,frozen evaluation input
9bc2b6745e9303fa0e62299263ae7c8c4cfaa5e45d76a5db7175cd26c1a14a9e,5e2f302447c263ea7957807672929688c1b81336ad19f2430f7c349fe5d6602c,interp_v1_4/p6_smoke.py,P8,frozen evaluation input
9bc2b6745e9303fa0e62299263ae7c8c4cfaa5e45d76a5db7175cd26c1a14a9e,9eff4be992d90bef408835e6bf4d74047194d5dca2ddcbc79a8f4df6349932da,interp_v1_4/p7.py,P8,frozen evaluation input
9bc2b6745e9303fa0e62299263ae7c8c4cfaa5e45d76a5db7175cd26c1a14a9e,16520dab864f4969d3e3d58f0433f146a100c92ce4429d1db9d985912ad0829e,interp_v1_4/p7_aggregate.py,P8,frozen evaluation input
9bc2b6745e9303fa0e62299263ae7c8c4cfaa5e45d76a5db7175cd26c1a14a9e,c6a2facbb20f4bc5f4698a8bf0be4c1377b51e612e00c042c3faa8f33887ad43,interp_v1_4/p7_metrics.py,P8,frozen evaluation input
9bc2b6745e9303fa0e62299263ae7c8c4cfaa5e45d76a5db7175cd26c1a14a9e,28e96d46dca6eaa2858c86c87548f31baa8f87c69fe64af16bc8cf037baee0a6,interp_v1_4/p7_patching.py,P8,frozen evaluation input
9bc2b6745e9303fa0e62299263ae7c8c4cfaa5e45d76a5db7175cd26c1a14a9e,015c3d90bc2d5ab9fefa0b7ccc61df4239729fbae005bd41844c15df06ed3b65,interp_v1_4/p7_runner.py,P8,frozen evaluation input
9bc2b6745e9303fa0e62299263ae7c8c4cfaa5e45d76a5db7175cd26c1a14a9e,fd238dd3020eacc7208a59d4e20388c8feaf0928f46aa0ac3c386afac240b96b,interp_v1_4/p8.py,P8,frozen evaluation input
9bc2b6745e9303fa0e62299263ae7c8c4cfaa5e45d76a5db7175cd26c1a14a9e,477538f9307efa9bf9b9147d3f87ef2f76343f3080c936b0e924734c3278831a,interp_v1_4/p8_aggregate.py,P8,frozen evaluation input
9bc2b6745e9303fa0e62299263ae7c8c4cfaa5e45d76a5db7175cd26c1a14a9e,1db941c812442a44c52f9fb276f9baf8ba9a89feb5d8b99f2471c60c8e3dadb5,interp_v1_4/p8_causal.py,P8,frozen evaluation input
9bc2b6745e9303fa0e62299263ae7c8c4cfaa5e45d76a5db7175cd26c1a14a9e,2e215a43a2732a9d67f2304e9ac24e0f2c8e7204f89c216b864512d5a276b956,interp_v1_4/p8_eval_runner.py,P8,frozen evaluation input
9bc2b6745e9303fa0e62299263ae7c8c4cfaa5e45d76a5db7175cd26c1a14a9e,2d8416de0d7eb2ab40c229fa4a96ceb6e09111dc26c7fce097d30adeac393e91,interp_v1_4/p8_evaluation.py,P8,frozen evaluation input
9bc2b6745e9303fa0e62299263ae7c8c4cfaa5e45d76a5db7175cd26c1a14a9e,f7f7978fcb97d91b279c53c59736984156d83930b8a711771e7160a6f0c39a34,interp_v1_4/p8_patching.py,P8,frozen evaluation input
9bc2b6745e9303fa0e62299263ae7c8c4cfaa5e45d76a5db7175cd26c1a14a9e,71c82a8bad8213380b88d35c1d4f29614e8dcb4cf4dc2561398286e5acc1a36d,interp_v1_4/p8_smoke.py,P8,frozen evaluation input
9bc2b6745e9303fa0e62299263ae7c8c4cfaa5e45d76a5db7175cd26c1a14a9e,ff392ad9864bce95d39eed755efefdedd68dafc37b2bf2e578696e7b8f6429c1,interp_v1_4/patching.py,P8,frozen evaluation input
9bc2b6745e9303fa0e62299263ae7c8c4cfaa5e45d76a5db7175cd26c1a14a9e,d625a3d35969a253d3732ff1cac13101be38024b380a174d8cae61c86a645da4,interp_v1_4/persistence.py,P8,frozen evaluation input
9bc2b6745e9303fa0e62299263ae7c8c4cfaa5e45d76a5db7175cd26c1a14a9e,e329bd9267a0355fe9a7a747b7ca0eef46b810e4162b18d4d76abcf1c1afde83,interp_v1_4/probe.py,P8,frozen evaluation input
9bc2b6745e9303fa0e62299263ae7c8c4cfaa5e45d76a5db7175cd26c1a14a9e,e5a1c784ffa305da292704faebf115c7309e6526174cf1948ea973f182e259c0,interp_v1_4/replication.py,P8,frozen evaluation input
9bc2b6745e9303fa0e62299263ae7c8c4cfaa5e45d76a5db7175cd26c1a14a9e,d813c4a60be1b32fc270f0662a21516bbf33a114e6fadd58c5c14af30d82fe0a,interp_v1_4/reporting.py,P8,frozen evaluation input
9bc2b6745e9303fa0e62299263ae7c8c4cfaa5e45d76a5db7175cd26c1a14a9e,dfbb680cd63854df9479b24985b3164bfe3f2bf5b42b9fa2d19dcf3489f8efc6,interp_v1_4/runtime.py,P8,frozen evaluation input
9bc2b6745e9303fa0e62299263ae7c8c4cfaa5e45d76a5db7175cd26c1a14a9e,c831fc2c1fc260bf13bf0c09acc7319ff0855eacbab6ffeb47fc42add157bb4e,interp_v1_4/smoke.py,P8,frozen evaluation input
9bc2b6745e9303fa0e62299263ae7c8c4cfaa5e45d76a5db7175cd26c1a14a9e,b94b4a37cac5b0149317ca891ceb03d3995b25c36914d4481e72007265e6b69c,interp_v1_4/training.py,P8,frozen evaluation input
9bc2b6745e9303fa0e62299263ae7c8c4cfaa5e45d76a5db7175cd26c1a14a9e,d907bbb5d3950a9891b8806f9d334d6cc5ef070c65e29617c7dda20dfce88b54,scripts/build_v1_4_p8_evaluation.py,P8,frozen evaluation input
9bc2b6745e9303fa0e62299263ae7c8c4cfaa5e45d76a5db7175cd26c1a14a9e,e06144b63b07537e638f4a25c51adb986e7a934af8905deb90d3d527329e31d8,scripts/verify_v1_4_p8_evaluation.py,P8,frozen evaluation input
9bc2b6745e9303fa0e62299263ae7c8c4cfaa5e45d76a5db7175cd26c1a14a9e,60dce29c1f3c39ba285108d09659fd12aab3be23b701c266cdba0bce3cdfcd0b,tests_v1_4/test_p7.py,P8,frozen evaluation input
9bc2b6745e9303fa0e62299263ae7c8c4cfaa5e45d76a5db7175cd26c1a14a9e,22932f393ad0456f39a72d6a20bf19023e9b5b206499e3dcff69d4fbec8b33c8,tests_v1_4/test_p8_evaluation.py,P8,frozen evaluation input
9e172a2dc3914e7881d7d3f1c3e1647bd4956d25a895d816fea4ac74a3dc2fbc,f8655acaddd0a8219139dc52e5e21ca835bf3e2d835c89fdff27a2636c731fa7,01_experiment_design.md,P9,frozen evaluation input
9e172a2dc3914e7881d7d3f1c3e1647bd4956d25a895d816fea4ac74a3dc2fbc,ada661f972a2aa52b38281e06c20e6cfcf2f7a729dd0fe04d1b5c6ce7c64b98b,02_language_and_corpus.md,P9,frozen evaluation input
9e172a2dc3914e7881d7d3f1c3e1647bd4956d25a895d816fea4ac74a3dc2fbc,b249117f426dc649e6fd23752b22f566efca0a5cf3f4147edd4309fcc952699a,03_experiment_spec.md,P9,frozen evaluation input
9e172a2dc3914e7881d7d3f1c3e1647bd4956d25a895d816fea4ac74a3dc2fbc,ebdd8e28f2d87d6f564bc3b8898f424f38565fe60dac66f46105e77b5371a5da,archive/legacy/interp_v1_2/__init__.py,P9,frozen evaluation input
9e172a2dc3914e7881d7d3f1c3e1647bd4956d25a895d816fea4ac74a3dc2fbc,0fa52ba2b3561bc81c892ea31a1f8aba19ed74d70a6b59854bb33c9fc2ffeac9,archive/legacy/interp_v1_2/behavior.py,P9,frozen evaluation input
9e172a2dc3914e7881d7d3f1c3e1647bd4956d25a895d816fea4ac74a3dc2fbc,7cd545ff6f3be34c8e85572f28cbc58668c55f99d50a6dd5dce1111ff3bc01a3,archive/legacy/interp_v1_2/cli.py,P9,frozen evaluation input
9e172a2dc3914e7881d7d3f1c3e1647bd4956d25a895d816fea4ac74a3dc2fbc,dd21ad13cde95bf3c11d5ca08b6c66e5aead13a31c7150b28ab5d5268adb267c,archive/legacy/interp_v1_2/data.py,P9,frozen evaluation input
9e172a2dc3914e7881d7d3f1c3e1647bd4956d25a895d816fea4ac74a3dc2fbc,ece4d1beca294b0d3b819af16bba1a98261247fc9036a903ce7bf5bfdbdfd54c,archive/legacy/interp_v1_2/dictionary.py,P9,frozen evaluation input
9e172a2dc3914e7881d7d3f1c3e1647bd4956d25a895d816fea4ac74a3dc2fbc,061ef32e12219b4daa1294584d2ce674c02ef615426f216cf38734b24a9e7e26,archive/legacy/interp_v1_2/model.py,P9,frozen evaluation input
9e172a2dc3914e7881d7d3f1c3e1647bd4956d25a895d816fea4ac74a3dc2fbc,190dd3f2b7f846c8bac7422a1b2d03602e6a4cac600599dd8552bdda22206ff5,archive/legacy/interp_v1_2/patching.py,P9,frozen evaluation input
9e172a2dc3914e7881d7d3f1c3e1647bd4956d25a895d816fea4ac74a3dc2fbc,b4af6ccd7c0c3aa55f5b72085181d6e6f83c8e7cf6d62d6c0b0c23df28955c80,archive/legacy/interp_v1_2/persistence.py,P9,frozen evaluation input
9e172a2dc3914e7881d7d3f1c3e1647bd4956d25a895d816fea4ac74a3dc2fbc,7b60477d1a4fe00442141f0dce34b4454343be606c8f7d1eba8bc0296830343e,archive/legacy/interp_v1_2/probe.py,P9,frozen evaluation input
9e172a2dc3914e7881d7d3f1c3e1647bd4956d25a895d816fea4ac74a3dc2fbc,5e2e567e28058a100b09907b427032054a5bc121087247382cad32896470cf9b,archive/legacy/interp_v1_2/runtime.py,P9,frozen evaluation input
9e172a2dc3914e7881d7d3f1c3e1647bd4956d25a895d816fea4ac74a3dc2fbc,78093f4a019ee499b62392f998d7fd594712cefaa5f8cd158e3bead20ca1e34a,archive/legacy/interp_v1_2/smoke.py,P9,frozen evaluation input
9e172a2dc3914e7881d7d3f1c3e1647bd4956d25a895d816fea4ac74a3dc2fbc,75f5d340dd0ddb0e268e26a62fbe0c32387a8e872a2f6abbe531abcc2c1abed8,archive/legacy/interp_v1_2/training.py,P9,frozen evaluation input
9e172a2dc3914e7881d7d3f1c3e1647bd4956d25a895d816fea4ac74a3dc2fbc,8c5214860062d4fa21cfdbd9cb19f5701037b4f4537b057611b7f5076710c9e6,corpus/__init__.py,P9,frozen evaluation input
9e172a2dc3914e7881d7d3f1c3e1647bd4956d25a895d816fea4ac74a3dc2fbc,7b1fca975636ff107f62739c98d869f5b9461a98be781b2b9648bc8d130eb3e7,corpus/audit.py,P9,frozen evaluation input
9e172a2dc3914e7881d7d3f1c3e1647bd4956d25a895d816fea4ac74a3dc2fbc,bc5bcfd8938edb5197f54e1328c55c39ef4d2d7056db77d7d571567779651c00,corpus/generate.py,P9,frozen evaluation input
9e172a2dc3914e7881d7d3f1c3e1647bd4956d25a895d816fea4ac74a3dc2fbc,3f1762ab88a23fd58895371b9862edc7e11ecfbcbbe7acd00a29369a3f130c50,corpus/generate_v1_4_base.py,P9,frozen evaluation input
9e172a2dc3914e7881d7d3f1c3e1647bd4956d25a895d816fea4ac74a3dc2fbc,4c90c9d1a66f15d6062ac292a24c5c6f47ec65e4a6c1423713e4332ca942312c,corpus/language.py,P9,frozen evaluation input
9e172a2dc3914e7881d7d3f1c3e1647bd4956d25a895d816fea4ac74a3dc2fbc,4d4861be3ca04b1a0a7212ed3f39aa16d939b4cb31ae40ccf423d07d48f73a01,corpus/replay.py,P9,frozen evaluation input
9e172a2dc3914e7881d7d3f1c3e1647bd4956d25a895d816fea4ac74a3dc2fbc,75640df81a754a0e0dd7f42768693e2484d724a470493dd96d9e4aba3f49871c,corpus/v1_3.py,P9,frozen evaluation input
9e172a2dc3914e7881d7d3f1c3e1647bd4956d25a895d816fea4ac74a3dc2fbc,0350dd89d14a18d30af02d880bc839ad379c13e12ca9a5986abbb3bae2e7f01b,corpus/v1_4.py,P9,frozen evaluation input
9e172a2dc3914e7881d7d3f1c3e1647bd4956d25a895d816fea4ac74a3dc2fbc,2e53a465b409abaae43bff4b4980cb28c12e4f076452a9088b13d29e2839d9be,data/language_v1_4/rebuild_01/causal_pairs/test_changed_composition.jsonl.gz,P9,frozen evaluation input
9e172a2dc3914e7881d7d3f1c3e1647bd4956d25a895d816fea4ac74a3dc2fbc,59f2d2197d59d5cd3b6b47d359fef372a90e66d5a803f95cfb028c7fcc20725b,data/language_v1_4/rebuild_01/causal_pairs/test_changed_memory.jsonl.gz,P9,frozen evaluation input
9e172a2dc3914e7881d7d3f1c3e1647bd4956d25a895d816fea4ac74a3dc2fbc,3e9b0c50f806e06373d3f77784ca78cd1268d3994c05c8053009398a365f094b,data/language_v1_4/rebuild_01/causal_pairs/test_unchanged_composition.jsonl.gz,P9,frozen evaluation input
9e172a2dc3914e7881d7d3f1c3e1647bd4956d25a895d816fea4ac74a3dc2fbc,1ecf51d8b152e4beba58217d701bc4a63ec738c41860746078f1d8628047ad5a,data/language_v1_4/rebuild_01/causal_pairs/test_unchanged_memory.jsonl.gz,P9,frozen evaluation input
9e172a2dc3914e7881d7d3f1c3e1647bd4956d25a895d816fea4ac74a3dc2fbc,765bebfccb9070fb1d9a2cf2f9c7315c36fc60e69499bc6ea4773736a4e8e4a1,data/language_v1_4/rebuild_01/causal_pairs/val_changed_composition.jsonl.gz,P9,frozen evaluation input
9e172a2dc3914e7881d7d3f1c3e1647bd4956d25a895d816fea4ac74a3dc2fbc,c6b32e1be4c74f1c030e71f1e4e79f860e9e10bb6b5aa65a434c35f0d0613e56,data/language_v1_4/rebuild_01/causal_pairs/val_changed_memory.jsonl.gz,P9,frozen evaluation input
9e172a2dc3914e7881d7d3f1c3e1647bd4956d25a895d816fea4ac74a3dc2fbc,8759a3723f476e1f657dc3c52559935fe7b65e21b2ea02758a6620b95264587b,data/language_v1_4/rebuild_01/causal_pairs/val_unchanged_composition.jsonl.gz,P9,frozen evaluation input
9e172a2dc3914e7881d7d3f1c3e1647bd4956d25a895d816fea4ac74a3dc2fbc,f62b33a7ca8279ad58bb7987c2207cd135d8c8d45a2f5a836df3d76f8dddd769,data/language_v1_4/rebuild_01/causal_pairs/val_unchanged_memory.jsonl.gz,P9,frozen evaluation input
9e172a2dc3914e7881d7d3f1c3e1647bd4956d25a895d816fea4ac74a3dc2fbc,5f8ba14160717e0eb5d14387ea5f1115114dea9199ade90cd8f5c4d7239dd311,data/language_v1_4/rebuild_01/interpretation/test.jsonl.gz,P9,frozen evaluation input
9e172a2dc3914e7881d7d3f1c3e1647bd4956d25a895d816fea4ac74a3dc2fbc,70fceef3424bdb972e1294b0c529f222e221bd16e72b6acbbb465888e80d2e46,data/language_v1_4/rebuild_01/interpretation/test.read_positions.json,P9,frozen evaluation input
9e172a2dc3914e7881d7d3f1c3e1647bd4956d25a895d816fea4ac74a3dc2fbc,8554ec3de0c8f42e7f1d589c99aa94042393712b8266b567c7ff01c6756b598a,data/language_v1_4/rebuild_01/interpretation/train.jsonl.gz,P9,frozen evaluation input
9e172a2dc3914e7881d7d3f1c3e1647bd4956d25a895d816fea4ac74a3dc2fbc,65db44a5423421683f195cfe0c240d31e767540d82dc98a5c28b8e57d8ff7b30,data/language_v1_4/rebuild_01/interpretation/train.read_positions.json,P9,frozen evaluation input
9e172a2dc3914e7881d7d3f1c3e1647bd4956d25a895d816fea4ac74a3dc2fbc,ac8bb4b56fecc77fb303e560a7ebe3f00c8cac08e599ce9c17935d059fbfbaf2,data/language_v1_4/rebuild_01/interpretation/val.jsonl.gz,P9,frozen evaluation input
9e172a2dc3914e7881d7d3f1c3e1647bd4956d25a895d816fea4ac74a3dc2fbc,25199e66e6d08a73d14c3f32af7e413e84278298deff2929df05887f58ba04ea,data/language_v1_4/rebuild_01/interpretation/val.read_positions.json,P9,frozen evaluation input
9e172a2dc3914e7881d7d3f1c3e1647bd4956d25a895d816fea4ac74a3dc2fbc,ea47cfa7d74782256c6ff66a706bb2bfe01a810c7c5e6074e7a174c7856fbad2,data/language_v1_4/rebuild_01/test/general.jsonl.gz,P9,frozen evaluation input
9e172a2dc3914e7881d7d3f1c3e1647bd4956d25a895d816fea4ac74a3dc2fbc,7d443d0378b603073842a5c1e5b0d8efcac9d6c04aacdde8aea095094e04c170,experiment_v1_4/analysis_plan.json,P9,frozen evaluation input
9e172a2dc3914e7881d7d3f1c3e1647bd4956d25a895d816fea4ac74a3dc2fbc,76d86f1a83bde7f8f6389684cd2a3913c923e21ccfbe42e40d3255385a9982b1,experiment_v1_4/frozen_test_r1/checkpoints/seed0.pt,P9,frozen evaluation input
9e172a2dc3914e7881d7d3f1c3e1647bd4956d25a895d816fea4ac74a3dc2fbc,8490365f3dc46ef1d10a899cfac3cd844c18616c6f20bb8a3b0b93e78563fd83,experiment_v1_4/p5_r2/contract.json,P9,frozen evaluation input
9e172a2dc3914e7881d7d3f1c3e1647bd4956d25a895d816fea4ac74a3dc2fbc,9fb4688636cea7c338fbc0da1292477915dd7fd9c1d45a76d981a6d85c0ca2b0,experiment_v1_4/p7_r1/contract.json,P9,frozen evaluation input
9e172a2dc3914e7881d7d3f1c3e1647bd4956d25a895d816fea4ac74a3dc2fbc,15076f7db632f5c4ddeb9ed210468c78dd6a778cef637214577d1a326f61140e,experiment_v1_4/p7_r1/reconstruction_targets.json,P9,frozen evaluation input
9e172a2dc3914e7881d7d3f1c3e1647bd4956d25a895d816fea4ac74a3dc2fbc,9bc2b6745e9303fa0e62299263ae7c8c4cfaa5e45d76a5db7175cd26c1a14a9e,experiment_v1_4/p8_eval_r1/contract.json,P9,frozen evaluation input
9e172a2dc3914e7881d7d3f1c3e1647bd4956d25a895d816fea4ac74a3dc2fbc,a24b0b30726f18bd4e884a8c77ca69955a4e1ac0c42e6042216dcce544e6c464,experiment_v1_4/p9_eval_r1/sae_patch_rng.json,P9,frozen evaluation input
9e172a2dc3914e7881d7d3f1c3e1647bd4956d25a895d816fea4ac74a3dc2fbc,ddcd7838f9a0e7b3867c740e857a87a877248f96898167e4d77cc4887cbcaafc,experiment_v1_4/p9_eval_r1/tc_patch_rng.json,P9,frozen evaluation input
9e172a2dc3914e7881d7d3f1c3e1647bd4956d25a895d816fea4ac74a3dc2fbc,157d80521319f0e8e8c20ee59e67d8ebb8b10df74370049c128db5061b179720,experiment_v1_4/p9_r1/contract.json,P9,frozen evaluation input
9e172a2dc3914e7881d7d3f1c3e1647bd4956d25a895d816fea4ac74a3dc2fbc,5bfbaf0ac361bdef8374f39f09c7f31e47e9f547a923d93e9c08a7b33d386288,experiment_v1_4/p9_r1/evaluation_rules.json,P9,frozen evaluation input
9e172a2dc3914e7881d7d3f1c3e1647bd4956d25a895d816fea4ac74a3dc2fbc,e1aec37cb5e223fc4901d43d3d7b89737eee4ddd08536765564c939fc2e50301,experiment_v1_4/p9_selected/seed0_l0_sae_k16_s1/update_05000.pt,P9,frozen evaluation input
9e172a2dc3914e7881d7d3f1c3e1647bd4956d25a895d816fea4ac74a3dc2fbc,69fc33451de6010e75a1fdb77c1eccc603b4308fbcd0e40205c2b06f760a41d8,experiment_v1_4/p9_selected/seed0_l0_sae_k4_s1/update_05000.pt,P9,frozen evaluation input
9e172a2dc3914e7881d7d3f1c3e1647bd4956d25a895d816fea4ac74a3dc2fbc,81c3fa8091c459edd4d724b5dd26277e0530a05fb8c62ac56e61feba7621b5c8,experiment_v1_4/p9_selected/seed0_l0_tc_k16_s1/update_04250.pt,P9,frozen evaluation input
9e172a2dc3914e7881d7d3f1c3e1647bd4956d25a895d816fea4ac74a3dc2fbc,d99b774b8cd04886ca8e19f7cf0d05d7d76229e41664204c8731819e96cd10bd,experiment_v1_4/p9_selected/seed0_l0_tc_k4_s1/update_05000.pt,P9,frozen evaluation input
9e172a2dc3914e7881d7d3f1c3e1647bd4956d25a895d816fea4ac74a3dc2fbc,f70ef72615d0549c7881093cef5f1c38d9969c37fa74963adf82f919bd2930a8,experiment_v1_4/p9_selected/seed0_l11_sae_k16_s1/update_05000.pt,P9,frozen evaluation input
9e172a2dc3914e7881d7d3f1c3e1647bd4956d25a895d816fea4ac74a3dc2fbc,8ecc411d816981b9a838b01404b8152417bde56baf250c6587489a1794bb7191,experiment_v1_4/p9_selected/seed0_l11_sae_k4_s1/update_05000.pt,P9,frozen evaluation input
9e172a2dc3914e7881d7d3f1c3e1647bd4956d25a895d816fea4ac74a3dc2fbc,93f8e7e8bfbf39c84c5d8d0bd4a114afacb028e9d84bed4e6f563e2cf03bd52c,experiment_v1_4/p9_selected/seed0_l11_tc_k16_s1/update_05000.pt,P9,frozen evaluation input
9e172a2dc3914e7881d7d3f1c3e1647bd4956d25a895d816fea4ac74a3dc2fbc,99e82a566eece73d3bb9eda7077ba8aac2d104a32e6c3c37a39a395e632323ad,experiment_v1_4/p9_selected/seed0_l11_tc_k4_s1/update_05000.pt,P9,frozen evaluation input
9e172a2dc3914e7881d7d3f1c3e1647bd4956d25a895d816fea4ac74a3dc2fbc,07c00b98c1d78fb78e4b51ce7404d16f414f6e41648456ea923b53d6b9347e23,experiment_v1_4/p9_selected/seed0_l3_sae_k16_s1/update_05000.pt,P9,frozen evaluation input
9e172a2dc3914e7881d7d3f1c3e1647bd4956d25a895d816fea4ac74a3dc2fbc,f7dc8eebecaf1b205f080029a5c08cad4c1411e2b7541e2d1266922700ba2ab9,experiment_v1_4/p9_selected/seed0_l3_sae_k4_s1/update_05000.pt,P9,frozen evaluation input
9e172a2dc3914e7881d7d3f1c3e1647bd4956d25a895d816fea4ac74a3dc2fbc,5d2a5b1fab48827d6b05750050daa88da850186a05b843cc546ff0efaec7fe0c,experiment_v1_4/p9_selected/seed0_l3_tc_k16_s1/update_05000.pt,P9,frozen evaluation input
9e172a2dc3914e7881d7d3f1c3e1647bd4956d25a895d816fea4ac74a3dc2fbc,8e76913c395f4feb457150823c8222c29dfc9bc3640a747eef60651eba086cc2,experiment_v1_4/p9_selected/seed0_l3_tc_k4_s1/update_05000.pt,P9,frozen evaluation input
9e172a2dc3914e7881d7d3f1c3e1647bd4956d25a895d816fea4ac74a3dc2fbc,7a3068150356135572416d75c0a3d3f016b6ab99ac547bda7ffa0c2ec03696d6,experiment_v1_4/p9_selected/seed0_l7_sae_k16_s1/update_05000.pt,P9,frozen evaluation input
9e172a2dc3914e7881d7d3f1c3e1647bd4956d25a895d816fea4ac74a3dc2fbc,8b07d34d8634aadcd404e99d200eb84116f7e8e4280944367c14e5622e561ea5,experiment_v1_4/p9_selected/seed0_l7_sae_k4_s1/update_05000.pt,P9,frozen evaluation input
9e172a2dc3914e7881d7d3f1c3e1647bd4956d25a895d816fea4ac74a3dc2fbc,91690bcf2aa42ca7df272cbc73cba370c1a7780bd2fc0c29aab265f83d3fed4a,experiment_v1_4/p9_selected/seed0_l7_tc_k16_s1/update_05000.pt,P9,frozen evaluation input
9e172a2dc3914e7881d7d3f1c3e1647bd4956d25a895d816fea4ac74a3dc2fbc,ac176ad8249fe2be79ea186b51c9755df17ba05f489acebc2bc626b3e6824a94,experiment_v1_4/p9_selected/seed0_l7_tc_k4_s1/update_05000.pt,P9,frozen evaluation input
9e172a2dc3914e7881d7d3f1c3e1647bd4956d25a895d816fea4ac74a3dc2fbc,7afcd821522c77a20225b205e764788e67531aee8cff08263feffae6cd981d44,experiment_v1_4/results/p5_final_audit_20260925_01/p6_cache_manifest.json,P9,frozen evaluation input
9e172a2dc3914e7881d7d3f1c3e1647bd4956d25a895d816fea4ac74a3dc2fbc,e9247506b7e7715a92e6df3aa43ac47b21fc15e81be067198d1a8c1bb5cc8646,experiment_v1_4/results/p5_metadata_audit_20260924_01/returned/probes/seed0_trained_l0_h_coordinate_128_A_iid.json,P9,frozen evaluation input
9e172a2dc3914e7881d7d3f1c3e1647bd4956d25a895d816fea4ac74a3dc2fbc,2e277eef2d66f2865b9b36ab06352f4738de066fdd4039b26726edfd64b6d5e8,experiment_v1_4/results/p5_metadata_audit_20260924_01/returned/probes/seed0_trained_l0_h_coordinate_128_B_iid.json,P9,frozen evaluation input
9e172a2dc3914e7881d7d3f1c3e1647bd4956d25a895d816fea4ac74a3dc2fbc,90b885f1547d8849b8116b07582060c42c1a93705d4f88fafc61f73b5afac15a,experiment_v1_4/results/p5_metadata_audit_20260924_01/returned/probes/seed0_trained_l0_h_coordinate_128_C_iid.json,P9,frozen evaluation input
9e172a2dc3914e7881d7d3f1c3e1647bd4956d25a895d816fea4ac74a3dc2fbc,c1c9ca887766b3e0fcfb1d7aaf783596f98ddab977323d50f1057d973ad79c77,experiment_v1_4/results/p5_metadata_audit_20260924_01/returned/probes/seed0_trained_l0_h_coordinate_128_D_iid.json,P9,frozen evaluation input
9e172a2dc3914e7881d7d3f1c3e1647bd4956d25a895d816fea4ac74a3dc2fbc,b1ef5ce639f94ad4aae1136c8c3d08e5d34369d39f246d2706cbd1951351594e,experiment_v1_4/results/p5_metadata_audit_20260924_01/returned/probes/seed0_trained_l0_h_coordinate_128_current_iid.json,P9,frozen evaluation input
9e172a2dc3914e7881d7d3f1c3e1647bd4956d25a895d816fea4ac74a3dc2fbc,59e85e65700f3d79e43a77df678cd4e026a7fc29e94bb1fe82b1a63e9d346e44,experiment_v1_4/results/p5_metadata_audit_20260924_01/returned/probes/seed0_trained_l0_h_coordinate_128_current_transfer.json,P9,frozen evaluation input
9e172a2dc3914e7881d7d3f1c3e1647bd4956d25a895d816fea4ac74a3dc2fbc,e15c5c5ce05d7366eaefaf9dbfd4d4fbad6a85d7e415e95fe217c603b3bcf084,experiment_v1_4/results/p5_metadata_audit_20260924_01/returned/probes/seed0_trained_l0_h_coordinate_128_previous_iid.json,P9,frozen evaluation input
9e172a2dc3914e7881d7d3f1c3e1647bd4956d25a895d816fea4ac74a3dc2fbc,3d3cec25fbc5d9420489511a61f6b0c59057388cde18334f66ed4c89895f7e16,experiment_v1_4/results/p5_metadata_audit_20260924_01/returned/probes/seed0_trained_l0_h_coordinate_128_previous_transfer.json,P9,frozen evaluation input
9e172a2dc3914e7881d7d3f1c3e1647bd4956d25a895d816fea4ac74a3dc2fbc,bf69d5c2c20d3fe457fd4d1537b2a22cb342c4a02af568fceca8b53dd622ec30,experiment_v1_4/results/p5_metadata_audit_20260924_01/returned/probes/seed0_trained_l0_h_coordinate_128_query_iid.json,P9,frozen evaluation input
9e172a2dc3914e7881d7d3f1c3e1647bd4956d25a895d816fea4ac74a3dc2fbc,6efd5cb8e879b749d10a42d79586754943ccffacff1e3ff98b2d1da9491b6603,experiment_v1_4/results/p5_metadata_audit_20260924_01/returned/probes/seed0_trained_l0_h_coordinate_128_state_iid.json,P9,frozen evaluation input
9e172a2dc3914e7881d7d3f1c3e1647bd4956d25a895d816fea4ac74a3dc2fbc,f42ee5ac4c0275f4fd9b1c367f5b6a2d62163a446a544a5bd8bca3a36d132f86,experiment_v1_4/results/p5_metadata_audit_20260924_01/returned/probes/seed0_trained_l0_h_coordinate_A_iid.json,P9,frozen evaluation input
9e172a2dc3914e7881d7d3f1c3e1647bd4956d25a895d816fea4ac74a3dc2fbc,bbe13b466082aa8fcf354b0051e5bf7a31fc6aec7b40aa123e753cfb95789fca,experiment_v1_4/results/p5_metadata_audit_20260924_01/returned/probes/seed0_trained_l0_h_coordinate_B_iid.json,P9,frozen evaluation input
9e172a2dc3914e7881d7d3f1c3e1647bd4956d25a895d816fea4ac74a3dc2fbc,5488d5b5ec6681112bcd0453c2b36726e7ad68f6d2e70931c38ded5fadfd914e,experiment_v1_4/results/p5_metadata_audit_20260924_01/returned/probes/seed0_trained_l0_h_coordinate_C_iid.json,P9,frozen evaluation input
9e172a2dc3914e7881d7d3f1c3e1647bd4956d25a895d816fea4ac74a3dc2fbc,09405f58e11aec2bc478939b942957892af16248bf24a9beeab3fc8eb34680f9,experiment_v1_4/results/p5_metadata_audit_20260924_01/returned/probes/seed0_trained_l0_h_coordinate_D_iid.json,P9,frozen evaluation input
9e172a2dc3914e7881d7d3f1c3e1647bd4956d25a895d816fea4ac74a3dc2fbc,aca67f1d3c898cc0a4f53d7aacbb8980dee203759c43166349639e08d2837602,experiment_v1_4/results/p5_metadata_audit_20260924_01/returned/probes/seed0_trained_l0_h_coordinate_current_iid.json,P9,frozen evaluation input
9e172a2dc3914e7881d7d3f1c3e1647bd4956d25a895d816fea4ac74a3dc2fbc,9c8d96d15d721d8c7ed79cf489aeea55eaa70787681749c5abc49a30d07cad41,experiment_v1_4/results/p5_metadata_audit_20260924_01/returned/probes/seed0_trained_l0_h_coordinate_current_transfer.json,P9,frozen evaluation input
9e172a2dc3914e7881d7d3f1c3e1647bd4956d25a895d816fea4ac74a3dc2fbc,48b9cadee1f9885c9655ecdf0de18f7e61c210ce3d9cee7a3c94955f94b1146f,experiment_v1_4/results/p5_metadata_audit_20260924_01/returned/probes/seed0_trained_l0_h_coordinate_previous_iid.json,P9,frozen evaluation input
9e172a2dc3914e7881d7d3f1c3e1647bd4956d25a895d816fea4ac74a3dc2fbc,1b1d02b039fe7a51239e4dc5244ec74bc073e9860bc46df4b254bc26e0b2406c,experiment_v1_4/results/p5_metadata_audit_20260924_01/returned/probes/seed0_trained_l0_h_coordinate_previous_transfer.json,P9,frozen evaluation input
9e172a2dc3914e7881d7d3f1c3e1647bd4956d25a895d816fea4ac74a3dc2fbc,12d57f7fdc3eafa012835a97fc2247216e180763cccf24d05f8d6a810c5c4f56,experiment_v1_4/results/p5_metadata_audit_20260924_01/returned/probes/seed0_trained_l0_h_coordinate_query_iid.json,P9,frozen evaluation input
9e172a2dc3914e7881d7d3f1c3e1647bd4956d25a895d816fea4ac74a3dc2fbc,8eea0182c19857320357f6fa024466b2f64af47d5b1bb42f561b0044e9ff5d0b,experiment_v1_4/results/p5_metadata_audit_20260924_01/returned/probes/seed0_trained_l0_h_coordinate_state_iid.json,P9,frozen evaluation input
9e172a2dc3914e7881d7d3f1c3e1647bd4956d25a895d816fea4ac74a3dc2fbc,b012d61079b28c4225500a11d37bc6741ca53e1a77d891e329f6d79684529a2d,experiment_v1_4/results/p5_metadata_audit_20260924_01/returned/probes/seed0_trained_l0_h_full_A_iid.json,P9,frozen evaluation input
9e172a2dc3914e7881d7d3f1c3e1647bd4956d25a895d816fea4ac74a3dc2fbc,5f69bc68ae13ae85c12273d68dcdecdf2314e923ccd03047d763924394f214a0,experiment_v1_4/results/p5_metadata_audit_20260924_01/returned/probes/seed0_trained_l0_h_full_B_iid.json,P9,frozen evaluation input
9e172a2dc3914e7881d7d3f1c3e1647bd4956d25a895d816fea4ac74a3dc2fbc,27030e7176a61baf738304e645ce6edb8bd309f8adeac74e50e02e679696e7d4,experiment_v1_4/results/p5_metadata_audit_20260924_01/returned/probes/seed0_trained_l0_h_full_C_iid.json,P9,frozen evaluation input
9e172a2dc3914e7881d7d3f1c3e1647bd4956d25a895d816fea4ac74a3dc2fbc,71f89682e6454210de0b0047b66342cb8db9f60b08d5e2175fcaa9c01c347c0b,experiment_v1_4/results/p5_metadata_audit_20260924_01/returned/probes/seed0_trained_l0_h_full_D_iid.json,P9,frozen evaluation input
9e172a2dc3914e7881d7d3f1c3e1647bd4956d25a895d816fea4ac74a3dc2fbc,6c8c76867c06ec4efdfa46408396192ade253553005c79832c3aedd97e24085d,experiment_v1_4/results/p5_metadata_audit_20260924_01/returned/probes/seed0_trained_l0_h_full_current_iid.json,P9,frozen evaluation input
9e172a2dc3914e7881d7d3f1c3e1647bd4956d25a895d816fea4ac74a3dc2fbc,857c0ed593392a8ba9019e4e5cf584092282d0579619ff4539647fab96021396,experiment_v1_4/results/p5_metadata_audit_20260924_01/returned/probes/seed0_trained_l0_h_full_current_transfer.json,P9,frozen evaluation input
9e172a2dc3914e7881d7d3f1c3e1647bd4956d25a895d816fea4ac74a3dc2fbc,a7c3716e3923ebc06df84de08741397f93281d120d628cd8f87c3ab545dab8cb,experiment_v1_4/results/p5_metadata_audit_20260924_01/returned/probes/seed0_trained_l0_h_full_previous_iid.json,P9,frozen evaluation input
9e172a2dc3914e7881d7d3f1c3e1647bd4956d25a895d816fea4ac74a3dc2fbc,8c4060b4fba0957c63e9e47854ea4bfaadefef0119744f3d6ad816ae11ad11a7,experiment_v1_4/results/p5_metadata_audit_20260924_01/returned/probes/seed0_trained_l0_h_full_previous_transfer.json,P9,frozen evaluation input
9e172a2dc3914e7881d7d3f1c3e1647bd4956d25a895d816fea4ac74a3dc2fbc,8d34fa633349bc3bd8531d24ed9d21305c3614a852bd7ffa37d367cd40095567,experiment_v1_4/results/p5_metadata_audit_20260924_01/returned/probes/seed0_trained_l0_h_full_query_iid.json,P9,frozen evaluation input
9e172a2dc3914e7881d7d3f1c3e1647bd4956d25a895d816fea4ac74a3dc2fbc,89a0e704d2e6592f561782a3810ce3b60dc7dd767e2a5cd9200ee4cf28c1ae76,experiment_v1_4/results/p5_metadata_audit_20260924_01/returned/probes/seed0_trained_l0_h_full_state_iid.json,P9,frozen evaluation input
9e172a2dc3914e7881d7d3f1c3e1647bd4956d25a895d816fea4ac74a3dc2fbc,1f5f7d355641e88d122caec30ac1b5d52e0bb632ac3f2230b9267795007cfb2f,experiment_v1_4/results/p5_metadata_audit_20260924_01/returned/probes/seed0_trained_l0_h_random_128_A_iid.json,P9,frozen evaluation input
9e172a2dc3914e7881d7d3f1c3e1647bd4956d25a895d816fea4ac74a3dc2fbc,ebeadfa269c45ad81c4bca5a2edf4d463b4900b658c2b7a2c940cf203d82b5ef,experiment_v1_4/results/p5_metadata_audit_20260924_01/returned/probes/seed0_trained_l0_h_random_128_B_iid.json,P9,frozen evaluation input
9e172a2dc3914e7881d7d3f1c3e1647bd4956d25a895d816fea4ac74a3dc2fbc,47c4d3f1cc061fcf2ecb1f7ce12db13d2085c0d9231ea23dbb1c013394666403,experiment_v1_4/results/p5_metadata_audit_20260924_01/returned/probes/seed0_trained_l0_h_random_128_C_iid.json,P9,frozen evaluation input
9e172a2dc3914e7881d7d3f1c3e1647bd4956d25a895d816fea4ac74a3dc2fbc,55fa0704c41f95852f73d5325cd9f06d4249cb90882e89a6b55c2c9496e798ad,experiment_v1_4/results/p5_metadata_audit_20260924_01/returned/probes/seed0_trained_l0_h_random_128_D_iid.json,P9,frozen evaluation input
9e172a2dc3914e7881d7d3f1c3e1647bd4956d25a895d816fea4ac74a3dc2fbc,4358d46ff8cbc3bb335a1cc82477cf3d9c45db94f08176e1981bb24c128995f1,experiment_v1_4/results/p5_metadata_audit_20260924_01/returned/probes/seed0_trained_l0_h_random_128_current_iid.json,P9,frozen evaluation input
9e172a2dc3914e7881d7d3f1c3e1647bd4956d25a895d816fea4ac74a3dc2fbc,c80236119c2997a6625d3e1edc16ea14dc0841120b181c716debbfd9efb80abe,experiment_v1_4/results/p5_metadata_audit_20260924_01/returned/probes/seed0_trained_l0_h_random_128_current_transfer.json,P9,frozen evaluation input
9e172a2dc3914e7881d7d3f1c3e1647bd4956d25a895d816fea4ac74a3dc2fbc,8678f74476da03dce275e6ecfd8a7633280d30ba37a8cbedfe4d474b06f7a550,experiment_v1_4/results/p5_metadata_audit_20260924_01/returned/probes/seed0_trained_l0_h_random_128_previous_iid.json,P9,frozen evaluation input
9e172a2dc3914e7881d7d3f1c3e1647bd4956d25a895d816fea4ac74a3dc2fbc,9d2498c55725075bfe633a082e0e4d029689e5f6df15a5162cda940317ff5ae9,experiment_v1_4/results/p5_metadata_audit_20260924_01/returned/probes/seed0_trained_l0_h_random_128_previous_transfer.json,P9,frozen evaluation input
9e172a2dc3914e7881d7d3f1c3e1647bd4956d25a895d816fea4ac74a3dc2fbc,eb545dace5f67d242d8385a53bc6ff01249a96862720085e2beda8bcb5cef9c5,experiment_v1_4/results/p5_metadata_audit_20260924_01/returned/probes/seed0_trained_l0_h_random_128_query_iid.json,P9,frozen evaluation input
9e172a2dc3914e7881d7d3f1c3e1647bd4956d25a895d816fea4ac74a3dc2fbc,45c076586c9ab511445971bfea4057546f5a394132a28e041095ec0fe81e3ca3,experiment_v1_4/results/p5_metadata_audit_20260924_01/returned/probes/seed0_trained_l0_h_random_128_state_iid.json,P9,frozen evaluation input
9e172a2dc3914e7881d7d3f1c3e1647bd4956d25a895d816fea4ac74a3dc2fbc,985609a090fcdfac8323eff2f1c6c9d95740f7538e5da11be0a91a8d42dfb08c,experiment_v1_4/results/p5_metadata_audit_20260924_01/returned/probes/seed0_trained_l0_h_random_A_iid.json,P9,frozen evaluation input
9e172a2dc3914e7881d7d3f1c3e1647bd4956d25a895d816fea4ac74a3dc2fbc,d90e9ecdc5a9f2025567e6478508dda06daad54c71def0aed2f36d47bc6f0cc3,experiment_v1_4/results/p5_metadata_audit_20260924_01/returned/probes/seed0_trained_l0_h_random_B_iid.json,P9,frozen evaluation input
9e172a2dc3914e7881d7d3f1c3e1647bd4956d25a895d816fea4ac74a3dc2fbc,553555e931bd1a469b9b4e6d0364e61027b8b8b31e141cd11f52c509a45b9325,experiment_v1_4/results/p5_metadata_audit_20260924_01/returned/probes/seed0_trained_l0_h_random_C_iid.json,P9,frozen evaluation input
9e172a2dc3914e7881d7d3f1c3e1647bd4956d25a895d816fea4ac74a3dc2fbc,40212abbd97c89a6719213877eb56e4720486a399913ce7c8f3e66ce01e85d5f,experiment_v1_4/results/p5_metadata_audit_20260924_01/returned/probes/seed0_trained_l0_h_random_D_iid.json,P9,frozen evaluation input
9e172a2dc3914e7881d7d3f1c3e1647bd4956d25a895d816fea4ac74a3dc2fbc,8ad40b4cf5149001e8c8b00753e4fb6af0bdc73aed6c9be9bbcada49a150e035,experiment_v1_4/results/p5_metadata_audit_20260924_01/returned/probes/seed0_trained_l0_h_random_current_iid.json,P9,frozen evaluation input
9e172a2dc3914e7881d7d3f1c3e1647bd4956d25a895d816fea4ac74a3dc2fbc,2d911748ce15e0615a1e96b4d68310b8d4155fa77941f252fc420c405dc14c9d,experiment_v1_4/results/p5_metadata_audit_20260924_01/returned/probes/seed0_trained_l0_h_random_current_transfer.json,P9,frozen evaluation input
9e172a2dc3914e7881d7d3f1c3e1647bd4956d25a895d816fea4ac74a3dc2fbc,40087fc3f7ed0f2ce7b7c3af1d835f91cd2cfcd4f4e18739db2a1512eac80051,experiment_v1_4/results/p5_metadata_audit_20260924_01/returned/probes/seed0_trained_l0_h_random_previous_iid.json,P9,frozen evaluation input
9e172a2dc3914e7881d7d3f1c3e1647bd4956d25a895d816fea4ac74a3dc2fbc,d9c18b632c9b248d864b41de0ae71aebe580ce90d2a1bc5f45e06789628ebb7f,experiment_v1_4/results/p5_metadata_audit_20260924_01/returned/probes/seed0_trained_l0_h_random_previous_transfer.json,P9,frozen evaluation input
9e172a2dc3914e7881d7d3f1c3e1647bd4956d25a895d816fea4ac74a3dc2fbc,338b151090c3e412183b6291f1b90d3e1a4be10109ac2bf1a88f1feb4325092a,experiment_v1_4/results/p5_metadata_audit_20260924_01/returned/probes/seed0_trained_l0_h_random_query_iid.json,P9,frozen evaluation input
9e172a2dc3914e7881d7d3f1c3e1647bd4956d25a895d816fea4ac74a3dc2fbc,811bbdd2485e9f36e992e85c1963427c857dfac24832f44264b28bfff7a9daf5,experiment_v1_4/results/p5_metadata_audit_20260924_01/returned/probes/seed0_trained_l0_h_random_state_iid.json,P9,frozen evaluation input
9e172a2dc3914e7881d7d3f1c3e1647bd4956d25a895d816fea4ac74a3dc2fbc,7b2d459477d8230a35d23e1a25eb7b6acc92f943a1b474171fbdb35d19a15b31,experiment_v1_4/results/p5_metadata_audit_20260924_01/returned/probes/seed0_trained_l0_m_coordinate_128_A_iid.json,P9,frozen evaluation input
9e172a2dc3914e7881d7d3f1c3e1647bd4956d25a895d816fea4ac74a3dc2fbc,d53143776339e13dcf72ea773d25987c6fbecdbb210ecf1df48570bc9b4e6abf,experiment_v1_4/results/p5_metadata_audit_20260924_01/returned/probes/seed0_trained_l0_m_coordinate_128_B_iid.json,P9,frozen evaluation input
9e172a2dc3914e7881d7d3f1c3e1647bd4956d25a895d816fea4ac74a3dc2fbc,d5b3c43d75c33a0ceda39a8373756ec909a3cca56fd83749f74cc578ea5083d7,experiment_v1_4/results/p5_metadata_audit_20260924_01/returned/probes/seed0_trained_l0_m_coordinate_128_C_iid.json,P9,frozen evaluation input
9e172a2dc3914e7881d7d3f1c3e1647bd4956d25a895d816fea4ac74a3dc2fbc,a2e40eab5f335be142675d8af16de114296a806c40e72673c19f0f3007eaae5c,experiment_v1_4/results/p5_metadata_audit_20260924_01/returned/probes/seed0_trained_l0_m_coordinate_128_D_iid.json,P9,frozen evaluation input
9e172a2dc3914e7881d7d3f1c3e1647bd4956d25a895d816fea4ac74a3dc2fbc,d05ef5266e9b8587bfcda460389f0e5f2a609003d3a99923890669b4799389cc,experiment_v1_4/results/p5_metadata_audit_20260924_01/returned/probes/seed0_trained_l0_m_coordinate_128_current_iid.json,P9,frozen evaluation input
9e172a2dc3914e7881d7d3f1c3e1647bd4956d25a895d816fea4ac74a3dc2fbc,fde3194b4aa883a01a152f14e005e47c6e6e531612c168c7b4e823903fe4259f,experiment_v1_4/results/p5_metadata_audit_20260924_01/returned/probes/seed0_trained_l0_m_coordinate_128_current_transfer.json,P9,frozen evaluation input
9e172a2dc3914e7881d7d3f1c3e1647bd4956d25a895d816fea4ac74a3dc2fbc,5ddcad10bec469468e6f70da9492e183d5ff591843cb820d2a30cc7f56b8adc5,experiment_v1_4/results/p5_metadata_audit_20260924_01/returned/probes/seed0_trained_l0_m_coordinate_128_previous_iid.json,P9,frozen evaluation input
9e172a2dc3914e7881d7d3f1c3e1647bd4956d25a895d816fea4ac74a3dc2fbc,9e94cb3c1ac00dfcda473f5f6fd369adec6fe55687873232765ac3d7051b4c98,experiment_v1_4/results/p5_metadata_audit_20260924_01/returned/probes/seed0_trained_l0_m_coordinate_128_previous_transfer.json,P9,frozen evaluation input
9e172a2dc3914e7881d7d3f1c3e1647bd4956d25a895d816fea4ac74a3dc2fbc,5919556a1dc798b39914d7f4d145d1a60b7b53946c26222db040a9410b9fe795,experiment_v1_4/results/p5_metadata_audit_20260924_01/returned/probes/seed0_trained_l0_m_coordinate_128_query_iid.json,P9,frozen evaluation input
9e172a2dc3914e7881d7d3f1c3e1647bd4956d25a895d816fea4ac74a3dc2fbc,b7fe6af5c3445d199bb6cdda04923408a4f09aedb8a099b68380e3675b419629,experiment_v1_4/results/p5_metadata_audit_20260924_01/returned/probes/seed0_trained_l0_m_coordinate_128_state_iid.json,P9,frozen evaluation input
9e172a2dc3914e7881d7d3f1c3e1647bd4956d25a895d816fea4ac74a3dc2fbc,025887156482f75e164ad5cf494c515e5bc343324b4461e0601d8f60f27e9959,experiment_v1_4/results/p5_metadata_audit_20260924_01/returned/probes/seed0_trained_l0_m_coordinate_A_iid.json,P9,frozen evaluation input
9e172a2dc3914e7881d7d3f1c3e1647bd4956d25a895d816fea4ac74a3dc2fbc,24951f0a3442619aaf708d9f60062825400f6d0a8dd367e91d877c1cabeee1d6,experiment_v1_4/results/p5_metadata_audit_20260924_01/returned/probes/seed0_trained_l0_m_coordinate_B_iid.json,P9,frozen evaluation input
9e172a2dc3914e7881d7d3f1c3e1647bd4956d25a895d816fea4ac74a3dc2fbc,d8150162fe6f2b5cdbdeff098a1aaaf21cb7bf44e8a653f5ee95a26ece69bc2c,experiment_v1_4/results/p5_metadata_audit_20260924_01/returned/probes/seed0_trained_l0_m_coordinate_C_iid.json,P9,frozen evaluation input
9e172a2dc3914e7881d7d3f1c3e1647bd4956d25a895d816fea4ac74a3dc2fbc,0a0d95c941d7794d82b6b1d5c8e8ddbb4e27d5e0ee7d0628d6a94042712f2823,experiment_v1_4/results/p5_metadata_audit_20260924_01/returned/probes/seed0_trained_l0_m_coordinate_D_iid.json,P9,frozen evaluation input
9e172a2dc3914e7881d7d3f1c3e1647bd4956d25a895d816fea4ac74a3dc2fbc,bd39fda583a1b01dff59d8db18f7606ed06cbb42c1620f3ba8632545a8331563,experiment_v1_4/results/p5_metadata_audit_20260924_01/returned/probes/seed0_trained_l0_m_coordinate_current_iid.json,P9,frozen evaluation input
9e172a2dc3914e7881d7d3f1c3e1647bd4956d25a895d816fea4ac74a3dc2fbc,813147fecf6fa0ea446ecd526cf109307b24e587a41316cbbecb82df0ec5543c,experiment_v1_4/results/p5_metadata_audit_20260924_01/returned/probes/seed0_trained_l0_m_coordinate_current_transfer.json,P9,frozen evaluation input
9e172a2dc3914e7881d7d3f1c3e1647bd4956d25a895d816fea4ac74a3dc2fbc,88ec6223a0843938524418cd7af81d0be158dbcf41ec0f2561c7ea0179604c1d,experiment_v1_4/results/p5_metadata_audit_20260924_01/returned/probes/seed0_trained_l0_m_coordinate_previous_iid.json,P9,frozen evaluation input
9e172a2dc3914e7881d7d3f1c3e1647bd4956d25a895d816fea4ac74a3dc2fbc,77749779b282efb5ae8c89b52e8be7dfa3a09f69ebda78d8e2bf7e36ff338361,experiment_v1_4/results/p5_metadata_audit_20260924_01/returned/probes/seed0_trained_l0_m_coordinate_previous_transfer.json,P9,frozen evaluation input
9e172a2dc3914e7881d7d3f1c3e1647bd4956d25a895d816fea4ac74a3dc2fbc,807723dbbe250e8c9786317a9a7efe826f3313594c19cfd0a613af7418be2509,experiment_v1_4/results/p5_metadata_audit_20260924_01/returned/probes/seed0_trained_l0_m_coordinate_query_iid.json,P9,frozen evaluation input
9e172a2dc3914e7881d7d3f1c3e1647bd4956d25a895d816fea4ac74a3dc2fbc,cc9194895633973714c590b2ba71e12d9f8d45c3f5bd1c836822fbe967873ddf,experiment_v1_4/results/p5_metadata_audit_20260924_01/returned/probes/seed0_trained_l0_m_coordinate_state_iid.json,P9,frozen evaluation input
9e172a2dc3914e7881d7d3f1c3e1647bd4956d25a895d816fea4ac74a3dc2fbc,e2066f08de3d0ad1e4e117f617ccc2fbd5c609235ef480837dbeec42ec06bb99,experiment_v1_4/results/p5_metadata_audit_20260924_01/returned/probes/seed0_trained_l0_m_full_A_iid.json,P9,frozen evaluation input
9e172a2dc3914e7881d7d3f1c3e1647bd4956d25a895d816fea4ac74a3dc2fbc,42e177c7404b67faa9ebf567f366237ec8e78d1eea741ed8f24fedd1f8a29b71,experiment_v1_4/results/p5_metadata_audit_20260924_01/returned/probes/seed0_trained_l0_m_full_B_iid.json,P9,frozen evaluation input
9e172a2dc3914e7881d7d3f1c3e1647bd4956d25a895d816fea4ac74a3dc2fbc,0fc20a9f886820a29e8e9ab214244c9b122c26e42c7246e0f44f28fe53ba9ed4,experiment_v1_4/results/p5_metadata_audit_20260924_01/returned/probes/seed0_trained_l0_m_full_C_iid.json,P9,frozen evaluation input
9e172a2dc3914e7881d7d3f1c3e1647bd4956d25a895d816fea4ac74a3dc2fbc,0c94822552a45b2516b2afae869b4e7c082fc9a1c246df511c3c66b8ab2cbe00,experiment_v1_4/results/p5_metadata_audit_20260924_01/returned/probes/seed0_trained_l0_m_full_D_iid.json,P9,frozen evaluation input
9e172a2dc3914e7881d7d3f1c3e1647bd4956d25a895d816fea4ac74a3dc2fbc,c4f4ac7ac33ebd1edd5ad3bde74b8f3546d8084336f17254519ae3b342baa540,experiment_v1_4/results/p5_metadata_audit_20260924_01/returned/probes/seed0_trained_l0_m_full_current_iid.json,P9,frozen evaluation input
9e172a2dc3914e7881d7d3f1c3e1647bd4956d25a895d816fea4ac74a3dc2fbc,871d8aa610dcd9126e44198cde9f0510d43b27a083b851540b7a89f2420ecad0,experiment_v1_4/results/p5_metadata_audit_20260924_01/returned/probes/seed0_trained_l0_m_full_current_transfer.json,P9,frozen evaluation input
9e172a2dc3914e7881d7d3f1c3e1647bd4956d25a895d816fea4ac74a3dc2fbc,b914d946b9d287bc5906a4afda5d628959e59a3dab8fc4c65f75f46af68e5278,experiment_v1_4/results/p5_metadata_audit_20260924_01/returned/probes/seed0_trained_l0_m_full_previous_iid.json,P9,frozen evaluation input
9e172a2dc3914e7881d7d3f1c3e1647bd4956d25a895d816fea4ac74a3dc2fbc,c9ef4ec2b8582c4c8cdf920a4295cf2e97d639b96a93a97ca1c53fbab01802cc,experiment_v1_4/results/p5_metadata_audit_20260924_01/returned/probes/seed0_trained_l0_m_full_previous_transfer.json,P9,frozen evaluation input
9e172a2dc3914e7881d7d3f1c3e1647bd4956d25a895d816fea4ac74a3dc2fbc,43ff4ee397dfb66215c4a80d85f2f27c8b4aca35691b764872b698e7950db8f2,experiment_v1_4/results/p5_metadata_audit_20260924_01/returned/probes/seed0_trained_l0_m_full_query_iid.json,P9,frozen evaluation input
9e172a2dc3914e7881d7d3f1c3e1647bd4956d25a895d816fea4ac74a3dc2fbc,4f5635d2c9a37e16f9aadb4dfdf66586828dc3f81a3f66e3b38bd24b761cc621,experiment_v1_4/results/p5_metadata_audit_20260924_01/returned/probes/seed0_trained_l0_m_full_state_iid.json,P9,frozen evaluation input
9e172a2dc3914e7881d7d3f1c3e1647bd4956d25a895d816fea4ac74a3dc2fbc,579e6984b824b315a75aca6409a747a5915647c846a3dd65ac471bcd0780f2aa,experiment_v1_4/results/p5_metadata_audit_20260924_01/returned/probes/seed0_trained_l0_m_random_128_A_iid.json,P9,frozen evaluation input
9e172a2dc3914e7881d7d3f1c3e1647bd4956d25a895d816fea4ac74a3dc2fbc,3e4214185f1e243e152c8ba0f6e263342b7414653c6050fd45becab18a3a3a5d,experiment_v1_4/results/p5_metadata_audit_20260924_01/returned/probes/seed0_trained_l0_m_random_128_B_iid.json,P9,frozen evaluation input
9e172a2dc3914e7881d7d3f1c3e1647bd4956d25a895d816fea4ac74a3dc2fbc,d887bec7c0e83a058af1cea2a5063bfb381a8afe1021aab286a647505a8fca7d,experiment_v1_4/results/p5_metadata_audit_20260924_01/returned/probes/seed0_trained_l0_m_random_128_C_iid.json,P9,frozen evaluation input
9e172a2dc3914e7881d7d3f1c3e1647bd4956d25a895d816fea4ac74a3dc2fbc,8ec80daff60243460ff56a8a6256124821e4919c747c09db62753c62d9ba2d32,experiment_v1_4/results/p5_metadata_audit_20260924_01/returned/probes/seed0_trained_l0_m_random_128_D_iid.json,P9,frozen evaluation input
9e172a2dc3914e7881d7d3f1c3e1647bd4956d25a895d816fea4ac74a3dc2fbc,7147c5a32b01d88cf3690e805936aa48d210f285f36eaa9f5f0d05548f60730c,experiment_v1_4/results/p5_metadata_audit_20260924_01/returned/probes/seed0_trained_l0_m_random_128_current_iid.json,P9,frozen evaluation input
9e172a2dc3914e7881d7d3f1c3e1647bd4956d25a895d816fea4ac74a3dc2fbc,6a43cee16583628267ca4bf54ce4a3fb9384728c15213da54ca1a7d4fabcf402,experiment_v1_4/results/p5_metadata_audit_20260924_01/returned/probes/seed0_trained_l0_m_random_128_current_transfer.json,P9,frozen evaluation input
9e172a2dc3914e7881d7d3f1c3e1647bd4956d25a895d816fea4ac74a3dc2fbc,a6039e50954ef9487fb04ed50a0820b621e2522be319c5f9c93b83e8ae393019,experiment_v1_4/results/p5_metadata_audit_20260924_01/returned/probes/seed0_trained_l0_m_random_128_previous_iid.json,P9,frozen evaluation input
9e172a2dc3914e7881d7d3f1c3e1647bd4956d25a895d816fea4ac74a3dc2fbc,16495de9a153a4d4a89332b57da5e831d7b143426c8dd27f2d698cf9f28ca15c,experiment_v1_4/results/p5_metadata_audit_20260924_01/returned/probes/seed0_trained_l0_m_random_128_previous_transfer.json,P9,frozen evaluation input
9e172a2dc3914e7881d7d3f1c3e1647bd4956d25a895d816fea4ac74a3dc2fbc,b2fc3d43cfa3ae781fc82a45a9dfb3b584c2ab3ddfb021afad81f4708f7b96e3,experiment_v1_4/results/p5_metadata_audit_20260924_01/returned/probes/seed0_trained_l0_m_random_128_query_iid.json,P9,frozen evaluation input
9e172a2dc3914e7881d7d3f1c3e1647bd4956d25a895d816fea4ac74a3dc2fbc,cb6b3bd93335eb5b137386238aaac24b88fdd5d9c31761bed2a9524ac6b1c741,experiment_v1_4/results/p5_metadata_audit_20260924_01/returned/probes/seed0_trained_l0_m_random_128_state_iid.json,P9,frozen evaluation input
9e172a2dc3914e7881d7d3f1c3e1647bd4956d25a895d816fea4ac74a3dc2fbc,78819afca90c8d647aa68e80f502e753406e30d9299c57986f4e05ca30776487,experiment_v1_4/results/p5_metadata_audit_20260924_01/returned/probes/seed0_trained_l0_m_random_A_iid.json,P9,frozen evaluation input
9e172a2dc3914e7881d7d3f1c3e1647bd4956d25a895d816fea4ac74a3dc2fbc,431531cb2ac67796c4189ff319917080609980aa7778d279a538f7717c09bd63,experiment_v1_4/results/p5_metadata_audit_20260924_01/returned/probes/seed0_trained_l0_m_random_B_iid.json,P9,frozen evaluation input
9e172a2dc3914e7881d7d3f1c3e1647bd4956d25a895d816fea4ac74a3dc2fbc,57617d1b1f56d9123e4bffb706b9c36456e0fbb530e5be45b6ed6b4794b9c082,experiment_v1_4/results/p5_metadata_audit_20260924_01/returned/probes/seed0_trained_l0_m_random_C_iid.json,P9,frozen evaluation input
9e172a2dc3914e7881d7d3f1c3e1647bd4956d25a895d816fea4ac74a3dc2fbc,488bb35a6e7c6b3e1953672be380429eabeacc505ebb85c25a14721e0d014bfc,experiment_v1_4/results/p5_metadata_audit_20260924_01/returned/probes/seed0_trained_l0_m_random_D_iid.json,P9,frozen evaluation input
9e172a2dc3914e7881d7d3f1c3e1647bd4956d25a895d816fea4ac74a3dc2fbc,9021c8e16ad77424e708f5e172eafd9e126d045207e622dcf49b2e19d6ac83fb,experiment_v1_4/results/p5_metadata_audit_20260924_01/returned/probes/seed0_trained_l0_m_random_current_iid.json,P9,frozen evaluation input
9e172a2dc3914e7881d7d3f1c3e1647bd4956d25a895d816fea4ac74a3dc2fbc,8ef1d8a77fe217add2d0faee8c0e9f20e7e6a1bb54de1b9fa8cc95cfb9b8ed71,experiment_v1_4/results/p5_metadata_audit_20260924_01/returned/probes/seed0_trained_l0_m_random_current_transfer.json,P9,frozen evaluation input
9e172a2dc3914e7881d7d3f1c3e1647bd4956d25a895d816fea4ac74a3dc2fbc,eb797806d18393fb0ebd21d0082d691188fd1783c2a6ab0c3167d38c92877ecb,experiment_v1_4/results/p5_metadata_audit_20260924_01/returned/probes/seed0_trained_l0_m_random_previous_iid.json,P9,frozen evaluation input
9e172a2dc3914e7881d7d3f1c3e1647bd4956d25a895d816fea4ac74a3dc2fbc,75330cca20817ab075035c28adcff536a54eac95b2ac85b02dadb40b47bc1572,experiment_v1_4/results/p5_metadata_audit_20260924_01/returned/probes/seed0_trained_l0_m_random_previous_transfer.json,P9,frozen evaluation input
9e172a2dc3914e7881d7d3f1c3e1647bd4956d25a895d816fea4ac74a3dc2fbc,8cb9abae38777de098a6616b6a022883a4cc840c456b3eb38dedcc4f240c8ad9,experiment_v1_4/results/p5_metadata_audit_20260924_01/returned/probes/seed0_trained_l0_m_random_query_iid.json,P9,frozen evaluation input
9e172a2dc3914e7881d7d3f1c3e1647bd4956d25a895d816fea4ac74a3dc2fbc,ad30c73244c6385b4af28ba9f7dc8dd14e207187d4da0cbe8a40402fec7536fa,experiment_v1_4/results/p5_metadata_audit_20260924_01/returned/probes/seed0_trained_l0_m_random_state_iid.json,P9,frozen evaluation input
9e172a2dc3914e7881d7d3f1c3e1647bd4956d25a895d816fea4ac74a3dc2fbc,8f4161774fb98a65badb9d1477d27568cdc56ac669b8fa69dbe6813116f43cc3,experiment_v1_4/results/p5_metadata_audit_20260924_01/returned/probes/seed0_trained_l0_u_full_A_iid.json,P9,frozen evaluation input
9e172a2dc3914e7881d7d3f1c3e1647bd4956d25a895d816fea4ac74a3dc2fbc,c40f622261d924246cc6fe95f33ccdb2c8cd93977dcc2cb8a08fae4c2e9bbec5,experiment_v1_4/results/p5_metadata_audit_20260924_01/returned/probes/seed0_trained_l0_u_full_B_iid.json,P9,frozen evaluation input
9e172a2dc3914e7881d7d3f1c3e1647bd4956d25a895d816fea4ac74a3dc2fbc,10030608c3fd96ebaad646fdcd234b89db84c0ac89f25046133754d7090fcd56,experiment_v1_4/results/p5_metadata_audit_20260924_01/returned/probes/seed0_trained_l0_u_full_C_iid.json,P9,frozen evaluation input
9e172a2dc3914e7881d7d3f1c3e1647bd4956d25a895d816fea4ac74a3dc2fbc,2fa8ad67d706fd9482be7363a1e04b30ab9868430244ced5720fafcb4eec8782,experiment_v1_4/results/p5_metadata_audit_20260924_01/returned/probes/seed0_trained_l0_u_full_D_iid.json,P9,frozen evaluation input
9e172a2dc3914e7881d7d3f1c3e1647bd4956d25a895d816fea4ac74a3dc2fbc,825fc1c87b354adbe90de006e92d3ad5acf19b1357f63a28f75c7380fd96c00d,experiment_v1_4/results/p5_metadata_audit_20260924_01/returned/probes/seed0_trained_l0_u_full_current_iid.json,P9,frozen evaluation input
9e172a2dc3914e7881d7d3f1c3e1647bd4956d25a895d816fea4ac74a3dc2fbc,5ca6a0ee029c314d1dee51ddea413dab3ca55c8d508e9849eb442d5d245ba985,experiment_v1_4/results/p5_metadata_audit_20260924_01/returned/probes/seed0_trained_l0_u_full_current_transfer.json,P9,frozen evaluation input
9e172a2dc3914e7881d7d3f1c3e1647bd4956d25a895d816fea4ac74a3dc2fbc,cf2adfe77f501939eb8db89301614a1bdddd755c5ad11eb09f7b011f85ded915,experiment_v1_4/results/p5_metadata_audit_20260924_01/returned/probes/seed0_trained_l0_u_full_previous_iid.json,P9,frozen evaluation input
9e172a2dc3914e7881d7d3f1c3e1647bd4956d25a895d816fea4ac74a3dc2fbc,fd5700ce0e46bc3fc527fe0925439726d02fb8677603329653f31f6c07fa398e,experiment_v1_4/results/p5_metadata_audit_20260924_01/returned/probes/seed0_trained_l0_u_full_previous_transfer.json,P9,frozen evaluation input
9e172a2dc3914e7881d7d3f1c3e1647bd4956d25a895d816fea4ac74a3dc2fbc,6d060245a173bc4b1a9db8f52258212aa63a52b029ab09fbf5e8bd546ff89061,experiment_v1_4/results/p5_metadata_audit_20260924_01/returned/probes/seed0_trained_l0_u_full_query_iid.json,P9,frozen evaluation input
9e172a2dc3914e7881d7d3f1c3e1647bd4956d25a895d816fea4ac74a3dc2fbc,021e2313656ad3784f371b3c1e004291f26c09865144f443e9e2c115b3b0f2b4,experiment_v1_4/results/p5_metadata_audit_20260924_01/returned/probes/seed0_trained_l0_u_full_state_iid.json,P9,frozen evaluation input
9e172a2dc3914e7881d7d3f1c3e1647bd4956d25a895d816fea4ac74a3dc2fbc,02a5391bb6878ef3a3d97630ee978864dd0a5452644ef5007dcfab4e66ed1986,experiment_v1_4/results/p5_metadata_audit_20260924_01/returned/probes/seed0_trained_l11_h_full_A_iid.json,P9,frozen evaluation input
9e172a2dc3914e7881d7d3f1c3e1647bd4956d25a895d816fea4ac74a3dc2fbc,53e331a5a2630d706f092072d125de8779e16327a5fc4150b0188d747e28c1a0,experiment_v1_4/results/p5_metadata_audit_20260924_01/returned/probes/seed0_trained_l11_h_full_B_iid.json,P9,frozen evaluation input
9e172a2dc3914e7881d7d3f1c3e1647bd4956d25a895d816fea4ac74a3dc2fbc,e9a02f8dd02d77f143d7bb8a48f46956b2cbe2c099573da5f2491c27ebb41ec8,experiment_v1_4/results/p5_metadata_audit_20260924_01/returned/probes/seed0_trained_l11_h_full_C_iid.json,P9,frozen evaluation input
9e172a2dc3914e7881d7d3f1c3e1647bd4956d25a895d816fea4ac74a3dc2fbc,ad4e015ac35cd8886aa385464688360e6dc1b282ca058ad52cf01bd116912947,experiment_v1_4/results/p5_metadata_audit_20260924_01/returned/probes/seed0_trained_l11_h_full_D_iid.json,P9,frozen evaluation input
9e172a2dc3914e7881d7d3f1c3e1647bd4956d25a895d816fea4ac74a3dc2fbc,9305f76b9a97def820da45f0d3eb671893244199b786856f355ec56c77a8f9b5,experiment_v1_4/results/p5_metadata_audit_20260924_01/returned/probes/seed0_trained_l11_h_full_current_iid.json,P9,frozen evaluation input
9e172a2dc3914e7881d7d3f1c3e1647bd4956d25a895d816fea4ac74a3dc2fbc,39009fe71c71b877f4a5469818324ecdbe2abc73f02e0a623a55d8d51dddbab7,experiment_v1_4/results/p5_metadata_audit_20260924_01/returned/probes/seed0_trained_l11_h_full_current_transfer.json,P9,frozen evaluation input
9e172a2dc3914e7881d7d3f1c3e1647bd4956d25a895d816fea4ac74a3dc2fbc,8a1178f6ad6ad46d03bbeb6f3ec9eaf7ab42ea9cece18e84082eac9f3ce6cbc6,experiment_v1_4/results/p5_metadata_audit_20260924_01/returned/probes/seed0_trained_l11_h_full_previous_iid.json,P9,frozen evaluation input
9e172a2dc3914e7881d7d3f1c3e1647bd4956d25a895d816fea4ac74a3dc2fbc,ad8fbf8b24e4dd2d25ae6519bc4f3652837f4c2f6e17d49e79f8d90a5ccb5293,experiment_v1_4/results/p5_metadata_audit_20260924_01/returned/probes/seed0_trained_l11_h_full_previous_transfer.json,P9,frozen evaluation input
9e172a2dc3914e7881d7d3f1c3e1647bd4956d25a895d816fea4ac74a3dc2fbc,fb627bb77b769fe3f0650f0472866686222036402c91bdb95e80a638297fe682,experiment_v1_4/results/p5_metadata_audit_20260924_01/returned/probes/seed0_trained_l11_h_full_query_iid.json,P9,frozen evaluation input
9e172a2dc3914e7881d7d3f1c3e1647bd4956d25a895d816fea4ac74a3dc2fbc,98866e03b179df8a209c247645d730156da620fd0f9b2f319b090ef715e151a7,experiment_v1_4/results/p5_metadata_audit_20260924_01/returned/probes/seed0_trained_l11_h_full_state_iid.json,P9,frozen evaluation input
9e172a2dc3914e7881d7d3f1c3e1647bd4956d25a895d816fea4ac74a3dc2fbc,4db7c823a1d975c86fe95b81f7c035611a740c34703e4f6f32def5033e3e1e60,experiment_v1_4/results/p5_metadata_audit_20260924_01/returned/probes/seed0_trained_l11_m_full_A_iid.json,P9,frozen evaluation input
9e172a2dc3914e7881d7d3f1c3e1647bd4956d25a895d816fea4ac74a3dc2fbc,8f88ae03dec0ea048f47c383b70f34eb58615990cf66f088381dfa87c07415e1,experiment_v1_4/results/p5_metadata_audit_20260924_01/returned/probes/seed0_trained_l11_m_full_B_iid.json,P9,frozen evaluation input
9e172a2dc3914e7881d7d3f1c3e1647bd4956d25a895d816fea4ac74a3dc2fbc,ac0f53a6d3b254d26bf75ef6956fe5a51ee441fb99ba542115fa04dae94c429f,experiment_v1_4/results/p5_metadata_audit_20260924_01/returned/probes/seed0_trained_l11_m_full_C_iid.json,P9,frozen evaluation input
9e172a2dc3914e7881d7d3f1c3e1647bd4956d25a895d816fea4ac74a3dc2fbc,16dfa1a48288ce9deb524b35cdce6655da56b0fec7fae3e7208689c2b27ee0c5,experiment_v1_4/results/p5_metadata_audit_20260924_01/returned/probes/seed0_trained_l11_m_full_D_iid.json,P9,frozen evaluation input
9e172a2dc3914e7881d7d3f1c3e1647bd4956d25a895d816fea4ac74a3dc2fbc,88fe2429fd80a60aba8c6c4eecb7895a31360370405da7e65143cccad3a2227d,experiment_v1_4/results/p5_metadata_audit_20260924_01/returned/probes/seed0_trained_l11_m_full_current_iid.json,P9,frozen evaluation input
9e172a2dc3914e7881d7d3f1c3e1647bd4956d25a895d816fea4ac74a3dc2fbc,a0131ed36dd85ab6956ef691799d9e299fbf186fcf836732e2a692d19c74bd94,experiment_v1_4/results/p5_metadata_audit_20260924_01/returned/probes/seed0_trained_l11_m_full_current_transfer.json,P9,frozen evaluation input
9e172a2dc3914e7881d7d3f1c3e1647bd4956d25a895d816fea4ac74a3dc2fbc,175446ab22bf359d5e0c94c8e361ccf74571b67f1fedebe4d2626c1941dae0c7,experiment_v1_4/results/p5_metadata_audit_20260924_01/returned/probes/seed0_trained_l11_m_full_previous_iid.json,P9,frozen evaluation input
9e172a2dc3914e7881d7d3f1c3e1647bd4956d25a895d816fea4ac74a3dc2fbc,f77989a49a9745b3e6e37f1f68fc3b85a53f071ab576835e106e767d15024e4d,experiment_v1_4/results/p5_metadata_audit_20260924_01/returned/probes/seed0_trained_l11_m_full_previous_transfer.json,P9,frozen evaluation input
9e172a2dc3914e7881d7d3f1c3e1647bd4956d25a895d816fea4ac74a3dc2fbc,ad2a7320a5f655e6ea8506566ff5516dce80542b10c8a9a77364a62e67a45d64,experiment_v1_4/results/p5_metadata_audit_20260924_01/returned/probes/seed0_trained_l11_m_full_query_iid.json,P9,frozen evaluation input
9e172a2dc3914e7881d7d3f1c3e1647bd4956d25a895d816fea4ac74a3dc2fbc,e3d7069aaa3071ba51daff791e71be05c47a361b35f9ebfd482444c1a1d1d73a,experiment_v1_4/results/p5_metadata_audit_20260924_01/returned/probes/seed0_trained_l11_m_full_state_iid.json,P9,frozen evaluation input
9e172a2dc3914e7881d7d3f1c3e1647bd4956d25a895d816fea4ac74a3dc2fbc,10e00b56f40dee5a2fa373ccbb80edf8631554f46addb59f8833ef1c6807a08f,experiment_v1_4/results/p5_metadata_audit_20260924_01/returned/probes/seed0_trained_l11_u_full_A_iid.json,P9,frozen evaluation input
9e172a2dc3914e7881d7d3f1c3e1647bd4956d25a895d816fea4ac74a3dc2fbc,6bf5f5717c427f08ba361d7b5a06e5e828a9b414bc95ad3afc02752b38916970,experiment_v1_4/results/p5_metadata_audit_20260924_01/returned/probes/seed0_trained_l11_u_full_B_iid.json,P9,frozen evaluation input
9e172a2dc3914e7881d7d3f1c3e1647bd4956d25a895d816fea4ac74a3dc2fbc,ca957952e3475679e1a8f500a8ce66af9b5883b1dc5e6cbaf04f458fbf29a761,experiment_v1_4/results/p5_metadata_audit_20260924_01/returned/probes/seed0_trained_l11_u_full_C_iid.json,P9,frozen evaluation input
9e172a2dc3914e7881d7d3f1c3e1647bd4956d25a895d816fea4ac74a3dc2fbc,214ba206e86e47196c1e58be22d1620a4c92f794831bafba21f6168ddfc26d1b,experiment_v1_4/results/p5_metadata_audit_20260924_01/returned/probes/seed0_trained_l11_u_full_D_iid.json,P9,frozen evaluation input
9e172a2dc3914e7881d7d3f1c3e1647bd4956d25a895d816fea4ac74a3dc2fbc,7770c63007d572e8ad5d20aeb6536d42f96f037d37c9094fb0e21c7f1a3e98e1,experiment_v1_4/results/p5_metadata_audit_20260924_01/returned/probes/seed0_trained_l11_u_full_current_iid.json,P9,frozen evaluation input
9e172a2dc3914e7881d7d3f1c3e1647bd4956d25a895d816fea4ac74a3dc2fbc,f55c648d9f2f7de9eda90f646f3486eec5d7ff8c74d34daaa752bad3f2ccee14,experiment_v1_4/results/p5_metadata_audit_20260924_01/returned/probes/seed0_trained_l11_u_full_current_transfer.json,P9,frozen evaluation input
9e172a2dc3914e7881d7d3f1c3e1647bd4956d25a895d816fea4ac74a3dc2fbc,5d71dcb8219ff0bd2feab1be784c377ded6b1b2e7fc8ada35031778eb3b4e164,experiment_v1_4/results/p5_metadata_audit_20260924_01/returned/probes/seed0_trained_l11_u_full_previous_iid.json,P9,frozen evaluation input
9e172a2dc3914e7881d7d3f1c3e1647bd4956d25a895d816fea4ac74a3dc2fbc,f3eea60bfbf6b499f8eb9cf409bde4991afd5e2536309a0118f2be570d9dfdfa,experiment_v1_4/results/p5_metadata_audit_20260924_01/returned/probes/seed0_trained_l11_u_full_previous_transfer.json,P9,frozen evaluation input
9e172a2dc3914e7881d7d3f1c3e1647bd4956d25a895d816fea4ac74a3dc2fbc,05ca04a6a4d556a87cb8c9a92d7dc6a731ed05af574322038023b6438fd37f6a,experiment_v1_4/results/p5_metadata_audit_20260924_01/returned/probes/seed0_trained_l11_u_full_query_iid.json,P9,frozen evaluation input
9e172a2dc3914e7881d7d3f1c3e1647bd4956d25a895d816fea4ac74a3dc2fbc,7742a84c0610d3bee59a4c309605405d669c7431a3262db7032e205c1abaebde,experiment_v1_4/results/p5_metadata_audit_20260924_01/returned/probes/seed0_trained_l11_u_full_state_iid.json,P9,frozen evaluation input
9e172a2dc3914e7881d7d3f1c3e1647bd4956d25a895d816fea4ac74a3dc2fbc,e3dc80f73f6b612f250ee9ad5be55823df8ace7444e435f3da13ae9d3dc2c67d,experiment_v1_4/results/p5_metadata_audit_20260924_01/returned/probes/seed0_trained_l3_h_full_A_iid.json,P9,frozen evaluation input
9e172a2dc3914e7881d7d3f1c3e1647bd4956d25a895d816fea4ac74a3dc2fbc,5598af36c6cc8c90ea4ab9934f4b807f35e9fe08405237c86cfccb295cc5de04,experiment_v1_4/results/p5_metadata_audit_20260924_01/returned/probes/seed0_trained_l3_h_full_B_iid.json,P9,frozen evaluation input
9e172a2dc3914e7881d7d3f1c3e1647bd4956d25a895d816fea4ac74a3dc2fbc,593aa4c554095570a8c14f9d66a12a285eb4c5bde15ca18f8a300d6d8c98b4c3,experiment_v1_4/results/p5_metadata_audit_20260924_01/returned/probes/seed0_trained_l3_h_full_C_iid.json,P9,frozen evaluation input
9e172a2dc3914e7881d7d3f1c3e1647bd4956d25a895d816fea4ac74a3dc2fbc,3f4d7f57b88f6806253701c9f5b189632e1bf2899bc531a67f02f300b1f64cae,experiment_v1_4/results/p5_metadata_audit_20260924_01/returned/probes/seed0_trained_l3_h_full_D_iid.json,P9,frozen evaluation input
9e172a2dc3914e7881d7d3f1c3e1647bd4956d25a895d816fea4ac74a3dc2fbc,dc3b2a4f215719d28021f4830836b99109d9af123c207469648a66aba5e53663,experiment_v1_4/results/p5_metadata_audit_20260924_01/returned/probes/seed0_trained_l3_h_full_current_iid.json,P9,frozen evaluation input
9e172a2dc3914e7881d7d3f1c3e1647bd4956d25a895d816fea4ac74a3dc2fbc,9c7462ddb080c46feca1c788c3e6ab3bf8f011c523ff21e8f8332845a162cf8c,experiment_v1_4/results/p5_metadata_audit_20260924_01/returned/probes/seed0_trained_l3_h_full_current_transfer.json,P9,frozen evaluation input
9e172a2dc3914e7881d7d3f1c3e1647bd4956d25a895d816fea4ac74a3dc2fbc,f6689d0865dc77ddc8521999705b94e45e71b6929b01554e7d670234679335f8,experiment_v1_4/results/p5_metadata_audit_20260924_01/returned/probes/seed0_trained_l3_h_full_previous_iid.json,P9,frozen evaluation input
9e172a2dc3914e7881d7d3f1c3e1647bd4956d25a895d816fea4ac74a3dc2fbc,4a4c49b3a17659afa9c8f0a55d7a05f5383f58bb90e1b850447bb8acacf224f9,experiment_v1_4/results/p5_metadata_audit_20260924_01/returned/probes/seed0_trained_l3_h_full_previous_transfer.json,P9,frozen evaluation input
9e172a2dc3914e7881d7d3f1c3e1647bd4956d25a895d816fea4ac74a3dc2fbc,fddf94aa217cf84eec233a30f1324ebb9af6f5f79ef5c59540705631fd07ae0c,experiment_v1_4/results/p5_metadata_audit_20260924_01/returned/probes/seed0_trained_l3_h_full_query_iid.json,P9,frozen evaluation input
9e172a2dc3914e7881d7d3f1c3e1647bd4956d25a895d816fea4ac74a3dc2fbc,c258d8cb4954eb215e841e34c3d31d7772a0cfac8e3c40d24643e317f9db69b6,experiment_v1_4/results/p5_metadata_audit_20260924_01/returned/probes/seed0_trained_l3_h_full_state_iid.json,P9,frozen evaluation input
9e172a2dc3914e7881d7d3f1c3e1647bd4956d25a895d816fea4ac74a3dc2fbc,e70cd3d497cae489a19118f64f3c3682bdbad1909fc6df2a09a282db7b1a6ca7,experiment_v1_4/results/p5_metadata_audit_20260924_01/returned/probes/seed0_trained_l3_m_full_A_iid.json,P9,frozen evaluation input
9e172a2dc3914e7881d7d3f1c3e1647bd4956d25a895d816fea4ac74a3dc2fbc,61266211131ad8c5ffbbe7c986fcc99b78b865574567d9e652fb2922ac2f0601,experiment_v1_4/results/p5_metadata_audit_20260924_01/returned/probes/seed0_trained_l3_m_full_B_iid.json,P9,frozen evaluation input
9e172a2dc3914e7881d7d3f1c3e1647bd4956d25a895d816fea4ac74a3dc2fbc,7b7b2a491e89920a7cfc84ba439101cd453cf32cfdfb31ff96b27a2c4a72b94b,experiment_v1_4/results/p5_metadata_audit_20260924_01/returned/probes/seed0_trained_l3_m_full_C_iid.json,P9,frozen evaluation input
9e172a2dc3914e7881d7d3f1c3e1647bd4956d25a895d816fea4ac74a3dc2fbc,74b8658f1c8dccecdad7210124476c4d00c7ba3cd1594a6e0ef2b5dee80973a7,experiment_v1_4/results/p5_metadata_audit_20260924_01/returned/probes/seed0_trained_l3_m_full_D_iid.json,P9,frozen evaluation input
9e172a2dc3914e7881d7d3f1c3e1647bd4956d25a895d816fea4ac74a3dc2fbc,61a639c9c82b2c5ff6379d4f8a70894f30a582f3b988f5f37770b846fa248d2f,experiment_v1_4/results/p5_metadata_audit_20260924_01/returned/probes/seed0_trained_l3_m_full_current_iid.json,P9,frozen evaluation input
9e172a2dc3914e7881d7d3f1c3e1647bd4956d25a895d816fea4ac74a3dc2fbc,978b48383908f8aa5a033454eebfb587ca8bec1ad7bddd8bc2b2f730072238df,experiment_v1_4/results/p5_metadata_audit_20260924_01/returned/probes/seed0_trained_l3_m_full_current_transfer.json,P9,frozen evaluation input
9e172a2dc3914e7881d7d3f1c3e1647bd4956d25a895d816fea4ac74a3dc2fbc,2d13493bce7492108b4dd11e1b5d9f8528e0559082d2016b3d365583af991abb,experiment_v1_4/results/p5_metadata_audit_20260924_01/returned/probes/seed0_trained_l3_m_full_previous_iid.json,P9,frozen evaluation input
9e172a2dc3914e7881d7d3f1c3e1647bd4956d25a895d816fea4ac74a3dc2fbc,dc760300d3d9defca3a83bac25facf7ad8032db5d516088e3e44eb282b4f1fde,experiment_v1_4/results/p5_metadata_audit_20260924_01/returned/probes/seed0_trained_l3_m_full_previous_transfer.json,P9,frozen evaluation input
9e172a2dc3914e7881d7d3f1c3e1647bd4956d25a895d816fea4ac74a3dc2fbc,5bd4228e5c6fdb9b985256db247e38b1f32d3550b7c2d9b84a37964875075267,experiment_v1_4/results/p5_metadata_audit_20260924_01/returned/probes/seed0_trained_l3_m_full_query_iid.json,P9,frozen evaluation input
9e172a2dc3914e7881d7d3f1c3e1647bd4956d25a895d816fea4ac74a3dc2fbc,1aa482dafb3443d15112f76a603303083dd504f8ffe56eac818da3dcb3236c09,experiment_v1_4/results/p5_metadata_audit_20260924_01/returned/probes/seed0_trained_l3_m_full_state_iid.json,P9,frozen evaluation input
9e172a2dc3914e7881d7d3f1c3e1647bd4956d25a895d816fea4ac74a3dc2fbc,6044082ffb3cd89ca47ef9a259a65bc59866299436c69bba579176902cef03e8,experiment_v1_4/results/p5_metadata_audit_20260924_01/returned/probes/seed0_trained_l3_u_full_A_iid.json,P9,frozen evaluation input
9e172a2dc3914e7881d7d3f1c3e1647bd4956d25a895d816fea4ac74a3dc2fbc,ed50dea8a182719ee0e0240d1d761e7dd788eea652fa85b548291f98b4579c80,experiment_v1_4/results/p5_metadata_audit_20260924_01/returned/probes/seed0_trained_l3_u_full_B_iid.json,P9,frozen evaluation input
9e172a2dc3914e7881d7d3f1c3e1647bd4956d25a895d816fea4ac74a3dc2fbc,c5fb4c4d03fd286ff6ccf52bb9eba8ca70f30de1e68a5ed410b3d2f5f85ce7f9,experiment_v1_4/results/p5_metadata_audit_20260924_01/returned/probes/seed0_trained_l3_u_full_C_iid.json,P9,frozen evaluation input
9e172a2dc3914e7881d7d3f1c3e1647bd4956d25a895d816fea4ac74a3dc2fbc,f6d8e54de32d86d88661ac023df58082482848137e6f4ebb9c42eb908207a910,experiment_v1_4/results/p5_metadata_audit_20260924_01/returned/probes/seed0_trained_l3_u_full_D_iid.json,P9,frozen evaluation input
9e172a2dc3914e7881d7d3f1c3e1647bd4956d25a895d816fea4ac74a3dc2fbc,8728011f91074cdb3141ecfd9667c0843d9ed6dd7897db8d84209c39e227bfa1,experiment_v1_4/results/p5_metadata_audit_20260924_01/returned/probes/seed0_trained_l3_u_full_current_iid.json,P9,frozen evaluation input
9e172a2dc3914e7881d7d3f1c3e1647bd4956d25a895d816fea4ac74a3dc2fbc,f0f9f6a4e7ae821dd4b8ac927b4d7bf79d98640bf39449af9a6f4044c531497a,experiment_v1_4/results/p5_metadata_audit_20260924_01/returned/probes/seed0_trained_l3_u_full_current_transfer.json,P9,frozen evaluation input
9e172a2dc3914e7881d7d3f1c3e1647bd4956d25a895d816fea4ac74a3dc2fbc,aa5611a8054fc227f8bb27c5dcc0475dba670b8caf564dbfa093ea5c0c64c7c0,experiment_v1_4/results/p5_metadata_audit_20260924_01/returned/probes/seed0_trained_l3_u_full_previous_iid.json,P9,frozen evaluation input
9e172a2dc3914e7881d7d3f1c3e1647bd4956d25a895d816fea4ac74a3dc2fbc,9a33bf7767530a4415e94b86cc8ef741560f395831694af5b92ffcb44ec90d2a,experiment_v1_4/results/p5_metadata_audit_20260924_01/returned/probes/seed0_trained_l3_u_full_previous_transfer.json,P9,frozen evaluation input
9e172a2dc3914e7881d7d3f1c3e1647bd4956d25a895d816fea4ac74a3dc2fbc,dae5771c7a4e4af3ef78e495b8e02d79f03175322e199fe68176b3d20a8e8166,experiment_v1_4/results/p5_metadata_audit_20260924_01/returned/probes/seed0_trained_l3_u_full_query_iid.json,P9,frozen evaluation input
9e172a2dc3914e7881d7d3f1c3e1647bd4956d25a895d816fea4ac74a3dc2fbc,a38627ab020e1fe5c344445b0b0782837c05430455f5b0fcd655d6e26fbc6a08,experiment_v1_4/results/p5_metadata_audit_20260924_01/returned/probes/seed0_trained_l3_u_full_state_iid.json,P9,frozen evaluation input
9e172a2dc3914e7881d7d3f1c3e1647bd4956d25a895d816fea4ac74a3dc2fbc,2f5265b4185b9ae186576d097558d22a578d2b9829f18908a2063cffc3c7aa15,experiment_v1_4/results/p5_metadata_audit_20260924_01/returned/probes/seed0_trained_l7_h_full_A_iid.json,P9,frozen evaluation input
9e172a2dc3914e7881d7d3f1c3e1647bd4956d25a895d816fea4ac74a3dc2fbc,73ed4f4c4f8cac31ede9cd1ceb2d3c13f9217d369fb3a0fbc01976baa1b14f0a,experiment_v1_4/results/p5_metadata_audit_20260924_01/returned/probes/seed0_trained_l7_h_full_B_iid.json,P9,frozen evaluation input
9e172a2dc3914e7881d7d3f1c3e1647bd4956d25a895d816fea4ac74a3dc2fbc,bba6b980b9ca972d0cff08b6d91208739f82284f1e5d6eac95b834e5d7523253,experiment_v1_4/results/p5_metadata_audit_20260924_01/returned/probes/seed0_trained_l7_h_full_C_iid.json,P9,frozen evaluation input
9e172a2dc3914e7881d7d3f1c3e1647bd4956d25a895d816fea4ac74a3dc2fbc,52fc4ebf50cfac33d54654cbcf956c79d6708464caa63390ac0d207e428645d3,experiment_v1_4/results/p5_metadata_audit_20260924_01/returned/probes/seed0_trained_l7_h_full_D_iid.json,P9,frozen evaluation input
9e172a2dc3914e7881d7d3f1c3e1647bd4956d25a895d816fea4ac74a3dc2fbc,655a33accc1bd3fc8acb789ba72809e109a1ce45aa9826e753d48f8f7aac469b,experiment_v1_4/results/p5_metadata_audit_20260924_01/returned/probes/seed0_trained_l7_h_full_current_iid.json,P9,frozen evaluation input
9e172a2dc3914e7881d7d3f1c3e1647bd4956d25a895d816fea4ac74a3dc2fbc,1ddc2478e97164c38a7a9cea642a8811936940d36ec5e3b230b6346dc23b7048,experiment_v1_4/results/p5_metadata_audit_20260924_01/returned/probes/seed0_trained_l7_h_full_current_transfer.json,P9,frozen evaluation input
9e172a2dc3914e7881d7d3f1c3e1647bd4956d25a895d816fea4ac74a3dc2fbc,21303b8f37a30a6fad56a20886ea5c4652dfb3b852246ecc007ad0a183d5e1e0,experiment_v1_4/results/p5_metadata_audit_20260924_01/returned/probes/seed0_trained_l7_h_full_previous_iid.json,P9,frozen evaluation input
9e172a2dc3914e7881d7d3f1c3e1647bd4956d25a895d816fea4ac74a3dc2fbc,5a0ffecbaf167f1c0fd6c81cbd6d75c1939b2db7644f5c281b5702db406758be,experiment_v1_4/results/p5_metadata_audit_20260924_01/returned/probes/seed0_trained_l7_h_full_previous_transfer.json,P9,frozen evaluation input
9e172a2dc3914e7881d7d3f1c3e1647bd4956d25a895d816fea4ac74a3dc2fbc,7ea56c64be049e58adcb6d5adf7814a275996e1b5f4146c303da7ccb7f7b7c1d,experiment_v1_4/results/p5_metadata_audit_20260924_01/returned/probes/seed0_trained_l7_h_full_query_iid.json,P9,frozen evaluation input
9e172a2dc3914e7881d7d3f1c3e1647bd4956d25a895d816fea4ac74a3dc2fbc,d580dceddefd5c4c57f159c3ee7aa5fd685a0785976fd9668f29f1df5ad4e209,experiment_v1_4/results/p5_metadata_audit_20260924_01/returned/probes/seed0_trained_l7_h_full_state_iid.json,P9,frozen evaluation input
9e172a2dc3914e7881d7d3f1c3e1647bd4956d25a895d816fea4ac74a3dc2fbc,1d913670a90aab720c7289283997932343ec8911b1fa158a9c7135a02637227f,experiment_v1_4/results/p5_metadata_audit_20260924_01/returned/probes/seed0_trained_l7_m_full_A_iid.json,P9,frozen evaluation input
9e172a2dc3914e7881d7d3f1c3e1647bd4956d25a895d816fea4ac74a3dc2fbc,20e515721a231e43b579507bc9aa425d580530b57930246dc65f2bc4bed5d6c1,experiment_v1_4/results/p5_metadata_audit_20260924_01/returned/probes/seed0_trained_l7_m_full_B_iid.json,P9,frozen evaluation input
9e172a2dc3914e7881d7d3f1c3e1647bd4956d25a895d816fea4ac74a3dc2fbc,264aea7dc00d84cd2249d3755fe5e2cd2730cc9b60b0b89cc9e50d134860b880,experiment_v1_4/results/p5_metadata_audit_20260924_01/returned/probes/seed0_trained_l7_m_full_C_iid.json,P9,frozen evaluation input
9e172a2dc3914e7881d7d3f1c3e1647bd4956d25a895d816fea4ac74a3dc2fbc,56e2e19e045863866010b16d390691c137ef2ddd36feeac83bbffb7556e8326e,experiment_v1_4/results/p5_metadata_audit_20260924_01/returned/probes/seed0_trained_l7_m_full_D_iid.json,P9,frozen evaluation input
9e172a2dc3914e7881d7d3f1c3e1647bd4956d25a895d816fea4ac74a3dc2fbc,4d5ffca273e00012920648ee206b9f93e489e529e6506c2644a6b1c0b3e42674,experiment_v1_4/results/p5_metadata_audit_20260924_01/returned/probes/seed0_trained_l7_m_full_current_iid.json,P9,frozen evaluation input
9e172a2dc3914e7881d7d3f1c3e1647bd4956d25a895d816fea4ac74a3dc2fbc,6e0e8c892113d933ece985c7affa20cdc3bbe53fa73c15154f409df718941516,experiment_v1_4/results/p5_metadata_audit_20260924_01/returned/probes/seed0_trained_l7_m_full_current_transfer.json,P9,frozen evaluation input
9e172a2dc3914e7881d7d3f1c3e1647bd4956d25a895d816fea4ac74a3dc2fbc,d02f6f6c6a031da956bfdf09eb1489b940334019d75944317e7a215b6112aee9,experiment_v1_4/results/p5_metadata_audit_20260924_01/returned/probes/seed0_trained_l7_m_full_previous_iid.json,P9,frozen evaluation input
9e172a2dc3914e7881d7d3f1c3e1647bd4956d25a895d816fea4ac74a3dc2fbc,f2dbed41626ce636e61aeafdf6fd022d57ad2e34e45c6544a5fc007f5963ac29,experiment_v1_4/results/p5_metadata_audit_20260924_01/returned/probes/seed0_trained_l7_m_full_previous_transfer.json,P9,frozen evaluation input
9e172a2dc3914e7881d7d3f1c3e1647bd4956d25a895d816fea4ac74a3dc2fbc,2628aee1686c65859e2b1977f19a0ff4d632e0f8cb2522d99c454d68e4c4e4da,experiment_v1_4/results/p5_metadata_audit_20260924_01/returned/probes/seed0_trained_l7_m_full_query_iid.json,P9,frozen evaluation input
9e172a2dc3914e7881d7d3f1c3e1647bd4956d25a895d816fea4ac74a3dc2fbc,f6561a4065bc47a6da839d4ba684285d3946dcfa768b3d3462a57910c1610a47,experiment_v1_4/results/p5_metadata_audit_20260924_01/returned/probes/seed0_trained_l7_m_full_state_iid.json,P9,frozen evaluation input
9e172a2dc3914e7881d7d3f1c3e1647bd4956d25a895d816fea4ac74a3dc2fbc,1fbdb4e3ddcd121cd64c6f059d10de5af4b3e6651c3f63c6b5cea29ed14fc83a,experiment_v1_4/results/p5_metadata_audit_20260924_01/returned/probes/seed0_trained_l7_u_full_A_iid.json,P9,frozen evaluation input
9e172a2dc3914e7881d7d3f1c3e1647bd4956d25a895d816fea4ac74a3dc2fbc,5e7895f268a678a8a639072eec96b62bb152ed1abdf8b91ccb50afaeb0e3c98b,experiment_v1_4/results/p5_metadata_audit_20260924_01/returned/probes/seed0_trained_l7_u_full_B_iid.json,P9,frozen evaluation input
9e172a2dc3914e7881d7d3f1c3e1647bd4956d25a895d816fea4ac74a3dc2fbc,406cb0273adc6ba9a6f337902dc76db99990f06e4cf561767e04c5c66a2eabf4,experiment_v1_4/results/p5_metadata_audit_20260924_01/returned/probes/seed0_trained_l7_u_full_C_iid.json,P9,frozen evaluation input
9e172a2dc3914e7881d7d3f1c3e1647bd4956d25a895d816fea4ac74a3dc2fbc,68abe88b1fdb8498f4e0510f9d7fff8f43ae6545c06d7b6890e004f1c7d7a61c,experiment_v1_4/results/p5_metadata_audit_20260924_01/returned/probes/seed0_trained_l7_u_full_D_iid.json,P9,frozen evaluation input
9e172a2dc3914e7881d7d3f1c3e1647bd4956d25a895d816fea4ac74a3dc2fbc,8ce3ef648e3c7d0c8750533475ef5ad3cb97e1f7d67a175c4e75277edc184ace,experiment_v1_4/results/p5_metadata_audit_20260924_01/returned/probes/seed0_trained_l7_u_full_current_iid.json,P9,frozen evaluation input
9e172a2dc3914e7881d7d3f1c3e1647bd4956d25a895d816fea4ac74a3dc2fbc,d9f9fec421ac34fbf6d6d235f67ea642888c31f858873a9f3c2ab750cb8ed0e9,experiment_v1_4/results/p5_metadata_audit_20260924_01/returned/probes/seed0_trained_l7_u_full_current_transfer.json,P9,frozen evaluation input
9e172a2dc3914e7881d7d3f1c3e1647bd4956d25a895d816fea4ac74a3dc2fbc,a8a7db43151af7005d7c5968181395b2f797fc98a29cffda1c3ba864391597cd,experiment_v1_4/results/p5_metadata_audit_20260924_01/returned/probes/seed0_trained_l7_u_full_previous_iid.json,P9,frozen evaluation input
9e172a2dc3914e7881d7d3f1c3e1647bd4956d25a895d816fea4ac74a3dc2fbc,7b77edfd252322541fd3d1aa8fab62540336b87fb0bfde4e8b7418e3a18273bb,experiment_v1_4/results/p5_metadata_audit_20260924_01/returned/probes/seed0_trained_l7_u_full_previous_transfer.json,P9,frozen evaluation input
9e172a2dc3914e7881d7d3f1c3e1647bd4956d25a895d816fea4ac74a3dc2fbc,b116aa17b72e740a1c0ebb957048429ae21a9d2ac5a32c86fb7bb6ed0920a799,experiment_v1_4/results/p5_metadata_audit_20260924_01/returned/probes/seed0_trained_l7_u_full_query_iid.json,P9,frozen evaluation input
9e172a2dc3914e7881d7d3f1c3e1647bd4956d25a895d816fea4ac74a3dc2fbc,d90463e8d27b5cd2479e8eea3def1ed1ea9119cae2bbce862844e9ab2247208d,experiment_v1_4/results/p5_metadata_audit_20260924_01/returned/probes/seed0_trained_l7_u_full_state_iid.json,P9,frozen evaluation input
9e172a2dc3914e7881d7d3f1c3e1647bd4956d25a895d816fea4ac74a3dc2fbc,3c2617a349cf7b405c22e5793e273fb65b752be6e9dd33eedb038e575a308d52,experiment_v1_4/results/p7_return_audit_20260927_01/returned/tables/causal.csv,P9,frozen evaluation input
9e172a2dc3914e7881d7d3f1c3e1647bd4956d25a895d816fea4ac74a3dc2fbc,958b8a950f91319b21bc5fc96d185fd992e8a9b92ffb6ac8bf23c5db5d17aece,experiment_v1_4/results/p7_return_audit_20260927_01/returned/tables/fidelity.csv,P9,frozen evaluation input
9e172a2dc3914e7881d7d3f1c3e1647bd4956d25a895d816fea4ac74a3dc2fbc,e085a2a88c32d3a7a2dd7b508fc8f6bb97ce5288d082498c3bfdb1e5b7342154,experiment_v1_4/results/p7_return_audit_20260927_01/returned/tables/replacement.csv,P9,frozen evaluation input
9e172a2dc3914e7881d7d3f1c3e1647bd4956d25a895d816fea4ac74a3dc2fbc,f784a4666cfd80b62a037571151ad53ef17c1af36a375fe3936d2f00102e6e8e,experiment_v1_4/results/p7_return_audit_20260927_01/returned/tables/semantic.csv,P9,frozen evaluation input
9e172a2dc3914e7881d7d3f1c3e1647bd4956d25a895d816fea4ac74a3dc2fbc,04483d21d073488cda73c7def6bec9898c6de90b774f37ab0c783232de420db7,experiment_v1_4/results/p8_return_audit_20260929_01/returned_metadata/tables/causal.csv,P9,frozen evaluation input
9e172a2dc3914e7881d7d3f1c3e1647bd4956d25a895d816fea4ac74a3dc2fbc,d06638bbb7882095063fd1512dff87eddc4226a184682177448e76c2441c67e5,experiment_v1_4/results/p8_return_audit_20260929_01/returned_metadata/tables/fidelity.csv,P9,frozen evaluation input
9e172a2dc3914e7881d7d3f1c3e1647bd4956d25a895d816fea4ac74a3dc2fbc,5fce29fcbc9daec2d36fe64b7338811e0be033a86d4d1e118ab6fa609aabfa5e,experiment_v1_4/results/p8_return_audit_20260929_01/returned_metadata/tables/replacement.csv,P9,frozen evaluation input
9e172a2dc3914e7881d7d3f1c3e1647bd4956d25a895d816fea4ac74a3dc2fbc,446826cd565c3077f955fbe8542b38bc86843ecb07d44586c45c35402da6e3e0,experiment_v1_4/results/p8_return_audit_20260929_01/returned_metadata/tables/semantic.csv,P9,frozen evaluation input
9e172a2dc3914e7881d7d3f1c3e1647bd4956d25a895d816fea4ac74a3dc2fbc,1d051b15beccf09aed4ce1787a4374ba9fcb8ebfa6f9ae37e210cf01c014a581,experiment_v1_4/results/p9_training_audit_20260930_01/REPORT.md,P9,frozen evaluation input
9e172a2dc3914e7881d7d3f1c3e1647bd4956d25a895d816fea4ac74a3dc2fbc,a68f553ae7fbc8393336cff2897d72a12ca9771a0c869df5bb71c47680d46d01,experiment_v1_4/results/p9_training_audit_20260930_01/completion.json,P9,frozen evaluation input
9e172a2dc3914e7881d7d3f1c3e1647bd4956d25a895d816fea4ac74a3dc2fbc,561f2ba2e9a43847e512c0b0fcc7a7e6364f065193f77dc20df8d1cfad8e6b22,experiment_v1_4/results/p9_training_audit_20260930_01/runs.csv,P9,frozen evaluation input
9e172a2dc3914e7881d7d3f1c3e1647bd4956d25a895d816fea4ac74a3dc2fbc,f3d471ed129b3b00e6ec4850d728babfbdd9f1b4f9c4bdf88b2f58c35d012908,experiment_v1_4/results/p9_training_audit_20260930_01/selected_dictionary_manifest.json,P9,frozen evaluation input
9e172a2dc3914e7881d7d3f1c3e1647bd4956d25a895d816fea4ac74a3dc2fbc,cadddc47f43a44a6118966f2a06cf1c3eb41ff3be5ece8c99e494b061c398b6a,experiment_v1_4/results/p9_training_audit_20260930_01/verification.json,P9,frozen evaluation input
9e172a2dc3914e7881d7d3f1c3e1647bd4956d25a895d816fea4ac74a3dc2fbc,5733cef32de8d2a48808b39aca5bcf7e570b9324106d32d5a7025bd031543554,experiment_v1_4/results/p9_training_audit_20260930_01/verify_return.py,P9,frozen evaluation input
9e172a2dc3914e7881d7d3f1c3e1647bd4956d25a895d816fea4ac74a3dc2fbc,e933879401f5451110760ded33960b1b00b89d1aafad2f0cb2a0a83c20414a9d,interp_v1_4/__init__.py,P9,frozen evaluation input
9e172a2dc3914e7881d7d3f1c3e1647bd4956d25a895d816fea4ac74a3dc2fbc,54d777377a20bd39d22504a569ecaae10bcac671a1ef271e92c29514dcbf063f,interp_v1_4/behavior.py,P9,frozen evaluation input
9e172a2dc3914e7881d7d3f1c3e1647bd4956d25a895d816fea4ac74a3dc2fbc,6e5ea1bf3c79bf5d80ab4f096322e6bd7d2c6e79bcb626c95749139306f35a10,interp_v1_4/cli.py,P9,frozen evaluation input
9e172a2dc3914e7881d7d3f1c3e1647bd4956d25a895d816fea4ac74a3dc2fbc,1e806ee3e382cc3268b1007b3dbbfcaf38793419304733de1f0a3b923ec184f8,interp_v1_4/data.py,P9,frozen evaluation input
9e172a2dc3914e7881d7d3f1c3e1647bd4956d25a895d816fea4ac74a3dc2fbc,8ed9f2998bd0fbcb227eaadcfb80dd627ad001c6d679708527a631ab9051d242,interp_v1_4/dictionary.py,P9,frozen evaluation input
9e172a2dc3914e7881d7d3f1c3e1647bd4956d25a895d816fea4ac74a3dc2fbc,d22c5bd5e9d61e1538562e660596382c0b683b6c8472c6e4f0287ae0cc53cc48,interp_v1_4/frozen_test.py,P9,frozen evaluation input
9e172a2dc3914e7881d7d3f1c3e1647bd4956d25a895d816fea4ac74a3dc2fbc,edd92d64a658aec3123d7534ed8df88dff72b45dcddf8015cad7ab8ee55d902f,interp_v1_4/integration.py,P9,frozen evaluation input
9e172a2dc3914e7881d7d3f1c3e1647bd4956d25a895d816fea4ac74a3dc2fbc,db4c3225238fb913b3d312a52304952af34f2b848823bd99f1af15c79250487d,interp_v1_4/model.py,P9,frozen evaluation input
9e172a2dc3914e7881d7d3f1c3e1647bd4956d25a895d816fea4ac74a3dc2fbc,3de39cf23f2116a3ad69db683e0de8e0db5a332905a66815a4c37b4919b9a51c,interp_v1_4/p5.py,P9,frozen evaluation input
9e172a2dc3914e7881d7d3f1c3e1647bd4956d25a895d816fea4ac74a3dc2fbc,80ea16106ff97812acf777bc9864e29ac274bcb9c252c0601a4785cba085101b,interp_v1_4/p5_probe.py,P9,frozen evaluation input
9e172a2dc3914e7881d7d3f1c3e1647bd4956d25a895d816fea4ac74a3dc2fbc,2a60b2041eaf659889d8161169bed02f438c4c2a6bb1c5f23e2e562338254103,interp_v1_4/p6.py,P9,frozen evaluation input
9e172a2dc3914e7881d7d3f1c3e1647bd4956d25a895d816fea4ac74a3dc2fbc,804c90172fbad22f4c627ea928a22238169a096fd9ea59782ec3c5ba86d0ba4b,interp_v1_4/p6_integration.py,P9,frozen evaluation input
9e172a2dc3914e7881d7d3f1c3e1647bd4956d25a895d816fea4ac74a3dc2fbc,5e2f302447c263ea7957807672929688c1b81336ad19f2430f7c349fe5d6602c,interp_v1_4/p6_smoke.py,P9,frozen evaluation input
9e172a2dc3914e7881d7d3f1c3e1647bd4956d25a895d816fea4ac74a3dc2fbc,9eff4be992d90bef408835e6bf4d74047194d5dca2ddcbc79a8f4df6349932da,interp_v1_4/p7.py,P9,frozen evaluation input
9e172a2dc3914e7881d7d3f1c3e1647bd4956d25a895d816fea4ac74a3dc2fbc,16520dab864f4969d3e3d58f0433f146a100c92ce4429d1db9d985912ad0829e,interp_v1_4/p7_aggregate.py,P9,frozen evaluation input
9e172a2dc3914e7881d7d3f1c3e1647bd4956d25a895d816fea4ac74a3dc2fbc,c6a2facbb20f4bc5f4698a8bf0be4c1377b51e612e00c042c3faa8f33887ad43,interp_v1_4/p7_metrics.py,P9,frozen evaluation input
9e172a2dc3914e7881d7d3f1c3e1647bd4956d25a895d816fea4ac74a3dc2fbc,28e96d46dca6eaa2858c86c87548f31baa8f87c69fe64af16bc8cf037baee0a6,interp_v1_4/p7_patching.py,P9,frozen evaluation input
9e172a2dc3914e7881d7d3f1c3e1647bd4956d25a895d816fea4ac74a3dc2fbc,015c3d90bc2d5ab9fefa0b7ccc61df4239729fbae005bd41844c15df06ed3b65,interp_v1_4/p7_runner.py,P9,frozen evaluation input
9e172a2dc3914e7881d7d3f1c3e1647bd4956d25a895d816fea4ac74a3dc2fbc,fd238dd3020eacc7208a59d4e20388c8feaf0928f46aa0ac3c386afac240b96b,interp_v1_4/p8.py,P9,frozen evaluation input
9e172a2dc3914e7881d7d3f1c3e1647bd4956d25a895d816fea4ac74a3dc2fbc,477538f9307efa9bf9b9147d3f87ef2f76343f3080c936b0e924734c3278831a,interp_v1_4/p8_aggregate.py,P9,frozen evaluation input
9e172a2dc3914e7881d7d3f1c3e1647bd4956d25a895d816fea4ac74a3dc2fbc,1db941c812442a44c52f9fb276f9baf8ba9a89feb5d8b99f2471c60c8e3dadb5,interp_v1_4/p8_causal.py,P9,frozen evaluation input
9e172a2dc3914e7881d7d3f1c3e1647bd4956d25a895d816fea4ac74a3dc2fbc,2e215a43a2732a9d67f2304e9ac24e0f2c8e7204f89c216b864512d5a276b956,interp_v1_4/p8_eval_runner.py,P9,frozen evaluation input
9e172a2dc3914e7881d7d3f1c3e1647bd4956d25a895d816fea4ac74a3dc2fbc,2d8416de0d7eb2ab40c229fa4a96ceb6e09111dc26c7fce097d30adeac393e91,interp_v1_4/p8_evaluation.py,P9,frozen evaluation input
9e172a2dc3914e7881d7d3f1c3e1647bd4956d25a895d816fea4ac74a3dc2fbc,f7f7978fcb97d91b279c53c59736984156d83930b8a711771e7160a6f0c39a34,interp_v1_4/p8_patching.py,P9,frozen evaluation input
9e172a2dc3914e7881d7d3f1c3e1647bd4956d25a895d816fea4ac74a3dc2fbc,71c82a8bad8213380b88d35c1d4f29614e8dcb4cf4dc2561398286e5acc1a36d,interp_v1_4/p8_smoke.py,P9,frozen evaluation input
9e172a2dc3914e7881d7d3f1c3e1647bd4956d25a895d816fea4ac74a3dc2fbc,f6a431246a95941107d8eb633b47b1f20dd6bd17eaf5936f367e9a1d979765de,interp_v1_4/p9.py,P9,frozen evaluation input
9e172a2dc3914e7881d7d3f1c3e1647bd4956d25a895d816fea4ac74a3dc2fbc,edb7505266ebf2d87a41b61e83de3d62697e1ff17fe03d294faaea90b80cece1,interp_v1_4/p9_comparison.py,P9,frozen evaluation input
9e172a2dc3914e7881d7d3f1c3e1647bd4956d25a895d816fea4ac74a3dc2fbc,0eac518c4b67c31dfc2c38893267d0807bb4ad19147e0d0fa2569b019aa0dd27,interp_v1_4/p9_sae_aggregate.py,P9,frozen evaluation input
9e172a2dc3914e7881d7d3f1c3e1647bd4956d25a895d816fea4ac74a3dc2fbc,7ffe91f1b8cd7c6c855d09013aa12c5a5282fdb5fffb3912c07f0cd8b82de251,interp_v1_4/p9_sae_causal.py,P9,frozen evaluation input
9e172a2dc3914e7881d7d3f1c3e1647bd4956d25a895d816fea4ac74a3dc2fbc,e73e0a9f0410b2495a0925e2757868df8011647c32d33759459f21ba8991b32b,interp_v1_4/p9_sae_evaluation.py,P9,frozen evaluation input
9e172a2dc3914e7881d7d3f1c3e1647bd4956d25a895d816fea4ac74a3dc2fbc,63ac2a260ea9a6925cef131991ea809b3ad9dfb56ee15a9e2b0bc9bcf4632f03,interp_v1_4/p9_sae_runner.py,P9,frozen evaluation input
9e172a2dc3914e7881d7d3f1c3e1647bd4956d25a895d816fea4ac74a3dc2fbc,af79f96f2fd819f2bce54989e585ffcc22e2fff3bdc041c656f4c32e9e708441,interp_v1_4/p9_smoke.py,P9,frozen evaluation input
9e172a2dc3914e7881d7d3f1c3e1647bd4956d25a895d816fea4ac74a3dc2fbc,73decdae06ba74af273b613db2ccf03468a68b964af1f494a6c71bc067e0bcb3,interp_v1_4/p9_tc_aggregate.py,P9,frozen evaluation input
9e172a2dc3914e7881d7d3f1c3e1647bd4956d25a895d816fea4ac74a3dc2fbc,8ef11dae706b704f8acfebcfb5127f86ec30600ba5b4175c271172a25f82916b,interp_v1_4/p9_tc_causal.py,P9,frozen evaluation input
9e172a2dc3914e7881d7d3f1c3e1647bd4956d25a895d816fea4ac74a3dc2fbc,40c21444182838a3bc3c1b1aa5ff77cbcba9b868096d23a0a6d9d0c6f728fde6,interp_v1_4/p9_tc_evaluation.py,P9,frozen evaluation input
9e172a2dc3914e7881d7d3f1c3e1647bd4956d25a895d816fea4ac74a3dc2fbc,788095957ec04d96f7757a54aafc9afe0adb628fc5b68d227e7e603278ecf4c3,interp_v1_4/p9_tc_runner.py,P9,frozen evaluation input
9e172a2dc3914e7881d7d3f1c3e1647bd4956d25a895d816fea4ac74a3dc2fbc,ff392ad9864bce95d39eed755efefdedd68dafc37b2bf2e578696e7b8f6429c1,interp_v1_4/patching.py,P9,frozen evaluation input
9e172a2dc3914e7881d7d3f1c3e1647bd4956d25a895d816fea4ac74a3dc2fbc,d625a3d35969a253d3732ff1cac13101be38024b380a174d8cae61c86a645da4,interp_v1_4/persistence.py,P9,frozen evaluation input
9e172a2dc3914e7881d7d3f1c3e1647bd4956d25a895d816fea4ac74a3dc2fbc,e329bd9267a0355fe9a7a747b7ca0eef46b810e4162b18d4d76abcf1c1afde83,interp_v1_4/probe.py,P9,frozen evaluation input
9e172a2dc3914e7881d7d3f1c3e1647bd4956d25a895d816fea4ac74a3dc2fbc,e5a1c784ffa305da292704faebf115c7309e6526174cf1948ea973f182e259c0,interp_v1_4/replication.py,P9,frozen evaluation input
9e172a2dc3914e7881d7d3f1c3e1647bd4956d25a895d816fea4ac74a3dc2fbc,d813c4a60be1b32fc270f0662a21516bbf33a114e6fadd58c5c14af30d82fe0a,interp_v1_4/reporting.py,P9,frozen evaluation input
9e172a2dc3914e7881d7d3f1c3e1647bd4956d25a895d816fea4ac74a3dc2fbc,dfbb680cd63854df9479b24985b3164bfe3f2bf5b42b9fa2d19dcf3489f8efc6,interp_v1_4/runtime.py,P9,frozen evaluation input
9e172a2dc3914e7881d7d3f1c3e1647bd4956d25a895d816fea4ac74a3dc2fbc,c831fc2c1fc260bf13bf0c09acc7319ff0855eacbab6ffeb47fc42add157bb4e,interp_v1_4/smoke.py,P9,frozen evaluation input
9e172a2dc3914e7881d7d3f1c3e1647bd4956d25a895d816fea4ac74a3dc2fbc,b94b4a37cac5b0149317ca891ceb03d3995b25c36914d4481e72007265e6b69c,interp_v1_4/training.py,P9,frozen evaluation input
9e172a2dc3914e7881d7d3f1c3e1647bd4956d25a895d816fea4ac74a3dc2fbc,ea3c024188cdafdba2dbd15ef69e57331b1c2676c32ca25793d8785f0da13c12,scripts/build_v1_4_p9_evaluation.py,P9,frozen evaluation input
9e172a2dc3914e7881d7d3f1c3e1647bd4956d25a895d816fea4ac74a3dc2fbc,1b8443136c835002ada64d9beb9a63a9305bc5edcc3b596753385e0581947f48,scripts/verify_v1_4_p9_sae_evaluation.py,P9,frozen evaluation input
9e172a2dc3914e7881d7d3f1c3e1647bd4956d25a895d816fea4ac74a3dc2fbc,2c52401334a3e9420ab010a0b21b19b0aed7186832373d69a29b908d3ca2a360,scripts/verify_v1_4_p9_tc_evaluation.py,P9,frozen evaluation input
9e172a2dc3914e7881d7d3f1c3e1647bd4956d25a895d816fea4ac74a3dc2fbc,aa355315f2b1df9d890ad0b530ca9755ccee47a1be9a61cc0371d1f35b4523f5,tests_v1_4/test_p9_evaluation_contract.py,P9,frozen evaluation input
9e172a2dc3914e7881d7d3f1c3e1647bd4956d25a895d816fea4ac74a3dc2fbc,1ad3ff09f7ad834da8d5e9f1d97539c8f8beff21341d766da87d574952938ce2,tests_v1_4/test_p9_sae_evaluation.py,P9,frozen evaluation input
9e172a2dc3914e7881d7d3f1c3e1647bd4956d25a895d816fea4ac74a3dc2fbc,9c0d62dabea09c472ac2b367ac1941904e8723c7ff1b5ed88f25fbde5c0282a7,tests_v1_4/test_p9_tc_evaluation.py,P9,frozen evaluation input
6ab23de4c19ffd756bfcd408b5b3f1fb5e3a067ddc3960050412bedab9930efc,f8655acaddd0a8219139dc52e5e21ca835bf3e2d835c89fdff27a2636c731fa7,01_experiment_design.md,P9,frozen evaluation input
6ab23de4c19ffd756bfcd408b5b3f1fb5e3a067ddc3960050412bedab9930efc,ada661f972a2aa52b38281e06c20e6cfcf2f7a729dd0fe04d1b5c6ce7c64b98b,02_language_and_corpus.md,P9,frozen evaluation input
6ab23de4c19ffd756bfcd408b5b3f1fb5e3a067ddc3960050412bedab9930efc,b249117f426dc649e6fd23752b22f566efca0a5cf3f4147edd4309fcc952699a,03_experiment_spec.md,P9,frozen evaluation input
6ab23de4c19ffd756bfcd408b5b3f1fb5e3a067ddc3960050412bedab9930efc,ebdd8e28f2d87d6f564bc3b8898f424f38565fe60dac66f46105e77b5371a5da,archive/legacy/interp_v1_2/__init__.py,P9,frozen evaluation input
6ab23de4c19ffd756bfcd408b5b3f1fb5e3a067ddc3960050412bedab9930efc,0fa52ba2b3561bc81c892ea31a1f8aba19ed74d70a6b59854bb33c9fc2ffeac9,archive/legacy/interp_v1_2/behavior.py,P9,frozen evaluation input
6ab23de4c19ffd756bfcd408b5b3f1fb5e3a067ddc3960050412bedab9930efc,7cd545ff6f3be34c8e85572f28cbc58668c55f99d50a6dd5dce1111ff3bc01a3,archive/legacy/interp_v1_2/cli.py,P9,frozen evaluation input
6ab23de4c19ffd756bfcd408b5b3f1fb5e3a067ddc3960050412bedab9930efc,dd21ad13cde95bf3c11d5ca08b6c66e5aead13a31c7150b28ab5d5268adb267c,archive/legacy/interp_v1_2/data.py,P9,frozen evaluation input
6ab23de4c19ffd756bfcd408b5b3f1fb5e3a067ddc3960050412bedab9930efc,ece4d1beca294b0d3b819af16bba1a98261247fc9036a903ce7bf5bfdbdfd54c,archive/legacy/interp_v1_2/dictionary.py,P9,frozen evaluation input
6ab23de4c19ffd756bfcd408b5b3f1fb5e3a067ddc3960050412bedab9930efc,061ef32e12219b4daa1294584d2ce674c02ef615426f216cf38734b24a9e7e26,archive/legacy/interp_v1_2/model.py,P9,frozen evaluation input
6ab23de4c19ffd756bfcd408b5b3f1fb5e3a067ddc3960050412bedab9930efc,190dd3f2b7f846c8bac7422a1b2d03602e6a4cac600599dd8552bdda22206ff5,archive/legacy/interp_v1_2/patching.py,P9,frozen evaluation input
6ab23de4c19ffd756bfcd408b5b3f1fb5e3a067ddc3960050412bedab9930efc,b4af6ccd7c0c3aa55f5b72085181d6e6f83c8e7cf6d62d6c0b0c23df28955c80,archive/legacy/interp_v1_2/persistence.py,P9,frozen evaluation input
6ab23de4c19ffd756bfcd408b5b3f1fb5e3a067ddc3960050412bedab9930efc,7b60477d1a4fe00442141f0dce34b4454343be606c8f7d1eba8bc0296830343e,archive/legacy/interp_v1_2/probe.py,P9,frozen evaluation input
6ab23de4c19ffd756bfcd408b5b3f1fb5e3a067ddc3960050412bedab9930efc,5e2e567e28058a100b09907b427032054a5bc121087247382cad32896470cf9b,archive/legacy/interp_v1_2/runtime.py,P9,frozen evaluation input
6ab23de4c19ffd756bfcd408b5b3f1fb5e3a067ddc3960050412bedab9930efc,78093f4a019ee499b62392f998d7fd594712cefaa5f8cd158e3bead20ca1e34a,archive/legacy/interp_v1_2/smoke.py,P9,frozen evaluation input
6ab23de4c19ffd756bfcd408b5b3f1fb5e3a067ddc3960050412bedab9930efc,75f5d340dd0ddb0e268e26a62fbe0c32387a8e872a2f6abbe531abcc2c1abed8,archive/legacy/interp_v1_2/training.py,P9,frozen evaluation input
6ab23de4c19ffd756bfcd408b5b3f1fb5e3a067ddc3960050412bedab9930efc,8c5214860062d4fa21cfdbd9cb19f5701037b4f4537b057611b7f5076710c9e6,corpus/__init__.py,P9,frozen evaluation input
6ab23de4c19ffd756bfcd408b5b3f1fb5e3a067ddc3960050412bedab9930efc,7b1fca975636ff107f62739c98d869f5b9461a98be781b2b9648bc8d130eb3e7,corpus/audit.py,P9,frozen evaluation input
6ab23de4c19ffd756bfcd408b5b3f1fb5e3a067ddc3960050412bedab9930efc,bc5bcfd8938edb5197f54e1328c55c39ef4d2d7056db77d7d571567779651c00,corpus/generate.py,P9,frozen evaluation input
6ab23de4c19ffd756bfcd408b5b3f1fb5e3a067ddc3960050412bedab9930efc,3f1762ab88a23fd58895371b9862edc7e11ecfbcbbe7acd00a29369a3f130c50,corpus/generate_v1_4_base.py,P9,frozen evaluation input
6ab23de4c19ffd756bfcd408b5b3f1fb5e3a067ddc3960050412bedab9930efc,4c90c9d1a66f15d6062ac292a24c5c6f47ec65e4a6c1423713e4332ca942312c,corpus/language.py,P9,frozen evaluation input
6ab23de4c19ffd756bfcd408b5b3f1fb5e3a067ddc3960050412bedab9930efc,4d4861be3ca04b1a0a7212ed3f39aa16d939b4cb31ae40ccf423d07d48f73a01,corpus/replay.py,P9,frozen evaluation input
6ab23de4c19ffd756bfcd408b5b3f1fb5e3a067ddc3960050412bedab9930efc,75640df81a754a0e0dd7f42768693e2484d724a470493dd96d9e4aba3f49871c,corpus/v1_3.py,P9,frozen evaluation input
6ab23de4c19ffd756bfcd408b5b3f1fb5e3a067ddc3960050412bedab9930efc,0350dd89d14a18d30af02d880bc839ad379c13e12ca9a5986abbb3bae2e7f01b,corpus/v1_4.py,P9,frozen evaluation input
6ab23de4c19ffd756bfcd408b5b3f1fb5e3a067ddc3960050412bedab9930efc,2e53a465b409abaae43bff4b4980cb28c12e4f076452a9088b13d29e2839d9be,data/language_v1_4/rebuild_01/causal_pairs/test_changed_composition.jsonl.gz,P9,frozen evaluation input
6ab23de4c19ffd756bfcd408b5b3f1fb5e3a067ddc3960050412bedab9930efc,59f2d2197d59d5cd3b6b47d359fef372a90e66d5a803f95cfb028c7fcc20725b,data/language_v1_4/rebuild_01/causal_pairs/test_changed_memory.jsonl.gz,P9,frozen evaluation input
6ab23de4c19ffd756bfcd408b5b3f1fb5e3a067ddc3960050412bedab9930efc,3e9b0c50f806e06373d3f77784ca78cd1268d3994c05c8053009398a365f094b,data/language_v1_4/rebuild_01/causal_pairs/test_unchanged_composition.jsonl.gz,P9,frozen evaluation input
6ab23de4c19ffd756bfcd408b5b3f1fb5e3a067ddc3960050412bedab9930efc,1ecf51d8b152e4beba58217d701bc4a63ec738c41860746078f1d8628047ad5a,data/language_v1_4/rebuild_01/causal_pairs/test_unchanged_memory.jsonl.gz,P9,frozen evaluation input
6ab23de4c19ffd756bfcd408b5b3f1fb5e3a067ddc3960050412bedab9930efc,765bebfccb9070fb1d9a2cf2f9c7315c36fc60e69499bc6ea4773736a4e8e4a1,data/language_v1_4/rebuild_01/causal_pairs/val_changed_composition.jsonl.gz,P9,frozen evaluation input
6ab23de4c19ffd756bfcd408b5b3f1fb5e3a067ddc3960050412bedab9930efc,c6b32e1be4c74f1c030e71f1e4e79f860e9e10bb6b5aa65a434c35f0d0613e56,data/language_v1_4/rebuild_01/causal_pairs/val_changed_memory.jsonl.gz,P9,frozen evaluation input
6ab23de4c19ffd756bfcd408b5b3f1fb5e3a067ddc3960050412bedab9930efc,8759a3723f476e1f657dc3c52559935fe7b65e21b2ea02758a6620b95264587b,data/language_v1_4/rebuild_01/causal_pairs/val_unchanged_composition.jsonl.gz,P9,frozen evaluation input
6ab23de4c19ffd756bfcd408b5b3f1fb5e3a067ddc3960050412bedab9930efc,f62b33a7ca8279ad58bb7987c2207cd135d8c8d45a2f5a836df3d76f8dddd769,data/language_v1_4/rebuild_01/causal_pairs/val_unchanged_memory.jsonl.gz,P9,frozen evaluation input
6ab23de4c19ffd756bfcd408b5b3f1fb5e3a067ddc3960050412bedab9930efc,5f8ba14160717e0eb5d14387ea5f1115114dea9199ade90cd8f5c4d7239dd311,data/language_v1_4/rebuild_01/interpretation/test.jsonl.gz,P9,frozen evaluation input
6ab23de4c19ffd756bfcd408b5b3f1fb5e3a067ddc3960050412bedab9930efc,70fceef3424bdb972e1294b0c529f222e221bd16e72b6acbbb465888e80d2e46,data/language_v1_4/rebuild_01/interpretation/test.read_positions.json,P9,frozen evaluation input
6ab23de4c19ffd756bfcd408b5b3f1fb5e3a067ddc3960050412bedab9930efc,8554ec3de0c8f42e7f1d589c99aa94042393712b8266b567c7ff01c6756b598a,data/language_v1_4/rebuild_01/interpretation/train.jsonl.gz,P9,frozen evaluation input
6ab23de4c19ffd756bfcd408b5b3f1fb5e3a067ddc3960050412bedab9930efc,65db44a5423421683f195cfe0c240d31e767540d82dc98a5c28b8e57d8ff7b30,data/language_v1_4/rebuild_01/interpretation/train.read_positions.json,P9,frozen evaluation input
6ab23de4c19ffd756bfcd408b5b3f1fb5e3a067ddc3960050412bedab9930efc,ac8bb4b56fecc77fb303e560a7ebe3f00c8cac08e599ce9c17935d059fbfbaf2,data/language_v1_4/rebuild_01/interpretation/val.jsonl.gz,P9,frozen evaluation input
6ab23de4c19ffd756bfcd408b5b3f1fb5e3a067ddc3960050412bedab9930efc,25199e66e6d08a73d14c3f32af7e413e84278298deff2929df05887f58ba04ea,data/language_v1_4/rebuild_01/interpretation/val.read_positions.json,P9,frozen evaluation input
6ab23de4c19ffd756bfcd408b5b3f1fb5e3a067ddc3960050412bedab9930efc,ea47cfa7d74782256c6ff66a706bb2bfe01a810c7c5e6074e7a174c7856fbad2,data/language_v1_4/rebuild_01/test/general.jsonl.gz,P9,frozen evaluation input
6ab23de4c19ffd756bfcd408b5b3f1fb5e3a067ddc3960050412bedab9930efc,7d443d0378b603073842a5c1e5b0d8efcac9d6c04aacdde8aea095094e04c170,experiment_v1_4/analysis_plan.json,P9,frozen evaluation input
6ab23de4c19ffd756bfcd408b5b3f1fb5e3a067ddc3960050412bedab9930efc,76d86f1a83bde7f8f6389684cd2a3913c923e21ccfbe42e40d3255385a9982b1,experiment_v1_4/frozen_test_r1/checkpoints/seed0.pt,P9,frozen evaluation input
6ab23de4c19ffd756bfcd408b5b3f1fb5e3a067ddc3960050412bedab9930efc,8490365f3dc46ef1d10a899cfac3cd844c18616c6f20bb8a3b0b93e78563fd83,experiment_v1_4/p5_r2/contract.json,P9,frozen evaluation input
6ab23de4c19ffd756bfcd408b5b3f1fb5e3a067ddc3960050412bedab9930efc,9fb4688636cea7c338fbc0da1292477915dd7fd9c1d45a76d981a6d85c0ca2b0,experiment_v1_4/p7_r1/contract.json,P9,frozen evaluation input
6ab23de4c19ffd756bfcd408b5b3f1fb5e3a067ddc3960050412bedab9930efc,15076f7db632f5c4ddeb9ed210468c78dd6a778cef637214577d1a326f61140e,experiment_v1_4/p7_r1/reconstruction_targets.json,P9,frozen evaluation input
6ab23de4c19ffd756bfcd408b5b3f1fb5e3a067ddc3960050412bedab9930efc,9bc2b6745e9303fa0e62299263ae7c8c4cfaa5e45d76a5db7175cd26c1a14a9e,experiment_v1_4/p8_eval_r1/contract.json,P9,frozen evaluation input
6ab23de4c19ffd756bfcd408b5b3f1fb5e3a067ddc3960050412bedab9930efc,a24b0b30726f18bd4e884a8c77ca69955a4e1ac0c42e6042216dcce544e6c464,experiment_v1_4/p9_eval_r1/sae_patch_rng.json,P9,frozen evaluation input
6ab23de4c19ffd756bfcd408b5b3f1fb5e3a067ddc3960050412bedab9930efc,ddcd7838f9a0e7b3867c740e857a87a877248f96898167e4d77cc4887cbcaafc,experiment_v1_4/p9_eval_r1/tc_patch_rng.json,P9,frozen evaluation input
6ab23de4c19ffd756bfcd408b5b3f1fb5e3a067ddc3960050412bedab9930efc,157d80521319f0e8e8c20ee59e67d8ebb8b10df74370049c128db5061b179720,experiment_v1_4/p9_r1/contract.json,P9,frozen evaluation input
6ab23de4c19ffd756bfcd408b5b3f1fb5e3a067ddc3960050412bedab9930efc,5bfbaf0ac361bdef8374f39f09c7f31e47e9f547a923d93e9c08a7b33d386288,experiment_v1_4/p9_r1/evaluation_rules.json,P9,frozen evaluation input
6ab23de4c19ffd756bfcd408b5b3f1fb5e3a067ddc3960050412bedab9930efc,e1aec37cb5e223fc4901d43d3d7b89737eee4ddd08536765564c939fc2e50301,experiment_v1_4/p9_selected/seed0_l0_sae_k16_s1/update_05000.pt,P9,frozen evaluation input
6ab23de4c19ffd756bfcd408b5b3f1fb5e3a067ddc3960050412bedab9930efc,69fc33451de6010e75a1fdb77c1eccc603b4308fbcd0e40205c2b06f760a41d8,experiment_v1_4/p9_selected/seed0_l0_sae_k4_s1/update_05000.pt,P9,frozen evaluation input
6ab23de4c19ffd756bfcd408b5b3f1fb5e3a067ddc3960050412bedab9930efc,81c3fa8091c459edd4d724b5dd26277e0530a05fb8c62ac56e61feba7621b5c8,experiment_v1_4/p9_selected/seed0_l0_tc_k16_s1/update_04250.pt,P9,frozen evaluation input
6ab23de4c19ffd756bfcd408b5b3f1fb5e3a067ddc3960050412bedab9930efc,d99b774b8cd04886ca8e19f7cf0d05d7d76229e41664204c8731819e96cd10bd,experiment_v1_4/p9_selected/seed0_l0_tc_k4_s1/update_05000.pt,P9,frozen evaluation input
6ab23de4c19ffd756bfcd408b5b3f1fb5e3a067ddc3960050412bedab9930efc,f70ef72615d0549c7881093cef5f1c38d9969c37fa74963adf82f919bd2930a8,experiment_v1_4/p9_selected/seed0_l11_sae_k16_s1/update_05000.pt,P9,frozen evaluation input
6ab23de4c19ffd756bfcd408b5b3f1fb5e3a067ddc3960050412bedab9930efc,8ecc411d816981b9a838b01404b8152417bde56baf250c6587489a1794bb7191,experiment_v1_4/p9_selected/seed0_l11_sae_k4_s1/update_05000.pt,P9,frozen evaluation input
6ab23de4c19ffd756bfcd408b5b3f1fb5e3a067ddc3960050412bedab9930efc,93f8e7e8bfbf39c84c5d8d0bd4a114afacb028e9d84bed4e6f563e2cf03bd52c,experiment_v1_4/p9_selected/seed0_l11_tc_k16_s1/update_05000.pt,P9,frozen evaluation input
6ab23de4c19ffd756bfcd408b5b3f1fb5e3a067ddc3960050412bedab9930efc,99e82a566eece73d3bb9eda7077ba8aac2d104a32e6c3c37a39a395e632323ad,experiment_v1_4/p9_selected/seed0_l11_tc_k4_s1/update_05000.pt,P9,frozen evaluation input
6ab23de4c19ffd756bfcd408b5b3f1fb5e3a067ddc3960050412bedab9930efc,07c00b98c1d78fb78e4b51ce7404d16f414f6e41648456ea923b53d6b9347e23,experiment_v1_4/p9_selected/seed0_l3_sae_k16_s1/update_05000.pt,P9,frozen evaluation input
6ab23de4c19ffd756bfcd408b5b3f1fb5e3a067ddc3960050412bedab9930efc,f7dc8eebecaf1b205f080029a5c08cad4c1411e2b7541e2d1266922700ba2ab9,experiment_v1_4/p9_selected/seed0_l3_sae_k4_s1/update_05000.pt,P9,frozen evaluation input
6ab23de4c19ffd756bfcd408b5b3f1fb5e3a067ddc3960050412bedab9930efc,5d2a5b1fab48827d6b05750050daa88da850186a05b843cc546ff0efaec7fe0c,experiment_v1_4/p9_selected/seed0_l3_tc_k16_s1/update_05000.pt,P9,frozen evaluation input
6ab23de4c19ffd756bfcd408b5b3f1fb5e3a067ddc3960050412bedab9930efc,8e76913c395f4feb457150823c8222c29dfc9bc3640a747eef60651eba086cc2,experiment_v1_4/p9_selected/seed0_l3_tc_k4_s1/update_05000.pt,P9,frozen evaluation input
6ab23de4c19ffd756bfcd408b5b3f1fb5e3a067ddc3960050412bedab9930efc,7a3068150356135572416d75c0a3d3f016b6ab99ac547bda7ffa0c2ec03696d6,experiment_v1_4/p9_selected/seed0_l7_sae_k16_s1/update_05000.pt,P9,frozen evaluation input
6ab23de4c19ffd756bfcd408b5b3f1fb5e3a067ddc3960050412bedab9930efc,8b07d34d8634aadcd404e99d200eb84116f7e8e4280944367c14e5622e561ea5,experiment_v1_4/p9_selected/seed0_l7_sae_k4_s1/update_05000.pt,P9,frozen evaluation input
6ab23de4c19ffd756bfcd408b5b3f1fb5e3a067ddc3960050412bedab9930efc,91690bcf2aa42ca7df272cbc73cba370c1a7780bd2fc0c29aab265f83d3fed4a,experiment_v1_4/p9_selected/seed0_l7_tc_k16_s1/update_05000.pt,P9,frozen evaluation input
6ab23de4c19ffd756bfcd408b5b3f1fb5e3a067ddc3960050412bedab9930efc,ac176ad8249fe2be79ea186b51c9755df17ba05f489acebc2bc626b3e6824a94,experiment_v1_4/p9_selected/seed0_l7_tc_k4_s1/update_05000.pt,P9,frozen evaluation input
6ab23de4c19ffd756bfcd408b5b3f1fb5e3a067ddc3960050412bedab9930efc,7afcd821522c77a20225b205e764788e67531aee8cff08263feffae6cd981d44,experiment_v1_4/results/p5_final_audit_20260925_01/p6_cache_manifest.json,P9,frozen evaluation input
6ab23de4c19ffd756bfcd408b5b3f1fb5e3a067ddc3960050412bedab9930efc,e9247506b7e7715a92e6df3aa43ac47b21fc15e81be067198d1a8c1bb5cc8646,experiment_v1_4/results/p5_metadata_audit_20260924_01/returned/probes/seed0_trained_l0_h_coordinate_128_A_iid.json,P9,frozen evaluation input
6ab23de4c19ffd756bfcd408b5b3f1fb5e3a067ddc3960050412bedab9930efc,2e277eef2d66f2865b9b36ab06352f4738de066fdd4039b26726edfd64b6d5e8,experiment_v1_4/results/p5_metadata_audit_20260924_01/returned/probes/seed0_trained_l0_h_coordinate_128_B_iid.json,P9,frozen evaluation input
6ab23de4c19ffd756bfcd408b5b3f1fb5e3a067ddc3960050412bedab9930efc,90b885f1547d8849b8116b07582060c42c1a93705d4f88fafc61f73b5afac15a,experiment_v1_4/results/p5_metadata_audit_20260924_01/returned/probes/seed0_trained_l0_h_coordinate_128_C_iid.json,P9,frozen evaluation input
6ab23de4c19ffd756bfcd408b5b3f1fb5e3a067ddc3960050412bedab9930efc,c1c9ca887766b3e0fcfb1d7aaf783596f98ddab977323d50f1057d973ad79c77,experiment_v1_4/results/p5_metadata_audit_20260924_01/returned/probes/seed0_trained_l0_h_coordinate_128_D_iid.json,P9,frozen evaluation input
6ab23de4c19ffd756bfcd408b5b3f1fb5e3a067ddc3960050412bedab9930efc,b1ef5ce639f94ad4aae1136c8c3d08e5d34369d39f246d2706cbd1951351594e,experiment_v1_4/results/p5_metadata_audit_20260924_01/returned/probes/seed0_trained_l0_h_coordinate_128_current_iid.json,P9,frozen evaluation input
6ab23de4c19ffd756bfcd408b5b3f1fb5e3a067ddc3960050412bedab9930efc,59e85e65700f3d79e43a77df678cd4e026a7fc29e94bb1fe82b1a63e9d346e44,experiment_v1_4/results/p5_metadata_audit_20260924_01/returned/probes/seed0_trained_l0_h_coordinate_128_current_transfer.json,P9,frozen evaluation input
6ab23de4c19ffd756bfcd408b5b3f1fb5e3a067ddc3960050412bedab9930efc,e15c5c5ce05d7366eaefaf9dbfd4d4fbad6a85d7e415e95fe217c603b3bcf084,experiment_v1_4/results/p5_metadata_audit_20260924_01/returned/probes/seed0_trained_l0_h_coordinate_128_previous_iid.json,P9,frozen evaluation input
6ab23de4c19ffd756bfcd408b5b3f1fb5e3a067ddc3960050412bedab9930efc,3d3cec25fbc5d9420489511a61f6b0c59057388cde18334f66ed4c89895f7e16,experiment_v1_4/results/p5_metadata_audit_20260924_01/returned/probes/seed0_trained_l0_h_coordinate_128_previous_transfer.json,P9,frozen evaluation input
6ab23de4c19ffd756bfcd408b5b3f1fb5e3a067ddc3960050412bedab9930efc,bf69d5c2c20d3fe457fd4d1537b2a22cb342c4a02af568fceca8b53dd622ec30,experiment_v1_4/results/p5_metadata_audit_20260924_01/returned/probes/seed0_trained_l0_h_coordinate_128_query_iid.json,P9,frozen evaluation input
6ab23de4c19ffd756bfcd408b5b3f1fb5e3a067ddc3960050412bedab9930efc,6efd5cb8e879b749d10a42d79586754943ccffacff1e3ff98b2d1da9491b6603,experiment_v1_4/results/p5_metadata_audit_20260924_01/returned/probes/seed0_trained_l0_h_coordinate_128_state_iid.json,P9,frozen evaluation input
6ab23de4c19ffd756bfcd408b5b3f1fb5e3a067ddc3960050412bedab9930efc,f42ee5ac4c0275f4fd9b1c367f5b6a2d62163a446a544a5bd8bca3a36d132f86,experiment_v1_4/results/p5_metadata_audit_20260924_01/returned/probes/seed0_trained_l0_h_coordinate_A_iid.json,P9,frozen evaluation input
6ab23de4c19ffd756bfcd408b5b3f1fb5e3a067ddc3960050412bedab9930efc,bbe13b466082aa8fcf354b0051e5bf7a31fc6aec7b40aa123e753cfb95789fca,experiment_v1_4/results/p5_metadata_audit_20260924_01/returned/probes/seed0_trained_l0_h_coordinate_B_iid.json,P9,frozen evaluation input
6ab23de4c19ffd756bfcd408b5b3f1fb5e3a067ddc3960050412bedab9930efc,5488d5b5ec6681112bcd0453c2b36726e7ad68f6d2e70931c38ded5fadfd914e,experiment_v1_4/results/p5_metadata_audit_20260924_01/returned/probes/seed0_trained_l0_h_coordinate_C_iid.json,P9,frozen evaluation input
6ab23de4c19ffd756bfcd408b5b3f1fb5e3a067ddc3960050412bedab9930efc,09405f58e11aec2bc478939b942957892af16248bf24a9beeab3fc8eb34680f9,experiment_v1_4/results/p5_metadata_audit_20260924_01/returned/probes/seed0_trained_l0_h_coordinate_D_iid.json,P9,frozen evaluation input
6ab23de4c19ffd756bfcd408b5b3f1fb5e3a067ddc3960050412bedab9930efc,aca67f1d3c898cc0a4f53d7aacbb8980dee203759c43166349639e08d2837602,experiment_v1_4/results/p5_metadata_audit_20260924_01/returned/probes/seed0_trained_l0_h_coordinate_current_iid.json,P9,frozen evaluation input
6ab23de4c19ffd756bfcd408b5b3f1fb5e3a067ddc3960050412bedab9930efc,9c8d96d15d721d8c7ed79cf489aeea55eaa70787681749c5abc49a30d07cad41,experiment_v1_4/results/p5_metadata_audit_20260924_01/returned/probes/seed0_trained_l0_h_coordinate_current_transfer.json,P9,frozen evaluation input
6ab23de4c19ffd756bfcd408b5b3f1fb5e3a067ddc3960050412bedab9930efc,48b9cadee1f9885c9655ecdf0de18f7e61c210ce3d9cee7a3c94955f94b1146f,experiment_v1_4/results/p5_metadata_audit_20260924_01/returned/probes/seed0_trained_l0_h_coordinate_previous_iid.json,P9,frozen evaluation input
6ab23de4c19ffd756bfcd408b5b3f1fb5e3a067ddc3960050412bedab9930efc,1b1d02b039fe7a51239e4dc5244ec74bc073e9860bc46df4b254bc26e0b2406c,experiment_v1_4/results/p5_metadata_audit_20260924_01/returned/probes/seed0_trained_l0_h_coordinate_previous_transfer.json,P9,frozen evaluation input
6ab23de4c19ffd756bfcd408b5b3f1fb5e3a067ddc3960050412bedab9930efc,12d57f7fdc3eafa012835a97fc2247216e180763cccf24d05f8d6a810c5c4f56,experiment_v1_4/results/p5_metadata_audit_20260924_01/returned/probes/seed0_trained_l0_h_coordinate_query_iid.json,P9,frozen evaluation input
6ab23de4c19ffd756bfcd408b5b3f1fb5e3a067ddc3960050412bedab9930efc,8eea0182c19857320357f6fa024466b2f64af47d5b1bb42f561b0044e9ff5d0b,experiment_v1_4/results/p5_metadata_audit_20260924_01/returned/probes/seed0_trained_l0_h_coordinate_state_iid.json,P9,frozen evaluation input
6ab23de4c19ffd756bfcd408b5b3f1fb5e3a067ddc3960050412bedab9930efc,b012d61079b28c4225500a11d37bc6741ca53e1a77d891e329f6d79684529a2d,experiment_v1_4/results/p5_metadata_audit_20260924_01/returned/probes/seed0_trained_l0_h_full_A_iid.json,P9,frozen evaluation input
6ab23de4c19ffd756bfcd408b5b3f1fb5e3a067ddc3960050412bedab9930efc,5f69bc68ae13ae85c12273d68dcdecdf2314e923ccd03047d763924394f214a0,experiment_v1_4/results/p5_metadata_audit_20260924_01/returned/probes/seed0_trained_l0_h_full_B_iid.json,P9,frozen evaluation input
6ab23de4c19ffd756bfcd408b5b3f1fb5e3a067ddc3960050412bedab9930efc,27030e7176a61baf738304e645ce6edb8bd309f8adeac74e50e02e679696e7d4,experiment_v1_4/results/p5_metadata_audit_20260924_01/returned/probes/seed0_trained_l0_h_full_C_iid.json,P9,frozen evaluation input
6ab23de4c19ffd756bfcd408b5b3f1fb5e3a067ddc3960050412bedab9930efc,71f89682e6454210de0b0047b66342cb8db9f60b08d5e2175fcaa9c01c347c0b,experiment_v1_4/results/p5_metadata_audit_20260924_01/returned/probes/seed0_trained_l0_h_full_D_iid.json,P9,frozen evaluation input
6ab23de4c19ffd756bfcd408b5b3f1fb5e3a067ddc3960050412bedab9930efc,6c8c76867c06ec4efdfa46408396192ade253553005c79832c3aedd97e24085d,experiment_v1_4/results/p5_metadata_audit_20260924_01/returned/probes/seed0_trained_l0_h_full_current_iid.json,P9,frozen evaluation input
6ab23de4c19ffd756bfcd408b5b3f1fb5e3a067ddc3960050412bedab9930efc,857c0ed593392a8ba9019e4e5cf584092282d0579619ff4539647fab96021396,experiment_v1_4/results/p5_metadata_audit_20260924_01/returned/probes/seed0_trained_l0_h_full_current_transfer.json,P9,frozen evaluation input
6ab23de4c19ffd756bfcd408b5b3f1fb5e3a067ddc3960050412bedab9930efc,a7c3716e3923ebc06df84de08741397f93281d120d628cd8f87c3ab545dab8cb,experiment_v1_4/results/p5_metadata_audit_20260924_01/returned/probes/seed0_trained_l0_h_full_previous_iid.json,P9,frozen evaluation input
6ab23de4c19ffd756bfcd408b5b3f1fb5e3a067ddc3960050412bedab9930efc,8c4060b4fba0957c63e9e47854ea4bfaadefef0119744f3d6ad816ae11ad11a7,experiment_v1_4/results/p5_metadata_audit_20260924_01/returned/probes/seed0_trained_l0_h_full_previous_transfer.json,P9,frozen evaluation input
6ab23de4c19ffd756bfcd408b5b3f1fb5e3a067ddc3960050412bedab9930efc,8d34fa633349bc3bd8531d24ed9d21305c3614a852bd7ffa37d367cd40095567,experiment_v1_4/results/p5_metadata_audit_20260924_01/returned/probes/seed0_trained_l0_h_full_query_iid.json,P9,frozen evaluation input
6ab23de4c19ffd756bfcd408b5b3f1fb5e3a067ddc3960050412bedab9930efc,89a0e704d2e6592f561782a3810ce3b60dc7dd767e2a5cd9200ee4cf28c1ae76,experiment_v1_4/results/p5_metadata_audit_20260924_01/returned/probes/seed0_trained_l0_h_full_state_iid.json,P9,frozen evaluation input
6ab23de4c19ffd756bfcd408b5b3f1fb5e3a067ddc3960050412bedab9930efc,1f5f7d355641e88d122caec30ac1b5d52e0bb632ac3f2230b9267795007cfb2f,experiment_v1_4/results/p5_metadata_audit_20260924_01/returned/probes/seed0_trained_l0_h_random_128_A_iid.json,P9,frozen evaluation input
6ab23de4c19ffd756bfcd408b5b3f1fb5e3a067ddc3960050412bedab9930efc,ebeadfa269c45ad81c4bca5a2edf4d463b4900b658c2b7a2c940cf203d82b5ef,experiment_v1_4/results/p5_metadata_audit_20260924_01/returned/probes/seed0_trained_l0_h_random_128_B_iid.json,P9,frozen evaluation input
6ab23de4c19ffd756bfcd408b5b3f1fb5e3a067ddc3960050412bedab9930efc,47c4d3f1cc061fcf2ecb1f7ce12db13d2085c0d9231ea23dbb1c013394666403,experiment_v1_4/results/p5_metadata_audit_20260924_01/returned/probes/seed0_trained_l0_h_random_128_C_iid.json,P9,frozen evaluation input
6ab23de4c19ffd756bfcd408b5b3f1fb5e3a067ddc3960050412bedab9930efc,55fa0704c41f95852f73d5325cd9f06d4249cb90882e89a6b55c2c9496e798ad,experiment_v1_4/results/p5_metadata_audit_20260924_01/returned/probes/seed0_trained_l0_h_random_128_D_iid.json,P9,frozen evaluation input
6ab23de4c19ffd756bfcd408b5b3f1fb5e3a067ddc3960050412bedab9930efc,4358d46ff8cbc3bb335a1cc82477cf3d9c45db94f08176e1981bb24c128995f1,experiment_v1_4/results/p5_metadata_audit_20260924_01/returned/probes/seed0_trained_l0_h_random_128_current_iid.json,P9,frozen evaluation input
6ab23de4c19ffd756bfcd408b5b3f1fb5e3a067ddc3960050412bedab9930efc,c80236119c2997a6625d3e1edc16ea14dc0841120b181c716debbfd9efb80abe,experiment_v1_4/results/p5_metadata_audit_20260924_01/returned/probes/seed0_trained_l0_h_random_128_current_transfer.json,P9,frozen evaluation input
6ab23de4c19ffd756bfcd408b5b3f1fb5e3a067ddc3960050412bedab9930efc,8678f74476da03dce275e6ecfd8a7633280d30ba37a8cbedfe4d474b06f7a550,experiment_v1_4/results/p5_metadata_audit_20260924_01/returned/probes/seed0_trained_l0_h_random_128_previous_iid.json,P9,frozen evaluation input
6ab23de4c19ffd756bfcd408b5b3f1fb5e3a067ddc3960050412bedab9930efc,9d2498c55725075bfe633a082e0e4d029689e5f6df15a5162cda940317ff5ae9,experiment_v1_4/results/p5_metadata_audit_20260924_01/returned/probes/seed0_trained_l0_h_random_128_previous_transfer.json,P9,frozen evaluation input
6ab23de4c19ffd756bfcd408b5b3f1fb5e3a067ddc3960050412bedab9930efc,eb545dace5f67d242d8385a53bc6ff01249a96862720085e2beda8bcb5cef9c5,experiment_v1_4/results/p5_metadata_audit_20260924_01/returned/probes/seed0_trained_l0_h_random_128_query_iid.json,P9,frozen evaluation input
6ab23de4c19ffd756bfcd408b5b3f1fb5e3a067ddc3960050412bedab9930efc,45c076586c9ab511445971bfea4057546f5a394132a28e041095ec0fe81e3ca3,experiment_v1_4/results/p5_metadata_audit_20260924_01/returned/probes/seed0_trained_l0_h_random_128_state_iid.json,P9,frozen evaluation input
6ab23de4c19ffd756bfcd408b5b3f1fb5e3a067ddc3960050412bedab9930efc,985609a090fcdfac8323eff2f1c6c9d95740f7538e5da11be0a91a8d42dfb08c,experiment_v1_4/results/p5_metadata_audit_20260924_01/returned/probes/seed0_trained_l0_h_random_A_iid.json,P9,frozen evaluation input
6ab23de4c19ffd756bfcd408b5b3f1fb5e3a067ddc3960050412bedab9930efc,d90e9ecdc5a9f2025567e6478508dda06daad54c71def0aed2f36d47bc6f0cc3,experiment_v1_4/results/p5_metadata_audit_20260924_01/returned/probes/seed0_trained_l0_h_random_B_iid.json,P9,frozen evaluation input
6ab23de4c19ffd756bfcd408b5b3f1fb5e3a067ddc3960050412bedab9930efc,553555e931bd1a469b9b4e6d0364e61027b8b8b31e141cd11f52c509a45b9325,experiment_v1_4/results/p5_metadata_audit_20260924_01/returned/probes/seed0_trained_l0_h_random_C_iid.json,P9,frozen evaluation input
6ab23de4c19ffd756bfcd408b5b3f1fb5e3a067ddc3960050412bedab9930efc,40212abbd97c89a6719213877eb56e4720486a399913ce7c8f3e66ce01e85d5f,experiment_v1_4/results/p5_metadata_audit_20260924_01/returned/probes/seed0_trained_l0_h_random_D_iid.json,P9,frozen evaluation input
6ab23de4c19ffd756bfcd408b5b3f1fb5e3a067ddc3960050412bedab9930efc,8ad40b4cf5149001e8c8b00753e4fb6af0bdc73aed6c9be9bbcada49a150e035,experiment_v1_4/results/p5_metadata_audit_20260924_01/returned/probes/seed0_trained_l0_h_random_current_iid.json,P9,frozen evaluation input
6ab23de4c19ffd756bfcd408b5b3f1fb5e3a067ddc3960050412bedab9930efc,2d911748ce15e0615a1e96b4d68310b8d4155fa77941f252fc420c405dc14c9d,experiment_v1_4/results/p5_metadata_audit_20260924_01/returned/probes/seed0_trained_l0_h_random_current_transfer.json,P9,frozen evaluation input
6ab23de4c19ffd756bfcd408b5b3f1fb5e3a067ddc3960050412bedab9930efc,40087fc3f7ed0f2ce7b7c3af1d835f91cd2cfcd4f4e18739db2a1512eac80051,experiment_v1_4/results/p5_metadata_audit_20260924_01/returned/probes/seed0_trained_l0_h_random_previous_iid.json,P9,frozen evaluation input
6ab23de4c19ffd756bfcd408b5b3f1fb5e3a067ddc3960050412bedab9930efc,d9c18b632c9b248d864b41de0ae71aebe580ce90d2a1bc5f45e06789628ebb7f,experiment_v1_4/results/p5_metadata_audit_20260924_01/returned/probes/seed0_trained_l0_h_random_previous_transfer.json,P9,frozen evaluation input
6ab23de4c19ffd756bfcd408b5b3f1fb5e3a067ddc3960050412bedab9930efc,338b151090c3e412183b6291f1b90d3e1a4be10109ac2bf1a88f1feb4325092a,experiment_v1_4/results/p5_metadata_audit_20260924_01/returned/probes/seed0_trained_l0_h_random_query_iid.json,P9,frozen evaluation input
6ab23de4c19ffd756bfcd408b5b3f1fb5e3a067ddc3960050412bedab9930efc,811bbdd2485e9f36e992e85c1963427c857dfac24832f44264b28bfff7a9daf5,experiment_v1_4/results/p5_metadata_audit_20260924_01/returned/probes/seed0_trained_l0_h_random_state_iid.json,P9,frozen evaluation input
6ab23de4c19ffd756bfcd408b5b3f1fb5e3a067ddc3960050412bedab9930efc,7b2d459477d8230a35d23e1a25eb7b6acc92f943a1b474171fbdb35d19a15b31,experiment_v1_4/results/p5_metadata_audit_20260924_01/returned/probes/seed0_trained_l0_m_coordinate_128_A_iid.json,P9,frozen evaluation input
6ab23de4c19ffd756bfcd408b5b3f1fb5e3a067ddc3960050412bedab9930efc,d53143776339e13dcf72ea773d25987c6fbecdbb210ecf1df48570bc9b4e6abf,experiment_v1_4/results/p5_metadata_audit_20260924_01/returned/probes/seed0_trained_l0_m_coordinate_128_B_iid.json,P9,frozen evaluation input
6ab23de4c19ffd756bfcd408b5b3f1fb5e3a067ddc3960050412bedab9930efc,d5b3c43d75c33a0ceda39a8373756ec909a3cca56fd83749f74cc578ea5083d7,experiment_v1_4/results/p5_metadata_audit_20260924_01/returned/probes/seed0_trained_l0_m_coordinate_128_C_iid.json,P9,frozen evaluation input
6ab23de4c19ffd756bfcd408b5b3f1fb5e3a067ddc3960050412bedab9930efc,a2e40eab5f335be142675d8af16de114296a806c40e72673c19f0f3007eaae5c,experiment_v1_4/results/p5_metadata_audit_20260924_01/returned/probes/seed0_trained_l0_m_coordinate_128_D_iid.json,P9,frozen evaluation input
6ab23de4c19ffd756bfcd408b5b3f1fb5e3a067ddc3960050412bedab9930efc,d05ef5266e9b8587bfcda460389f0e5f2a609003d3a99923890669b4799389cc,experiment_v1_4/results/p5_metadata_audit_20260924_01/returned/probes/seed0_trained_l0_m_coordinate_128_current_iid.json,P9,frozen evaluation input
6ab23de4c19ffd756bfcd408b5b3f1fb5e3a067ddc3960050412bedab9930efc,fde3194b4aa883a01a152f14e005e47c6e6e531612c168c7b4e823903fe4259f,experiment_v1_4/results/p5_metadata_audit_20260924_01/returned/probes/seed0_trained_l0_m_coordinate_128_current_transfer.json,P9,frozen evaluation input
6ab23de4c19ffd756bfcd408b5b3f1fb5e3a067ddc3960050412bedab9930efc,5ddcad10bec469468e6f70da9492e183d5ff591843cb820d2a30cc7f56b8adc5,experiment_v1_4/results/p5_metadata_audit_20260924_01/returned/probes/seed0_trained_l0_m_coordinate_128_previous_iid.json,P9,frozen evaluation input
6ab23de4c19ffd756bfcd408b5b3f1fb5e3a067ddc3960050412bedab9930efc,9e94cb3c1ac00dfcda473f5f6fd369adec6fe55687873232765ac3d7051b4c98,experiment_v1_4/results/p5_metadata_audit_20260924_01/returned/probes/seed0_trained_l0_m_coordinate_128_previous_transfer.json,P9,frozen evaluation input
6ab23de4c19ffd756bfcd408b5b3f1fb5e3a067ddc3960050412bedab9930efc,5919556a1dc798b39914d7f4d145d1a60b7b53946c26222db040a9410b9fe795,experiment_v1_4/results/p5_metadata_audit_20260924_01/returned/probes/seed0_trained_l0_m_coordinate_128_query_iid.json,P9,frozen evaluation input
6ab23de4c19ffd756bfcd408b5b3f1fb5e3a067ddc3960050412bedab9930efc,b7fe6af5c3445d199bb6cdda04923408a4f09aedb8a099b68380e3675b419629,experiment_v1_4/results/p5_metadata_audit_20260924_01/returned/probes/seed0_trained_l0_m_coordinate_128_state_iid.json,P9,frozen evaluation input
6ab23de4c19ffd756bfcd408b5b3f1fb5e3a067ddc3960050412bedab9930efc,025887156482f75e164ad5cf494c515e5bc343324b4461e0601d8f60f27e9959,experiment_v1_4/results/p5_metadata_audit_20260924_01/returned/probes/seed0_trained_l0_m_coordinate_A_iid.json,P9,frozen evaluation input
6ab23de4c19ffd756bfcd408b5b3f1fb5e3a067ddc3960050412bedab9930efc,24951f0a3442619aaf708d9f60062825400f6d0a8dd367e91d877c1cabeee1d6,experiment_v1_4/results/p5_metadata_audit_20260924_01/returned/probes/seed0_trained_l0_m_coordinate_B_iid.json,P9,frozen evaluation input
6ab23de4c19ffd756bfcd408b5b3f1fb5e3a067ddc3960050412bedab9930efc,d8150162fe6f2b5cdbdeff098a1aaaf21cb7bf44e8a653f5ee95a26ece69bc2c,experiment_v1_4/results/p5_metadata_audit_20260924_01/returned/probes/seed0_trained_l0_m_coordinate_C_iid.json,P9,frozen evaluation input
6ab23de4c19ffd756bfcd408b5b3f1fb5e3a067ddc3960050412bedab9930efc,0a0d95c941d7794d82b6b1d5c8e8ddbb4e27d5e0ee7d0628d6a94042712f2823,experiment_v1_4/results/p5_metadata_audit_20260924_01/returned/probes/seed0_trained_l0_m_coordinate_D_iid.json,P9,frozen evaluation input
6ab23de4c19ffd756bfcd408b5b3f1fb5e3a067ddc3960050412bedab9930efc,bd39fda583a1b01dff59d8db18f7606ed06cbb42c1620f3ba8632545a8331563,experiment_v1_4/results/p5_metadata_audit_20260924_01/returned/probes/seed0_trained_l0_m_coordinate_current_iid.json,P9,frozen evaluation input
6ab23de4c19ffd756bfcd408b5b3f1fb5e3a067ddc3960050412bedab9930efc,813147fecf6fa0ea446ecd526cf109307b24e587a41316cbbecb82df0ec5543c,experiment_v1_4/results/p5_metadata_audit_20260924_01/returned/probes/seed0_trained_l0_m_coordinate_current_transfer.json,P9,frozen evaluation input
6ab23de4c19ffd756bfcd408b5b3f1fb5e3a067ddc3960050412bedab9930efc,88ec6223a0843938524418cd7af81d0be158dbcf41ec0f2561c7ea0179604c1d,experiment_v1_4/results/p5_metadata_audit_20260924_01/returned/probes/seed0_trained_l0_m_coordinate_previous_iid.json,P9,frozen evaluation input
6ab23de4c19ffd756bfcd408b5b3f1fb5e3a067ddc3960050412bedab9930efc,77749779b282efb5ae8c89b52e8be7dfa3a09f69ebda78d8e2bf7e36ff338361,experiment_v1_4/results/p5_metadata_audit_20260924_01/returned/probes/seed0_trained_l0_m_coordinate_previous_transfer.json,P9,frozen evaluation input
6ab23de4c19ffd756bfcd408b5b3f1fb5e3a067ddc3960050412bedab9930efc,807723dbbe250e8c9786317a9a7efe826f3313594c19cfd0a613af7418be2509,experiment_v1_4/results/p5_metadata_audit_20260924_01/returned/probes/seed0_trained_l0_m_coordinate_query_iid.json,P9,frozen evaluation input
6ab23de4c19ffd756bfcd408b5b3f1fb5e3a067ddc3960050412bedab9930efc,cc9194895633973714c590b2ba71e12d9f8d45c3f5bd1c836822fbe967873ddf,experiment_v1_4/results/p5_metadata_audit_20260924_01/returned/probes/seed0_trained_l0_m_coordinate_state_iid.json,P9,frozen evaluation input
6ab23de4c19ffd756bfcd408b5b3f1fb5e3a067ddc3960050412bedab9930efc,e2066f08de3d0ad1e4e117f617ccc2fbd5c609235ef480837dbeec42ec06bb99,experiment_v1_4/results/p5_metadata_audit_20260924_01/returned/probes/seed0_trained_l0_m_full_A_iid.json,P9,frozen evaluation input
6ab23de4c19ffd756bfcd408b5b3f1fb5e3a067ddc3960050412bedab9930efc,42e177c7404b67faa9ebf567f366237ec8e78d1eea741ed8f24fedd1f8a29b71,experiment_v1_4/results/p5_metadata_audit_20260924_01/returned/probes/seed0_trained_l0_m_full_B_iid.json,P9,frozen evaluation input
6ab23de4c19ffd756bfcd408b5b3f1fb5e3a067ddc3960050412bedab9930efc,0fc20a9f886820a29e8e9ab214244c9b122c26e42c7246e0f44f28fe53ba9ed4,experiment_v1_4/results/p5_metadata_audit_20260924_01/returned/probes/seed0_trained_l0_m_full_C_iid.json,P9,frozen evaluation input
6ab23de4c19ffd756bfcd408b5b3f1fb5e3a067ddc3960050412bedab9930efc,0c94822552a45b2516b2afae869b4e7c082fc9a1c246df511c3c66b8ab2cbe00,experiment_v1_4/results/p5_metadata_audit_20260924_01/returned/probes/seed0_trained_l0_m_full_D_iid.json,P9,frozen evaluation input
6ab23de4c19ffd756bfcd408b5b3f1fb5e3a067ddc3960050412bedab9930efc,c4f4ac7ac33ebd1edd5ad3bde74b8f3546d8084336f17254519ae3b342baa540,experiment_v1_4/results/p5_metadata_audit_20260924_01/returned/probes/seed0_trained_l0_m_full_current_iid.json,P9,frozen evaluation input
6ab23de4c19ffd756bfcd408b5b3f1fb5e3a067ddc3960050412bedab9930efc,871d8aa610dcd9126e44198cde9f0510d43b27a083b851540b7a89f2420ecad0,experiment_v1_4/results/p5_metadata_audit_20260924_01/returned/probes/seed0_trained_l0_m_full_current_transfer.json,P9,frozen evaluation input
6ab23de4c19ffd756bfcd408b5b3f1fb5e3a067ddc3960050412bedab9930efc,b914d946b9d287bc5906a4afda5d628959e59a3dab8fc4c65f75f46af68e5278,experiment_v1_4/results/p5_metadata_audit_20260924_01/returned/probes/seed0_trained_l0_m_full_previous_iid.json,P9,frozen evaluation input
6ab23de4c19ffd756bfcd408b5b3f1fb5e3a067ddc3960050412bedab9930efc,c9ef4ec2b8582c4c8cdf920a4295cf2e97d639b96a93a97ca1c53fbab01802cc,experiment_v1_4/results/p5_metadata_audit_20260924_01/returned/probes/seed0_trained_l0_m_full_previous_transfer.json,P9,frozen evaluation input
6ab23de4c19ffd756bfcd408b5b3f1fb5e3a067ddc3960050412bedab9930efc,43ff4ee397dfb66215c4a80d85f2f27c8b4aca35691b764872b698e7950db8f2,experiment_v1_4/results/p5_metadata_audit_20260924_01/returned/probes/seed0_trained_l0_m_full_query_iid.json,P9,frozen evaluation input
6ab23de4c19ffd756bfcd408b5b3f1fb5e3a067ddc3960050412bedab9930efc,4f5635d2c9a37e16f9aadb4dfdf66586828dc3f81a3f66e3b38bd24b761cc621,experiment_v1_4/results/p5_metadata_audit_20260924_01/returned/probes/seed0_trained_l0_m_full_state_iid.json,P9,frozen evaluation input
6ab23de4c19ffd756bfcd408b5b3f1fb5e3a067ddc3960050412bedab9930efc,579e6984b824b315a75aca6409a747a5915647c846a3dd65ac471bcd0780f2aa,experiment_v1_4/results/p5_metadata_audit_20260924_01/returned/probes/seed0_trained_l0_m_random_128_A_iid.json,P9,frozen evaluation input
6ab23de4c19ffd756bfcd408b5b3f1fb5e3a067ddc3960050412bedab9930efc,3e4214185f1e243e152c8ba0f6e263342b7414653c6050fd45becab18a3a3a5d,experiment_v1_4/results/p5_metadata_audit_20260924_01/returned/probes/seed0_trained_l0_m_random_128_B_iid.json,P9,frozen evaluation input
6ab23de4c19ffd756bfcd408b5b3f1fb5e3a067ddc3960050412bedab9930efc,d887bec7c0e83a058af1cea2a5063bfb381a8afe1021aab286a647505a8fca7d,experiment_v1_4/results/p5_metadata_audit_20260924_01/returned/probes/seed0_trained_l0_m_random_128_C_iid.json,P9,frozen evaluation input
6ab23de4c19ffd756bfcd408b5b3f1fb5e3a067ddc3960050412bedab9930efc,8ec80daff60243460ff56a8a6256124821e4919c747c09db62753c62d9ba2d32,experiment_v1_4/results/p5_metadata_audit_20260924_01/returned/probes/seed0_trained_l0_m_random_128_D_iid.json,P9,frozen evaluation input
6ab23de4c19ffd756bfcd408b5b3f1fb5e3a067ddc3960050412bedab9930efc,7147c5a32b01d88cf3690e805936aa48d210f285f36eaa9f5f0d05548f60730c,experiment_v1_4/results/p5_metadata_audit_20260924_01/returned/probes/seed0_trained_l0_m_random_128_current_iid.json,P9,frozen evaluation input
6ab23de4c19ffd756bfcd408b5b3f1fb5e3a067ddc3960050412bedab9930efc,6a43cee16583628267ca4bf54ce4a3fb9384728c15213da54ca1a7d4fabcf402,experiment_v1_4/results/p5_metadata_audit_20260924_01/returned/probes/seed0_trained_l0_m_random_128_current_transfer.json,P9,frozen evaluation input
6ab23de4c19ffd756bfcd408b5b3f1fb5e3a067ddc3960050412bedab9930efc,a6039e50954ef9487fb04ed50a0820b621e2522be319c5f9c93b83e8ae393019,experiment_v1_4/results/p5_metadata_audit_20260924_01/returned/probes/seed0_trained_l0_m_random_128_previous_iid.json,P9,frozen evaluation input
6ab23de4c19ffd756bfcd408b5b3f1fb5e3a067ddc3960050412bedab9930efc,16495de9a153a4d4a89332b57da5e831d7b143426c8dd27f2d698cf9f28ca15c,experiment_v1_4/results/p5_metadata_audit_20260924_01/returned/probes/seed0_trained_l0_m_random_128_previous_transfer.json,P9,frozen evaluation input
6ab23de4c19ffd756bfcd408b5b3f1fb5e3a067ddc3960050412bedab9930efc,b2fc3d43cfa3ae781fc82a45a9dfb3b584c2ab3ddfb021afad81f4708f7b96e3,experiment_v1_4/results/p5_metadata_audit_20260924_01/returned/probes/seed0_trained_l0_m_random_128_query_iid.json,P9,frozen evaluation input
6ab23de4c19ffd756bfcd408b5b3f1fb5e3a067ddc3960050412bedab9930efc,cb6b3bd93335eb5b137386238aaac24b88fdd5d9c31761bed2a9524ac6b1c741,experiment_v1_4/results/p5_metadata_audit_20260924_01/returned/probes/seed0_trained_l0_m_random_128_state_iid.json,P9,frozen evaluation input
6ab23de4c19ffd756bfcd408b5b3f1fb5e3a067ddc3960050412bedab9930efc,78819afca90c8d647aa68e80f502e753406e30d9299c57986f4e05ca30776487,experiment_v1_4/results/p5_metadata_audit_20260924_01/returned/probes/seed0_trained_l0_m_random_A_iid.json,P9,frozen evaluation input
6ab23de4c19ffd756bfcd408b5b3f1fb5e3a067ddc3960050412bedab9930efc,431531cb2ac67796c4189ff319917080609980aa7778d279a538f7717c09bd63,experiment_v1_4/results/p5_metadata_audit_20260924_01/returned/probes/seed0_trained_l0_m_random_B_iid.json,P9,frozen evaluation input
6ab23de4c19ffd756bfcd408b5b3f1fb5e3a067ddc3960050412bedab9930efc,57617d1b1f56d9123e4bffb706b9c36456e0fbb530e5be45b6ed6b4794b9c082,experiment_v1_4/results/p5_metadata_audit_20260924_01/returned/probes/seed0_trained_l0_m_random_C_iid.json,P9,frozen evaluation input
6ab23de4c19ffd756bfcd408b5b3f1fb5e3a067ddc3960050412bedab9930efc,488bb35a6e7c6b3e1953672be380429eabeacc505ebb85c25a14721e0d014bfc,experiment_v1_4/results/p5_metadata_audit_20260924_01/returned/probes/seed0_trained_l0_m_random_D_iid.json,P9,frozen evaluation input
6ab23de4c19ffd756bfcd408b5b3f1fb5e3a067ddc3960050412bedab9930efc,9021c8e16ad77424e708f5e172eafd9e126d045207e622dcf49b2e19d6ac83fb,experiment_v1_4/results/p5_metadata_audit_20260924_01/returned/probes/seed0_trained_l0_m_random_current_iid.json,P9,frozen evaluation input
6ab23de4c19ffd756bfcd408b5b3f1fb5e3a067ddc3960050412bedab9930efc,8ef1d8a77fe217add2d0faee8c0e9f20e7e6a1bb54de1b9fa8cc95cfb9b8ed71,experiment_v1_4/results/p5_metadata_audit_20260924_01/returned/probes/seed0_trained_l0_m_random_current_transfer.json,P9,frozen evaluation input
6ab23de4c19ffd756bfcd408b5b3f1fb5e3a067ddc3960050412bedab9930efc,eb797806d18393fb0ebd21d0082d691188fd1783c2a6ab0c3167d38c92877ecb,experiment_v1_4/results/p5_metadata_audit_20260924_01/returned/probes/seed0_trained_l0_m_random_previous_iid.json,P9,frozen evaluation input
6ab23de4c19ffd756bfcd408b5b3f1fb5e3a067ddc3960050412bedab9930efc,75330cca20817ab075035c28adcff536a54eac95b2ac85b02dadb40b47bc1572,experiment_v1_4/results/p5_metadata_audit_20260924_01/returned/probes/seed0_trained_l0_m_random_previous_transfer.json,P9,frozen evaluation input
6ab23de4c19ffd756bfcd408b5b3f1fb5e3a067ddc3960050412bedab9930efc,8cb9abae38777de098a6616b6a022883a4cc840c456b3eb38dedcc4f240c8ad9,experiment_v1_4/results/p5_metadata_audit_20260924_01/returned/probes/seed0_trained_l0_m_random_query_iid.json,P9,frozen evaluation input
6ab23de4c19ffd756bfcd408b5b3f1fb5e3a067ddc3960050412bedab9930efc,ad30c73244c6385b4af28ba9f7dc8dd14e207187d4da0cbe8a40402fec7536fa,experiment_v1_4/results/p5_metadata_audit_20260924_01/returned/probes/seed0_trained_l0_m_random_state_iid.json,P9,frozen evaluation input
6ab23de4c19ffd756bfcd408b5b3f1fb5e3a067ddc3960050412bedab9930efc,8f4161774fb98a65badb9d1477d27568cdc56ac669b8fa69dbe6813116f43cc3,experiment_v1_4/results/p5_metadata_audit_20260924_01/returned/probes/seed0_trained_l0_u_full_A_iid.json,P9,frozen evaluation input
6ab23de4c19ffd756bfcd408b5b3f1fb5e3a067ddc3960050412bedab9930efc,c40f622261d924246cc6fe95f33ccdb2c8cd93977dcc2cb8a08fae4c2e9bbec5,experiment_v1_4/results/p5_metadata_audit_20260924_01/returned/probes/seed0_trained_l0_u_full_B_iid.json,P9,frozen evaluation input
6ab23de4c19ffd756bfcd408b5b3f1fb5e3a067ddc3960050412bedab9930efc,10030608c3fd96ebaad646fdcd234b89db84c0ac89f25046133754d7090fcd56,experiment_v1_4/results/p5_metadata_audit_20260924_01/returned/probes/seed0_trained_l0_u_full_C_iid.json,P9,frozen evaluation input
6ab23de4c19ffd756bfcd408b5b3f1fb5e3a067ddc3960050412bedab9930efc,2fa8ad67d706fd9482be7363a1e04b30ab9868430244ced5720fafcb4eec8782,experiment_v1_4/results/p5_metadata_audit_20260924_01/returned/probes/seed0_trained_l0_u_full_D_iid.json,P9,frozen evaluation input
6ab23de4c19ffd756bfcd408b5b3f1fb5e3a067ddc3960050412bedab9930efc,825fc1c87b354adbe90de006e92d3ad5acf19b1357f63a28f75c7380fd96c00d,experiment_v1_4/results/p5_metadata_audit_20260924_01/returned/probes/seed0_trained_l0_u_full_current_iid.json,P9,frozen evaluation input
6ab23de4c19ffd756bfcd408b5b3f1fb5e3a067ddc3960050412bedab9930efc,5ca6a0ee029c314d1dee51ddea413dab3ca55c8d508e9849eb442d5d245ba985,experiment_v1_4/results/p5_metadata_audit_20260924_01/returned/probes/seed0_trained_l0_u_full_current_transfer.json,P9,frozen evaluation input
6ab23de4c19ffd756bfcd408b5b3f1fb5e3a067ddc3960050412bedab9930efc,cf2adfe77f501939eb8db89301614a1bdddd755c5ad11eb09f7b011f85ded915,experiment_v1_4/results/p5_metadata_audit_20260924_01/returned/probes/seed0_trained_l0_u_full_previous_iid.json,P9,frozen evaluation input
6ab23de4c19ffd756bfcd408b5b3f1fb5e3a067ddc3960050412bedab9930efc,fd5700ce0e46bc3fc527fe0925439726d02fb8677603329653f31f6c07fa398e,experiment_v1_4/results/p5_metadata_audit_20260924_01/returned/probes/seed0_trained_l0_u_full_previous_transfer.json,P9,frozen evaluation input
6ab23de4c19ffd756bfcd408b5b3f1fb5e3a067ddc3960050412bedab9930efc,6d060245a173bc4b1a9db8f52258212aa63a52b029ab09fbf5e8bd546ff89061,experiment_v1_4/results/p5_metadata_audit_20260924_01/returned/probes/seed0_trained_l0_u_full_query_iid.json,P9,frozen evaluation input
6ab23de4c19ffd756bfcd408b5b3f1fb5e3a067ddc3960050412bedab9930efc,021e2313656ad3784f371b3c1e004291f26c09865144f443e9e2c115b3b0f2b4,experiment_v1_4/results/p5_metadata_audit_20260924_01/returned/probes/seed0_trained_l0_u_full_state_iid.json,P9,frozen evaluation input
6ab23de4c19ffd756bfcd408b5b3f1fb5e3a067ddc3960050412bedab9930efc,02a5391bb6878ef3a3d97630ee978864dd0a5452644ef5007dcfab4e66ed1986,experiment_v1_4/results/p5_metadata_audit_20260924_01/returned/probes/seed0_trained_l11_h_full_A_iid.json,P9,frozen evaluation input
6ab23de4c19ffd756bfcd408b5b3f1fb5e3a067ddc3960050412bedab9930efc,53e331a5a2630d706f092072d125de8779e16327a5fc4150b0188d747e28c1a0,experiment_v1_4/results/p5_metadata_audit_20260924_01/returned/probes/seed0_trained_l11_h_full_B_iid.json,P9,frozen evaluation input
6ab23de4c19ffd756bfcd408b5b3f1fb5e3a067ddc3960050412bedab9930efc,e9a02f8dd02d77f143d7bb8a48f46956b2cbe2c099573da5f2491c27ebb41ec8,experiment_v1_4/results/p5_metadata_audit_20260924_01/returned/probes/seed0_trained_l11_h_full_C_iid.json,P9,frozen evaluation input
6ab23de4c19ffd756bfcd408b5b3f1fb5e3a067ddc3960050412bedab9930efc,ad4e015ac35cd8886aa385464688360e6dc1b282ca058ad52cf01bd116912947,experiment_v1_4/results/p5_metadata_audit_20260924_01/returned/probes/seed0_trained_l11_h_full_D_iid.json,P9,frozen evaluation input
6ab23de4c19ffd756bfcd408b5b3f1fb5e3a067ddc3960050412bedab9930efc,9305f76b9a97def820da45f0d3eb671893244199b786856f355ec56c77a8f9b5,experiment_v1_4/results/p5_metadata_audit_20260924_01/returned/probes/seed0_trained_l11_h_full_current_iid.json,P9,frozen evaluation input
6ab23de4c19ffd756bfcd408b5b3f1fb5e3a067ddc3960050412bedab9930efc,39009fe71c71b877f4a5469818324ecdbe2abc73f02e0a623a55d8d51dddbab7,experiment_v1_4/results/p5_metadata_audit_20260924_01/returned/probes/seed0_trained_l11_h_full_current_transfer.json,P9,frozen evaluation input
6ab23de4c19ffd756bfcd408b5b3f1fb5e3a067ddc3960050412bedab9930efc,8a1178f6ad6ad46d03bbeb6f3ec9eaf7ab42ea9cece18e84082eac9f3ce6cbc6,experiment_v1_4/results/p5_metadata_audit_20260924_01/returned/probes/seed0_trained_l11_h_full_previous_iid.json,P9,frozen evaluation input
6ab23de4c19ffd756bfcd408b5b3f1fb5e3a067ddc3960050412bedab9930efc,ad8fbf8b24e4dd2d25ae6519bc4f3652837f4c2f6e17d49e79f8d90a5ccb5293,experiment_v1_4/results/p5_metadata_audit_20260924_01/returned/probes/seed0_trained_l11_h_full_previous_transfer.json,P9,frozen evaluation input
6ab23de4c19ffd756bfcd408b5b3f1fb5e3a067ddc3960050412bedab9930efc,fb627bb77b769fe3f0650f0472866686222036402c91bdb95e80a638297fe682,experiment_v1_4/results/p5_metadata_audit_20260924_01/returned/probes/seed0_trained_l11_h_full_query_iid.json,P9,frozen evaluation input
6ab23de4c19ffd756bfcd408b5b3f1fb5e3a067ddc3960050412bedab9930efc,98866e03b179df8a209c247645d730156da620fd0f9b2f319b090ef715e151a7,experiment_v1_4/results/p5_metadata_audit_20260924_01/returned/probes/seed0_trained_l11_h_full_state_iid.json,P9,frozen evaluation input
6ab23de4c19ffd756bfcd408b5b3f1fb5e3a067ddc3960050412bedab9930efc,4db7c823a1d975c86fe95b81f7c035611a740c34703e4f6f32def5033e3e1e60,experiment_v1_4/results/p5_metadata_audit_20260924_01/returned/probes/seed0_trained_l11_m_full_A_iid.json,P9,frozen evaluation input
6ab23de4c19ffd756bfcd408b5b3f1fb5e3a067ddc3960050412bedab9930efc,8f88ae03dec0ea048f47c383b70f34eb58615990cf66f088381dfa87c07415e1,experiment_v1_4/results/p5_metadata_audit_20260924_01/returned/probes/seed0_trained_l11_m_full_B_iid.json,P9,frozen evaluation input
6ab23de4c19ffd756bfcd408b5b3f1fb5e3a067ddc3960050412bedab9930efc,ac0f53a6d3b254d26bf75ef6956fe5a51ee441fb99ba542115fa04dae94c429f,experiment_v1_4/results/p5_metadata_audit_20260924_01/returned/probes/seed0_trained_l11_m_full_C_iid.json,P9,frozen evaluation input
6ab23de4c19ffd756bfcd408b5b3f1fb5e3a067ddc3960050412bedab9930efc,16dfa1a48288ce9deb524b35cdce6655da56b0fec7fae3e7208689c2b27ee0c5,experiment_v1_4/results/p5_metadata_audit_20260924_01/returned/probes/seed0_trained_l11_m_full_D_iid.json,P9,frozen evaluation input
6ab23de4c19ffd756bfcd408b5b3f1fb5e3a067ddc3960050412bedab9930efc,88fe2429fd80a60aba8c6c4eecb7895a31360370405da7e65143cccad3a2227d,experiment_v1_4/results/p5_metadata_audit_20260924_01/returned/probes/seed0_trained_l11_m_full_current_iid.json,P9,frozen evaluation input
6ab23de4c19ffd756bfcd408b5b3f1fb5e3a067ddc3960050412bedab9930efc,a0131ed36dd85ab6956ef691799d9e299fbf186fcf836732e2a692d19c74bd94,experiment_v1_4/results/p5_metadata_audit_20260924_01/returned/probes/seed0_trained_l11_m_full_current_transfer.json,P9,frozen evaluation input
6ab23de4c19ffd756bfcd408b5b3f1fb5e3a067ddc3960050412bedab9930efc,175446ab22bf359d5e0c94c8e361ccf74571b67f1fedebe4d2626c1941dae0c7,experiment_v1_4/results/p5_metadata_audit_20260924_01/returned/probes/seed0_trained_l11_m_full_previous_iid.json,P9,frozen evaluation input
6ab23de4c19ffd756bfcd408b5b3f1fb5e3a067ddc3960050412bedab9930efc,f77989a49a9745b3e6e37f1f68fc3b85a53f071ab576835e106e767d15024e4d,experiment_v1_4/results/p5_metadata_audit_20260924_01/returned/probes/seed0_trained_l11_m_full_previous_transfer.json,P9,frozen evaluation input
6ab23de4c19ffd756bfcd408b5b3f1fb5e3a067ddc3960050412bedab9930efc,ad2a7320a5f655e6ea8506566ff5516dce80542b10c8a9a77364a62e67a45d64,experiment_v1_4/results/p5_metadata_audit_20260924_01/returned/probes/seed0_trained_l11_m_full_query_iid.json,P9,frozen evaluation input
6ab23de4c19ffd756bfcd408b5b3f1fb5e3a067ddc3960050412bedab9930efc,e3d7069aaa3071ba51daff791e71be05c47a361b35f9ebfd482444c1a1d1d73a,experiment_v1_4/results/p5_metadata_audit_20260924_01/returned/probes/seed0_trained_l11_m_full_state_iid.json,P9,frozen evaluation input
6ab23de4c19ffd756bfcd408b5b3f1fb5e3a067ddc3960050412bedab9930efc,10e00b56f40dee5a2fa373ccbb80edf8631554f46addb59f8833ef1c6807a08f,experiment_v1_4/results/p5_metadata_audit_20260924_01/returned/probes/seed0_trained_l11_u_full_A_iid.json,P9,frozen evaluation input
6ab23de4c19ffd756bfcd408b5b3f1fb5e3a067ddc3960050412bedab9930efc,6bf5f5717c427f08ba361d7b5a06e5e828a9b414bc95ad3afc02752b38916970,experiment_v1_4/results/p5_metadata_audit_20260924_01/returned/probes/seed0_trained_l11_u_full_B_iid.json,P9,frozen evaluation input
6ab23de4c19ffd756bfcd408b5b3f1fb5e3a067ddc3960050412bedab9930efc,ca957952e3475679e1a8f500a8ce66af9b5883b1dc5e6cbaf04f458fbf29a761,experiment_v1_4/results/p5_metadata_audit_20260924_01/returned/probes/seed0_trained_l11_u_full_C_iid.json,P9,frozen evaluation input
6ab23de4c19ffd756bfcd408b5b3f1fb5e3a067ddc3960050412bedab9930efc,214ba206e86e47196c1e58be22d1620a4c92f794831bafba21f6168ddfc26d1b,experiment_v1_4/results/p5_metadata_audit_20260924_01/returned/probes/seed0_trained_l11_u_full_D_iid.json,P9,frozen evaluation input
6ab23de4c19ffd756bfcd408b5b3f1fb5e3a067ddc3960050412bedab9930efc,7770c63007d572e8ad5d20aeb6536d42f96f037d37c9094fb0e21c7f1a3e98e1,experiment_v1_4/results/p5_metadata_audit_20260924_01/returned/probes/seed0_trained_l11_u_full_current_iid.json,P9,frozen evaluation input
6ab23de4c19ffd756bfcd408b5b3f1fb5e3a067ddc3960050412bedab9930efc,f55c648d9f2f7de9eda90f646f3486eec5d7ff8c74d34daaa752bad3f2ccee14,experiment_v1_4/results/p5_metadata_audit_20260924_01/returned/probes/seed0_trained_l11_u_full_current_transfer.json,P9,frozen evaluation input
6ab23de4c19ffd756bfcd408b5b3f1fb5e3a067ddc3960050412bedab9930efc,5d71dcb8219ff0bd2feab1be784c377ded6b1b2e7fc8ada35031778eb3b4e164,experiment_v1_4/results/p5_metadata_audit_20260924_01/returned/probes/seed0_trained_l11_u_full_previous_iid.json,P9,frozen evaluation input
6ab23de4c19ffd756bfcd408b5b3f1fb5e3a067ddc3960050412bedab9930efc,f3eea60bfbf6b499f8eb9cf409bde4991afd5e2536309a0118f2be570d9dfdfa,experiment_v1_4/results/p5_metadata_audit_20260924_01/returned/probes/seed0_trained_l11_u_full_previous_transfer.json,P9,frozen evaluation input
6ab23de4c19ffd756bfcd408b5b3f1fb5e3a067ddc3960050412bedab9930efc,05ca04a6a4d556a87cb8c9a92d7dc6a731ed05af574322038023b6438fd37f6a,experiment_v1_4/results/p5_metadata_audit_20260924_01/returned/probes/seed0_trained_l11_u_full_query_iid.json,P9,frozen evaluation input
6ab23de4c19ffd756bfcd408b5b3f1fb5e3a067ddc3960050412bedab9930efc,7742a84c0610d3bee59a4c309605405d669c7431a3262db7032e205c1abaebde,experiment_v1_4/results/p5_metadata_audit_20260924_01/returned/probes/seed0_trained_l11_u_full_state_iid.json,P9,frozen evaluation input
6ab23de4c19ffd756bfcd408b5b3f1fb5e3a067ddc3960050412bedab9930efc,e3dc80f73f6b612f250ee9ad5be55823df8ace7444e435f3da13ae9d3dc2c67d,experiment_v1_4/results/p5_metadata_audit_20260924_01/returned/probes/seed0_trained_l3_h_full_A_iid.json,P9,frozen evaluation input
6ab23de4c19ffd756bfcd408b5b3f1fb5e3a067ddc3960050412bedab9930efc,5598af36c6cc8c90ea4ab9934f4b807f35e9fe08405237c86cfccb295cc5de04,experiment_v1_4/results/p5_metadata_audit_20260924_01/returned/probes/seed0_trained_l3_h_full_B_iid.json,P9,frozen evaluation input
6ab23de4c19ffd756bfcd408b5b3f1fb5e3a067ddc3960050412bedab9930efc,593aa4c554095570a8c14f9d66a12a285eb4c5bde15ca18f8a300d6d8c98b4c3,experiment_v1_4/results/p5_metadata_audit_20260924_01/returned/probes/seed0_trained_l3_h_full_C_iid.json,P9,frozen evaluation input
6ab23de4c19ffd756bfcd408b5b3f1fb5e3a067ddc3960050412bedab9930efc,3f4d7f57b88f6806253701c9f5b189632e1bf2899bc531a67f02f300b1f64cae,experiment_v1_4/results/p5_metadata_audit_20260924_01/returned/probes/seed0_trained_l3_h_full_D_iid.json,P9,frozen evaluation input
6ab23de4c19ffd756bfcd408b5b3f1fb5e3a067ddc3960050412bedab9930efc,dc3b2a4f215719d28021f4830836b99109d9af123c207469648a66aba5e53663,experiment_v1_4/results/p5_metadata_audit_20260924_01/returned/probes/seed0_trained_l3_h_full_current_iid.json,P9,frozen evaluation input
6ab23de4c19ffd756bfcd408b5b3f1fb5e3a067ddc3960050412bedab9930efc,9c7462ddb080c46feca1c788c3e6ab3bf8f011c523ff21e8f8332845a162cf8c,experiment_v1_4/results/p5_metadata_audit_20260924_01/returned/probes/seed0_trained_l3_h_full_current_transfer.json,P9,frozen evaluation input
6ab23de4c19ffd756bfcd408b5b3f1fb5e3a067ddc3960050412bedab9930efc,f6689d0865dc77ddc8521999705b94e45e71b6929b01554e7d670234679335f8,experiment_v1_4/results/p5_metadata_audit_20260924_01/returned/probes/seed0_trained_l3_h_full_previous_iid.json,P9,frozen evaluation input
6ab23de4c19ffd756bfcd408b5b3f1fb5e3a067ddc3960050412bedab9930efc,4a4c49b3a17659afa9c8f0a55d7a05f5383f58bb90e1b850447bb8acacf224f9,experiment_v1_4/results/p5_metadata_audit_20260924_01/returned/probes/seed0_trained_l3_h_full_previous_transfer.json,P9,frozen evaluation input
6ab23de4c19ffd756bfcd408b5b3f1fb5e3a067ddc3960050412bedab9930efc,fddf94aa217cf84eec233a30f1324ebb9af6f5f79ef5c59540705631fd07ae0c,experiment_v1_4/results/p5_metadata_audit_20260924_01/returned/probes/seed0_trained_l3_h_full_query_iid.json,P9,frozen evaluation input
6ab23de4c19ffd756bfcd408b5b3f1fb5e3a067ddc3960050412bedab9930efc,c258d8cb4954eb215e841e34c3d31d7772a0cfac8e3c40d24643e317f9db69b6,experiment_v1_4/results/p5_metadata_audit_20260924_01/returned/probes/seed0_trained_l3_h_full_state_iid.json,P9,frozen evaluation input
6ab23de4c19ffd756bfcd408b5b3f1fb5e3a067ddc3960050412bedab9930efc,e70cd3d497cae489a19118f64f3c3682bdbad1909fc6df2a09a282db7b1a6ca7,experiment_v1_4/results/p5_metadata_audit_20260924_01/returned/probes/seed0_trained_l3_m_full_A_iid.json,P9,frozen evaluation input
6ab23de4c19ffd756bfcd408b5b3f1fb5e3a067ddc3960050412bedab9930efc,61266211131ad8c5ffbbe7c986fcc99b78b865574567d9e652fb2922ac2f0601,experiment_v1_4/results/p5_metadata_audit_20260924_01/returned/probes/seed0_trained_l3_m_full_B_iid.json,P9,frozen evaluation input
6ab23de4c19ffd756bfcd408b5b3f1fb5e3a067ddc3960050412bedab9930efc,7b7b2a491e89920a7cfc84ba439101cd453cf32cfdfb31ff96b27a2c4a72b94b,experiment_v1_4/results/p5_metadata_audit_20260924_01/returned/probes/seed0_trained_l3_m_full_C_iid.json,P9,frozen evaluation input
6ab23de4c19ffd756bfcd408b5b3f1fb5e3a067ddc3960050412bedab9930efc,74b8658f1c8dccecdad7210124476c4d00c7ba3cd1594a6e0ef2b5dee80973a7,experiment_v1_4/results/p5_metadata_audit_20260924_01/returned/probes/seed0_trained_l3_m_full_D_iid.json,P9,frozen evaluation input
6ab23de4c19ffd756bfcd408b5b3f1fb5e3a067ddc3960050412bedab9930efc,61a639c9c82b2c5ff6379d4f8a70894f30a582f3b988f5f37770b846fa248d2f,experiment_v1_4/results/p5_metadata_audit_20260924_01/returned/probes/seed0_trained_l3_m_full_current_iid.json,P9,frozen evaluation input
6ab23de4c19ffd756bfcd408b5b3f1fb5e3a067ddc3960050412bedab9930efc,978b48383908f8aa5a033454eebfb587ca8bec1ad7bddd8bc2b2f730072238df,experiment_v1_4/results/p5_metadata_audit_20260924_01/returned/probes/seed0_trained_l3_m_full_current_transfer.json,P9,frozen evaluation input
6ab23de4c19ffd756bfcd408b5b3f1fb5e3a067ddc3960050412bedab9930efc,2d13493bce7492108b4dd11e1b5d9f8528e0559082d2016b3d365583af991abb,experiment_v1_4/results/p5_metadata_audit_20260924_01/returned/probes/seed0_trained_l3_m_full_previous_iid.json,P9,frozen evaluation input
6ab23de4c19ffd756bfcd408b5b3f1fb5e3a067ddc3960050412bedab9930efc,dc760300d3d9defca3a83bac25facf7ad8032db5d516088e3e44eb282b4f1fde,experiment_v1_4/results/p5_metadata_audit_20260924_01/returned/probes/seed0_trained_l3_m_full_previous_transfer.json,P9,frozen evaluation input
6ab23de4c19ffd756bfcd408b5b3f1fb5e3a067ddc3960050412bedab9930efc,5bd4228e5c6fdb9b985256db247e38b1f32d3550b7c2d9b84a37964875075267,experiment_v1_4/results/p5_metadata_audit_20260924_01/returned/probes/seed0_trained_l3_m_full_query_iid.json,P9,frozen evaluation input
6ab23de4c19ffd756bfcd408b5b3f1fb5e3a067ddc3960050412bedab9930efc,1aa482dafb3443d15112f76a603303083dd504f8ffe56eac818da3dcb3236c09,experiment_v1_4/results/p5_metadata_audit_20260924_01/returned/probes/seed0_trained_l3_m_full_state_iid.json,P9,frozen evaluation input
6ab23de4c19ffd756bfcd408b5b3f1fb5e3a067ddc3960050412bedab9930efc,6044082ffb3cd89ca47ef9a259a65bc59866299436c69bba579176902cef03e8,experiment_v1_4/results/p5_metadata_audit_20260924_01/returned/probes/seed0_trained_l3_u_full_A_iid.json,P9,frozen evaluation input
6ab23de4c19ffd756bfcd408b5b3f1fb5e3a067ddc3960050412bedab9930efc,ed50dea8a182719ee0e0240d1d761e7dd788eea652fa85b548291f98b4579c80,experiment_v1_4/results/p5_metadata_audit_20260924_01/returned/probes/seed0_trained_l3_u_full_B_iid.json,P9,frozen evaluation input
6ab23de4c19ffd756bfcd408b5b3f1fb5e3a067ddc3960050412bedab9930efc,c5fb4c4d03fd286ff6ccf52bb9eba8ca70f30de1e68a5ed410b3d2f5f85ce7f9,experiment_v1_4/results/p5_metadata_audit_20260924_01/returned/probes/seed0_trained_l3_u_full_C_iid.json,P9,frozen evaluation input
6ab23de4c19ffd756bfcd408b5b3f1fb5e3a067ddc3960050412bedab9930efc,f6d8e54de32d86d88661ac023df58082482848137e6f4ebb9c42eb908207a910,experiment_v1_4/results/p5_metadata_audit_20260924_01/returned/probes/seed0_trained_l3_u_full_D_iid.json,P9,frozen evaluation input
6ab23de4c19ffd756bfcd408b5b3f1fb5e3a067ddc3960050412bedab9930efc,8728011f91074cdb3141ecfd9667c0843d9ed6dd7897db8d84209c39e227bfa1,experiment_v1_4/results/p5_metadata_audit_20260924_01/returned/probes/seed0_trained_l3_u_full_current_iid.json,P9,frozen evaluation input
6ab23de4c19ffd756bfcd408b5b3f1fb5e3a067ddc3960050412bedab9930efc,f0f9f6a4e7ae821dd4b8ac927b4d7bf79d98640bf39449af9a6f4044c531497a,experiment_v1_4/results/p5_metadata_audit_20260924_01/returned/probes/seed0_trained_l3_u_full_current_transfer.json,P9,frozen evaluation input
6ab23de4c19ffd756bfcd408b5b3f1fb5e3a067ddc3960050412bedab9930efc,aa5611a8054fc227f8bb27c5dcc0475dba670b8caf564dbfa093ea5c0c64c7c0,experiment_v1_4/results/p5_metadata_audit_20260924_01/returned/probes/seed0_trained_l3_u_full_previous_iid.json,P9,frozen evaluation input
6ab23de4c19ffd756bfcd408b5b3f1fb5e3a067ddc3960050412bedab9930efc,9a33bf7767530a4415e94b86cc8ef741560f395831694af5b92ffcb44ec90d2a,experiment_v1_4/results/p5_metadata_audit_20260924_01/returned/probes/seed0_trained_l3_u_full_previous_transfer.json,P9,frozen evaluation input
6ab23de4c19ffd756bfcd408b5b3f1fb5e3a067ddc3960050412bedab9930efc,dae5771c7a4e4af3ef78e495b8e02d79f03175322e199fe68176b3d20a8e8166,experiment_v1_4/results/p5_metadata_audit_20260924_01/returned/probes/seed0_trained_l3_u_full_query_iid.json,P9,frozen evaluation input
6ab23de4c19ffd756bfcd408b5b3f1fb5e3a067ddc3960050412bedab9930efc,a38627ab020e1fe5c344445b0b0782837c05430455f5b0fcd655d6e26fbc6a08,experiment_v1_4/results/p5_metadata_audit_20260924_01/returned/probes/seed0_trained_l3_u_full_state_iid.json,P9,frozen evaluation input
6ab23de4c19ffd756bfcd408b5b3f1fb5e3a067ddc3960050412bedab9930efc,2f5265b4185b9ae186576d097558d22a578d2b9829f18908a2063cffc3c7aa15,experiment_v1_4/results/p5_metadata_audit_20260924_01/returned/probes/seed0_trained_l7_h_full_A_iid.json,P9,frozen evaluation input
6ab23de4c19ffd756bfcd408b5b3f1fb5e3a067ddc3960050412bedab9930efc,73ed4f4c4f8cac31ede9cd1ceb2d3c13f9217d369fb3a0fbc01976baa1b14f0a,experiment_v1_4/results/p5_metadata_audit_20260924_01/returned/probes/seed0_trained_l7_h_full_B_iid.json,P9,frozen evaluation input
6ab23de4c19ffd756bfcd408b5b3f1fb5e3a067ddc3960050412bedab9930efc,bba6b980b9ca972d0cff08b6d91208739f82284f1e5d6eac95b834e5d7523253,experiment_v1_4/results/p5_metadata_audit_20260924_01/returned/probes/seed0_trained_l7_h_full_C_iid.json,P9,frozen evaluation input
6ab23de4c19ffd756bfcd408b5b3f1fb5e3a067ddc3960050412bedab9930efc,52fc4ebf50cfac33d54654cbcf956c79d6708464caa63390ac0d207e428645d3,experiment_v1_4/results/p5_metadata_audit_20260924_01/returned/probes/seed0_trained_l7_h_full_D_iid.json,P9,frozen evaluation input
6ab23de4c19ffd756bfcd408b5b3f1fb5e3a067ddc3960050412bedab9930efc,655a33accc1bd3fc8acb789ba72809e109a1ce45aa9826e753d48f8f7aac469b,experiment_v1_4/results/p5_metadata_audit_20260924_01/returned/probes/seed0_trained_l7_h_full_current_iid.json,P9,frozen evaluation input
6ab23de4c19ffd756bfcd408b5b3f1fb5e3a067ddc3960050412bedab9930efc,1ddc2478e97164c38a7a9cea642a8811936940d36ec5e3b230b6346dc23b7048,experiment_v1_4/results/p5_metadata_audit_20260924_01/returned/probes/seed0_trained_l7_h_full_current_transfer.json,P9,frozen evaluation input
6ab23de4c19ffd756bfcd408b5b3f1fb5e3a067ddc3960050412bedab9930efc,21303b8f37a30a6fad56a20886ea5c4652dfb3b852246ecc007ad0a183d5e1e0,experiment_v1_4/results/p5_metadata_audit_20260924_01/returned/probes/seed0_trained_l7_h_full_previous_iid.json,P9,frozen evaluation input
6ab23de4c19ffd756bfcd408b5b3f1fb5e3a067ddc3960050412bedab9930efc,5a0ffecbaf167f1c0fd6c81cbd6d75c1939b2db7644f5c281b5702db406758be,experiment_v1_4/results/p5_metadata_audit_20260924_01/returned/probes/seed0_trained_l7_h_full_previous_transfer.json,P9,frozen evaluation input
6ab23de4c19ffd756bfcd408b5b3f1fb5e3a067ddc3960050412bedab9930efc,7ea56c64be049e58adcb6d5adf7814a275996e1b5f4146c303da7ccb7f7b7c1d,experiment_v1_4/results/p5_metadata_audit_20260924_01/returned/probes/seed0_trained_l7_h_full_query_iid.json,P9,frozen evaluation input
6ab23de4c19ffd756bfcd408b5b3f1fb5e3a067ddc3960050412bedab9930efc,d580dceddefd5c4c57f159c3ee7aa5fd685a0785976fd9668f29f1df5ad4e209,experiment_v1_4/results/p5_metadata_audit_20260924_01/returned/probes/seed0_trained_l7_h_full_state_iid.json,P9,frozen evaluation input
6ab23de4c19ffd756bfcd408b5b3f1fb5e3a067ddc3960050412bedab9930efc,1d913670a90aab720c7289283997932343ec8911b1fa158a9c7135a02637227f,experiment_v1_4/results/p5_metadata_audit_20260924_01/returned/probes/seed0_trained_l7_m_full_A_iid.json,P9,frozen evaluation input
6ab23de4c19ffd756bfcd408b5b3f1fb5e3a067ddc3960050412bedab9930efc,20e515721a231e43b579507bc9aa425d580530b57930246dc65f2bc4bed5d6c1,experiment_v1_4/results/p5_metadata_audit_20260924_01/returned/probes/seed0_trained_l7_m_full_B_iid.json,P9,frozen evaluation input
6ab23de4c19ffd756bfcd408b5b3f1fb5e3a067ddc3960050412bedab9930efc,264aea7dc00d84cd2249d3755fe5e2cd2730cc9b60b0b89cc9e50d134860b880,experiment_v1_4/results/p5_metadata_audit_20260924_01/returned/probes/seed0_trained_l7_m_full_C_iid.json,P9,frozen evaluation input
6ab23de4c19ffd756bfcd408b5b3f1fb5e3a067ddc3960050412bedab9930efc,56e2e19e045863866010b16d390691c137ef2ddd36feeac83bbffb7556e8326e,experiment_v1_4/results/p5_metadata_audit_20260924_01/returned/probes/seed0_trained_l7_m_full_D_iid.json,P9,frozen evaluation input
6ab23de4c19ffd756bfcd408b5b3f1fb5e3a067ddc3960050412bedab9930efc,4d5ffca273e00012920648ee206b9f93e489e529e6506c2644a6b1c0b3e42674,experiment_v1_4/results/p5_metadata_audit_20260924_01/returned/probes/seed0_trained_l7_m_full_current_iid.json,P9,frozen evaluation input
6ab23de4c19ffd756bfcd408b5b3f1fb5e3a067ddc3960050412bedab9930efc,6e0e8c892113d933ece985c7affa20cdc3bbe53fa73c15154f409df718941516,experiment_v1_4/results/p5_metadata_audit_20260924_01/returned/probes/seed0_trained_l7_m_full_current_transfer.json,P9,frozen evaluation input
6ab23de4c19ffd756bfcd408b5b3f1fb5e3a067ddc3960050412bedab9930efc,d02f6f6c6a031da956bfdf09eb1489b940334019d75944317e7a215b6112aee9,experiment_v1_4/results/p5_metadata_audit_20260924_01/returned/probes/seed0_trained_l7_m_full_previous_iid.json,P9,frozen evaluation input
6ab23de4c19ffd756bfcd408b5b3f1fb5e3a067ddc3960050412bedab9930efc,f2dbed41626ce636e61aeafdf6fd022d57ad2e34e45c6544a5fc007f5963ac29,experiment_v1_4/results/p5_metadata_audit_20260924_01/returned/probes/seed0_trained_l7_m_full_previous_transfer.json,P9,frozen evaluation input
6ab23de4c19ffd756bfcd408b5b3f1fb5e3a067ddc3960050412bedab9930efc,2628aee1686c65859e2b1977f19a0ff4d632e0f8cb2522d99c454d68e4c4e4da,experiment_v1_4/results/p5_metadata_audit_20260924_01/returned/probes/seed0_trained_l7_m_full_query_iid.json,P9,frozen evaluation input
6ab23de4c19ffd756bfcd408b5b3f1fb5e3a067ddc3960050412bedab9930efc,f6561a4065bc47a6da839d4ba684285d3946dcfa768b3d3462a57910c1610a47,experiment_v1_4/results/p5_metadata_audit_20260924_01/returned/probes/seed0_trained_l7_m_full_state_iid.json,P9,frozen evaluation input
6ab23de4c19ffd756bfcd408b5b3f1fb5e3a067ddc3960050412bedab9930efc,1fbdb4e3ddcd121cd64c6f059d10de5af4b3e6651c3f63c6b5cea29ed14fc83a,experiment_v1_4/results/p5_metadata_audit_20260924_01/returned/probes/seed0_trained_l7_u_full_A_iid.json,P9,frozen evaluation input
6ab23de4c19ffd756bfcd408b5b3f1fb5e3a067ddc3960050412bedab9930efc,5e7895f268a678a8a639072eec96b62bb152ed1abdf8b91ccb50afaeb0e3c98b,experiment_v1_4/results/p5_metadata_audit_20260924_01/returned/probes/seed0_trained_l7_u_full_B_iid.json,P9,frozen evaluation input
6ab23de4c19ffd756bfcd408b5b3f1fb5e3a067ddc3960050412bedab9930efc,406cb0273adc6ba9a6f337902dc76db99990f06e4cf561767e04c5c66a2eabf4,experiment_v1_4/results/p5_metadata_audit_20260924_01/returned/probes/seed0_trained_l7_u_full_C_iid.json,P9,frozen evaluation input
6ab23de4c19ffd756bfcd408b5b3f1fb5e3a067ddc3960050412bedab9930efc,68abe88b1fdb8498f4e0510f9d7fff8f43ae6545c06d7b6890e004f1c7d7a61c,experiment_v1_4/results/p5_metadata_audit_20260924_01/returned/probes/seed0_trained_l7_u_full_D_iid.json,P9,frozen evaluation input
6ab23de4c19ffd756bfcd408b5b3f1fb5e3a067ddc3960050412bedab9930efc,8ce3ef648e3c7d0c8750533475ef5ad3cb97e1f7d67a175c4e75277edc184ace,experiment_v1_4/results/p5_metadata_audit_20260924_01/returned/probes/seed0_trained_l7_u_full_current_iid.json,P9,frozen evaluation input
6ab23de4c19ffd756bfcd408b5b3f1fb5e3a067ddc3960050412bedab9930efc,d9f9fec421ac34fbf6d6d235f67ea642888c31f858873a9f3c2ab750cb8ed0e9,experiment_v1_4/results/p5_metadata_audit_20260924_01/returned/probes/seed0_trained_l7_u_full_current_transfer.json,P9,frozen evaluation input
6ab23de4c19ffd756bfcd408b5b3f1fb5e3a067ddc3960050412bedab9930efc,a8a7db43151af7005d7c5968181395b2f797fc98a29cffda1c3ba864391597cd,experiment_v1_4/results/p5_metadata_audit_20260924_01/returned/probes/seed0_trained_l7_u_full_previous_iid.json,P9,frozen evaluation input
6ab23de4c19ffd756bfcd408b5b3f1fb5e3a067ddc3960050412bedab9930efc,7b77edfd252322541fd3d1aa8fab62540336b87fb0bfde4e8b7418e3a18273bb,experiment_v1_4/results/p5_metadata_audit_20260924_01/returned/probes/seed0_trained_l7_u_full_previous_transfer.json,P9,frozen evaluation input
6ab23de4c19ffd756bfcd408b5b3f1fb5e3a067ddc3960050412bedab9930efc,b116aa17b72e740a1c0ebb957048429ae21a9d2ac5a32c86fb7bb6ed0920a799,experiment_v1_4/results/p5_metadata_audit_20260924_01/returned/probes/seed0_trained_l7_u_full_query_iid.json,P9,frozen evaluation input
6ab23de4c19ffd756bfcd408b5b3f1fb5e3a067ddc3960050412bedab9930efc,d90463e8d27b5cd2479e8eea3def1ed1ea9119cae2bbce862844e9ab2247208d,experiment_v1_4/results/p5_metadata_audit_20260924_01/returned/probes/seed0_trained_l7_u_full_state_iid.json,P9,frozen evaluation input
6ab23de4c19ffd756bfcd408b5b3f1fb5e3a067ddc3960050412bedab9930efc,3c2617a349cf7b405c22e5793e273fb65b752be6e9dd33eedb038e575a308d52,experiment_v1_4/results/p7_return_audit_20260927_01/returned/tables/causal.csv,P9,frozen evaluation input
6ab23de4c19ffd756bfcd408b5b3f1fb5e3a067ddc3960050412bedab9930efc,958b8a950f91319b21bc5fc96d185fd992e8a9b92ffb6ac8bf23c5db5d17aece,experiment_v1_4/results/p7_return_audit_20260927_01/returned/tables/fidelity.csv,P9,frozen evaluation input
6ab23de4c19ffd756bfcd408b5b3f1fb5e3a067ddc3960050412bedab9930efc,e085a2a88c32d3a7a2dd7b508fc8f6bb97ce5288d082498c3bfdb1e5b7342154,experiment_v1_4/results/p7_return_audit_20260927_01/returned/tables/replacement.csv,P9,frozen evaluation input
6ab23de4c19ffd756bfcd408b5b3f1fb5e3a067ddc3960050412bedab9930efc,f784a4666cfd80b62a037571151ad53ef17c1af36a375fe3936d2f00102e6e8e,experiment_v1_4/results/p7_return_audit_20260927_01/returned/tables/semantic.csv,P9,frozen evaluation input
6ab23de4c19ffd756bfcd408b5b3f1fb5e3a067ddc3960050412bedab9930efc,04483d21d073488cda73c7def6bec9898c6de90b774f37ab0c783232de420db7,experiment_v1_4/results/p8_return_audit_20260929_01/returned_metadata/tables/causal.csv,P9,frozen evaluation input
6ab23de4c19ffd756bfcd408b5b3f1fb5e3a067ddc3960050412bedab9930efc,d06638bbb7882095063fd1512dff87eddc4226a184682177448e76c2441c67e5,experiment_v1_4/results/p8_return_audit_20260929_01/returned_metadata/tables/fidelity.csv,P9,frozen evaluation input
6ab23de4c19ffd756bfcd408b5b3f1fb5e3a067ddc3960050412bedab9930efc,5fce29fcbc9daec2d36fe64b7338811e0be033a86d4d1e118ab6fa609aabfa5e,experiment_v1_4/results/p8_return_audit_20260929_01/returned_metadata/tables/replacement.csv,P9,frozen evaluation input
6ab23de4c19ffd756bfcd408b5b3f1fb5e3a067ddc3960050412bedab9930efc,446826cd565c3077f955fbe8542b38bc86843ecb07d44586c45c35402da6e3e0,experiment_v1_4/results/p8_return_audit_20260929_01/returned_metadata/tables/semantic.csv,P9,frozen evaluation input
6ab23de4c19ffd756bfcd408b5b3f1fb5e3a067ddc3960050412bedab9930efc,1d051b15beccf09aed4ce1787a4374ba9fcb8ebfa6f9ae37e210cf01c014a581,experiment_v1_4/results/p9_training_audit_20260930_01/REPORT.md,P9,frozen evaluation input
6ab23de4c19ffd756bfcd408b5b3f1fb5e3a067ddc3960050412bedab9930efc,a68f553ae7fbc8393336cff2897d72a12ca9771a0c869df5bb71c47680d46d01,experiment_v1_4/results/p9_training_audit_20260930_01/completion.json,P9,frozen evaluation input
6ab23de4c19ffd756bfcd408b5b3f1fb5e3a067ddc3960050412bedab9930efc,561f2ba2e9a43847e512c0b0fcc7a7e6364f065193f77dc20df8d1cfad8e6b22,experiment_v1_4/results/p9_training_audit_20260930_01/runs.csv,P9,frozen evaluation input
6ab23de4c19ffd756bfcd408b5b3f1fb5e3a067ddc3960050412bedab9930efc,f3d471ed129b3b00e6ec4850d728babfbdd9f1b4f9c4bdf88b2f58c35d012908,experiment_v1_4/results/p9_training_audit_20260930_01/selected_dictionary_manifest.json,P9,frozen evaluation input
6ab23de4c19ffd756bfcd408b5b3f1fb5e3a067ddc3960050412bedab9930efc,cadddc47f43a44a6118966f2a06cf1c3eb41ff3be5ece8c99e494b061c398b6a,experiment_v1_4/results/p9_training_audit_20260930_01/verification.json,P9,frozen evaluation input
6ab23de4c19ffd756bfcd408b5b3f1fb5e3a067ddc3960050412bedab9930efc,5733cef32de8d2a48808b39aca5bcf7e570b9324106d32d5a7025bd031543554,experiment_v1_4/results/p9_training_audit_20260930_01/verify_return.py,P9,frozen evaluation input
6ab23de4c19ffd756bfcd408b5b3f1fb5e3a067ddc3960050412bedab9930efc,e933879401f5451110760ded33960b1b00b89d1aafad2f0cb2a0a83c20414a9d,interp_v1_4/__init__.py,P9,frozen evaluation input
6ab23de4c19ffd756bfcd408b5b3f1fb5e3a067ddc3960050412bedab9930efc,54d777377a20bd39d22504a569ecaae10bcac671a1ef271e92c29514dcbf063f,interp_v1_4/behavior.py,P9,frozen evaluation input
6ab23de4c19ffd756bfcd408b5b3f1fb5e3a067ddc3960050412bedab9930efc,6e5ea1bf3c79bf5d80ab4f096322e6bd7d2c6e79bcb626c95749139306f35a10,interp_v1_4/cli.py,P9,frozen evaluation input
6ab23de4c19ffd756bfcd408b5b3f1fb5e3a067ddc3960050412bedab9930efc,1e806ee3e382cc3268b1007b3dbbfcaf38793419304733de1f0a3b923ec184f8,interp_v1_4/data.py,P9,frozen evaluation input
6ab23de4c19ffd756bfcd408b5b3f1fb5e3a067ddc3960050412bedab9930efc,8ed9f2998bd0fbcb227eaadcfb80dd627ad001c6d679708527a631ab9051d242,interp_v1_4/dictionary.py,P9,frozen evaluation input
6ab23de4c19ffd756bfcd408b5b3f1fb5e3a067ddc3960050412bedab9930efc,d22c5bd5e9d61e1538562e660596382c0b683b6c8472c6e4f0287ae0cc53cc48,interp_v1_4/frozen_test.py,P9,frozen evaluation input
6ab23de4c19ffd756bfcd408b5b3f1fb5e3a067ddc3960050412bedab9930efc,edd92d64a658aec3123d7534ed8df88dff72b45dcddf8015cad7ab8ee55d902f,interp_v1_4/integration.py,P9,frozen evaluation input
6ab23de4c19ffd756bfcd408b5b3f1fb5e3a067ddc3960050412bedab9930efc,db4c3225238fb913b3d312a52304952af34f2b848823bd99f1af15c79250487d,interp_v1_4/model.py,P9,frozen evaluation input
6ab23de4c19ffd756bfcd408b5b3f1fb5e3a067ddc3960050412bedab9930efc,3de39cf23f2116a3ad69db683e0de8e0db5a332905a66815a4c37b4919b9a51c,interp_v1_4/p5.py,P9,frozen evaluation input
6ab23de4c19ffd756bfcd408b5b3f1fb5e3a067ddc3960050412bedab9930efc,80ea16106ff97812acf777bc9864e29ac274bcb9c252c0601a4785cba085101b,interp_v1_4/p5_probe.py,P9,frozen evaluation input
6ab23de4c19ffd756bfcd408b5b3f1fb5e3a067ddc3960050412bedab9930efc,2a60b2041eaf659889d8161169bed02f438c4c2a6bb1c5f23e2e562338254103,interp_v1_4/p6.py,P9,frozen evaluation input
6ab23de4c19ffd756bfcd408b5b3f1fb5e3a067ddc3960050412bedab9930efc,804c90172fbad22f4c627ea928a22238169a096fd9ea59782ec3c5ba86d0ba4b,interp_v1_4/p6_integration.py,P9,frozen evaluation input
6ab23de4c19ffd756bfcd408b5b3f1fb5e3a067ddc3960050412bedab9930efc,5e2f302447c263ea7957807672929688c1b81336ad19f2430f7c349fe5d6602c,interp_v1_4/p6_smoke.py,P9,frozen evaluation input
6ab23de4c19ffd756bfcd408b5b3f1fb5e3a067ddc3960050412bedab9930efc,9eff4be992d90bef408835e6bf4d74047194d5dca2ddcbc79a8f4df6349932da,interp_v1_4/p7.py,P9,frozen evaluation input
6ab23de4c19ffd756bfcd408b5b3f1fb5e3a067ddc3960050412bedab9930efc,16520dab864f4969d3e3d58f0433f146a100c92ce4429d1db9d985912ad0829e,interp_v1_4/p7_aggregate.py,P9,frozen evaluation input
6ab23de4c19ffd756bfcd408b5b3f1fb5e3a067ddc3960050412bedab9930efc,c6a2facbb20f4bc5f4698a8bf0be4c1377b51e612e00c042c3faa8f33887ad43,interp_v1_4/p7_metrics.py,P9,frozen evaluation input
6ab23de4c19ffd756bfcd408b5b3f1fb5e3a067ddc3960050412bedab9930efc,28e96d46dca6eaa2858c86c87548f31baa8f87c69fe64af16bc8cf037baee0a6,interp_v1_4/p7_patching.py,P9,frozen evaluation input
6ab23de4c19ffd756bfcd408b5b3f1fb5e3a067ddc3960050412bedab9930efc,015c3d90bc2d5ab9fefa0b7ccc61df4239729fbae005bd41844c15df06ed3b65,interp_v1_4/p7_runner.py,P9,frozen evaluation input
6ab23de4c19ffd756bfcd408b5b3f1fb5e3a067ddc3960050412bedab9930efc,fd238dd3020eacc7208a59d4e20388c8feaf0928f46aa0ac3c386afac240b96b,interp_v1_4/p8.py,P9,frozen evaluation input
6ab23de4c19ffd756bfcd408b5b3f1fb5e3a067ddc3960050412bedab9930efc,477538f9307efa9bf9b9147d3f87ef2f76343f3080c936b0e924734c3278831a,interp_v1_4/p8_aggregate.py,P9,frozen evaluation input
6ab23de4c19ffd756bfcd408b5b3f1fb5e3a067ddc3960050412bedab9930efc,1db941c812442a44c52f9fb276f9baf8ba9a89feb5d8b99f2471c60c8e3dadb5,interp_v1_4/p8_causal.py,P9,frozen evaluation input
6ab23de4c19ffd756bfcd408b5b3f1fb5e3a067ddc3960050412bedab9930efc,2e215a43a2732a9d67f2304e9ac24e0f2c8e7204f89c216b864512d5a276b956,interp_v1_4/p8_eval_runner.py,P9,frozen evaluation input
6ab23de4c19ffd756bfcd408b5b3f1fb5e3a067ddc3960050412bedab9930efc,2d8416de0d7eb2ab40c229fa4a96ceb6e09111dc26c7fce097d30adeac393e91,interp_v1_4/p8_evaluation.py,P9,frozen evaluation input
6ab23de4c19ffd756bfcd408b5b3f1fb5e3a067ddc3960050412bedab9930efc,f7f7978fcb97d91b279c53c59736984156d83930b8a711771e7160a6f0c39a34,interp_v1_4/p8_patching.py,P9,frozen evaluation input
6ab23de4c19ffd756bfcd408b5b3f1fb5e3a067ddc3960050412bedab9930efc,71c82a8bad8213380b88d35c1d4f29614e8dcb4cf4dc2561398286e5acc1a36d,interp_v1_4/p8_smoke.py,P9,frozen evaluation input
6ab23de4c19ffd756bfcd408b5b3f1fb5e3a067ddc3960050412bedab9930efc,f6a431246a95941107d8eb633b47b1f20dd6bd17eaf5936f367e9a1d979765de,interp_v1_4/p9.py,P9,frozen evaluation input
6ab23de4c19ffd756bfcd408b5b3f1fb5e3a067ddc3960050412bedab9930efc,edb7505266ebf2d87a41b61e83de3d62697e1ff17fe03d294faaea90b80cece1,interp_v1_4/p9_comparison.py,P9,frozen evaluation input
6ab23de4c19ffd756bfcd408b5b3f1fb5e3a067ddc3960050412bedab9930efc,0eac518c4b67c31dfc2c38893267d0807bb4ad19147e0d0fa2569b019aa0dd27,interp_v1_4/p9_sae_aggregate.py,P9,frozen evaluation input
6ab23de4c19ffd756bfcd408b5b3f1fb5e3a067ddc3960050412bedab9930efc,7ffe91f1b8cd7c6c855d09013aa12c5a5282fdb5fffb3912c07f0cd8b82de251,interp_v1_4/p9_sae_causal.py,P9,frozen evaluation input
6ab23de4c19ffd756bfcd408b5b3f1fb5e3a067ddc3960050412bedab9930efc,e73e0a9f0410b2495a0925e2757868df8011647c32d33759459f21ba8991b32b,interp_v1_4/p9_sae_evaluation.py,P9,frozen evaluation input
6ab23de4c19ffd756bfcd408b5b3f1fb5e3a067ddc3960050412bedab9930efc,63ac2a260ea9a6925cef131991ea809b3ad9dfb56ee15a9e2b0bc9bcf4632f03,interp_v1_4/p9_sae_runner.py,P9,frozen evaluation input
6ab23de4c19ffd756bfcd408b5b3f1fb5e3a067ddc3960050412bedab9930efc,af79f96f2fd819f2bce54989e585ffcc22e2fff3bdc041c656f4c32e9e708441,interp_v1_4/p9_smoke.py,P9,frozen evaluation input
6ab23de4c19ffd756bfcd408b5b3f1fb5e3a067ddc3960050412bedab9930efc,73decdae06ba74af273b613db2ccf03468a68b964af1f494a6c71bc067e0bcb3,interp_v1_4/p9_tc_aggregate.py,P9,frozen evaluation input
6ab23de4c19ffd756bfcd408b5b3f1fb5e3a067ddc3960050412bedab9930efc,8ef11dae706b704f8acfebcfb5127f86ec30600ba5b4175c271172a25f82916b,interp_v1_4/p9_tc_causal.py,P9,frozen evaluation input
6ab23de4c19ffd756bfcd408b5b3f1fb5e3a067ddc3960050412bedab9930efc,40c21444182838a3bc3c1b1aa5ff77cbcba9b868096d23a0a6d9d0c6f728fde6,interp_v1_4/p9_tc_evaluation.py,P9,frozen evaluation input
6ab23de4c19ffd756bfcd408b5b3f1fb5e3a067ddc3960050412bedab9930efc,788095957ec04d96f7757a54aafc9afe0adb628fc5b68d227e7e603278ecf4c3,interp_v1_4/p9_tc_runner.py,P9,frozen evaluation input
6ab23de4c19ffd756bfcd408b5b3f1fb5e3a067ddc3960050412bedab9930efc,ff392ad9864bce95d39eed755efefdedd68dafc37b2bf2e578696e7b8f6429c1,interp_v1_4/patching.py,P9,frozen evaluation input
6ab23de4c19ffd756bfcd408b5b3f1fb5e3a067ddc3960050412bedab9930efc,d625a3d35969a253d3732ff1cac13101be38024b380a174d8cae61c86a645da4,interp_v1_4/persistence.py,P9,frozen evaluation input
6ab23de4c19ffd756bfcd408b5b3f1fb5e3a067ddc3960050412bedab9930efc,e329bd9267a0355fe9a7a747b7ca0eef46b810e4162b18d4d76abcf1c1afde83,interp_v1_4/probe.py,P9,frozen evaluation input
6ab23de4c19ffd756bfcd408b5b3f1fb5e3a067ddc3960050412bedab9930efc,e5a1c784ffa305da292704faebf115c7309e6526174cf1948ea973f182e259c0,interp_v1_4/replication.py,P9,frozen evaluation input
6ab23de4c19ffd756bfcd408b5b3f1fb5e3a067ddc3960050412bedab9930efc,d813c4a60be1b32fc270f0662a21516bbf33a114e6fadd58c5c14af30d82fe0a,interp_v1_4/reporting.py,P9,frozen evaluation input
6ab23de4c19ffd756bfcd408b5b3f1fb5e3a067ddc3960050412bedab9930efc,dfbb680cd63854df9479b24985b3164bfe3f2bf5b42b9fa2d19dcf3489f8efc6,interp_v1_4/runtime.py,P9,frozen evaluation input
6ab23de4c19ffd756bfcd408b5b3f1fb5e3a067ddc3960050412bedab9930efc,c831fc2c1fc260bf13bf0c09acc7319ff0855eacbab6ffeb47fc42add157bb4e,interp_v1_4/smoke.py,P9,frozen evaluation input
6ab23de4c19ffd756bfcd408b5b3f1fb5e3a067ddc3960050412bedab9930efc,b94b4a37cac5b0149317ca891ceb03d3995b25c36914d4481e72007265e6b69c,interp_v1_4/training.py,P9,frozen evaluation input
6ab23de4c19ffd756bfcd408b5b3f1fb5e3a067ddc3960050412bedab9930efc,ea3c024188cdafdba2dbd15ef69e57331b1c2676c32ca25793d8785f0da13c12,scripts/build_v1_4_p9_evaluation.py,P9,frozen evaluation input
6ab23de4c19ffd756bfcd408b5b3f1fb5e3a067ddc3960050412bedab9930efc,1b8443136c835002ada64d9beb9a63a9305bc5edcc3b596753385e0581947f48,scripts/verify_v1_4_p9_sae_evaluation.py,P9,frozen evaluation input
6ab23de4c19ffd756bfcd408b5b3f1fb5e3a067ddc3960050412bedab9930efc,2c52401334a3e9420ab010a0b21b19b0aed7186832373d69a29b908d3ca2a360,scripts/verify_v1_4_p9_tc_evaluation.py,P9,frozen evaluation input
6ab23de4c19ffd756bfcd408b5b3f1fb5e3a067ddc3960050412bedab9930efc,aa355315f2b1df9d890ad0b530ca9755ccee47a1be9a61cc0371d1f35b4523f5,tests_v1_4/test_p9_evaluation_contract.py,P9,frozen evaluation input
6ab23de4c19ffd756bfcd408b5b3f1fb5e3a067ddc3960050412bedab9930efc,1ad3ff09f7ad834da8d5e9f1d97539c8f8beff21341d766da87d574952938ce2,tests_v1_4/test_p9_sae_evaluation.py,P9,frozen evaluation input
6ab23de4c19ffd756bfcd408b5b3f1fb5e3a067ddc3960050412bedab9930efc,9c0d62dabea09c472ac2b367ac1941904e8723c7ff1b5ed88f25fbde5c0282a7,tests_v1_4/test_p9_tc_evaluation.py,P9,frozen evaluation input
,f8655acaddd0a8219139dc52e5e21ca835bf3e2d835c89fdff27a2636c731fa7,01_experiment_design.md,P10,frozen evaluation input
,ada661f972a2aa52b38281e06c20e6cfcf2f7a729dd0fe04d1b5c6ce7c64b98b,02_language_and_corpus.md,P10,frozen evaluation input
,b249117f426dc649e6fd23752b22f566efca0a5cf3f4147edd4309fcc952699a,03_experiment_spec.md,P10,frozen evaluation input
,815194b8b5795ba1238484e20531052c30cbfeecf6e1f13074d3e3f12d356e50,archive/legacy/experiment_v1_2/debug/sequences.json,P10,frozen evaluation input
,ebdd8e28f2d87d6f564bc3b8898f424f38565fe60dac66f46105e77b5371a5da,archive/legacy/interp_v1_2/__init__.py,P10,frozen evaluation input
,0fa52ba2b3561bc81c892ea31a1f8aba19ed74d70a6b59854bb33c9fc2ffeac9,archive/legacy/interp_v1_2/behavior.py,P10,frozen evaluation input
,7cd545ff6f3be34c8e85572f28cbc58668c55f99d50a6dd5dce1111ff3bc01a3,archive/legacy/interp_v1_2/cli.py,P10,frozen evaluation input
,dd21ad13cde95bf3c11d5ca08b6c66e5aead13a31c7150b28ab5d5268adb267c,archive/legacy/interp_v1_2/data.py,P10,frozen evaluation input
,ece4d1beca294b0d3b819af16bba1a98261247fc9036a903ce7bf5bfdbdfd54c,archive/legacy/interp_v1_2/dictionary.py,P10,frozen evaluation input
,061ef32e12219b4daa1294584d2ce674c02ef615426f216cf38734b24a9e7e26,archive/legacy/interp_v1_2/model.py,P10,frozen evaluation input
,190dd3f2b7f846c8bac7422a1b2d03602e6a4cac600599dd8552bdda22206ff5,archive/legacy/interp_v1_2/patching.py,P10,frozen evaluation input
,b4af6ccd7c0c3aa55f5b72085181d6e6f83c8e7cf6d62d6c0b0c23df28955c80,archive/legacy/interp_v1_2/persistence.py,P10,frozen evaluation input
,7b60477d1a4fe00442141f0dce34b4454343be606c8f7d1eba8bc0296830343e,archive/legacy/interp_v1_2/probe.py,P10,frozen evaluation input
,5e2e567e28058a100b09907b427032054a5bc121087247382cad32896470cf9b,archive/legacy/interp_v1_2/runtime.py,P10,frozen evaluation input
,78093f4a019ee499b62392f998d7fd594712cefaa5f8cd158e3bead20ca1e34a,archive/legacy/interp_v1_2/smoke.py,P10,frozen evaluation input
,75f5d340dd0ddb0e268e26a62fbe0c32387a8e872a2f6abbe531abcc2c1abed8,archive/legacy/interp_v1_2/training.py,P10,frozen evaluation input
,8c5214860062d4fa21cfdbd9cb19f5701037b4f4537b057611b7f5076710c9e6,corpus/__init__.py,P10,frozen evaluation input
,7b1fca975636ff107f62739c98d869f5b9461a98be781b2b9648bc8d130eb3e7,corpus/audit.py,P10,frozen evaluation input
,bc5bcfd8938edb5197f54e1328c55c39ef4d2d7056db77d7d571567779651c00,corpus/generate.py,P10,frozen evaluation input
,3f1762ab88a23fd58895371b9862edc7e11ecfbcbbe7acd00a29369a3f130c50,corpus/generate_v1_4_base.py,P10,frozen evaluation input
,4c90c9d1a66f15d6062ac292a24c5c6f47ec65e4a6c1423713e4332ca942312c,corpus/language.py,P10,frozen evaluation input
,4d4861be3ca04b1a0a7212ed3f39aa16d939b4cb31ae40ccf423d07d48f73a01,corpus/replay.py,P10,frozen evaluation input
,75640df81a754a0e0dd7f42768693e2484d724a470493dd96d9e4aba3f49871c,corpus/v1_3.py,P10,frozen evaluation input
,0350dd89d14a18d30af02d880bc839ad379c13e12ca9a5986abbb3bae2e7f01b,corpus/v1_4.py,P10,frozen evaluation input
,5f8ba14160717e0eb5d14387ea5f1115114dea9199ade90cd8f5c4d7239dd311,data/language_v1_4/rebuild_01/interpretation/test.jsonl.gz,P10,frozen evaluation input
,9152f9c543924726ed74b3a1c363c3d8afd6c4210d05abb5ad581841f8f42a42,data/language_v1_4/rebuild_01/interpretation/test.update_positions.json,P10,frozen evaluation input
,8554ec3de0c8f42e7f1d589c99aa94042393712b8266b567c7ff01c6756b598a,data/language_v1_4/rebuild_01/interpretation/train.jsonl.gz,P10,frozen evaluation input
,a177317bfdd437c0fb6b9c61c5e045197c773ae85c51460f397f8b38fab51e3d,data/language_v1_4/rebuild_01/interpretation/train.update_positions.json,P10,frozen evaluation input
,ac8bb4b56fecc77fb303e560a7ebe3f00c8cac08e599ce9c17935d059fbfbaf2,data/language_v1_4/rebuild_01/interpretation/val.jsonl.gz,P10,frozen evaluation input
,40680dab15f1e673ab09cc4d2c03ebe5bf5e92dd0c25eb4123a01306d6de6978,data/language_v1_4/rebuild_01/interpretation/val.update_positions.json,P10,frozen evaluation input
,9258ef6dbd0af0ca1893836bde8226000c06c52e5f98f9bfa6e0b312b566df97,data/language_v1_4/rebuild_01/manifest.json,P10,frozen evaluation input
,76d86f1a83bde7f8f6389684cd2a3913c923e21ccfbe42e40d3255385a9982b1,experiment_v1_4/frozen_test_r1/checkpoints/seed0.pt,P10,frozen evaluation input
,bb505254dfde1587e2497238448fd2117f7b1a2292a84497db8fdfb81127e555,experiment_v1_4/frozen_test_r1/checkpoints/seed1.pt,P10,frozen evaluation input
,f9f496b5b5d55bed9f0efc1f3694f91486a1cae97c14af6091f8fe91ec235ec4,experiment_v1_4/frozen_test_r1/checkpoints/seed2.pt,P10,frozen evaluation input
,37b041021e5be8082f435ff41e1e9f6696416e94170137e3b9ad29104ce24ec6,experiment_v1_4/p10_update_r1/contract.json,P10,frozen evaluation input
,816f1fca5523d361dd0025ce7d014b5e560dd582f83f7b1762d67d59c8b1eee8,experiment_v1_4/p10_update_r1/evaluation_rules.json,P10,frozen evaluation input
,589fef5ab8a9d82d45e444b7f38438ba8b809e5ef81d91630aead171d4cb834f,experiment_v1_4/p5_r2/checkpoints/init_seed0.pt,P10,frozen evaluation input
,e35aa09da5d2e0bf0b78049e2ee7b2aa66d5fae6ce4f1b926465ac328b426e04,experiment_v1_4/p5_r2/checkpoints/init_seed1.pt,P10,frozen evaluation input
,0c377a78ec41c281bf9b0a200a42d4df0fce204762e6c09ce1056de2b0d187a6,experiment_v1_4/p5_r2/checkpoints/init_seed2.pt,P10,frozen evaluation input
,8490365f3dc46ef1d10a899cfac3cd844c18616c6f20bb8a3b0b93e78563fd83,experiment_v1_4/p5_r2/contract.json,P10,frozen evaluation input
,1c9a505f793232deb8340256ecb784c50f0338ea895942ca6bc0caaf4f1940ff,experiment_v1_4/results/frozen_test_audit_20260922_01/frozen_lms.json,P10,frozen evaluation input
,484d405c1f6d468b1c5120836ef5f3d7ec4da34da8432aea6182d6bedafe406f,experiment_v1_4/results/p10_training_audit_20261003_01/completion.json,P10,frozen evaluation input
,69489486e235bc82a7c3f76378002d1a925fdcb5cc531b50b9060b44e2bb6c7b,experiment_v1_4/results/p10_training_audit_20261003_01/returned_metadata/statistics/seed0_l3_h.json,P10,frozen evaluation input
,a1ff93f76b8b172421df07e68cd7a6269e8c724eb31080042b705e7e92422101,experiment_v1_4/results/p10_training_audit_20261003_01/returned_metadata/statistics/seed0_l3_m.json,P10,frozen evaluation input
,5b6e07f2e7675a87ca06a4d272110819cf783cf17a4e4616c3bcc3a2bd1b337a,experiment_v1_4/results/p10_training_audit_20261003_01/returned_metadata/statistics/seed0_l3_u.json,P10,frozen evaluation input
,4b17d9358d468e341fa26cefa216627f5bc51613502191c2444d24d14c136263,experiment_v1_4/results/p10_training_audit_20261003_01/returned_metadata/statistics/seed1_l3_h.json,P10,frozen evaluation input
,923fb093e4ab8efc7daf58572444f14545bb447f4ecfb916b4f7b9430151eabd,experiment_v1_4/results/p10_training_audit_20261003_01/returned_metadata/statistics/seed1_l3_m.json,P10,frozen evaluation input
,11d1b614535761612e7ac73640026aca9188896d0d77e938f246a1c745866f8c,experiment_v1_4/results/p10_training_audit_20261003_01/returned_metadata/statistics/seed1_l3_u.json,P10,frozen evaluation input
,1ce94e642f31be7f70cd8fb11123cd7d7303d812d4d02ca332deb3d31257040c,experiment_v1_4/results/p10_training_audit_20261003_01/returned_metadata/statistics/seed2_l3_h.json,P10,frozen evaluation input
,d4a61618c2e18f66be2fa48a98475362657be0e6abf1968f6c9364bbd05e81a5,experiment_v1_4/results/p10_training_audit_20261003_01/returned_metadata/statistics/seed2_l3_m.json,P10,frozen evaluation input
,d04a37c994708b79c2dc984b37d8016fcb466fc595ebe45f2a7fcc1f2f6b3885,experiment_v1_4/results/p10_training_audit_20261003_01/returned_metadata/statistics/seed2_l3_u.json,P10,frozen evaluation input
,73def479ef432eeef600c18f1f0252813d31d6e3881aa91c69c3fa4d90e9d36c,experiment_v1_4/results/p10_training_audit_20261003_01/selected/seed0_l3_update_sae_k16_s0/selected.pt,P10,frozen evaluation input
,3f30bba39b3eb02f658b20e459fb298bd589cd2ba59701c08923fe442f08717e,experiment_v1_4/results/p10_training_audit_20261003_01/selected/seed0_l3_update_sae_k4_s0/selected.pt,P10,frozen evaluation input
,a6a63540c0d4540bba49d7e6926942d461de6327c005ad7f9c642b2073dbc595,experiment_v1_4/results/p10_training_audit_20261003_01/selected/seed0_l3_update_transcoder_k16_s0/selected.pt,P10,frozen evaluation input
,705fcbfa1fd5e2184c1ba20ef90c9606b818fd01ad284f24b95ce729f519c273,experiment_v1_4/results/p10_training_audit_20261003_01/selected/seed0_l3_update_transcoder_k4_s0/selected.pt,P10,frozen evaluation input
,43f44e9d0c8ba6a27ea6873abaeb094a2122ac773e65875f81c76562958e0d5b,experiment_v1_4/results/p10_training_audit_20261003_01/selected/seed1_l3_update_sae_k16_s0/selected.pt,P10,frozen evaluation input
,34bda3c0ac98fdb1c62d42c372e99d9eb52bf77a9870970808283308a336a6a3,experiment_v1_4/results/p10_training_audit_20261003_01/selected/seed1_l3_update_sae_k4_s0/selected.pt,P10,frozen evaluation input
,5822c4b554d6770bd35932611f07a1a567246b14aa0e53cce2f01645e5804499,experiment_v1_4/results/p10_training_audit_20261003_01/selected/seed1_l3_update_transcoder_k16_s0/selected.pt,P10,frozen evaluation input
,1608ae23da4037ffc66aa975f697144810282a6115adcd10c5444a6791d20a30,experiment_v1_4/results/p10_training_audit_20261003_01/selected/seed1_l3_update_transcoder_k4_s0/selected.pt,P10,frozen evaluation input
,8b075606947100a72d5908c7933b0813a809f891e5eb11f36a0e0e23cd6af346,experiment_v1_4/results/p10_training_audit_20261003_01/selected/seed2_l3_update_sae_k16_s0/selected.pt,P10,frozen evaluation input
,efd2b59daec9a86a1df53452260880525c34437bbf36f2f29c93c23038df8ff6,experiment_v1_4/results/p10_training_audit_20261003_01/selected/seed2_l3_update_sae_k4_s0/selected.pt,P10,frozen evaluation input
,6d1a3139d277abbc76d7cba03a44b4ecc12d4a2e78a1433ccc4129f98fc85595,experiment_v1_4/results/p10_training_audit_20261003_01/selected/seed2_l3_update_transcoder_k16_s0/selected.pt,P10,frozen evaluation input
,e4aba2f273b52b2543f37405ec9d4d93355b3cf443530fa1f64ad2d0c823a8c5,experiment_v1_4/results/p10_training_audit_20261003_01/selected/seed2_l3_update_transcoder_k4_s0/selected.pt,P10,frozen evaluation input
,5af4e62db36b0abdc0439b5c7ebae89725b8f32147e85d70b45d2257724d8260,experiment_v1_4/results/p10_training_audit_20261003_01/selected_dictionary_manifest.json,P10,frozen evaluation input
,1ce1385d845e9889d2e6d1da2313deb0d17e86bbfdd18063ef69f78945daea70,experiment_v1_4/results/p9_final_audit_20261002_01/completion.json,P10,frozen evaluation input
,e933879401f5451110760ded33960b1b00b89d1aafad2f0cb2a0a83c20414a9d,interp_v1_4/__init__.py,P10,frozen evaluation input
,54d777377a20bd39d22504a569ecaae10bcac671a1ef271e92c29514dcbf063f,interp_v1_4/behavior.py,P10,frozen evaluation input
,6e5ea1bf3c79bf5d80ab4f096322e6bd7d2c6e79bcb626c95749139306f35a10,interp_v1_4/cli.py,P10,frozen evaluation input
,1e806ee3e382cc3268b1007b3dbbfcaf38793419304733de1f0a3b923ec184f8,interp_v1_4/data.py,P10,frozen evaluation input
,8ed9f2998bd0fbcb227eaadcfb80dd627ad001c6d679708527a631ab9051d242,interp_v1_4/dictionary.py,P10,frozen evaluation input
,d22c5bd5e9d61e1538562e660596382c0b683b6c8472c6e4f0287ae0cc53cc48,interp_v1_4/frozen_test.py,P10,frozen evaluation input
,edd92d64a658aec3123d7534ed8df88dff72b45dcddf8015cad7ab8ee55d902f,interp_v1_4/integration.py,P10,frozen evaluation input
,db4c3225238fb913b3d312a52304952af34f2b848823bd99f1af15c79250487d,interp_v1_4/model.py,P10,frozen evaluation input
,f4c5a8785cb4f43b46b618974535338e7103c9165800ad1a4b6b44da1ae78155,interp_v1_4/p10.py,P10,frozen evaluation input
,9ae99b5753a0cb614e2541bf66f3ea65c1a9de36ab618be41ee99e3a19cf2da6,interp_v1_4/p10_evaluation.py,P10,frozen evaluation input
,0e2a1ba532a52e032bc398e1df82459cfb6c0445f6c876e326fd231570f62a02,interp_v1_4/p10_smoke.py,P10,frozen evaluation input
,3de39cf23f2116a3ad69db683e0de8e0db5a332905a66815a4c37b4919b9a51c,interp_v1_4/p5.py,P10,frozen evaluation input
,80ea16106ff97812acf777bc9864e29ac274bcb9c252c0601a4785cba085101b,interp_v1_4/p5_probe.py,P10,frozen evaluation input
,2a60b2041eaf659889d8161169bed02f438c4c2a6bb1c5f23e2e562338254103,interp_v1_4/p6.py,P10,frozen evaluation input
,804c90172fbad22f4c627ea928a22238169a096fd9ea59782ec3c5ba86d0ba4b,interp_v1_4/p6_integration.py,P10,frozen evaluation input
,5e2f302447c263ea7957807672929688c1b81336ad19f2430f7c349fe5d6602c,interp_v1_4/p6_smoke.py,P10,frozen evaluation input
,9eff4be992d90bef408835e6bf4d74047194d5dca2ddcbc79a8f4df6349932da,interp_v1_4/p7.py,P10,frozen evaluation input
,16520dab864f4969d3e3d58f0433f146a100c92ce4429d1db9d985912ad0829e,interp_v1_4/p7_aggregate.py,P10,frozen evaluation input
,c6a2facbb20f4bc5f4698a8bf0be4c1377b51e612e00c042c3faa8f33887ad43,interp_v1_4/p7_metrics.py,P10,frozen evaluation input
,28e96d46dca6eaa2858c86c87548f31baa8f87c69fe64af16bc8cf037baee0a6,interp_v1_4/p7_patching.py,P10,frozen evaluation input
,015c3d90bc2d5ab9fefa0b7ccc61df4239729fbae005bd41844c15df06ed3b65,interp_v1_4/p7_runner.py,P10,frozen evaluation input
,fd238dd3020eacc7208a59d4e20388c8feaf0928f46aa0ac3c386afac240b96b,interp_v1_4/p8.py,P10,frozen evaluation input
,477538f9307efa9bf9b9147d3f87ef2f76343f3080c936b0e924734c3278831a,interp_v1_4/p8_aggregate.py,P10,frozen evaluation input
,1db941c812442a44c52f9fb276f9baf8ba9a89feb5d8b99f2471c60c8e3dadb5,interp_v1_4/p8_causal.py,P10,frozen evaluation input
,2e215a43a2732a9d67f2304e9ac24e0f2c8e7204f89c216b864512d5a276b956,interp_v1_4/p8_eval_runner.py,P10,frozen evaluation input
,2d8416de0d7eb2ab40c229fa4a96ceb6e09111dc26c7fce097d30adeac393e91,interp_v1_4/p8_evaluation.py,P10,frozen evaluation input
,f7f7978fcb97d91b279c53c59736984156d83930b8a711771e7160a6f0c39a34,interp_v1_4/p8_patching.py,P10,frozen evaluation input
,71c82a8bad8213380b88d35c1d4f29614e8dcb4cf4dc2561398286e5acc1a36d,interp_v1_4/p8_smoke.py,P10,frozen evaluation input
,f6a431246a95941107d8eb633b47b1f20dd6bd17eaf5936f367e9a1d979765de,interp_v1_4/p9.py,P10,frozen evaluation input
,edb7505266ebf2d87a41b61e83de3d62697e1ff17fe03d294faaea90b80cece1,interp_v1_4/p9_comparison.py,P10,frozen evaluation input
,0eac518c4b67c31dfc2c38893267d0807bb4ad19147e0d0fa2569b019aa0dd27,interp_v1_4/p9_sae_aggregate.py,P10,frozen evaluation input
,7ffe91f1b8cd7c6c855d09013aa12c5a5282fdb5fffb3912c07f0cd8b82de251,interp_v1_4/p9_sae_causal.py,P10,frozen evaluation input
,e73e0a9f0410b2495a0925e2757868df8011647c32d33759459f21ba8991b32b,interp_v1_4/p9_sae_evaluation.py,P10,frozen evaluation input
,63ac2a260ea9a6925cef131991ea809b3ad9dfb56ee15a9e2b0bc9bcf4632f03,interp_v1_4/p9_sae_runner.py,P10,frozen evaluation input
,af79f96f2fd819f2bce54989e585ffcc22e2fff3bdc041c656f4c32e9e708441,interp_v1_4/p9_smoke.py,P10,frozen evaluation input
,73decdae06ba74af273b613db2ccf03468a68b964af1f494a6c71bc067e0bcb3,interp_v1_4/p9_tc_aggregate.py,P10,frozen evaluation input
,8ef11dae706b704f8acfebcfb5127f86ec30600ba5b4175c271172a25f82916b,interp_v1_4/p9_tc_causal.py,P10,frozen evaluation input
,40c21444182838a3bc3c1b1aa5ff77cbcba9b868096d23a0a6d9d0c6f728fde6,interp_v1_4/p9_tc_evaluation.py,P10,frozen evaluation input
,788095957ec04d96f7757a54aafc9afe0adb628fc5b68d227e7e603278ecf4c3,interp_v1_4/p9_tc_runner.py,P10,frozen evaluation input
,ff392ad9864bce95d39eed755efefdedd68dafc37b2bf2e578696e7b8f6429c1,interp_v1_4/patching.py,P10,frozen evaluation input
,d625a3d35969a253d3732ff1cac13101be38024b380a174d8cae61c86a645da4,interp_v1_4/persistence.py,P10,frozen evaluation input
,e329bd9267a0355fe9a7a747b7ca0eef46b810e4162b18d4d76abcf1c1afde83,interp_v1_4/probe.py,P10,frozen evaluation input
,e5a1c784ffa305da292704faebf115c7309e6526174cf1948ea973f182e259c0,interp_v1_4/replication.py,P10,frozen evaluation input
,d813c4a60be1b32fc270f0662a21516bbf33a114e6fadd58c5c14af30d82fe0a,interp_v1_4/reporting.py,P10,frozen evaluation input
,dfbb680cd63854df9479b24985b3164bfe3f2bf5b42b9fa2d19dcf3489f8efc6,interp_v1_4/runtime.py,P10,frozen evaluation input
,c831fc2c1fc260bf13bf0c09acc7319ff0855eacbab6ffeb47fc42add157bb4e,interp_v1_4/smoke.py,P10,frozen evaluation input
,b94b4a37cac5b0149317ca891ceb03d3995b25c36914d4481e72007265e6b69c,interp_v1_4/training.py,P10,frozen evaluation input
,58ed405ea4e6198e48fa224a2fe12205962a67dbe8b2472524aa714eb7b48e5f,scripts/audit_v1_4_p10_training_return.py,P10,frozen evaluation input
,21e5a58b380a7b3d144900002803962125bad77bea1b436cc5e6608446a080a6,scripts/build_v1_4_p10.py,P10,frozen evaluation input
,c825e0895be302c1a36fe2ddd365847fe45f640b93a19267eed93fe3a665622f,scripts/build_v1_4_p10_evaluation.py,P10,frozen evaluation input
,e0f591c4555281ef1e0658ae53529d5a2dba79cf33ac6975a3da59b97406b7b8,scripts/verify_v1_4_p10_training.py,P10,frozen evaluation input
,bac4de0cfe83a58547ce22726c38e6146ee167bc2a440ad289b85119c692201c,tests_v1_4/test_p10.py,P10,frozen evaluation input
,11bbf3b19731bcef0b63f8459b12c736b1b5183835211601cd18179ee0c22064,tests_v1_4/test_p10_evaluation.py,P10,frozen evaluation input
